"depmapId","cellLineDisplayName","lineage","primaryDisease","level0","level1","level2","level3","level4","level5","crispr","rnai","wgs","wes","rna_seq","prismOncRefSeq","prismOncRefLum","prismRepurposing"
"ACH-000719","RMGI","Ovary/Fallopian Tube","Ovarian Epithelial Tumor","OVARY","OVT","CCOV","","","","True","True","True","True","True","Undefined","Undefined","True"
"ACH-000819","LN18","CNS/Brain","Adult-Type Diffuse Glioma","BRAIN","DIFG","ADIFG","GB","","","True","True","True","True","True","Undefined","Undefined","True"
"ACH-000139","PANC0327","Pancreas","Pancreatic Adenocarcinoma","PANCREAS","PAAD","","","","","True","True","True","True","True","Undefined","Undefined","True"
"ACH-000950","LOVO","Bowel","Colorectal Adenocarcinoma","BOWEL","COADREAD","COAD","","","","True","True","True","True","True","Undefined","Undefined","True"
"ACH-000227","KPNYN","Peripheral Nervous System","Neuroblastoma","PNS","NBL","","","","","True","True","True","True","True","Undefined","Undefined","True"
"ACH-000244","DKMG","CNS/Brain","Adult-Type Diffuse Glioma","BRAIN","DIFG","ADIFG","GB","","","True","True","True","True","True","Undefined","Undefined","True"
"ACH-000264","CALU6","Lung","Non-Small Cell Lung Cancer","LUNG","NSCLC","LUAD","","","","True","True","True","True","True","Undefined","Undefined","True"
"ACH-000219","A375","Skin","Melanoma","SKIN","MEL","","","","","True","True","True","True","True","Undefined","Undefined","True"
"ACH-000699","HCC1395","Breast","Invasive Breast Carcinoma","BREAST","BRCA","IDC","","","","True","True","True","True","True","Undefined","Undefined","True"
"ACH-000749","DMS273","Lung","Lung Neuroendocrine Tumor","LUNG","LNET","SCLC","","","","True","True","True","True","True","Undefined","Undefined","True"
"ACH-000827","WM793","Skin","Melanoma","SKIN","MEL","","","","","True","True","True","True","True","Undefined","Undefined","True"
"ACH-000324","JHOC5","Ovary/Fallopian Tube","Ovarian Epithelial Tumor","OVARY","OVT","CCOV","","","","True","True","True","True","True","Undefined","Undefined","True"
"ACH-000532","SNU61","Bowel","Colorectal Adenocarcinoma","BOWEL","COADREAD","READ","","","","True","True","True","True","True","Undefined","Undefined","True"
"ACH-000977","LNCAPCLONEFGC","Prostate","Prostate Adenocarcinoma","PROSTATE","PRAD","","","","","True","True","True","True","True","Undefined","Undefined","True"
"ACH-000630","YD8","Head and Neck","Head and Neck Squamous Cell Carcinoma","HEAD_NECK","HNSC","OCSC","","","","True","True","True","True","True","Undefined","Undefined","True"
"ACH-000701","RMUGS","Ovary/Fallopian Tube","Ovarian Epithelial Tumor","OVARY","OVT","MOV","","","","True","True","True","True","True","Undefined","Undefined","True"
"ACH-000666","NCIH1355","Lung","Non-Small Cell Lung Cancer","LUNG","NSCLC","LUAD","","","","True","True","True","True","True","Undefined","Undefined","True"
"ACH-000769","LK2","Lung","Non-Small Cell Lung Cancer","LUNG","NSCLC","LUSC","","","","True","True","True","True","True","Undefined","Undefined","True"
"ACH-000533","NCIH2004RT","Kidney","Rhabdoid Cancer","KIDNEY","MRT","","","","","True","True","True","True","True","Undefined","Undefined","True"
"ACH-000411","769P","Kidney","Renal Cell Carcinoma","KIDNEY","RCC","CCRCC","","","","True","True","True","True","True","Undefined","Undefined","True"
"ACH-000365","SUDHL4","Lymphoid","Mature B-Cell Neoplasms","LYMPH","LNM","NHL","MBN","DLBCLNOS","","True","True","True","True","True","Undefined","Undefined","True"
"ACH-000900","NCIH23","Lung","Non-Small Cell Lung Cancer","LUNG","NSCLC","LUAD","","","","True","True","True","True","True","Undefined","Undefined","True"
"ACH-000684","KMRC1","Kidney","Renal Cell Carcinoma","KIDNEY","RCC","CCRCC","","","","True","True","True","True","True","Undefined","Undefined","True"
"ACH-000012","HCC827","Lung","Non-Small Cell Lung Cancer","LUNG","NSCLC","LUAD","","","","True","True","True","True","True","Undefined","Undefined","True"
"ACH-000155","SW1990","Pancreas","Pancreatic Adenocarcinoma","PANCREAS","PAAD","","","","","True","True","True","True","True","Undefined","Undefined","True"
"ACH-000258","DU4475","Breast","Invasive Breast Carcinoma","BREAST","BRCA","","","","","True","True","True","True","True","Undefined","Undefined","True"
"ACH-000627","LCLC103H","Lung","Non-Small Cell Lung Cancer","LUNG","NSCLC","LCLC","","","","True","True","True","True","True","Undefined","Undefined","True"
"ACH-000207","DETROIT562","Head and Neck","Head and Neck Squamous Cell Carcinoma","HEAD_NECK","HNSC","OPHSC","","","","True","True","True","True","True","Undefined","Undefined","True"
"ACH-000188","SCC25","Head and Neck","Head and Neck Squamous Cell Carcinoma","HEAD_NECK","HNSC","OCSC","","","","True","True","True","True","True","Undefined","Undefined","True"
"ACH-000676","LN464","Skin","Melanoma","SKIN","MEL","","","","","True","True","True","True","True","Undefined","Undefined","True"
"ACH-000551","K562","Myeloid","Myeloproliferative Neoplasms","MYELOID","MNM","MPN","CML","CMLBCRABL1","","True","True","True","True","True","Undefined","Undefined","True"
"ACH-000781","NCIH2023","Lung","Non-Small Cell Lung Cancer","LUNG","NSCLC","LUAD","","","","True","True","True","True","True","Undefined","Undefined","True"
"ACH-000593","BC3C","Bladder/Urinary Tract","Bladder Urothelial Carcinoma","BLADDER","BLCA","","","","","True","True","True","True","True","Undefined","Undefined","True"
"ACH-000001","NIHOVCAR3","Ovary/Fallopian Tube","Ovarian Epithelial Tumor","OVARY","OVT","SOC","HGSOC","","","True","True","True","True","True","Undefined","Undefined","True"
"ACH-000488","TE11","Esophagus/Stomach","Esophageal Squamous Cell Carcinoma","STOMACH","ESCC","","","","","True","True","True","True","True","Undefined","Undefined","True"
"ACH-000210","CADOES1","Bone","Ewing Sarcoma","BONE","ES","ES:EWSR1-ERG","","","","True","True","True","True","True","Undefined","Undefined","True"
"ACH-000030","PC14","Lung","Non-Small Cell Lung Cancer","LUNG","NSCLC","LUAD","","","","True","True","True","True","True","Undefined","Undefined","True"
"ACH-001656","SKNO1","Myeloid","Acute Myeloid Leukemia","MYELOID","MNM","AML","","","","True","True","True","True","True","Undefined","Undefined","True"
"ACH-000054","HT1080","Soft Tissue","Fibrosarcoma","SOFT_TISSUE","FIBS","","","","","True","True","True","True","True","Undefined","Undefined","True"
"ACH-000466","SNU216","Esophagus/Stomach","Esophagogastric Adenocarcinoma","STOMACH","EGC","STAD","TSTAD","","","True","True","True","True","True","Undefined","Undefined","True"
"ACH-000888","NCIH1793","Lung","Non-Small Cell Lung Cancer","LUNG","NSCLC","LUAD","","","","True","True","True","True","True","Undefined","Undefined","True"
"ACH-000607","KYM1","Kidney","Rhabdoid Cancer","KIDNEY","MRT","","","","","True","True","True","True","True","Undefined","Undefined","True"
"ACH-000035","NCIH1650","Lung","Non-Small Cell Lung Cancer","LUNG","NSCLC","","","","","True","True","True","True","True","Undefined","Undefined","True"
"ACH-000662","CORL23","Lung","Non-Small Cell Lung Cancer","LUNG","NSCLC","LCLC","","","","True","True","True","True","True","Undefined","Undefined","True"
"ACH-000657","A2780","Ovary/Fallopian Tube","Ovarian Epithelial Tumor","OVARY","OVT","EOV","","","","True","True","True","True","True","Undefined","Undefined","True"
"ACH-000855","KYSE150","Esophagus/Stomach","Esophageal Squamous Cell Carcinoma","STOMACH","ESCC","","","","","True","True","True","True","True","Undefined","Undefined","True"
"ACH-000740","A253","Head and Neck","Head and Neck Squamous Cell Carcinoma","HEAD_NECK","HNSC","OCSC","","","","True","True","True","True","True","Undefined","Undefined","True"
"ACH-000978","EN","Uterus","Endometrial Carcinoma","UTERUS","UCEC","","","","","True","True","True","True","True","Undefined","Undefined","True"
"ACH-000595","LN229","CNS/Brain","Adult-Type Diffuse Glioma","BRAIN","DIFG","ADIFG","GB","","","True","True","True","True","True","Undefined","Undefined","True"
"ACH-000042","PANC0203","Pancreas","Pancreatic Adenocarcinoma","PANCREAS","PAAD","","","","","True","True","True","True","True","Undefined","Undefined","True"
"ACH-000433","CAKI1","Kidney","Renal Cell Carcinoma","KIDNEY","RCC","CCRCC","","","","True","True","True","True","True","Undefined","Undefined","True"
"ACH-000922","RCHACV","Lymphoid","B-Cell Acute Lymphoblastic Leukemia","LYMPH","LNM","BALL","BALL:TCF3-PBX1","","","True","True","True","True","True","Undefined","Undefined","True"
"ACH-000473","RT112","Bladder/Urinary Tract","Bladder Urothelial Carcinoma","BLADDER","BLCA","","","","","True","True","True","True","True","Undefined","Undefined","True"
"ACH-000833","RH30","Soft Tissue","Rhabdomyosarcoma","SOFT_TISSUE","RMS","ARMS","ARMS:PAX-FOXO1","","","True","True","True","True","True","Undefined","Undefined","True"
"ACH-000537","SNU761","Liver","Hepatocellular Carcinoma","LIVER","HCC","","","","","True","True","True","True","True","Undefined","Undefined","True"
"ACH-000872","HCC515","Lung","Non-Small Cell Lung Cancer","LUNG","NSCLC","LUAD","","","","True","True","True","True","True","Undefined","Undefined","True"
"ACH-000959","SNUC4","Bowel","Colorectal Adenocarcinoma","BOWEL","COADREAD","COAD","","","","True","True","True","True","True","Undefined","Undefined","True"
"ACH-000005","HEL9217","Myeloid","Acute Myeloid Leukemia","MYELOID","MNM","AML","","","","True","True","True","True","True","Undefined","Undefined","True"
"ACH-000222","ASPC1","Pancreas","Pancreatic Adenocarcinoma","PANCREAS","PAAD","","","","","True","True","True","True","True","Undefined","Undefined","True"
"ACH-000092","NCIH2452","Pleura","Pleural Mesothelioma","PLEURA","PLMESO","PLBMESO","","","","True","True","True","True","True","Undefined","Undefined","True"
"ACH-000437","SW1088","CNS/Brain","Adult-Type Diffuse Glioma","BRAIN","DIFG","ADIFG","ASTR","","","True","True","True","True","True","Undefined","Undefined","True"
"ACH-000986","HT115","Bowel","Colorectal Adenocarcinoma","BOWEL","COADREAD","COAD","","","","True","True","True","True","True","Undefined","Undefined","True"
"ACH-000463","NCIH460","Lung","Non-Small Cell Lung Cancer","LUNG","NSCLC","LCLC","","","","True","True","True","True","True","Undefined","Undefined","True"
"ACH-001001","143B","Bone","Osteosarcoma","BONE","OS","","","","","True","True","True","True","True","Undefined","Undefined","True"
"ACH-000114","SU8686","Pancreas","Pancreatic Adenocarcinoma","PANCREAS","PAAD","","","","","True","True","True","True","True","Undefined","Undefined","True"
"ACH-000278","COV362","Ovary/Fallopian Tube","Ovarian Epithelial Tumor","OVARY","OVT","SOC","HGSOC","","","True","True","True","True","True","Undefined","Undefined","True"
"ACH-000735","PECAPJ49","Head and Neck","Head and Neck Squamous Cell Carcinoma","HEAD_NECK","HNSC","OCSC","","","","True","True","True","True","True","Undefined","Undefined","True"
"ACH-000160","BT12","CNS/Brain","Embryonal Tumor","BRAIN","EMBT","ATRT","","","","True","True","True","True","True","Undefined","Undefined","True"
"ACH-000183","L363","Lymphoid","Mature B-Cell Neoplasms","LYMPH","LNM","NHL","MBN","PCM","","True","True","True","True","True","Undefined","Undefined","True"
"ACH-000237","JHOM1","Ovary/Fallopian Tube","Ovarian Epithelial Tumor","OVARY","OVT","MOV","","","","True","True","True","True","True","Undefined","Undefined","True"
"ACH-000785","NCIH2126","Lung","Non-Small Cell Lung Cancer","LUNG","NSCLC","LUAD","","","","True","True","True","True","True","Undefined","Undefined","True"
"ACH-000364","U2OS","Bone","Osteosarcoma","BONE","OS","","","","","True","True","True","True","True","Undefined","Undefined","True"
"ACH-000768","MDAMB231","Breast","Invasive Breast Carcinoma","BREAST","BRCA","","","","","True","True","True","True","True","Undefined","Undefined","True"
"ACH-000587","NCIH1975","Lung","Non-Small Cell Lung Cancer","LUNG","NSCLC","LUAD","","","","True","True","True","True","True","Undefined","Undefined","True"
"ACH-000330","EFM19","Breast","Invasive Breast Carcinoma","BREAST","BRCA","IDC","","","","True","True","True","True","True","Undefined","Undefined","True"
"ACH-000039","SKNMC","Bone","Ewing Sarcoma","BONE","ES","ES:EWSR1-FLI1","","","","True","True","True","True","True","Undefined","Undefined","True"
"ACH-000793","KATOIII","Esophagus/Stomach","Esophagogastric Adenocarcinoma","STOMACH","EGC","USTAD","SSRCC","","","True","True","True","True","True","Undefined","Undefined","True"
"ACH-000168","NOMO1","Myeloid","Acute Myeloid Leukemia","MYELOID","MNM","AML","AMLNOS","AMOL","","True","True","True","True","True","Undefined","Undefined","True"
"ACH-000956","22RV1","Prostate","Prostate Adenocarcinoma","PROSTATE","PRAD","","","","","True","True","True","True","True","Undefined","Undefined","True"
"ACH-000093","PANC0504","Pancreas","Pancreatic Adenocarcinoma","PANCREAS","PAAD","","","","","True","True","True","True","True","Undefined","Undefined","True"
"ACH-000471","LI7","Liver","Hepatocellular Carcinoma","LIVER","HCC","","","","","True","True","True","True","True","Undefined","Undefined","True"
"ACH-000097","ZR751","Breast","Invasive Breast Carcinoma","BREAST","BRCA","IDC","","","","True","True","True","True","True","Undefined","Undefined","True"
"ACH-000172","TM87","Soft Tissue","Rhabdoid Cancer","SOFT_TISSUE","ERT","","","","","True","True","True","True","True","Undefined","Undefined","True"
"ACH-000087","SKES1","Bone","Ewing Sarcoma","BONE","ES","ES:EWSR1-FLI1","","","","True","True","True","True","True","Undefined","Undefined","True"
"ACH-000281","KP2","Pancreas","Pancreatic Adenocarcinoma","PANCREAS","PAAD","","","","","True","True","True","True","True","Undefined","Undefined","True"
"ACH-000383","OE33","Esophagus/Stomach","Esophagogastric Adenocarcinoma","STOMACH","EGC","ESCA","","","","True","True","True","True","True","Undefined","Undefined","True"
"ACH-000040","U118MG","CNS/Brain","Adult-Type Diffuse Glioma","BRAIN","DIFG","ADIFG","ASTR","","","True","True","True","True","True","Undefined","Undefined","True"
"ACH-000350","COLO678","Bowel","Colorectal Adenocarcinoma","BOWEL","COADREAD","COAD","","","","True","True","True","True","True","Undefined","Undefined","True"
"ACH-000845","NCIH1373","Lung","Non-Small Cell Lung Cancer","LUNG","NSCLC","LUAD","","","","True","True","True","True","True","Undefined","Undefined","True"
"ACH-000410","SAOS2","Bone","Osteosarcoma","BONE","OS","","","","","True","True","True","True","True","Undefined","Undefined","True"
"ACH-000493","SNU423","Liver","Hepatocellular Carcinoma","LIVER","HCC","","","","","True","True","True","True","True","Undefined","Undefined","True"
"ACH-000547","HT1197","Bladder/Urinary Tract","Bladder Urothelial Carcinoma","BLADDER","BLCA","","","","","True","True","True","True","True","Undefined","Undefined","True"
"ACH-000721","HMC18","Breast","Invasive Breast Carcinoma","BREAST","BRCA","IDC","","","","True","True","True","True","True","Undefined","Undefined","True"
"ACH-000979","DU145","Prostate","Prostate Adenocarcinoma","PROSTATE","PRAD","","","","","True","True","True","True","True","Undefined","Undefined","True"
"ACH-000424","TC71","Bone","Ewing Sarcoma","BONE","ES","ES:EWSR1-FLI1","","","","True","True","True","True","True","Undefined","Undefined","True"
"ACH-000348","RPMI7951","Skin","Melanoma","SKIN","MEL","","","","","True","True","True","True","True","Undefined","Undefined","True"
"ACH-000223","HCC1937","Breast","Invasive Breast Carcinoma","BREAST","BRCA","IDC","","","","True","True","True","True","True","Undefined","Undefined","True"
"ACH-001211","TTC549","Soft Tissue","Rhabdoid Cancer","SOFT_TISSUE","ERT","","","","","True","True","True","True","True","Undefined","Undefined","True"
"ACH-000352","HCC1428","Breast","Invasive Breast Carcinoma","BREAST","BRCA","","","","","True","True","True","True","True","Undefined","Undefined","True"
"ACH-000579","UACC257","Skin","Melanoma","SKIN","MEL","","","","","True","True","True","True","True","Undefined","Undefined","True"
"ACH-000232","U251MG","CNS/Brain","Adult-Type Diffuse Glioma","BRAIN","DIFG","ADIFG","ASTR","","","True","True","True","True","True","Undefined","Undefined","True"
"ACH-000898","SNU719","Esophagus/Stomach","Esophagogastric Adenocarcinoma","STOMACH","EGC","STAD","TSTAD","","","True","True","True","True","True","Undefined","Undefined","True"
"ACH-000693","KYSE180","Esophagus/Stomach","Esophageal Squamous Cell Carcinoma","STOMACH","ESCC","","","","","True","True","True","True","True","Undefined","Undefined","True"
"ACH-000502","TCCPAN2","Pancreas","Pancreatic Adenocarcinoma","PANCREAS","PAAD","","","","","True","True","True","True","True","Undefined","Undefined","True"
"ACH-000528","ABC1","Lung","Non-Small Cell Lung Cancer","LUNG","NSCLC","LUAD","","","","True","True","True","True","True","Undefined","Undefined","True"
"ACH-000601","MIAPACA2","Pancreas","Pancreatic Adenocarcinoma","PANCREAS","PAAD","","","","","True","True","True","True","True","Undefined","Undefined","True"
"ACH-000393","HLF","Liver","Hepatocellular Carcinoma","LIVER","HCC","","","","","True","True","True","True","True","Undefined","Undefined","True"
"ACH-000608","COV644","Ovary/Fallopian Tube","Ovarian Epithelial Tumor","OVARY","OVT","MOV","","","","True","True","True","True","True","Undefined","Undefined","True"
"ACH-000507","KE39","Esophagus/Stomach","Esophagogastric Adenocarcinoma","STOMACH","EGC","STAD","","","","True","True","True","True","True","Undefined","Undefined","True"
"ACH-000783","CAMA1","Breast","Invasive Breast Carcinoma","BREAST","BRCA","ILC","","","","True","True","True","True","True","Undefined","Undefined","True"
"ACH-000932","SNU1","Esophagus/Stomach","Esophagogastric Adenocarcinoma","STOMACH","EGC","STAD","","","","True","True","True","True","True","Undefined","Undefined","True"
"ACH-000766","NCIH1648","Lung","Non-Small Cell Lung Cancer","LUNG","NSCLC","LUAD","","","","True","True","True","True","True","Undefined","Undefined","True"
"ACH-000146","THP1","Myeloid","Acute Myeloid Leukemia","MYELOID","MNM","AML","","","","True","True","True","True","True","Undefined","Undefined","True"
"ACH-000790","SHP77","Lung","Lung Neuroendocrine Tumor","LUNG","LNET","SCLC","","","","True","True","True","True","True","Undefined","Undefined","True"
"ACH-000720","TCCSUP","Bladder/Urinary Tract","Bladder Urothelial Carcinoma","BLADDER","BLCA","","","","","True","True","True","True","True","Undefined","Undefined","True"
"ACH-001306","8305C","Thyroid","Anaplastic Thyroid Cancer","THYROID","THAP","","","","","True","True","True","True","True","Undefined","Undefined","True"
"ACH-000416","NCIH838","Lung","Non-Small Cell Lung Cancer","LUNG","NSCLC","LUAD","","","","True","True","True","True","True","Undefined","Undefined","True"
"ACH-000098","GAMG","CNS/Brain","Adult-Type Diffuse Glioma","BRAIN","DIFG","ADIFG","GB","","","True","True","True","True","True","Undefined","Undefined","True"
"ACH-000736","SNU601","Esophagus/Stomach","Esophagogastric Adenocarcinoma","STOMACH","EGC","USTAD","SSRCC","","","True","True","True","True","True","Undefined","Undefined","True"
"ACH-000257","CORL279","Lung","Lung Neuroendocrine Tumor","LUNG","LNET","SCLC","","","","True","True","True","True","True","Undefined","Undefined","True"
"ACH-000192","MFE280","Uterus","Endometrial Carcinoma","UTERUS","UCEC","","","","","True","True","True","True","True","Undefined","Undefined","True"
"ACH-000782","SEM","Lymphoid","B-Cell Acute Lymphoblastic Leukemia","LYMPH","LNM","BALL","BALL:KMT2AFusions","","","True","True","True","True","True","Undefined","Undefined","True"
"ACH-000421","SW837","Bowel","Colorectal Adenocarcinoma","BOWEL","COADREAD","READ","","","","True","True","True","True","True","Undefined","Undefined","True"
"ACH-000965","RL952","Uterus","Endometrial Carcinoma","UTERUS","UCEC","UASC","","","","True","True","True","True","True","Undefined","Undefined","True"
"ACH-000826","CAL12T","Lung","Non-Small Cell Lung Cancer","LUNG","NSCLC","","","","","True","True","True","True","True","Undefined","Undefined","True"
"ACH-000681","A549","Lung","Non-Small Cell Lung Cancer","LUNG","NSCLC","LUAD","","","","True","True","True","True","True","Undefined","Undefined","True"
"ACH-000510","NCIH1299","Lung","Non-Small Cell Lung Cancer","LUNG","NSCLC","LCLC","","","","True","True","True","True","True","Undefined","Undefined","True"
"ACH-000397","TEN","Uterus","Endometrial Carcinoma","UTERUS","UCEC","UCCC","","","","True","True","True","True","True","Undefined","Undefined","True"
"ACH-000910","MDAMB453","Breast","Invasive Breast Carcinoma","BREAST","BRCA","","","","","True","True","True","True","True","Undefined","Undefined","True"
"ACH-000417","PANC0813","Pancreas","Pancreatic Adenocarcinoma","PANCREAS","PAAD","","","","","True","True","True","True","True","Undefined","Undefined","True"
"ACH-000974","SNGM","Uterus","Endometrial Carcinoma","UTERUS","UCEC","","","","","True","True","True","True","True","Undefined","Undefined","True"
"ACH-000343","NCIH522","Lung","Non-Small Cell Lung Cancer","LUNG","NSCLC","LUAD","","","","True","True","True","True","True","Undefined","Undefined","True"
"ACH-000963","CCK81","Bowel","Colorectal Adenocarcinoma","BOWEL","COADREAD","COAD","","","","True","True","True","True","True","Undefined","Undefined","True"
"ACH-000445","KNS60","CNS/Brain","Adult-Type Diffuse Glioma","BRAIN","DIFG","ADIFG","GB","","","True","True","True","True","True","Undefined","Undefined","True"
"ACH-000846","FADU","Head and Neck","Head and Neck Squamous Cell Carcinoma","HEAD_NECK","HNSC","HPHSC","","","","True","True","True","True","True","Undefined","Undefined","True"
"ACH-001192","SKNEP1","Bone","Ewing Sarcoma","BONE","ES","ES:EWSR1-FLI1","","","","True","True","True","True","True","Undefined","Undefined","True"
"ACH-000665","SKMES1","Lung","Non-Small Cell Lung Cancer","LUNG","NSCLC","LUSC","","","","True","True","True","True","True","Undefined","Undefined","True"
"ACH-000452","TE8","Esophagus/Stomach","Esophageal Squamous Cell Carcinoma","STOMACH","ESCC","","","","","True","True","True","True","True","Undefined","Undefined","True"
"ACH-000552","HT29","Bowel","Colorectal Adenocarcinoma","BOWEL","COADREAD","COAD","","","","True","True","True","True","True","Undefined","Undefined","True"
"ACH-001190","SKMEL2","Skin","Melanoma","SKIN","MEL","","","","","True","True","True","True","True","Undefined","Undefined","True"
"ACH-000152","M059K","CNS/Brain","Adult-Type Diffuse Glioma","BRAIN","DIFG","ADIFG","GB","","","True","True","True","True","True","Undefined","Undefined","True"
"ACH-000153","NCIH2052","Pleura","Pleural Mesothelioma","PLEURA","PLMESO","PLSMESO","","","","True","True","True","True","True","Undefined","Undefined","True"
"ACH-000924","NCIH2172","Lung","Non-Small Cell Lung Cancer","LUNG","NSCLC","","","","","True","True","True","True","True","Undefined","Undefined","True"
"ACH-000704","OAW42","Ovary/Fallopian Tube","Ovarian Epithelial Tumor","OVARY","OVT","SOC","","","","True","True","True","True","True","Undefined","Undefined","True"
"ACH-000653","JJN3","Lymphoid","Mature B-Cell Neoplasms","LYMPH","LNM","NHL","MBN","PCM","","True","True","True","True","True","Undefined","Undefined","True"
"ACH-000747","NCIH1703","Lung","Non-Small Cell Lung Cancer","LUNG","NSCLC","LUSC","","","","True","True","True","True","True","Undefined","Undefined","True"
"ACH-000535","BXPC3","Pancreas","Pancreatic Adenocarcinoma","PANCREAS","PAAD","","","","","True","True","True","True","True","Undefined","Undefined","True"
"ACH-000915","IPC298","Skin","Melanoma","SKIN","MEL","SKCM","","","","True","True","True","True","True","Undefined","Undefined","True"
"ACH-000748","SJSA1","Bone","Osteosarcoma","BONE","OS","","","","","True","True","True","True","True","Undefined","Undefined","True"
"ACH-000401","COLO800","Skin","Melanoma","SKIN","MEL","SKCM","","","","True","True","True","True","True","Undefined","Undefined","True"
"ACH-000007","LS513","Bowel","Colorectal Adenocarcinoma","BOWEL","COADREAD","COAD","","","","True","True","True","True","True","Undefined","Undefined","True"
"ACH-000431","NCIH1694","Lung","Lung Neuroendocrine Tumor","LUNG","LNET","SCLC","","","","True","True","True","True","True","Undefined","Undefined","True"
"ACH-000865","KYSE450","Esophagus/Stomach","Esophageal Squamous Cell Carcinoma","STOMACH","ESCC","","","","","True","True","True","True","True","Undefined","Undefined","True"
"ACH-000441","SH4","Skin","Melanoma","SKIN","MEL","","","","","True","True","True","True","True","Undefined","Undefined","True"
"ACH-000470","SW1463","Bowel","Colorectal Adenocarcinoma","BOWEL","COADREAD","READ","","","","True","True","True","True","True","Undefined","Undefined","True"
"ACH-000280","SNU840","Ovary/Fallopian Tube","Ovarian Epithelial Tumor","OVARY","OVT","BTOV","BTMOV","","","True","True","True","True","True","Undefined","Undefined","True"
"ACH-000911","NUGC3","Esophagus/Stomach","Esophagogastric Adenocarcinoma","STOMACH","EGC","STAD","","","","True","True","True","True","True","Undefined","Undefined","True"
"ACH-000415","BICR6","Head and Neck","Head and Neck Squamous Cell Carcinoma","HEAD_NECK","HNSC","HPHSC","","","","True","True","True","True","True","Undefined","Undefined","True"
"ACH-000378","NCIH647","Lung","Non-Small Cell Lung Cancer","LUNG","NSCLC","LUAS","","","","True","True","True","True","True","Undefined","Undefined","True"
"ACH-000946","HEC265","Uterus","Endometrial Carcinoma","UTERUS","UCEC","","","","","True","True","True","True","True","Undefined","Undefined","True"
"ACH-000318","TE10","Esophagus/Stomach","Esophageal Squamous Cell Carcinoma","STOMACH","ESCC","","","","","True","True","True","True","True","Undefined","Undefined","True"
"ACH-000320","PSN1","Pancreas","Pancreatic Adenocarcinoma","PANCREAS","PAAD","","","","","True","True","True","True","True","Undefined","Undefined","True"
"ACH-000265","KP4","Pancreas","Pancreatic Adenocarcinoma","PANCREAS","PAAD","","","","","True","True","True","True","True","Undefined","Undefined","True"
"ACH-000052","A673","Bone","Ewing Sarcoma","BONE","ES","ES:EWSR1-FLI1","","","","True","True","True","True","True","Undefined","Undefined","True"
"ACH-000988","MFE319","Uterus","Endometrial Carcinoma","UTERUS","UCEC","UASC","","","","True","True","True","True","True","Undefined","Undefined","True"
"ACH-000259","KELLY","Peripheral Nervous System","Neuroblastoma","PNS","NBL","","","","","True","True","True","True","True","Undefined","Undefined","True"
"ACH-000070","697","Lymphoid","B-Cell Acute Lymphoblastic Leukemia","LYMPH","LNM","BALL","BALL:TCF3-PBX1","","","True","True","True","True","True","Undefined","Undefined","True"
"ACH-000890","SW1271","Lung","SMARCA4-deficient undifferentiated tumor","LUNG","SMARCA4-UT","","","","","True","True","True","True","True","Undefined","Undefined","True"
"ACH-000375","G402","Kidney","Rhabdoid Cancer","KIDNEY","MRT","","","","","True","True","True","True","True","Undefined","Undefined","True"
"ACH-000248","AU565","Breast","Invasive Breast Carcinoma","BREAST","BRCA","","","","","True","True","True","True","True","Undefined","Undefined","True"
"ACH-000391","MHHES1","Bone","Ewing Sarcoma","BONE","ES","ES:EWSR1-FLI1","","","","True","True","True","True","True","Undefined","Undefined","True"
"ACH-000694","TE9","Esophagus/Stomach","Esophageal Squamous Cell Carcinoma","STOMACH","ESCC","","","","","True","True","True","True","True","Undefined","Undefined","True"
"ACH-000738","GB1","CNS/Brain","Adult-Type Diffuse Glioma","BRAIN","DIFG","ADIFG","GB","","","True","True","True","True","True","Undefined","Undefined","True"
"ACH-000652","SUIT2","Pancreas","Pancreatic Adenocarcinoma","PANCREAS","PAAD","","","","","True","True","True","True","True","Undefined","Undefined","True"
"ACH-000250","KMRC20","Kidney","Renal Cell Carcinoma","KIDNEY","RCC","CCRCC","","","","True","True","True","True","True","Undefined","Undefined","True"
"ACH-000805","COLO679","Skin","Melanoma","SKIN","MEL","SKCM","","","","True","True","True","True","True","Undefined","Undefined","True"
"ACH-000291","OV90","Ovary/Fallopian Tube","Ovarian Epithelial Tumor","OVARY","OVT","SOC","","","","True","True","True","True","True","Undefined","Undefined","True"
"ACH-000086","ACCMESO1","Pleura","Pleural Mesothelioma","PLEURA","PLMESO","PLEMESO","","","","True","True","True","True","True","Undefined","Undefined","True"
"ACH-000060","PANC1005","Pancreas","Pancreatic Adenocarcinoma","PANCREAS","PAAD","","","","","True","True","True","True","True","Undefined","Undefined","True"
"ACH-000661","WM1799","Skin","Melanoma","SKIN","MEL","","","","","True","True","True","True","True","Undefined","Undefined","True"
"ACH-000867","CHAGOK1","Lung","Non-Small Cell Lung Cancer","LUNG","NSCLC","","","","","True","True","True","True","True","Undefined","Undefined","True"
"ACH-000147","T47D","Breast","Invasive Breast Carcinoma","BREAST","BRCA","IDC","","","","True","True","True","True","True","Undefined","Undefined","True"
"ACH-000696","OVCAR8","Ovary/Fallopian Tube","Ovarian Epithelial Tumor","OVARY","OVT","SOC","HGSOC","","","True","True","True","True","True","Undefined","Undefined","True"
"ACH-000651","SW620","Bowel","Colorectal Adenocarcinoma","BOWEL","COADREAD","COAD","","","","True","True","True","True","True","Undefined","Undefined","True"
"ACH-000206","C8166","Lymphoid","Non-Cancerous","LYMPH","ZLYMPH","ZTRABL","","","","True","True","True","True","True","Undefined","Undefined","True"
"ACH-000511","CALU1","Lung","Non-Small Cell Lung Cancer","LUNG","NSCLC","LUSC","","","","True","True","True","True","True","Undefined","Undefined","True"
"ACH-000450","MELHO","Skin","Melanoma","SKIN","MEL","","","","","True","True","True","True","True","Undefined","Undefined","True"
"ACH-000427","NCIN87","Esophagus/Stomach","Esophagogastric Adenocarcinoma","STOMACH","EGC","STAD","TSTAD","","","True","True","True","True","True","Undefined","Undefined","True"
"ACH-000753","JMSU1","Bladder/Urinary Tract","Bladder Urothelial Carcinoma","BLADDER","BLCA","","","","","True","True","True","True","True","Undefined","Undefined","True"
"ACH-000848","JHH7","Liver","Hepatocellular Carcinoma","LIVER","HCC","","","","","True","True","True","True","True","Undefined","Undefined","True"
"ACH-000215","LN382","CNS/Brain","Adult-Type Diffuse Glioma","BRAIN","DIFG","ADIFG","GB","","","True","True","True","True","True","Undefined","Undefined","True"
"ACH-000435","EFE184","Uterus","Endometrial Carcinoma","UTERUS","UCEC","","","","","True","True","True","True","True","Undefined","Undefined","True"
"ACH-000882","IGR1","Skin","Melanoma","SKIN","MEL","","","","","True","True","True","True","True","Undefined","Undefined","True"
"ACH-000480","HUH7","Liver","Hepatocellular Carcinoma","LIVER","HCC","","","","","True","True","True","True","True","Undefined","Undefined","True"
"ACH-000756","GI1","CNS/Brain","Diffuse Glioma","BRAIN","DIFG","ADIFG","GB","GSARC","","True","True","True","True","True","Undefined","Undefined","True"
"ACH-000288","BT549","Breast","Invasive Breast Carcinoma","BREAST","BRCA","BRCNOS","","","","True","True","True","True","True","Undefined","Undefined","True"
"ACH-000996","HEC251","Uterus","Endometrial Carcinoma","UTERUS","UCEC","","","","","True","True","True","True","True","Undefined","Undefined","True"
"ACH-000322","HT144","Skin","Melanoma","SKIN","MEL","","","","","True","True","True","True","True","Undefined","Undefined","True"
"ACH-000403","NCIH747","Bowel","Colorectal Adenocarcinoma","BOWEL","COADREAD","COAD","","","","True","True","True","True","True","Undefined","Undefined","True"
"ACH-000804","NB1","Peripheral Nervous System","Neuroblastoma","PNS","NBL","","","","","True","True","True","True","True","Undefined","Undefined","True"
"ACH-000308","EFO21","Ovary/Fallopian Tube","Ovarian Epithelial Tumor","OVARY","OVT","SOC","","","","True","True","True","True","True","Undefined","Undefined","True"
"ACH-000831","HEC50B","Uterus","Endometrial Carcinoma","UTERUS","UCEC","","","","","True","True","True","True","True","Undefined","Undefined","True"
"ACH-000525","NCIH2171","Lung","Lung Neuroendocrine Tumor","LUNG","LNET","SCLC","","","","True","True","True","True","True","Undefined","Undefined","True"
"ACH-000481","NCIH2170","Lung","Non-Small Cell Lung Cancer","LUNG","NSCLC","LUSC","","","","True","True","True","True","True","Undefined","Undefined","True"
"ACH-000934","MDAMB361","Breast","Invasive Breast Carcinoma","BREAST","BRCA","","","","","True","True","True","True","True","Undefined","Undefined","True"
"ACH-000390","LUDLU1","Lung","Non-Small Cell Lung Cancer","LUNG","NSCLC","LUSC","","","","True","True","True","True","True","Undefined","Undefined","True"
"ACH-000762","YD38","Head and Neck","Head and Neck Squamous Cell Carcinoma","HEAD_NECK","HNSC","","","","","True","True","True","True","True","Undefined","Undefined","True"
"ACH-000771","BICR56","Head and Neck","Head and Neck Squamous Cell Carcinoma","HEAD_NECK","HNSC","OCSC","","","","True","True","True","True","True","Undefined","Undefined","True"
"ACH-000985","LS411N","Bowel","Colorectal Adenocarcinoma","BOWEL","COADREAD","COAD","","","","True","True","True","True","True","Undefined","Undefined","True"
"ACH-000589","NCIH1437","Lung","Non-Small Cell Lung Cancer","LUNG","NSCLC","LUAD","","","","True","True","True","True","True","Undefined","Undefined","True"
"ACH-000853","NCIH661","Lung","Non-Small Cell Lung Cancer","LUNG","NSCLC","LCLC","","","","True","True","True","True","True","Undefined","Undefined","True"
"ACH-000374","HCC1143","Breast","Invasive Breast Carcinoma","BREAST","BRCA","IDC","","","","True","True","True","True","True","Undefined","Undefined","True"
"ACH-001096","JR","Soft Tissue","Rhabdomyosarcoma","SOFT_TISSUE","RMS","ARMS","ARMS:PAX-FOXO1","","","True","True","True","True","True","Undefined","Undefined","True"
"ACH-000948","2313287","Esophagus/Stomach","Esophagogastric Adenocarcinoma","STOMACH","EGC","STAD","","","","True","True","True","True","True","Undefined","Undefined","True"
"ACH-000697","A3KAW","Lymphoid","Mature B-Cell Neoplasms","LYMPH","LNM","NHL","MBN","DLBCLNOS","","True","True","True","True","True","Undefined","Undefined","True"
"ACH-000142","CAL29","Bladder/Urinary Tract","Bladder Urothelial Carcinoma","BLADDER","BLCA","","","","","True","True","True","True","True","Undefined","Undefined","True"
"ACH-000792","BFTC909","Kidney","Renal Cell Carcinoma","KIDNEY","RCC","","","","","True","True","True","True","True","Undefined","Undefined","True"
"ACH-000475","HUH1","Liver","Hepatocellular Carcinoma","LIVER","HCC","","","","","True","True","True","True","True","Undefined","Undefined","True"
"ACH-000878","HCC15","Lung","Non-Small Cell Lung Cancer","LUNG","NSCLC","LUSC","","","","True","True","True","True","True","Undefined","Undefined","True"
"ACH-000505","RKN","Soft Tissue","Leiomyosarcoma","SOFT_TISSUE","LMS","","","","","True","True","True","True","True","Undefined","Undefined","True"
"ACH-000981","DND41","Lymphoid","T-Lymphoblastic Leukemia/Lymphoma","LYMPH","LNM","TALL","","","","True","True","True","True","True","Undefined","Undefined","True"
"ACH-000809","KYSE410","Esophagus/Stomach","Esophageal Squamous Cell Carcinoma","STOMACH","ESCC","","","","","True","True","True","True","True","Undefined","Undefined","True"
"ACH-000866","NCIH1048","Lung","Lung Neuroendocrine Tumor","LUNG","LNET","SCLC","","","","True","True","True","True","True","Undefined","Undefined","True"
"ACH-000913","ESS1","Uterus","Uterine Sarcoma/Mesenchymal","UTERUS","USARC","ESS","","","","True","True","True","True","True","Undefined","Undefined","True"
"ACH-000211","DAOY","CNS/Brain","Embryonal Tumor","BRAIN","EMBT","MBL","MBLNOS","","","True","True","True","True","True","Undefined","Undefined","True"
"ACH-000599","PATU8902","Pancreas","Pancreatic Adenocarcinoma","PANCREAS","PAAD","","","","","True","True","True","True","True","Undefined","Undefined","True"
"ACH-000811","SKOV3","Ovary/Fallopian Tube","Ovarian Epithelial Tumor","OVARY","OVT","SOC","","","","True","True","True","True","True","Undefined","Undefined","True"
"ACH-000605","TE6","Esophagus/Stomach","Esophageal Squamous Cell Carcinoma","STOMACH","ESCC","","","","","True","True","True","True","True","Undefined","Undefined","True"
"ACH-000524","KURAMOCHI","Ovary/Fallopian Tube","Ovarian Epithelial Tumor","OVARY","OVT","SOC","HGSOC","","","True","True","True","True","True","Undefined","Undefined","True"
"ACH-000132","JHOS2","Ovary/Fallopian Tube","Ovarian Epithelial Tumor","OVARY","OVT","SOC","HGSOC","","","True","True","True","True","True","Undefined","Undefined","True"
"ACH-000260","SKNAS","Peripheral Nervous System","Neuroblastoma","PNS","NBL","","","","","True","True","True","True","True","Undefined","Undefined","True"
"ACH-000847","HGC27","Esophagus/Stomach","Esophagogastric Adenocarcinoma","STOMACH","EGC","STAD","","","","True","True","True","True","True","Undefined","Undefined","True"
"ACH-000356","MKN45","Esophagus/Stomach","Esophagogastric Adenocarcinoma","STOMACH","EGC","STAD","DSTAD","","","True","True","True","True","True","Undefined","Undefined","True"
"ACH-000706","EKVX","Lung","Non-Small Cell Lung Cancer","LUNG","NSCLC","LUAD","","","","True","True","True","True","True","Undefined","Undefined","True"
"ACH-000486","KU1919","Bladder/Urinary Tract","Bladder Urothelial Carcinoma","BLADDER","BLCA","","","","","True","True","True","True","True","Undefined","Undefined","True"
"ACH-000075","U87MG","CNS/Brain","Adult-Type Diffuse Glioma","BRAIN","DIFG","ADIFG","GB","","","True","True","True","True","True","Undefined","Undefined","True"
"ACH-000048","TOV112D","Ovary/Fallopian Tube","Ovarian Epithelial Tumor","OVARY","OVT","EOV","","","","True","True","True","True","True","Undefined","Undefined","True"
"ACH-000856","CAL51","Breast","Invasive Breast Carcinoma","BREAST","BRCA","","","","","True","True","True","True","True","Undefined","Undefined","True"
"ACH-000366","SKNDZ","Peripheral Nervous System","Neuroblastoma","PNS","NBL","","","","","True","True","True","True","True","Undefined","Undefined","True"
"ACH-000292","NCIH841","Lung","SMARCA4-deficient undifferentiated tumor","LUNG","SMARCA4-UT","","","","","True","True","True","True","True","Undefined","Undefined","True"
"ACH-000997","HCT15","Bowel","Colorectal Adenocarcinoma","BOWEL","COADREAD","COAD","","","","True","True","True","True","True","Undefined","Undefined","True"
"ACH-000021","NCIH1693","Lung","Non-Small Cell Lung Cancer","LUNG","NSCLC","LUAD","","","","True","True","True","True","True","Undefined","Undefined","True"
"ACH-000570","YKG1","CNS/Brain","Adult-Type Diffuse Glioma","BRAIN","DIFG","ADIFG","GB","","","True","True","True","True","True","Undefined","Undefined","True"
"ACH-000159","OSRC2","Kidney","Renal Cell Carcinoma","KIDNEY","RCC","CCRCC","","","","True","True","True","True","True","Undefined","Undefined","True"
"ACH-000732","PECAPJ41CLONED2","Head and Neck","Head and Neck Squamous Cell Carcinoma","HEAD_NECK","HNSC","OCSC","","","","True","True","True","True","True","Undefined","Undefined","True"
"ACH-000667","HCC44","Lung","Non-Small Cell Lung Cancer","LUNG","NSCLC","LUAD","","","","True","True","True","True","True","Undefined","Undefined","True"
"ACH-001196","SMSCTR","Soft Tissue","Rhabdomyosarcoma","SOFT_TISSUE","RMS","ERMS","","","","True","True","True","True","True","Undefined","Undefined","True"
"ACH-000464","CAS1","CNS/Brain","Adult-Type Diffuse Glioma","BRAIN","DIFG","ADIFG","GB","","","True","True","True","True","True","Undefined","Undefined","True"
"ACH-000025","CH157MN","CNS/Brain","Meningothelial Tumor","BRAIN","MNGT","MNG","","","","True","True","True","True","True","Undefined","Undefined","True"
"ACH-001129","MONOMAC1","Myeloid","Acute Myeloid Leukemia","MYELOID","MNM","AML","AMLNOS","AMOL","","True","True","True","True","True","Undefined","Undefined","True"
"ACH-000276","HCC38","Breast","Invasive Breast Carcinoma","BREAST","BRCA","IDC","","","","True","True","True","True","True","Undefined","Undefined","True"
"ACH-000515","HCC33","Lung","Lung Neuroendocrine Tumor","LUNG","LNET","SCLC","","","","True","True","True","True","True","Undefined","Undefined","True"
"ACH-000645","JL1","Pleura","Pleural Mesothelioma","PLEURA","PLMESO","PLEMESO","","","","True","True","True","True","True","Undefined","Undefined","True"
"ACH-000724","HT1376","Bladder/Urinary Tract","Bladder Urothelial Carcinoma","BLADDER","BLCA","","","","","True","True","True","True","True","Undefined","Undefined","True"
"ACH-000315","KARPAS422","Lymphoid","Mature B-Cell Neoplasms","LYMPH","LNM","NHL","MBN","DLBCLNOS","","True","True","True","True","True","Undefined","Undefined","True"
"ACH-000841","NCIH2087","Lung","Non-Small Cell Lung Cancer","LUNG","NSCLC","LUAD","","","","True","True","True","True","True","Undefined","Undefined","True"
"ACH-000869","NCIH1568","Lung","Non-Small Cell Lung Cancer","LUNG","NSCLC","LUAD","","","","True","True","True","True","True","Undefined","Undefined","True"
"ACH-000217","JHH6","Liver","Hepatocellular Carcinoma","LIVER","HCC","","","","","True","True","True","True","True","Undefined","Undefined","True"
"ACH-000212","CAL120","Breast","Invasive Breast Carcinoma","BREAST","BRCA","","","","","True","True","True","True","True","Undefined","Undefined","True"
"ACH-000541","KMS34","Lymphoid","Mature B-Cell Neoplasms","LYMPH","LNM","NHL","MBN","PCM","","True","True","True","True","True","Undefined","Undefined","True"
"ACH-001307","8505C","Thyroid","Anaplastic Thyroid Cancer","THYROID","THAP","","","","","True","True","True","True","True","Undefined","Undefined","True"
"ACH-000456","BCPAP","Thyroid","Poorly Differentiated Thyroid Cancer","THYROID","THPD","","","","","True","True","True","True","True","Undefined","Undefined","True"
"ACH-000499","EW8","Bone","Ewing Sarcoma","BONE","ES","ES:EWSR1-FLI1","","","","True","True","True","True","True","Undefined","Undefined","True"
"ACH-000118","HUPT3","Pancreas","Pancreatic Adenocarcinoma","PANCREAS","PAAD","","","","","True","True","True","True","True","Undefined","Undefined","True"
"ACH-000279","EWS502","Bone","Ewing Sarcoma","BONE","ES","ES:EWSR1-FLI1","","","","True","True","True","True","True","Undefined","Undefined","True"
"ACH-000929","NCIH2110","Lung","Non-Small Cell Lung Cancer","LUNG","NSCLC","","","","","True","True","True","True","True","Undefined","Undefined","True"
"ACH-000249","CL11","Bowel","Colorectal Adenocarcinoma","BOWEL","COADREAD","COAD","","","","True","True","True","True","True","Undefined","Undefined","True"
"ACH-000444","LU99","Lung","Non-Small Cell Lung Cancer","LUNG","NSCLC","LCLC","GCLC","","","True","True","True","True","True","Undefined","Undefined","True"
"ACH-000234","CAKI2","Kidney","Renal Cell Carcinoma","KIDNEY","RCC","NCCRCC","PRCC","","","True","True","True","True","True","Undefined","Undefined","True"
"ACH-000649","786O","Kidney","Renal Cell Carcinoma","KIDNEY","RCC","CCRCC","","","","True","True","True","True","True","Undefined","Undefined","True"
"ACH-000004","HEL","Myeloid","Acute Myeloid Leukemia","MYELOID","MNM","AML","AMLNOS","","","True","True","True","True","True","Undefined","Undefined","True"
"ACH-000312","SKNBE2","Peripheral Nervous System","Neuroblastoma","PNS","NBL","","","","","True","True","True","True","True","Undefined","Undefined","True"
"ACH-000376","SF295","CNS/Brain","Adult-Type Diffuse Glioma","BRAIN","DIFG","ADIFG","GB","","","True","True","True","True","True","Undefined","Undefined","True"
"ACH-000573","MDAMB436","Breast","Invasive Breast Carcinoma","BREAST","BRCA","BRCNOS","","","","True","True","True","True","True","Undefined","Undefined","True"
"ACH-000544","OE21","Esophagus/Stomach","Esophageal Squamous Cell Carcinoma","STOMACH","ESCC","","","","","True","True","True","True","True","Undefined","Undefined","True"
"ACH-000407","SNU685","Uterus","Endometrial Carcinoma","UTERUS","UCEC","UCS","","","","True","True","True","True","True","Undefined","Undefined","True"
"ACH-000777","KYSE30","Esophagus/Stomach","Esophageal Squamous Cell Carcinoma","STOMACH","ESCC","","","","","True","True","True","True","True","Undefined","Undefined","True"
"ACH-000614","RVH421","Skin","Melanoma","SKIN","MEL","","","","","True","True","True","True","True","Undefined","Undefined","True"
"ACH-000096","G401","Kidney","Rhabdoid Cancer","KIDNEY","MRT","","","","","True","True","True","True","True","Undefined","Undefined","True"
"ACH-000108","KP3","Pancreas","Adenosquamous Carcinoma of the Pancreas","PANCREAS","PAASC","","","","","True","True","True","True","True","Undefined","Undefined","True"
"ACH-000899","WM88","Skin","Melanoma","SKIN","MEL","","","","","True","True","True","True","True","Undefined","Undefined","True"
"ACH-000527","OVISE","Ovary/Fallopian Tube","Ovarian Epithelial Tumor","OVARY","OVT","CCOV","","","","True","True","True","True","True","Undefined","Undefined","True"
"ACH-000576","KMS27","Lymphoid","Mature B-Cell Neoplasms","LYMPH","LNM","NHL","MBN","PCM","","True","True","True","True","True","Undefined","Undefined","True"
"ACH-000169","RD","Soft Tissue","Rhabdomyosarcoma","SOFT_TISSUE","RMS","ERMS","","","","True","True","True","True","True","Undefined","Undefined","True"
"ACH-000788","A2058","Skin","Melanoma","SKIN","MEL","","","","","True","True","True","True","True","Undefined","Undefined","True"
"ACH-000371","RL","Lymphoid","Mature B-Cell Neoplasms","LYMPH","LNM","NHL","MBN","DLBCLNOS","","True","True","True","True","True","Undefined","Undefined","True"
"ACH-000880","AGS","Esophagus/Stomach","Esophagogastric Adenocarcinoma","STOMACH","EGC","STAD","","","","True","True","True","True","True","Undefined","Undefined","True"
"ACH-000517","SNU410","Pancreas","Pancreatic Adenocarcinoma","PANCREAS","PAAD","","","","","True","True","True","True","True","Undefined","Undefined","True"
"ACH-000307","PK1","Pancreas","Pancreatic Adenocarcinoma","PANCREAS","PAAD","","","","","True","True","True","True","True","Undefined","Undefined","True"
"ACH-000778","HSC3","Head and Neck","Head and Neck Squamous Cell Carcinoma","HEAD_NECK","HNSC","OCSC","","","","True","True","True","True","True","Undefined","Undefined","True"
"ACH-000420","SNU449","Liver","Hepatocellular Carcinoma","LIVER","HCC","","","","","True","True","True","True","True","Undefined","Undefined","True"
"ACH-000019","MCF7","Breast","Invasive Breast Carcinoma","BREAST","BRCA","","","","","True","True","True","True","True","Undefined","Undefined","True"
"ACH-000917","TE4","Esophagus/Stomach","Esophageal Squamous Cell Carcinoma","STOMACH","ESCC","","","","","True","True","True","True","True","Undefined","Undefined","True"
"ACH-000484","VMRCRCW","Kidney","Renal Cell Carcinoma","KIDNEY","RCC","","","","","True","True","True","True","True","Undefined","Undefined","True"
"ACH-000277","HCC1419","Breast","Invasive Breast Carcinoma","BREAST","BRCA","IDC","","","","True","True","True","True","True","Undefined","Undefined","True"
"ACH-000881","MELJUSO","Skin","Melanoma","SKIN","MEL","SKCM","","","","True","True","True","True","True","Undefined","Undefined","True"
"ACH-002015","MEL285","Eye","Ocular Melanoma","EYE","OM","UM","","","","True","True","True","True","True","Undefined","Undefined","True"
"ACH-000018","T24","Bladder/Urinary Tract","Bladder Urothelial Carcinoma","BLADDER","BLCA","","","","","True","True","True","True","True","Undefined","Undefined","True"
"ACH-000837","NCIH322","Lung","Non-Small Cell Lung Cancer","LUNG","NSCLC","LUAD","","","","True","True","True","True","True","Undefined","Undefined","True"
"ACH-000763","MM1S","Lymphoid","Mature B-Cell Neoplasms","LYMPH","LNM","NHL","MBN","PCM","","True","True","True","True","True","Undefined","Undefined","True"
"ACH-000015","NCIH1581","Lung","Non-Small Cell Lung Cancer","LUNG","NSCLC","LCLC","","","","True","True","True","True","True","Undefined","Undefined","True"
"ACH-000521","NCIH2030","Lung","Non-Small Cell Lung Cancer","LUNG","NSCLC","LUAD","","","","True","True","True","True","True","Undefined","Undefined","True"
"ACH-000361","SKHEP1","Liver","Hepatocellular Carcinoma","LIVER","HCC","","","","","True","True","True","True","True","Undefined","Undefined","True"
"ACH-000341","SKNFI","Peripheral Nervous System","Neuroblastoma","PNS","NBL","","","","","True","True","True","True","True","Undefined","Undefined","True"
"ACH-000760","LNZ308","CNS/Brain","Adult-Type Diffuse Glioma","BRAIN","DIFG","ADIFG","GB","","","True","True","True","True","True","Undefined","Undefined","True"
"ACH-000637","KYSE520","Esophagus/Stomach","Esophageal Squamous Cell Carcinoma","STOMACH","ESCC","","","","","True","True","True","True","True","Undefined","Undefined","True"
"ACH-000784","KYSE70","Esophagus/Stomach","Esophageal Squamous Cell Carcinoma","STOMACH","ESCC","","","","","True","True","True","True","True","Undefined","Undefined","True"
"ACH-000958","SW48","Bowel","Colorectal Adenocarcinoma","BOWEL","COADREAD","COAD","","","","True","True","True","True","True","Undefined","Undefined","True"
"ACH-000163","SW579","Head and Neck","Head and Neck Squamous Cell Carcinoma","HEAD_NECK","HNSC","","","","","True","True","True","True","True","Undefined","Undefined","True"
"ACH-000622","KNS42","CNS/Brain","Adult-Type Diffuse Glioma","BRAIN","DIFG","ADIFG","GB","","","True","True","True","True","True","Undefined","Undefined","True"
"ACH-000235","PANC0403","Pancreas","Pancreatic Adenocarcinoma","PANCREAS","PAAD","","","","","True","True","True","True","True","Undefined","Undefined","True"
"ACH-000639","NCIH211","Lung","Lung Neuroendocrine Tumor","LUNG","LNET","SCLC","","","","True","True","True","True","True","Undefined","Undefined","True"
"ACH-000548","BHY","Head and Neck","Head and Neck Squamous Cell Carcinoma","HEAD_NECK","HNSC","OCSC","","","","True","True","True","True","True","Undefined","Undefined","True"
"ACH-000191","BHT101","Thyroid","Anaplastic Thyroid Cancer","THYROID","THAP","","","","","True","True","True","True","True","Undefined","Undefined","True"
"ACH-000023","PATU8988T","Pancreas","Pancreatic Adenocarcinoma","PANCREAS","PAAD","","","","","True","True","True","True","True","Undefined","Undefined","True"
"ACH-000838","AMO1","Lymphoid","Mature B-Cell Neoplasms","LYMPH","LNM","NHL","MBN","PCM","","True","True","True","True","True","Undefined","Undefined","True"
"ACH-000746","GSS","Esophagus/Stomach","Esophagogastric Adenocarcinoma","STOMACH","EGC","STAD","","","","True","True","True","True","True","Undefined","Undefined","True"
"ACH-001318","PLCPRF5","Liver","Hepatocellular Carcinoma","LIVER","HCC","","","","","True","True","True","True","True","Undefined","Undefined","True"
"ACH-000336","OCIAML3","Myeloid","Acute Myeloid Leukemia","MYELOID","MNM","AML","","","","True","True","True","True","True","Undefined","Undefined","True"
"ACH-001075","NCIH292","Lung","Non-Small Cell Lung Cancer","LUNG","NSCLC","SGTTL","LUMEC","","","True","True","True","True","True","Undefined","Undefined","True"
"ACH-000966","IGROV1","Ovary/Fallopian Tube","Ovarian Epithelial Tumor","OVARY","OVT","EOV","","","","True","True","True","True","True","Undefined","Undefined","True"
"ACH-000113","OCIAML2","Myeloid","Acute Myeloid Leukemia","MYELOID","MNM","AML","","","","True","True","True","True","True","Undefined","Undefined","True"
"ACH-000663","OVTOKO","Ovary/Fallopian Tube","Ovarian Epithelial Tumor","OVARY","OVT","CCOV","","","","True","True","True","True","True","Undefined","Undefined","True"
"ACH-000542","HEYA8","Ovary/Fallopian Tube","Ovarian Epithelial Tumor","OVARY","OVT","SOC","HGSOC","","","True","True","True","True","True","Undefined","Undefined","True"
"ACH-000496","NCIH1792","Lung","Non-Small Cell Lung Cancer","LUNG","NSCLC","LUAD","","","","True","True","True","True","True","Undefined","Undefined","True"
"ACH-000620","JHH1","Liver","Hepatocellular Carcinoma","LIVER","HCC","","","","","True","True","True","True","True","Undefined","Undefined","True"
"ACH-001099","KD","Soft Tissue","Rhabdoid Cancer","SOFT_TISSUE","ERT","","","","","True","True","True","True","True","Undefined","Undefined","True"
"ACH-001020","BT16","CNS/Brain","Embryonal Tumor","BRAIN","EMBT","ATRT","","","","True","True","True","True","True","Undefined","Undefined","True"
"ACH-000994","HEC59","Uterus","Endometrial Carcinoma","UTERUS","UCEC","","","","","True","True","True","True","True","Undefined","Undefined","True"
"ACH-000319","MPP89","Pleura","Pleural Mesothelioma","PLEURA","PLMESO","PLEMESO","","","","True","True","True","True","True","Undefined","Undefined","True"
"ACH-000395","NCIH520","Lung","Non-Small Cell Lung Cancer","LUNG","NSCLC","LUSC","","","","True","True","True","True","True","Undefined","Undefined","True"
"ACH-000368","SNU1105","CNS/Brain","Adult-Type Diffuse Glioma","BRAIN","DIFG","ADIFG","GB","","","True","True","True","True","True","Undefined","Undefined","True"
"ACH-000243","DANG","Pancreas","Pancreatic Adenocarcinoma","PANCREAS","PAAD","","","","","True","True","True","True","True","Undefined","Undefined","True"
"ACH-000858","KNS62","Lung","Non-Small Cell Lung Cancer","LUNG","NSCLC","LUSC","","","","True","True","True","True","True","Undefined","Undefined","True"
"ACH-000840","HCC366","Lung","Non-Small Cell Lung Cancer","LUNG","NSCLC","LUAS","","","","True","True","True","True","True","Undefined","Undefined","True"
"ACH-000906","ES2","Ovary/Fallopian Tube","Ovarian Epithelial Tumor","OVARY","OVT","CCOV","","","","True","True","True","True","True","Undefined","Undefined","True"
"ACH-000406","U937","Myeloid","Acute Myeloid Leukemia","MYELOID","MNM","AML","","","","True","True","True","True","True","Undefined","Undefined","True"
"ACH-000698","DMS53","Lung","Lung Neuroendocrine Tumor","LUNG","LNET","SCLC","","","","True","True","True","True","True","Undefined","Undefined","True"
"ACH-000945","NCIH650","Lung","Non-Small Cell Lung Cancer","LUNG","NSCLC","LUAD","","","","True","True","True","True","True","Undefined","Undefined","True"
"ACH-000311","NCIH2122","Lung","Non-Small Cell Lung Cancer","LUNG","NSCLC","LUAD","","","","True","True","True","True","True","Undefined","Undefined","True"
"ACH-000957","LS180","Bowel","Colorectal Adenocarcinoma","BOWEL","COADREAD","COAD","","","","True","True","True","True","True","Undefined","Undefined","True"
"ACH-000624","HCC1806","Breast","Breast Ductal Carcinoma In Situ","BREAST","DCIS","","","","","True","True","True","True","True","Undefined","Undefined","True"
"ACH-000713","CAOV3","Ovary/Fallopian Tube","Ovarian Epithelial Tumor","OVARY","OVT","SOC","HGSOC","","","True","True","True","True","True","Undefined","Undefined","True"
"ACH-000971","HCT116","Bowel","Colorectal Adenocarcinoma","BOWEL","COADREAD","COAD","","","","True","True","True","True","True","Undefined","Undefined","True"
"ACH-000316","SNU886","Liver","Hepatocellular Carcinoma","LIVER","HCC","","","","","True","True","True","True","True","Undefined","Undefined","True"
"ACH-000734","JHH5","Liver","Hepatocellular Carcinoma","LIVER","HCC","","","","","True","True","True","True","True","Undefined","Undefined","True"
"ACH-000879","MFE296","Uterus","Endometrial Carcinoma","UTERUS","UCEC","","","","","True","True","True","True","True","Undefined","Undefined","True"
"ACH-000231","KALS1","CNS/Brain","Adult-Type Diffuse Glioma","BRAIN","DIFG","ADIFG","GB","","","True","True","True","True","True","Undefined","Undefined","True"
"ACH-000936","EFO27","Ovary/Fallopian Tube","Ovarian Epithelial Tumor","OVARY","OVT","MOV","","","","True","True","True","True","True","Undefined","Undefined","True"
"ACH-000133","HS729","Fibroblast","Non-Cancerous","ZFIB","","","","","","True","True","True","True","True","Undefined","Undefined","True"
"ACH-000938","NALM6","Lymphoid","B-Cell Acute Lymphoblastic Leukemia","LYMPH","LNM","BALL","","","","True","True","True","True","True","Undefined","Undefined","True"
"ACH-000202","COLO320","Bowel","Colorectal Adenocarcinoma","BOWEL","COADREAD","COAD","","","","True","True","True","True","True","Undefined","Undefined","True"
"ACH-000849","MDAMB468","Breast","Invasive Breast Carcinoma","BREAST","BRCA","","","","","True","True","True","True","True","Undefined","Undefined","True"
"ACH-000362","MOLM13","Myeloid","Acute Myeloid Leukemia","MYELOID","MNM","AML","","","","True","True","True","True","True","Undefined","Undefined","True"
"ACH-000935","MDST8","Bowel","Colorectal Adenocarcinoma","BOWEL","COADREAD","COAD","","","","True","True","True","True","True","Undefined","Undefined","True"
"ACH-000711","JIMT1","Breast","Invasive Breast Carcinoma","BREAST","BRCA","IDC","","","","True","True","True","True","True","Undefined","Undefined","True"
"ACH-000647","TE1","Esophagus/Stomach","Esophageal Squamous Cell Carcinoma","STOMACH","ESCC","","","","","True","True","True","True","True","Undefined","Undefined","True"
"ACH-000800","NCIH446","Lung","Lung Neuroendocrine Tumor","LUNG","LNET","SCLC","","","","True","True","True","True","True","Undefined","Undefined","True"
"ACH-000832","CAL27","Head and Neck","Head and Neck Squamous Cell Carcinoma","HEAD_NECK","HNSC","OCSC","","","","True","True","True","True","True","Undefined","Undefined","True"
"ACH-000036","U343","CNS/Brain","Adult-Type Diffuse Glioma","BRAIN","DIFG","ADIFG","GB","","","True","True","True","True","True","Undefined","Undefined","True"
"ACH-000943","RKO","Bowel","Colorectal Adenocarcinoma","BOWEL","COADREAD","COAD","","","","True","True","True","True","True","Undefined","Undefined","True"
"ACH-000256","COV318","Ovary/Fallopian Tube","Ovarian Epithelial Tumor","OVARY","OVT","SOC","HGSOC","","","True","True","True","True","True","Undefined","Undefined","True"
"ACH-000671","HUH6","Liver","Hepatoblastoma","LIVER","LIHB","","","","","True","True","True","True","True","Undefined","Undefined","True"
"ACH-000688","OV7","Ovary/Fallopian Tube","Ovarian Epithelial Tumor","OVARY","OVT","MXOV","","","","True","True","True","True","True","Undefined","Undefined","True"
"ACH-000919","IM95","Esophagus/Stomach","Esophagogastric Adenocarcinoma","STOMACH","EGC","STAD","","","","True","True","True","True","True","Undefined","Undefined","True"
"ACH-000648","NCIH28","Pleura","Pleural Mesothelioma","PLEURA","PLMESO","PLEMESO","","","","True","True","True","True","True","Undefined","Undefined","True"
"ACH-000261","RERFLCAI","Lung","Non-Small Cell Lung Cancer","LUNG","NSCLC","LUSC","","","","True","True","True","True","True","Undefined","Undefined","True"
"ACH-000123","COV434","Ovary/Fallopian Tube","Ovarian Epithelial Tumor","OVARY","OVT","SCCO","","","","True","True","True","True","True","Undefined","Undefined","True"
"ACH-000041","RDES","Bone","Ewing Sarcoma","BONE","ES","ES:EWSR1-FLI1","","","","True","True","True","True","True","Undefined","Undefined","True"
"ACH-000810","SKMEL30","Skin","Melanoma","SKIN","MEL","SKCM","","","","True","True","True","True","True","Undefined","Undefined","True"
"ACH-000585","EPLC272H","Lung","Non-Small Cell Lung Cancer","LUNG","NSCLC","LUSC","","","","True","True","True","True","True","Undefined","Undefined","False"
"ACH-000673","LN443","CNS/Brain","Adult-Type Diffuse Glioma","BRAIN","DIFG","ADIFG","GB","","","True","True","True","True","True","Undefined","Undefined","False"
"ACH-000148","HS578T","Breast","Invasive Breast Carcinoma","BREAST","BRCA","BRCNOS","","","","True","True","True","True","True","Undefined","Undefined","False"
"ACH-000128","LN319","CNS/Brain","Adult-Type Diffuse Glioma","BRAIN","DIFG","ADIFG","ASTR","","","True","True","True","True","True","Undefined","Undefined","False"
"ACH-000634","LN340","CNS/Brain","Adult-Type Diffuse Glioma","BRAIN","DIFG","ADIFG","GB","","","True","True","True","True","True","Undefined","Undefined","False"
"ACH-000887","SF172","CNS/Brain","Adult-Type Diffuse Glioma","BRAIN","DIFG","ADIFG","GB","","","True","True","True","True","True","Undefined","Undefined","False"
"ACH-000633","FU97","Esophagus/Stomach","Esophagogastric Adenocarcinoma","STOMACH","EGC","STAD","DSTAD","","","True","True","True","True","True","Undefined","Undefined","False"
"ACH-000907","SNU349","Kidney","Renal Cell Carcinoma","KIDNEY","RCC","CCRCC","","","","True","True","True","True","True","Undefined","Undefined","False"
"ACH-000820","SW403","Bowel","Colorectal Adenocarcinoma","BOWEL","COADREAD","COAD","","","","True","True","True","True","True","Undefined","Undefined","False"
"ACH-000522","UMUC3","Bladder/Urinary Tract","Bladder Urothelial Carcinoma","BLADDER","BLCA","","","","","True","True","True","True","True","Undefined","Undefined","False"
"ACH-000953","SUPT1","Lymphoid","T-Lymphoblastic Leukemia/Lymphoma","LYMPH","LNM","TALL","","","","True","True","True","True","True","Undefined","Undefined","False"
"ACH-000334","DB","Lymphoid","Mature B-Cell Neoplasms","LYMPH","LNM","NHL","MBN","DLBCLNOS","","True","True","True","True","True","Undefined","Undefined","False"
"ACH-000817","RPMI8226","Lymphoid","Mature B-Cell Neoplasms","LYMPH","LNM","NHL","MBN","PCM","","True","True","True","True","True","Undefined","Undefined","False"
"ACH-000028","KPL1","Breast","Invasive Breast Carcinoma","BREAST","BRCA","","","","","True","True","True","True","True","Undefined","Undefined","False"
"ACH-000045","MV411","Myeloid","Acute Myeloid Leukemia","MYELOID","MNM","AML","","","","True","True","True","True","True","Undefined","Undefined","False"
"ACH-000143","HCC2429","Lung","Non-Small Cell Lung Cancer","LUNG","NSCLC","NUTCL","","","","True","True","True","True","True","Undefined","Undefined","False"
"ACH-000557","AML193","Myeloid","Acute Myeloid Leukemia","MYELOID","MNM","AML","AMLMRC","","","True","True","True","True","True","Undefined","Undefined","False"
"ACH-000363","SKMM2","Lymphoid","Mature B-Cell Neoplasms","LYMPH","LNM","NHL","MBN","PCM","","True","True","True","True","True","Undefined","Undefined","False"
"ACH-000700","NCIH2882","Lung","Non-Small Cell Lung Cancer","LUNG","NSCLC","LUSC","","","","True","True","True","True","True","Undefined","Undefined","False"
"ACH-000559","NCIH1836","Lung","Lung Neuroendocrine Tumor","LUNG","LNET","SCLC","","","","True","True","True","True","True","Undefined","Undefined","False"
"ACH-000655","SF268","CNS/Brain","Adult-Type Diffuse Glioma","BRAIN","DIFG","ADIFG","ASTR","","","True","True","True","True","True","Undefined","Undefined","False"
"ACH-000460","SNU8","Ovary/Fallopian Tube","Ovarian Epithelial Tumor","OVARY","OVT","SOC","","","","True","True","True","True","True","Undefined","Undefined","False"
"ACH-000960","REH","Lymphoid","B-Cell Acute Lymphoblastic Leukemia","LYMPH","LNM","BALL","BALL:ETV6-RUNX1","","","True","True","True","True","True","Undefined","Undefined","False"
"ACH-000317","TUHR14TKB","Kidney","Renal Cell Carcinoma","KIDNEY","RCC","","","","","True","True","True","True","True","Undefined","Undefined","False"
"ACH-000017","SKBR3","Breast","Invasive Breast Carcinoma","BREAST","BRCA","","","","","True","True","True","True","True","Undefined","Undefined","False"
"ACH-000490","SF767","Cervix","Cervical Squamous Cell Carcinoma","CERVIX","CESC","","","","","True","True","True","True","True","Undefined","Undefined","False"
"ACH-000238","SCC4","Head and Neck","Head and Neck Squamous Cell Carcinoma","HEAD_NECK","HNSC","OCSC","","","","True","True","True","True","True","Undefined","Undefined","False"
"ACH-000127","SLR20","Bladder/Urinary Tract","Bladder Urothelial Carcinoma","BLADDER","BLCA","","","","","True","True","True","True","True","Undefined","Undefined","False"
"ACH-000874","RS411","Lymphoid","B-Cell Acute Lymphoblastic Leukemia","LYMPH","LNM","BALL","BALL:KMT2AFusions","","","True","True","True","True","True","Undefined","Undefined","False"
"ACH-001053","D425","CNS/Brain","Embryonal Tumor","BRAIN","EMBT","MBL","MBLNWS","MBLG3","","True","True","True","True","True","Undefined","Undefined","False"
"ACH-000554","UACC893","Breast","Invasive Breast Carcinoma","BREAST","BRCA","ILC","","","","True","True","True","True","True","Undefined","Undefined","False"
"ACH-001054","D458","CNS/Brain","Embryonal Tumor","BRAIN","EMBT","MBL","MBLNWS","MBLG3","","True","True","True","True","True","Undefined","Undefined","False"
"ACH-000304","WM115","Skin","Melanoma","SKIN","MEL","","","","","True","True","True","True","True","Undefined","Undefined","False"
"ACH-000487","F36P","Myeloid","Acute Myeloid Leukemia","MYELOID","MNM","AML","AMLNOS","","","True","True","True","True","True","Undefined","Undefined","False"
"ACH-000455","LN428","CNS/Brain","Adult-Type Diffuse Glioma","BRAIN","DIFG","ADIFG","GB","","","True","True","True","True","True","Undefined","Undefined","False"
"ACH-000263","KASUMI1","Myeloid","Acute Myeloid Leukemia","MYELOID","MNM","AML","","","","True","True","True","True","True","Undefined","Undefined","False"
"ACH-000718","NCIH2291","Lung","Non-Small Cell Lung Cancer","LUNG","NSCLC","LUAD","","","","True","True","True","True","True","Undefined","Undefined","False"
"ACH-000029","HCC827GR5","Lung","Non-Small Cell Lung Cancer","LUNG","NSCLC","LUAD","","","","True","True","True","True","True","Undefined","Undefined","False"
"ACH-001275","SYO1","Bone","Osteosarcoma","BONE","OS","","","","","True","True","True","True","True","Undefined","Undefined","False"
"ACH-001061","DLD1","Bowel","Colorectal Adenocarcinoma","BOWEL","COADREAD","COAD","","","","True","True","True","True","True","Undefined","Undefined","False"
"ACH-000337","NCIH3122","Lung","Non-Small Cell Lung Cancer","LUNG","NSCLC","LUAD","","","","True","True","True","True","True","Undefined","Undefined","False"
"ACH-000725","HCC202","Breast","Breast Ductal Carcinoma In Situ","BREAST","DCIS","","","","","True","True","True","True","True","Undefined","Undefined","False"
"ACH-000621","MDAMB157","Breast","Invasive Breast Carcinoma","BREAST","BRCA","IDC","","","","True","True","True","True","True","Undefined","Undefined","False"
"ACH-000009","C2BBE1","Bowel","Colorectal Adenocarcinoma","BOWEL","COADREAD","COAD","","","","True","True","True","True","True","Undefined","Undefined","False"
"ACH-000438","LU65","Lung","Non-Small Cell Lung Cancer","LUNG","NSCLC","LCLC","GCLC","","","True","True","True","True","True","Undefined","Undefined","False"
"ACH-000767","NCIH526","Lung","Lung Neuroendocrine Tumor","LUNG","LNET","SCLC","","","","True","True","True","True","True","Undefined","Undefined","False"
"ACH-000799","HS695T","Skin","Melanoma","SKIN","MEL","","","","","True","True","True","True","True","Undefined","Undefined","False"
"ACH-000290","NCIH209","Lung","Lung Neuroendocrine Tumor","LUNG","LNET","SCLC","","","","True","True","True","True","True","Undefined","Undefined","False"
"ACH-000448","NCIH1666","Lung","Non-Small Cell Lung Cancer","LUNG","NSCLC","LUAD","","","","True","True","True","True","True","Undefined","Undefined","False"
"ACH-000272","SLR24","Kidney","Renal Cell Carcinoma","KIDNEY","RCC","CCRCC","","","","True","True","True","True","True","Undefined","Undefined","False"
"ACH-000095","D341MED","CNS/Brain","Embryonal Tumor","BRAIN","EMBT","MBL","MBLNWS","MBLG3","","True","True","True","True","True","Undefined","Undefined","False"
"ACH-000253","COLO201","Bowel","Colorectal Adenocarcinoma","BOWEL","COADREAD","COAD","","","","True","True","True","True","True","Undefined","Undefined","False"
"ACH-000969","KM12","Bowel","Colorectal Adenocarcinoma","BOWEL","COADREAD","COAD","","","","True","True","True","True","True","Undefined","Undefined","False"
"ACH-000709","KMRC2","Kidney","Renal Cell Carcinoma","KIDNEY","RCC","CCRCC","","","","True","True","True","True","True","Undefined","Undefined","False"
"ACH-000111","HCC1187","Breast","Invasive Breast Carcinoma","BREAST","BRCA","IDC","","","","True","True","True","True","True","Undefined","Undefined","False"
"ACH-000807","SNU738","CNS/Brain","Adult-Type Diffuse Glioma","BRAIN","DIFG","ADIFG","","","","True","True","True","True","True","Undefined","Undefined","False"
"ACH-000262","UOK101","Kidney","Renal Cell Carcinoma","KIDNEY","RCC","CCRCC","","","","True","True","True","True","True","Undefined","Undefined","False"
"ACH-000024","OPM2","Lymphoid","Mature B-Cell Neoplasms","LYMPH","LNM","NHL","MBN","PCM","","True","True","True","True","True","Undefined","Undefined","False"
"ACH-000668","HCC70","Breast","Invasive Breast Carcinoma","BREAST","BRCA","IDC","","","","True","True","True","True","True","Undefined","Undefined","False"
"ACH-000861","HOP62","Lung","Non-Small Cell Lung Cancer","LUNG","NSCLC","LUAD","","","","True","True","True","True","True","Undefined","Undefined","False"
"ACH-000912","NCIH2286","Lung","Lung Neuroendocrine Tumor","LUNG","LNET","SCLC","","","","True","True","True","True","True","Undefined","Undefined","False"
"ACH-000596","LCLC97TM1","Lung","Non-Small Cell Lung Cancer","LUNG","NSCLC","LCLC","","","","True","True","True","True","True","Undefined","Undefined","False"
"ACH-000975","HCC2450","Lung","Non-Small Cell Lung Cancer","LUNG","NSCLC","LUSC","","","","True","True","True","True","True","Undefined","Undefined","False"
"ACH-000247","OCUM1","Esophagus/Stomach","Esophagogastric Adenocarcinoma","STOMACH","EGC","STAD","DSTAD","","","True","True","True","True","True","Undefined","Undefined","False"
"ACH-000251","NCIH2887","Lung","Non-Small Cell Lung Cancer","LUNG","NSCLC","","","","","True","True","True","True","True","Undefined","Undefined","False"
"ACH-000889","KMM1","Lymphoid","Mature B-Cell Neoplasms","LYMPH","LNM","NHL","MBN","PCM","","True","True","True","True","True","Undefined","Undefined","False"
"ACH-000580","C32","Skin","Melanoma","SKIN","MEL","","","","","True","True","True","False","True","Undefined","Undefined","True"
"ACH-000550","IGR39","Skin","Melanoma","SKIN","MEL","","","","","True","True","True","False","True","Undefined","Undefined","True"
"ACH-000632","HS944T","Skin","Melanoma","SKIN","MEL","SKCM","","","","True","True","True","False","True","Undefined","Undefined","True"
"ACH-000090","PC3","Prostate","Prostate Adenocarcinoma","PROSTATE","PRAD","","","","","True","True","True","False","True","Undefined","Undefined","True"
"ACH-000479","KNS81","CNS/Brain","Adult-Type Diffuse Glioma","BRAIN","DIFG","ADIFG","GB","","","True","True","True","False","True","Undefined","Undefined","True"
"ACH-000454","HCC95","Lung","Non-Small Cell Lung Cancer","LUNG","NSCLC","LUSC","","","","True","True","True","False","True","Undefined","Undefined","True"
"ACH-000014","HS294T","Skin","Melanoma","SKIN","MEL","","","","","True","True","True","False","True","Undefined","Undefined","True"
"ACH-000164","PANC1","Pancreas","Pancreatic Adenocarcinoma","PANCREAS","PAAD","","","","","True","True","True","False","True","Undefined","Undefined","True"
"ACH-000859","HCC1954","Breast","Invasive Breast Carcinoma","BREAST","BRCA","IDC","","","","True","True","True","False","True","Undefined","Undefined","True"
"ACH-000901","HCC1359","Lung","Non-Small Cell Lung Cancer","LUNG","NSCLC","LCLC","GCLC","","","True","True","True","False","True","Undefined","Undefined","True"
"ACH-001239","WM2664","Skin","Melanoma","SKIN","MEL","","","","","True","True","True","False","True","Undefined","Undefined","True"
"ACH-000739","HEPG2","Liver","Hepatoblastoma","LIVER","LIHB","","","","","True","True","True","False","True","Undefined","Undefined","True"
"ACH-000961","ISHIKAWAHERAKLIO02ER","Uterus","Endometrial Carcinoma","UTERUS","UCEC","","","","","True","True","True","False","True","Undefined","Undefined","True"
"ACH-001036","CMK115","Myeloid","Acute Myeloid Leukemia","MYELOID","MNM","AML","MPRDS","MLADS","","True","True","True","False","True","Undefined","Undefined","False"
"ACH-000216","JHESOAD1","Esophagus/Stomach","Esophagogastric Adenocarcinoma","STOMACH","EGC","ESCA","","","","True","True","True","False","True","Undefined","Undefined","False"
"ACH-000299","HNT34","Myeloid","Acute Myeloid Leukemia","MYELOID","MNM","AML","","","","True","True","True","False","True","Undefined","Undefined","False"
"ACH-001393","SUM190PT","Breast","Invasive Breast Carcinoma","BREAST","BRCA","","","","","True","True","True","False","True","Undefined","Undefined","False"
"ACH-000823","KYSE140","Esophagus/Stomach","Esophageal Squamous Cell Carcinoma","STOMACH","ESCC","","","","","True","True","False","True","True","Undefined","Undefined","True"
"ACH-000161","CORL105","Lung","Non-Small Cell Lung Cancer","LUNG","NSCLC","LUAD","","","","True","True","False","True","True","Undefined","Undefined","True"
"ACH-000138","CFPAC1","Pancreas","Pancreatic Adenocarcinoma","PANCREAS","PAAD","","","","","True","True","False","True","True","Undefined","Undefined","True"
"ACH-000255","LMSU","Esophagus/Stomach","Esophagogastric Adenocarcinoma","STOMACH","EGC","STAD","","","","True","True","False","True","True","Undefined","Undefined","True"
"ACH-000430","TYKNU","Ovary/Fallopian Tube","Ovarian Epithelial Tumor","OVARY","OVT","SOC","HGSOC","","","True","True","False","True","True","Undefined","Undefined","True"
"ACH-000518","CAL33","Head and Neck","Head and Neck Squamous Cell Carcinoma","HEAD_NECK","HNSC","OCSC","","","","True","True","False","True","True","Undefined","Undefined","True"
"ACH-000178","HS766T","Pancreas","Pancreatic Adenocarcinoma","PANCREAS","PAAD","","","","","True","True","False","True","True","Undefined","Undefined","True"
"ACH-000446","KPNSI9S","Peripheral Nervous System","Neuroblastoma","PNS","NBL","","","","","True","True","False","True","True","Undefined","Undefined","True"
"ACH-000597","TTC709","Soft Tissue","Rhabdoid Cancer","SOFT_TISSUE","ERT","","","","","True","True","False","True","True","Undefined","Undefined","True"
"ACH-000775","NCIH727","Lung","Lung Neuroendocrine Tumor","LUNG","LNET","LUCA","","","","True","True","False","True","True","Undefined","Undefined","True"
"ACH-000305","ECGI10","Esophagus/Stomach","Esophageal Squamous Cell Carcinoma","STOMACH","ESCC","","","","","True","True","False","True","True","Undefined","Undefined","True"
"ACH-000677","SW1573","Lung","Non-Small Cell Lung Cancer","LUNG","NSCLC","LUAD","","","","True","True","False","True","True","Undefined","Undefined","True"
"ACH-000414","NCIH1944","Lung","Non-Small Cell Lung Cancer","LUNG","NSCLC","LUAD","","","","True","True","False","True","True","Undefined","Undefined","True"
"ACH-000458","CJM","Skin","Melanoma","SKIN","MEL","","","","","True","True","False","True","True","Undefined","Undefined","True"
"ACH-000209","SNU1079","Biliary Tract","Intraductal Papillary Neoplasm of the Bile Duct","BILIARY_TRACT","IPN","CHOL","IHCH","","","True","True","False","True","True","Undefined","Undefined","True"
"ACH-000294","NB4","Myeloid","Acute Myeloid Leukemia","MYELOID","APL","","","","","True","True","False","True","True","Undefined","Undefined","True"
"ACH-000094","HPAFII","Pancreas","Pancreatic Adenocarcinoma","PANCREAS","PAAD","","","","","True","True","False","True","True","Undefined","Undefined","True"
"ACH-000757","A427","Lung","Non-Small Cell Lung Cancer","LUNG","NSCLC","LUAD","","","","True","True","False","True","True","Undefined","Undefined","True"
"ACH-000425","UACC62","Skin","Melanoma","SKIN","MEL","","","","","True","True","False","True","True","Undefined","Undefined","True"
"ACH-000926","HT55","Bowel","Colorectal Adenocarcinoma","BOWEL","COADREAD","COAD","","","","True","True","False","True","True","Undefined","Undefined","True"
"ACH-000863","DBTRG05MG","CNS/Brain","Adult-Type Diffuse Glioma","BRAIN","DIFG","ADIFG","GB","","","True","True","False","True","True","Undefined","Undefined","True"
"ACH-000495","TUHR4TKB","Kidney","Renal Cell Carcinoma","KIDNEY","RCC","","","","","True","True","False","True","True","Undefined","Undefined","True"
"ACH-000774","RERFLCAD2","Lung","Non-Small Cell Lung Cancer","LUNG","NSCLC","LUAD","","","","True","True","False","True","True","Undefined","Undefined","True"
"ACH-000794","BICR22","Head and Neck","Head and Neck Squamous Cell Carcinoma","HEAD_NECK","HNSC","OCSC","","","","True","True","False","True","True","Undefined","Undefined","True"
"ACH-000916","NCIH1573","Lung","Non-Small Cell Lung Cancer","LUNG","NSCLC","LUAD","","","","True","True","False","True","True","Undefined","Undefined","True"
"ACH-000741","UBLC1","Bladder/Urinary Tract","Bladder Urothelial Carcinoma","BLADDER","BLCA","","","","","True","True","False","True","True","Undefined","Undefined","True"
"ACH-000685","L33","Pancreas","Adenosquamous Carcinoma of the Pancreas","PANCREAS","PAASC","","","","","True","True","False","True","True","Undefined","Undefined","True"
"ACH-000717","COLO680N","Esophagus/Stomach","Esophageal Squamous Cell Carcinoma","STOMACH","ESCC","","","","","True","True","False","True","True","Undefined","Undefined","True"
"ACH-000984","HEC6","Uterus","Endometrial Carcinoma","UTERUS","UCEC","UASC","","","","True","True","False","True","True","Undefined","Undefined","True"
"ACH-000860","NCIH358","Lung","Non-Small Cell Lung Cancer","LUNG","NSCLC","LUAD","","","","True","True","False","True","True","Undefined","Undefined","True"
"ACH-000962","OC314","Ovary/Fallopian Tube","Ovarian Epithelial Tumor","OVARY","OVT","SOC","","","","True","True","False","True","True","Undefined","Undefined","True"
"ACH-000787","LXF289","Lung","Non-Small Cell Lung Cancer","LUNG","NSCLC","LUAD","","","","True","True","False","True","True","Undefined","Undefined","True"
"ACH-000886","NCIH2009","Lung","Non-Small Cell Lung Cancer","LUNG","NSCLC","LUAD","","","","True","True","False","True","True","Undefined","Undefined","True"
"ACH-000672","IALM","Lung","Non-Small Cell Lung Cancer","LUNG","NSCLC","LCLC","","","","True","True","False","True","True","Undefined","Undefined","True"
"ACH-000472","HSC2","Head and Neck","Head and Neck Squamous Cell Carcinoma","HEAD_NECK","HNSC","OCSC","","","","True","True","False","True","True","Undefined","Undefined","True"
"ACH-000558","A172","CNS/Brain","Adult-Type Diffuse Glioma","BRAIN","DIFG","ADIFG","GB","","","True","True","False","True","True","Undefined","Undefined","True"
"ACH-000549","SNU1076","Head and Neck","Head and Neck Squamous Cell Carcinoma","HEAD_NECK","HNSC","LXSC","","","","True","True","False","True","True","Undefined","Undefined","True"
"ACH-000563","EBC1","Lung","Non-Small Cell Lung Cancer","LUNG","NSCLC","LUSC","","","","True","True","False","True","True","Undefined","Undefined","True"
"ACH-000609","SF126","CNS/Brain","Adult-Type Diffuse Glioma","BRAIN","DIFG","ADIFG","GB","","","True","True","False","True","True","Undefined","Undefined","True"
"ACH-000176","LOUNH91","Lung","Non-Small Cell Lung Cancer","LUNG","NSCLC","LUSC","","","","True","True","False","True","True","Undefined","Undefined","True"
"ACH-000434","NCIH1915","Lung","Non-Small Cell Lung Cancer","LUNG","NSCLC","LCLC","","","","True","True","False","True","True","Undefined","Undefined","True"
"ACH-000269","AM38","CNS/Brain","Adult-Type Diffuse Glioma","BRAIN","DIFG","ADIFG","GB","","","True","True","False","True","True","Undefined","Undefined","True"
"ACH-000485","GSU","Esophagus/Stomach","Esophagogastric Adenocarcinoma","STOMACH","EGC","STAD","","","","True","True","False","True","True","Undefined","Undefined","True"
"ACH-001391","SUM159PT","Breast","Invasive Breast Carcinoma","BREAST","BRCA","","","","","True","True","False","True","True","Undefined","Undefined","True"
"ACH-000239","HUG1N","Esophagus/Stomach","Esophagogastric Adenocarcinoma","STOMACH","EGC","STAD","TSTAD","","","True","True","False","True","True","Undefined","Undefined","True"
"ACH-000274","HS852T","Skin","Melanoma","SKIN","MEL","","","","","True","True","False","True","True","Undefined","Undefined","True"
"ACH-000149","SKNSH","Peripheral Nervous System","Neuroblastoma","PNS","NBL","","","","","True","True","False","True","True","Undefined","Undefined","True"
"ACH-000561","TDOTT","Esophagus/Stomach","Esophageal Squamous Cell Carcinoma","STOMACH","ESCC","","","","","True","True","False","True","True","Undefined","Undefined","True"
"ACH-000296","OUMS23","Bowel","Colorectal Adenocarcinoma","BOWEL","COADREAD","COAD","","","","True","True","False","True","True","Undefined","Undefined","True"
"ACH-000631","KS1","CNS/Brain","Adult-Type Diffuse Glioma","BRAIN","DIFG","ADIFG","GB","","","True","True","False","True","True","Undefined","Undefined","True"
"ACH-000885","TOV21G","Ovary/Fallopian Tube","Ovarian Epithelial Tumor","OVARY","OVT","CCOV","","","","True","True","False","True","True","Undefined","Undefined","True"
"ACH-001050","CW9019","Soft Tissue","Rhabdomyosarcoma","SOFT_TISSUE","RMS","ARMS","ARMS:PAX-FOXO1","","","True","True","False","True","True","Undefined","Undefined","True"
"ACH-000884","MDAMB435S","Skin","Melanoma","SKIN","MEL","","","","","True","True","False","True","True","Undefined","Undefined","True"
"ACH-000571","T98G","CNS/Brain","Adult-Type Diffuse Glioma","BRAIN","DIFG","ADIFG","GB","","","True","True","False","True","True","Undefined","Undefined","True"
"ACH-000991","SNU81","Bowel","Colorectal Adenocarcinoma","BOWEL","COADREAD","COAD","","","","True","True","False","True","True","Undefined","Undefined","True"
"ACH-000404","K029AX","Skin","Melanoma","SKIN","MEL","SKCM","","","","True","True","False","True","True","Undefined","Undefined","True"
"ACH-000208","U178","CNS/Brain","Adult-Type Diffuse Glioma","BRAIN","DIFG","ADIFG","ASTR","","","True","True","False","True","True","Undefined","Undefined","True"
"ACH-000765","WM983B","Skin","Melanoma","SKIN","MEL","","","","","True","True","False","True","True","Undefined","Undefined","True"
"ACH-000638","NCIH441","Lung","Non-Small Cell Lung Cancer","LUNG","NSCLC","LUAD","","","","True","True","False","True","True","Undefined","Undefined","True"
"ACH-000213","HUPT4","Pancreas","Pancreatic Adenocarcinoma","PANCREAS","PAAD","","","","","True","True","False","True","True","Undefined","Undefined","True"
"ACH-001390","SUM149PT","Breast","Invasive Breast Carcinoma","BREAST","BRCA","IDC","","","","True","True","False","True","True","Undefined","Undefined","True"
"ACH-000824","KYSE510","Esophagus/Stomach","Esophageal Squamous Cell Carcinoma","STOMACH","ESCC","","","","","True","True","False","True","True","Undefined","Undefined","True"
"ACH-000067","HS683","CNS/Brain","Adult-Type Diffuse Glioma","BRAIN","DIFG","ADIFG","","","","True","True","False","True","True","Undefined","Undefined","True"
"ACH-001396","SUM52PE","Breast","Invasive Breast Carcinoma","BREAST","BRCA","","","","","True","True","False","True","True","Undefined","Undefined","False"
"ACH-001388","SUM102PT","Breast","Invasive Breast Carcinoma","BREAST","BRCA","IDC","","","","True","True","False","True","True","Undefined","Undefined","False"
"ACH-000459","TUHR10TKB","Kidney","Renal Cell Carcinoma","KIDNEY","RCC","CCRCC","","","","True","True","False","True","True","Undefined","Undefined","False"
"ACH-000115","VCAP","Prostate","Prostate Adenocarcinoma","PROSTATE","PRAD","","","","","True","True","False","True","True","Undefined","Undefined","False"
"ACH-000876","MDAMB415","Breast","Invasive Breast Carcinoma","BREAST","BRCA","","","","","True","True","False","True","True","Undefined","Undefined","False"
"ACH-000606","PECAPJ34CLONEC12","Head and Neck","Head and Neck Squamous Cell Carcinoma","HEAD_NECK","HNSC","OCSC","","","","True","True","False","True","True","Undefined","Undefined","False"
"ACH-000491","NCIH716","Bowel","Colorectal Adenocarcinoma","BOWEL","COADREAD","COAD","","","","True","True","False","True","True","Undefined","Undefined","False"
"ACH-000055","D283MED","CNS/Brain","Embryonal Tumor","BRAIN","EMBT","MBL","MBLNOS","","","True","True","False","True","True","Undefined","Undefined","False"
"ACH-001048","COV504","Ovary/Fallopian Tube","Ovarian Epithelial Tumor","OVARY","OVT","SOC","","","","True","True","False","True","True","Undefined","Undefined","False"
"ACH-000436","OCIMY7","Lymphoid","Mature B-Cell Neoplasms","LYMPH","LNM","NHL","MBN","PCM","","True","True","False","True","True","Undefined","Undefined","False"
"ACH-000722","SNUC1","Bowel","Colorectal Adenocarcinoma","BOWEL","COADREAD","COAD","","","","True","True","False","True","True","Undefined","Undefined","False"
"ACH-001270","127399","Soft Tissue","Synovial Sarcoma","SOFT_TISSUE","SYNS","","","","","True","True","False","True","True","Undefined","Undefined","False"
"ACH-000980","NCIH1155","Lung","Non-Small Cell Lung Cancer","LUNG","NSCLC","LCLC","","","","True","True","False","True","True","Undefined","Undefined","False"
"ACH-001392","SUM185PE","Breast","Invasive Breast Carcinoma","BREAST","BRCA","","","","","True","True","False","True","True","Undefined","Undefined","False"
"ACH-000512","INA6","Lymphoid","Mature B-Cell Neoplasms","LYMPH","LNM","NHL","MBN","PCM","","True","True","False","True","True","Undefined","Undefined","False"
"ACH-000103","CAOV4","Ovary/Fallopian Tube","Ovarian Epithelial Tumor","OVARY","OVT","SOC","HGSOC","","","True","True","False","True","True","Undefined","Undefined","False"
"ACH-000864","COLO684","Uterus","Endometrial Carcinoma","UTERUS","UCEC","","","","","True","True","False","True","True","Undefined","Undefined","False"
"ACH-000100","RH41","Soft Tissue","Rhabdomyosarcoma","SOFT_TISSUE","RMS","ARMS","ARMS:PAX-FOXO1","","","True","True","False","True","True","Undefined","Undefined","False"
"ACH-000591","LN235","CNS/Brain","Adult-Type Diffuse Glioma","BRAIN","DIFG","ADIFG","ASTR","","","True","True","False","True","True","Undefined","Undefined","False"
"ACH-000303","SNU5","Esophagus/Stomach","Esophagogastric Adenocarcinoma","STOMACH","EGC","STAD","","","","True","True","False","True","True","Undefined","Undefined","False"
"ACH-001389","SUM1315MO2","Breast","Invasive Breast Carcinoma","BREAST","BRCA","IDC","","","","True","True","False","True","True","Undefined","Undefined","False"
"ACH-000851","MORCPR","Lung","Non-Small Cell Lung Cancer","LUNG","NSCLC","LUAD","","","","True","True","False","True","True","Undefined","Undefined","False"
"ACH-001394","SUM229PE","Breast","Invasive Breast Carcinoma","BREAST","BRCA","","","","","True","True","False","True","True","Undefined","Undefined","False"
"ACH-000556","SIHA","Cervix","Cervical Squamous Cell Carcinoma","CERVIX","CESC","","","","","True","True","False","True","True","Undefined","Undefined","False"
"ACH-001819","MFM223","Breast","Invasive Breast Carcinoma","BREAST","BRCA","IDC","","","","True","True","False","True","True","Undefined","Undefined","False"
"ACH-000271","SUDHL10","Lymphoid","Mature B-Cell Neoplasms","LYMPH","LNM","NHL","MBN","DLBCLNOS","","True","True","False","True","True","Undefined","Undefined","False"
"ACH-000339","HCC461","Lung","Non-Small Cell Lung Cancer","LUNG","NSCLC","LUAD","","","","True","True","False","True","True","Undefined","Undefined","False"
"ACH-000835","GCT","Soft Tissue","Undifferentiated Pleomorphic Sarcoma/Malignant Fibrous Histiocytoma/High-Grade Spindle Cell Sarcoma","SOFT_TISSUE","MFH","","","","","True","False","True","True","True","Undefined","Undefined","True"
"ACH-000145","SKLMS1","Soft Tissue","Leiomyosarcoma","SOFT_TISSUE","LMS","","","","","True","False","True","True","True","Undefined","Undefined","True"
"ACH-001502","GCT27","Testis","Non-Seminomatous Germ Cell Tumor","TESTIS","NSGCT","TT","","","","True","False","True","True","True","Undefined","Undefined","True"
"ACH-000802","BFTC905","Bladder/Urinary Tract","Bladder Urothelial Carcinoma","BLADDER","BLCA","","","","","True","False","True","True","True","Undefined","Undefined","True"
"ACH-001668","SUSA","Testis","Non-Seminomatous Germ Cell Tumor","TESTIS","NSGCT","TT","","","","True","False","True","True","True","Undefined","Undefined","True"
"ACH-000204","LP1","Lymphoid","Mature B-Cell Neoplasms","LYMPH","LNM","NHL","MBN","PCM","","True","False","True","True","True","Undefined","Undefined","True"
"ACH-000101","KE37","Lymphoid","T-Lymphoblastic Leukemia/Lymphoma","LYMPH","LNM","TALL","","","","True","False","True","True","True","Undefined","Undefined","True"
"ACH-000503","BICR16","Head and Neck","Head and Neck Squamous Cell Carcinoma","HEAD_NECK","HNSC","OCSC","","","","True","False","True","True","True","Undefined","Undefined","True"
"ACH-002046","HTMMT","Uterus","Endometrial Carcinoma","UTERUS","UCEC","UCS","","","","True","False","True","True","True","Undefined","Undefined","True"
"ACH-000983","KCL22","Myeloid","Myeloproliferative Neoplasms","MYELOID","MNM","MPN","CML","CMLBCRABL1","","True","False","True","True","True","Undefined","Undefined","True"
"ACH-000618","SNU1041","Head and Neck","Head and Neck Squamous Cell Carcinoma","HEAD_NECK","HNSC","HPHSC","","","","True","False","True","True","True","Undefined","Undefined","True"
"ACH-001509","H357","Head and Neck","Head and Neck Squamous Cell Carcinoma","HEAD_NECK","HNSC","OCSC","","","","True","False","True","True","True","Undefined","Undefined","True"
"ACH-000338","SR786","Lymphoid","Mature T and NK Neoplasms","LYMPH","LNM","NHL","MTNN","ALCL","ALCLALKP","True","False","True","True","True","Undefined","Undefined","True"
"ACH-000896","647V","Bladder/Urinary Tract","Bladder Urothelial Carcinoma","BLADDER","BLCA","","","","","True","False","True","True","True","Undefined","Undefined","True"
"ACH-001300","CHLA15","Peripheral Nervous System","Neuroblastoma","PNS","NBL","","","","","True","False","True","True","True","Undefined","Undefined","True"
"ACH-000976","HUCCT1","Biliary Tract","Intraductal Papillary Neoplasm of the Bile Duct","BILIARY_TRACT","IPN","CHOL","IHCH","","","True","False","True","True","True","Undefined","Undefined","True"
"ACH-000839","SCABER","Bladder/Urinary Tract","Bladder Squamous Cell Carcinoma","BLADDER","BLSC","","","","","True","False","True","True","True","Undefined","Undefined","True"
"ACH-001526","HUO9","Bone","Osteosarcoma","BONE","OS","","","","","True","False","True","True","True","Undefined","Undefined","True"
"ACH-000373","SKM1","Myeloid","Acute Myeloid Leukemia","MYELOID","MNM","AML","","","","True","False","True","True","True","Undefined","Undefined","True"
"ACH-001669","TANOUE","Lymphoid","B-Cell Acute Lymphoblastic Leukemia","LYMPH","LNM","BALL","","","","True","False","True","True","True","Undefined","Undefined","True"
"ACH-002048","RMSYM","Soft Tissue","Rhabdomyosarcoma","SOFT_TISSUE","RMS","ERMS","","","","True","False","True","True","True","Undefined","Undefined","True"
"ACH-001624","ONDA9","CNS/Brain","Adult-Type Diffuse Glioma","BRAIN","DIFG","ADIFG","GB","","","True","False","True","True","True","Undefined","Undefined","True"
"ACH-001619","OCUG1","Biliary Tract","Intracholecystic Papillary Neoplasm","BILIARY_TRACT","ICPN","GBC","GBAD","","","True","False","True","True","True","Undefined","Undefined","True"
"ACH-002016","MEL290","Eye","Ocular Melanoma","EYE","OM","UM","","","","True","False","True","True","True","Undefined","Undefined","True"
"ACH-001184","SCMCRM2","Soft Tissue","Rhabdomyosarcoma","SOFT_TISSUE","RMS","ARMS","ARMS:PAX-FOXO1","","","True","False","True","True","True","Undefined","Undefined","True"
"ACH-000329","CCFSTTG1","CNS/Brain","Adult-Type Diffuse Glioma","BRAIN","DIFG","ADIFG","ASTR","","","True","False","True","True","True","Undefined","Undefined","True"
"ACH-002023","TGBC18TKB","Ampulla of Vater","Ampullary Carcinoma","AMPULLA_OF_VATER","AMPCA","","","","","True","False","True","True","True","Undefined","Undefined","True"
"ACH-001283","TC106","Bone","Ewing Sarcoma","BONE","ES","ES:EWSR1-ERG","","","","True","False","True","True","True","Undefined","Undefined","True"
"ACH-001111","L82","Lymphoid","Mature T and NK Neoplasms","LYMPH","LNM","NHL","MTNN","ALCL","ALCLALKP","True","False","True","True","True","Undefined","Undefined","True"
"ACH-000834","UMUC1","Bladder/Urinary Tract","Bladder Urothelial Carcinoma","BLADDER","BLCA","","","","","True","False","True","True","True","Undefined","Undefined","True"
"ACH-001608","NP2","CNS/Brain","Adult-Type Diffuse Glioma","BRAIN","DIFG","ADIFG","GB","","","True","False","True","True","True","Undefined","Undefined","True"
"ACH-001610","NP5","CNS/Brain","Adult-Type Diffuse Glioma","BRAIN","DIFG","ADIFG","GB","","","True","False","True","True","True","Undefined","Undefined","True"
"ACH-001670","TASK1","CNS/Brain","Embryonal Tumor","BRAIN","EMBT","PNET","","","","True","False","True","True","True","Undefined","Undefined","True"
"ACH-001164","CCLFPEDS0003T","Soft Tissue","Undifferentiated Pleomorphic Sarcoma/Malignant Fibrous Histiocytoma/High-Grade Spindle Cell Sarcoma","SOFT_TISSUE","MFH","","","","","True","False","True","True","True","Undefined","Undefined","True"
"ACH-000295","EM2","Myeloid","Myeloproliferative Neoplasms","MYELOID","MNM","MPN","CML","CMLBCRABL1","","True","False","True","True","True","Undefined","Undefined","True"
"ACH-000151","JM1","Lymphoid","B-Cell Acute Lymphoblastic Leukemia","LYMPH","LNM","BALL","","","","True","False","True","True","True","Undefined","Undefined","True"
"ACH-001696","UPCISCC111","Head and Neck","Head and Neck Squamous Cell Carcinoma","HEAD_NECK","HNSC","OCSC","","","","True","False","True","True","True","Undefined","Undefined","True"
"ACH-001401","SW13","Adrenal Gland","Adrenocortical Carcinoma","ADRENAL_GLAND","ACC","","","","","True","False","True","True","True","Undefined","Undefined","True"
"ACH-000387","TF1","Myeloid","Acute Myeloid Leukemia","MYELOID","MNM","AML","AMLNOS","","","True","False","True","True","True","Undefined","Undefined","True"
"ACH-001128","MON","Soft Tissue","Rhabdoid Cancer","SOFT_TISSUE","ERT","","","","","True","False","True","True","True","Undefined","Undefined","True"
"ACH-001421","WERIRB1","Eye","Retinoblastoma","EYE","RBL","","","","","True","False","True","True","True","Undefined","Undefined","True"
"ACH-000293","KLE","Uterus","Endometrial Carcinoma","UTERUS","UCEC","","","","","True","False","True","True","True","Undefined","Undefined","True"
"ACH-000221","SNU398","Liver","Hepatocellular Carcinoma","LIVER","HCC","","","","","True","False","True","True","True","Undefined","Undefined","True"
"ACH-001301","COGN278","Peripheral Nervous System","Neuroblastoma","PNS","NBL","","","","","True","False","True","True","True","Undefined","Undefined","True"
"ACH-000076","NCO2","Myeloid","Myeloproliferative Neoplasms","MYELOID","MNM","MPN","CML","CMLBCRABL1","","True","False","True","True","True","Undefined","Undefined","True"
"ACH-000053","KARPAS299","Lymphoid","Mature T and NK Neoplasms","LYMPH","LNM","NHL","MTNN","ALCL","ALCLALKP","True","False","True","True","True","Undefined","Undefined","True"
"ACH-000389","H4","CNS/Brain","Adult-Type Diffuse Glioma","BRAIN","DIFG","ADIFG","ASTR","","","True","False","True","True","True","Undefined","Undefined","True"
"ACH-000198","EOL1","Myeloid","Acute Myeloid Leukemia","MYELOID","MNM","AML","","","","True","False","True","True","True","Undefined","Undefined","True"
"ACH-001574","MOLM14","Myeloid","Acute Myeloid Leukemia","MYELOID","MNM","AML","","","","True","False","True","True","True","Undefined","Undefined","True"
"ACH-000516","CAL78","Bone","Chondrosarcoma","BONE","CHS","DDCHS","","","","True","False","True","True","True","Undefined","Undefined","True"
"ACH-000682","SNU1066","Head and Neck","Head and Neck Squamous Cell Carcinoma","HEAD_NECK","HNSC","LXSC","","","","True","False","True","True","True","Undefined","Undefined","True"
"ACH-001334","C4I","Cervix","Cervical Squamous Cell Carcinoma","CERVIX","CESC","","","","","True","False","True","True","True","Undefined","Undefined","True"
"ACH-001431","TC205","Bone","Ewing Sarcoma","BONE","ES","ES:EWSR1-FEV","","","","True","False","True","True","True","Undefined","Undefined","True"
"ACH-001707","WAOSEL","Lymphoid","Mature B-Cell Neoplasms","LYMPH","LNM","NHL","MBN","CLLSLL","","True","False","True","True","True","Undefined","Undefined","True"
"ACH-000921","NCIH157DM","Lung","Non-Small Cell Lung Cancer","LUNG","NSCLC","LUSC","","","","True","False","True","True","True","Undefined","Undefined","True"
"ACH-002025","TT1TKB","Bowel","Colorectal Adenocarcinoma","BOWEL","COADREAD","READ","","","","True","False","True","True","True","Undefined","Undefined","True"
"ACH-001715","CAL72","Bone","Osteosarcoma","BONE","OS","","","","","True","False","True","True","True","Undefined","Undefined","True"
"ACH-001398","SW156","Kidney","Renal Cell Carcinoma","KIDNEY","RCC","","","","","True","False","True","True","True","Undefined","Undefined","True"
"ACH-000359","MG63","Bone","Osteosarcoma","BONE","OS","","","","","True","False","True","True","True","Undefined","Undefined","True"
"ACH-000331","ISTMES2","Pleura","Pleural Mesothelioma","PLEURA","PLMESO","PLEMESO","","","","True","False","True","True","True","Undefined","Undefined","True"
"ACH-000085","T3M4","Pancreas","Pancreatic Adenocarcinoma","PANCREAS","PAAD","","","","","True","False","True","True","True","Undefined","Undefined","True"
"ACH-000332","YAPC","Pancreas","Pancreatic Adenocarcinoma","PANCREAS","PAAD","","","","","True","False","True","True","True","Undefined","Undefined","True"
"ACH-001029","CHLA10","Bone","Ewing Sarcoma","BONE","ES","ES:EWSR1-FLI1","","","","True","False","True","True","True","Undefined","Undefined","True"
"ACH-000477","MALME3M","Skin","Melanoma","SKIN","MEL","","","","","True","False","True","True","True","Undefined","Undefined","True"
"ACH-000616","HS746T","Esophagus/Stomach","Esophagogastric Adenocarcinoma","STOMACH","EGC","STAD","","","","True","False","True","True","True","Undefined","Undefined","True"
"ACH-001702","VAESBJ","Soft Tissue","Epithelioid Sarcoma","SOFT_TISSUE","EPIS","","","","","True","False","True","True","True","Undefined","Undefined","True"
"ACH-000623","SNU201","CNS/Brain","Adult-Type Diffuse Glioma","BRAIN","DIFG","ADIFG","GB","","","True","False","True","True","True","Undefined","Undefined","True"
"ACH-001765","RH4","Soft Tissue","Rhabdomyosarcoma","SOFT_TISSUE","RMS","ARMS","ARMS:PAX-FOXO1","","","True","False","True","True","True","Undefined","Undefined","True"
"ACH-001205","TC32","Bone","Ewing Sarcoma","BONE","ES","ES:EWSR1-FLI1","","","","True","False","True","True","True","Undefined","Undefined","True"
"ACH-000941","HEC1B","Uterus","Endometrial Carcinoma","UTERUS","UCEC","","","","","True","False","True","True","True","Undefined","Undefined","True"
"ACH-000664","SUDHL1","Lymphoid","Mature T and NK Neoplasms","LYMPH","LNM","NHL","MTNN","ALCL","ALCLALKP","True","False","True","True","True","Undefined","Undefined","True"
"ACH-000013","ONCODG1","Ovary/Fallopian Tube","Ovarian Epithelial Tumor","OVARY","OVT","SOC","HGSOC","","","True","False","True","True","True","Undefined","Undefined","True"
"ACH-001344","GIMEN","Peripheral Nervous System","Neuroblastoma","PNS","NBL","","","","","True","False","True","True","True","Undefined","Undefined","True"
"ACH-000905","5637","Bladder/Urinary Tract","Bladder Urothelial Carcinoma","BLADDER","BLCA","","","","","True","False","True","True","True","Undefined","Undefined","True"
"ACH-000167","KE97","Lymphoid","Mature B-Cell Neoplasms","LYMPH","LNM","NHL","MBN","PCM","","True","False","True","True","True","Undefined","Undefined","True"
"ACH-001548","LS","Peripheral Nervous System","Neuroblastoma","PNS","NBL","","","","","True","False","True","True","True","Undefined","Undefined","True"
"ACH-000937","PF382","Lymphoid","T-Lymphoblastic Leukemia/Lymphoma","LYMPH","LNM","TALL","","","","True","False","True","True","True","Undefined","Undefined","True"
"ACH-001442","A388","Skin","Cutaneous Squamous Cell Carcinoma","SKIN","CSCC","","","","","True","False","True","True","True","Undefined","Undefined","True"
"ACH-000137","8MGBA","CNS/Brain","Adult-Type Diffuse Glioma","BRAIN","DIFG","ADIFG","GB","","","True","False","True","True","True","Undefined","Undefined","True"
"ACH-002042","T3M5","Head and Neck","Head and Neck Squamous Cell Carcinoma","HEAD_NECK","HNSC","","","","","True","False","True","True","True","Undefined","Undefined","True"
"ACH-000099","SIMA","Peripheral Nervous System","Neuroblastoma","PNS","NBL","","","","","True","False","True","True","True","Undefined","Undefined","True"
"ACH-000335","MSTO211H","Pleura","Pleural Mesothelioma","PLEURA","PLMESO","PLBMESO","","","","True","False","True","True","True","Undefined","Undefined","True"
"ACH-000843","HARA","Lung","Non-Small Cell Lung Cancer","LUNG","NSCLC","LUSC","","","","True","False","True","True","True","Undefined","Undefined","True"
"ACH-000514","NCIH1092","Lung","Lung Neuroendocrine Tumor","LUNG","LNET","SCLC","","","","True","False","True","True","True","Undefined","Undefined","True"
"ACH-000078","MHHNB11","Peripheral Nervous System","Neuroblastoma","PNS","NBL","","","","","True","False","True","True","True","Undefined","Undefined","True"
"ACH-000714","KMS11","Lymphoid","Mature B-Cell Neoplasms","LYMPH","LNM","NHL","MBN","PCM","","True","False","True","True","True","Undefined","Undefined","True"
"ACH-002039","PK8","Pancreas","Pancreatic Adenocarcinoma","PANCREAS","PAAD","","","","","True","False","True","True","True","Undefined","Undefined","True"
"ACH-000144","RERFGC1B","Esophagus/Stomach","Esophagogastric Adenocarcinoma","STOMACH","EGC","STAD","","","","True","False","True","True","True","Undefined","Undefined","True"
"ACH-000381","T84","Bowel","Colorectal Adenocarcinoma","BOWEL","COADREAD","COAD","","","","True","False","True","True","True","Undefined","Undefined","True"
"ACH-000939","SKUT1","Uterus","Uterine Sarcoma/Mesenchymal","UTERUS","USARC","USMT","ULMS","","","True","False","True","True","True","Undefined","Undefined","True"
"ACH-000377","SNU478","Ampulla of Vater","Ampullary Carcinoma","AMPULLA_OF_VATER","AMPCA","","","","","True","False","True","True","True","Undefined","Undefined","True"
"ACH-000074","KU812","Myeloid","Myeloproliferative Neoplasms","MYELOID","MNM","MPN","CML","CMLBCRABL1","","True","False","True","True","True","Undefined","Undefined","True"
"ACH-000483","SNU182","Liver","Hepatocellular Carcinoma","LIVER","HCC","","","","","True","False","True","True","True","Undefined","Undefined","True"
"ACH-000469","YH13","CNS/Brain","Adult-Type Diffuse Glioma","BRAIN","DIFG","ADIFG","GB","","","True","False","True","True","True","Undefined","Undefined","True"
"ACH-000592","TM31","CNS/Brain","Adult-Type Diffuse Glioma","BRAIN","DIFG","ADIFG","ASTR","","","True","False","True","True","True","Undefined","Undefined","True"
"ACH-000323","42MGBA","CNS/Brain","Adult-Type Diffuse Glioma","BRAIN","DIFG","ADIFG","GB","","","True","False","True","True","True","Undefined","Undefined","True"
"ACH-000326","JURLMK1","Myeloid","Myeloproliferative Neoplasms","MYELOID","MNM","MPN","CML","CMLBCRABL1","","True","False","True","True","True","Undefined","Undefined","True"
"ACH-000764","SH10TC","Esophagus/Stomach","Esophagogastric Adenocarcinoma","STOMACH","EGC","STAD","MSTAD","","","True","False","True","True","True","Undefined","Undefined","True"
"ACH-001745","RHJT","Soft Tissue","Rhabdomyosarcoma","SOFT_TISSUE","RMS","ARMS","ARMS:PAX-FOXO1","","","True","False","True","True","True","Undefined","Undefined","True"
"ACH-000461","SNU1196","Biliary Tract","Intraductal Papillary Neoplasm of the Bile Duct","BILIARY_TRACT","IPN","CHOL","EHCH","","","True","False","True","True","True","Undefined","Undefined","True"
"ACH-000995","JURKAT","Lymphoid","T-Lymphoblastic Leukemia/Lymphoma","LYMPH","LNM","TALL","","","","True","False","True","True","True","Undefined","Undefined","True"
"ACH-000408","TE5","Esophagus/Stomach","Esophageal Squamous Cell Carcinoma","STOMACH","ESCC","","","","","True","False","True","True","True","Undefined","Undefined","True"
"ACH-000758","MKN74","Esophagus/Stomach","Esophagogastric Adenocarcinoma","STOMACH","EGC","STAD","TSTAD","","","True","False","True","True","True","Undefined","Undefined","True"
"ACH-000836","YD15","Head and Neck","Head and Neck Squamous Cell Carcinoma","HEAD_NECK","HNSC","OCSC","","","","True","False","True","True","True","Undefined","Undefined","True"
"ACH-001711","PFSK1","CNS/Brain","Embryonal Tumor","BRAIN","EMBT","PNET","","","","True","False","True","True","True","Undefined","Undefined","True"
"ACH-000973","639V","Bladder/Urinary Tract","Urethral Cancer","BLADDER","UCA","UCU","","","","True","False","True","True","True","Undefined","Undefined","True"
"ACH-000947","OVK18","Ovary/Fallopian Tube","Ovarian Epithelial Tumor","OVARY","OVT","EOV","","","","True","False","True","True","True","Undefined","Undefined","True"
"ACH-001740","RH28","Soft Tissue","Rhabdomyosarcoma","SOFT_TISSUE","RMS","ARMS","ARMS:PAX-FOXO1","","","True","False","True","True","True","Undefined","Undefined","True"
"ACH-000082","G292CLONEA141B1","Bone","Osteosarcoma","BONE","OS","","","","","True","False","True","True","True","Undefined","Undefined","True"
"ACH-001750","TTC442","Soft Tissue","Rhabdomyosarcoma","SOFT_TISSUE","RMS","ERMS","","","","True","False","True","True","True","Undefined","Undefined","True"
"ACH-001799","LPS141","Soft Tissue","Liposarcoma","SOFT_TISSUE","LIPO","DDLS","","","","True","False","True","True","True","Undefined","Undefined","True"
"ACH-000504","SNB75","CNS/Brain","Adult-Type Diffuse Glioma","BRAIN","DIFG","ADIFG","GB","","","True","False","True","True","True","Undefined","Undefined","True"
"ACH-000200","NMCG1","CNS/Brain","Adult-Type Diffuse Glioma","BRAIN","DIFG","ADIFG","GB","","","True","False","True","True","True","Undefined","Undefined","True"
"ACH-001528","IHH4","Thyroid","Well-Differentiated Thyroid Cancer","THYROID","WDTC","THPA","","","","True","False","True","True","True","Undefined","Undefined","True"
"ACH-001543","KOSC2","Head and Neck","Head and Neck Squamous Cell Carcinoma","HEAD_NECK","HNSC","OCSC","","","","True","False","True","True","True","Undefined","Undefined","True"
"ACH-000233","DEL","Lymphoid","Mature T and NK Neoplasms","LYMPH","LNM","NHL","MTNN","ALCL","ALCLALKP","True","False","True","True","True","Undefined","Undefined","True"
"ACH-001677","U2904","Lymphoid","Mature B-Cell Neoplasms","LYMPH","LNM","NHL","MBN","DLBCLNOS","","True","False","True","True","True","Undefined","Undefined","True"
"ACH-001193","SKPNDW","Bone","Ewing Sarcoma","BONE","ES","ES:EWSR1-FLI1","","","","True","False","True","True","True","Undefined","Undefined","True"
"ACH-000914","HT","Lymphoid","Mature B-Cell Neoplasms","LYMPH","LNM","NHL","MBN","DLBCLNOS","","True","False","True","True","True","Undefined","Undefined","True"
"ACH-000583","MC116","Lymphoid","Non-Hodgkin Lymphoma","LYMPH","LNM","NHL","MBN","","","True","False","True","True","True","Undefined","Undefined","True"
"ACH-000822","SKMEL24","Skin","Melanoma","SKIN","MEL","","","","","True","False","True","True","True","Undefined","Undefined","True"
"ACH-000141","SNU308","Biliary Tract","Intracholecystic Papillary Neoplasm","BILIARY_TRACT","ICPN","GBC","GBAD","","","True","False","True","True","True","Undefined","Undefined","True"
"ACH-001533","KARPAS1718","Lymphoid","Mature B-Cell Neoplasms","LYMPH","LNM","NHL","MBN","MZL","SMZL","True","False","True","True","True","Undefined","Undefined","True"
"ACH-000037","S117","Soft Tissue","Sarcoma, NOS","SOFT_TISSUE","SARCNOS","","","","","True","False","True","True","True","Undefined","Undefined","True"
"ACH-000500","SNU46","Head and Neck","Head and Neck Squamous Cell Carcinoma","HEAD_NECK","HNSC","LXSC","","","","True","False","True","True","True","Undefined","Undefined","True"
"ACH-000120","CHP212","Peripheral Nervous System","Neuroblastoma","PNS","NBL","","","","","True","False","True","True","True","Undefined","Undefined","True"
"ACH-001662","SNU2372","Breast","Invasive Breast Carcinoma","BREAST","BRCA","BRCANOS","","","","True","False","True","True","True","Undefined","Undefined","True"
"ACH-002041","HOTHC","Thyroid","Anaplastic Thyroid Cancer","THYROID","THAP","","","","","True","False","True","True","True","Undefined","Undefined","True"
"ACH-001038","COGE352","Bone","Ewing Sarcoma","BONE","ES","ES:EWSR1-ERG","","","","True","False","True","True","True","Undefined","Undefined","True"
"ACH-000313","KMRC3","Kidney","Renal Cell Carcinoma","KIDNEY","RCC","CCRCC","","","","True","False","True","True","True","Undefined","Undefined","True"
"ACH-000716","TT2609C02","Thyroid","Well-Differentiated Thyroid Cancer","THYROID","WDTC","THFO","","","","True","False","True","True","True","Undefined","Undefined","True"
"ACH-000022","PATU8988S","Pancreas","Pancreatic Adenocarcinoma","PANCREAS","PAAD","","","","","True","False","True","True","True","Undefined","Undefined","True"
"ACH-000367","NCIH226","Pleura","Pleural Mesothelioma","PLEURA","PLMESO","PLEMESO","","","","True","False","True","True","True","Undefined","Undefined","True"
"ACH-000174","CAL62","Thyroid","Anaplastic Thyroid Cancer","THYROID","THAP","","","","","True","False","True","True","True","Undefined","Undefined","True"
"ACH-001333","C33A","Cervix","Cervical Squamous Cell Carcinoma","CERVIX","CESC","","","","","True","False","True","True","True","Undefined","Undefined","True"
"ACH-001674","TGW","Peripheral Nervous System","Neuroblastoma","PNS","NBL","","","","","True","False","True","True","True","Undefined","Undefined","True"
"ACH-001609","NP3","CNS/Brain","Adult-Type Diffuse Glioma","BRAIN","DIFG","ADIFG","GB","","","True","False","True","True","True","Undefined","Undefined","True"
"ACH-001848","MGHICC8","Biliary Tract","Intraductal Papillary Neoplasm of the Bile Duct","BILIARY_TRACT","IPN","CHOL","IHCH","","","True","False","True","True","True","Undefined","Undefined","True"
"ACH-001349","HDMB03","CNS/Brain","Embryonal Tumor","BRAIN","EMBT","MBL","MBLNOS","","","True","False","True","True","True","Undefined","Undefined","True"
"ACH-000344","SNU668","Esophagus/Stomach","Esophagogastric Adenocarcinoma","STOMACH","EGC","STAD","DSTAD","","","True","False","True","True","True","Undefined","Undefined","True"
"ACH-000776","ONS76","CNS/Brain","Embryonal Tumor","BRAIN","EMBT","MBL","MBLNOS","","","True","False","True","True","True","Undefined","Undefined","True"
"ACH-000273","SF539","CNS/Brain","Diffuse Glioma","BRAIN","DIFG","ADIFG","GB","GSARC","","True","False","True","True","True","Undefined","Undefined","True"
"ACH-000791","RERFLCAD1","Lung","Non-Small Cell Lung Cancer","LUNG","NSCLC","LUAD","","","","True","False","True","True","True","Undefined","Undefined","True"
"ACH-000796","MCAS","Ovary/Fallopian Tube","Ovarian Epithelial Tumor","OVARY","OVT","MOV","","","","True","False","True","True","True","Undefined","Undefined","True"
"ACH-000011","253J","Bladder/Urinary Tract","Bladder Urothelial Carcinoma","BLADDER","BLCA","","","","","True","False","True","True","True","Undefined","Undefined","True"
"ACH-000190","HDMYZ","Myeloid","Acute Myeloid Leukemia","MYELOID","MNM","AML","","","","True","False","True","True","True","Undefined","Undefined","True"
"ACH-000476","JHH4","Liver","Hepatocellular Carcinoma","LIVER","HCC","","","","","True","False","True","True","True","Undefined","Undefined","True"
"ACH-001578","NCCIT","Testis","Non-Seminomatous Germ Cell Tumor","TESTIS","NSGCT","EMBCA","","","","True","False","True","True","True","Undefined","Undefined","True"
"ACH-000545","VMCUB1","Bladder/Urinary Tract","Bladder Urothelial Carcinoma","BLADDER","BLCA","","","","","True","False","True","True","True","Undefined","Undefined","True"
"ACH-000903","FTC133","Thyroid","Well-Differentiated Thyroid Cancer","THYROID","WDTC","THFO","","","","True","False","True","True","True","Undefined","Undefined","True"
"ACH-001400","SW954","Vulva/Vagina","Squamous Cell Carcinoma of the Vulva/Vagina","VULVA","VSC","","","","","True","False","True","True","True","Undefined","Undefined","True"
"ACH-000189","RCC10RGB","Kidney","Renal Cell Carcinoma","KIDNEY","RCC","","","","","True","False","True","True","True","Undefined","Undefined","True"
"ACH-001642","SCC3","Lymphoid","Non-Hodgkin Lymphoma","LYMPH","LNM","NHL","MBN","","","True","False","True","True","True","Undefined","Undefined","True"
"ACH-001530","JEG3","Uterus","Gestational Trophoblastic Disease","UTERUS","GTD","UCCA","","","","True","False","True","True","True","Undefined","Undefined","True"
"ACH-000468","PK45H","Pancreas","Pancreatic Adenocarcinoma","PANCREAS","PAAD","","","","","True","False","True","True","True","Undefined","Undefined","True"
"ACH-000182","SNU869","Ampulla of Vater","Ampullary Carcinoma","AMPULLA_OF_VATER","AMPCA","","","","","True","False","True","True","True","Undefined","Undefined","True"
"ACH-001336","CASKI","Cervix","Cervical Squamous Cell Carcinoma","CERVIX","CESC","","","","","True","False","True","True","True","Undefined","Undefined","True"
"ACH-000302","SNU1077","Uterus","Endometrial Carcinoma","UTERUS","UCEC","UCS","","","","True","False","True","True","True","Undefined","Undefined","True"
"ACH-000968","COLO792","Skin","Melanoma","SKIN","MEL","","","","","True","False","True","True","True","Undefined","Undefined","True"
"ACH-001232","UW228","CNS/Brain","Embryonal Tumor","BRAIN","EMBT","MBL","MBLNOS","","","True","False","True","True","True","Undefined","Undefined","True"
"ACH-000228","BICR31","Head and Neck","Head and Neck Squamous Cell Carcinoma","HEAD_NECK","HNSC","OCSC","","","","True","False","True","True","True","Undefined","Undefined","True"
"ACH-001649","SHMAC5","Prostate","Non-Cancerous","PROSTATE","ZPROSTATE","ZIMMEPCP","","","","True","False","True","True","True","Undefined","Undefined","True"
"ACH-000355","NCIH82","Lung","Lung Neuroendocrine Tumor","LUNG","LNET","SCLC","","","","True","False","True","True","True","Undefined","Undefined","True"
"ACH-001494","EGI1","Biliary Tract","Intraductal Papillary Neoplasm of the Bile Duct","BILIARY_TRACT","IPN","CHOL","EHCH","","","True","False","True","True","True","Undefined","Undefined","True"
"ACH-002021","T3M3","Uterus","Gestational Trophoblastic Disease","UTERUS","GTD","UCCA","","","","True","False","True","True","True","Undefined","Undefined","False"
"ACH-000944","NAMALWA","Lymphoid","Mature B-Cell Neoplasms","LYMPH","LNM","NHL","MBN","BL","","True","False","True","True","True","Undefined","Undefined","False"
"ACH-002508","WM3211","Skin","Melanoma","SKIN","MEL","ACRM","","","","True","False","True","True","True","Undefined","Undefined","False"
"ACH-002401","21MT2","Breast","Invasive Breast Carcinoma","BREAST","BRCA","IDC","","","","True","False","True","True","True","Undefined","Undefined","False"
"ACH-001699","UPCISCC131","Head and Neck","Head and Neck Squamous Cell Carcinoma","HEAD_NECK","HNSC","OCSC","","","","True","False","True","True","True","Undefined","Undefined","False"
"ACH-001804","LPS510","Soft Tissue","Liposarcoma","SOFT_TISSUE","LIPO","DDLS","","","","True","False","True","True","True","Undefined","Undefined","False"
"ACH-001119","MAC2A","Lymphoid","Mature T and NK Neoplasms","LYMPH","LNM","NHL","MTNN","ALCL","ALCLALKN","True","False","True","True","True","Undefined","Undefined","False"
"ACH-001791","LPS6","Soft Tissue","Liposarcoma","SOFT_TISSUE","LIPO","","","","","True","False","True","True","True","Undefined","Undefined","False"
"ACH-002463","RPE1SS77","Eye","Non-Cancerous","EYE","ZEYE","ZIMMEPCRT","","","","True","False","True","True","True","Undefined","Undefined","False"
"ACH-001793","LPS27","Soft Tissue","Liposarcoma","SOFT_TISSUE","LIPO","","","","","True","False","True","True","True","Undefined","Undefined","False"
"ACH-001641","SAT","Head and Neck","Head and Neck Squamous Cell Carcinoma","HEAD_NECK","HNSC","","","","","True","False","True","True","True","Undefined","Undefined","False"
"ACH-001274","SW982","Soft Tissue","Synovial Sarcoma","SOFT_TISSUE","SYNS","","","","","True","False","True","True","True","Undefined","Undefined","False"
"ACH-001736","HB1119","Lymphoid","B-Cell Acute Lymphoblastic Leukemia","LYMPH","LNM","BALL","BALL:KMT2AFusions","","","True","False","True","True","True","Undefined","Undefined","False"
"ACH-000203","NH6","Peripheral Nervous System","Neuroblastoma","PNS","NBL","","","","","True","False","True","True","True","Undefined","Undefined","False"
"ACH-001354","LAN2","Peripheral Nervous System","Neuroblastoma","PNS","NBL","","","","","True","False","True","True","True","Undefined","Undefined","False"
"ACH-002026","HHUA","Uterus","Endometrial Carcinoma","UTERUS","UCEC","","","","","True","False","True","True","True","Undefined","Undefined","False"
"ACH-000077","MJ","Lymphoid","Non-Hodgkin Lymphoma","LYMPH","LNM","NHL","MTNN","","","True","False","True","True","True","Undefined","Undefined","False"
"ACH-002511","M104325","Skin","Melanoma","SKIN","MEL","","","","","True","False","True","True","True","Undefined","Undefined","False"
"ACH-002446","CCLFUPGI0005T","Esophagus/Stomach","Esophagogastric Adenocarcinoma","STOMACH","EGC","STAD","","","","True","False","True","True","True","Undefined","Undefined","False"
"ACH-001385","RPMI2650","Head and Neck","Head and Neck Carcinoma, Other","HEAD_NECK","OHNCA","NMCHN","","","","True","False","True","True","True","Undefined","Undefined","False"
"ACH-002043","CA922","Head and Neck","Head and Neck Squamous Cell Carcinoma","HEAD_NECK","HNSC","OCSC","","","","True","False","True","True","True","Undefined","Undefined","False"
"ACH-001547","LO68","Pleura","Pleural Mesothelioma","PLEURA","PLMESO","PLEMESO","","","","True","False","True","True","True","Undefined","Undefined","False"
"ACH-001278","BIN67","Ovary/Fallopian Tube","Ovarian Epithelial Tumor","OVARY","OVT","SCCO","","","","True","False","True","True","True","Undefined","Undefined","False"
"ACH-000385","SKRC52","Kidney","Renal Cell Carcinoma","KIDNEY","RCC","","","","","True","False","True","True","True","Undefined","Undefined","False"
"ACH-001737","CCRFHSB2DM","Lymphoid","T-Lymphoblastic Leukemia/Lymphoma","LYMPH","LNM","TALL","","","","True","False","True","True","True","Undefined","Undefined","False"
"ACH-000422","SNU475","Liver","Hepatocellular Carcinoma","LIVER","HCC","","","","","True","False","True","True","True","Undefined","Undefined","False"
"ACH-001863","TKKK","Biliary Tract","Intraductal Papillary Neoplasm of the Bile Duct","BILIARY_TRACT","IPN","CHOL","IHCH","","","True","False","True","True","True","Undefined","Undefined","False"
"ACH-002027","HOUAI","Uterus","Endometrial Carcinoma","UTERUS","UCEC","","","","","True","False","True","True","True","Undefined","Undefined","False"
"ACH-001280","SCS214","Soft Tissue","Synovial Sarcoma","SOFT_TISSUE","SYNS","","","","","True","False","True","True","True","Undefined","Undefined","False"
"ACH-000801","HS936T","Skin","Melanoma","SKIN","MEL","","","","","True","False","True","True","True","Undefined","Undefined","False"
"ACH-001430","TC138","Bone","Ewing Sarcoma","BONE","ES","ES:EWSR1-FLI1","","","","True","False","True","True","True","Undefined","Undefined","False"
"ACH-002460","HT144DABROXR","Skin","Melanoma","SKIN","MEL","","","","","True","False","True","True","True","Undefined","Undefined","False"
"ACH-001228","UPCISCC152","Head and Neck","Head and Neck Squamous Cell Carcinoma","HEAD_NECK","HNSC","OCSC","","","","True","False","True","True","True","Undefined","Undefined","False"
"ACH-001562","MERO95","Pleura","Pleural Mesothelioma","PLEURA","PLMESO","PLEMESO","","","","True","False","True","True","True","Undefined","Undefined","False"
"ACH-002291","NTERA2CLD1","Testis","Non-Seminomatous Germ Cell Tumor","TESTIS","NSGCT","EMBCA","","","","True","False","True","True","True","Undefined","Undefined","False"
"ACH-001433","CCLFPEDS0008T","Soft Tissue","Epithelioid Sarcoma","SOFT_TISSUE","EPIS","","","","","True","False","True","True","True","Undefined","Undefined","False"
"ACH-001802","LPS853","Soft Tissue","Liposarcoma","SOFT_TISSUE","LIPO","DDLS","","","","True","False","True","True","True","Undefined","Undefined","False"
"ACH-000310","IMR32","Peripheral Nervous System","Neuroblastoma","PNS","NBL","","","","","True","False","True","True","True","Undefined","Undefined","False"
"ACH-000683","SNU503","Bowel","Colorectal Adenocarcinoma","BOWEL","COADREAD","READ","","","","True","False","True","True","True","Undefined","Undefined","False"
"ACH-001647","SHI1","Myeloid","Acute Myeloid Leukemia","MYELOID","MNM","AML","","","","True","False","True","True","True","Undefined","Undefined","False"
"ACH-002004","UACC62DABTRAMR","Skin","Melanoma","SKIN","MEL","","","","","True","False","True","True","True","Undefined","Undefined","False"
"ACH-000345","KPNRTBM1","Peripheral Nervous System","Neuroblastoma","PNS","NBL","","","","","True","False","True","True","True","Undefined","Undefined","False"
"ACH-002214","BC1","Lymphoid","Mature B-Cell Neoplasms","LYMPH","LNM","NHL","MBN","PEL","","True","False","True","True","True","Undefined","Undefined","False"
"ACH-002020","SKGIIIA","Cervix","Cervical Squamous Cell Carcinoma","CERVIX","CESC","","","","","True","False","True","True","True","Undefined","Undefined","False"
"ACH-002052","LU139","Lung","Lung Neuroendocrine Tumor","LUNG","LNET","SCLC","","","","True","False","True","True","True","Undefined","Undefined","False"
"ACH-002001","A375DABTRAMR","Skin","Melanoma","SKIN","MEL","","","","","True","False","True","True","True","Undefined","Undefined","False"
"ACH-002464","RPE1SS6","Eye","Non-Cancerous","EYE","ZEYE","ZIMMEPCRT","","","","True","False","True","True","True","Undefined","Undefined","False"
"ACH-000478","SNU387","Liver","Hepatocellular Carcinoma","LIVER","HCC","","","","","True","False","True","True","True","Undefined","Undefined","False"
"ACH-001993","NALM16","Lymphoid","B-Cell Acute Lymphoblastic Leukemia","LYMPH","LNM","BALL","","","","True","False","True","True","True","Undefined","Undefined","False"
"ACH-001031","CHLA266","CNS/Brain","Embryonal Tumor","BRAIN","EMBT","ATRT","","","","True","False","True","True","True","Undefined","Undefined","False"
"ACH-002003","A375DABR","Skin","Melanoma","SKIN","MEL","","","","","True","False","True","True","True","Undefined","Undefined","False"
"ACH-001338","CHP134","Peripheral Nervous System","Neuroblastoma","PNS","NBL","","","","","True","False","True","True","True","Undefined","Undefined","False"
"ACH-001277","YAMATO","Soft Tissue","Synovial Sarcoma","SOFT_TISSUE","SYNS","","","","","True","False","True","True","True","Undefined","Undefined","False"
"ACH-002059","P30OHK","Lymphoid","B-Cell Acute Lymphoblastic Leukemia","LYMPH","LNM","BALL","BALL:MEF2DFusions","","","True","False","True","True","True","Undefined","Undefined","False"
"ACH-001461","C99","Bowel","Colorectal Adenocarcinoma","BOWEL","COADREAD","READ","","","","True","False","True","True","True","Undefined","Undefined","False"
"ACH-000187","CORL311","Lung","Lung Neuroendocrine Tumor","LUNG","LNET","SCLC","","","","True","False","True","True","True","Undefined","Undefined","False"
"ACH-002062","SLVL","Lymphoid","Mature B-Cell Neoplasms","LYMPH","LNM","NHL","MBN","MZL","SMZL","True","False","True","True","True","Undefined","Undefined","False"
"ACH-002055","TL1","Lymphoid","Mature B-Cell Neoplasms","LYMPH","LNM","NHL","MBN","BL","","True","False","True","True","True","Undefined","Undefined","False"
"ACH-001606","NO11","CNS/Brain","Adult-Type Diffuse Glioma","BRAIN","DIFG","ADIFG","GB","","","True","False","True","True","True","Undefined","Undefined","False"
"ACH-002400","21MT1","Breast","Invasive Breast Carcinoma","BREAST","BRCA","IDC","","","","True","False","True","True","True","Undefined","Undefined","False"
"ACH-002215","BC3","Lymphoid","Mature B-Cell Neoplasms","LYMPH","LNM","NHL","MBN","PEL","","True","False","True","True","True","Undefined","Undefined","False"
"ACH-002045","HO1U1","Head and Neck","Head and Neck Squamous Cell Carcinoma","HEAD_NECK","HNSC","OCSC","","","","True","False","True","True","True","Undefined","Undefined","False"
"ACH-002458","HT144DABR","Skin","Melanoma","SKIN","MEL","","","","","True","False","True","True","True","Undefined","Undefined","False"
"ACH-001366","NGP","Peripheral Nervous System","Neuroblastoma","PNS","NBL","","","","","True","False","True","True","True","Undefined","Undefined","False"
"ACH-001618","OCIM2","Myeloid","Acute Myeloid Leukemia","MYELOID","MNM","AML","","","","True","False","True","True","True","Undefined","Undefined","False"
"ACH-001422","WPE1NA22","Prostate","Non-Cancerous","PROSTATE","ZPROSTATE","ZIMMEPCP","","","","True","False","True","True","True","Undefined","Undefined","False"
"ACH-000498","KO52","Myeloid","Acute Myeloid Leukemia","MYELOID","MNM","AML","","","","True","False","True","True","True","Undefined","Undefined","False"
"ACH-001694","UPCISCC074","Head and Neck","Head and Neck Squamous Cell Carcinoma","HEAD_NECK","HNSC","OCSC","","","","True","False","True","True","True","Undefined","Undefined","False"
"ACH-002024","ECC4","Bowel","Colorectal Adenocarcinoma","BOWEL","COADREAD","READ","","","","True","False","True","True","True","Undefined","Undefined","False"
"ACH-000226","SUPM2","Lymphoid","Mature T and NK Neoplasms","LYMPH","LNM","NHL","MTNN","ALCL","ALCLALKP","True","False","True","True","True","Undefined","Undefined","False"
"ACH-001735","SEMK2","Lymphoid","B-Cell Acute Lymphoblastic Leukemia","LYMPH","LNM","BALL","BALL:KMT2AFusions","","","True","False","True","True","True","Undefined","Undefined","False"
"ACH-001560","MERO83","Pleura","Pleural Mesothelioma","PLEURA","PLMESO","PLBMESO","","","","True","False","True","True","True","Undefined","Undefined","False"
"ACH-001134","MYLA","Lymphoid","Non-Hodgkin Lymphoma","LYMPH","LNM","NHL","","","","True","False","True","True","True","Undefined","Undefined","False"
"ACH-000770","P31FUJ","Myeloid","Acute Myeloid Leukemia","MYELOID","MNM","AML","","","","True","False","True","True","True","Undefined","Undefined","False"
"ACH-001302","COGN305","Peripheral Nervous System","Neuroblastoma","PNS","NBL","","","","","True","False","True","True","True","Undefined","Undefined","False"
"ACH-001322","CME1","Soft Tissue","Synovial Sarcoma","SOFT_TISSUE","SYNS","","","","","True","False","True","True","True","Undefined","Undefined","False"
"ACH-002018","OMM25","Eye","Ocular Melanoma","EYE","OM","UM","","","","True","False","True","True","True","Undefined","Undefined","False"
"ACH-002510","M040416","Skin","Melanoma","SKIN","MEL","ACRM","","","","True","False","True","True","True","Undefined","Undefined","False"
"ACH-002051","LU134A","Lung","Lung Neuroendocrine Tumor","LUNG","LNET","SCLC","","","","True","False","True","True","True","Undefined","Undefined","False"
"ACH-001067","F5","CNS/Brain","Meningothelial Tumor","BRAIN","MNGT","MNG","","","","True","False","True","True","True","Undefined","Undefined","False"
"ACH-000581","SNU16","Esophagus/Stomach","Esophagogastric Adenocarcinoma","STOMACH","EGC","STAD","","","","True","False","True","True","True","Undefined","Undefined","False"
"ACH-002019","HOKUG","Cervix","Glassy Cell Carcinoma of the Cervix","CERVIX","CEGCC","","","","","True","False","True","True","True","Undefined","Undefined","False"
"ACH-002283","NB5","Peripheral Nervous System","Neuroblastoma","PNS","NBL","","","","","True","False","True","True","True","Undefined","Undefined","False"
"ACH-001021","C3A","Liver","Hepatoblastoma","LIVER","LIHB","","","","","True","False","True","True","True","Undefined","Undefined","False"
"ACH-002142","HUO3N1","Bone","Osteosarcoma","BONE","OS","","","","","True","False","True","True","True","Undefined","Undefined","False"
"ACH-000405","MEC1","Lymphoid","Mature B-Cell Neoplasms","LYMPH","LNM","NHL","MBN","CLLSLL","","True","False","True","True","True","Undefined","Undefined","False"
"ACH-001197","SMZ1","Lymphoid","Non-Hodgkin Lymphoma","LYMPH","LNM","NHL","MTNN","","","True","False","True","True","True","Undefined","Undefined","False"
"ACH-002067","NOS1","Bone","Osteosarcoma","BONE","OS","","","","","True","False","True","True","True","Undefined","Undefined","False"
"ACH-001303","NB1643","Peripheral Nervous System","Neuroblastoma","PNS","NBL","","","","","True","False","True","True","True","Undefined","Undefined","False"
"ACH-002005","SKMEL19","Skin","Melanoma","SKIN","MEL","SKCM","","","","True","False","True","True","True","Undefined","Undefined","False"
"ACH-001623","ONDA8","CNS/Brain","Adult-Type Diffuse Glioma","BRAIN","DIFG","ADIFG","GB","","","True","False","True","True","True","Undefined","Undefined","False"
"ACH-000370","SNU626","CNS/Brain","Adult-Type Diffuse Glioma","BRAIN","DIFG","ADIFG","GB","","","True","False","True","True","True","Undefined","Undefined","False"
"ACH-002399","21NT","Breast","Invasive Breast Carcinoma","BREAST","BRCA","IDC","","","","True","False","True","True","True","Undefined","Undefined","False"
"ACH-000588","KMS26","Lymphoid","Mature B-Cell Neoplasms","LYMPH","LNM","NHL","MBN","PCM","","True","False","True","True","True","Undefined","Undefined","False"
"ACH-000354","CAPAN1","Pancreas","Pancreatic Adenocarcinoma","PANCREAS","PAAD","","","","","True","False","True","True","True","Undefined","Undefined","False"
"ACH-001183","RT11284","Bladder/Urinary Tract","Bladder Urothelial Carcinoma","BLADDER","BLCA","","","","","True","False","True","True","True","Undefined","Undefined","False"
"ACH-001151","OVCAR5","Ovary/Fallopian Tube","Ovarian Epithelial Tumor","OVARY","OVT","SOC","HGSOC","","","True","False","True","True","True","Undefined","Undefined","False"
"ACH-001279","SCCOHT1","Ovary/Fallopian Tube","Ovarian Epithelial Tumor","OVARY","OVT","SCCO","","","","True","False","True","True","True","Undefined","Undefined","False"
"ACH-002044","HSQ89","Head and Neck","Head and Neck Squamous Cell Carcinoma","HEAD_NECK","HNSC","SNSC","","","","True","False","True","True","True","Undefined","Undefined","False"
"ACH-002069","HSOS1","Bone","Osteosarcoma","BONE","OS","","","","","True","False","True","True","True","Undefined","Undefined","False"
"ACH-000894","NCIH1869","Lung","Non-Small Cell Lung Cancer","LUNG","NSCLC","LUSC","","","","True","False","True","True","True","Undefined","Undefined","False"
"ACH-002029","SAS","Head and Neck","Head and Neck Squamous Cell Carcinoma","HEAD_NECK","HNSC","OCSC","","","","True","False","True","True","True","Undefined","Undefined","False"
"ACH-000773","KIJK","Lymphoid","Mature T and NK Neoplasms","LYMPH","LNM","NHL","MTNN","ALCL","ALCLALKP","True","False","True","True","True","Undefined","Undefined","False"
"ACH-002040","HMVII","Vulva/Vagina","Mucosal Melanoma of the Vulva/Vagina","VULVA","VMM","","","","","True","False","True","True","True","Undefined","Undefined","False"
"ACH-000829","HUNS1","Lymphoid","Mature B-Cell Neoplasms","LYMPH","LNM","NHL","MBN","PCM","","True","False","True","True","True","Undefined","Undefined","False"
"ACH-000871","NCIH510","Lung","Lung Neuroendocrine Tumor","LUNG","LNET","SCLC","","","","True","False","True","True","True","Undefined","Undefined","False"
"ACH-002066","HSSCH2","Peripheral Nervous System","Nerve Sheath Tumor","PNS","NST","MPNST","","","","True","False","True","True","True","Undefined","Undefined","False"
"ACH-001622","ONDA7","CNS/Brain","Adult-Type Diffuse Glioma","BRAIN","DIFG","ADIFG","GB","","","True","False","True","True","True","Undefined","Undefined","False"
"ACH-000654","RAJI","Lymphoid","Non-Hodgkin Lymphoma","LYMPH","LNM","NHL","","","","True","False","True","True","True","Undefined","Undefined","False"
"ACH-000325","SNU620","Esophagus/Stomach","Esophagogastric Adenocarcinoma","STOMACH","EGC","STAD","","","","True","False","True","True","True","Undefined","Undefined","False"
"ACH-002077","LU165","Lung","Lung Neuroendocrine Tumor","LUNG","LNET","SCLC","","","","True","False","True","True","True","Undefined","Undefined","False"
"ACH-002465","RPE1SS119","Eye","Non-Cancerous","EYE","ZEYE","ZIMMEPCRT","","","","True","False","True","True","True","Undefined","Undefined","False"
"ACH-000754","L428","Lymphoid","Hodgkin Lymphoma","LYMPH","LNM","HL","","","","True","False","True","True","True","Undefined","Undefined","False"
"ACH-001676","TY82","Head and Neck","Head and Neck Carcinoma, Other","HEAD_NECK","OHNCA","NMCHN","","","","True","False","True","True","True","Undefined","Undefined","False"
"ACH-000602","M07E","Myeloid","Acute Myeloid Leukemia","MYELOID","MNM","AML","","","","True","False","True","True","True","Undefined","Undefined","False"
"ACH-000520","59M","Ovary/Fallopian Tube","Ovarian Epithelial Tumor","OVARY","OVT","SOC","HGSOC","","","True","False","True","True","True","Undefined","Undefined","False"
"ACH-002002","A375SCH772984R","Skin","Melanoma","SKIN","MEL","","","","","True","False","True","True","True","Undefined","Undefined","False"
"ACH-001611","NP8","CNS/Brain","Adult-Type Diffuse Glioma","BRAIN","DIFG","ADIFG","GB","","","True","False","True","True","True","Undefined","Undefined","False"
"ACH-001295","Y79","Eye","Retinoblastoma","EYE","RBL","","","","","True","False","True","True","True","Undefined","Undefined","False"
"ACH-000286","SNU1033","Bowel","Colorectal Adenocarcinoma","BOWEL","COADREAD","READ","","","","True","False","True","True","True","Undefined","Undefined","False"
"ACH-000402","BL70","Lymphoid","Mature B-Cell Neoplasms","LYMPH","LNM","NHL","MBN","BL","","True","False","True","True","True","Undefined","Undefined","False"
"ACH-001577","MUTZ8","Myeloid","Acute Myeloid Leukemia","MYELOID","MNM","AML","","","","True","False","True","True","True","Undefined","Undefined","False"
"ACH-001814","OS252","Bone","Osteosarcoma","BONE","OS","","","","","True","False","True","True","True","Undefined","Undefined","False"
"ACH-001685","UHO1","Lymphoid","Hodgkin Lymphoma","LYMPH","LNM","HL","","","","True","False","True","True","True","Undefined","Undefined","False"
"ACH-000116","OAW28","Ovary/Fallopian Tube","Ovarian Epithelial Tumor","OVARY","OVT","SOC","HGSOC","","","True","False","True","False","True","Undefined","Undefined","True"
"ACH-001675","TR146","Head and Neck","Head and Neck Squamous Cell Carcinoma","HEAD_NECK","HNSC","OCSC","","","","True","False","True","False","True","Undefined","Undefined","False"
"ACH-000195","SET2","Myeloid","Acute Myeloid Leukemia","MYELOID","MNM","AML","AMLNOS","","","True","False","True","False","True","Undefined","Undefined","False"
"ACH-002522","SNU2292","Lung","Non-Small Cell Lung Cancer","LUNG","NSCLC","LUAD","","","","True","False","True","False","True","Undefined","Undefined","False"
"ACH-003190","NRHUPS7","Soft Tissue","Undifferentiated Pleomorphic Sarcoma/Malignant Fibrous Histiocytoma/High-Grade Spindle Cell Sarcoma","SOFT_TISSUE","MFH","","","","","True","False","True","False","True","Undefined","Undefined","False"
"ACH-002706","IS076A","Esophagus/Stomach","Esophagogastric Adenocarcinoma","STOMACH","EGC","ESCA","","","","True","False","True","False","True","Undefined","Undefined","False"
"ACH-001975","MM576","Skin","Melanoma","SKIN","MEL","","","","","True","False","True","False","True","Undefined","Undefined","False"
"ACH-002033","HMMME","Pleura","Pleural Mesothelioma","PLEURA","PLMESO","PLEMESO","","","","True","False","True","False","True","Undefined","Undefined","False"
"ACH-003177","NRHUPS1","Soft Tissue","Undifferentiated Pleomorphic Sarcoma/Malignant Fibrous Histiocytoma/High-Grade Spindle Cell Sarcoma","SOFT_TISSUE","MFH","","","","","True","False","True","False","True","Undefined","Undefined","False"
"ACH-002688","OS457","Bone","Osteosarcoma","BONE","OS","","","","","True","False","True","False","True","Undefined","Undefined","False"
"ACH-002070","HKBMM","CNS/Brain","Meningothelial Tumor","BRAIN","MNGT","MNG","","","","True","False","True","False","True","Undefined","Undefined","False"
"ACH-002523","SNU739","Liver","Hepatocellular Carcinoma","LIVER","HCC","","","","","True","False","True","False","True","Undefined","Undefined","False"
"ACH-002799","NCCMPNST1C1","Peripheral Nervous System","Nerve Sheath Tumor","PNS","NST","MPNST","","","","True","False","True","False","True","Undefined","Undefined","False"
"ACH-002433","CCLFPEDS0019T","Bone","Osteosarcoma","BONE","OS","","","","","True","False","True","False","True","Undefined","Undefined","False"
"ACH-001992","ONE58","Pleura","Pleural Mesothelioma","PLEURA","PLMESO","PLEMESO","","","","True","False","True","False","True","Undefined","Undefined","False"
"ACH-002710","MPNST724","Peripheral Nervous System","Nerve Sheath Tumor","PNS","NST","MPNST","","","","True","False","True","False","True","Undefined","Undefined","False"
"ACH-001695","UPCISCC099","Head and Neck","Head and Neck Squamous Cell Carcinoma","HEAD_NECK","HNSC","OCSC","","","","True","False","True","False","True","Undefined","Undefined","False"
"ACH-002705","IS076P","Esophagus/Stomach","Esophagogastric Adenocarcinoma","STOMACH","EGC","ESCA","","","","True","False","True","False","True","Undefined","Undefined","False"
"ACH-003573","C337","Bone","Osteosarcoma","BONE","OS","","","","","True","False","True","False","True","Undefined","Undefined","False"
"ACH-002693","S462","Peripheral Nervous System","Nerve Sheath Tumor","PNS","NST","MPNST","","","","True","False","True","False","True","Undefined","Undefined","False"
"ACH-002780","NCCES1C1","Bone","Ewing Sarcoma","BONE","ES","ES:EWSR1-FLI1","","","","True","False","True","False","True","Undefined","Undefined","False"
"ACH-002678","WILL1","Lymphoid","Mature B-Cell Neoplasms","LYMPH","LNM","NHL","MBN","DLBCLNOS","","True","False","True","False","True","Undefined","Undefined","False"
"ACH-001709","WSUNHL","Lymphoid","Mature B-Cell Neoplasms","LYMPH","LNM","NHL","MBN","DLBCLNOS","","True","False","True","False","True","Undefined","Undefined","False"
"ACH-002664","JVE253","Bowel","Colorectal Adenocarcinoma","BOWEL","COADREAD","MACR","","","","True","False","True","False","True","Undefined","Undefined","False"
"ACH-003410","UCHCF365","Bone","Chordoma","BONE","CHDM","DDCHDM","","","","True","False","True","False","True","Undefined","Undefined","False"
"ACH-002490","NCIH1882","Lung","Lung Neuroendocrine Tumor","LUNG","LNET","SCLC","","","","True","False","True","False","True","Undefined","Undefined","False"
"ACH-003176","NRHGCT1","Bone","Osteosarcoma","BONE","OS","","","","","True","False","True","False","True","Undefined","Undefined","False"
"ACH-002801","NCCMPNST3C1","Peripheral Nervous System","Nerve Sheath Tumor","PNS","NST","MPNST","","","","True","False","True","False","True","Undefined","Undefined","False"
"ACH-002925","UPMM3","Eye","Ocular Melanoma","EYE","OM","UM","","","","True","False","True","False","True","Undefined","Undefined","False"
"ACH-002709","CMS","Myeloid","Acute Myeloid Leukemia","MYELOID","MNM","AML","","","","True","False","True","False","True","Undefined","Undefined","False"
"ACH-003178","NRHOS2","Bone","Osteosarcoma","BONE","OS","","","","","True","False","True","False","True","Undefined","Undefined","False"
"ACH-002690","OS526","Bone","Osteosarcoma","BONE","OS","","","","","True","False","True","False","True","Undefined","Undefined","False"
"ACH-002478","BC2","Lymphoid","Mature B-Cell Neoplasms","LYMPH","LNM","NHL","MBN","PEL","","True","False","True","False","True","Undefined","Undefined","False"
"ACH-002544","SNU1750","Esophagus/Stomach","Esophagogastric Adenocarcinoma","STOMACH","EGC","STAD","TSTAD","","","True","False","True","False","True","Undefined","Undefined","False"
"ACH-002708","DL221","Soft Tissue","Liposarcoma","SOFT_TISSUE","LIPO","MRLS","","","","True","False","True","False","True","Undefined","Undefined","False"
"ACH-002485","MAVER1","Lymphoid","Mature B-Cell Neoplasms","LYMPH","LNM","NHL","MBN","MCL","","True","False","True","False","True","Undefined","Undefined","False"
"ACH-002847","YUHOIN","Skin","Melanoma","SKIN","MEL","","","","","True","False","True","False","True","Undefined","Undefined","False"
"ACH-002531","SNU2535","Lung","Non-Small Cell Lung Cancer","LUNG","NSCLC","LUAD","","","","True","False","True","False","True","Undefined","Undefined","False"
"ACH-003065","CHLA02ATRT","CNS/Brain","Embryonal Tumor","BRAIN","EMBT","ATRT","","","","True","False","True","False","True","Undefined","Undefined","False"
"ACH-001701","UPCISCC200","Head and Neck","Head and Neck Squamous Cell Carcinoma","HEAD_NECK","HNSC","OCSC","","","","True","False","True","False","True","Undefined","Undefined","False"
"ACH-000928","JHUEM1","Uterus","Endometrial Carcinoma","UTERUS","UCEC","","","","","True","False","True","False","True","Undefined","Undefined","False"
"ACH-003587","531MII","Bone","Osteosarcoma","BONE","OS","","","","","True","False","True","False","True","Undefined","Undefined","False"
"ACH-001990","NZM7","Skin","Melanoma","SKIN","MEL","","","","","True","False","True","False","True","Undefined","Undefined","False"
"ACH-002535","SNU254","Bowel","Colorectal Adenocarcinoma","BOWEL","COADREAD","READ","","","","True","False","True","False","True","Undefined","Undefined","False"
"ACH-003185","NRHOS4","Bone","Osteosarcoma","BONE","OS","","","","","True","False","True","False","True","Undefined","Undefined","False"
"ACH-002061","P2URK562","Myeloid","Myeloproliferative Neoplasms","MYELOID","MNM","MPN","CML","CMLBCRABL1","","True","False","True","False","True","Undefined","Undefined","False"
"ACH-002680","170MGBA","CNS/Brain","Adult-Type Diffuse Glioma","BRAIN","DIFG","ADIFG","GB","","","True","False","True","False","True","Undefined","Undefined","False"
"ACH-002470","OS186","Bone","Osteosarcoma","BONE","OS","","","","","True","False","True","False","True","Undefined","Undefined","False"
"ACH-001508","H314","Head and Neck","Head and Neck Squamous Cell Carcinoma","HEAD_NECK","HNSC","OCSC","","","","True","False","True","False","True","Undefined","Undefined","False"
"ACH-002524","SNU251","Ovary/Fallopian Tube","Ovarian Epithelial Tumor","OVARY","OVT","EOV","","","","True","False","True","False","True","Undefined","Undefined","False"
"ACH-003012","A549CRAFKD","Lung","Non-Small Cell Lung Cancer","LUNG","NSCLC","LUAD","","","","True","False","True","False","True","Undefined","Undefined","False"
"ACH-002526","SNU1327","Lung","Non-Small Cell Lung Cancer","LUNG","NSCLC","LUAD","","","","True","False","True","False","True","Undefined","Undefined","False"
"ACH-002834","OS384","Bone","Osteosarcoma","BONE","OS","","","","","True","False","True","False","True","Undefined","Undefined","False"
"ACH-002681","538MGBA","CNS/Brain","Adult-Type Diffuse Glioma","BRAIN","DIFG","ADIFG","GB","","","True","False","True","False","True","Undefined","Undefined","False"
"ACH-002669","KP363T","Bowel","Colorectal Adenocarcinoma","BOWEL","COADREAD","COAD","","","","True","False","True","False","True","Undefined","Undefined","False"
"ACH-002784","NCCUPS2C1","Soft Tissue","Undifferentiated Pleomorphic Sarcoma/Malignant Fibrous Histiocytoma/High-Grade Spindle Cell Sarcoma","SOFT_TISSUE","MFH","","","","","True","False","True","False","True","Undefined","Undefined","False"
"ACH-002014","MEL270","Eye","Ocular Melanoma","EYE","OM","UM","","","","True","False","True","False","True","Undefined","Undefined","False"
"ACH-002806","TB096","CNS/Brain","Adult-Type Diffuse Glioma","BRAIN","DIFG","ADIFG","ASTR","","","True","False","True","False","True","Undefined","Undefined","False"
"ACH-003186","NRHUPS3","Soft Tissue","Undifferentiated Pleomorphic Sarcoma/Malignant Fibrous Histiocytoma/High-Grade Spindle Cell Sarcoma","SOFT_TISSUE","MFH","","","","","True","False","True","False","True","Undefined","Undefined","False"
"ACH-002035","LCAM1","Lung","Non-Small Cell Lung Cancer","LUNG","NSCLC","NSCLCPD","","","","True","False","True","False","True","Undefined","Undefined","False"
"ACH-002662","JVE207","Bowel","Colorectal Adenocarcinoma","BOWEL","COADREAD","COAD","","","","True","False","True","False","True","Undefined","Undefined","False"
"ACH-001188","SHSY5Y","Peripheral Nervous System","Neuroblastoma","PNS","NBL","","","","","True","False","True","False","True","Undefined","Undefined","False"
"ACH-002778","NCCOS1X2C1","Bone","Osteosarcoma","BONE","OS","","","","","True","False","True","False","True","Undefined","Undefined","False"
"ACH-002486","MESOV","Ovary/Fallopian Tube","Ovarian Epithelial Tumor","OVARY","OVT","SOC","","","","True","False","True","False","True","Undefined","Undefined","False"
"ACH-002471","OS052","Bone","Osteosarcoma","BONE","OS","","","","","True","False","True","False","True","Undefined","Undefined","False"
"ACH-001481","CHLA90","Peripheral Nervous System","Neuroblastoma","PNS","NBL","","","","","True","False","True","False","True","Undefined","Undefined","False"
"ACH-002647","CCC5","Biliary Tract","Intraductal Papillary Neoplasm of the Bile Duct","BILIARY_TRACT","IPN","CHOL","","","","True","False","True","False","True","Undefined","Undefined","False"
"ACH-002923","LAI5S","Peripheral Nervous System","Neuroblastoma","PNS","NBL","","","","","True","False","True","False","True","Undefined","Undefined","False"
"ACH-002499","UACC3199","Breast","Invasive Breast Carcinoma","BREAST","BRCA","IDC","","","","True","False","True","False","True","Undefined","Undefined","False"
"ACH-003184","NRHLMS2","Soft Tissue","Leiomyosarcoma","SOFT_TISSUE","LMS","","","","","True","False","True","False","True","Undefined","Undefined","False"
"ACH-002785","NCCLMS1C1","Soft Tissue","Leiomyosarcoma","SOFT_TISSUE","LMS","","","","","True","False","True","False","True","Undefined","Undefined","False"
"ACH-002512","MM160113","Skin","Melanoma","SKIN","MEL","ACRM","","","","True","False","True","False","True","Undefined","Undefined","False"
"ACH-002660","JVE187","Bowel","Colorectal Adenocarcinoma","BOWEL","COADREAD","COAD","","","","True","False","True","False","True","Undefined","Undefined","False"
"ACH-001972","MM473","Skin","Melanoma","SKIN","MEL","","","","","True","False","True","False","True","Undefined","Undefined","False"
"ACH-002711","UMHACC2A","Head and Neck","Salivary Carcinoma","HEAD_NECK","SACA","ACYC","","","","True","False","True","False","True","Undefined","Undefined","False"
"ACH-003273","CHRF28811","Myeloid","Acute Myeloid Leukemia","MYELOID","MNM","AML","","","","True","False","True","False","True","Undefined","Undefined","False"
"ACH-002528","SNU267","Kidney","Renal Cell Carcinoma","KIDNEY","RCC","CCRCC","","","","True","False","True","False","True","Undefined","Undefined","False"
"ACH-003189","NRHLS3","Soft Tissue","Liposarcoma","SOFT_TISSUE","LIPO","DDLS","","","","True","False","True","False","True","Undefined","Undefined","False"
"ACH-002922","SKNMM","Peripheral Nervous System","Neuroblastoma","PNS","NBL","","","","","True","False","True","False","True","Undefined","Undefined","False"
"ACH-002080","TN2","Peripheral Nervous System","Neuroblastoma","PNS","NBL","","","","","True","False","True","False","True","Undefined","Undefined","False"
"ACH-001465","CHLA136","Peripheral Nervous System","Neuroblastoma","PNS","NBL","","","","","True","False","True","False","True","Undefined","Undefined","False"
"ACH-002792","NCCCCS1BC1","Soft Tissue","Clear Cell Sarcoma","SOFT_TISSUE","CCS","","","","","True","False","True","False","True","Undefined","Undefined","False"
"ACH-002654","JVE015","Bowel","Colorectal Adenocarcinoma","BOWEL","COADREAD","COAD","","","","True","False","True","False","True","Undefined","Undefined","False"
"ACH-001227","UPCISCC090","Head and Neck","Head and Neck Squamous Cell Carcinoma","HEAD_NECK","HNSC","OCSC","","","","True","False","True","False","True","Undefined","Undefined","False"
"ACH-003180","NRHUPS2","Soft Tissue","Undifferentiated Pleomorphic Sarcoma/Malignant Fibrous Histiocytoma/High-Grade Spindle Cell Sarcoma","SOFT_TISSUE","MFH","","","","","True","False","True","False","True","Undefined","Undefined","False"
"ACH-001977","NO36","Pleura","Pleural Mesothelioma","PLEURA","PLMESO","PLEMESO","","","","True","False","True","False","True","Undefined","Undefined","False"
"ACH-002538","SNU1235","Bowel","Colorectal Adenocarcinoma","BOWEL","COADREAD","COAD","","","","True","False","True","False","True","Undefined","Undefined","False"
"ACH-002475","HAP1","Myeloid","Myeloproliferative Neoplasms","MYELOID","MNM","MPN","CML","CMLBCRABL1","","True","False","True","False","True","Undefined","Undefined","False"
"ACH-003064","TE130T","Bone","Other","BONE","SCTT","","","","","True","False","True","False","True","Undefined","Undefined","False"
"ACH-003590","YCUB2","Lymphoid","B-Cell Acute Lymphoblastic Leukemia","LYMPH","LNM","BALL","","","","True","False","True","False","True","Undefined","Undefined","False"
"ACH-002928","MM100511","Skin","Melanoma","SKIN","MEL","ACRM","","","","True","False","True","False","True","Undefined","Undefined","False"
"ACH-002926","UPMD1","Eye","Ocular Melanoma","EYE","OM","UM","","","","True","False","True","False","True","Undefined","Undefined","False"
"ACH-003171","NRHOS1","Bone","Osteosarcoma","BONE","OS","OSOS","","","","True","False","True","False","True","Undefined","Undefined","False"
"ACH-002060","MY","Myeloid","Acute Leukemias of Ambiguous Lineage","MYELOID","MNM","ALAL","","","","True","False","True","False","True","Undefined","Undefined","False"
"ACH-002677","U2946","Lymphoid","Mature B-Cell Neoplasms","LYMPH","LNM","NHL","MBN","DLBCLNOS","","True","False","True","False","True","Undefined","Undefined","False"
"ACH-001986","NZM42","Skin","Melanoma","SKIN","MEL","","","","","True","False","True","False","True","Undefined","Undefined","False"
"ACH-002782","NCCUPS1C1","Soft Tissue","Undifferentiated Pleomorphic Sarcoma/Malignant Fibrous Histiocytoma/High-Grade Spindle Cell Sarcoma","SOFT_TISSUE","MFH","","","","","True","False","True","False","True","Undefined","Undefined","False"
"ACH-002687","WM3772F","Eye","Ocular Melanoma","EYE","OM","UM","","","","True","False","True","False","True","Undefined","Undefined","False"
"ACH-002533","SNU482","Kidney","Renal Cell Carcinoma","KIDNEY","RCC","","","","","True","False","True","False","True","Undefined","Undefined","False"
"ACH-002800","NCCMPNST2C1","Peripheral Nervous System","Nerve Sheath Tumor","PNS","NST","MPNST","","","","True","False","True","False","True","Undefined","Undefined","False"
"ACH-002500","Z138","Lymphoid","Mature B-Cell Neoplasms","LYMPH","LNM","NHL","MBN","MCL","","True","False","True","False","True","Undefined","Undefined","False"
"ACH-001428","CCLFPEDS0010T","Bone","Ewing Sarcoma","BONE","ES","ES:EWSR1-FLI1","","","","True","False","True","False","True","Undefined","Undefined","False"
"ACH-001691","UPCISCC029A","Head and Neck","Head and Neck Squamous Cell Carcinoma","HEAD_NECK","HNSC","OCSC","","","","True","False","True","False","True","Undefined","Undefined","False"
"ACH-002030","SA3","Head and Neck","Head and Neck Squamous Cell Carcinoma","HEAD_NECK","HNSC","OCSC","","","","True","False","True","False","True","Undefined","Undefined","False"
"ACH-002650","ETCC016","Lung","Non-Small Cell Lung Cancer","LUNG","NSCLC","LUAD","","","","True","False","True","False","True","Undefined","Undefined","False"
"ACH-002084","MMAC","Skin","Melanoma","SKIN","MEL","","","","","True","False","True","False","True","Undefined","Undefined","False"
"ACH-002672","MAPACHS77","Pancreas","Pancreatic Adenocarcinoma","PANCREAS","PAAD","","","","","True","False","True","False","True","Undefined","Undefined","False"
"ACH-002659","JVE127","Bowel","Colorectal Adenocarcinoma","BOWEL","COADREAD","MACR","","","","True","False","True","False","True","Undefined","Undefined","False"
"ACH-003191","NRHGCT2","Bone","Giant Cell Tumor of Bone","BONE","GCTB","","","","","True","False","True","False","True","Undefined","Undefined","False"
"ACH-001683","UACC3133","Breast","Invasive Breast Carcinoma","BREAST","BRCA","ILC","","","","True","False","True","False","True","Undefined","Undefined","False"
"ACH-001982","NZM3","Skin","Melanoma","SKIN","MEL","","","","","True","False","True","False","True","Undefined","Undefined","False"
"ACH-001356","MB1","Thyroid","Anaplastic Thyroid Cancer","THYROID","THAP","","","","","True","False","False","True","True","Undefined","Undefined","True"
"ACH-000124","OCILY19","Lymphoid","Mature B-Cell Neoplasms","LYMPH","LNM","NHL","MBN","DLBCLNOS","","True","False","False","True","True","Undefined","Undefined","True"
"ACH-001411","UMUC5","Bladder/Urinary Tract","Bladder Squamous Cell Carcinoma","BLADDER","BLSC","","","","","True","False","False","True","True","Undefined","Undefined","True"
"ACH-001412","UMUC10","Bladder/Urinary Tract","Bladder Urothelial Carcinoma","BLADDER","BLCA","","","","","True","False","False","True","True","Undefined","Undefined","True"
"ACH-001459","C80","Bowel","Colorectal Adenocarcinoma","BOWEL","COADREAD","READ","","","","True","False","False","True","True","Undefined","Undefined","True"
"ACH-000181","SCC9","Head and Neck","Head and Neck Squamous Cell Carcinoma","HEAD_NECK","HNSC","OCSC","","","","True","False","False","True","True","Undefined","Undefined","True"
"ACH-000970","SNUC5","Bowel","Colorectal Adenocarcinoma","BOWEL","COADREAD","COAD","","","","True","False","False","True","True","Undefined","Undefined","True"
"ACH-001413","UMUC11","Bladder/Urinary Tract","Bladder Urothelial Carcinoma","BLADDER","BLCA","","","","","True","False","False","True","True","Undefined","Undefined","True"
"ACH-001399","SW626","Bowel","Colorectal Adenocarcinoma","BOWEL","COADREAD","COAD","","","","True","False","False","True","True","Undefined","Undefined","True"
"ACH-001786","SNU1544","Bowel","Colorectal Adenocarcinoma","BOWEL","COADREAD","COAD","","","","True","False","False","True","True","Undefined","Undefined","True"
"ACH-001651","SKGI","Cervix","Cervical Squamous Cell Carcinoma","CERVIX","CESC","","","","","True","False","False","True","True","Undefined","Undefined","True"
"ACH-001525","HT3","Cervix","Cervical Adenocarcinoma","CERVIX","CEAD","","","","","True","False","False","True","True","Undefined","Undefined","True"
"ACH-001529","JAR","Uterus","Gestational Trophoblastic Disease","UTERUS","GTD","UCCA","","","","True","False","False","True","True","Undefined","Undefined","True"
"ACH-001652","SKGII","Cervix","Cervical Squamous Cell Carcinoma","CERVIX","CESC","","","","","True","False","False","True","True","Undefined","Undefined","True"
"ACH-001796","95T1000","Soft Tissue","Liposarcoma","SOFT_TISSUE","LIPO","WDLS","","","","True","False","False","True","True","Undefined","Undefined","True"
"ACH-001698","UPCISCC116","Head and Neck","Head and Neck Squamous Cell Carcinoma","HEAD_NECK","HNSC","OCSC","","","","True","False","False","True","True","Undefined","Undefined","True"
"ACH-001852","HKGZCC","Biliary Tract","Intraductal Papillary Neoplasm of the Bile Duct","BILIARY_TRACT","IPN","CHOL","IHCH","","","True","False","False","True","True","Undefined","Undefined","True"
"ACH-000862","KMBC2","Bladder/Urinary Tract","Bladder Urothelial Carcinoma","BLADDER","BLCA","","","","","True","False","False","True","True","Undefined","Undefined","True"
"ACH-001664","SNU638","Esophagus/Stomach","Esophagogastric Adenocarcinoma","STOMACH","EGC","STAD","","","","True","False","False","True","True","Undefined","Undefined","True"
"ACH-001523","HSC1","Skin","Cutaneous Squamous Cell Carcinoma","SKIN","CSCC","","","","","True","False","False","True","True","Undefined","Undefined","True"
"ACH-000873","KYSE270","Esophagus/Stomach","Esophageal Squamous Cell Carcinoma","STOMACH","ESCC","","","","","True","False","False","True","True","Undefined","Undefined","True"
"ACH-001458","C75","Bowel","Colorectal Adenocarcinoma","BOWEL","COADREAD","COAD","","","","True","False","False","True","True","Undefined","Undefined","True"
"ACH-001450","BLUE1","Lymphoid","Mature B-Cell Neoplasms","LYMPH","LNM","NHL","MBN","BL","","True","False","False","True","True","Undefined","Undefined","True"
"ACH-000972","HEC151","Uterus","Endometrial Carcinoma","UTERUS","UCEC","","","","","True","False","False","True","True","Undefined","Undefined","True"
"ACH-000197","TALL1","Lymphoid","T-Lymphoblastic Leukemia/Lymphoma","LYMPH","LNM","TALL","","","","True","False","False","True","True","Undefined","Undefined","True"
"ACH-001861","TGBC1TKB","Biliary Tract","Intracholecystic Papillary Neoplasm","BILIARY_TRACT","ICPN","GBC","","","","True","False","False","True","True","Undefined","Undefined","True"
"ACH-001374","PA1","Ovary/Fallopian Tube","Ovarian Germ Cell Tumor","OVARY","OGCT","OMGCT","","","","True","False","False","True","True","Undefined","Undefined","True"
"ACH-001991","NZOV9","Ovary/Fallopian Tube","Ovarian Epithelial Tumor","OVARY","OVT","EOV","","","","True","False","False","True","True","Undefined","Undefined","True"
"ACH-000346","JVM3","Lymphoid","Mature B-Cell Neoplasms","LYMPH","LNM","NHL","MBN","BPLL","","True","False","False","True","True","Undefined","Undefined","True"
"ACH-001552","MCC26","Skin","Merkel Cell Carcinoma","SKIN","MCC","","","","","True","False","False","True","True","Undefined","Undefined","True"
"ACH-001628","PEA1","Ovary/Fallopian Tube","Ovarian Epithelial Tumor","OVARY","OVT","SOC","HGSOC","","","True","False","False","True","True","Undefined","Undefined","True"
"ACH-001838","MGHICC12","Biliary Tract","Intraductal Papillary Neoplasm of the Bile Duct","BILIARY_TRACT","IPN","CHOL","IHCH","","","True","False","False","True","True","Undefined","Undefined","True"
"ACH-001864","YSCCC","Biliary Tract","Intraductal Papillary Neoplasm of the Bile Duct","BILIARY_TRACT","IPN","CHOL","IHCH","","","True","False","False","True","True","Undefined","Undefined","True"
"ACH-001346","H103","Head and Neck","Head and Neck Squamous Cell Carcinoma","HEAD_NECK","HNSC","OCSC","","","","True","False","False","True","True","Undefined","Undefined","True"
"ACH-001538","KKU213","Biliary Tract","Intraductal Papillary Neoplasm of the Bile Duct","BILIARY_TRACT","IPN","CHOL","IHCH","","","True","False","False","True","True","Undefined","Undefined","True"
"ACH-001377","PACADD137","Pancreas","Pancreatic Adenocarcinoma","PANCREAS","PAAD","","","","","True","False","False","True","True","Undefined","Undefined","True"
"ACH-001289","COGAR359","CNS/Brain","Embryonal Tumor","BRAIN","EMBT","ATRT","","","","True","False","False","True","True","Undefined","Undefined","True"
"ACH-000565","RCM1","Bowel","Colorectal Adenocarcinoma","BOWEL","COADREAD","READ","","","","True","False","False","True","True","Undefined","Undefined","True"
"ACH-001495","EMTOKA","Uterus","Endometrial Carcinoma","UTERUS","UCEC","UCS","","","","True","False","False","True","True","Undefined","Undefined","True"
"ACH-001402","SW756","Cervix","Cervical Squamous Cell Carcinoma","CERVIX","CESC","","","","","True","False","False","True","True","Undefined","Undefined","True"
"ACH-000242","RT4","Bladder/Urinary Tract","Bladder Urothelial Carcinoma","BLADDER","BLCA","","","","","True","False","False","True","True","Undefined","Undefined","True"
"ACH-000489","SW1116","Bowel","Colorectal Adenocarcinoma","BOWEL","COADREAD","COAD","","","","True","False","False","True","True","Undefined","Undefined","True"
"ACH-000562","HCC78","Lung","Non-Small Cell Lung Cancer","LUNG","NSCLC","LUAD","","","","True","False","False","True","True","Undefined","Undefined","True"
"ACH-001513","HCA1","Cervix","Cervical Adenocarcinoma","CERVIX","CEAD","ECAD","","","","True","False","False","True","True","Undefined","Undefined","True"
"ACH-001841","MGHECC3","Biliary Tract","Intraductal Papillary Neoplasm of the Bile Duct","BILIARY_TRACT","IPN","CHOL","EHCH","","","True","False","False","True","True","Undefined","Undefined","True"
"ACH-001960","CCSW1","Biliary Tract","Intraductal Papillary Neoplasm of the Bile Duct","BILIARY_TRACT","IPN","CHOL","IHCH","","","True","False","False","True","True","Undefined","Undefined","True"
"ACH-001687","UMRC3","Kidney","Renal Cell Carcinoma","KIDNEY","RCC","CCRCC","","","","True","False","False","True","True","Undefined","Undefined","True"
"ACH-001844","MGHICC4","Biliary Tract","Intraductal Papillary Neoplasm of the Bile Duct","BILIARY_TRACT","IPN","CHOL","IHCH","","","True","False","False","True","True","Undefined","Undefined","True"
"ACH-001997","MGHAOVC1","Ampulla of Vater","Ampullary Carcinoma","AMPULLA_OF_VATER","AMPCA","","","","","True","False","False","True","True","Undefined","Undefined","True"
"ACH-001626","OSC20","Head and Neck","Head and Neck Squamous Cell Carcinoma","HEAD_NECK","HNSC","OCSC","","","","True","False","False","True","True","Undefined","Undefined","True"
"ACH-001862","TGBC52TKB","Ampulla of Vater","Ampullary Carcinoma","AMPULLA_OF_VATER","AMPCA","","","","","True","False","False","True","True","Undefined","Undefined","True"
"ACH-001368","OACM51","Esophagus/Stomach","Esophagogastric Adenocarcinoma","STOMACH","EGC","ESCA","","","","True","False","False","True","True","Undefined","Undefined","True"
"ACH-001016","BECKER","CNS/Brain","Adult-Type Diffuse Glioma","BRAIN","DIFG","ADIFG","ASTR","","","True","False","False","True","True","Undefined","Undefined","True"
"ACH-001370","OCIP5X","Ovary/Fallopian Tube","Ovarian Epithelial Tumor","OVARY","OVT","SOC","","","","True","False","False","True","True","Undefined","Undefined","True"
"ACH-001510","H376","Head and Neck","Head and Neck Squamous Cell Carcinoma","HEAD_NECK","HNSC","OCSC","","","","True","False","False","True","True","Undefined","Undefined","True"
"ACH-000993","JHUEM7","Uterus","Endometrial Carcinoma","UTERUS","UCEC","","","","","True","False","False","True","True","Undefined","Undefined","True"
"ACH-001028","CHLA06ATRT","CNS/Brain","Embryonal Tumor","BRAIN","EMBT","ATRT","","","","True","False","False","True","True","Undefined","Undefined","True"
"ACH-001375","PACADD119","Pancreas","Pancreatic Adenocarcinoma","PANCREAS","PAAD","","","","","True","False","False","True","True","Undefined","Undefined","True"
"ACH-001517","HEC1","Uterus","Endometrial Carcinoma","UTERUS","UCEC","","","","","True","False","False","True","True","Undefined","Undefined","True"
"ACH-001856","RBE","Biliary Tract","Intraductal Papillary Neoplasm of the Bile Duct","BILIARY_TRACT","IPN","CHOL","IHCH","","","True","False","False","True","True","Undefined","Undefined","True"
"ACH-001653","SKGT2","Esophagus/Stomach","Esophagogastric Adenocarcinoma","STOMACH","EGC","STAD","","","","True","False","False","True","True","Undefined","Undefined","True"
"ACH-001794","93T449","Soft Tissue","Liposarcoma","SOFT_TISSUE","LIPO","WDLS","","","","True","False","False","True","True","Undefined","Undefined","True"
"ACH-001655","SKN","Uterus","Uterine Sarcoma/Mesenchymal","UTERUS","USARC","USMT","ULMS","","","True","False","False","True","True","Undefined","Undefined","True"
"ACH-001654","SKGT4","Esophagus/Stomach","Esophagogastric Adenocarcinoma","STOMACH","EGC","ESCA","","","","True","False","False","True","True","Undefined","Undefined","True"
"ACH-001033","CHLA57","CNS/Brain","Embryonal Tumor","BRAIN","EMBT","PNET","","","","True","False","False","True","True","Undefined","Undefined","True"
"ACH-001511","H413","Head and Neck","Head and Neck Squamous Cell Carcinoma","HEAD_NECK","HNSC","OCSC","","","","True","False","False","True","True","Undefined","Undefined","True"
"ACH-001795","94T778","Soft Tissue","Liposarcoma","SOFT_TISSUE","LIPO","WDLS","","","","True","False","False","True","True","Undefined","Undefined","True"
"ACH-001616","OCILY18","Lymphoid","Mature B-Cell Neoplasms","LYMPH","LNM","NHL","MBN","DLBCLNOS","","True","False","False","True","True","Undefined","Undefined","True"
"ACH-001688","UMRC7","Kidney","Renal Cell Carcinoma","KIDNEY","RCC","","","","","True","False","False","True","True","Undefined","Undefined","True"
"ACH-001347","H157","Head and Neck","Head and Neck Squamous Cell Carcinoma","HEAD_NECK","HNSC","OCSC","","","","True","False","False","True","True","Undefined","Undefined","True"
"ACH-001379","PACADD161","Pancreas","Pancreatic Adenocarcinoma","PANCREAS","PAAD","","","","","True","False","False","True","True","Undefined","Undefined","True"
"ACH-000467","HCC56","Bowel","Colorectal Adenocarcinoma","BOWEL","COADREAD","COAD","","","","True","False","False","True","True","Undefined","Undefined","True"
"ACH-000656","SUDHL8","Lymphoid","Mature B-Cell Neoplasms","LYMPH","LNM","NHL","MBN","DLBCLNOS","","True","False","False","True","True","Undefined","Undefined","True"
"ACH-001414","UMUC6","Bladder/Urinary Tract","Bladder Urothelial Carcinoma","BLADDER","BLCA","","","","","True","False","False","True","True","Undefined","Undefined","True"
"ACH-001542","KON","Head and Neck","Head and Neck Squamous Cell Carcinoma","HEAD_NECK","HNSC","OCSC","","","","True","False","False","True","True","Undefined","Undefined","True"
"ACH-001451","BOKU","Cervix","Cervical Squamous Cell Carcinoma","CERVIX","CESC","","","","","True","False","False","True","True","Undefined","Undefined","True"
"ACH-001999","9505BIK","Pancreas","Pancreatic Adenocarcinoma","PANCREAS","PAAD","","","","","True","False","False","True","True","Undefined","Undefined","True"
"ACH-001518","HEC116","Uterus","Endometrial Carcinoma","UTERUS","UCEC","","","","","True","False","False","True","True","Undefined","Undefined","True"
"ACH-001857","SG231","Biliary Tract","Intraductal Papillary Neoplasm of the Bile Duct","BILIARY_TRACT","IPN","CHOL","IHCH","","","True","False","False","True","True","Undefined","Undefined","True"
"ACH-000268","SNU245","Biliary Tract","Intraductal Papillary Neoplasm of the Bile Duct","BILIARY_TRACT","IPN","CHOL","EHCH","","","True","False","False","True","True","Undefined","Undefined","True"
"ACH-000920","CMLT1","Myeloid","Myeloproliferative Neoplasms","MYELOID","MNM","MPN","CML","CMLBCRABL1","","True","False","False","True","True","Undefined","Undefined","True"
"ACH-000398","RI1","Lymphoid","Mature B-Cell Neoplasms","LYMPH","LNM","NHL","MBN","DLBCLNOS","ABC","True","False","False","True","True","Undefined","Undefined","True"
"ACH-000396","J82","Bladder/Urinary Tract","Bladder Urothelial Carcinoma","BLADDER","BLCA","","","","","True","False","False","True","True","Undefined","Undefined","True"
"ACH-001563","MM127","Skin","Melanoma","SKIN","MEL","","","","","True","False","False","True","True","Undefined","Undefined","True"
"ACH-001834","MGHICC10","Biliary Tract","Intraductal Papillary Neoplasm of the Bile Duct","BILIARY_TRACT","IPN","CHOL","IHCH","","","True","False","False","True","True","Undefined","Undefined","True"
"ACH-001650","SISO","Cervix","Cervical Adenocarcinoma","CERVIX","CEAD","","","","","True","False","False","True","True","Undefined","Undefined","True"
"ACH-001345","GP5D","Bowel","Colorectal Adenocarcinoma","BOWEL","COADREAD","COAD","","","","True","False","False","True","True","Undefined","Undefined","True"
"ACH-001500","FLO1","Esophagus/Stomach","Esophagogastric Adenocarcinoma","STOMACH","EGC","ESCA","","","","True","False","False","True","True","Undefined","Undefined","True"
"ACH-001858","SSP25","Biliary Tract","Intraductal Papillary Neoplasm of the Bile Duct","BILIARY_TRACT","IPN","CHOL","IHCH","","","True","False","False","True","True","Undefined","Undefined","True"
"ACH-000026","253JBV","Bladder/Urinary Tract","Bladder Urothelial Carcinoma","BLADDER","BLCA","","","","","True","False","False","True","True","Undefined","Undefined","True"
"ACH-001353","JOPACA1","Pancreas","Pancreatic Adenocarcinoma","PANCREAS","PAAD","","","","","True","False","False","True","True","Undefined","Undefined","True"
"ACH-001850","G415","Biliary Tract","Intracholecystic Papillary Neoplasm","BILIARY_TRACT","ICPN","GBC","GBAD","","","True","False","False","True","True","Undefined","Undefined","True"
"ACH-001532","JMURTK2","Kidney","Rhabdoid Cancer","KIDNEY","MRT","","","","","True","False","False","True","True","Undefined","Undefined","True"
"ACH-001332","BICR78","Head and Neck","Head and Neck Squamous Cell Carcinoma","HEAD_NECK","HNSC","OCSC","","","","True","False","False","True","True","Undefined","Undefined","True"
"ACH-001524","HSC5","Skin","Cutaneous Squamous Cell Carcinoma","SKIN","CSCC","","","","","True","False","False","True","True","Undefined","Undefined","True"
"ACH-000619","PECAPJ15","Head and Neck","Head and Neck Squamous Cell Carcinoma","HEAD_NECK","HNSC","OCSC","","","","True","False","False","True","True","Undefined","Undefined","True"
"ACH-001329","ANGMCSS","CNS/Brain","Adult-Type Diffuse Glioma","BRAIN","DIFG","ADIFG","GB","","","True","False","False","True","True","Undefined","Undefined","True"
"ACH-001959","CCLP1","Biliary Tract","Intraductal Papillary Neoplasm of the Bile Duct","BILIARY_TRACT","IPN","CHOL","IHCH","","","True","False","False","True","True","Undefined","Undefined","True"
"ACH-001961","MGHGB2","Biliary Tract","Intracholecystic Papillary Neoplasm","BILIARY_TRACT","ICPN","GBC","","","","True","False","False","True","True","Undefined","Undefined","True"
"ACH-000252","LS1034","Bowel","Colorectal Adenocarcinoma","BOWEL","COADREAD","COAD","","","","True","False","False","True","True","Undefined","Undefined","True"
"ACH-000604","KYO1","Myeloid","Myeloproliferative Neoplasms","MYELOID","MNM","MPN","CML","CMLBCRABL1","","True","False","False","True","True","Undefined","Undefined","True"
"ACH-001521","HKA1","Skin","Cutaneous Squamous Cell Carcinoma","SKIN","CSCC","","","","","True","False","False","True","True","Undefined","Undefined","True"
"ACH-001551","MCC142","Skin","Merkel Cell Carcinoma","SKIN","MCC","","","","","True","False","False","True","True","Undefined","Undefined","True"
"ACH-001550","MCC13","Skin","Merkel Cell Carcinoma","SKIN","MCC","","","","","True","False","False","True","True","Undefined","Undefined","True"
"ACH-000569","ISTMES1","Pleura","Pleural Mesothelioma","PLEURA","PLMESO","PLEMESO","","","","True","False","False","True","True","Undefined","Undefined","True"
"ACH-001849","MGHICC9","Biliary Tract","Intraductal Papillary Neoplasm of the Bile Duct","BILIARY_TRACT","IPN","CHOL","IHCH","","","True","False","False","True","True","Undefined","Undefined","True"
"ACH-001536","KKU100","Biliary Tract","Intraductal Papillary Neoplasm of the Bile Duct","BILIARY_TRACT","IPN","CHOL","EHCH","","","True","False","False","True","True","Undefined","Undefined","True"
"ACH-001360","MS751","Cervix","Cervical Squamous Cell Carcinoma","CERVIX","CESC","","","","","True","False","False","True","True","Undefined","Undefined","True"
"ACH-000266","SNU213","Pancreas","Pancreatic Adenocarcinoma","PANCREAS","PAAD","","","","","True","False","False","True","True","Undefined","Undefined","True"
"ACH-001163","CCLFPEDS0001T","Kidney","Renal Cell Carcinoma","KIDNEY","RCC","NCCRCC","MRC","","","True","False","False","True","True","Undefined","Undefined","True"
"ACH-001607","NOZ","Biliary Tract","Intracholecystic Papillary Neoplasm","BILIARY_TRACT","ICPN","GBC","GBAD","","","True","False","False","True","True","Undefined","Undefined","True"
"ACH-001415","UMUC7","Bladder/Urinary Tract","Bladder Urothelial Carcinoma","BLADDER","BLCA","","","","","True","False","False","True","True","Undefined","Undefined","True"
"ACH-001853","KMCH1","Liver","Hepatocellular Carcinoma plus Intrahepatic Cholangiocarcinoma","LIVER","HCCIHCH","","","","","True","False","False","True","True","Undefined","Undefined","True"
"ACH-001673","TFK1","Biliary Tract","Intraductal Papillary Neoplasm of the Bile Duct","BILIARY_TRACT","IPN","CHOL","EHCH","","","True","False","False","True","True","Undefined","Undefined","True"
"ACH-001145","OC316","Ovary/Fallopian Tube","Ovarian Epithelial Tumor","OVARY","OVT","SOC","","","","True","False","False","True","True","Undefined","Undefined","True"
"ACH-001310","HA1E","Kidney","Non-Cancerous","KIDNEY","ZKIDNEY","ZIMMEKC","","","","True","False","False","True","True","Undefined","Undefined","True"
"ACH-001407","UMUC13","Bladder/Urinary Tract","Bladder Urothelial Carcinoma","BLADDER","BLCA","","","","","True","False","False","True","True","Undefined","Undefined","True"
"ACH-001341","DOTC24510","Cervix","Mixed Cervical Carcinoma","CERVIX","MCCE","","","","","True","False","False","True","True","Undefined","Undefined","True"
"ACH-001839","MGHICC137","Biliary Tract","Intraductal Papillary Neoplasm of the Bile Duct","BILIARY_TRACT","IPN","CHOL","IHCH","","","True","False","False","True","True","Undefined","Undefined","True"
"ACH-001719","OCIC4P","Ovary/Fallopian Tube","Ovarian Epithelial Tumor","OVARY","OVT","CCOV","","","","True","False","False","True","True","Undefined","Undefined","True"
"ACH-001408","UMUC14","Bladder/Urinary Tract","Urethral Cancer","BLADDER","UCA","UCU","","","","True","False","False","True","True","Undefined","Undefined","False"
"ACH-000660","SUDHL5","Lymphoid","Mature B-Cell Neoplasms","LYMPH","LNM","NHL","MBN","DLBCLNOS","","True","False","False","True","True","Undefined","Undefined","False"
"ACH-001605","NO10","CNS/Brain","Adult-Type Diffuse Glioma","BRAIN","DIFG","ADIFG","GB","","","True","False","False","True","True","Undefined","Undefined","False"
"ACH-001645","SEKI","Skin","Melanoma","SKIN","MEL","","","","","True","False","False","True","True","Undefined","Undefined","False"
"ACH-000821","EJM","Lymphoid","Mature B-Cell Neoplasms","LYMPH","LNM","NHL","MBN","PCM","","True","False","False","True","True","Undefined","Undefined","False"
"ACH-001970","MM253","Skin","Melanoma","SKIN","MEL","","","","","True","False","False","True","True","Undefined","Undefined","False"
"ACH-001690","UPCISCC026","Head and Neck","Head and Neck Squamous Cell Carcinoma","HEAD_NECK","HNSC","OCSC","","","","True","False","False","True","True","Undefined","Undefined","False"
"ACH-001194","SKRC31","Kidney","Renal Cell Carcinoma","KIDNEY","RCC","","","","","True","False","False","True","True","Undefined","Undefined","False"
"ACH-001630","PEO1","Ovary/Fallopian Tube","Ovarian Epithelial Tumor","OVARY","OVT","SOC","","","","True","False","False","True","True","Undefined","Undefined","False"
"ACH-001539","KML1","Lymphoid","Mature B-Cell Neoplasms","LYMPH","LNM","NHL","MBN","DLBCLNOS","GCB","True","False","False","True","True","Undefined","Undefined","False"
"ACH-000501","LS123","Bowel","Colorectal Adenocarcinoma","BOWEL","COADREAD","COAD","","","","True","False","False","True","True","Undefined","Undefined","False"
"ACH-001820","COLO824","Breast","Breast Neoplasm, NOS","BREAST","BNNOS","","","","","True","False","False","True","True","Undefined","Undefined","False"
"ACH-001380","PACADD165","Pancreas","Pancreatic Adenocarcinoma","PANCREAS","PAAD","","","","","True","False","False","True","True","Undefined","Undefined","False"
"ACH-001416","UMUC9","Bladder/Urinary Tract","Bladder Urothelial Carcinoma","BLADDER","BLCA","","","","","True","False","False","True","True","Undefined","Undefined","False"
"ACH-001836","MGHICC108","Biliary Tract","Intraductal Papillary Neoplasm of the Bile Duct","BILIARY_TRACT","IPN","CHOL","IHCH","","","True","False","False","True","True","Undefined","Undefined","False"
"ACH-001454","C10","Bowel","Colorectal Adenocarcinoma","BOWEL","COADREAD","COAD","","","","True","False","False","True","True","Undefined","Undefined","False"
"ACH-001386","SCLC22H","Lung","Lung Neuroendocrine Tumor","LUNG","LNET","SCLC","","","","True","False","False","True","True","Undefined","Undefined","False"
"ACH-001340","COV413A","Ovary/Fallopian Tube","Ovarian Epithelial Tumor","OVARY","OVT","SOC","","","","True","False","False","True","True","Undefined","Undefined","False"
"ACH-001835","MGHICC106","Biliary Tract","Intraductal Papillary Neoplasm of the Bile Duct","BILIARY_TRACT","IPN","CHOL","IHCH","","","True","False","False","True","True","Undefined","Undefined","False"
"ACH-001098","KCIMOH1","Pancreas","Pancreatic Adenocarcinoma","PANCREAS","PAAD","","","","","True","False","False","True","True","Undefined","Undefined","False"
"ACH-001376","PACADD135","Pancreas","Pancreatic Adenocarcinoma","PANCREAS","PAAD","","","","","True","False","False","True","True","Undefined","Undefined","False"
"ACH-001172","U251MGDM","CNS/Brain","Adult-Type Diffuse Glioma","BRAIN","DIFG","ADIFG","ASTR","","","True","False","False","True","True","Undefined","Undefined","False"
"ACH-000442","RERFLCSQ1","Lung","Non-Small Cell Lung Cancer","LUNG","NSCLC","LUSC","","","","True","False","False","True","True","Undefined","Undefined","False"
"ACH-001515","HCS2","Cervix","Cervical Squamous Cell Carcinoma","CERVIX","CESC","","","","","True","False","False","True","True","Undefined","Undefined","False"
"ACH-001328","A431","Skin","Cutaneous Squamous Cell Carcinoma","SKIN","CSCC","","","","","True","False","False","True","True","Undefined","Undefined","False"
"ACH-001648","SHMAC4","Prostate","Non-Cancerous","PROSTATE","ZPROSTATE","ZIMMEPCP","","","","True","False","False","True","True","Undefined","Undefined","False"
"ACH-001453","BPH1","Prostate","Non-Cancerous","PROSTATE","ZPROSTATE","ZHYPP","","","","True","False","False","True","True","Undefined","Undefined","False"
"ACH-001692","UPCISCC040","Head and Neck","Head and Neck Squamous Cell Carcinoma","HEAD_NECK","HNSC","OCSC","","","","True","False","False","True","True","Undefined","Undefined","False"
"ACH-001367","NMB","Peripheral Nervous System","Neuroblastoma","PNS","NBL","","","","","True","False","False","True","True","Undefined","Undefined","False"
"ACH-000546","HSC4","Head and Neck","Head and Neck Squamous Cell Carcinoma","HEAD_NECK","HNSC","OCSC","","","","True","False","False","True","True","Undefined","Undefined","False"
"ACH-001409","UMUC16","Bladder/Urinary Tract","Bladder Urothelial Carcinoma","BLADDER","BLCA","","","","","True","False","False","True","True","Undefined","Undefined","False"
"ACH-001041","CHL1DM","Skin","Melanoma","SKIN","MEL","","","","","True","False","False","True","True","Undefined","Undefined","False"
"ACH-001549","LU135","Lung","Lung Neuroendocrine Tumor","LUNG","LNET","SCLC","","","","True","False","False","True","True","Undefined","Undefined","False"
"ACH-001497","ESO51","Esophagus/Stomach","Esophagogastric Adenocarcinoma","STOMACH","EGC","ESCA","","","","True","False","False","True","True","Undefined","Undefined","False"
"ACH-001843","MGHECC4","Biliary Tract","Intraductal Papillary Neoplasm of the Bile Duct","BILIARY_TRACT","IPN","CHOL","EHCH","","","True","False","False","True","True","Undefined","Undefined","False"
"ACH-001556","MERO25","Pleura","Pleural Mesothelioma","PLEURA","PLMESO","PLBMESO","","","","True","False","False","True","True","Undefined","Undefined","False"
"ACH-001419","VP229","Breast","Invasive Breast Carcinoma","BREAST","BRCA","IDC","","","","True","False","False","True","True","Undefined","Undefined","False"
"ACH-000702","L1236","Lymphoid","Hodgkin Lymphoma","LYMPH","LNM","HL","","","","True","False","False","True","True","Undefined","Undefined","False"
"ACH-001842","MGHICC2","Biliary Tract","Intraductal Papillary Neoplasm of the Bile Duct","BILIARY_TRACT","IPN","CHOL","IHCH","","","True","False","False","True","True","Undefined","Undefined","False"
"ACH-000567","ST486","Lymphoid","Mature B-Cell Neoplasms","LYMPH","LNM","NHL","MBN","BL","","True","False","False","True","True","Undefined","Undefined","False"
"ACH-001555","MERO14","Pleura","Pleural Mesothelioma","PLEURA","PLMESO","PLEMESO","","","","True","False","False","True","True","Undefined","Undefined","False"
"ACH-001566","MM370","Skin","Melanoma","SKIN","MEL","","","","","True","False","False","True","True","Undefined","Undefined","False"
"ACH-001522","HMY1","Skin","Melanoma","SKIN","MEL","","","","","True","False","False","True","True","Undefined","Undefined","False"
"ACH-000584","JHOS4","Ovary/Fallopian Tube","Ovarian Epithelial Tumor","OVARY","OVT","SOC","HGSOC","","","True","False","False","True","True","Undefined","Undefined","False"
"ACH-001570","MM426","Skin","Melanoma","SKIN","MEL","","","","","True","False","False","True","True","Undefined","Undefined","False"
"ACH-001382","PACADD188","Pancreas","Pancreatic Adenocarcinoma","PANCREAS","PAAD","","","","","True","False","False","True","True","Undefined","Undefined","False"
"ACH-001229","UPCISCC154","Head and Neck","Head and Neck Squamous Cell Carcinoma","HEAD_NECK","HNSC","OCSC","","","","True","False","False","True","True","Undefined","Undefined","False"
"ACH-002467","RPE1SS51","Eye","Non-Cancerous","EYE","ZEYE","ZIMMEPCRT","","","","True","False","False","True","True","Undefined","Undefined","False"
"ACH-000519","PEER","Lymphoid","T-Lymphoblastic Leukemia/Lymphoma","LYMPH","LNM","TALL","","","","True","False","False","True","True","Undefined","Undefined","False"
"ACH-000695","CORL47","Lung","Lung Neuroendocrine Tumor","LUNG","LNET","SCLC","","","","True","False","False","True","True","Undefined","Undefined","False"
"ACH-001498","FARAGE","Lymphoid","Mature B-Cell Neoplasms","LYMPH","LNM","NHL","MBN","DLBCLNOS","GCB","True","False","False","True","True","Undefined","Undefined","False"
"ACH-001557","MERO41","Pleura","Pleural Mesothelioma","PLEURA","PLMESO","PLEMESO","","","","True","False","False","True","True","Undefined","Undefined","False"
"ACH-001558","MERO48A","Pleura","Pleural Mesothelioma","PLEURA","PLMESO","PLBMESO","","","","True","False","False","True","True","Undefined","Undefined","False"
"ACH-001632","PEO4","Ovary/Fallopian Tube","Ovarian Epithelial Tumor","OVARY","OVT","SOC","","","","True","False","False","True","True","Undefined","Undefined","False"
"ACH-001634","PGA1","Lymphoid","Mature B-Cell Neoplasms","LYMPH","LNM","NHL","MBN","CLLSLL","","True","False","False","True","True","Undefined","Undefined","False"
"ACH-000577","JHH2","Liver","Hepatocellular Carcinoma","LIVER","HCC","","","","","True","False","False","True","True","Undefined","Undefined","False"
"ACH-001443","ASH3","Thyroid","Anaplastic Thyroid Cancer","THYROID","THAP","","","","","True","False","False","True","True","Undefined","Undefined","False"
"ACH-001418","UWB1289","Ovary/Fallopian Tube","Ovarian Epithelial Tumor","OVARY","OVT","SOC","","","","True","False","False","True","True","Undefined","Undefined","False"
"ACH-002462","RPE1SS48","Eye","Non-Cancerous","EYE","ZEYE","ZIMMEPCRT","","","","True","False","False","True","True","Undefined","Undefined","False"
"ACH-001627","P4E6","Prostate","Non-Cancerous","PROSTATE","ZPROSTATE","ZIMMEPCP","","","","True","False","False","True","True","Undefined","Undefined","False"
"ACH-001625","OSC19","Head and Neck","Head and Neck Squamous Cell Carcinoma","HEAD_NECK","HNSC","OCSC","","","","True","False","False","True","True","Undefined","Undefined","False"
"ACH-001559","MERO82","Pleura","Pleural Mesothelioma","PLEURA","PLMESO","PLEMESO","","","","True","False","False","True","True","Undefined","Undefined","False"
"ACH-001603","NH12","Peripheral Nervous System","Neuroblastoma","PNS","NBL","","","","","True","False","False","True","True","Undefined","Undefined","False"
"ACH-001613","OCIAML4","Myeloid","Acute Myeloid Leukemia","MYELOID","MNM","AML","","","","True","False","False","True","True","Undefined","Undefined","False"
"ACH-001484","CI","Lymphoid","Mature B-Cell Neoplasms","LYMPH","LNM","NHL","MBN","CLLSLL","","True","False","False","True","True","Undefined","Undefined","False"
"ACH-000646","OVMANA","Ovary/Fallopian Tube","Ovarian Epithelial Tumor","OVARY","OVT","CCOV","","","","True","False","False","True","True","Undefined","Undefined","False"
"ACH-001460","C84","Bowel","Colorectal Adenocarcinoma","BOWEL","COADREAD","COAD","","","","True","False","False","True","True","Undefined","Undefined","False"
"ACH-001496","ESO26","Esophagus/Stomach","Esophagogastric Adenocarcinoma","STOMACH","EGC","GEJ","","","","True","False","False","True","True","Undefined","Undefined","False"
"ACH-001335","C4II","Cervix","Cervical Squamous Cell Carcinoma","CERVIX","CESC","","","","","True","False","False","True","True","Undefined","Undefined","False"
"ACH-000798","CL40","Bowel","Colorectal Adenocarcinoma","BOWEL","COADREAD","COAD","","","","True","False","False","True","True","Undefined","Undefined","False"
"ACH-001403","TO14","Ovary/Fallopian Tube","Ovarian Epithelial Tumor","OVARY","OVT","SOC","","","","True","False","False","True","True","Undefined","Undefined","False"
"ACH-002461","RVH42DABR","Skin","Melanoma","SKIN","MEL","","","","","True","False","False","True","True","Undefined","Undefined","False"
"ACH-000106","JVM2","Lymphoid","Mature B-Cell Neoplasms","LYMPH","LNM","NHL","MBN","MCL","","True","False","False","True","True","Undefined","Undefined","False"
"ACH-001973","MM485","Skin","Melanoma","SKIN","MEL","","","","","True","False","False","True","True","Undefined","Undefined","False"
"ACH-001520","HG3","Lymphoid","Non-Cancerous","LYMPH","ZLYMPH","ZTRABL","","","","True","False","False","True","True","Undefined","Undefined","False"
"ACH-001554","MEL202","Eye","Ocular Melanoma","EYE","OM","UM","","","","True","False","False","True","True","Undefined","Undefined","False"
"ACH-001567","MM383","Skin","Melanoma","SKIN","MEL","","","","","True","False","False","True","True","Undefined","Undefined","False"
"ACH-001568","MM386","Skin","Melanoma","SKIN","MEL","","","","","True","False","False","True","True","Undefined","Undefined","False"
"ACH-000750","LOXIMVI","Skin","Melanoma","SKIN","MEL","","","","","False","True","True","True","True","Undefined","Undefined","True"
"ACH-000852","NCIH1435","Lung","Non-Small Cell Lung Cancer","LUNG","NSCLC","LUAD","","","","False","True","True","True","True","Undefined","Undefined","True"
"ACH-000201","A204","Kidney","Rhabdoid Cancer","KIDNEY","MRT","","","","","False","True","True","True","True","Undefined","Undefined","True"
"ACH-000728","KASUMI2","Lymphoid","B-Cell Acute Lymphoblastic Leukemia","LYMPH","LNM","BALL","BALL:TCF3-PBX1","","","False","True","True","True","True","Undefined","Undefined","True"
"ACH-000678","MKN7","Esophagus/Stomach","Esophagogastric Adenocarcinoma","STOMACH","EGC","STAD","TSTAD","","","False","True","True","True","True","Undefined","Undefined","True"
"ACH-000117","EFM192A","Breast","Invasive Breast Carcinoma","BREAST","BRCA","","","","","False","True","True","True","True","Undefined","Undefined","True"
"ACH-000270","HPAC","Pancreas","Pancreatic Adenocarcinoma","PANCREAS","PAAD","","","","","False","True","True","True","True","Undefined","Undefined","True"
"ACH-000447","NCIH2228","Lung","Non-Small Cell Lung Cancer","LUNG","NSCLC","LUAD","","","","False","True","True","True","True","Undefined","Undefined","True"
"ACH-001441","921","Eye","Ocular Melanoma","EYE","OM","UM","","","","False","True","True","True","True","Undefined","Undefined","True"
"ACH-000586","NCIH1876","Lung","Lung Neuroendocrine Tumor","LUNG","LNET","SCLC","","","","False","True","True","True","True","Undefined","Undefined","True"
"ACH-000351","MKN1","Esophagus/Stomach","Esophagogastric Adenocarcinoma","STOMACH","EGC","STAS","","","","False","True","True","True","True","Undefined","Undefined","True"
"ACH-000759","MDAMB175VII","Breast","Invasive Breast Carcinoma","BREAST","BRCA","IDC","","","","False","True","True","True","True","Undefined","Undefined","True"
"ACH-000457","CAL54","Kidney","Renal Cell Carcinoma","KIDNEY","RCC","","","","","False","True","True","True","True","Undefined","Undefined","True"
"ACH-000730","SKMEL5","Skin","Melanoma","SKIN","MEL","SKCM","","","","False","True","True","True","True","Undefined","Undefined","True"
"ACH-000643","HDQP1","Breast","Invasive Breast Carcinoma","BREAST","BRCA","IDC","","","","False","True","True","True","True","Undefined","Undefined","True"
"ACH-000670","SBC5","Lung","Lung Neuroendocrine Tumor","LUNG","LNET","SCLC","","","","False","True","True","True","True","Undefined","Undefined","True"
"ACH-000955","SNU407","Bowel","Colorectal Adenocarcinoma","BOWEL","COADREAD","COAD","","","","False","True","True","True","True","Undefined","Undefined","True"
"ACH-000008","A101D","Skin","Melanoma","SKIN","MEL","","","","","False","True","True","True","True","Undefined","Undefined","True"
"ACH-000780","NCIH1105","Lung","Lung Neuroendocrine Tumor","LUNG","LNET","SCLC","","","","False","True","True","True","True","Undefined","Undefined","True"
"ACH-000508","CORL88","Lung","Lung Neuroendocrine Tumor","LUNG","LNET","SCLC","","","","False","True","True","True","True","Undefined","Undefined","True"
"ACH-000883","SW1783","CNS/Brain","Adult-Type Diffuse Glioma","BRAIN","DIFG","ADIFG","ASTR","ASTR3","","False","True","True","True","True","Undefined","Undefined","True"
"ACH-000954","HEC1A","Uterus","Endometrial Carcinoma","UTERUS","UCEC","","","","","False","True","True","True","True","Undefined","Undefined","True"
"ACH-000301","LAMA84","Myeloid","Myeloproliferative Neoplasms","MYELOID","MNM","MPN","CML","CMLBCRABL1","","False","True","True","True","True","Undefined","Undefined","True"
"ACH-000680","SW948","Bowel","Colorectal Adenocarcinoma","BOWEL","COADREAD","COAD","","","","False","True","True","True","True","Undefined","Undefined","True"
"ACH-000062","RERFLCMS","Lung","Non-Small Cell Lung Cancer","LUNG","NSCLC","LUAD","","","","False","True","True","True","True","Undefined","Undefined","True"
"ACH-000572","G361","Skin","Melanoma","SKIN","MEL","","","","","False","True","True","True","True","Undefined","Undefined","True"
"ACH-000967","SNUC2A","Bowel","Colorectal Adenocarcinoma","BOWEL","COADREAD","COAD","","","","False","True","True","True","True","Undefined","Undefined","True"
"ACH-000530","DMS114","Lung","SMARCA4-deficient undifferentiated tumor","LUNG","SMARCA4-UT","","","","","False","True","True","True","True","Undefined","Undefined","True"
"ACH-000046","ACHN","Kidney","Renal Cell Carcinoma","KIDNEY","RCC","NCCRCC","PRCC","","","False","True","True","True","True","Undefined","Undefined","True"
"ACH-000927","BT474","Breast","Invasive Breast Carcinoma","BREAST","BRCA","IDC","","","","False","True","True","True","True","Undefined","Undefined","True"
"ACH-000360","NCIH508","Bowel","Colorectal Adenocarcinoma","BOWEL","COADREAD","COAD","","","","False","True","True","True","True","Undefined","Undefined","True"
"ACH-000429","A704","Kidney","Renal Cell Carcinoma","KIDNEY","RCC","","","","","False","True","True","True","True","Undefined","Undefined","True"
"ACH-000814","HS939T","Skin","Melanoma","SKIN","MEL","","","","","False","True","True","True","True","Undefined","Undefined","True"
"ACH-000752","NCIH196","Lung","SMARCA4-deficient undifferentiated tumor","LUNG","SMARCA4-UT","","","","","False","True","True","True","True","Undefined","Undefined","True"
"ACH-000644","COLO829","Skin","Melanoma","SKIN","MEL","SKCM","","","","False","True","True","True","True","Undefined","Undefined","True"
"ACH-000400","SKCO1","Bowel","Colorectal Adenocarcinoma","BOWEL","COADREAD","COAD","","","","False","True","True","True","True","Undefined","Undefined","True"
"ACH-000347","QGP1","Pancreas","Pancreatic Neuroendocrine Tumor","PANCREAS","PANET","","","","","False","True","True","True","True","Undefined","Undefined","True"
"ACH-000940","AN3CA","Uterus","Endometrial Carcinoma","UTERUS","UCEC","","","","","False","True","True","True","True","Undefined","Undefined","True"
"ACH-000617","OVCAR4","Ovary/Fallopian Tube","Ovarian Epithelial Tumor","OVARY","OVT","SOC","HGSOC","","","False","True","True","True","True","Undefined","Undefined","True"
"ACH-000582","COLO741","Skin","Melanoma","SKIN","MEL","","","","","False","True","True","True","True","Undefined","Undefined","True"
"ACH-000196","HCC1599","Breast","Invasive Breast Carcinoma","BREAST","BRCA","IDC","","","","False","True","True","True","True","Undefined","Undefined","False"
"ACH-000930","HCC1569","Breast","Invasive Breast Carcinoma","BREAST","BRCA","IDC","","","","False","True","True","True","True","Undefined","Undefined","False"
"ACH-000536","BT20","Breast","Invasive Breast Carcinoma","BREAST","BRCA","IDC","","","","False","True","True","True","True","Undefined","Undefined","False"
"ACH-000568","UACC812","Breast","Invasive Breast Carcinoma","BREAST","BRCA","ILC","","","","False","True","True","True","True","Undefined","Undefined","False"
"ACH-000506","NCIH146","Lung","Lung Neuroendocrine Tumor","LUNG","LNET","SCLC","","","","False","True","True","True","True","Undefined","Undefined","False"
"ACH-000538","HUTU80","Bowel","Small Bowel Cancer","BOWEL","SBC","DA","","","","False","True","True","True","True","Undefined","Undefined","False"
"ACH-000574","FUOV1","Ovary/Fallopian Tube","Ovarian Epithelial Tumor","OVARY","OVT","SOC","HGSOC","","","False","True","True","True","True","Undefined","Undefined","False"
"ACH-000818","BT483","Breast","Invasive Breast Carcinoma","BREAST","BRCA","IDC","","","","False","True","True","True","True","Undefined","Undefined","False"
"ACH-001201","SUMB002","CNS/Brain","Embryonal Tumor","BRAIN","EMBT","MBL","MBLNOS","","","False","True","True","True","True","Undefined","Undefined","False"
"ACH-000641","CMK","Myeloid","Acute Myeloid Leukemia","MYELOID","MNM","AML","MPRDS","MLADS","","False","True","True","True","True","Undefined","Undefined","False"
"ACH-000409","OVSAHO","Ovary/Fallopian Tube","Ovarian Epithelial Tumor","OVARY","OVT","SOC","HGSOC","","","False","True","True","True","True","Undefined","Undefined","False"
"ACH-000857","CAL851","Breast","Invasive Breast Carcinoma","BREAST","BRCA","IDC","","","","False","True","True","True","True","Undefined","Undefined","False"
"ACH-000349","HCC1500","Breast","Breast Ductal Carcinoma In Situ","BREAST","DCIS","","","","","False","True","True","True","True","Undefined","Undefined","False"
"ACH-002017","OMM1","Eye","Ocular Melanoma","EYE","OM","UM","","","","False","True","True","True","True","Undefined","Undefined","False"
"ACH-001395","SUM44PE","Breast","Invasive Breast Carcinoma","BREAST","BRCA","ILC","","","","False","True","True","True","True","Undefined","Undefined","False"
"ACH-000982","GP2D","Bowel","Colorectal Adenocarcinoma","BOWEL","COADREAD","COAD","","","","False","True","True","False","True","Undefined","Undefined","True"
"ACH-000283","A1207","CNS/Brain","Adult-Type Diffuse Glioma","BRAIN","DIFG","ADIFG","GB","","","False","True","True","False","True","Undefined","Undefined","True"
"ACH-000842","SW480","Bowel","Colorectal Adenocarcinoma","BOWEL","COADREAD","COAD","","","","False","True","True","False","True","Undefined","Undefined","True"
"ACH-000494","OELE","Ovary/Fallopian Tube","Non-Cancerous","OVARY","ZOVARY","ZIMMOV","","","","False","True","True","False","True","Undefined","Undefined","False"
"ACH-000712","HCC1833","Lung","Non-Small Cell Lung Cancer","LUNG","NSCLC","LUAD","","","","False","True","True","False","True","Undefined","Undefined","False"
"ACH-000044","MDAMB134VI","Breast","Invasive Breast Carcinoma","BREAST","BRCA","ILC","","","","False","True","True","False","True","Undefined","Undefined","False"
"ACH-001113","LC1SQSF","Lung","Non-Small Cell Lung Cancer","LUNG","NSCLC","LUSC","","","","False","True","False","True","True","Undefined","Undefined","True"
"ACH-000065","OCIAML5","Myeloid","Acute Myeloid Leukemia","MYELOID","MNM","AML","","","","False","True","False","True","True","Undefined","Undefined","True"
"ACH-000998","CW2","Bowel","Colorectal Adenocarcinoma","BOWEL","COADREAD","COAD","","","","False","True","False","True","True","Undefined","Undefined","True"
"ACH-000560","ECC10","Esophagus/Stomach","Esophagogastric Adenocarcinoma","STOMACH","EGC","STSC","","","","False","True","False","True","True","Undefined","Undefined","True"
"ACH-000555","A498","Kidney","Renal Cell Carcinoma","KIDNEY","RCC","","","","","False","True","False","True","True","Undefined","Undefined","True"
"ACH-000380","KMS12BM","Lymphoid","Mature B-Cell Neoplasms","LYMPH","LNM","NHL","MBN","PCM","","False","True","False","True","True","Undefined","Undefined","True"
"ACH-000419","KMS28BM","Lymphoid","Mature B-Cell Neoplasms","LYMPH","LNM","NHL","MBN","PCM","","False","True","False","True","True","Undefined","Undefined","True"
"ACH-000384","SW780","Bladder/Urinary Tract","Bladder Urothelial Carcinoma","BLADDER","BLCA","","","","","False","True","False","True","True","Undefined","Undefined","True"
"ACH-000987","MEWO","Skin","Melanoma","SKIN","MEL","SKCM","","","","False","True","False","True","True","Undefined","Undefined","True"
"ACH-000625","HEP3B217","Liver","Hepatocellular Carcinoma","LIVER","HCC","","","","","False","True","False","True","True","Undefined","Undefined","True"
"ACH-000423","SKMEL3","Skin","Melanoma","SKIN","MEL","SKCM","","","","False","True","False","True","True","Undefined","Undefined","True"
"ACH-000812","COLO783","Skin","Melanoma","SKIN","MEL","","","","","False","True","False","True","True","Undefined","Undefined","True"
"ACH-000615","SKMEL28","Skin","Melanoma","SKIN","MEL","SKCM","","","","False","True","False","True","True","Undefined","Undefined","True"
"ACH-000553","SQ1","Lung","Non-Small Cell Lung Cancer","LUNG","NSCLC","LUSC","","","","False","True","False","True","True","Undefined","Undefined","True"
"ACH-000909","JHUEM2","Uterus","Endometrial Carcinoma","UTERUS","UCEC","","","","","False","True","False","True","True","Undefined","Undefined","True"
"ACH-000895","CL34","Bowel","Colorectal Adenocarcinoma","BOWEL","COADREAD","COAD","","","","False","True","False","True","True","Undefined","Undefined","True"
"ACH-000952","MDAPCA2B","Prostate","Prostate Adenocarcinoma","PROSTATE","PRAD","","","","","False","True","False","True","True","Undefined","Undefined","True"
"ACH-000744","NCIH1623","Lung","Non-Small Cell Lung Cancer","LUNG","NSCLC","LUAD","","","","False","True","False","True","True","Undefined","Undefined","True"
"ACH-000353","TE15","Esophagus/Stomach","Esophageal Squamous Cell Carcinoma","STOMACH","ESCC","","","","","False","True","False","True","True","Undefined","Undefined","True"
"ACH-000066","HCC4006","Lung","Non-Small Cell Lung Cancer","LUNG","NSCLC","LUAD","","","","False","True","False","True","True","Undefined","Undefined","True"
"ACH-000418","SW1353","Bone","Chondrosarcoma","BONE","CHS","","","","","False","True","False","True","True","Undefined","Undefined","True"
"ACH-000650","IGR37","Skin","Melanoma","SKIN","MEL","","","","","False","True","False","True","True","Undefined","Undefined","True"
"ACH-000726","TE14","Esophagus/Stomach","Esophageal Squamous Cell Carcinoma","STOMACH","ESCC","","","","","False","True","False","True","True","Undefined","Undefined","True"
"ACH-000002","HL60","Myeloid","Acute Myeloid Leukemia","MYELOID","MNM","AML","AMLMRC","","","False","True","False","True","True","Undefined","Undefined","True"
"ACH-000902","CAL148","Breast","Invasive Breast Carcinoma","BREAST","BRCA","IDC","","","","False","True","False","True","True","Undefined","Undefined","True"
"ACH-000733","NCIH1838","Lung","Non-Small Cell Lung Cancer","LUNG","NSCLC","LUAD","","","","False","True","False","True","True","Undefined","Undefined","True"
"ACH-000006","MONOMAC6","Myeloid","Acute Myeloid Leukemia","MYELOID","MNM","AML","","","","False","True","False","True","True","Undefined","Undefined","True"
"ACH-000121","NCIH2405","Lung","Non-Small Cell Lung Cancer","LUNG","NSCLC","LUAD","","","","False","True","False","True","True","Undefined","Undefined","False"
"ACH-000828","ZR7530","Breast","Invasive Breast Carcinoma","BREAST","BRCA","ILC","","","","False","True","False","True","True","Undefined","Undefined","False"
"ACH-000392","CALU3","Lung","Non-Small Cell Lung Cancer","LUNG","NSCLC","LUAD","","","","False","True","False","True","True","Undefined","Undefined","False"
"ACH-000110","NCCSTCK140","Esophagus/Stomach","Esophagogastric Adenocarcinoma","STOMACH","EGC","STAD","","","","False","True","False","True","True","Undefined","Undefined","False"
"ACH-000236","SW1417","Bowel","Colorectal Adenocarcinoma","BOWEL","COADREAD","COAD","","","","False","True","False","True","True","Undefined","Undefined","False"
"ACH-000611","SUDHL6","Lymphoid","Mature B-Cell Neoplasms","LYMPH","LNM","NHL","MBN","DLBCLNOS","","False","True","False","True","True","Undefined","Undefined","False"
"ACH-000755","HCC2218","Breast","Breast Ductal Carcinoma In Situ","BREAST","DCIS","","","","","False","True","False","True","True","Undefined","Undefined","False"
"ACH-000157","A4FUK","Lymphoid","Mature B-Cell Neoplasms","LYMPH","LNM","NHL","MBN","DLBCLNOS","","False","True","False","True","True","Undefined","Undefined","False"
"ACH-000109","NCIH3255","Lung","Non-Small Cell Lung Cancer","LUNG","NSCLC","LUAD","","","","False","True","False","True","True","Undefined","Undefined","False"
"ACH-000140","PFEIFFER","Lymphoid","Mature B-Cell Neoplasms","LYMPH","LNM","NHL","MBN","DLBCLNOS","","False","True","False","True","True","Undefined","Undefined","False"
"ACH-000327","NCIH1395","Lung","Non-Small Cell Lung Cancer","LUNG","NSCLC","LUAD","","","","False","True","False","True","True","Undefined","Undefined","False"
"ACH-000369","MOLM16","Myeloid","Acute Myeloid Leukemia","MYELOID","MNM","AML","","","","False","True","False","True","True","Undefined","Undefined","False"
"ACH-001086","HELA","Cervix","Cervical Adenocarcinoma","CERVIX","CEAD","ECAD","","","","False","True","False","True","True","Undefined","Undefined","False"
"ACH-000328","LN215","CNS/Brain","Adult-Type Diffuse Glioma","BRAIN","DIFG","ADIFG","GB","","","False","True","False","True","True","Undefined","Undefined","False"
"ACH-000177","NCIH660","Prostate","Prostate Small Cell Carcinoma","PROSTATE","PRSCC","","","","","False","True","False","True","True","Undefined","Undefined","False"
"ACH-000300","SLR25","Kidney","Renal Cell Carcinoma","KIDNEY","RCC","CCRCC","","","","False","True","False","False","True","Undefined","Undefined","False"
"ACH-000049","HEKTE","Kidney","Non-Cancerous","KIDNEY","ZKIDNEY","ZIMMEKC","","","","False","True","False","False","True","Undefined","Undefined","False"
"ACH-000034","PLB985","Myeloid","Acute Myeloid Leukemia","MYELOID","MNM","AML","","","","False","True","False","False","True","Undefined","Undefined","False"
"ACH-000170","PRECLH","Prostate","Non-Cancerous","PROSTATE","ZPROSTATE","ZIMMEPCP","","","","False","True","False","False","True","Undefined","Undefined","False"
"ACH-000629","IOMMLEE","CNS/Brain","Meningothelial Tumor","BRAIN","MNGT","MNG","","","","False","True","False","False","True","Undefined","Undefined","False"
"ACH-000710","NCIH854","Bowel","Colorectal Adenocarcinoma","BOWEL","COADREAD","COAD","","","","False","True","False","False","True","Undefined","Undefined","False"
"ACH-000003","CACO2","Bowel","Colorectal Adenocarcinoma","BOWEL","COADREAD","COAD","","","","False","True","False","False","True","Undefined","Undefined","False"
"ACH-000600","SLR26","Kidney","Renal Cell Carcinoma","KIDNEY","RCC","CCRCC","","","","False","True","False","False","True","Undefined","Undefined","False"
"ACH-000057","OPM1","Lymphoid","Mature B-Cell Neoplasms","LYMPH","LNM","NHL","MBN","PCM","","False","True","False","False","True","Undefined","Undefined","False"
"ACH-000016","SLR21","Kidney","Renal Cell Carcinoma","KIDNEY","RCC","CCRCC","","","","False","True","False","False","True","Undefined","Undefined","False"
"ACH-000575","HCC364","Lung","Non-Small Cell Lung Cancer","LUNG","NSCLC","LUAD","","","","False","True","False","False","True","Undefined","Undefined","False"
"ACH-000690","HCC2814","Lung","Non-Small Cell Lung Cancer","LUNG","NSCLC","LUSC","","","","False","True","False","False","True","Undefined","Undefined","False"
"ACH-000964","MOLT3","Lymphoid","T-Lymphoblastic Leukemia/Lymphoma","LYMPH","LNM","TALL","","","","False","False","True","True","True","Undefined","Undefined","True"
"ACH-002038","HSKTC","Ovary/Fallopian Tube","Ovarian Cancer, Other","OVARY","OOVC","","","","","False","False","True","True","True","Undefined","Undefined","True"
"ACH-001200","STM9101","Kidney","Rhabdoid Cancer","KIDNEY","MRT","","","","","False","False","True","True","True","Undefined","Undefined","True"
"ACH-000059","SUPB15","Lymphoid","B-Cell Acute Lymphoblastic Leukemia","LYMPH","LNM","BALL","BALL:BCR-ABL1","","","False","False","True","True","True","Undefined","Undefined","True"
"ACH-001106","KOPN8","Lymphoid","B-Cell Acute Lymphoblastic Leukemia","LYMPH","LNM","BALL","BALL:KMT2AFusions","","","False","False","True","True","True","Undefined","Undefined","True"
"ACH-000061","HH","Lymphoid","Non-Hodgkin Lymphoma","LYMPH","LNM","NHL","MTNN","","","False","False","True","True","True","Undefined","Undefined","True"
"ACH-001693","UPCISCC072","Head and Neck","Head and Neck Squamous Cell Carcinoma","HEAD_NECK","HNSC","OCSC","","","","False","False","True","True","True","Undefined","Undefined","True"
"ACH-001059","DL","Soft Tissue","Rhabdoid Cancer","SOFT_TISSUE","ERT","","","","","False","False","True","True","True","Undefined","Undefined","True"
"ACH-000509","HUT78","Lymphoid","Mature T and NK Neoplasms","LYMPH","LNM","NHL","MTNN","SS","","False","False","True","True","True","Undefined","Undefined","True"
"ACH-000803","COLO668","Lung","Lung Neuroendocrine Tumor","LUNG","LNET","SCLC","","","","False","False","True","True","True","Undefined","Undefined","True"
"ACH-000129","NCIH1341","Cervix","Small Cell Neuroendocrine Carcinoma of the Cervix","CERVIX","SCNEC","","","","","False","False","True","True","True","Undefined","Undefined","True"
"ACH-000080","BDCM","Myeloid","Acute Myeloid Leukemia","MYELOID","MNM","AML","AMLNOS","AMOL","","False","False","True","True","True","Undefined","Undefined","True"
"ACH-001703","VAL","Lymphoid","Mature B-Cell Neoplasms","LYMPH","LNM","NHL","MBN","DLBCLNOS","","False","False","True","True","True","Undefined","Undefined","True"
"ACH-000674","NUGC4","Esophagus/Stomach","Esophagogastric Adenocarcinoma","STOMACH","EGC","STAD","DSTAD","","","False","False","True","True","True","Undefined","Undefined","True"
"ACH-000091","OV56","Ovary/Fallopian Tube","Ovarian Epithelial Tumor","OVARY","OVT","SOC","","","","False","False","True","True","True","Undefined","Undefined","True"
"ACH-000942","HPBALL","Lymphoid","T-Lymphoblastic Leukemia/Lymphoma","LYMPH","LNM","TALL","","","","False","False","True","True","True","Undefined","Undefined","True"
"ACH-000679","OE19","Esophagus/Stomach","Esophageal Squamous Cell Carcinoma","STOMACH","ESCC","","","","","False","False","True","True","True","Undefined","Undefined","True"
"ACH-000372","P12ICHIKAWA","Lymphoid","T-Lymphoblastic Leukemia/Lymphoma","LYMPH","LNM","TALL","","","","False","False","True","True","True","Undefined","Undefined","True"
"ACH-000703","DMS79","Lung","Lung Neuroendocrine Tumor","LUNG","LNET","SCLC","","","","False","False","True","True","True","Undefined","Undefined","True"
"ACH-001148","OCILY132","Lymphoid","Mature B-Cell Neoplasms","LYMPH","LNM","NHL","MBN","DLBCLNOS","","False","False","True","True","True","Undefined","Undefined","True"
"ACH-000816","NCIH524","Lung","Lung Neuroendocrine Tumor","LUNG","LNET","SCLC","","","","False","False","True","True","True","Undefined","Undefined","True"
"ACH-000669","SW900","Lung","Non-Small Cell Lung Cancer","LUNG","NSCLC","LUSC","","","","False","False","True","True","True","Undefined","Undefined","True"
"ACH-001210","TTC1240","Kidney","Rhabdoid Cancer","KIDNEY","MRT","","","","","False","False","True","True","True","Undefined","Undefined","True"
"ACH-000628","NCIH596","Lung","Non-Small Cell Lung Cancer","LUNG","NSCLC","LUAS","","","","False","False","True","True","True","Undefined","Undefined","True"
"ACH-000399","NCIH2196","Lung","Lung Neuroendocrine Tumor","LUNG","LNET","SCLC","","","","False","False","True","True","True","Undefined","Undefined","True"
"ACH-000691","HCC2157","Breast","Invasive Breast Carcinoma","BREAST","BRCA","IDC","","","","False","False","True","True","True","Undefined","Undefined","False"
"ACH-002178","NY","Bone","Osteosarcoma","BONE","OS","","","","","False","False","True","True","True","Undefined","Undefined","False"
"ACH-001704","VMRCMELG","Skin","Melanoma","SKIN","MEL","","","","","False","False","True","True","True","Undefined","Undefined","False"
"ACH-000382","CORL24","Lung","Lung Neuroendocrine Tumor","LUNG","LNET","SCLC","","","","False","False","True","True","True","Undefined","Undefined","False"
"ACH-002290","NKM1","Myeloid","Acute Myeloid Leukemia","MYELOID","MNM","AML","","","","False","False","True","True","True","Undefined","Undefined","False"
"ACH-001097","KARPAS384","Lymphoid","Non-Hodgkin Lymphoma","LYMPH","LNM","NHL","","","","False","False","True","True","True","Undefined","Undefined","False"
"ACH-000166","KASUMI6","Myeloid","Acute Myeloid Leukemia","MYELOID","MNM","AML","","","","False","False","True","True","True","Undefined","Undefined","False"
"ACH-001350","HTCC3","Thyroid","Anaplastic Thyroid Cancer","THYROID","THAP","","","","","False","False","True","True","True","Undefined","Undefined","False"
"ACH-000126","KG1C","CNS/Brain","Diffuse Glioma","BRAIN","DIFG","GNOS","","","","False","False","True","True","True","Undefined","Undefined","False"
"ACH-000297","NCIH889","Lung","Lung Neuroendocrine Tumor","LUNG","LNET","SCLC","","","","False","False","True","True","True","Undefined","Undefined","False"
"ACH-002459","HT144DABTRAMR","Skin","Melanoma","SKIN","MEL","","","","","False","False","True","True","True","Undefined","Undefined","False"
"ACH-002170","NCIH1688","Lung","Lung Neuroendocrine Tumor","LUNG","LNET","SCLC","","","","False","False","True","True","True","Undefined","Undefined","False"
"ACH-002065","HSPSS","Peripheral Nervous System","Nerve Sheath Tumor","PNS","NST","MPNST","","","","False","False","True","True","True","Undefined","Undefined","False"
"ACH-000394","NCIH2081","Lung","Lung Neuroendocrine Tumor","LUNG","LNET","SCLC","","","","False","False","True","True","True","Undefined","Undefined","False"
"ACH-000844","DMS454","Lung","Lung Neuroendocrine Tumor","LUNG","LNET","SCLC","","","","False","False","True","True","True","Undefined","Undefined","False"
"ACH-003071","NCIH748","Lung","Lung Neuroendocrine Tumor","LUNG","LNET","SCLC","","","","False","False","True","True","True","Undefined","Undefined","False"
"ACH-000358","NCIH69","Lung","Lung Neuroendocrine Tumor","LUNG","LNET","SCLC","","","","False","False","True","True","True","Undefined","Undefined","False"
"ACH-001680","U698M","Lymphoid","Non-Hodgkin Lymphoma","LYMPH","LNM","NHL","","","","False","False","True","True","True","Undefined","Undefined","False"
"ACH-001519","HEMCSS","Bone","Chondrosarcoma","BONE","CHS","EMCHS","","","","False","False","True","True","True","Undefined","Undefined","False"
"ACH-001057","DERL2","Lymphoid","Mature T and NK Neoplasms","LYMPH","LNM","NHL","MTNN","HSTCL","","False","False","True","True","True","Undefined","Undefined","False"
"ACH-000830","NCIH1436","Lung","Lung Neuroendocrine Tumor","LUNG","LNET","SCLC","","","","False","False","True","True","True","Undefined","Undefined","False"
"ACH-001573","MOLM1","Myeloid","Myeloproliferative Neoplasms","MYELOID","MNM","MPN","CML","CMLBCRABL1","","False","False","True","True","True","Undefined","Undefined","False"
"ACH-001147","OCILY12","Lymphoid","Mature T and NK Neoplasms","LYMPH","LNM","NHL","MTNN","FTCL","","False","False","True","True","True","Undefined","Undefined","False"
"ACH-001818","C396","Bone","Osteosarcoma","BONE","OS","","","","","False","False","True","True","True","Undefined","Undefined","False"
"ACH-000492","MUTZ5","Lymphoid","B-Cell Acute Lymphoblastic Leukemia","LYMPH","LNM","BALL","","","","False","False","True","True","True","Undefined","Undefined","False"
"ACH-000150","HCC2935","Lung","Non-Small Cell Lung Cancer","LUNG","NSCLC","LUAD","","","","False","False","True","True","True","Undefined","Undefined","False"
"ACH-001636","RAMOS","Lymphoid","Non-Hodgkin Lymphoma","LYMPH","LNM","NHL","","","","False","False","True","True","True","Undefined","Undefined","False"
"ACH-001132","MTA","Lymphoid","T-Lymphoblastic Leukemia/Lymphoma","LYMPH","LNM","TLL","NKCLL","","","False","False","True","True","True","Undefined","Undefined","False"
"ACH-000523","NCIH1184","Lung","Lung Neuroendocrine Tumor","LUNG","LNET","SCLC","","","","False","False","True","True","True","Undefined","Undefined","False"
"ACH-000050","NCIH929","Lymphoid","Mature B-Cell Neoplasms","LYMPH","LNM","NHL","MBN","PCM","","False","False","True","True","True","Undefined","Undefined","False"
"ACH-001489","CORL32","Lung","Non-Small Cell Lung Cancer","LUNG","NSCLC","LUSC","","","","False","False","True","True","True","Undefined","Undefined","False"
"ACH-000594","DMS153","Lung","Lung Neuroendocrine Tumor","LUNG","LNET","SCLC","","","","False","False","True","True","True","Undefined","Undefined","False"
"ACH-001100","KHYG1","Lymphoid","T-Lymphoblastic Leukemia/Lymphoma","LYMPH","LNM","TLL","NKCLL","","","False","False","True","True","True","Undefined","Undefined","False"
"ACH-000104","LOUCY","Lymphoid","T-Lymphoblastic Leukemia/Lymphoma","LYMPH","LNM","TALL","","","","False","False","True","True","True","Undefined","Undefined","False"
"ACH-001591","NCIH1417","Lung","Lung Neuroendocrine Tumor","LUNG","LNET","SCLC","","","","False","False","True","True","True","Undefined","Undefined","False"
"ACH-000729","NCIH1963","Lung","Lung Neuroendocrine Tumor","LUNG","LNET","SCLC","","","","False","False","True","True","True","Undefined","Undefined","False"
"ACH-001060","DL40","Lymphoid","Mature T and NK Neoplasms","LYMPH","LNM","NHL","MTNN","ALCL","ALCLALKN","False","False","True","True","True","Undefined","Undefined","False"
"ACH-000439","ME1","Myeloid","Acute Myeloid Leukemia","MYELOID","MNM","AML","","","","False","False","True","True","True","Undefined","Undefined","False"
"ACH-001068","FEPD","Lymphoid","Mature T and NK Neoplasms","LYMPH","LNM","NHL","MTNN","ALCL","ALCLALKN","False","False","True","True","True","Undefined","Undefined","False"
"ACH-000610","NCIH2227","Lung","Lung Neuroendocrine Tumor","LUNG","LNET","SCLC","","","","False","False","True","True","True","Undefined","Undefined","False"
"ACH-000440","CA46","Lymphoid","Mature B-Cell Neoplasms","LYMPH","LNM","NHL","MBN","BL","","False","False","True","True","True","Undefined","Undefined","False"
"ACH-000298","NCIH2029","Lung","Lung Neuroendocrine Tumor","LUNG","LNET","SCLC","","","","False","False","True","True","True","Undefined","Undefined","False"
"ACH-000314","HCC2108","Lung","Non-Small Cell Lung Cancer","LUNG","NSCLC","LUAD","","","","False","False","True","False","True","Undefined","Undefined","True"
"ACH-002010","MP41","Eye","Ocular Melanoma","EYE","OM","UM","","","","False","False","True","False","True","Undefined","Undefined","True"
"ACH-000635","SNU119","Ovary/Fallopian Tube","Ovarian Epithelial Tumor","OVARY","OVT","SOC","HGSOC","","","False","False","True","False","True","Undefined","Undefined","True"
"ACH-000870","NCIH1930","Lung","Lung Neuroendocrine Tumor","LUNG","LNET","SCLC","","","","False","False","True","False","True","Undefined","Undefined","True"
"ACH-000659","SCLC21H","Lung","Lung Neuroendocrine Tumor","LUNG","LNET","SCLC","","","","False","False","True","False","True","Undefined","Undefined","True"
"ACH-001983","NZM30","Skin","Melanoma","SKIN","MEL","","","","","False","False","True","False","True","Undefined","Undefined","False"
"ACH-002789","NCCSS1C1","Soft Tissue","Synovial Sarcoma","SOFT_TISSUE","SYNS","","","","","False","False","True","False","True","Undefined","Undefined","False"
"ACH-002802","NCCMPNST3X2C1","Peripheral Nervous System","Nerve Sheath Tumor","PNS","NST","MPNST","","","","False","False","True","False","True","Undefined","Undefined","False"
"ACH-001684","UCSDAML1","Myeloid","Acute Myeloid Leukemia","MYELOID","MNM","AML","AMLNOS","","","False","False","True","False","True","Undefined","Undefined","False"
"ACH-001445","BICR3","Head and Neck","Head and Neck Squamous Cell Carcinoma","HEAD_NECK","HNSC","OCSC","","","","False","False","True","False","True","Undefined","Undefined","False"
"ACH-002843","CCLFRARE0020T","Soft Tissue","Desmoid/Aggressive Fibromatosis","SOFT_TISSUE","DES","","","","","False","False","True","False","True","Undefined","Undefined","False"
"ACH-002675","SH2","Myeloid","Acute Myeloid Leukemia","MYELOID","MNM","AML","","","","False","False","True","False","True","Undefined","Undefined","False"
"ACH-002921","BCK4","Breast","Invasive Breast Carcinoma","BREAST","BRCA","ILC","","","","False","False","True","False","True","Undefined","Undefined","False"
"ACH-001712","HS860T","Bone","Osteosarcoma","BONE","OS","","","","","False","False","True","False","True","Undefined","Undefined","False"
"ACH-002651","FKH1","Myeloid","Acute Myeloid Leukemia","MYELOID","MNM","AML","","","","False","False","True","False","True","Undefined","Undefined","False"
"ACH-002667","JVE528","Bowel","Colorectal Adenocarcinoma","BOWEL","COADREAD","COAD","","","","False","False","True","False","True","Undefined","Undefined","False"
"ACH-002689","OS525","Bone","Osteosarcoma","BONE","OS","","","","","False","False","True","False","True","Undefined","Undefined","False"
"ACH-003125","ASPSKY","Soft Tissue","Alveolar Soft Part Sarcoma","SOFT_TISSUE","ASPS","","","","","False","False","True","False","True","Undefined","Undefined","False"
"ACH-002668","KASUMI3","Myeloid","Acute Myeloid Leukemia","MYELOID","MNM","AML","","","","False","False","True","False","True","Undefined","Undefined","False"
"ACH-001813","C242","Bone","Osteosarcoma","BONE","OS","","","","","False","False","True","False","True","Undefined","Undefined","False"
"ACH-002795","NCCCDS1X1C1","Soft Tissue","CIC-DUX4 Sarcoma","SOFT_TISSUE","CDS","","","","","False","False","True","False","True","Undefined","Undefined","False"
"ACH-003107","JMP1","Lymphoid","Mature B-Cell Neoplasms","LYMPH","LNM","NHL","MBN","MCL","","False","False","True","False","True","Undefined","Undefined","False"
"ACH-001671","TERA1","Testis","Non-Seminomatous Germ Cell Tumor","TESTIS","NSGCT","EMBCA","","","","False","False","True","False","True","Undefined","Undefined","False"
"ACH-001598","NCIH295R","Adrenal Gland","Adrenocortical Carcinoma","ADRENAL_GLAND","ACC","","","","","False","False","True","False","True","Undefined","Undefined","False"
"ACH-001667","SUCCS1","Soft Tissue","Clear Cell Sarcoma","SOFT_TISSUE","CCS","","","","","False","False","True","False","True","Undefined","Undefined","False"
"ACH-003100","EJ1","Lymphoid","Mature B-Cell Neoplasms","LYMPH","LNM","NHL","MBN","DLBCLNOS","","False","False","True","False","True","Undefined","Undefined","False"
"ACH-002846","YUSEEPM163517","Skin","Melanoma","SKIN","MEL","ACRM","","","","False","False","True","False","True","Undefined","Undefined","False"
"ACH-001209","TOM1","Lymphoid","B-Cell Acute Lymphoblastic Leukemia","LYMPH","LNM","BALL","BALL:BCR-ABL1","","","False","False","True","False","True","Undefined","Undefined","False"
"ACH-000068","REC1","Lymphoid","Mature B-Cell Neoplasms","LYMPH","LNM","NHL","MBN","MCL","","False","False","True","False","True","Undefined","Undefined","False"
"ACH-001987","NZM43","Skin","Melanoma","SKIN","MEL","","","","","False","False","True","False","True","Undefined","Undefined","False"
"ACH-001976","MM603","Skin","Melanoma","SKIN","MEL","","","","","False","False","True","False","True","Undefined","Undefined","False"
"ACH-001019","BROLI","Skin","Merkel Cell Carcinoma","SKIN","MCC","","","","","False","False","True","False","True","Undefined","Undefined","False"
"ACH-002653","JIH5","Myeloid","Acute Leukemias of Ambiguous Lineage","MYELOID","MNM","ALAL","","","","False","False","True","False","True","Undefined","Undefined","False"
"ACH-003105","VMM917","Skin","Melanoma","SKIN","MEL","","","","","False","False","True","False","True","Undefined","Undefined","False"
"ACH-002781","NCCDCS1C1","Bone","Chondrosarcoma","BONE","CHS","DDCHS","","","","False","False","True","False","True","Undefined","Undefined","False"
"ACH-002787","NCCPRMS1C1","Soft Tissue","Rhabdomyosarcoma","SOFT_TISSUE","RMS","PLRMS","","","","False","False","True","False","True","Undefined","Undefined","False"
"ACH-002435","CCLFPEDS0022T","Kidney","Wilms' Tumor","KIDNEY","WT","","","","","False","False","True","False","True","Undefined","Undefined","False"
"ACH-003101","Z119","Lymphoid","B-Cell Acute Lymphoblastic Leukemia","LYMPH","LNM","BALL","BALL:BCR-ABL1","","","False","False","True","False","True","Undefined","Undefined","False"
"ACH-001988","NZM5","Skin","Melanoma","SKIN","MEL","","","","","False","False","True","False","True","Undefined","Undefined","False"
"ACH-002794","NCCMFS1C1","Soft Tissue","Myxofibrosarcoma","SOFT_TISSUE","MFS","","","","","False","False","True","False","True","Undefined","Undefined","False"
"ACH-002074","LU143","Lung","Lung Neuroendocrine Tumor","LUNG","LNET","SCLC","","","","False","False","True","False","True","Undefined","Undefined","False"
"ACH-003099","UCSFOT1109","Head and Neck","Head and Neck Squamous Cell Carcinoma","HEAD_NECK","HNSC","OCSC","","","","False","False","True","False","True","Undefined","Undefined","False"
"ACH-002695","STS26T","Peripheral Nervous System","Nerve Sheath Tumor","PNS","NST","MPNST","","","","False","False","True","False","True","Undefined","Undefined","False"
"ACH-001985","NZM40","Skin","Melanoma","SKIN","MEL","","","","","False","False","True","False","True","Undefined","Undefined","False"
"ACH-002798","NCCDFSP2C1","Skin","Dermatofibrosarcoma Protuberans","SKIN","DFSP","","","","","False","False","True","False","True","Undefined","Undefined","False"
"ACH-002994","WSUAML","Myeloid","Acute Myeloid Leukemia","MYELOID","MNM","AML","","","","False","False","True","False","True","Undefined","Undefined","False"
"ACH-002497","NCIH920","Lung","Non-Small Cell Lung Cancer","LUNG","NSCLC","LUAD","","","","False","False","True","False","True","Undefined","Undefined","False"
"ACH-003283","BJ","Fibroblast","Non-Cancerous","ZFIB","","","","","","False","False","True","False","True","Undefined","Undefined","False"
"ACH-003187","NRHUPS4","Soft Tissue","Undifferentiated Pleomorphic Sarcoma/Malignant Fibrous Histiocytoma/High-Grade Spindle Cell Sarcoma","SOFT_TISSUE","MFH","","","","","False","False","True","False","True","Undefined","Undefined","False"
"ACH-001981","NZM2","Skin","Melanoma","SKIN","MEL","","","","","False","False","True","False","True","Undefined","Undefined","False"
"ACH-002013","MM28","Eye","Ocular Melanoma","EYE","OM","UM","","","","False","False","True","False","True","Undefined","Undefined","False"
"ACH-001978","NZM1","Skin","Melanoma","SKIN","MEL","","","","","False","False","True","False","True","Undefined","Undefined","False"
"ACH-002703","OANC1","Esophagus/Stomach","Esophagogastric Adenocarcinoma","STOMACH","EGC","ESCA","","","","False","False","True","False","True","Undefined","Undefined","False"
"ACH-001697","UPCISCC114","Head and Neck","Head and Neck Squamous Cell Carcinoma","HEAD_NECK","HNSC","OCSC","","","","False","False","True","False","True","Undefined","Undefined","False"
"ACH-002539","SNU1460","Bowel","Colorectal Adenocarcinoma","BOWEL","COADREAD","COAD","","","","False","False","True","False","True","Undefined","Undefined","False"
"ACH-002722","OSUDES23","Soft Tissue","Desmoid/Aggressive Fibromatosis","SOFT_TISSUE","DES","","","","","False","False","True","False","True","Undefined","Undefined","False"
"ACH-002927","UPMD2","Eye","Ocular Melanoma","EYE","OM","UM","","","","False","False","True","False","True","Undefined","Undefined","False"
"ACH-002075","LU138","Lung","Lung Neuroendocrine Tumor","LUNG","LNET","SCLC","","","","False","False","True","False","True","Undefined","Undefined","False"
"ACH-001447","BJAB","Lymphoid","Mature B-Cell Neoplasms","LYMPH","LNM","NHL","MBN","BL","","False","False","True","False","True","Undefined","Undefined","False"
"ACH-003108","HF","Lymphoid","Mature B-Cell Neoplasms","LYMPH","LNM","NHL","MBN","DLBCLNOS","GCB","False","False","True","False","True","Undefined","Undefined","False"
"ACH-001705","VP267","Breast","Invasive Breast Carcinoma","BREAST","BRCA","IDC","","","","False","False","True","False","True","Undefined","Undefined","False"
"ACH-000179","NCIH1618","Lung","Lung Neuroendocrine Tumor","LUNG","LNET","SCLC","","","","False","False","True","False","True","Undefined","Undefined","False"
"ACH-002936","CCLFPEDS0043T","Soft Tissue","Rhabdomyosarcoma","SOFT_TISSUE","RMS","ARMS","ARMS:PAX-FOXO1","","","False","False","True","False","True","Undefined","Undefined","False"
"ACH-002796","NCCCDS1X3C1","Soft Tissue","CIC-DUX4 Sarcoma","SOFT_TISSUE","CDS","","","","","False","False","True","False","True","Undefined","Undefined","False"
"ACH-002532","SNU1411","Bowel","Colorectal Adenocarcinoma","BOWEL","COADREAD","READ","","","","False","False","True","False","True","Undefined","Undefined","False"
"ACH-002644","MEGAL","Myeloid","Acute Myeloid Leukemia","MYELOID","MNM","AML","AMLNOS","","","False","False","True","False","True","Undefined","Undefined","False"
"ACH-002676","TK6","Myeloid","Myeloproliferative Neoplasms","MYELOID","MNM","MPN","CML","CMLBCRABL1","","False","False","True","False","True","Undefined","Undefined","False"
"ACH-001974","MM537","Skin","Melanoma","SKIN","MEL","","","","","False","False","True","False","True","Undefined","Undefined","False"
"ACH-002648","CX03","Uterus","Endometrial Carcinoma","UTERUS","UCEC","UCS","","","","False","False","True","False","True","Undefined","Undefined","False"
"ACH-002501","RMZ","Soft Tissue","Rhabdomyosarcoma","SOFT_TISSUE","RMS","ARMS","ARMS:PAX-FOXO1","","","False","False","True","False","True","Undefined","Undefined","False"
"ACH-002034","T3M11","Lung","Non-Small Cell Lung Cancer","LUNG","NSCLC","NUTCL","","","","False","False","True","False","True","Undefined","Undefined","False"
"ACH-002047","HIRSBM","Uterus","Endometrial Carcinoma","UTERUS","UCEC","UCS","","","","False","False","True","False","True","Undefined","Undefined","False"
"ACH-001046","CORL26","Lung","Lung Neuroendocrine Tumor","LUNG","LNET","SCLC","","","","False","False","True","False","True","Undefined","Undefined","False"
"ACH-003120","NCIH1607","Lung","Lung Neuroendocrine Tumor","LUNG","LNET","SCLC","","","","False","False","True","False","True","Undefined","Undefined","False"
"ACH-001440","833KE","Testis","Non-Seminomatous Germ Cell Tumor","TESTIS","NSGCT","EMBCA","","","","False","False","True","False","True","Undefined","Undefined","False"
"ACH-003061","NCIH774","Lung","Lung Neuroendocrine Tumor","LUNG","LNET","SCLC","","","","False","False","True","False","True","Undefined","Undefined","False"
"ACH-002438","CCLFPEDS0026T","Kidney","Wilms' Tumor","KIDNEY","WT","","","","","False","False","True","False","True","Undefined","Undefined","False"
"ACH-001979","NZM11","Skin","Melanoma","SKIN","MEL","","","","","False","False","True","False","True","Undefined","Undefined","False"
"ACH-003067","CHLA01RMED","CNS/Brain","Embryonal Tumor","BRAIN","EMBT","MBL","MBLNOS","","","False","False","True","False","True","Undefined","Undefined","False"
"ACH-003181","NRHLMS1","Soft Tissue","Leiomyosarcoma","SOFT_TISSUE","LMS","","","","","False","False","True","False","True","Undefined","Undefined","False"
"ACH-003284","WI38","Fibroblast","Non-Cancerous","ZFIB","","","","","","False","False","True","False","True","Undefined","Undefined","False"
"ACH-001571","MO","Lymphoid","Mature B-Cell Neoplasms","LYMPH","LNM","NHL","MBN","HCL","","False","False","True","False","True","Undefined","Undefined","False"
"ACH-002716","MO91","Myeloid","Acute Myeloid Leukemia","MYELOID","MNM","AML","AMLNOS","AMLMD","","False","False","True","False","True","Undefined","Undefined","False"
"ACH-001994","MGHICC16","Biliary Tract","Intraductal Papillary Neoplasm of the Bile Duct","BILIARY_TRACT","IPN","CHOL","IHCH","","","False","False","True","False","True","Undefined","Undefined","False"
"ACH-002790","NCCSS2C1","Soft Tissue","Synovial Sarcoma","SOFT_TISSUE","SYNS","","","","","False","False","True","False","True","Undefined","Undefined","False"
"ACH-000705","LC1F","Lung","Non-Small Cell Lung Cancer","LUNG","NSCLC","LUSC","","","","False","False","True","False","True","Undefined","Undefined","False"
"ACH-003106","RC","Lymphoid","Mature B-Cell Neoplasms","LYMPH","LNM","NHL","MBN","DLBCLNOS","GCB","False","False","True","False","True","Undefined","Undefined","False"
"ACH-002665","JVE367","Bowel","Gastrointestinal Neuroendocrine Tumors","BOWEL","GINET","HGNEC","","","","False","False","True","False","True","Undefined","Undefined","False"
"ACH-002924","UPMM2","Eye","Ocular Melanoma","EYE","OM","UM","","","","False","False","True","False","True","Undefined","Undefined","False"
"ACH-001989","NZM6","Skin","Melanoma","SKIN","MEL","","","","","False","False","True","False","True","Undefined","Undefined","False"
"ACH-003119","NCIH1450","Lung","Lung Neuroendocrine Tumor","LUNG","LNET","SCLC","","","","False","False","True","False","True","Undefined","Undefined","False"
"ACH-003226","UCH11R","Bone","Chordoma","BONE","CHDM","","","","","False","False","True","False","True","Undefined","Undefined","False"
"ACH-003221","HS38T","Fibroblast","Non-Cancerous","ZFIB","","","","","","False","False","True","False","True","Undefined","Undefined","False"
"ACH-002498","SUDHL2","Lymphoid","Mature B-Cell Neoplasms","LYMPH","LNM","NHL","MBN","DLBCLNOS","ABC","False","False","True","False","True","Undefined","Undefined","False"
"ACH-001996","MGHICC18","Biliary Tract","Intraductal Papillary Neoplasm of the Bile Duct","BILIARY_TRACT","IPN","CHOL","IHCH","","","False","False","True","False","True","Undefined","Undefined","False"
"ACH-003111","HS856T","Soft Tissue","Undifferentiated Pleomorphic Sarcoma/Malignant Fibrous Histiocytoma/High-Grade Spindle Cell Sarcoma","SOFT_TISSUE","MFH","","","","","False","False","True","False","True","Undefined","Undefined","False"
"ACH-000612","HUT102","Lymphoid","Mature T and NK Neoplasms","LYMPH","LNM","NHL","MTNN","MYCF","","False","False","True","False","True","Undefined","Undefined","False"
"ACH-001492","DOGKIT","Lymphoid","Mature B-Cell Neoplasms","LYMPH","LNM","NHL","MBN","BL","","False","False","True","False","True","Undefined","Undefined","False"
"ACH-001817","C393","Bone","Osteosarcoma","BONE","OS","","","","","False","False","True","False","True","Undefined","Undefined","False"
"ACH-003183","NRHMFS3","Soft Tissue","Myxofibrosarcoma","SOFT_TISSUE","MFS","","","","","False","False","True","False","True","Undefined","Undefined","False"
"ACH-001435","1156QE8","Testis","Non-Seminomatous Germ Cell Tumor","TESTIS","NSGCT","EMBCA","","","","False","False","True","False","True","Undefined","Undefined","False"
"ACH-003121","NCIH2679","Lung","Lung Neuroendocrine Tumor","LUNG","LNET","SCLC","","","","False","False","True","False","True","Undefined","Undefined","False"
"ACH-001700","UPCISCC172","Head and Neck","Head and Neck Squamous Cell Carcinoma","HEAD_NECK","HNSC","OPHSC","","","","False","False","True","False","True","Undefined","Undefined","False"
"ACH-002643","GRANTA452","Lymphoid","B-Cell Acute Lymphoblastic Leukemia","LYMPH","LNM","BALL","","","","False","False","True","False","True","Undefined","Undefined","False"
"ACH-001984","NZM4","Skin","Melanoma","SKIN","MEL","","","","","False","False","True","False","True","Undefined","Undefined","False"
"ACH-002946","UKE1","Myeloid","Acute Myeloid Leukemia","MYELOID","MNM","AML","","","","False","False","True","False","True","Undefined","Undefined","False"
"ACH-001949","MAMEL46","Skin","Melanoma","SKIN","MEL","","","","","False","False","True","False","True","Undefined","Undefined","False"
"ACH-003103","Z181","Lymphoid","B-Cell Acute Lymphoblastic Leukemia","LYMPH","LNM","BALL","BALL:BCR-ABL1","","","False","False","True","False","True","Undefined","Undefined","False"
"ACH-002543","SNU1406","Bowel","Colorectal Adenocarcinoma","BOWEL","COADREAD","COAD","","","","False","False","True","False","True","Undefined","Undefined","False"
"ACH-002779","NCCESOS1C1","Bone","Osteosarcoma","BONE","OS","","","","","False","False","True","False","True","Undefined","Undefined","False"
"ACH-003227","UCH17M","Bone","Chordoma","BONE","CHDM","","","","","False","False","True","False","True","Undefined","Undefined","False"
"ACH-001980","NZM12","Skin","Melanoma","SKIN","MEL","","","","","False","False","True","False","True","Undefined","Undefined","False"
"ACH-002050","HTST","Other","Extra Gonadal Germ Cell Tumor","OTHER","EGCT","","","","","False","False","True","False","True","Undefined","Undefined","False"
"ACH-001953","MAMEL27","Skin","Melanoma","SKIN","MEL","","","","","False","False","True","False","True","Undefined","Undefined","False"
"ACH-002886","VACO432","Bowel","Colorectal Adenocarcinoma","BOWEL","COADREAD","COAD","","","","False","False","True","False","True","Undefined","Undefined","False"
"ACH-001503","GUMBUS","Lymphoid","Mature B-Cell Neoplasms","LYMPH","LNM","NHL","MBN","BL","","False","False","True","False","True","Undefined","Undefined","False"
"ACH-001679","U2973","Lymphoid","Mature B-Cell Neoplasms","LYMPH","LNM","NHL","MBN","HGBCLMYCBCL2","","False","False","False","True","True","Undefined","Undefined","True"
"ACH-000598","KMS21BM","Lymphoid","Mature B-Cell Neoplasms","LYMPH","LNM","NHL","MBN","PCM","","False","False","False","True","True","Undefined","Undefined","True"
"ACH-000289","SNU466","CNS/Brain","Adult-Type Diffuse Glioma","BRAIN","DIFG","ADIFG","GB","","","False","False","False","True","True","Undefined","Undefined","True"
"ACH-000613","HOS","Bone","Osteosarcoma","BONE","OS","","","","","False","False","False","True","True","Undefined","Undefined","True"
"ACH-001449","BL2","Lymphoid","Mature B-Cell Neoplasms","LYMPH","LNM","NHL","MBN","BL","","False","False","False","True","True","Undefined","Undefined","True"
"ACH-000051","TE617T","Soft Tissue","Rhabdomyosarcoma","SOFT_TISSUE","RMS","","","","","False","False","False","True","True","Undefined","Undefined","True"
"ACH-000566","SW1710","Bladder/Urinary Tract","Bladder Urothelial Carcinoma","BLADDER","BLCA","","","","","False","False","False","True","True","Undefined","Undefined","True"
"ACH-000687","CI1","Lymphoid","Non-Hodgkin Lymphoma","LYMPH","LNM","NHL","MBN","","","False","False","False","True","True","Undefined","Undefined","True"
"ACH-001022","CBAGPN","Bone","Ewing Sarcoma","BONE","ES","ES:EWSR1-ERG","","","","False","False","False","True","True","Undefined","Undefined","True"
"ACH-000432","BV173","Lymphoid","B-Cell Acute Lymphoblastic Leukemia","LYMPH","LNM","BALL","BALL:BCR-ABL1","","","False","False","False","True","True","Undefined","Undefined","True"
"ACH-000158","OCILY3","Lymphoid","Mature B-Cell Neoplasms","LYMPH","LNM","NHL","MBN","DLBCLNOS","ABC","False","False","False","True","True","Undefined","Undefined","True"
"ACH-000686","SNU878","Liver","Hepatocellular Carcinoma","LIVER","HCC","","","","","False","False","False","True","True","Undefined","Undefined","True"
"ACH-001437","1618K","Testis","Non-Seminomatous Germ Cell Tumor","TESTIS","NSGCT","EMBCA","","","","False","False","False","True","True","Undefined","Undefined","True"
"ACH-000925","DV90","Lung","Non-Small Cell Lung Cancer","LUNG","NSCLC","LUAD","","","","False","False","False","True","True","Undefined","Undefined","True"
"ACH-000692","SNU899","Head and Neck","Head and Neck Squamous Cell Carcinoma","HEAD_NECK","HNSC","LXSC","","","","False","False","False","True","True","Undefined","Undefined","True"
"ACH-000893","NCIH1651","Lung","Non-Small Cell Lung Cancer","LUNG","NSCLC","LUAD","","","","False","False","False","True","True","Undefined","Undefined","True"
"ACH-000357","JEKO1","Lymphoid","Mature B-Cell Neoplasms","LYMPH","LNM","NHL","MBN","MCL","","False","False","False","True","True","Undefined","Undefined","True"
"ACH-001369","OCIC5X","Ovary/Fallopian Tube","Ovarian Epithelial Tumor","OVARY","OVT","CCOV","","","","False","False","False","True","True","Undefined","Undefined","True"
"ACH-000122","SUPT11","Lymphoid","T-Lymphoblastic Leukemia/Lymphoma","LYMPH","LNM","TALL","","","","False","False","False","True","True","Undefined","Undefined","True"
"ACH-000815","KMH2","Lymphoid","Hodgkin Lymphoma","LYMPH","LNM","HL","","","","False","False","False","True","True","Undefined","Undefined","True"
"ACH-000193","KARPAS620","Lymphoid","Mature B-Cell Neoplasms","LYMPH","LNM","NHL","MBN","PCM","","False","False","False","True","True","Undefined","Undefined","True"
"ACH-001638","RCK8","Lymphoid","Mature B-Cell Neoplasms","LYMPH","LNM","NHL","MBN","DLBCLNOS","GCB","False","False","False","True","True","Undefined","Undefined","True"
"ACH-000072","MEG01","Myeloid","Myeloproliferative Neoplasms","MYELOID","MNM","MPN","CML","CMLBCRABL1","","False","False","False","True","True","Undefined","Undefined","True"
"ACH-000875","NCIH2347","Lung","Non-Small Cell Lung Cancer","LUNG","NSCLC","LUAD","","","","False","False","False","True","True","Undefined","Undefined","True"
"ACH-000428","UO31","Kidney","Renal Cell Carcinoma","KIDNEY","RCC","","","","","False","False","False","True","True","Undefined","Undefined","True"
"ACH-000102","GMS10","CNS/Brain","Adult-Type Diffuse Glioma","BRAIN","DIFG","ADIFG","GB","","","False","False","False","True","True","Undefined","Undefined","True"
"ACH-000107","CAPAN2","Pancreas","Pancreatic Adenocarcinoma","PANCREAS","PAAD","","","","","False","False","False","True","True","Undefined","Undefined","True"
"ACH-001678","U2940","Lymphoid","Mature B-Cell Neoplasms","LYMPH","LNM","NHL","MBN","DLBCLNOS","","False","False","False","True","True","Undefined","Undefined","True"
"ACH-000877","EB1","Lymphoid","Mature B-Cell Neoplasms","LYMPH","LNM","NHL","MBN","BL","","False","False","False","True","True","Undefined","Undefined","True"
"ACH-000388","NUDHL1","Lymphoid","Mature B-Cell Neoplasms","LYMPH","LNM","NHL","MBN","DLBCLNOS","","False","False","False","True","True","Undefined","Undefined","True"
"ACH-001854","MMNK1","Biliary Tract","Non-Cancerous","BILIARY_TRACT","ZBILIARY_TRACT","ZIMMCHOL","","","","False","False","False","True","True","Undefined","Undefined","True"
"ACH-000892","NCIH1563","Lung","Non-Small Cell Lung Cancer","LUNG","NSCLC","LUAD","","","","False","False","False","True","True","Undefined","Undefined","True"
"ACH-000073","GRANTA519","Lymphoid","Mature B-Cell Neoplasms","LYMPH","LNM","NHL","MBN","MCL","","False","False","False","True","True","Undefined","Undefined","True"
"ACH-000918","MOLT16","Lymphoid","T-Lymphoblastic Leukemia/Lymphoma","LYMPH","LNM","TALL","","","","False","False","False","True","True","Undefined","Undefined","True"
"ACH-000453","MOLP2","Lymphoid","Mature B-Cell Neoplasms","LYMPH","LNM","NHL","MBN","PCM","","False","False","False","True","True","Undefined","Undefined","True"
"ACH-000590","NCIH2073","Lung","Non-Small Cell Lung Cancer","LUNG","NSCLC","LUAD","","","","False","False","False","True","True","Undefined","Undefined","True"
"ACH-000056","DOHH2","Lymphoid","Mature B-Cell Neoplasms","LYMPH","LNM","NHL","MBN","DLBCLNOS","","False","False","False","True","True","Undefined","Undefined","True"
"ACH-000564","KHM1B","Lymphoid","Mature B-Cell Neoplasms","LYMPH","LNM","NHL","MBN","PCM","","False","False","False","True","True","Undefined","Undefined","True"
"ACH-000105","ALLSIL","Lymphoid","T-Lymphoblastic Leukemia/Lymphoma","LYMPH","LNM","TALL","","","","False","False","False","True","True","Undefined","Undefined","True"
"ACH-000636","RPMI8402","Lymphoid","T-Lymphoblastic Leukemia/Lymphoma","LYMPH","LNM","TALL","","","","False","False","False","True","True","Undefined","Undefined","True"
"ACH-000897","FTC238","Thyroid","Well-Differentiated Thyroid Cancer","THYROID","WDTC","THFO","","","","False","False","False","True","True","Undefined","Undefined","True"
"ACH-001321","TT","Thyroid","Medullary Thyroid Cancer","THYROID","THME","","","","","False","False","False","True","True","Undefined","Undefined","True"
"ACH-000990","HEC108","Uterus","Endometrial Carcinoma","UTERUS","UCEC","","","","","False","False","False","True","True","Undefined","Undefined","True"
"ACH-000603","BEN","Lung","Non-Small Cell Lung Cancer","LUNG","NSCLC","","","","","False","False","False","True","True","Undefined","Undefined","True"
"ACH-001384","RO82W1","Thyroid","Well-Differentiated Thyroid Cancer","THYROID","WDTC","THFO","","","","False","False","False","True","True","Undefined","Undefined","True"
"ACH-000186","NCIH2444","Lung","Non-Small Cell Lung Cancer","LUNG","NSCLC","","","","","False","False","False","True","True","Undefined","Undefined","True"
"ACH-000723","YD10B","Head and Neck","Head and Neck Squamous Cell Carcinoma","HEAD_NECK","HNSC","OCSC","","","","False","False","False","True","True","Undefined","Undefined","True"
"ACH-000482","RERFLCKJ","Lung","Non-Small Cell Lung Cancer","LUNG","NSCLC","LUAD","","","","False","False","False","True","True","Undefined","Undefined","True"
"ACH-000891","HCC1438","Lung","Non-Small Cell Lung Cancer","LUNG","NSCLC","LCLC","","","","False","False","False","True","True","Undefined","Undefined","True"
"ACH-000543","SNU489","CNS/Brain","Adult-Type Diffuse Glioma","BRAIN","DIFG","ADIFG","GB","","","False","False","False","True","True","Undefined","Undefined","True"
"ACH-000868","HCC1195","Lung","Non-Small Cell Lung Cancer","LUNG","NSCLC","LUAS","","","","False","False","False","True","True","Undefined","Undefined","True"
"ACH-001686","ULA","Lymphoid","Mature B-Cell Neoplasms","LYMPH","LNM","NHL","MBN","DLBCLNOS","","False","False","False","True","True","Undefined","Undefined","True"
"ACH-000069","HS611T","Lymphoid","Hodgkin Lymphoma","LYMPH","LNM","HL","","","","False","False","False","True","True","Undefined","Undefined","True"
"ACH-000027","GOS3","CNS/Brain","Adult-Type Diffuse Glioma","BRAIN","DIFG","ADIFG","GB","","","False","False","False","True","True","Undefined","Undefined","True"
"ACH-001537","KKU055","Biliary Tract","Intraductal Papillary Neoplasm of the Bile Duct","BILIARY_TRACT","IPN","CHOL","IHCH","","","False","False","False","True","True","Undefined","Undefined","True"
"ACH-000285","TOLEDO","Lymphoid","Mature B-Cell Neoplasms","LYMPH","LNM","NHL","MBN","DLBCLNOS","","False","False","False","True","True","Undefined","Undefined","True"
"ACH-001516","HCSC1","Cervix","Cervical Adenocarcinoma","CERVIX","CEAD","ECAD","","","","False","False","False","True","True","Undefined","Undefined","True"
"ACH-000443","OVKATE","Ovary/Fallopian Tube","Ovarian Epithelial Tumor","OVARY","OVT","SOC","HGSOC","","","False","False","False","True","True","Undefined","Undefined","True"
"ACH-001438","1777NRPMET","Testis","Non-Seminomatous Germ Cell Tumor","TESTIS","NSGCT","EMBCA","","","","False","False","False","True","True","Undefined","Undefined","True"
"ACH-000715","SNU1214","Head and Neck","Head and Neck Squamous Cell Carcinoma","HEAD_NECK","HNSC","LXSC","","","","False","False","False","True","True","Undefined","Undefined","True"
"ACH-000171","VMRCRCZ","Kidney","Renal Cell Carcinoma","KIDNEY","RCC","","","","","False","False","False","True","True","Undefined","Undefined","True"
"ACH-001855","OZ","Biliary Tract","Intraductal Papillary Neoplasm of the Bile Duct","BILIARY_TRACT","IPN","CHOL","IHCH","","","False","False","False","True","True","Undefined","Undefined","True"
"ACH-000205","PK59","Pancreas","Pancreatic Adenocarcinoma","PANCREAS","PAAD","","","","","False","False","False","True","True","Undefined","Undefined","True"
"ACH-000813","T3M10","Lung","Non-Small Cell Lung Cancer","LUNG","NSCLC","LCLC","","","","False","False","False","True","True","Undefined","Undefined","True"
"ACH-000218","PL21","Myeloid","Acute Myeloid Leukemia","MYELOID","MNM","AML","AMLMRC","","","False","False","False","True","True","Undefined","Undefined","True"
"ACH-000808","HUH28","Biliary Tract","Intraductal Papillary Neoplasm of the Bile Duct","BILIARY_TRACT","IPN","CHOL","IHCH","","","False","False","False","True","True","Undefined","Undefined","True"
"ACH-001373","OV17R","Ovary/Fallopian Tube","Ovarian Epithelial Tumor","OVARY","OVT","SOC","","","","False","False","False","True","True","Undefined","Undefined","True"
"ACH-000449","MESSA","Uterus","Uterine Sarcoma/Mesenchymal","UTERUS","USARC","","","","","False","False","False","True","True","Undefined","Undefined","True"
"ACH-000751","OCIM1","Myeloid","Acute Myeloid Leukemia","MYELOID","MNM","AML","","","","False","False","False","True","True","Undefined","Undefined","True"
"ACH-001751","RH36","Soft Tissue","Rhabdomyosarcoma","SOFT_TISSUE","RMS","ERMS","","","","False","False","False","True","True","Undefined","Undefined","True"
"ACH-000626","U266B1","Lymphoid","Mature B-Cell Neoplasms","LYMPH","LNM","NHL","MBN","PCM","","False","False","False","True","True","Undefined","Undefined","True"
"ACH-000825","HOP92","Lung","Non-Small Cell Lung Cancer","LUNG","NSCLC","","","","","False","False","False","True","True","Undefined","Undefined","False"
"ACH-001672","TERA2","Testis","Non-Seminomatous Germ Cell Tumor","TESTIS","NSGCT","EMBCA","","","","False","False","False","True","True","Undefined","Undefined","False"
"ACH-001708","WSUFSCCL","Lymphoid","Mature B-Cell Neoplasms","LYMPH","LNM","NHL","MBN","FL","","False","False","False","True","True","Undefined","Undefined","False"
"ACH-000031","PANC0213","Pancreas","Pancreatic Adenocarcinoma","PANCREAS","PAAD","","","","","False","False","False","True","True","Undefined","Undefined","False"
"ACH-000038","EHEB","Lymphoid","Non-Cancerous","LYMPH","ZLYMPH","ZTRABL","","","","False","False","False","True","True","Undefined","Undefined","False"
"ACH-001423","CCLFPEDS0002T","Kidney","Wilms' Tumor","KIDNEY","WT","","","","","False","False","False","True","True","Undefined","Undefined","False"
"ACH-003465","CCLFHNSC0004T","Head and Neck","Head and Neck Squamous Cell Carcinoma","HEAD_NECK","HNSC","","","","","False","False","False","True","True","Undefined","Undefined","False"
"ACH-000154","HS888T","Fibroblast","Non-Cancerous","ZFIB","ZFIBBON","","","","","False","False","False","True","True","Undefined","Undefined","False"
"ACH-003459","CCLFMELM0011T","Skin","Melanoma","SKIN","MEL","","","","","False","False","False","True","True","Undefined","Undefined","False"
"ACH-000708","SNU283","Bowel","Colorectal Adenocarcinoma","BOWEL","COADREAD","READ","","","","False","False","False","True","True","Undefined","Undefined","False"
"ACH-000125","TO175T","Fibroblast","Non-Cancerous","ZFIB","ZFIBLYM","","","","","False","False","False","True","True","Undefined","Undefined","False"
"ACH-000032","MHHCALL3","Lymphoid","B-Cell Acute Lymphoblastic Leukemia","LYMPH","LNM","BALL","BALL:TCF3-PBX1","","","False","False","False","True","True","Undefined","Undefined","False"
"ACH-000245","BL41","Lymphoid","Mature B-Cell Neoplasms","LYMPH","LNM","NHL","MBN","BL","","False","False","False","True","True","Undefined","Undefined","False"
"ACH-001493","DOGUM","Lymphoid","Mature B-Cell Neoplasms","LYMPH","LNM","NHL","MBN","BL","","False","False","False","True","True","Undefined","Undefined","False"
"ACH-001846","MGHICC6","Biliary Tract","Intraductal Papillary Neoplasm of the Bile Duct","BILIARY_TRACT","IPN","CHOL","IHCH","","","False","False","False","True","True","Undefined","Undefined","False"
"ACH-001756","RDPCDNA1","Soft Tissue","Rhabdomyosarcoma","SOFT_TISSUE","RMS","ERMS","","","","False","False","False","True","True","Undefined","Undefined","False"
"ACH-000089","NCIH684","Bowel","Colorectal Adenocarcinoma","BOWEL","COADREAD","COAD","","","","False","False","False","True","True","Undefined","Undefined","False"
"ACH-001541","KMS28PE","Lymphoid","Mature B-Cell Neoplasms","LYMPH","LNM","NHL","MBN","PCM","","False","False","False","True","True","Undefined","Undefined","False"
"ACH-002932","CCLFNEURO0001T","Bowel","Colorectal Adenocarcinoma","BOWEL","COADREAD","","","","","False","False","False","True","True","Undefined","Undefined","False"
"ACH-000772","TE441T","Soft Tissue","CIC-DUX4 Sarcoma","SOFT_TISSUE","CDS","","","","","False","False","False","True","True","Undefined","Undefined","False"
"ACH-000199","HS255T","Fibroblast","Non-Cancerous","ZFIB","ZFIBCOL","","","","","False","False","False","True","True","Undefined","Undefined","False"
"ACH-000462","NALM1","Myeloid","Myeloproliferative Neoplasms","MYELOID","MNM","MPN","CML","CMLBCRABL1","","False","False","False","True","True","Undefined","Undefined","False"
"ACH-000675","NCIH1734","Lung","Non-Small Cell Lung Cancer","LUNG","NSCLC","LUAD","","","","False","False","False","True","True","Undefined","Undefined","False"
"ACH-000136","CHP126","Peripheral Nervous System","Neuroblastoma","PNS","NBL","","","","","False","False","False","True","True","Undefined","Undefined","False"
"ACH-000745","MOLP8","Lymphoid","Mature B-Cell Neoplasms","LYMPH","LNM","NHL","MBN","PCM","","False","False","False","True","True","Undefined","Undefined","False"
"ACH-003433","CCLFPANC0019T","Pancreas","Pancreatic Adenocarcinoma","PANCREAS","PAAD","","","","","False","False","False","True","True","Undefined","Undefined","False"
"ACH-000063","HS616T","Fibroblast","Non-Cancerous","ZFIB","ZFIBLYM","","","","","False","False","False","True","True","Undefined","Undefined","False"
"ACH-000779","PC9","Lung","Non-Small Cell Lung Cancer","LUNG","NSCLC","LUAD","","","","False","False","False","True","True","Undefined","Undefined","False"
"ACH-001339","COLO794","Skin","Melanoma","SKIN","MEL","SKCM","","","","False","False","False","True","True","Undefined","Undefined","False"
"ACH-000451","NCIH2085","Lung","Non-Small Cell Lung Cancer","LUNG","NSCLC","LUAD","","","","False","False","False","True","True","Undefined","Undefined","False"
"ACH-000225","ECC12","Esophagus/Stomach","Esophagogastric Adenocarcinoma","STOMACH","EGC","STSC","","","","False","False","False","True","True","Undefined","Undefined","False"
"ACH-000465","SKMEL1","Skin","Melanoma","SKIN","MEL","","","","","False","False","False","True","True","Undefined","Undefined","False"
"ACH-003476","CCLFHNSC0002T","Esophagus/Stomach","Esophageal Squamous Cell Carcinoma","STOMACH","ESCC","","","","","False","False","False","True","True","Undefined","Undefined","False"
"ACH-003455","CCLFMELM0004T","Skin","Melanoma","SKIN","MEL","","","","","False","False","False","True","True","Undefined","Undefined","False"
"ACH-000130","NALM19","Lymphoid","B-Cell Acute Lymphoblastic Leukemia","LYMPH","LNM","BALL","BALL:KMT2AFusions","","","False","False","False","True","True","Undefined","Undefined","False"
"ACH-001456","C125PM","Bowel","Colorectal Adenocarcinoma","BOWEL","COADREAD","","","","","False","False","False","True","True","Undefined","Undefined","False"
"ACH-000789","NCIH810","Lung","Non-Small Cell Lung Cancer","LUNG","NSCLC","LCLC","","","","False","False","False","True","True","Undefined","Undefined","False"
"ACH-000173","JHUEM3","Uterus","Endometrial Carcinoma","UTERUS","UCEC","","","","","False","False","False","True","True","Undefined","Undefined","False"
"ACH-000999","SNU1040","Bowel","Colorectal Adenocarcinoma","BOWEL","COADREAD","COAD","","","","False","False","False","True","True","Undefined","Undefined","False"
"ACH-000083","HS281T","Fibroblast","Non-Cancerous","ZFIB","ZFIBBRE","","","","","False","False","False","True","True","Undefined","Undefined","False"
"ACH-000020","MHHCALL2","Lymphoid","B-Cell Acute Lymphoblastic Leukemia","LYMPH","LNM","BALL","","","","False","False","False","True","True","Undefined","Undefined","False"
"ACH-002409","CCLFNEURO0006T","CNS/Brain","Adult-Type Diffuse Glioma","BRAIN","DIFG","ADIFG","GB","","","False","False","False","True","True","Undefined","Undefined","False"
"ACH-000761","NUGC2","Esophagus/Stomach","Esophagogastric Adenocarcinoma","STOMACH","EGC","STAD","","","","False","False","False","True","True","Undefined","Undefined","False"
"ACH-000079","TE125T","Fibroblast","Non-Cancerous","ZFIB","ZFIBSOF","","","","","False","False","False","True","True","Undefined","Undefined","False"
"ACH-000806","L540","Lymphoid","Hodgkin Lymphoma","LYMPH","LNM","HL","","","","False","False","False","True","True","Undefined","Undefined","False"
"ACH-003437","CCLFUPGI0078T","Esophagus/Stomach","Esophagogastric Adenocarcinoma","STOMACH","EGC","STAD","","","","False","False","False","True","True","Undefined","Undefined","False"
"ACH-000949","TGBC11TKB","Esophagus/Stomach","Esophagogastric Adenocarcinoma","STOMACH","EGC","STAD","","","","False","False","False","True","True","Undefined","Undefined","False"
"ACH-001760","RDP3F14","Soft Tissue","Rhabdomyosarcoma","SOFT_TISSUE","RMS","ERMS","","","","False","False","False","True","True","Undefined","Undefined","False"
"ACH-000184","HS343T","Fibroblast","Non-Cancerous","ZFIB","ZFIBBRE","","","","","False","False","False","True","True","Undefined","Undefined","False"
"ACH-000214","HS675T","Fibroblast","Non-Cancerous","ZFIB","ZFIBCOL","","","","","False","False","False","True","True","Undefined","Undefined","False"
"ACH-000267","HDLM2","Lymphoid","Hodgkin Lymphoma","LYMPH","LNM","HL","","","","False","False","False","True","True","Undefined","Undefined","False"
"ACH-001561","MERO84","Pleura","Pleural Mesothelioma","PLEURA","PLMESO","PLBMESO","","","","False","False","False","True","True","Undefined","Undefined","False"
"ACH-000119","HS863T","Fibroblast","Non-Cancerous","ZFIB","ZFIBBON","","","","","False","False","False","True","True","Undefined","Undefined","False"
"ACH-003456","CCLFMELM0006T","Skin","Melanoma","SKIN","MEL","","","","","False","False","False","True","True","Undefined","Undefined","False"
"ACH-003473","CCLFPEDS0013T","Soft Tissue","Rhabdomyosarcoma","SOFT_TISSUE","RMS","ERMS","","","","False","False","False","True","True","Undefined","Undefined","False"
"ACH-001030","CHLA218","Bone","Ewing Sarcoma","BONE","ES","ES:EWSR1-FLI1","","","","False","False","False","True","True","Undefined","Undefined","False"
"ACH-002440","CCLFTHYR0008T","Thyroid","Well-Differentiated Thyroid Cancer","THYROID","WDTC","THPA","","","","False","False","False","True","True","Undefined","Undefined","False"
"ACH-003468","CCLFTHYR0003T","Thyroid","Anaplastic Thyroid Cancer","THYROID","THAP","","","","","False","False","False","True","True","Undefined","Undefined","False"
"ACH-003451","CCLFPEDS0048T","Kidney","Wilms' Tumor","KIDNEY","WT","","","","","False","False","False","True","True","Undefined","Undefined","False"
"ACH-003470","CCLFTHYR0005T","Thyroid","Anaplastic Thyroid Cancer","THYROID","THAP","","","","","False","False","False","True","True","Undefined","Undefined","False"
"ACH-000342","CL14","Bowel","Colorectal Adenocarcinoma","BOWEL","COADREAD","COAD","","","","False","False","False","True","True","Undefined","Undefined","False"
"ACH-001378","PACADD159","Pancreas","Pancreatic Adenocarcinoma","PANCREAS","PAAD","","","","","False","False","False","True","True","Undefined","Undefined","False"
"ACH-000786","DAUDI","Lymphoid","Mature B-Cell Neoplasms","LYMPH","LNM","NHL","MBN","BL","","False","False","False","True","True","Undefined","Undefined","False"
"ACH-000321","MOLM6","Myeloid","Myeloproliferative Neoplasms","MYELOID","MNM","MPN","CML","CMLBCRABL1","","False","False","False","True","True","Undefined","Undefined","False"
"ACH-001485","CII","Lymphoid","Non-Cancerous","LYMPH","ZLYMPH","ZTRABL","","","","False","False","False","True","True","Undefined","Undefined","False"
"ACH-001971","MM466","Skin","Melanoma","SKIN","MEL","","","","","False","False","False","True","True","Undefined","Undefined","False"
"ACH-000081","GDM1","Myeloid","Acute Myeloid Leukemia","MYELOID","MNM","AML","","","","False","False","False","True","True","Undefined","Undefined","False"
"ACH-000135","HS940T","Fibroblast","Non-Cancerous","ZFIB","ZFIBSKI","","","","","False","False","False","True","True","Undefined","Undefined","False"
"ACH-000908","SNU520","Esophagus/Stomach","Esophagogastric Adenocarcinoma","STOMACH","EGC","STAD","","","","False","False","False","True","True","Undefined","Undefined","False"
"ACH-001064","EB2","Lymphoid","Mature B-Cell Neoplasms","LYMPH","LNM","NHL","MBN","BL","","False","False","False","True","True","Undefined","Undefined","False"
"ACH-001716","GOTO","Peripheral Nervous System","Neuroblastoma","PNS","NBL","","","","","False","False","False","True","True","Undefined","Undefined","False"
"ACH-000175","TE159T","Fibroblast","Non-Cancerous","ZFIB","ZFIBSOF","","","","","False","False","False","True","True","Undefined","Undefined","False"
"ACH-000112","SIGM5","Myeloid","Acute Myeloid Leukemia","MYELOID","MNM","AML","AMLNOS","AMOL","","False","False","False","True","True","Undefined","Undefined","False"
"ACH-000513","SNU1272","Kidney","Renal Cell Carcinoma","KIDNEY","RCC","CCRCC","","","","False","False","False","True","True","Undefined","Undefined","False"
"ACH-003463","CCLFHEME0004T","Lymphoid","Mature T and NK Neoplasms","LYMPH","LNM","NHL","MTNN","TPLL","","False","False","False","True","True","Undefined","Undefined","False"
"ACH-001847","MGHICC7","Biliary Tract","Intraductal Papillary Neoplasm of the Bile Duct","BILIARY_TRACT","IPN","CHOL","IHCH","","","False","False","False","True","True","Undefined","Undefined","False"
"ACH-002419","CCLFOVPA0001T","Uterus","Endometrial Carcinoma","UTERUS","UCEC","UCS","","","","False","False","False","True","True","Undefined","Undefined","False"
"ACH-003475","CCLFHNSC0003T","Head and Neck","Head and Neck Squamous Cell Carcinoma","HEAD_NECK","HNSC","","","","","False","False","False","True","True","Undefined","Undefined","False"
"ACH-000379","NCIH1781","Lung","Non-Small Cell Lung Cancer","LUNG","NSCLC","LUAD","","","","False","False","False","True","True","Undefined","Undefined","False"
"ACH-001035","CHLA99","Bone","Ewing Sarcoma","BONE","ES","ES:EWSR1-FLI1","","","","False","False","False","True","True","Undefined","Undefined","False"
"ACH-000162","GA10","Lymphoid","Mature B-Cell Neoplasms","LYMPH","LNM","NHL","MBN","BL","","False","False","False","True","True","Undefined","Undefined","False"
"ACH-001540","KMLS1","Soft Tissue","Liposarcoma","SOFT_TISSUE","LIPO","","","","","False","False","False","True","True","Undefined","Undefined","False"
"ACH-002466","RPE1SS111","Eye","Non-Cancerous","EYE","ZEYE","ZIMMEPCRT","","","","False","False","False","True","True","Undefined","Undefined","False"
"ACH-000412","SNU1197","Bowel","Colorectal Adenocarcinoma","BOWEL","COADREAD","COAD","","","","False","False","False","True","True","Undefined","Undefined","False"
"ACH-000743","CORL95","Lung","Lung Neuroendocrine Tumor","LUNG","LNET","SCLC","","","","False","False","False","True","True","Undefined","Undefined","False"
"ACH-000240","HS600T","Fibroblast","Non-Cancerous","ZFIB","ZFIBSKI","","","","","False","False","False","True","True","Undefined","Undefined","False"
"ACH-000058","ML1","Thyroid","Well-Differentiated Thyroid Cancer","THYROID","WDTC","THFO","","","","False","False","False","True","True","Undefined","Undefined","False"
"ACH-000531","RS5","Fibroblast","Non-Cancerous","ZFIB","ZFIBLUN","","","","","False","False","False","True","True","Undefined","Undefined","False"
"ACH-003474","CCLFHNSC0001T","Head and Neck","Head and Neck Squamous Cell Carcinoma","HEAD_NECK","HNSC","","","","","False","False","False","True","True","Undefined","Undefined","False"
"ACH-000951","NCIH2342","Lung","Non-Small Cell Lung Cancer","LUNG","NSCLC","LUAD","","","","False","False","False","True","True","Undefined","Undefined","False"
"ACH-000165","HS751T","Fibroblast","Non-Cancerous","ZFIB","ZFIBLYM","","","","","False","False","False","True","True","Undefined","Undefined","False"
"ACH-001758","RDP3F7","Soft Tissue","Rhabdomyosarcoma","SOFT_TISSUE","RMS","ERMS","","","","False","False","False","True","True","Undefined","Undefined","False"
"ACH-003458","CCLFMELM0010T","Skin","Melanoma","SKIN","MEL","","","","","False","False","False","True","True","Undefined","Undefined","False"
"ACH-000156","MHHCALL4","Lymphoid","B-Cell Acute Lymphoblastic Leukemia","LYMPH","LNM","BALL","","","","False","False","False","True","True","Undefined","Undefined","False"
"ACH-000707","P3HR1","Lymphoid","Mature B-Cell Neoplasms","LYMPH","LNM","NHL","MBN","BL","","False","False","False","True","True","Undefined","Undefined","False"
"ACH-000131","HS229T","Fibroblast","Non-Cancerous","ZFIB","ZFIBLUN","","","","","False","False","False","True","True","Undefined","Undefined","False"
"ACH-003469","CCLFTHYR0004T","Thyroid","Anaplastic Thyroid Cancer","THYROID","THAP","","","","","False","False","False","True","True","Undefined","Undefined","False"
"ACH-000989","SNU175","Bowel","Colorectal Adenocarcinoma","BOWEL","COADREAD","MACR","","","","False","False","False","True","True","Undefined","Undefined","False"
"ACH-003426","CCLFNEURO0046T","Esophagus/Stomach","Esophagogastric Adenocarcinoma","STOMACH","EGC","ESCA","","","","False","False","False","True","True","Undefined","Undefined","False"
"ACH-000797","HLFA","Fibroblast","Non-Cancerous","ZFIB","ZFIBLUN","","","","","False","False","False","True","True","Undefined","Undefined","False"
"ACH-001759","RDP3F9","Soft Tissue","Rhabdomyosarcoma","SOFT_TISSUE","RMS","ERMS","","","","False","False","False","True","True","Undefined","Undefined","False"
"ACH-000933","SNU324","Pancreas","Pancreatic Adenocarcinoma","PANCREAS","PAAD","","","","","False","False","False","True","True","Undefined","Undefined","False"
"ACH-000529","T173","Fibroblast","Non-Cancerous","ZFIB","ZFIBBON","","","","","False","False","False","True","True","Undefined","Undefined","False"
"ACH-000254","SCC15","Head and Neck","Head and Neck Squamous Cell Carcinoma","HEAD_NECK","HNSC","OCSC","","","","False","False","False","True","True","Undefined","Undefined","False"
"ACH-000220","MINO","Lymphoid","Mature B-Cell Neoplasms","LYMPH","LNM","NHL","MBN","MCL","","False","False","False","True","True","Undefined","Undefined","False"
"ACH-000386","KG1","Myeloid","Acute Myeloid Leukemia","MYELOID","MNM","AML","","","","False","False","False","True","True","Undefined","Undefined","False"
"ACH-002403","CCLFMELM0001T","Skin","Melanoma","SKIN","MEL","","","","","False","False","False","True","True","Undefined","Undefined","False"
"ACH-000134","HS274T","Fibroblast","Non-Cancerous","ZFIB","ZFIBBRE","","","","","False","False","False","True","True","Undefined","Undefined","False"
"ACH-000284","HS840T","Fibroblast","Non-Cancerous","ZFIB","ZFIBUPA","","","","","False","False","False","True","True","Undefined","Undefined","False"
"ACH-000689","RH18","Soft Tissue","Rhabdomyosarcoma","SOFT_TISSUE","RMS","ERMS","","","","False","False","False","True","True","Undefined","Undefined","False"
"ACH-001569","MM415","Skin","Melanoma","SKIN","MEL","","","","","False","False","False","True","True","Undefined","Undefined","False"
"ACH-000241","JK1","Myeloid","Myeloproliferative Neoplasms","MYELOID","MNM","MPN","CML","CMLBCRABL1","","False","False","False","True","True","Undefined","Undefined","False"
"ACH-002011","MP46","Eye","Ocular Melanoma","EYE","OM","UM","","","","False","False","False","True","True","Undefined","Undefined","False"
"ACH-002509","WM4235","Skin","Melanoma","SKIN","MEL","ACRM","","","","False","False","False","True","True","Undefined","Undefined","False"
"ACH-001807","LPS067","Soft Tissue","Liposarcoma","SOFT_TISSUE","LIPO","DDLS","","","","False","False","False","True","True","Undefined","Undefined","False"
"ACH-001427","CCLFPEDS0007T","Bone","Ewing Sarcoma","BONE","ES","ES:EWSR1-FLI1","","","","False","False","False","True","True","Undefined","Undefined","False"
"ACH-002431","CCLFPEDS0014T1","Peripheral Nervous System","Neuroblastoma","PNS","NBL","","","","","False","False","False","True","True","Undefined","Undefined","False"
"ACH-001034","CHLA9","Bone","Ewing Sarcoma","BONE","ES","ES:EWSR1-FLI1","","","","False","False","False","True","True","Undefined","Undefined","False"
"ACH-003438","CCLFNEURO0005T","CNS/Brain","Adult-Type Diffuse Glioma","BRAIN","DIFG","ADIFG","GB","","","False","False","False","True","True","Undefined","Undefined","False"
"ACH-000540","HS606T","Fibroblast","Non-Cancerous","ZFIB","ZFIBBRE","","","","","False","False","False","True","True","Undefined","Undefined","False"
"ACH-002404","CCLFMELM0002T","Skin","Melanoma","SKIN","MEL","","","","","False","False","False","True","True","Undefined","Undefined","False"
"ACH-003471","CCLFTHYR0006T","Thyroid","Well-Differentiated Thyroid Cancer","THYROID","WDTC","THPA","","","","False","False","False","True","True","Undefined","Undefined","False"
"ACH-000043","HS895T","Fibroblast","Non-Cancerous","ZFIB","ZFIBSKI","","","","","False","False","False","True","True","Undefined","Undefined","False"
"ACH-000340","HS870T","Fibroblast","Non-Cancerous","ZFIB","ZFIBBON","","","","","False","False","False","True","True","Undefined","Undefined","False"
"ACH-000287","NUDUL1","Lymphoid","Mature B-Cell Neoplasms","LYMPH","LNM","NHL","MBN","DLBCLNOS","ABC","False","False","False","True","True","Undefined","Undefined","False"
"ACH-000180","HS839T","Fibroblast","Non-Cancerous","ZFIB","ZFIBSKI","","","","","False","False","False","True","True","Undefined","Undefined","False"
"ACH-000640","SKMEL31","Skin","Melanoma","SKIN","MEL","SKCM","","","","False","False","False","True","True","Undefined","Undefined","False"
"ACH-001410","UMUC4","Bladder/Urinary Tract","Bladder Urothelial Carcinoma","BLADDER","BLCA","","","","","False","False","False","True","True","Undefined","Undefined","False"
"ACH-001032","CHLA32","Bone","Ewing Sarcoma","BONE","ES","ES:EWSR1-FLI1","","","","False","False","False","True","True","Undefined","Undefined","False"
"ACH-003472","CCLFTHYR0009T","Thyroid","Medullary Thyroid Cancer","THYROID","THME","","","","","False","False","False","True","True","Undefined","Undefined","False"
"ACH-001617","OCILY7","Lymphoid","Mature B-Cell Neoplasms","LYMPH","LNM","NHL","MBN","DLBCLNOS","","False","False","False","True","True","Undefined","Undefined","False"
"ACH-001845","MGHICC5","Biliary Tract","Intraductal Papillary Neoplasm of the Bile Duct","BILIARY_TRACT","IPN","CHOL","IHCH","","","False","False","False","True","True","Undefined","Undefined","False"
"ACH-000224","HS819T","Fibroblast","Non-Cancerous","ZFIB","ZFIBBON","","","","","False","False","False","True","True","Undefined","Undefined","False"
"ACH-002405","CCLFMELM0003T","Skin","Melanoma","SKIN","MEL","","","","","False","False","False","True","True","Undefined","Undefined","False"
"ACH-002937","CCLFPEDS0020T","Kidney","Wilms' Tumor","KIDNEY","WT","","","","","False","False","False","True","True","Undefined","Undefined","False"
"ACH-003460","CCLFHEME0001T","Lymphoid","Mature B-Cell Neoplasms","LYMPH","LNM","NHL","MBN","DLBCLNOS","","False","False","False","True","True","Undefined","Undefined","False"
"ACH-000275","HS834T","Fibroblast","Non-Cancerous","ZFIB","ZFIBSKI","","","","","False","False","False","True","True","Undefined","Undefined","False"
"ACH-003142","ABMT0558","Muscle","Non-Cancerous","MUSCLE","ZIMMSMCP","","","","","False","False","False","False","True","Undefined","Undefined","False"
"ACH-000064","SALE","Lung","Non-Cancerous","LUNG","ZLUNG","ZIMMLUNG","","","","False","False","False","False","True","Undefined","Undefined","False"
"ACH-000230","HS742T","Fibroblast","Non-Cancerous","ZFIB","ZFIBBRE","","","","","False","False","False","False","True","Undefined","Undefined","False"
"ACH-000306","HS688AT","Fibroblast","Non-Cancerous","ZFIB","ZFIBSKI","","","","","False","False","False","False","True","Undefined","Undefined","False"
"ACH-000088","HS172T","Fibroblast","Non-Cancerous","ZFIB","ZFIBURT","","","","","False","False","False","False","True","Undefined","Undefined","False"
"ACH-000923","BCP1","Lymphoid","Mature B-Cell Neoplasms","LYMPH","LNM","NHL","MBN","PEL","","False","False","False","False","True","Undefined","Undefined","False"
"ACH-003154","ABMT0795","Lung","Non-Cancerous","LUNG","ZLUNG","ZIMMEPCL","","","","False","False","False","False","True","Undefined","Undefined","False"
"ACH-003153","ABMT0794","Lung","Non-Cancerous","LUNG","ZLUNG","ZIMMEPCL","","","","False","False","False","False","True","Undefined","Undefined","False"
"ACH-000185","HS737T","Fibroblast","Non-Cancerous","ZFIB","ZFIBBON","","","","","False","False","False","False","True","Undefined","Undefined","False"
"ACH-003148","ABMT0781","CNS/Brain","Non-Cancerous","BRAIN","ZBRAIN","ZIMMNPRO","","","","False","False","False","False","True","Undefined","Undefined","False"
"ACH-003464","CCLFNPDX0008T","Soft Tissue","Liposarcoma","SOFT_TISSUE","LIPO","","","","","False","False","False","False","True","Undefined","Undefined","False"
"ACH-000742","DM3","Fibroblast","Non-Cancerous","ZFIB","ZFIBLUN","","","","","False","False","False","False","True","Undefined","Undefined","False"
"ACH-000850","HS698T","Fibroblast","Non-Cancerous","ZFIB","ZFIBCOL","","","","","False","False","False","False","True","Undefined","Undefined","False"
"ACH-000033","NCIH1819","Lung","Non-Small Cell Lung Cancer","LUNG","NSCLC","LUAD","","","","False","False","False","False","True","Undefined","Undefined","False"
"ACH-001142","NHAHTDD","CNS/Brain","Non-Cancerous","BRAIN","ZBRAIN","ZIMMEPCNS","","","","False","False","False","False","True","Undefined","Undefined","False"
"ACH-000413","HS739T","Fibroblast","Non-Cancerous","ZFIB","ZFIBBRE","","","","","False","False","False","False","True","Undefined","Undefined","False"
"ACH-003268","CCLFRARE0022T","Soft Tissue","Leiomyosarcoma","SOFT_TISSUE","LMS","","","","","False","False","False","False","True","Undefined","Undefined","False"
"ACH-003161","ABMT9430","Pancreas","Non-Cancerous","PANCREAS","ZPANCREAS","ZIMMPSC","","","","False","False","False","False","True","Undefined","Undefined","False"
"ACH-003155","ABMT0789","Liver","Non-Cancerous","LIVER","ZLIVER","ZIMMLIV","","","","False","False","False","False","True","Undefined","Undefined","False"
"ACH-003457","CCLFMELM0038T","Skin","Melanoma","SKIN","MEL","","","","","False","False","False","False","True","Undefined","Undefined","False"
"ACH-003157","ABMT0822","Lung","Non-Cancerous","LUNG","ZLUNG","ZIMMMPLC","","","","False","False","False","False","True","Undefined","Undefined","False"
"ACH-000904","NCIH2106","Lung","Non-Small Cell Lung Cancer","LUNG","NSCLC","LCLC","","","","False","False","False","False","True","Undefined","Undefined","False"
"ACH-003141","ABMT0557","Muscle","Non-Cancerous","MUSCLE","ZIMMSMCC","","","","","False","False","False","False","True","Undefined","Undefined","False"
"ACH-003159","ABMT9233","Hair","Non-Cancerous","HAIR","ZIMMRSCH","","","","","False","False","False","False","True","Undefined","Undefined","False"
"ACH-003137","ABMT0281","CNS/Brain","Non-Cancerous","BRAIN","ZBRAIN","ZIMMASTRO","","","","False","False","False","False","True","Undefined","Undefined","False"
"ACH-000737","NCIH1385","Lung","Non-Small Cell Lung Cancer","LUNG","NSCLC","LUSC","","","","False","False","False","False","True","Undefined","Undefined","False"
"ACH-000526","HS821T","Fibroblast","Non-Cancerous","ZFIB","ZFIBBON","","","","","False","False","False","False","True","Undefined","Undefined","False"
"ACH-003145","ABMT0725","Embryonal","Non-Cancerous","EMBRYONAL","ZIMMENUVE","","","","","False","False","False","False","True","Undefined","Undefined","False"
"ACH-003152","ABMT0796","Lung","Non-Cancerous","LUNG","ZLUNG","ZIMMEPCL","","","","False","False","False","False","True","Undefined","Undefined","False"
"ACH-003135","ABMT0280","CNS/Brain","Non-Cancerous","BRAIN","ZBRAIN","ZIMMASTRO","","","","False","False","False","False","True","Undefined","Undefined","False"
"ACH-003266","CCLFRARE0021T","Soft Tissue","Leiomyosarcoma","SOFT_TISSUE","LMS","","","","","False","False","False","False","True","Undefined","Undefined","False"
"ACH-000539","HS618T","Fibroblast","Non-Cancerous","ZFIB","ZFIBLUN","","","","","False","False","False","False","True","Undefined","Undefined","False"
"ACH-003138","ABMT0292","CNS/Brain","Non-Cancerous","BRAIN","ZBRAIN","ZIMMTHENDEC","","","","False","False","False","False","True","Undefined","Undefined","False"
"ACH-003150","ABMT0783","CNS/Brain","Non-Cancerous","BRAIN","ZBRAIN","ZIMMASTRO","","","","False","False","False","False","True","Undefined","Undefined","False"
"ACH-003267","CCLFRARE0009T","Soft Tissue","Leiomyosarcoma","SOFT_TISSUE","LMS","","","","","False","False","False","False","True","Undefined","Undefined","False"
"ACH-000229","HS822T","Fibroblast","Non-Cancerous","ZFIB","ZFIBBON","","","","","False","False","False","False","True","Undefined","Undefined","False"
"ACH-000084","MUTZ3","Myeloid","Acute Myeloid Leukemia","MYELOID","MNM","AML","AMLMRC","","","False","False","False","False","True","Undefined","Undefined","False"
"ACH-000931","HMCB","Skin","Melanoma","SKIN","MEL","","","","","False","False","False","False","True","Undefined","Undefined","False"
"ACH-003158","ABMT9220","Muscle","Non-Cancerous","MUSCLE","ZIMMSMCI","","","","","False","False","False","False","True","Undefined","Undefined","False"
"ACH-000578","HCC1171","Lung","Non-Small Cell Lung Cancer","LUNG","NSCLC","LUAD","","","","False","False","False","False","True","Undefined","Undefined","False"
"ACH-003156","ABMT0797","Lung","Non-Cancerous","LUNG","ZLUNG","ZIMMEPCL","","","","False","False","False","False","True","Undefined","Undefined","False"
"ACH-003160","ABMT9249","Hair","Non-Cancerous","HAIR","ZIMMGMCH","","","","","False","False","False","False","True","Undefined","Undefined","False"
"ACH-002844","CCLFRARE0025T","Soft Tissue","Desmoid/Aggressive Fibromatosis","SOFT_TISSUE","DES","","","","","False","False","False","False","True","Undefined","Undefined","False"
"ACH-000333","JHOM2B","Ovary/Fallopian Tube","Ovarian Epithelial Tumor","OVARY","OVT","MOV","","","","False","False","False","False","True","Undefined","Undefined","False"
"ACH-000854","OCIMY5","Lymphoid","Mature B-Cell Neoplasms","LYMPH","LNM","NHL","MBN","PCM","","False","False","False","False","True","Undefined","Undefined","False"
"ACH-000731","HCC2279","Lung","Non-Small Cell Lung Cancer","LUNG","NSCLC","LUAS","","","","False","False","False","False","True","Undefined","Undefined","False"
"ACH-000282","NCIH1755","Lung","Non-Small Cell Lung Cancer","LUNG","NSCLC","LUAD","","","","False","False","False","False","True","Undefined","Undefined","False"
"ACH-001743","RC2","Soft Tissue","Rhabdomyosarcoma","SOFT_TISSUE","RMS","ARMS","ARMS:PAX-FOXO1","","","False","False","False","False","True","Undefined","Undefined","False"
"ACH-000194","HS934T","Fibroblast","Non-Cancerous","ZFIB","ZFIBSKI","","","","","False","False","False","False","True","Undefined","Undefined","False"
"ACH-001150","OUMS27","Bone","Chondrosarcoma","BONE","CHS","","","","","False","False","False","False","True","Undefined","Undefined","False"
"ACH-001207","TIG3TD","Fibroblast","Non-Cancerous","ZFIB","ZFIBLUN","","","","","False","False","False","False","True","Undefined","Undefined","False"
"ACH-002942","CCLFRARE0004T","Soft Tissue","Leiomyosarcoma","SOFT_TISSUE","LMS","","","","","False","False","False","False","True","Undefined","Undefined","False"
"ACH-003269","CCLFRARE0019T","Soft Tissue","Leiomyosarcoma","SOFT_TISSUE","LMS","","","","","False","False","False","False","True","Undefined","Undefined","False"
"ACH-003139","ABMT0457","Muscle","Non-Cancerous","MUSCLE","ZIMMCARM","","","","","False","False","False","False","True","Undefined","Undefined","False"
"ACH-001109","KPMRTRY","Kidney","Rhabdoid Cancer","KIDNEY","MRT","","","","","False","False","False","False","True","Undefined","Undefined","False"
"ACH-000071","HS706T","Fibroblast","Non-Cancerous","ZFIB","ZFIBBON","","","","","False","False","False","False","True","Undefined","Undefined","False"
"ACH-003143","ABMT0616","Kidney","Non-Cancerous","KIDNEY","ZKIDNEY","ZIMMEPCREN","","","","False","False","False","False","True","Undefined","Undefined","False"
"ACH-003265","CCLFRARE0010T","Soft Tissue","Leiomyosarcoma","SOFT_TISSUE","LMS","","","","","False","False","False","False","True","Undefined","Undefined","False"
"ACH-000642","HMEL","Breast","Non-Cancerous","BREAST","ZBREAST","ZIMMBR","","","","False","False","False","False","True","Undefined","Undefined","False"
"ACH-003149","ABMT0782","Muscle","Non-Cancerous","MUSCLE","ZIMMSKM","","","","","False","False","False","False","True","Undefined","Undefined","False"