,PC1,PC2,PC3,PC4,PC5,PC6,PC7,PC8,PC9,PC10,PC11,PC12,PC13,PC14,PC15,PC16,PC17,PC18,PC19,PC20
ACH-000828,-8.256810890070861,-0.13854183387358945,6.660011756654941,-1.4252964604295513,-0.33852454702090345,-0.19308647087961464,-0.042653170177148564,1.49362619772439,-0.11560860023244283,-1.2863150077782315,1.7330399934560992,0.9463473922524257,1.0526540810785394,-1.1873882534772298,0.056061582637409,-0.6353547818916221,-0.6248253032823633,-1.0975929431290767,0.11155214450031223,0.2973739997327789
ACH-000117,-3.9581808184856815,-1.8180435166744908,7.277015811516196,-0.40137421783578714,-1.1781310567357284,-1.764533834058356,0.14586581116537098,0.4703354938968231,0.6216113110900854,-0.2409153549586469,1.4349251461346586,-0.5199870889566,1.2103246844350068,0.327815641025881,0.5059914579525664,-0.7010932686247046,0.9577987142003265,-0.8624282212880034,1.732771659507463,1.0398453812476236
ACH-000017,-4.4129343922308975,-3.11701654897473,5.351509680427998,-1.3541839924260404,-1.359705584358506,0.417641254459707,0.39375075347158495,-4.168208075156214,-1.4173274319098077,-0.3734401716129096,-0.5863815849222949,-2.097219808528742,1.5560858799195578,0.5521551991991296,-1.300096193098244,0.5615840355093733,-0.11885420662257258,-1.2980372288597293,0.8320345248088512,-0.007374690934319799
ACH-000276,8.297196034674363,0.27907120067374874,0.8388354360745217,1.55053466641226,-1.2017424395635716,1.1108528978420704,1.3665977580155007,0.6492729519611602,0.8832085428705658,0.4245165679448109,0.13222600437748872,1.4121332653225869,0.3569999043664041,-3.009657996831833,0.46856261647582725,2.7711257361490604,-0.06092373232632029,-1.6170856072024764,-3.282283917535642,-2.0471713156582405
ACH-000554,-3.650065367395298,-0.6282258771649412,9.320113035359316,-2.9987272394362967,0.7088014715931662,1.040716248764137,-0.5554151383562809,0.7203450752725662,1.275974489448947,-0.35594778113766723,1.115547616293018,-1.575584213026215,0.20937682003204108,2.0186858694069096,-0.4133248730955139,-0.21459254648305554,-1.011417263769064,-0.4424584276287109,0.983534586857501,1.1940609649252873
ACH-000818,-7.975995267996026,1.4474222625336908,2.1446675610051273,1.8612699240837918,0.6618455212261107,-1.6482003416537823,2.502014851824877,1.1156320100349026,3.325441317702853,2.2931962987351313,-0.44162570803937534,-0.2506893395118963,-1.9851697413370244,-0.8415193081478124,-0.24528837546810411,-0.39587142611790693,0.4406951557751554,0.05819126947162553,-1.5842832126206132,1.8193847267617016
ACH-000856,2.595331084369606,-6.350819450385088,-0.5351306271419306,-1.218992813118134,1.1505678676845665,1.645549947558969,-0.08321943001073216,-0.09911513009859414,-0.4366464425273476,-1.028685199808044,0.6504292918101773,-1.0169919904547924,-3.203498141456788,0.17261417557574954,2.5784917445350946,4.177453658280231,1.5628626712938836,1.7022086442659545,-0.1476792528598412,-1.9818410740819892
ACH-000223,8.400906779835434,2.214364910267088,3.010907277947844,4.2939680817475665,1.912957721457375,1.6284780516648913,-1.8152242414572188,0.8135718467668696,-1.0220152777025784,-1.009644305625137,1.4768416624569123,-1.1633375091693683,0.03288138730561507,-0.3793042658889951,-0.13424804259066636,0.18431703166150173,1.1247052145053689,-1.4034530622105137,1.5612832483650625,0.15527693383294897
ACH-000019,-6.742010165833827,-0.274305951851322,-2.7964866516887796,3.8031796367441726,-1.4744434262793906,-0.8699315305991402,1.220154484662907,2.1621878196202102,1.0873394653813269,0.5334580747783735,0.1290327611826681,1.5378662220233195,1.1853035790610156,1.5102736205916318,3.6055751918624064,-0.3044041617788506,0.06554287483234995,0.9934994868962711,-0.44589125343014874,0.4496532924088097
ACH-000330,-5.983555153099637,-1.1160013706929701,0.5400473113566937,2.6921535758877946,-0.700947656031442,0.4241349924370874,-0.9931161943049662,3.034668800476954,1.8665130458037253,-0.0105538470730769,-0.2253264567088471,0.7048530653693398,-0.6315763253434228,1.9251692970641179,-1.1851187692254912,1.0620391655344505,0.43835191845490057,-1.7730822025151947,1.5304668085533455,1.3248591343582814
ACH-000643,4.48913267615863,4.049736359195454,-0.6005097280295598,-1.501859561462749,0.8264367117541895,0.4377365472874104,-4.933551962195167,-1.0498467303553287,0.02394692461662578,0.21017318702388874,2.7247934431135925,-1.1496006632403502,-0.8989126747341174,2.1520223598134796,-0.50681817203761,-0.028981228697997224,-0.17678052035923414,-0.8034748297324115,1.8989271783467359,-0.6063525526114708
ACH-000573,1.3702094476435922,-3.96058052581328,-6.2087779404110455,-0.2982217386391558,0.832723911923655,-1.4748268217387634,0.845392518492703,-3.4145276849926103,-0.3999823530237186,0.04890756200007745,-3.950410626595421,-1.4892207592719924,-0.8591940875948064,0.7164006915256759,0.33665534819986936,-0.12333487993531558,0.2871736026388335,0.6898502368455051,-0.4665340140602382,0.9732042576369159
ACH-000711,6.134761659556768,-2.7343300802023727,2.4340847755024577,-1.122881184516391,-0.8326634743295368,2.347574219133152,2.3750394015546687,-0.29281005514365616,1.5259385707554736,1.0819794837557855,-0.9308250780028218,1.7265515758645662,3.0748571340916575,-3.747796368630919,-2.5530518193822327,0.8749268017602901,-0.4481390887782442,0.5895860756518436,0.9394007835816625,-1.1324231954638115
ACH-000248,-4.140583353979714,-3.9177105253407123,6.24745745770005,-1.553654861148773,-1.5150590039626173,1.4404175721406818,0.5940462820460973,-4.580869169699194,-1.7821463888509794,-0.6296113848760531,-1.0968444999326203,-0.4608422427742076,1.4675116869330795,0.0730232782053554,0.0294864580853438,0.34358886303226455,-0.11495516126954565,-0.85910535340972,1.139527429329212,0.17864926111564117
ACH-000783,-6.337104492570663,-1.7065854950606967,1.429485225712121,3.5173773913482576,3.461971151391682,-2.763437922525339,2.5926024733960276,2.10959207806928,0.7844689635281754,-1.2460636132623049,-1.171848177264203,1.295996466056379,-2.0562887043206857,-0.15026871988520657,0.17768168886272104,-0.2839444056523958,0.5118808618399354,0.4969114912160983,0.17472894294239466,0.4496791934688485
ACH-000857,6.687286626992633,4.3529270152113915,-0.6105038773342176,0.6052590616768496,-0.016581210433333597,1.7528364161529093,-3.861880422177943,1.7223094866457367,-2.0068480177699053,-0.11492475370685015,2.751601201526116,-1.6078187760282956,0.2737489139907482,0.7059836073471475,1.0241393273461936,-0.9094494938859056,-0.54682665966537,-1.122187239064657,-0.4954033533861949,0.3849606203492177
ACH-002499,13.360860878957046,4.51930505115726,-1.4504702172896147,1.2629975530945474,-1.5928129827553117,0.3994888499182805,0.970482331636616,1.636636712436147,0.05900919541483554,-0.07323052675459824,0.5563986912651556,-0.8791033555265105,-0.1785562238091938,1.083733180552758,0.9589001302621385,0.41946844195606414,1.76969721550002,1.5159483221278076,-0.7836523301244288,-0.6760121061367624
ACH-000759,-7.43129152992316,0.7336321108028219,0.9329233677801446,-1.1277820359442268,1.0395778578731472,1.653189446736138,-2.28132535613529,1.5100230967661146,-0.5823144900343552,1.4522488521189643,2.031161658654774,-1.7235280786204668,0.3235668082869548,-1.455327739965814,-0.4419116292706938,0.5334616730957459,-1.002812970137622,-1.6381815936169515,-1.2773578373671586,1.0707146300609995
ACH-000196,9.825321657135516,1.068308387931405,-0.8152735404620814,2.86712793136191,-1.780186909914464,0.3890306491235206,0.8081457819699777,-1.3107244340944932,0.27928564953964524,-3.816860997172245,0.948760410525223,5.290029096281502,-1.1644683336818626,0.40268910585520096,-1.161193711228173,2.898358017900841,0.8897198802506072,1.9308520765824382,0.15109804023735407,-0.4583576888423265
ACH-000910,-5.379677257239788,-5.194621028398046,5.287488967307727,-0.5261496090985843,4.870260309581884,-2.613191365240889,2.253181169734184,0.8266870623421685,-2.8132964394603284,-0.9764593119057381,0.78281549248341,1.1754519182474759,-0.32432793118484166,0.2721266180218975,-0.1854710445794822,-0.4001186436138586,0.7090413586344481,-0.788204874992887,-0.31445263113366606,0.0023853279440104696
ACH-000258,1.0873357222840765,-1.34760361549962,-0.6901075535034596,3.109182337133869,0.5997357337163312,-0.015770643201003104,-5.313750599032397,-1.2444143766461917,2.272614261379462,-4.413361161998214,3.2585107118399033,2.678654923607225,2.569475994399692,-5.485526079210275,-2.490596154061839,2.1161053684064903,1.257993889460942,-2.988908954080354,-2.3886387695347984,-3.0002877155073175
ACH-000691,5.518197935705737,-1.1843104670489366,-2.853489926262524,-2.068135118793567,-2.9614039997078025,-0.171381003884817,1.9713504860094626,2.69962690352006,-0.15851246266218952,-1.4568481633472379,-0.8215036367633445,0.3734077306908514,-2.043130295287822,0.528834038434995,-1.6387606166631392,-0.023442905039736985,-0.1581459147716629,2.5039223240734243,-1.6617846444567352,3.1915968208843184
ACH-000147,-7.0394003307581094,-1.9174033774422294,0.7627688594447493,3.5155125033003185,1.6620469052182743,1.5814460558618895,-0.5525418510071689,3.608269756756274,0.2278530541286808,0.5011633672899739,-2.6279222407937337,0.40729523373545384,-1.5277428660240373,-0.4541730604432728,-0.5135480380275042,-0.18072912922264214,-0.5397294017273985,-1.7475867099901718,2.1066262621754697,-0.30133694578037223
ACH-000930,9.939421470029147,-2.593737274574896,2.2975764677672177,-2.6397209415444842,-6.3001200391880054,-1.5418406645662752,5.232094739385657,2.984155030687018,-1.0354771163118068,-2.6925974328370232,-0.5433354672237447,-3.7784556042135495,-2.708604162660796,-2.3295825784796027,3.126887969503233,1.3960988919496862,2.214741028920664,-1.4946693975784555,-0.5718609104410919,1.7259111323363832
ACH-000374,7.468273450379933,-0.14962241347332467,-0.22958780640520263,2.2691117404186243,-0.2552179334374339,2.054724364392448,1.731637821111093,2.3799568167013705,1.574721843162967,0.23811296310515875,1.6831175160849507,-4.8290912201434395,0.2135226956679536,2.8360586237390235,1.1095602779739056,-1.6143966878363403,0.1362141469491797,0.635741953178708,-0.16360458943517606,0.3010370134902248
ACH-000148,5.536418277954305,1.8484962943488805,-4.47407021013844,2.2877605687937552,-1.0434608570135047,-2.7619098570406333,-3.4296388358197962,-5.497743263463127,-2.077920066988203,2.3325152818665456,-2.2523749172634613,-6.434950817974711,-3.4523413108916827,3.177170486709133,3.048390748158802,-0.5068022391596566,-1.3539237625677252,2.1931714937900795,1.4290066334734455,2.652786520075843
ACH-001705,0.911123302470688,-1.67752956710666,-0.5163830792943946,-3.4401513096905676,-0.34406811745919386,4.3611707523459495,0.19414430819684528,1.4669989465390176,0.273227668106745,1.763024572405213,0.11277071180430749,0.9606969634569819,2.0228901216051614,0.42821890718755745,-1.0339228023915978,0.2080939783498643,-1.7383301784982401,0.0968922510295666,0.8784526615646641,-0.050076709621469304
ACH-001392,-7.846264880002565,4.913135059392663,-2.596385101452688,-7.639943984860669,3.6808519355106535,-2.2960482575877705,-2.020038087518701,2.124366928316049,-0.17226350187546122,3.7733604325082304,-0.0899476394178201,0.07246494487543555,0.7060527906177486,-0.8666660930659364,-1.519882462291368,1.0561400448123337,1.8800741669600183,-1.5828495342186883,0.6001362678050087,-0.48375222465376
ACH-000668,9.301760418627232,3.1687824887698213,2.449392512838668,6.056788489507249,0.8742545224297201,0.9954915055959281,-4.083907132544505,-1.8809488342360308,0.3176668615412507,2.47578458327853,0.9894530079006675,1.310555655635769,1.7075796235658514,1.5810508592310109,0.6880810842712317,-0.9041247732701686,-2.350926246802743,-0.7178229280605047,-0.7294800275276028,-1.3452915964054737
ACH-000876,-3.744573119999923,2.954735424179105,1.852464746683514,1.1486636726065707,3.3211029958424927,-3.713222220243339,-0.968641880561945,-0.05442477464506367,-0.11895670639029837,0.07739083454522383,0.6531719020744082,1.020265928643864,0.3078334593232324,0.7187495083570772,-0.839266673747408,-0.5368541167163616,0.2275162236684617,-1.5436390621590952,0.2994280301753507,-0.019483959482734063
ACH-000699,11.693128080613466,-0.5672213159565589,-3.6045304586852316,2.343651569198255,-0.7991250622526298,-1.9831319431204621,0.30934428820299653,-2.714244791720485,-1.8864762801041912,-1.3131666139313198,-1.465676995806063,2.2990801144306174,-1.86256938786939,-1.9632519957934182,2.6151576148931324,1.1837300296200717,-0.9593761374202003,-0.7256793100504162,-1.9473717636700794,-0.08753523855584808
ACH-000044,-9.989464956955864,0.509364577235952,-0.8948300057755416,3.4502526670031335,0.6414543734006883,-3.828768421863047,5.989099273700497,0.19158655423722584,3.4749803412776834,-1.6015562214195878,2.2011781312337337,-1.5878662902690086,-1.115405495708272,0.1940337656882879,-0.6094626177927494,0.47675556291918975,-0.9009598629072778,0.2693048525080841,-1.4921025133133434,-0.9024876820684384
ACH-002921,-10.618072565307825,2.234937057438604,-0.3868636427150796,5.887342678373917,-3.9779094386830365,0.5109482741863804,0.9620911189941763,2.0512155119782998,-0.36166524522969035,-1.1204383304836343,-2.8300221823946905,-0.9468701074786456,-2.482885995817325,-1.4923343748951383,2.2157883758442725,-0.8422256062873951,-0.4923284824502762,1.9884119040891843,0.9538915133564809,0.6427061398813813
ACH-001396,-7.506393573476614,0.9051912846358535,-0.3511520753749548,-4.398392857605642,3.387726745337013,-2.472761063299584,-1.5090441601820466,0.7885165466917603,-2.8823736927860875,0.4749571741065015,0.4927428524450554,0.5657403788543086,2.7725363293522514,0.36188564818066343,0.2844589673946312,2.0847409810998867,0.5543459054468135,-1.095582473687464,1.0078622908949675,0.9452188786288934
ACH-000352,-5.4464357906250855,-1.8519474021445348,-0.23660009246481598,5.4800641387958695,2.105239271062536,0.5501413726492438,1.8877776636077046,2.572149511220135,0.3298860215245048,0.3612116415765624,-1.853031876206848,1.3411518874693862,-1.3982091475397493,1.1079200388017314,1.0023653651809483,0.7329274196418635,-1.647131480616459,-1.552797528925202,0.6413344678986181,0.4120150472549202
ACH-001419,0.2830604936998109,-2.5735034336663785,-0.35772488421612963,-0.3915592260839265,-2.2934902654272795,2.2592189389698647,0.5988767240406188,1.1531546201957352,-2.1478206940146536,1.353922140384703,-0.5393707720628711,-1.2044203524616375,1.803465585416397,1.2934718378139076,-1.7599680461128429,0.15158624749759564,1.6087750771034208,-0.9055677924933125,1.8641531792190666,1.5093525754248485
ACH-001390,8.63634290826992,4.84985491968501,-4.256222393055155,-0.7483602239335978,0.5820073177039379,-0.33750285916696277,-1.1309802636772086,-0.950290636966467,0.841391843180604,0.27662346079866523,-0.13277495316501559,-0.33906966136431765,1.9074866637222458,1.6657351683693904,-2.170008607123369,-2.1219383027224,0.7351329177619933,2.2973674232772616,-0.5594913682330899,-0.1762039870548179
ACH-001389,2.35488244767339,-6.701031254100959,-7.333950744706701,-1.9635599983156582,-0.15114119773232118,-0.4815572726423966,-1.3154714252639215,-1.6879417986136338,-0.5458187295666956,-0.047591915386855366,-1.5431802239286225,0.06404871744372981,-1.6605994042126793,0.043258066838426666,0.5162522319178978,-1.5704345213885536,-1.921851844523157,2.542266927077955,-0.8346130597928889,-1.0938475453203642
ACH-001388,0.6964055088965073,18.61335450920312,-9.916878550754614,-10.977841231730585,-1.2017739672765222,-3.309824630071753,-5.68023392312318,-6.360279092502137,4.771971642500477,-0.29974309883978767,2.630292675006927,0.7967652555075506,1.1098418006055017,0.4944532559135234,-1.7035102985572455,-1.8159576578105723,2.268942857597363,-2.2774506828927383,-0.9115245197379706,-0.46683407451327136
ACH-001395,-10.926288291855933,5.890963518817077,-4.4242332499091575,-3.7110986925065976,2.2900431060195365,-3.547699704202642,1.2948092644517653,2.291993608437869,0.41527495154257726,3.5837877694647147,0.15712126643948932,3.046906326732003,-0.9151087396899206,-0.811445802100439,2.403508109331321,-1.0622705396880012,0.25700171924988835,0.3275235582532241,0.470243763572879,-0.29913495258276646
ACH-001683,-6.95677113697001,-2.0309827620276004,3.9244193950259554,-0.30350027522062245,2.4443241446140878,-0.17614618909152197,-0.012580485859055815,2.9985662368826285,-0.46270504682455404,1.0615072288423963,0.4233291026085083,1.3578591341428508,0.17731608631515997,0.3325491662106172,0.9469996345051789,0.472906695477862,-0.2591808410546625,0.053491335150367886,1.2051964457509186,-0.5051871970980044
ACH-000536,6.761049386272012,-0.5852007107059046,0.9763744936433105,3.176111588110797,1.8106812854497947,3.7871593172311435,0.18873309076504546,-1.7218400897843689,1.3327444376659492,3.054958947798562,-0.5739580431210528,3.2757172141803617,3.1702366757433698,-0.1318312017999057,-1.9607241407161002,-0.7103005029666916,-0.7528778098281194,-1.9176999197813527,-0.6382296988974946,-2.0352483323792603
ACH-000568,-7.4827512915673955,0.5274067363844923,6.223468135907114,-1.6627790845582193,-0.4230919927732427,-0.5796881968588196,0.7065812043126576,1.8934023019334352,1.1582439035412149,-0.6076667531312433,-1.020522375488323,0.07288697166517559,-0.8327538574825424,-0.5224128059134492,-0.01916917849273744,-0.21879425952763631,0.31477903241154215,-1.6072365541561464,1.8054070727021216,-0.021914550984714776
ACH-000111,8.648201233307908,0.8872039772500383,-1.293624843884317,2.4659284832876525,-1.208522010635936,0.6804926280777951,0.5024018932578649,-3.1405530626070393,-0.13803150734423886,-0.10552417532316666,0.12274762304916084,1.915861218810324,-1.2447656956598918,-0.7436441706431525,-0.2902641357417402,-0.5933527916763264,-0.6445210429632943,1.5838227623256762,0.39129757425143363,-0.5651426066091368
ACH-001819,-5.0453792037802465,-2.1388811043029365,-0.35529959567275476,1.5610757457019302,-0.13736396456961064,-3.7513068187670644,1.985378005383782,-1.6994392202185853,-2.796143388700573,1.690445170132256,1.3420247376637866,-0.32280976212917095,-0.2148639279333845,2.261478368790976,-1.1983199472702941,0.47750619309981207,0.18023074931134753,1.2478002319877477,0.6319692623660679,-0.11389859233719095
ACH-002401,3.9924788992035234,10.448205919641556,4.396216511726164,-2.1150959084809564,-1.375941701135092,0.9653195690998229,-5.6430590170175465,-1.9361166485423111,5.111471557559813,0.3283000430525474,0.7581311656504295,2.0248085571881824,0.41448360491469194,1.9933692078813527,0.9783693449621516,-2.013177734432159,-1.3142834833513306,1.248568684124341,0.22285698526678416,0.5422916726841233
ACH-000212,5.016247311516361,-2.786209425037975,-7.0023016481558,-1.870073234245486,-1.3364255182089069,3.1287745905592814,5.006791343593902,-0.7295117560222291,-3.9860679457975317,-1.3959175680115836,-1.6625416543499323,-2.1307566971580174,2.8244234311059895,-2.0778331983950022,-1.8190159177400878,-0.5301014366466715,1.4023215405551828,2.8700731511088553,1.0101153227702535,0.7165709956972673
ACH-000621,3.6369269604048733,-6.998930653893769,-5.517487372168674,0.3660508171573783,1.0257785205284047,-1.3156168623632079,2.130386178639457,-2.370684485910752,-0.7496870195283017,-0.06560348122829379,-3.174670690942401,-3.100822607317743,0.9856615448791012,-3.4929628234805747,-0.053446493892708585,0.014731598323502394,1.4236363272129435,0.6291218736909799,0.15328297952094236,-0.3519802650294339
ACH-000849,10.527210999936097,3.881977973531725,1.7912793174866568,5.489486634741706,2.4005922114237848,3.2400917548119437,-0.47458523623763776,-3.02011497093263,-2.954685815346588,-0.39244276422077395,-0.4011740402527185,-0.37615695337733157,2.1273163147417398,1.4750034550594906,-0.004937659488438552,-0.9360462293127925,-1.3238899246465412,0.17051075541920643,0.800842547011136,-1.1623987113454806
ACH-000028,-6.317039983806264,-1.8092587856514548,-0.34399837314020404,2.236508833043529,1.0143662042857986,-0.16288491185266007,0.07253669506633498,2.177497354333688,0.9615040639596866,0.8941779071110814,0.6074273624034005,1.0743744518828333,2.3089795926411183,0.605485338630356,1.909137911135013,0.5706090436368286,-0.626030620809419,-0.18745085776133977,-1.18762120100687,1.641193796930716
ACH-000277,-7.988583289012208,-2.395557934450426,7.9085266318214025,-0.9240880266197238,0.06893074036257045,-0.8863060013988956,1.6331502559362419,1.046625057374608,-1.7455889860531835,1.8378745580292655,1.880686007406499,0.3464741173139241,0.31035258704332963,-1.5603697166153743,1.4487636083815607,-1.8113239269824284,0.15062219527414294,-0.8468421005278937,0.680061198390763,-1.3406485791461025
ACH-001394,7.989799746612153,3.361078875287718,-1.39380405697174,-0.44955107303575687,-1.0799521582857095,0.4121466335994741,-2.5060733593281617,-2.2194182853841635,2.0603046090942128,0.4689408034683964,-0.14721275295968111,-0.13136484185511754,1.0672070421850055,1.4385063587526283,-1.8063632569525003,-2.878953688090484,-0.42304699915192906,0.742133022818804,1.261769693124941,-0.9769432598425046
ACH-000721,1.7731688440946876,-5.817978924995593,-8.234618387147954,-1.9557930631243512,-0.7211119597309267,-1.8639787036157671,-1.1035403944397189,-2.7183695834709076,-1.3243675019120005,-2.0062665357431153,-0.9926753807268806,2.3853243837096527,-2.9268764981334328,1.8272770735571888,-0.19165869413182987,1.1806485149904933,0.8685773837183959,2.408175277646403,-0.9221527398540413,0.7291484734552696
ACH-000902,-2.9834701619186967,-3.141848285579523,2.6889005262403103,-0.5950707550238459,2.289333724401857,-0.5150791539064574,1.6105152902375335,0.7028140409887393,0.08786762646009112,1.3326780494190928,0.29240532383834267,0.5734712609354494,0.6685931344783564,1.7831128938581189,-1.6178473770092336,1.861415118007074,1.1264712782254658,1.6611767202687324,-1.5695499625553408,0.14087154563098375
ACH-000097,-6.331147729837589,-1.0588075042736036,1.8206496943744064,5.676430435732835,0.9011707622200119,0.49412241578110533,3.8856503704951093,3.192085381116833,1.908759434025572,-0.048556578118181974,0.5439881554355996,0.3736152889273622,-0.692069964598819,-0.883918135610502,1.8918120547047368,-0.9475849421544309,-1.2637076527929463,1.1258275626278325,0.04751137837134345,-0.8203962646232454
ACH-000927,-7.583852542005072,-1.646894660451279,4.6470037180854815,1.3907070004848865,-1.7552835822951443,0.40686917387766375,2.120557883762673,2.3091708298736906,-0.11526420247393077,-1.309077670525908,-2.4401886869772693,1.0449949848618258,-2.205985157573651,0.7324594832071968,0.5389672272040363,-0.10299264913037386,-0.2413637551920381,-0.11327568951170121,0.8566124981833629,-2.4441698955947473
ACH-002399,4.102338003826237,3.8740837210628865,4.7787317302732975,-0.17486460930347011,-1.402922158470803,3.8633133651335965,-4.323127894500171,-0.0005889575393461577,1.6290602136516967,0.4967220419547147,2.9443344527544983,0.20615499283627572,0.5514929925889498,0.9529642882966713,-0.36110969823808825,-3.2272224793930535,-0.442852869908788,1.6044815480312054,1.3321720399184793,0.3558134488229186
ACH-001391,1.694874397873292,-3.8932984725355655,-9.391465368661834,-2.423965574869795,-2.2783775655397833,0.24332063419295313,-1.487856999216178,-3.8842930376923057,-0.24496766444956933,-2.011453641504842,-1.6658845915462326,1.1738051474542421,-2.2019472886112976,0.7728200732148768,0.7145031372995462,1.5825421818829972,-0.39515835586829956,2.4468748798407773,0.6817916493851172,0.08178244919802073
ACH-000768,1.2818905544839716,-6.48082084856709,-5.075231791205258,0.7131002123529723,0.12455126919731778,1.3649563227151937,-2.301160779624759,-4.049616613540395,-0.7301181448138383,-3.641727476195464,0.185346385002816,-3.9646215394124655,0.2646513737891309,-2.1294997582405752,-0.5135375797580858,-2.1432363424036565,-2.3027985787660987,-0.2983108970729558,-0.26999240069787317,0.1748974287186888
ACH-000288,5.688170355654837,-5.651521520171124,-6.1401416259255095,-0.3768176147938633,0.265059997845573,2.0865763665547954,-0.4509818476237825,0.28921985340058126,1.096886509014974,-0.4865998712490468,-0.08833839612796289,-2.150889977308096,0.6881021811129419,-1.9915052871228802,-0.9427107286684516,-2.2216259476897964,-1.2862615832610456,3.095341538238103,-1.8715048078031669,0.42687515105995893
ACH-001662,3.586663132874457,6.439165108402525,-6.6780770823963955,-7.841699123792051,-3.27236537887592,-3.9059203622168868,0.6061516613362188,-0.6801597675350537,-1.2744130509618459,-1.0289619561026955,-1.3320458133526836,-0.25233455410051825,-2.824271454069814,-2.836000269778578,-3.0644724670859205,3.11141103864837,1.0043648579795017,-5.2402174973895415,-5.199648563896574,-1.1828552451181014
ACH-000934,-2.306388916482004,-1.5061342636309767,5.462356313460939,0.25549199734943323,0.80202729254641,1.0147690340206357,3.6484887589215105,3.8051123909556375,-1.008696684464451,1.165314774606884,0.301544437547201,-1.3865105945716938,1.24975192977131,-0.024935239858628635,1.8691863937879105,-0.6630907826664445,0.246793018113826,-0.9602826442590906,-0.3343123787312084,-0.46342071981553146
ACH-001393,-8.720817367259642,5.494213463003765,4.267093240076763,-9.186181057699033,-1.3389797651729896,2.205331129815175,-1.4682119779014187,2.4703544653725347,-2.192037778791476,1.6436887073662492,-1.391344803633495,2.066129253425657,1.090975993108951,0.0947318785058335,-0.794439805408494,1.6172191649611884,0.810385649562971,-0.3446522928932242,-0.30715269594510897,1.631050527016449
TCGA-AR-A5QQ-01,17.886893500813013,1.3878139044234605,0.5997909473958812,5.113922434961485,2.280922089382786,-1.5018065968877767,-4.090026177090987,-0.2985734515812188,0.5906861263272235,-0.21622672334899684,-0.7793384026914877,0.33598180350814394,2.1048050478581275,-1.5141939131649753,0.08108637451102846,-0.7793661833904146,-0.6467576997200897,-0.49538033263895975,0.9979350479341665,0.6517058912871347
TCGA-D8-A1JA-01,-6.1264693194673026,-5.169835646451546,8.10396326523113,-9.175165971665704,5.447117803381944,4.760671657522128,-2.7110306036637075,-0.3789343580795563,4.0419283818586615,0.8511950587272789,3.307090393949607,-1.127674619956752,-2.937229553817144,0.4797542086686314,0.7414338132886042,-0.8565291550187292,-0.7649950133613611,-1.2835587882726576,-1.1514993638348119,0.8296245660411666
TCGA-BH-A0BQ-01,0.7493565838790367,7.54655977526114,1.0276950928317703,-0.05333301824903656,-0.406293990820521,0.615707999500203,-0.05038522049085723,1.1187523623885613,0.18325071652606612,-0.9221658630525654,-0.48713622551037683,-0.1448987821008206,-0.7725640872453954,-0.06174447087020477,-0.07452431312363744,-0.371337590444819,0.21594556130242784,1.202815799727729,-0.7346785926003541,0.02196134806576412
TCGA-BH-A0BT-01,-1.4007256345403614,4.8126177536711285,2.985190929884492,-1.009305380937439,3.039306056929437,-2.5549242954045597,0.5386860052344806,0.8786012105965321,0.08352052287228394,1.4167286324139041,-0.36738465454900937,0.9553258268191753,-1.6272650295818916,0.6748157421567517,-0.7099133934323636,0.15368989972810815,0.357843007908565,0.083938427516839,0.512411091243336,0.9923069546239349
TCGA-A8-A06X-01,-7.426441228162664,-12.50342893128108,-6.62241810338335,-1.3996835220631063,-4.830711158529329,-2.381146517965885,2.070989662983249,-2.9747150547282177,0.5652608588797591,1.5884386519841962,-3.0579661326355425,-0.8072556040463685,1.1902937183813225,-0.1806685811891322,0.4513035976447857,-2.7286621179302712,2.694305454339134,0.5519993139651084,-0.6895199009892546,2.2856400930780945
TCGA-A8-A096-01,-7.282104799280434,-3.8725400432026995,-1.8456633022133135,-0.6586741477565631,1.9833103760756952,1.5922529341437166,-3.366285412300044,-0.12941626658505676,2.275443305675304,-1.263292771234193,0.45311077734402566,-0.44325527647806784,1.5256177642186397,-1.6674162081677921,-0.3263801922158565,-1.322237986963201,0.45808062745111433,0.23895081990371214,-0.2803589312192878,-1.6335558770340066
TCGA-BH-A0C7-01,0.908969221094404,-2.065286788239249,0.1642714369291784,5.8446995260548675,-2.580981868452933,3.5881034665000295,1.9002830550952665,-0.9497321523472387,-0.6967322268842334,1.8741891296447089,0.43509245183586925,0.9184420680313702,0.08235845617245423,0.7323166741179712,-0.44881732449588296,0.25885100861752375,-0.3382147569483518,0.5993370231605487,-0.34259298407309147,1.5830995676508175
TCGA-AC-A5XU-01,-2.244146124631337,1.3275019130276178,-0.6303769887527282,3.042774197488039,-1.953174103866822,-2.068664803038338,-1.9628118007625983,1.643282989290931,0.4902797155942525,-1.0701893923054098,-0.9288610878721039,0.5506752773436743,0.03184318579474691,2.1628623465079024,-0.656823046362623,-0.7961169354252472,-0.458313586972873,-0.7951401618316044,-0.2071533903482929,-0.8745368884328849
TCGA-PE-A5DE-01,-1.4760587174956428,3.2326055562494784,-1.1886643876270295,3.321882270459738,0.4010082872588087,-0.09085258431803755,-2.364003636718938,0.6432275727647161,-1.4570423753279507,1.4049558761530117,0.4549392207944388,-0.715501762607786,0.5385160092550921,-0.42097919725980654,-1.6418641678780588,0.4506000332882402,0.08864450715483373,-0.16241413648398637,0.8265636931761479,-0.21021233705864914
TCGA-PE-A5DC-01,0.24997890729646732,0.15120667893391618,2.5384998774703544,3.8275526324649682,-0.22382588042655352,-2.753511004524508,1.7900589907359312,-0.4174193327518555,-1.2282130448175579,-1.2734664534447477,1.030488116000107,-1.4027974210373535,0.746791440847108,-0.6203948648565883,-0.07487377771523854,-0.1347459528939703,0.4489732498669923,0.6398823228784144,0.8262388824063542,-1.2025467066840803
TCGA-AR-A0TV-01,-9.57828874319337,-9.843034047403485,-3.203448911981434,-0.06134658918298256,0.87734204706993,-0.43058905048429696,-1.6780521098222683,2.625053118745299,-2.140810958537253,-2.377348379312614,-0.42215093868919357,3.292861787212217,0.888897343284565,0.7682469530129286,1.7661994995769468,0.2757206433405389,-0.7842651614257936,-0.28316196475802224,1.7481988509453943,-1.0796699673494257
TCGA-GM-A3XG-01,3.3825557992970934,15.561108934225238,1.8443325698135942,-3.233070447982174,-0.8210602244039436,-1.7795385275336766,0.648359373541791,3.440760461847873,-0.5711564018145496,0.7300336772665262,-0.8861495775092197,1.0758950529896663,1.3388564626140915,0.6560413524505303,0.6729748063777657,0.9139336047826939,0.5088699994687454,0.061293192819394576,0.34738981297504773,-0.3644460654128554
TCGA-BH-A18J-01,-1.4264564261593653,-1.0229025845974167,-0.8181121433587198,3.539184562675453,1.1908739029313968,-0.6817485218214027,-3.4563609638672124,0.32227463771609766,0.4800352379285485,2.7452823458044255,0.9238549163765616,0.9613651421057096,-1.2110281981055413,-0.4568318559741024,1.3464390604671614,0.7743475566867013,1.1378188743305118,0.5560884550702461,-0.6604034456406486,-0.33868107313095425
TCGA-BH-A0W7-01,-0.16782041763499753,0.3353852231650646,1.1062743853846322,1.7012405243331405,3.5180246577135055,-1.4973847133937297,0.4056774399470482,0.32695030624071864,-0.4000705690454898,-0.6952863996010669,-0.7473992050593832,-1.3351440410122686,0.20661515629502522,-0.6834954025563779,-0.5896391060643552,0.24356220500369688,0.8952020274873608,0.25218849606334326,-0.28544005510945086,-0.6879441617046788
TCGA-E9-A3QA-01,14.041220924263284,-4.759050887493274,-2.840133511539111,-3.0761055951986664,-2.0032016874048932,-0.18571256130615302,0.48804648891570074,3.4865457579374395,3.1578260901137476,0.07856888603293585,-1.0061151045863503,-0.9547340053215436,0.7315858356395992,-0.5165920936138394,1.931605595940866,-0.4228285064219348,-0.1301856456582754,-0.3934113833591274,0.5514523503567306,-0.24910331933039723
TCGA-A7-A4SD-01,16.05242362257982,0.18527119939938017,0.19082836681025614,-0.8105914284426087,-0.0452099750926462,-1.6041086215856433,0.26573003910848936,-0.9768945091622693,2.2668623965995685,1.5232180817535184,1.721115332817477,-1.1535513125236507,0.49506826476373467,-1.2705372445751015,-0.6899857352274433,2.259979449939165,-2.070436362860537,-0.40780971453432885,0.04958423773083048,-1.0672242478285574
TCGA-BH-A0HA-01,-1.3790778900901217,5.2289806652614494,-0.6504544272295504,2.606361837254408,1.6498206496860182,-1.6242784657185705,-1.0684701908321927,-0.17672694182941165,0.04041931500515165,-0.545079055595943,0.3781511315220521,-0.7218412640462701,-1.0528202165402907,-1.3795371747678582,-0.20920420033851872,0.9390696879337523,1.0695008766668306,1.265300750311002,-1.1258775695529146,0.459663769869967
TCGA-AR-A5QN-01,-0.7159787886605279,5.6711777581926635,0.0664622578663853,1.4079903732321766,-2.790598089823252,1.0165134964248739,1.0656931854778355,-1.5372536396594227,0.9245226334452077,2.218893058021145,1.429836372292875,-0.5041515448385855,1.311167877958587,0.9091715976089908,0.0681151791556472,-0.6047715151438591,-1.3933993337951371,0.46973004131756346,-0.15410395938414917,1.0808060420800494
TCGA-A7-A0CE-01,15.867803876126201,0.13642039244482623,1.2715038706331794,1.4812061833028054,-0.031052050409611058,0.8818651811925645,0.41739549648391744,0.735998303859856,-0.599985427225922,-0.14441709990494045,0.9174860811891494,3.110250492895385,-1.5314193230633018,1.4194397344022152,0.7545250287142451,-2.122803038617759,-0.1510683983174798,0.11235080414407238,0.2998292654803879,0.5405663254907713
TCGA-AR-A0U1-01,6.911674717193698,-1.1351077910975795,-1.0348972413285467,-0.18588802388446596,2.1204950620097973,1.1226893139620742,-2.0589199389860138,3.0279612018230697,-2.3774560191083105,0.18361689982689533,-0.34610805433607095,-1.4262823516146534,-0.19984805418971333,-0.7191266958111476,0.9657548261384262,-0.4725801293659824,-0.8577325223177128,-1.1344733930532254,2.111262068053969,-0.6042416860274648
TCGA-EW-A1OZ-01,-4.701840039667008,-5.661440974560421,11.093883756268385,-2.9566128368413866,-0.5957196588152919,-0.9678932014760826,0.017090698285228825,-0.13892305538935232,0.4443915937579019,-2.0885250197361107,-0.5814104317040276,0.8402458933224503,-0.2661154445008456,0.42406384392246776,-0.2692502066127489,0.7765185236885247,-0.7521784218316006,0.9437062435280161,0.06253549972742911,1.4134559328108154
TCGA-A2-A0EY-01,-6.838344352339832,-5.661762821721457,6.004902538445868,-5.011369908877544,-1.6308083832999425,0.34355633433373645,1.363623808725934,-0.45779906370194956,0.21623337364729606,0.3070811566047942,0.9560085435289742,0.2366593500208285,-0.46918498453561897,-0.8172661244979568,-0.662416627711607,-1.394219702295136,-0.28913241402173884,-0.37343740533897296,0.061648214162087184,1.697107243281267
TCGA-A8-A09R-01,-3.698092850548837,-2.0668380048889623,0.33909709770320723,0.9351844274305263,-1.0602606012506224,0.8909863596430555,-2.762576413723576,-1.7158846880927296,1.2134701594625679,1.0307178105957535,0.7006402089944261,-0.388029627989888,0.5743631782479031,0.4019912943589362,1.3322141228656332,0.536891020401303,1.0556152180090945,-0.6974914231900287,-1.5445040833817554,0.35571951945963787
TCGA-LL-A440-01,2.822979242166651,8.688796374854391,-1.5771092730169738,-0.017187677917258788,-1.0215657547010135,0.5821144741758936,0.5003030519444134,-1.2378544198426342,0.5989894948601979,-0.10349819605946121,-1.0467139675041788,-0.11288856747456978,0.8105086579483436,0.16365267160242505,0.6033833793999182,-1.1473580134524615,-0.35954352630554226,-0.3037033875929533,1.423785479958799,0.5153799294496335
TCGA-BH-A8FY-01,-3.8851052133409065,2.728595374555851,-0.6426327140306222,3.866891638986521,-1.8621419468282094,-1.8208682149506525,-1.9147466037119334,0.31799413687478273,-3.8379583017536905,2.9281935785609075,-0.25426414358125266,0.6559082885062721,1.0705313165038544,-0.5374947022889901,1.1118840958942333,-0.8108058488713025,0.15762870445863641,-0.7179777133526825,0.9224222415146411,-1.396921655836606
TCGA-E2-A1II-01,13.511049609746497,-7.30739309149264,-7.485036486062485,-4.473729043730919,0.820537413848362,1.38142627997335,3.0552942309405884,-0.20338600790745676,0.19077360735303664,-1.084428120707855,1.5988870502545975,2.846980443245849,-1.1192070262158489,-1.6922013992717775,0.33395748021094585,1.4693119457033186,-0.4800279027351992,0.7019884971567273,1.9965733571335063,-0.7947302309255554
TCGA-A7-A6VX-01,-4.20037131205577,-2.031850204352568,0.1881295384625792,0.37356072072470353,1.3019449229263602,-0.08414286444518856,-2.073862957331385,-0.4793316852008234,0.5097004033019571,2.329944871145014,1.4945874098742118,0.7583245876249151,0.45041793655421436,1.123068225981636,0.33390463923161645,1.2844908291323796,-0.1438574005445059,0.2637904485359832,-0.44034692442249923,-1.3495694579098443
TCGA-C8-A273-01,-0.42215780962727134,0.965946273378647,-0.910166525274658,5.078870481159078,1.598155558671189,-0.18963251601372336,-1.3204724365526008,-0.5966846855405705,0.41999188510439556,0.37023973288059636,1.2805038810684157,-2.111633026040668,0.5599458733544722,-1.3361421763574954,-0.13590095713404723,1.0777663109145734,0.5561219424313182,-0.8854357529926234,0.08874142828506638,0.7529846235764628
TCGA-BH-A1EO-01,-6.0251841509361785,0.5478207749703846,-3.3733998384212796,-1.4893338670245773,1.2532024664539851,4.650070771055225,-2.9463400572122795,1.7713682295240087,1.3186885009156888,-1.7900770483853354,0.3850170628767461,-0.7045543378687082,-1.6349115835957146,-0.7580530916061731,-1.2569288358098392,0.7569185284868136,-0.31869476697098237,-1.0115002793915095,0.5759088372918338,-0.5286128538528359
TCGA-OL-A5RX-01,0.44715738934301397,12.59650292079895,1.505446306016669,-2.0721516602305634,-1.5959244346727919,0.01666181944594234,0.8046408497429327,1.5373945154893536,0.08438911871166659,-0.45897745109075555,0.10808462591768228,0.21969231612878776,0.14784084366212139,0.5500366876502895,-0.7180128726979637,-0.941515352310977,-0.5829059655553203,0.17250858046603437,1.0984565119838987,-0.3910372772240543
TCGA-BH-A0B9-01,15.518892257262568,-3.0366285985540267,-2.2856909940222128,-1.0576363451569488,-0.16022228045614412,-2.8270877988004677,1.0125330486118336,-0.9924732064416715,-1.1189173150711464,-2.520395293820199,-2.348888132845671,1.4507702024808744,2.7579835883793553,-1.2044225651756193,0.10689563095621053,-1.1852222710630818,0.7701885962723429,0.34430871937031915,-0.8512992475081812,-2.335775662339127
TCGA-EW-A1P5-01,-4.822809923431579,1.2246623467425037,-2.820035716725109,4.093049647227311,-1.067659798451295,-0.9454559819137168,-2.7833632630730465,-0.7860059037148907,2.972553951055593,-0.014330433271976448,-1.2666128484154646,-1.3409157526261317,-0.5003188066403974,-1.4269241320249166,0.5877799366693095,-0.3074572932138427,1.773465480117779,-0.8868462176595824,0.4919603944136666,-1.0262622913850303
TCGA-AO-A03P-01,-9.532475683206817,-6.562282659995251,-3.7651243262334244,0.8049227206696445,-3.167364025929596,-0.34499855542486224,0.5032736273437386,1.1014428150694529,2.551354036023783,-0.9060933978483753,0.5466417110752322,0.8523953925241707,0.7879574389990986,2.0594280594306484,-0.35081023902765895,0.9259798714421156,0.6248038026009244,0.7255006917311198,-0.6640921021950695,0.333831636580911
TCGA-AN-A0AS-01,-7.504651348203136,-6.009748847853908,-3.6910227483719273,-4.5907038001947935,0.26671200249388805,1.2060436376141155,-3.273696520991189,-0.21565275239287093,3.5040483127009208,-0.8147501589965551,0.03311342029030584,-2.227313835874459,1.504806048738412,2.5323259920315335,1.2398788276011719,-0.7873669582178778,-0.679195171584102,0.010086921272306126,-1.21997845166557,0.6626824897325514
TCGA-A2-A1G0-01,-2.998866546608691,10.076057573826477,0.4610680447317112,-2.5445403742831494,-2.4421388415268956,3.4374087208105246,-0.6369561339928231,-1.0466034479286628,0.4191523582782436,-1.9483576149933746,-1.7393543875034023,-0.36506860373773203,0.11315709595400061,0.23767485985452436,-0.3117675117807264,0.6448272317673035,0.175787752404003,-0.30516328252940145,0.23267746435776426,0.4743495230938798
TCGA-B6-A0I8-01,-7.421760856983393,2.7373753648506187,1.6318119208343607,-2.67923266880254,-0.28749106083140524,0.13088992402371957,-0.5562483358869684,-2.9575440718664385,-0.04551343305461924,-0.4309923957495845,1.8364922327161655,-0.33226966373262873,-0.330145398503913,-1.4475004916942784,0.7432882153504627,1.3484581844353074,0.3642411111688673,0.38437546902580505,0.12103427383726995,1.7687816573172523
TCGA-A7-A4SA-01,0.3319625234265739,1.7757914911342383,0.05755853628401435,2.186875399763121,-2.7098740050147776,1.1344712635152228,0.4081718945999495,-1.344882228694344,-1.0589542890576744,3.2269529876394323,-1.0659708029804558,-0.20468611367067557,1.5191467209664298,0.08242689417468509,-1.3432436355771462,1.0287564879925262,0.29664085814496843,0.4840744329145823,0.2238714761757987,0.8296571240593152
TCGA-AR-A24S-01,-2.197548843066613,-3.1572823859656887,-2.9032387663988333,2.608646927626304,2.652329226011231,0.8161346650289035,0.20967118999384668,-1.2489685318277646,-1.146010676922115,-3.169736018162746,-1.1549484835463575,-0.11572080371221517,-1.5278776701111874,0.8744823012150836,-1.3448052467590466,0.11498059643905284,-0.3962939584693123,-0.07239674906569864,0.20979720820121595,0.23257891299272496
TCGA-LD-A74U-01,2.242749480363317,6.510411548764169,1.2203324244051434,0.5481297304796057,2.534355423509709,-0.7191821140579868,2.98231710142118,1.4958417505387762,-0.9034533487370152,1.460871236654675,-0.41830332142385984,-0.7687621423525914,0.9326201206207584,-0.36047604683900797,-0.8402972926712541,-0.1525949377752313,-0.44499035367378265,-1.2890626180446283,0.2301484740683147,0.2533758646734117
TCGA-D8-A1XA-01,-5.748596937370355,1.1736870861682183,-1.7512214267436592,0.045826486282667965,0.039375299654883206,1.9526740925998136,-3.0146998447816604,2.387594359117028,1.6702562630231739,0.6789799877927855,-0.8527932862440828,1.4550084093536662,-0.2512892477485384,0.4833255856859966,-0.4336559078662232,1.433262707418151,0.9741977310296087,-0.934819681632968,-0.1177764703483414,0.7294651000843251
TCGA-D8-A1XR-01,-11.06792875474745,-6.420981555730611,-4.099400130708238,-0.8507608017820993,-0.47702440765665993,3.1425545108455295,-0.43776743410287017,2.0617844204644453,-1.444230874764121,1.0202467162028794,0.08714961539169871,-0.11163796549949956,-1.1450875476476257,-1.9308711774174765,-0.3249840249953917,-1.0719330610968,-0.3445480202097493,0.8583780098093029,-0.2550496254096521,-0.42417138684070876
TCGA-A8-A07Z-01,-4.504232942326715,-0.26997928924907066,-0.3640404544491095,4.138842042644113,-0.6562189785958931,-1.2832201604505995,-3.1671147763382512,1.4518827926616813,-0.006480027969348797,-1.4191515203183052,-1.1567133889176928,-0.1053333444260502,0.8089773452223958,-1.0991687722114336,1.5384217377530949,-0.4568344116190213,1.5589985548484615,-0.5011692825956628,0.12526332841466192,-0.15838988292328604
TCGA-E2-A1IJ-01,-0.8041741362053478,7.584619813768226,1.2545073596262202,-0.4513300792795196,0.6066393921269319,0.7016968295047872,0.5871861939263278,1.2555444113438308,0.22507222527428594,0.7709208586336962,-0.7784918718638795,0.06020311524491723,-1.1609449180452531,-0.9348402400870128,0.6106750406041307,-0.7601815629419542,0.07629825157467304,0.7056620139374318,-0.1191443929540203,0.14237376554753406
TCGA-GM-A2DH-01,1.6277702968375747,-6.46214692406219,3.0065326473384033,1.7065550379281087,3.881362579237809,-1.4684675096294948,0.6537254803170538,-0.9449237828583117,-2.0462842102629164,1.3486798113088088,0.9215281594199106,2.6663776448536773,-2.013802858692377,2.0787928826026087,-1.1861896387711666,1.5463625792621487,0.15640072873901675,-0.17593636256142736,-0.7372932362763971,-0.21054483173444116
TCGA-BH-A0AY-01,-6.841191571913644,-6.64602430896416,-4.481808806413526,-3.8104935600025023,3.865616535816822,0.42540664135543665,3.0867854777894554,1.8854359947413089,1.8290856076188882,0.8643980097553045,-1.7146241354626184,-1.8510645620215092,-0.00015661351395767053,-0.9557134352436973,-2.2977037513478518,-0.46033162562027446,0.10206545513457561,0.7195712706963499,1.0735927882905523,-0.0931764649237674
TCGA-BH-A42V-01,1.2727588939232892,10.914881630962528,2.141150912168793,-2.3536929917952447,0.16328416300913068,-1.1551161750664747,1.657610627103049,1.4493861916925992,0.5818007852187087,-0.9609044490815061,-0.8709976198841998,-1.2500816703193205,0.8121143714888004,0.8329289347804182,-0.3312035822602522,1.6836723035545829,-0.5336411196599009,-0.17515407928121104,0.11853216544807384,0.04797474407495742
TCGA-B6-A0IH-01,-2.316706722135121,13.204912021216478,-2.80573025824115,-5.565585538150077,-0.26111372623727863,1.5540089878660566,0.26458417230475684,0.1378764406370542,0.09337219043003278,-0.45144313796517577,0.205456676064974,0.8349554849001931,-0.030254393461372535,-0.07585963457056721,-0.4192669305355826,-0.36367993120218234,0.07904634131761554,-1.0238243214036244,-0.07083960486655487,-0.8474792408994212
TCGA-A1-A0SH-01,0.048439823354702476,7.093935578620499,2.1449367928261087,-2.588959377938616,3.505124200899372,0.24205468825950893,2.045750368850307,-0.6102736404951244,0.34441024792469027,-0.46365318138023404,1.6869559799106575,-0.46143630653558954,-2.5729709709044966,-0.6415429266228672,0.652764641088954,1.3842251578884148,0.9144322662274083,0.6143814062119456,0.05651555409133567,-0.5172756052858459
TCGA-AR-A1AQ-01,14.683007586036819,-4.005646997793693,-2.0128237673565024,0.9116348062698729,-1.092260933035687,-1.8313500924351445,-0.6728650857583758,0.17032053935295552,-1.5454270867126407,-0.04504418938786125,-0.0075164119872258755,0.5979491714667222,0.11242151810455395,-0.08935275661113672,-0.3440438362657129,-0.5420859849242669,0.037602645144693275,1.2231597986379161,-1.3906795824052802,0.11578283426561543
TCGA-A7-A0DC-01,-8.948472085878159,2.612635071001187,-1.038370124539703,-1.5228679841501682,-1.9426803358679074,-2.743850706535928,-0.3356736328865485,0.054156522445007196,1.4431844672356686,-2.8286526765498277,2.1828495076741765,1.6365236185933936,1.3138676080145864,1.10380936431633,0.8277873677014186,1.0681827788875886,0.15122917450029771,-1.1643720089274647,-0.36591401068150614,2.025926341016314
TCGA-A8-A07P-01,-6.141442420016181,0.06036387745960491,1.781862477322466,1.1345970325531696,-2.4089453511204613,-1.4505220337110274,2.4936838122946687,-1.1327353756128953,0.36352176797853397,0.22598209140873096,0.4640088916993468,0.6812480337835429,-0.4765172376837596,-0.5888425561560366,2.846062953129608,1.156914989868252,0.1827731272730104,1.6117810540908684,0.5952517831345643,0.01906495071220469
TCGA-A1-A0SN-01,-1.9834097034908749,-2.7641569267172863,9.75089648838527,2.235694705550717,-5.523686748388708,2.083515905088307,1.394336141408461,-2.8822213028052,1.0479658677450614,0.7600687842224149,0.47139686803310943,-1.0115475470701052,0.22794114225034764,-1.5948447338212712,0.3194124976760607,0.8166602682987188,0.8195665957891568,-0.5907993057086197,2.5672535963965886,-0.16394335502786228
TCGA-BH-A18T-01,16.35652665529875,-7.202338053699831,-2.279349136877606,-0.6973286390522074,-0.6481083162803063,-0.811501437404207,0.8499876723248246,-1.2858967503030085,4.280512750914717,-0.462121966704469,-1.4964477532841605,4.244924118435565,-0.4290581253836834,-3.153386190858608,1.832051167295597,1.2615785856213069,0.6676320145396091,-1.9218479118747207,0.0486614117989929,0.415666767885791
TCGA-E9-A22B-01,-0.5943990088827066,2.0620514103634506,-1.5986486945672502,3.1871854770771346,-2.5519873951969885,-0.642215131468566,1.252277809996354,-1.7124384854518968,1.7456139812006568,0.6707830507681272,1.620084879022733,-1.1458578215515032,2.390541690989261,0.16969452280795175,0.5132368771646603,0.9049671434685245,0.6014226591514413,0.4876477533520749,-1.1917414592680957,1.4947448391502953
TCGA-S3-AA10-01,18.20063799816918,-1.4005939957783038,0.5547691749131127,1.8166293208264392,-2.4818525839654044,-2.5752569991567955,-0.06962858930713858,-0.9359676457752866,-0.5067792073158738,-1.0230780136807471,2.6756043761850163,0.12588933577477252,-0.6113579932204211,-0.5177543262437269,-1.0107054323302371,1.0724918124247291,0.04111413711984741,-0.8356735686843632,1.9958584874252088,0.6823719184193038
TCGA-AO-A0J9-01,0.10532247772248962,1.9517732350318866,-2.858339588081706,3.102369492132957,1.5300396962898812,0.6102858870737544,-0.16039264867742048,0.6128463797258259,-1.3935188911757654,1.1782640116909777,-1.0046550650895472,-0.5837390228971561,0.9591790515695339,-0.691555079720827,-1.1691961850919401,-0.5939169755955138,-0.009389810834053438,0.7357135449700477,-0.6448202906589257,-0.1555797900279882
TCGA-A1-A0SE-01,2.3340974925082083,4.684846599834974,0.8833798938166277,3.2769246901344213,-0.15915292369751088,2.7330417539805287,2.2013856667715186,0.9988031805103741,-0.6354078204436769,0.7652305158533641,-1.33201243929345,0.23786739299527662,-0.27040689011367036,-0.5503310670810263,-0.4948698420387944,0.10014270828702358,-0.21245462650596958,0.6718506038100069,-0.05871788231600298,0.06484251950154955
TCGA-OL-A5RV-01,0.5610848590057749,11.1094249369467,3.715389634533718,-0.42075694343972964,1.0335169988985435,0.023727019325110295,1.4180836659717755,1.7828858526223066,0.9952293022646589,-0.3912696675707903,-1.4335577451280825,-0.26964025562449007,0.24415487493030902,0.33982973801659677,0.8167011830300298,-0.6761392957649026,-0.39088175283463633,-0.19738626791510772,0.9628872707181224,0.2544383104795635
TCGA-A2-A04U-01,16.197147787352613,-4.7694618304549685,-4.967340216594138,-0.8151491008048279,0.05668320187024174,-4.354850562221255,0.15097028504305937,1.8173282390027703,-3.219593005846472,-0.5484315356676135,0.8613707645478828,1.207473844631474,-3.695657956509921,0.2565025846558144,0.11276519436312164,1.2072409787690284,2.913675764861204,0.896152637146413,-1.1361352694510385,0.8421783005172441
TCGA-A2-A3XV-01,-3.7479884690529897,-7.443210646546047,4.9019621006060845,-9.118968133296686,2.6404853461092044,-3.5631722905172065,-1.9366118380522257,-0.07431759207694111,-4.134802525730008,-1.6086177468837815,-1.9593275608374259,0.1744931429009164,1.2564962532646011,-0.025141397612337576,-1.6816212856031192,0.23817099893434318,1.3518580274407943,2.5212028495684056,-2.6675870277739735,2.074439730508659
TCGA-A7-A3IZ-01,-8.777104393578632,-5.550816955763762,-0.721678559710183,-0.823671666813463,-1.3509996664670068,-2.8709754152044997,3.865156091110735,-1.3406787392785433,0.7261685211083362,-1.2108712159099293,0.9466016690064608,0.021711170904398558,0.3165767184905805,2.377471813180288,0.17211974721827547,-0.7893774851335488,-1.5911887851446969,-0.03490810520512439,-0.7322595790874832,-0.4169073829418788
TCGA-D8-A1Y2-01,-6.765808615394725,-4.996695774384622,-1.829657173462219,-2.291428491526787,-0.15898318283806084,-0.5741955663333864,-2.282686818994985,0.1648282019573438,0.16395593047417548,-1.457289599561666,-1.0343524241757198,-0.4158236803693601,0.20756528430143806,0.8996632045611856,-0.31436582598207663,0.783048621297153,-0.505369661681557,0.6564902671332007,-0.09530111411116339,0.24247089246918038
TCGA-E9-A229-01,-0.6751337715474384,1.907524629783852,-1.0531330919018056,3.43179183561576,0.48619025651586195,1.6788408949328455,-1.622402262463691,-1.0252082471214339,0.4767583884253462,-0.27000553043016023,0.14414123952591043,-1.3739235102254301,-0.8903231208611427,-0.9615851241685325,-0.5978767512826207,-0.09834708484135747,0.878230185539365,-0.22676408919231517,-1.2432461486819053,-0.4820014424709311
TCGA-A7-A4SB-01,-1.0760378699724817,2.3512428972757564,4.168476313646849,1.377936022965778,1.0111790940696133,-2.555775355878242,1.5234679561817475,-1.0033378366457533,-0.20555019952841455,-0.5560551652708553,-0.31413984695031194,-1.4278389271320322,0.9105286608968458,0.6073362138863272,-0.19986474217959724,0.2510812490930921,-0.5447986450172211,-1.9593309097370661,-0.13987477380626728,0.4610469659893397
TCGA-BH-A0HK-01,-0.8049203852468674,6.767877992861247,0.8612391622258255,2.238909049751558,1.1035903811793566,2.2937280164910385,-2.3685218094252702,-2.8466471678563474,-3.108750081546571,-0.7018535222286632,3.455126402372659,3.7349909668634234,0.5474870959128857,1.1021280896341479,-1.0694556371341097,-1.1041255126922744,-1.911647277704616,2.3845469264133277,-0.2368645180989004,2.0648821397146526
TCGA-3C-AAAU-01,-9.429884741639839,-8.696875527594202,-4.2592404327930975,-1.2788751747608207,-3.73203113584833,1.3962449251244788,5.425361775236877,0.9630404642273613,1.182521055827147,1.9233784614980118,-0.94606860503202,-0.4972787694971328,0.20046921932772094,-0.575864022793388,-0.6812713015308629,1.9395710746799182,0.7670698176069891,0.28445971281109417,-0.5330061270657066,-0.11635934739947787
TCGA-E2-A14Z-01,2.7372048313446067,1.7544475858563755,0.0865155424882436,3.091642070809801,3.1740157112346217,-0.5767472454076475,-0.24806106342739728,0.9630547961776873,-0.36811011339445604,0.588074763471566,-2.3715693800993924,0.7281755057571954,-1.0169735734494567,0.02043057625250913,-0.5440350564756473,-0.6272703925039677,1.5706717836281232,-0.5326798042845248,1.1428568275394921,-0.5510523507294317
TCGA-A2-A3XW-01,5.7051551275225965,9.185714462876517,2.668411499717761,-0.24931348778591947,0.3629702836319646,-2.9601901545824623,-0.17604348803968092,-1.243502795095979,1.3009619370899936,-1.0014428769993744,-4.463671787489364,3.1185564313885603,3.1382144079572964,-0.6657393611717373,1.2651216735184085,1.463450753634007,-1.5017920184975793,1.3410920077377908,0.1008795622569504,-0.23983880752795472
TCGA-D8-A1Y1-01,-9.155301337941923,-8.872472495948903,-1.726151409531527,-0.08549706510613653,0.4113484077574392,2.637764982313469,-3.6785659826238026,3.352758907326592,1.9989520786510864,-1.2911636215968154,-0.7195573457167515,-0.6545955674497039,-0.6986839673992781,-1.8550751614027527,-1.1370908867434288,-0.46503649803440633,-1.7365764830215666,0.5009917233156578,0.31230063505114036,-0.8726969254271304
TCGA-AC-A7VB-01,-7.110931816509857,-6.002117145857947,2.6722286470062344,2.328976026498923,-2.671260936718187,-0.23781635877872329,0.3356043797796796,-0.06546282296526516,-0.8455014010967931,-0.005306493468617585,1.4448857164911626,1.461525554203534,2.254574011988097,0.7302436031964262,2.723502835103981,2.346286867161939,-0.5218115185526196,-0.6151532033342644,-0.687731849771632,2.2754372105813627
TCGA-B6-A0RO-01,-3.1620738674912694,7.551364198235806,-0.5274449809922874,1.2780519283109988,1.5169649384814408,-0.9890055952394218,0.9087992523658799,0.08779720442518225,-1.799503869423694,1.4009817949913272,2.554119026137416,0.31167608456457435,0.7091874933876359,-2.091173016410906,3.003900705363262,0.8194386775635384,0.7463938258355889,0.9407143057714562,0.3964009429630387,1.1407908696175055
TCGA-A2-A04P-01,8.879080422172816,-4.4773459253149435,-3.518740305621335,-2.53933071337407,0.8284172678222309,-0.3856687788796195,0.5921036972426548,1.3736416333022576,-3.028169423250194,3.3821302583286723,0.7670321046878076,-2.1314433718321695,-0.5169805500927763,0.7146749354654631,-2.1888740237719984,-0.8853637740238636,-1.8689590653545836,-0.5048073995187704,0.2581919340385798,0.9114359943846886
TCGA-A7-A13E-01,17.397175937845148,-0.3369875420380898,-1.1105832976832697,-2.9490121968693406,-3.6998286541815295,0.7378724747582555,-1.2725017712746336,-1.6952429438462093,0.0853930137408168,-2.5863953910332267,1.1933731207001872,2.686213379090353,-4.340768125034255,-0.6888258686657479,1.4901043004950558,1.8964767738053985,-3.2418780210182363,1.9063878180642173,0.22206442757893277,0.20291999720757536
TCGA-A7-A0D9-01,-2.586420011834289,6.109636455836222,-0.33063828924954813,-0.5776234969727636,3.669946893033618,-2.0833443232685096,0.18607376201854345,-2.1760431127455164,3.2648654347707233,-1.8716405550897228,1.617505844218621,0.6575845632049379,1.9280614955224251,-0.23777125316922446,1.1321409869949512,1.306402602238552,0.5062047730445244,1.2704959319615852,0.43772989297079895,-0.5980617046691777
TCGA-E2-A14R-01,10.51362180737998,-8.118740792444644,-3.0508390214832635,-4.580851486995074,-2.077180322450987,2.2268089305530014,-0.8927175400736385,2.058020018940852,-5.8334592892144865,1.0498773187132242,4.573795865197056,-3.2561783026094138,0.06890824186483516,-0.3200532299980834,0.10067138855384339,1.9482974073854153,-1.4641050630923629,0.26120786455604234,2.353452503395822,0.16770860494101306
TCGA-GM-A3XN-01,1.0667869958906973,6.97135233581603,-1.0894582536555075,0.3602585231538035,-0.566484706520339,0.3539530660597275,-1.2100529716061998,0.3250293639646979,0.44074338995579243,0.22251234799017552,-2.1635184168953097,-0.8635600414703642,0.6422552325832587,-0.3279273675511405,-2.272899682545229,-0.11330933531275152,0.2920218945980687,0.2740868420929184,0.6915239162397286,-0.44143713304189675
TCGA-A8-A06Y-01,-6.252986126984218,1.8547918982265963,-3.647062808771437,-1.3068863433385751,-1.7049277152955902,-1.4898298485616102,-0.25392089270575885,-1.1990688193050774,2.0951266580492005,2.6437575734939323,0.6385059120375636,2.228789279349147,-0.3032165382863386,0.49731628774246733,0.29512658178669765,-0.1730709049921787,0.11056585774919724,0.0410609476105037,0.5985969904311507,2.3321977181550673
TCGA-E2-A1IK-01,-1.554283258034307,5.396742326246987,-5.199677124840912,2.575769500690858,-1.8779881141336185,-1.0455288705149954,0.41738818661765986,0.38229010365376487,-1.3573422243900748,-0.1761744486244247,1.267892232024137,0.9026255895273135,2.040123880019034,1.3048660461696944,0.18438347398127336,-0.7028146392554225,0.5208336684291703,0.024457367273682078,0.39475740592364766,0.354174692973247
TCGA-E2-A1IU-01,-2.0033149396829124,7.689400195364287,0.6547962394344535,1.859848221654586,-0.5595853031870094,0.07056976639770121,2.770916607862875,0.2353732323933592,-0.2525756142858751,-0.17986423891251538,0.30764948606004644,0.36844885570318847,0.4157838559701611,-0.8177767854109912,1.985509964404667,-1.0316574450465044,-0.4567386078299756,1.8228895534687226,-0.32943152545896465,-0.06100222278896956
TCGA-BH-A0E2-01,0.5967934109734335,2.108837776239895,-0.31356602454283544,6.686975716394368,1.0914986290462176,-0.9273409340001592,1.2930209032972488,-1.4085997192960622,1.1499343609251016,-1.4985067621930181,2.3062617000552503,-0.25032119092805644,-0.10888283356167104,0.5093872309776732,-0.22089190504558237,1.934680358823956,-0.041656953766603375,-1.0593406994514396,-0.04254303724014549,0.685714923512511
TCGA-A2-A0CZ-01,1.5561850073345265,9.883677596283416,-0.41005635970655074,-4.506212762597147,2.5842573231122543,0.037325425256394866,0.6481254624231617,0.26276899794028324,0.6970695802435359,-0.23799189035425705,-0.7264202860178345,-0.3242968542333041,0.9988917797345139,0.4568906396371844,-0.26964634889931877,1.399790821975112,0.6077734722228917,0.568811483265999,-0.6392079595843932,0.5270281094985119
TCGA-AR-A2LE-01,-7.903007186759352,3.3642194353115604,-3.0255411107757046,-1.1074213910717636,0.3820585078547352,5.553730093135133,-2.307418465042584,-1.9581625840811412,-1.7928055652586943,-3.1227677134572103,3.234794848528905,0.5146419189159982,-1.3552016054823959,0.21135399789469245,0.33250577989929697,0.3164515111808545,-2.462944622778564,1.8005211766884262,-0.4118702949186676,1.0053936465698938
TCGA-A8-A0A1-01,-6.125083080790132,-0.5376077553971218,-3.5855441254951024,0.22764067009789274,-0.905753559655559,2.004788357046704,0.8128862926126781,-0.4402857810887533,-0.5011975136382353,0.9727311343417724,-1.4977307681431609,-1.2409405273507719,0.026720151783370415,-0.8438699705996875,-0.6684738115907116,-1.2344459421515444,0.3786045509905239,-0.5486003205755402,-0.9440546619600506,0.011832778406466193
TCGA-E2-A1L7-01,0.6941352558947925,-4.883463282006593,-1.9388710016912434,6.5539443242242985,-0.3475729734316006,0.99075198321355,-0.5280619561332288,-0.6453709392264209,-1.0663222262138106,-0.6215212265837036,-2.938258881651258,-0.16772719104248407,0.4432396137198194,2.3375174917108072,0.773268207122023,-0.0488654064752059,0.09477818514227723,0.39083030415177017,0.057872822146097694,-1.946695607180653
TCGA-E2-A14T-01,-2.277250240127859,0.2680470930555262,-1.0382483506842146,4.023374915085535,-5.052949674665684,-0.9125806730057727,0.8329654868898577,-2.014434534951991,0.1974704221842575,1.8329352134916108,0.5263933919619662,0.36500646568034606,1.1863130883738382,1.5702925654113165,0.4460345590888756,1.421791770870344,0.5861639924069034,-1.1861119262982835,-0.4840872203331071,1.2240728325511305
TCGA-AC-A5EH-01,-0.9212477498367975,-0.4708970930831006,2.901474745642002,-0.05654136572221272,4.812426433941682,-2.9285522484793467,-2.523296375354751,0.7121675702048147,0.35396665818638534,-1.2571432138757828,0.6717079618417408,-0.13860246100516835,0.251907040417327,-0.37527480695437404,0.45725164952338637,1.3865391227170265,0.5207197322029272,0.7298052738308966,-0.9510118742931309,1.4832845794964635
TCGA-GM-A2DM-01,-10.344500653487081,3.8639610684698265,-6.0110731235523085,-2.8163779180551547,-3.870776065548779,-0.6653028805657323,-5.154404798695025,0.15268985862190773,0.5084262534097299,-2.00223085136594,0.6120985802960233,0.9916485725142131,1.6377721929650382,2.2333861667712926,-0.4616023149621555,0.2462876880050661,-0.4325930366501035,0.3225740549202772,1.01797514098523,0.9200647703765364
TCGA-A2-A0D4-01,-3.1119386916160034,-3.633959863424074,2.176255493795656,4.678436658907886,-0.9063001211423476,-0.5899717274692186,-0.16951740633497145,-0.35451344242481214,-2.097003604910582,-0.9137260276398924,-0.3176041486455255,-1.3551709258706075,1.9964023940275077,-1.1587799469188365,0.562891984119519,-1.071376112470297,-0.006594968366713841,0.3557432090519276,0.43729549729689793,0.5069475061135835
TCGA-BH-A0B1-01,-0.012752253139950842,3.5568349838568465,-0.8764261443173907,5.557086155454127,-0.07371765293587863,1.3554199476463846,-0.7019502143390202,-1.4739632453029512,-0.4317692954590587,0.9243521714072245,0.5735416951981762,1.2595165117113465,-1.1194559720060624,-0.11969700429277881,1.0678855589529694,1.3292624081000841,0.2942728902938037,-0.6937425715133864,1.3055732110560763,1.078903865488512
TCGA-AO-A12F-01,15.261295386257716,-2.9158366135493865,-1.419446450560459,-1.694152895354128,-2.063020732722668,-1.9612166339282329,1.9888587792545895,0.2680486801213141,-1.7834340052708844,-2.937095424131872,-0.519541129402321,-0.4655838928020392,-2.5925922596818656,0.7614230826137153,-0.4196959538524528,-1.8732418613183717,1.677630444105456,-2.135961811537328,-1.2943088747316978,2.5418970739823075
TCGA-AC-A3HN-01,-0.45700662243434553,5.069370026566396,0.3647690472525121,0.7050871303179135,0.8418180971048393,1.0539869803193924,-0.010115476961775154,-1.186061423136622,-0.4826030839786042,0.9477937432664709,-1.5148198201943832,-0.8719178640200306,0.25619424585084954,-0.3375444150660635,0.033672994985958514,-0.16935387318158893,0.38888284808393964,0.21059656956012307,-0.32772438024227557,-0.07104030970011542
TCGA-C8-A1HN-01,-9.859344205570856,-11.466658690839443,-1.9770770524116668,1.506226373968251,-1.9867080468138898,1.0606371670490387,0.37827918821502116,2.6054975539427536,1.3998628825557364,1.2992428758599601,1.9392144284115251,1.667861160264489,-0.11897589061256796,-0.17054177905160547,1.8383640601439952,2.4529948456326185,0.13636082523987814,-1.1262868194949598,0.12430824870815092,1.5641705511458606
TCGA-A2-A25C-01,-2.86863386235855,-1.2343656658790234,-0.6321827652750807,3.6779376207185894,-0.795551539034635,3.7792950857355976,-2.77660926710289,-1.603905921597381,-0.8558964296580223,0.14325753055893833,1.8845922749466533,-0.6625628138335732,-0.28377141457659655,-1.7701051732678532,-1.7699585212190228,-1.7047073038190135,-0.07661869515155137,0.19995368259384647,-0.2762449246860801,0.9593525636211454
TCGA-E9-A6HE-01,-0.3167881219066337,-0.9558611889589222,2.0839502379921635,3.34902557194297,-1.8931687216632205,-3.564499854456616,-0.8690771687306852,0.824830027229921,-1.0446893540493902,0.09200447775653296,-2.2079844320665143,-0.9111367730696622,-0.6618940390259074,0.6149843483339903,-0.5740040775229119,0.0669160159985827,0.43502888738862683,0.9173446942824308,-0.6473148088835114,-0.8317624946172278
TCGA-EW-A6SB-01,15.611922368693303,-2.448520293372065,-2.590311212563283,-1.7912146013439942,-1.7303693276616288,-3.030950628256373,1.1674442283617397,1.4123412829470936,0.36649021038638624,-0.7126949481679253,1.743898859946611,2.8507885767822643,0.4924057135469703,-0.6858461867283026,0.3607850953704126,0.7274493799603454,1.8245150564888784,-0.4874246215493094,0.05917703600805811,-1.7935721238182967
TCGA-E9-A1N4-01,-3.195101271314466,0.18340294216819739,-5.508964946180537,1.0499063452371435,-1.276966988758886,3.2813635633635236,-1.520418647550463,-0.6161660558867319,-0.9105197151876309,-0.19257359444417418,0.6510836962513411,-0.09788768952873626,-0.7045269131754153,-1.148877402420729,-2.269048940016255,0.17557768398241244,0.08582545476373478,-0.019398968226970237,0.9036681907072883,0.9390029951609282
TCGA-B6-A0RH-01,0.777101694482066,-1.0082999506210595,6.5224206541993395,0.8001929331204484,-0.1342902459561708,0.035664230960450155,-0.5577834792238646,-0.014317217383460725,1.438993371723511,1.6384315901268038,-0.9536190519524104,1.3104969212400377,-1.5364849881808635,-0.5579572839058444,-2.4183693365304944,-0.30648555124972654,2.4041352166844088,-0.3563126926155997,1.1350668963173072,-0.0925109371124757
TCGA-A8-A09N-01,-3.6807344747663184,-3.122438423423994,-1.009844512640654,2.6165288508262528,2.7450383133351055,-0.2975758248097597,0.6001664336287654,0.9128419135288671,-0.4318991187112356,2.310109627378166,-0.3969882668985479,0.2699077090617544,-1.0306147022780157,0.34498408262256525,-0.7993496997854773,1.5251856375225246,0.3999173189477606,-1.0743357740668589,0.79827356794767,-0.11283859198797107
TCGA-AO-A0JE-01,3.178142877510958,-0.624651764143277,6.554666175990452,-0.8551315400279049,1.6332055397156602,-0.5264710373968513,-2.547870308698903,-0.5591704698614582,4.506418506973958,-0.6037431342951071,-0.4075983789944364,1.180537539206663,-0.28446491162427145,-1.5706670511831862,-0.69060530101203,-0.9228696113028612,1.0591204630891542,1.0184721908419903,-2.3191412528306765,1.1274683863516826
TCGA-E2-A106-01,-4.706659515780491,5.756877481065317,-0.545253208180214,1.5343946041507746,-3.163352101882077,-1.2041198626208514,-1.6957360643598522,-0.3792252012047794,1.1083572427793742,-0.5792857542002144,0.654203530485012,-0.5310047014304805,1.3193238066051138,0.17174941260904145,-0.9091583672564486,-0.4854149132206473,0.48990640950239606,-0.9392361412952004,-0.06138691431250138,0.20716590186656866
TCGA-E2-A14S-01,-6.532285220389292,-2.7974979553126125,-1.1814427283604567,3.9127861724373876,-0.5751033226445494,-0.30987100842958337,-1.7709282933680814,1.0853281879574708,-1.2200368282038425,-2.017893779479767,0.1668175250319866,0.5654505282963262,0.8198386372700549,0.7327280996546964,0.8147378349660002,1.1750165436386881,0.46780240735626355,-1.4447036485055529,0.5321965477057589,0.8038955069557061
TCGA-AC-A3TM-01,2.512690075325648,2.5979497108830576,3.98198747729108,4.583302770183709,-0.7085999897234635,-3.968320660869555,-1.6090945203340885,3.142536423027628,-2.2853868672382727,-0.22920598837579878,-1.9320684424360568,-1.0319878175388921,-0.35769698841780473,0.2648264114672258,-0.36501295593041083,-0.23438295873146558,-0.599061919778302,0.6634771998798951,-0.6167557216285378,-0.4610606611453018
TCGA-AQ-A1H3-01,-2.7590957176083095,2.379457396645819,1.1411724277787432,1.3642508659402557,-1.425899305189986,2.6148579998784878,1.2224621197521823,-0.3250037387943116,0.8883709309123512,-1.3792102220658793,-0.7324302296256797,-0.07886937054591744,-1.77119298510181,-0.36586759378578426,0.3298290938060572,-1.1177228359205802,0.23461973639635203,0.724159859748927,-0.10837423495384262,0.10401971597189946
TCGA-E2-A15R-01,-3.449041556949601,0.12885972724577727,-0.18880950194774135,2.5551618148672506,-1.7125466005447416,-2.8881503720605313,5.211141850748368,-2.5482056449393493,3.500025673308284,0.9279524777237733,1.5685360509897763,-0.21536411165785696,0.03916979088657258,0.8624484723117576,-1.2467170076863194,-0.27675553090928884,0.07969595266244858,1.0169549352127703,-0.7688457961569937,0.30234800044019383
TCGA-A8-A06R-01,-1.035674176850435,-0.8802934149082361,-1.109609660894133,2.652961518672639,2.926163516138892,-2.2746970992498134,-3.2393986324951336,-1.8274816486715817,-1.5316557111860565,3.0802221253858275,-0.4084536831800652,-1.3050242462223387,1.6052330173069715,-0.10991996290756767,1.2495987854574528,0.25623144027809247,0.6724121564089962,0.26336442306209096,-0.26060055960609396,0.6684112055727767
TCGA-E9-A295-01,1.7507642199878233,7.28876612545007,1.5529599587366238,3.8724992012693096,1.0129870665417415,-0.4729542044552104,1.5855772763978544,-2.3911083166496687,0.5984139869576012,0.7519938871656521,-1.0609452298061146,0.044198242680125815,0.2145276234675595,-1.0027028077063198,0.13955220898669116,0.7935745932331848,-0.7222683870344884,0.584602516996627,0.22647350575190822,0.25109690930469225
TCGA-AC-A62X-01,14.400694502634247,-1.7795102697546596,-0.01483647615595899,-3.1400800410205263,-2.468592691798399,-3.8690730294762985,2.609440005852352,3.0295591884870303,-0.31976347910255026,-0.16650470313793947,1.0109033154264322,0.5129778858152674,0.3064483906950248,-0.01998403434624836,-1.4803036020247298,-0.0408328271659869,0.8722237799037164,-1.4611165467788905,0.08319515327921997,0.6389290042835278
TCGA-BH-A18N-01,-9.581356958692664,1.1999864584131297,-2.469616063591772,-0.4339216684115135,-2.5253426324762573,1.3034035269741202,-3.6182266672632157,2.227287221743129,1.0003963061892942,-1.2683689445187416,-0.6494043557511451,0.9584140814253681,0.20816057296899632,-0.6665179188822989,0.8244947291065264,0.9695700992760746,0.03547576437374668,-0.3429522486245437,-0.4158966696767232,-0.4436835417545946
TCGA-BH-A1FL-01,-5.883827179821347,0.4360612359565811,-1.802978145440795,0.5355661666695717,-2.6443240305523648,0.6583833926493663,1.8021339003264247,-0.6705639962661479,0.03974346712500382,-1.6371535402976887,-1.1978217546748915,-0.352643560084761,-0.3391501907456955,-0.16062378786405956,-2.8281556700153896,-1.3012614560210942,-0.17032058810588396,-0.5104141690580531,0.7475513536770979,-0.9137303112033928
TCGA-D8-A1XD-01,-0.9035920413084428,3.0324596629795812,1.7683319682648455,1.6932577625777614,1.4273944662306155,0.13652180651009377,0.7902716358485906,-1.4526458498781365,2.4246246783939083,-2.4534462097837815,-0.8461096373816609,-1.2243591161740273,-0.07583334788387118,1.9332147527749821,1.211952159125599,2.1479150873323,1.1928589455203549,-1.7507934367511628,-0.3615589572559684,-0.8233631847431103
TCGA-AC-A2FB-01,0.038898473111522294,5.8825967942494355,6.734518919120605,-1.3586100456551393,-3.361762980041455,3.6248657687275463,3.127127573656004,0.3658646521016017,-0.46511811778741424,-1.8290286605540056,0.29489594367861033,0.5239434071312299,0.555216047156316,0.36478900453063834,0.5981043609519324,0.7694818546689038,-0.05001869391325,-0.7655019977584199,0.2199211519411405,0.46114958119310245
TCGA-BH-A0DQ-01,-1.4076100023219695,1.5602350541594698,-0.999367847048377,1.7701655634405884,1.003818702712079,0.19275787663811925,0.9006818908904356,0.26340855533229535,-0.4303641186204927,0.19785276574453603,-0.891134754644976,-2.455001988800263,-0.5067942098342634,-0.7360736507504437,-1.0936839970034906,0.7154277230569285,0.040378402632170456,-0.3660948008708705,-0.2847702103321705,-1.1845184469416827
TCGA-AC-A3W5-01,-1.9684808599911732,-5.619311882024251,10.522548663471676,-5.914568508483191,-0.7141346489621403,-0.18260844997931225,0.9730614975834487,-0.037980321026592344,2.2121178565637813,0.9772370758439315,-1.6372279700350694,-1.0673992799765957,-1.3118046296882069,0.05591223885444234,0.08598959414231655,1.0323259283531288,1.0324869902877776,0.3919878078161099,0.42981875497965877,-0.6549608817869699
TCGA-D8-A1JP-01,-1.501984507256037,0.3467170642006816,0.2596934844133082,3.022446968164593,-0.17832100274921137,-0.26806178183603324,-1.1592398637186514,0.6338744844190585,0.09446710035804985,-1.9019603153902538,1.5864910044944123,0.66816789598498,-1.0849632556056277,1.2565558279598092,0.21599094126716864,1.574627788647449,-0.053989070662451136,0.35710933994659877,-0.5554427023600762,0.22488455689757197
TCGA-BH-A0HW-01,-11.561954373328605,-5.523744612107429,-0.6845989428213457,-1.4260873873518816,-3.8716184324571876,-0.8543316980490857,-1.2401137283076296,-0.22008843353828775,-0.06122069611159586,-0.6306059680257305,1.0522156177394189,0.7210683299511563,1.2221248452869984,3.0772462240009864,2.035171078370987,1.2961321752682589,-0.2492757543831829,0.04425656984816129,-0.4774011908631973,2.4707314517078216
TCGA-BH-A0BW-01,11.036826372492149,-3.573795119653655,-1.6485259424332719,-3.4252960135711006,-1.2046861535754658,2.035026963738736,-1.205148343486576,1.6879173371334362,2.431168887787986,2.9954831752981566,3.6452991153272416,-3.8048279972505643,-0.2699900176113444,1.5125786532464731,3.929719192148073,-1.1007421817359286,1.1415131437325743,-2.1261936471106813,0.4702553299781943,0.20122782761790906
TCGA-LL-A6FP-01,-8.328795859702897,5.771574723962302,1.1136402776719525,-4.808000925356602,0.923995657788558,-9.341093878836784,-0.5218697587652477,-0.8814721737326666,-1.9371850241289013,2.024657512062568,3.6242315161833627,-0.027780885445647076,1.3151429988725383,-1.1347485669529223,0.2539394774298272,-1.082167968646269,0.2793203790640685,0.027239342667765662,-0.40841520808737747,0.4332648515682304
TCGA-A8-A0A4-01,2.2855746603357567,5.191061678288302,2.5561446099509166,2.6640753152167918,2.9813755772522703,1.411791628000856,2.8984329470584114,-0.5285266977749745,-1.043713188967565,-0.6858905769739614,-2.4010581826064405,-0.2405725998985518,1.1508005642062806,-0.36956371530590953,1.037210738706055,-0.956900617204048,-1.060926326318549,-1.206002499344529,-0.24669212022613007,0.5520424405074228
TCGA-AC-A6IW-01,15.592685634957416,-3.3369243871664036,-2.7507142798081032,0.08547567899144413,-0.682486258905243,-1.0675674793195382,0.17635925353372434,-0.97106976376187,-0.5812157531705775,-2.0369129673078636,-0.5522212548166442,3.947417289392704,0.9495801824688617,-2.541082648145862,-2.7052696826338423,-0.3334768324355955,-1.6871911980608343,2.3880476783006355,0.3832699948433878,0.361275080770193
TCGA-XX-A899-01,-0.18120090050479915,4.779996557896756,1.4863344335084034,-1.1879321775528073,1.2241433501721244,0.17389253956055697,0.30868027533032927,-0.6586782955579765,0.6553273878294414,-2.1550693373612617,-0.9746093064930564,-1.2384341851204224,0.12507581367917206,1.352748537812803,-0.9079649381668262,-0.3301863934085017,-0.2576033501526971,0.06697731298848116,1.508773020493636,-1.0300121630947439
TCGA-A2-A25A-01,3.6402955761125404,6.62595713625304,-2.467026017036787,2.167282991082936,0.21632750053320685,2.9892938267908002,-0.2839175811130756,0.9222251360825968,-1.0201565543169502,0.46361588129394843,0.0751478982727902,-0.8660377003969464,0.5585137427932249,0.31125578357338013,-0.7819321776291122,-0.5445502647058772,-0.5050200135723656,0.05056624350327333,0.7733826238511341,-0.6134316490356513
TCGA-E9-A1R5-01,-12.025067436591268,-3.2290973035952697,-4.596202171074874,-3.774677314972604,-1.6858675880666556,3.8191802219264996,-1.0861896600791483,-0.13756097361238578,1.2194493879354014,-0.6296189266497604,-0.6164953291130693,-0.1513171737044929,0.1970432386143434,-1.5442929301889647,-0.21387854912697868,0.46385816655359097,0.40150572565126286,0.5155346631170291,-0.12080488163423232,0.48414107858734934
TCGA-5T-A9QA-01,-10.381641397255496,-8.08114525518901,3.628396513858256,-3.6034243564857533,2.918607412095042,-2.981360431102508,0.45827891890260064,3.3691407582278368,0.500086409139223,-4.335676823754846,2.925933875607837,-0.5335614104851634,1.1544047682287875,-1.1117425289150606,0.48138908507656203,-0.8753052153988106,-2.3856885577171996,-0.21280474387685988,-0.8026247142342614,-0.048753756858475154
TCGA-GM-A3NW-01,-0.971503369758379,5.357215243590795,2.6496105389696676,-0.8409321253865841,-0.04308217730940232,-4.3109003552658445,3.7919258705271246,-1.2094977073434288,-0.8353190425841477,0.5989711436411218,0.4391132589487019,0.26592813999211773,1.4306070883417323,0.6769651397559056,-1.0621717024711224,-0.15682975602181956,-0.9011054482559425,0.03150895221370341,-0.281086941276468,0.47526353030569857
TCGA-D8-A1JS-01,-14.704638147596082,0.512058590732761,-3.2107356616054963,-2.8806610394307057,-2.828181479231822,-3.0738403929424796,-2.699200520674022,-0.45953918218336676,-5.362248470548428,1.1764353563292438,-0.5177420289133704,1.6033283193760348,-1.2391418827529501,-0.16225683844475047,-0.0046939801560541465,0.5608767065308622,0.1948984687777984,-1.717478412934706,0.9466282060688654,-0.520676125377423
TCGA-AR-A1AJ-01,12.94191702727262,-5.964849979711712,-4.939707259814412,-1.7700086448286667,0.6625398274136891,-0.25881269336908325,0.8060603664860269,-0.4166401830836424,3.4694108415322655,-0.3436471147617149,-0.43884013371822045,0.8454429261137819,1.6370796608755278,-2.777871310374258,-0.3601902195685876,-0.38311915335466074,-1.1195175242433246,-0.10178377034596571,0.5770590865349653,-0.9690754316467909
TCGA-AN-A0AK-01,-6.130287760802034,-10.317365990888955,0.49312889082857453,2.0718024809682705,2.4439595903145084,-3.0345973723247,3.6124121189690745,-4.999426099843571,2.3405995319221966,-1.5238673209328182,1.6037814063375455,-2.4617312492906427,-0.19968089038527756,0.04023998064549372,-0.9331173383236377,-1.7420317109769516,-0.5581581204462759,-1.2053315381840968,-0.35678236698052246,1.1156768685879543
TCGA-D8-A73W-01,-9.671516480437882,-2.618448945784752,-2.818326268541632,-4.722648265856008,0.7115740803217431,1.4471517608135758,-1.8408644492058204,1.117482813408709,0.35775650335318626,0.5824997077900306,1.219209642835526,-1.2776913457493482,2.3319714734436228,1.5983015638687152,3.1557978920715346,-0.5910410859492518,-0.5571819132221207,0.6537910616349677,-0.17361158607125132,1.0696227312782451
TCGA-BH-A0BZ-01,0.24770064431217384,-2.7514412305353018,2.672996687249229,3.3760997958537367,2.5047673024901966,-3.3393242101444254,1.4867691679202704,-2.252918457997135,1.675747855188073,-0.17958901633929167,2.370253998997876,-2.080406625771269,0.7439411065514512,-0.4264008974506401,-0.19766219637068802,-0.07376053190027212,0.3337071682384188,-1.0083087847145504,-0.6575009100492384,-0.08506942080040633
TCGA-A2-A0EU-01,-2.601684608832765,3.894329584487919,1.029268928832173,4.806795487188289,0.8441232378947344,0.40307648202103785,-3.65157071231839,-1.8199910376967845,0.6292729296589994,-2.3781495220190756,0.11939361712824609,1.7873728529394468,0.20842646071373935,1.4242293635328114,-1.9454463782725169,2.583149056141448,0.14357023869771893,-0.7992198370077117,1.2786946015472525,-0.20078282385466625
TCGA-B6-A401-01,0.6649934900888518,4.626688061000415,1.9050281336790067,1.9318638183618673,-2.3776295599894715,-0.892639021603109,-2.140057422360527,1.9407319131548457,1.107720432092665,1.0489970008076324,-0.9386247002299418,-0.5773687263778956,-0.1414222826335171,-0.22317652542617322,-0.9158086154901786,0.2425719187628573,0.18730985197326833,0.23640671829071233,0.11589949894969366,-0.009915750223600505
TCGA-AC-A7VC-01,10.05966456758701,-5.231320235433993,-11.615065084480838,-0.6596427957865494,3.0540984073277735,-1.8025200141518727,-2.5025946205393708,-6.777667418631666,-0.6986638221198498,1.1799027992952689,-4.6966442625645035,-2.2966051859546344,0.7346896493932226,0.0898508316595382,1.2132544946025858,1.1403796768663628,-0.013177120117677401,1.0577475059079036,2.778645522541689,0.8407254642641135
TCGA-AR-A24P-01,-0.15568201118362712,2.2315758592384243,1.031092725386156,3.6929617619480695,-2.2688742001819238,3.291825827434676,-1.5143732152491984,0.19402248911424905,-0.03329849283322769,-0.4670892735653893,-0.632595208155432,0.4260616130057606,-0.7050865389107066,0.13634848616506545,0.3580275870521648,-0.40314347727495514,-0.7630523674608941,0.0834066916555245,0.1529182732607532,0.359595120045033
TCGA-S3-AA0Z-01,16.574719677206136,-3.5623486477547512,-1.909968191880067,1.8925093316348067,-3.602713579847551,0.26811005168556806,3.6598086273003867,-2.5100911752752686,-0.5046309489654568,-0.7895602550511699,-2.2624850264582532,3.0343160556979596,1.6699697050907678,-4.052796173278725,3.3305975169640276,-1.9015428821915428,-3.8900694434077283,-1.5947048831203017,-0.10341012185671929,-1.1434618695321501
TCGA-LL-A50Y-01,-8.958759830873294,1.0371243039612765,0.5386746127181327,-0.5502636777616976,-2.0040587948520816,-3.6527434368067433,-1.7891770212932503,-0.41178989044605463,-2.3273967672531892,0.3108893013292978,-1.354779158867975,-0.4689910529217829,-1.261297947346006,-0.455438224788062,0.2217322340205432,-0.7111897466734722,-0.1786734879491087,0.4146365274377797,-0.9080131069455841,-1.3328966628643213
TCGA-OL-A5D8-01,-5.602886618063479,0.20904186139461728,-0.9526113389081705,2.2860306479508092,-4.262057393939153,-3.2284475158938237,2.758202329502838,-0.09148195897925834,3.3476974291831967,1.89756287542993,-1.092394552185046,-0.7397907769334106,-0.7736475493896614,-0.37938107877907606,0.8270055509596199,-0.7355140944142534,1.113292262467938,0.027154727552975155,-0.7491733725775067,-2.4664330607545435
TCGA-A8-A08S-01,-6.811520283256108,-3.4802582526371513,3.8140764189810716,0.6847796716076452,-5.276456209069958,2.9362852101096637,-1.381434497766016,0.4860977610702461,-0.4418667446225583,0.4792908940820676,0.636008750549959,-0.11764113411326807,0.9009831649262576,-0.47131283479910013,2.4024122511692343,-0.17566635533870698,1.876014922603355,0.1797114713577692,-0.437877670574378,-0.9096884580440898
TCGA-A8-A09K-01,-9.056531121915443,-4.037363562621588,-3.380499487113152,0.693705820337042,-4.516752064433189,-1.3747616350293583,2.1424189055623444,-3.901594963850985,0.563547478913517,-0.36215042351255383,-0.14842990626021738,0.8992822421265887,1.396221999448892,1.7935898970510313,-0.8554672986145522,0.7682961025395059,-0.6356906712700389,-0.72490614857961,-1.3059292418555353,-0.0905487008690786
TCGA-BH-A0DI-01,2.145944421940357,6.6773341285287975,0.1815181108484624,-0.2976922425144796,0.6110870322088631,-0.22392916797729853,3.406851687081162,-1.1492480862662904,1.2875992232186417,3.2080627730612887,0.9917384232039319,-0.5085397251113465,-0.9200704409208377,1.131424045894144,-1.381123770788352,1.9534885056218172,-0.14864214950582658,0.3859487630607929,-0.20700117914351077,-0.7134577290066716
TCGA-A2-A0T6-01,-8.20112463526461,4.762955360496982,-2.164129565612103,-7.328827678993701,2.4214101667431316,1.2982407720480782,0.8099175849913288,-1.5998893498605655,0.6704665805310058,-2.3586871855325344,-1.3519814895379747,-0.2826540167611072,-1.0659774402816924,-0.7913247243640936,-1.3389444216915334,0.05929371403911109,0.9027144898225501,1.0362862616101323,1.2069759804272888,0.022504268284459544
TCGA-A2-A25B-01,-6.327790484206233,-10.247640992631466,-2.4930900505227624,1.0221506054368297,3.5262901140259824,4.80972698016424,-0.8298314759686234,-0.9040738180931498,-0.022119388089687685,-0.828966605918665,1.8756042677302198,-2.5058767060173834,0.536010356011026,1.2050997773915648,0.7443133936387422,-0.6249284575562257,-1.8444590871552415,0.14710873743515948,-0.2877862845911847,-0.26746280894154467
TCGA-A2-A0SV-01,-4.167180557408169,-8.095463255642377,-0.6179315226615593,0.414115875100035,1.950726970630264,-0.4184954255004376,-2.633790933314673,1.7235890078505602,2.722490025241057,-0.773986556886212,-1.6496950203910943,-0.9211025503547741,-0.21534048825360172,-1.2544991380163504,-2.531047343153192,-0.32481791573694996,-0.012457848302774239,0.5919870586985521,-0.0072411346683813865,0.7332659499907606
TCGA-BH-A18G-01,8.66107541088596,-5.381490100504419,-4.486102578357553,-4.9709324589992585,-0.4546789165718939,0.3055656262428431,1.5936620176139766,2.9034628495476196,-2.93601333240532,0.11487949516219127,0.6655036455766268,-0.5500214448862026,1.1481332021093746,-1.6875476329939507,-1.9109455989076825,0.16099926888074295,0.6769600553152901,0.8977760351803794,-1.9270054201315774,-0.11331409683572699
TCGA-AN-A0XR-01,-6.221323733918048,-5.291906177373481,-2.728034083732386,3.977262108952661,1.1144836031327159,-0.11419222887803768,-3.579951090439667,0.45196783030772547,-0.17491282606458478,2.3842349467302815,-0.6513065211403793,0.10410615023665447,0.5114058897341452,0.39805623773253757,0.43596073810930697,-0.08069973713215334,-0.8823538457664548,0.08411829916106418,-1.2064974846496335,-0.7778291232054154
TCGA-A8-A0AB-01,-3.202382721062964,0.02416845933014852,0.9078865528698468,1.6703935952018254,-0.9906333321426037,1.0932108692771614,1.3545310693656412,0.04734871483751444,0.15145582697610233,-1.542397175377724,-1.5739838303818772,0.788232236439841,-2.7203734348740247,1.9838660592737893,-0.5733222434721699,-0.8714981877031249,0.07135899639372266,-2.0243540065060563,-0.6005849129323497,-0.5127779601132394
TCGA-AO-A1KO-01,4.396536016487877,12.952261643309468,-5.520086084615709,-6.87771753178458,-2.1644318091238692,3.1962158472953663,2.1412045526158923,0.3996977226977648,0.4993236554949855,-1.2170995429229903,-0.5063384849867958,2.9502484426612736,1.2080801316691985,1.6842002115317658,-0.1291809780662223,-0.8202233693393095,-0.4471580617546508,-0.4043050773100752,0.8332626085469365,0.4249741058826157
TCGA-A2-A0CU-01,-4.3163498677110645,-2.4215378985133107,-0.7855683167737936,0.09857895804131629,-2.5830743270734655,1.269711469736589,2.1779435735086112,-1.1528235476021862,1.1954806249611813,1.0144969547867746,-0.9401952775027177,0.22539754275315188,1.3996049747089563,0.6449747826896649,0.20411241101490277,1.102539769525195,-0.214580915639089,-0.8395186915412539,0.37780710168566517,1.6979711436381624
TCGA-A2-A1FZ-01,-2.6845178364260174,5.52873622818205,-1.3069750136196319,1.1255619890869655,-0.6788045579588912,2.4393045831588633,2.6087775717371517,-0.6512912794823826,0.5529751152020573,1.8302392368170515,0.30548991686498483,-0.25967426853488973,-1.5390598201776944,-0.23580519559719107,-1.6691478489739835,1.0241809143760785,-0.026568358790502924,-0.08007715678091827,-0.20774359002843473,-1.0143128428459325
TCGA-BH-A1FC-01,12.382672309039265,-11.447677746762531,-4.678345247923428,-1.3387426746686184,-1.136381541175227,0.8975877246640804,-0.29961497250813124,-0.8976604640553498,2.6349457049418157,-2.4752385434360837,1.4732838674277577,2.312005777815018,-2.245733445991596,1.4518886441211691,-0.7525316946321629,1.7958784372839018,-1.6799403130416257,2.3250884657911497,1.609746552413773,-1.0392303065031512
TCGA-E2-A14W-01,-10.195345443038102,-8.835172496259407,-2.7236256338389753,0.20678800409757656,-0.7017527185096055,-1.177840157192963,-3.4325447853972197,3.289906085810612,0.6663183863336022,-0.9489384372434773,-0.3777560056846641,2.0693007613757177,-0.6668906496880671,0.4663127956467775,0.3405047977497075,2.5691555427226396,1.7800569927827607,-0.9976015265178069,0.0312689220205753,1.6502959590413644
TCGA-LL-A441-01,9.56252829406267,1.9080142684722325,-2.5428308489122746,-1.633464947030077,-0.3298036374062745,-0.38109392702453876,1.7837618541862543,2.380847731263575,-0.748133912788843,1.4722474062869246,-1.6180387897006208,-0.4366734295511345,1.3617754281749392,0.8462578046124939,-0.09188374631993455,-0.9960177661934851,0.6847324512440571,-1.4311275319808372,-0.1678308795561389,0.6432928355003125
TCGA-PL-A8LX-01,-12.25045695867386,0.8376340679867599,-3.468435421616509,-5.561160021822072,-1.7052900819739878,-4.7924553579525915,-1.232821093731197,-0.6449428407898481,2.554514173050453,0.006699190907018019,0.4434295140711408,0.0009806400668304835,1.2746689764265082,0.9369607452613934,-1.8194570397440986,-1.2321037621097226,1.3180210955855356,-0.6358014732290468,1.4212209105256726,-0.5674399812861647
TCGA-XX-A89A-01,-0.23245098705400113,3.753375460072081,-3.3614556119388266,-0.3073697514250209,1.241885214437998,0.45127101555681465,0.5976515147762738,-0.6396654359407934,-1.5818798868363395,1.6697934389905689,-1.2475953886893347,-0.4452030529094662,0.7123119410392895,-0.41099903437401225,-1.3467411583474747,0.8141470740739201,-0.05362097926637831,0.8214460611110243,-0.03018062483296854,-0.5524924710246997
TCGA-BH-A8FZ-01,3.9019913448377284,7.941430954725984,3.9771065984979623,-2.0150984353452643,0.7058487132178906,-2.1146105635442085,3.5977071537222955,0.27778234251667266,0.9901118731889215,-0.3752896525164167,-1.3453734400762754,0.48575512030588774,0.9872864111613385,1.6610858732659177,0.5913228299691935,0.03491861381774838,-1.1864121943603718,1.4372510089793686,0.8525585623207148,0.9504232925082507
TCGA-E9-A5UO-01,-13.376041210772437,-6.144783039409029,-3.283775696544298,0.5703458038350757,-5.209402979822564,-1.2137810483846514,-1.5708993007679357,-3.2064914016368373,-4.235952396178465,-0.3157618563161685,-0.26716641988188516,-0.31961290278527504,0.966294767603597,0.7978386040190133,2.797570242472244,0.29937986746686046,0.3843357119935962,-1.374360366505678,-0.007222124870004683,-1.199657365249429
TCGA-E2-A573-01,14.995878500069765,-4.816427465411451,-0.7731481491388326,-0.5865195413737117,-0.073868171688292,-1.7717431878283254,-0.19904914749082966,1.302661462780607,-1.7626606600857575,1.6884680040863749,2.5875788108062743,-0.9537768575553611,-0.20947909287960215,-0.42744451688260426,-1.0537155380967687,0.23579559221601254,-0.6520787404165206,-0.5794567282362645,0.5122045709721026,-1.1911879451148621
TCGA-D8-A146-01,-2.0781714293663134,6.920431435065664,-3.1886115679638842,2.1934302808655,0.4295915095020828,1.4217245313778253,-0.25499732316950113,-0.0378896970030325,-0.27591447665572993,1.423963059925904,0.37148960841908507,-0.4140185975644469,-1.1997255038641477,-0.8127533749510457,1.085845470773025,-0.6029801393968419,0.11669175613718427,0.6946963582802033,-0.7533108714656852,-0.3382278555290968
TCGA-AO-A124-01,17.376418551872334,-2.723178987479792,0.45904586238398065,-2.3698987398602376,-1.5954083240836012,-0.5143132734255278,0.4482484481182195,0.14977013856610424,0.5447515512151975,0.2709181339490613,1.9378151352249766,-0.12763181701777626,-0.9905237926799104,0.3463485471970965,0.33322954322456705,-1.3490911894193849,-0.06350292334573632,0.1298844158163369,-0.6491191547091717,0.28754945012387656
TCGA-AR-A24Z-01,-10.192924600611912,-10.648276967609172,-6.009378505965151,2.035449641261645,-1.8593882832444326,1.7779611952889176,2.569908176753142,0.1814859139757366,0.012869304571422045,1.7140336250051846,-0.5359266129893211,0.8734913129399426,-1.268492508885375,1.1141202792616554,0.7553716621380581,0.6948705481375355,0.09608651992171371,0.5129655378533452,-0.664159737143659,-0.3416508105768075
TCGA-A8-A075-01,-5.609972053184906,-8.51794493260699,0.32722442249553224,-1.0278827945252416,5.6014269185722885,-1.9203205618743353,-0.2891916657575279,-0.5920211062231635,0.21518633162980919,1.0359934770498345,-0.14109761783180363,-1.916751815066723,-0.45758068094454496,2.010495408158737,-0.8434497511122897,-1.051365596187996,0.07226126774988581,-0.07576728885902853,2.2200090863513324,-0.13532131990568572
TCGA-A8-A08A-01,-11.13323194174167,-2.944121749201889,-3.111535291141799,-2.616216659272053,0.12247302125536759,-0.1382638194285471,-0.11056174062581071,-0.543568380751572,-0.7338828284600601,-0.4758101344715647,-2.4239516374813306,-0.46461843727890806,-1.468325736356058,0.1832279308717311,-0.4423499901545803,-0.42651894430126275,0.30415296224478877,0.47093430902280625,0.1535993715403964,-0.7624915957771633
TCGA-AQ-A0Y5-01,-4.204010972059192,0.8323682857982642,8.644155283526171,-7.646897886140474,1.6758166330514463,-0.3500949199063453,-0.7694479599749688,-2.113821508539251,2.648437757482898,0.25872925278558917,1.1590213523418351,0.2441441191589131,-0.4791688599286529,0.46157489981549343,2.65957393685051,-0.23913499840046318,1.444649214020432,0.6879918805029408,1.5349160767552994,-0.13832069687871537
TCGA-B6-A0I9-01,0.12688844310480546,-1.933593915835431,10.66479907449669,-0.051338758266305434,-1.7888384954211065,0.9024949992862985,0.420197080693033,-0.45561873781730194,-0.2510552645201269,1.3343518083755066,2.171017748082186,-0.35495827867809754,0.3250331627513519,-1.8339007363445572,1.2616414540259764,-1.0468183261256503,0.23861583210911647,-0.9847764062165674,0.06272936268107188,-1.343524625101462
TCGA-BH-A28O-01,4.041688439569791,14.234520207725124,-0.10914404315931628,-5.136086950241394,0.0037753079523179527,-0.14141275414326107,2.026943010870233,0.7847404438559105,0.6329823567971397,0.4788946983098414,-0.76709679813748,0.9569333736134139,1.154691338185997,1.3250417412135862,-0.7519900819832493,0.08407047259254993,-0.611525451914841,0.2400496401841159,0.43338572813829707,0.03231114773926206
TCGA-AR-A0TX-01,-3.245592541445197,-5.654555326447761,10.050729092854228,-5.146000157520014,0.20771291865910696,2.408527048961802,3.462571140663774,-2.246361923981788,-1.8420667832224156,0.18763719895760936,-2.03261678980997,0.3027488890705914,0.23831951402587626,-1.0619085555321028,0.14765070928799395,2.034051138569404,2.7814923551857356,-0.6626769555527899,-0.4609123568720799,0.9272562028746093
TCGA-D8-A3Z6-01,-2.148105896091639,8.144342529626064,0.0065466848632221184,1.0426057423659605,0.31994517204631884,-1.0827936609263982,-0.17669455563406408,-0.0752791810835543,0.47236193010959804,2.3352626826839833,-0.36722710033877687,-1.2653174933911282,-0.5405077808108893,-0.9292685512793808,0.07606788020781166,0.1739907567825525,0.06268279047342892,-0.06495073003008824,-0.10283754103813511,0.21769405993989122
TCGA-A8-A093-01,-6.2940570800200115,1.8823976056405296,-1.049528417968198,1.141628493383732,-2.0344382117623265,2.672983548374615,-1.23424416669382,0.08102777584189065,-0.48928193162365674,0.27251475780566553,-1.296219915201301,0.17076083968631875,-1.8832368125149015,0.6689775614061364,-0.6584063826242048,0.7082344414174847,-0.25122276026183127,-1.2777624962486747,-0.3720265691689123,-0.4992414137585619
TCGA-A8-A07C-01,13.258073973430571,-7.2203394754014605,-4.3388973130808095,-2.0658674598040636,-3.7914499283283294,3.211478672656701,1.7309128993154625,0.6094578392660073,-3.1419157055443825,-2.0068897510532664,3.607471092669606,1.3331526126259146,-3.6086996446652333,1.1760418924669704,-1.563179488959629,0.6665079296537412,3.404057503298732,-0.10887035858004199,-0.6661945831461176,0.2543776083925326
TCGA-A8-A099-01,-14.809288294535559,-2.8180814526812554,-4.832946669439497,-2.776149285346718,-0.7066585967407193,2.1940207211600575,-1.1746936189344022,0.09259894938509267,-0.2167861081484525,2.271079366483115,-0.0036747301501835325,2.470941198874241,-0.8809693682973807,-2.4424598581776675,2.0880472240682124,0.38912888530965367,-0.24588057069695887,-0.35596733435033273,-0.7626288512606881,-1.2147206505442774
TCGA-BH-A201-01,3.854102984377901,6.304761456291757,1.9026686349621098,2.5539634328001877,3.2620996928784627,0.9868384079501077,0.9271132757800552,1.03515127499725,1.0458336026755712,-1.8529790168966673,-0.5898703657074806,-0.43471904571183884,-0.28196182577592416,0.7646118531295479,0.14938115678399133,0.0236183959447414,-0.7685581668490906,-0.9987452008483836,0.16859822497828902,-0.13206990114200104
TCGA-AO-A0J3-01,-7.306331817113949,-3.617155140658941,-1.3447775525531072,2.4921417514616606,1.1264106337175956,-3.455830947502883,0.4506571082782374,1.2035300688949007,1.0671340720368332,-1.9225744493700652,3.709892392465035,0.6124709868359723,1.8326845788855735,-0.6778322956243388,0.1071838377211269,-1.4855906909176106,0.8345808397752559,0.5631440478557604,-0.20696862203694547,-0.7291422190910444
TCGA-AR-A24H-01,-6.363245732992748,-10.704404052614246,1.7422341938021406,0.9574530535943547,1.9157170067164107,-2.1746166243508775,4.899055986054557,-0.9692024676973819,-0.5485729192722295,-1.524790958891004,-0.6506354719305466,1.7871076181047565,1.1976274634068156,-0.36047173639258034,-0.3312039142433666,-0.6369470407165394,-1.2076700093293373,0.16619475296257274,2.438652646142441,-2.1278349077680003
TCGA-BH-A0WA-01,16.576833771573078,-1.936244702962854,-1.87565823582599,-2.9039007091398337,1.5698213501335319,1.467949016514015,1.13426663579093,0.9300070285324871,0.21695899217267406,-0.4953066278835608,1.168424761931266,-2.5623442112089805,-1.8382953429537665,0.5560857843695003,1.9188052948030638,0.25073901982002866,0.09798718846145324,0.03574854207467088,0.4603546615998411,0.5448845358474826
TCGA-AC-A3W6-01,-6.754046252042387,-3.3748435899045126,-3.5006097373319425,-3.7349177449041755,2.948718594264588,-0.5162192105172883,2.2534654223825696,0.4120140553194836,-1.3191727383841803,1.2309825240910959,-1.378850558332654,-1.5338384621134717,0.23637728685862502,-0.8174048123746127,-2.175142802872619,0.7849769444957138,-0.2940449704988089,0.430182773079797,-0.16457359767094365,0.4245809494273185
TCGA-AO-A0J2-01,4.26372017323669,-8.725650187955324,3.5459384004210963,-2.071108191383722,5.018909417609736,2.3320624265129517,-1.826484847241258,1.38977598826557,-0.03507366571122106,0.37787252521968984,-1.1518259563001554,1.018425974616249,2.872777794251072,0.9216947104408776,-1.9974707117341355,-2.532492013176007,1.901582762927776,2.021446978558792,-0.7944369030978564,1.0950366279573347
TCGA-A8-A08P-01,-3.1530464239513143,-3.6445279254654994,1.682698555876538,2.7875091819347806,-0.7096758153416793,-1.175484847322291,-2.5212922887653075,0.20768242033017456,0.34513812806031563,1.575746477381915,0.2307921604129377,0.6343984594020384,-0.5830101309296789,-0.5953760683529382,0.7317558182789543,0.17003255076659735,-0.3840834491349396,0.2838347953596626,0.4778387151271383,-0.17399384663080392
TCGA-C8-A275-01,-0.7210029062118303,-7.60017473220562,13.893450727246378,-2.042537275130068,1.3046907739910563,1.162818028786615,-1.7158687635103211,0.611831624692342,-0.7028503705027246,-1.0794799455113013,1.988497814239477,-0.18882692762833878,-0.6135494955604432,-0.593272941568509,-0.5956083156243288,0.2277739395272439,-0.9753155531465642,-0.17776687151043022,-1.4123959318794008,-1.1164815859796762
TCGA-BH-A18P-01,-1.6917460971443767,-2.976219223536834,5.216634615765803,0.023904986247411223,3.89622536792968,-0.5986026402255301,1.262979697839876,-1.958071641845793,-1.2789793989575022,-0.45854532379722485,3.281549538551855,-1.4290512867746676,0.25184584971692797,-0.6853517415447231,-0.07206675011222033,-1.2379335343869158,1.4265084893740112,-1.0732237402701896,-0.8360502328019275,-2.641641255178056
TCGA-B6-A0RQ-01,2.492409001506784,17.223474932319707,-0.16714812129316503,-4.885311098799763,0.4229891402509962,0.5534849208550991,1.4420512150914027,2.360708632750884,-0.30734436529447434,0.00471214047258879,-1.2395560600912077,0.9442209669633317,1.6107093261294927,1.1048063771131,1.6130908676195788,0.7301771245624085,0.4798398928180273,-1.0094395895372308,0.6260007816533915,0.6312002942497971
TCGA-BH-A0BC-01,0.32021997292449284,2.7401017553644773,-1.2737477307656513,5.482870919878014,2.5902734319174243,0.4183031068478533,1.4735358317447906,-0.24023456020140108,-2.047657432906186,2.03886683575146,0.8948353028953554,-0.00746356835097308,-0.46919248401617303,0.37281819716236936,0.9846154178797728,1.7875722732628103,-0.16485076788739203,1.6487923030843656,0.410817733376655,-0.853526355230002
TCGA-A7-A26E-01,-4.072639039196515,4.530346881396759,-1.4076477980555024,1.6024763150051171,0.10820166859727764,3.6654722308888856,0.43578577062574525,-0.10817674169239316,-1.4019616977682134,0.31400847588252895,0.6730435496866637,-0.2640872568860341,-0.3573492330102027,-1.2288583283721886,0.8135240940847926,-0.6656743693496289,0.2043390377006566,-0.4486226641585997,-0.7907107548399022,0.43660694660148375
TCGA-BH-A2L8-01,-0.8196210959144807,3.030066461265806,-0.21907122443923022,-0.008478411709938854,1.5835820131953173,-1.5185186758812812,0.7574504002105845,0.935478146869086,-0.2379911463698719,-0.1360426963049812,-2.2129063400633115,0.18466924969435936,-0.5605337084967631,0.1722764579512743,-1.5215978534472392,0.4997334247517835,0.5398026579943174,-0.5762118654234274,0.7066872093954177,-0.37931013911991945
TCGA-BH-A0DK-01,3.35361055854474,3.011798915494216,0.12245372442624469,5.557674802260001,2.7270387923447625,1.2264873703400103,-0.0856529314636622,-0.24120411436388672,-0.24890174324459757,-0.3827363087668007,0.21622437784464332,-0.9876573901594935,2.439682830314929,-0.2853484971031939,1.3067389493543442,0.4508201045481117,-0.07153849284956647,1.808316709264768,0.7914083946257487,-1.603834259202039
TCGA-A2-A0T2-01,13.09075187024942,0.7501351172969775,-2.624630785749524,-4.109721691753061,-1.5840768091217434,-1.9913387382615044,-1.1719068945306075,-0.34724969531037114,0.38210308242481256,2.6201693993777453,0.1398796117149338,-2.318155418966081,0.7055172057398778,-0.6519514857241436,-0.19934984420614202,0.8677194946486269,-1.6091650408092106,0.031393434948139336,0.08980097893764341,-0.02588609062135918
TCGA-E2-A1IF-01,0.9412878689829159,4.187321883897307,1.158122664307355,3.139422686357912,0.5487510334442983,-0.80286822125824,-0.5451935585563912,2.219159269708453,-2.188124729671448,0.296459043969691,0.13466098415951655,-0.6143862250156659,-0.07943269278224434,-0.614150155710623,-0.13363781268804775,-0.6007388926619162,-0.2525410270308145,0.2551897948935633,-1.0236305565509856,0.13224654040889605
TCGA-AR-A2LL-01,-7.400731141580173,-1.344352807767823,0.13872423101657672,1.7618588029381512,-3.356597697536378,-0.521908300122486,0.5652301982485761,-0.9285981492506726,0.39917898148147135,-1.4226856637157923,-1.5793939205884033,0.11027579565348378,-0.6446741740352424,0.27476575355936084,-0.9396454182297501,0.6092588456071283,-0.18436408675816657,-0.2600760316847678,0.2177926631416698,0.6281029336036473
TCGA-E9-A1N8-01,14.82640260696855,-0.4868018590039691,-2.925631247909785,-2.261439453314773,-2.3444376788778203,-0.8071514473768089,0.9348305385006997,-2.8196828823376867,-1.7295484218478605,-0.604650740847868,1.0165748599575657,1.4905354359317766,0.5700737637967302,3.1150828522940937,0.09643073451219976,-0.010015337346067563,1.3718583185755082,-0.031983493032664616,-2.5046250114592343,-2.289152558275488
TCGA-E9-A247-01,0.17216392147580148,2.064897456997202,1.4315772867140317,6.463292133134169,-1.6179011464134034,-0.12011023524664292,-0.6082177982913689,1.8996264820771602,0.8841103201063597,-0.32763963917791217,0.5514715399638332,-0.6998604972136362,-0.38230902826105384,0.2883330457776813,-1.402824231589496,0.47081692393383257,0.3039082259731102,-0.5601880543998651,-0.5930161602206461,0.7547921378438772
TCGA-D8-A27E-01,-11.990206201418957,3.781410393759604,-7.117672309954871,-5.16038312774992,-2.5299356043370933,-1.1027436147652496,-2.414789716026722,-2.6375131138247783,-0.7713535332659257,-0.5161119226271293,0.5006011511231946,2.4125102241761702,1.4385233391325598,1.3300450802229813,1.7264889642190724,-0.3576030852568539,1.1477988636923466,0.8190686819585485,0.38089038904278616,0.9597107916045513
TCGA-EW-A1P0-01,-8.01014057801776,-4.682273809038602,-4.145836535946924,-2.3778484668212854,4.118316498989096,-3.3182711313522786,-1.6910450874896341,-0.4539753814372796,0.8344912571140033,-3.963003159090496,3.8768023250829184,-2.993509381262629,1.7507656994707401,2.321036514271098,-1.328883094370918,-3.5114168230563747,0.19203690307716328,0.7355315779681244,0.8180123635804328,-0.13933889570168276
TCGA-C8-A1HF-01,-1.4654634250088188,-8.58608918600377,11.553083386848364,-1.5388163871283276,-1.1904483783361168,-2.899993267860934,0.28921942901857467,-1.8640562142062254,-1.7098703102062218,-0.04516387040990336,-0.9867972279386126,-0.8612273164363339,-2.9548748839208585,1.7061709069479905,0.18566059529612244,-0.25177987147372477,2.0343846118767237,0.6505892027280611,1.3867457414754005,-0.9578608359414283
TCGA-E9-A244-01,16.063052869371997,1.764180745795912,1.084726889990103,1.124198459474935,-0.9808130170813958,3.5346582281969465,-3.827183282973123,0.8871433778074732,-3.2371415027526713,-2.499756877493099,4.342145954823161,1.8251976953641929,-3.29834126751283,2.3416894781859154,-0.46578861159322865,3.0775105580086413,-1.525479614377468,1.317789869226057,-0.11601025265920602,0.8075444459233846
TCGA-AO-A0JD-01,3.5023920194443567,-0.7917247627955034,-0.5126607975798896,8.088448863158204,0.13049524785315678,0.8437718255684957,-1.0880227419352457,-0.9269434101989062,-2.211113236747923,0.19752054450278708,-0.7341684137030505,1.2169640764577647,0.21004178813848748,-0.29406786025426684,-1.051796467361332,-0.435006957250627,1.0937521243804647,-1.4678283432302484,1.7583977375412434,-0.09157958252577324
TCGA-A1-A0SO-01,8.483183089241432,-10.817089482067379,-0.16711075532305786,-3.673044060205037,-0.09139532069419427,2.2034927536412354,4.833793481818712,-1.0340580032737687,-2.07164410665185,0.9936024829260351,0.3560439027537972,0.9466592407562837,-0.6489514822980468,1.4954476562523487,-1.8110516319049117,-2.10774336495145,1.57110427265086,0.8231631354734749,-2.2919033905326094,0.7058790841069635
TCGA-A8-A09T-01,-4.775920087090614,0.7122361294933574,-0.671319910888462,1.2109587335806935,1.177926079809246,0.5584798453839804,-0.45433928893851716,3.1945935059113855,0.35820326113215273,-0.7123908037099973,-0.06499310501891482,0.00929900174605733,-0.9940362685202566,-1.078163740488288,1.1469703657203074,0.6555502401558081,0.9639107775780524,-0.325884931571341,-1.030212701973626,-0.6711171626029545
TCGA-D8-A73X-01,-4.626129908775449,6.0537455261858915,1.026121021870925,0.77724505419234,1.340836430155344,-1.1426530629563683,-0.6336749714852086,1.2461866448201069,0.37202936706526735,-1.0607168152919584,-0.2507028248887305,-0.2540267550633312,-1.310337975757713,-0.43051498397847976,0.01889344296417514,-0.8703167349775478,-0.38726095970923013,-0.832074062866221,-0.16410023106654734,-0.9147700764522679
TCGA-AC-A8OS-01,-1.05488230300206,8.123988379162851,-2.032360958518312,-0.3438310653897486,2.084911668359641,-1.1253961182207812,2.700205782281084,-1.906671136058296,-0.1057010024442077,3.152164335410387,0.08505861264281979,-0.7419570729351856,0.3985804375003074,-0.0012620786186254042,-0.2118935680768636,-1.0998795366019587,-0.6698173671369771,-1.0691006425954606,0.4998493011556591,0.3693276914110021
TCGA-E2-A15C-01,-4.041847910273598,8.495390779962486,1.4898091262766346,-0.36174496058104116,0.3618713261184559,1.410988929411699,-0.227398686121658,1.728650971411254,1.5785867618417535,-1.4112099559483098,0.5569469649863951,-0.4908055554752745,-0.6535343650071532,-0.37183883690917185,0.8535820812905837,0.3044777372586452,-0.40759962255975296,-0.44954064765819013,-0.6789524904068611,-1.2021939437869467
TCGA-BH-A18I-01,0.06064939767436699,4.753708721730483,-1.6038024997787228,2.572858409123974,1.027837512858206,1.9428259483085129,-1.6339989612113353,0.048109101041649546,-0.17719617318744488,0.44079029468023134,0.2734998787677343,-0.5477279454248275,-0.0623926727733565,0.5058109294201149,0.5367979706363506,0.19242777647886622,-0.2142198526791524,0.8362315393460423,-0.9997565021205621,-0.7093559260148865
TCGA-EW-A1PF-01,-0.39342102579191035,5.748447099511519,-0.5092840223694347,0.8364373302255342,3.9244365508367203,-0.24154616803688253,2.609237874458856,-0.14664036213781728,2.402402087861012,0.5754711857453735,0.07959666908436089,-0.16416343075458623,-1.1560897795363796,-0.003873365591266869,0.5217700784140183,1.269823311877936,0.20711910268451764,0.4119865679139512,0.13290437301521155,1.1573461278434656
TCGA-E2-A108-01,5.708827780788712,4.42472946911161,-2.373057709574479,1.6321183266383115,1.785973324453631,0.26350634104447823,0.9671072563572143,-0.4908611232544315,0.8637472177602226,0.40299203427824887,0.08122281976543812,0.02598809820870252,-0.22959014234442462,0.5959378752772778,-1.525312679044523,-0.4750555468381216,0.2876142857531572,-0.5656140897006158,0.6070939474575003,-0.04667114993813089
TCGA-HN-A2OB-01,-0.34958051470534246,13.133529665323291,0.5490258197441014,-4.041416138336788,-0.3159072977284746,0.060617701361303705,2.6831373120653286,0.5218765106521193,2.2477339131627305,0.8210825488523552,-0.951936229973278,-0.39112221001762715,0.6387937802724221,0.263807396403412,0.13043888783264934,0.668381643668685,0.013785948809399078,0.8740602233862972,-0.3330130321083402,-0.3528663879625452
TCGA-B6-A0RU-01,14.4021240374733,-2.134819412887856,-1.1235658979584024,2.1956813391862298,0.07902308413455804,0.9633506210348539,2.6394684365574648,2.8813170028165294,-1.5542211462843423,-1.034268213410874,-1.1693706439097666,0.17068812547802106,0.6086353179340803,0.708039403481454,1.2214509454764038,-0.15143070245870882,0.5313039134227379,-0.7298636535004007,-0.18181018841178068,-0.9473879855451793
TCGA-AO-A0JC-01,1.5486604608786523,2.6044962111350545,-6.55279438100722,3.3025387115890465,3.1149110575530568,-2.1019409266379028,-3.3798260920968755,-3.0417945596833786,-0.30765149833894007,-0.6424880823506619,0.8250968193935451,0.8686674372417021,1.1256325869215646,-0.07152670230092086,-1.990808963355876,-0.11596531731666726,0.05384316487437913,-1.5894496407797913,0.27312410713643637,-0.2707483567267116
TCGA-B6-A0RM-01,-14.827778336181952,-7.423633432441973,-6.256049400225358,-2.854956759890508,-2.3240260382077276,-0.9470403629983286,2.5421017984361094,-1.455526540756082,-1.654230167939123,-3.172702832293348,-2.052750065823002,-0.7919081019792256,-0.36289653646078085,2.6018000121941114,-1.170128583120836,0.8481958970106009,-1.2226830027070756,-1.809007576583617,-0.23408451643091915,-1.2221720376220766
TCGA-A8-A08G-01,-6.4182000515754645,-4.940054451641722,-1.402649093479498,3.087992736205523,-1.7168345279089128,-2.3225313018555718,0.9296766442978679,-2.167941681336719,1.8523975181231773,0.6869641238285874,-1.0129264432878418,-0.9316734817322663,0.785644350446861,0.18653562825159584,0.22185044559287043,0.45583426929093146,0.6020083927036324,-0.5900564766708833,-0.42041032206660983,0.018969360814092222
TCGA-E9-A3Q9-01,-14.455904170317778,2.9202670946643465,-9.172126723126818,-7.578504505284583,-2.5504414702276206,1.2698712006350938,1.7033846615996335,-1.1142732571811451,-3.700152491484824,0.5365395820043221,-1.425967812824983,0.034416716666672835,1.7328778159508123,-0.4133893539557695,-0.26973937884097027,1.0323847182873438,-1.3778957704208936,0.5874435741854752,1.4345183533868144,-1.5103058270299161
TCGA-C8-A1HL-01,-3.3069120299155945,-9.470969079376564,3.038289816578239,1.8155865870714818,-1.2712904597883692,0.2900793588713535,-0.07267464564696166,-2.1730825949969574,-4.33434490080073,0.915702544557815,2.391346297228594,-1.8486922855137113,2.4247133654209776,-1.6498998555676574,-0.1227320867516157,-0.6141871613812664,0.11435919694750654,0.11710843424605408,0.29728279088753945,-1.1055660236411158
TCGA-C8-A3M8-01,-4.017872806894134,-1.594823385421257,0.7566210362629979,2.1138652467414247,-4.668136831907666,-1.1466230193211895,4.380494287788937,-3.7329448267338923,1.2882136926232792,1.474269851500543,2.5374416162678872,-1.0208818816456873,1.2547283643134444,1.6549669595553373,-0.4974173784273278,1.2169523860016866,-0.5053901752010668,0.5625872745474193,-1.595499818734853,0.5625005054466555
TCGA-MS-A51U-01,0.212696743005143,9.208123716065755,-0.24144696035087634,-0.6156818656209321,-0.9483581675911014,1.5586820819871192,0.5530245671972497,-0.3265784712293371,0.30998579712897945,1.139275693770334,-1.4395260672430599,-1.5493439640824604,0.41390945069074714,0.41124538608274275,-1.362600222846216,0.6675945588421379,-0.008780844712292464,-0.014696323133578352,-0.22573780569511656,-0.5066975278845849
TCGA-AR-A24W-01,1.6866637103397648,12.286933323956392,-1.9315221215966323,-2.328718852768507,0.49645801760102015,2.414693356586062,2.373685988878808,-0.21962063319504582,0.490363040308179,0.6975556805885476,0.31333762134034787,0.8557013772208389,-0.5768757740858657,1.00278095864472,-0.5972704919365156,-0.8076325670908818,-0.7437453198301127,0.043417623054726906,2.049589247289073,0.5244406924292863
TCGA-EW-A1P7-01,10.421778203946122,7.268767953819163,-0.1986254984695823,-2.6976852730208387,-3.229373494180984,0.9010126808567964,-1.2583995464953508,-0.07419815229634259,-1.0735479006179767,-0.9185124382295832,0.2498722108467064,-1.1739009392598023,-0.6551609554877446,0.19958584916438699,0.15254829874685738,1.9098078955329052,0.614977463769111,-0.9111302280621837,0.2866481287514558,-1.0181277244240963
TCGA-A2-A04W-01,-2.2006075959515363,-5.728121516681517,8.317618544777098,-6.980285052887443,-0.29109182850939697,3.302127992685215,-4.801941052415301,1.6353694932630731,0.9981663886771394,2.919099433811287,-0.22918197268941962,0.70563484969046,1.8722706034386614,-0.6804187935492382,-0.6045132513403485,1.3056643905528362,1.53181612656365,0.5896437512887928,1.645948804998956,1.6715276706316262
TCGA-AC-A8OR-01,-6.372733476501274,3.9865871453391626,-1.8383513708332635,-1.5808740420168177,-2.9935513194258125,-0.2525088846664945,-4.72968763289797,0.22204285788130879,-1.4743755570377661,-2.542734774105653,-1.1865029745606825,0.05660794921365864,3.4481242203760885,2.1546770364295478,0.615453841012658,0.5040790504211213,-0.09013813971454869,-0.5058134267927911,2.1849086752718403,0.04266785801744715
TCGA-E2-A105-01,-4.555273821714778,-1.208031582353699,-0.4926850069062458,3.9855921039158817,-5.124135395182467,-1.9360226799814988,2.4652085099375136,-0.30722438168723637,1.8290986259895132,-0.6792676008522691,0.29196559140355716,-1.0675790080909402,0.8868396190851676,0.26534982146679925,-0.90099900849358,0.8549388643258221,1.9130125172514032,0.006506919047332113,-0.6390946742280345,-0.1735415720939224
TCGA-D8-A13Y-01,-5.42847567246558,-14.710219559980258,-5.092752282054888,1.1017112736745736,1.8971283502298786,1.5589574313364811,-0.8262926117446788,-1.9476708287620008,0.0238175890983858,0.1885274428412903,-4.399544708161955,0.3714494735949423,0.2727182830128797,3.48098415281075,0.45443598781850153,0.43769320324143207,-0.7604964938145549,-1.9093127049207015,-1.2729575603135004,-2.4672212916521654
TCGA-V7-A7HQ-01,-3.9623051396294855,4.991708795348418,1.9700952804541003,-0.4495628711621329,0.6509147043856892,-5.73283377971223,-2.578867667121054,0.5440655954618836,0.038980528604868045,-2.482923409093815,-1.574696602661937,-0.6389929585529106,-0.4624415365900035,-0.026986592493648813,0.6986849417344237,0.920513552714771,-0.9302296055622425,1.5888037874950485,-1.4853009774787103,-0.6724734817690072
TCGA-AR-A2LO-01,3.5459087496216215,5.778230774771372,0.582598455453672,2.83740684120168,-1.605142807018754,1.9509069753710786,1.3083303900615346,0.5924831843602201,0.83486106718012,0.03684482969952551,-0.550605895095308,-1.0064079483212818,1.0889224385020322,0.4474127170643912,-0.04979306520116535,-0.037374780656125484,-0.9169270813186734,0.6555277822117731,0.2940896683013923,0.06314343344306948
TCGA-3C-AALI-01,-1.5395806132315606,-4.746036278194653,14.778731236843514,-2.892429110924677,-0.08625194652654827,-1.4169594365113696,-1.0362813275682645,-1.240948583086543,-1.3898976333022248,1.324117202936279,1.3941696611564471,-1.1741417367478635,-0.12259250543390561,-1.1217484434681657,-1.7572384253643492,0.3095739687539998,-0.553726998703433,-0.9027914023876499,-0.9855324061339089,-1.6111893580519498
TCGA-E2-A1LS-01,11.082078471682271,1.3336524075168956,-7.966335633122201,-6.081720580925605,-3.2119343066817385,1.3919469824981383,2.82642201856376,3.7662460239303712,-3.5523382649283173,2.7456307570085277,-1.1230906768617919,3.4277873756483324,1.1372933538792482,0.3507270694329165,0.04518708667780023,-0.6784390182418346,1.2493203042645347,-0.7191474461815275,-2.094460415101024,-1.0456539091009691
TCGA-BH-A1FG-01,-7.571774887724034,4.179947519446178,-1.9302940007646405,1.6990209130873253,-1.7250426213680101,0.07002109049317,-0.5516770893129906,0.06897235494032003,-1.5088900100266551,-1.5490160201178458,1.1994196281911862,-0.2600494643115727,-0.5532913797741233,-0.7468386230863698,1.4299046380319593,1.8541428314361659,0.42934440545642505,-0.777839677286548,0.20521823129377176,0.9967934321673462
TCGA-A8-A08H-01,5.602486103500077,1.2246473705241832,-4.802160104987265,1.996271891163454,0.5607747571945023,1.5420088449220466,-1.9347948891368132,-1.5628915265099466,-0.09112617831099035,-0.4465916703703237,-0.16324114216460703,-0.1554271163878213,0.8413744475510316,0.14750452606565606,-0.6385322567354315,0.4930880367652988,-0.3896376696164508,-1.0844358505561271,0.8147580436854934,0.47982792567953614
TCGA-AR-A0TS-01,15.205533454455733,-3.5114034740563613,-0.7070168916225992,-2.688373000761763,-1.705709455462439,2.4500275883057614,-0.18236213429629408,1.7481044404851,0.728853727521682,-0.002053789431682079,2.3987763794135626,-1.5456481376925797,-3.5468595683089106,-0.07273750635636761,2.3342849410864495,1.3804063136366553,-0.008663112190458854,-1.0946245818649232,1.3034563307721803,0.5033021733713313
TCGA-A2-A3XU-01,14.897871809739181,-3.5051190548902946,-2.1475394512418036,-3.51081934892999,-0.13320354470401424,-4.858452745248149,-0.06888167633311815,1.7738056789725651,-0.7691098864940437,-0.9495628860469542,-4.724594151045911,5.4057371078547565,1.1243909305887811,-2.1608727561179797,0.9083562132234173,-0.5532245722616722,-1.3762354660892335,-0.5442161024251855,1.6294847861331128,1.9596280642800172
TCGA-D8-A1XG-01,-0.09671546575893111,7.85383478552419,-1.3380532915897565,3.871215173401206,-2.3578021956568116,2.5236982571370317,-0.9214310175624786,0.0778446386397178,2.022611491449546,-0.08109164422895422,0.08408516896588804,0.21668878309054282,1.4401975777024698,2.6032686448287734,1.0657027387460791,-0.6361652619328667,0.3017360527115507,-1.6116442546405716,-0.5979321260920072,-0.798601583422043
TCGA-AR-A0TT-01,-6.84649551812261,-8.021550244745304,-4.395236642525964,-3.4540117841436278,1.6394433787194955,-0.7874206531249908,3.67785928169014,-1.066611125518093,2.3627644084937156,1.2028221478474619,-0.14327753543169386,-0.14117469449534772,1.7515110498606465,0.5078278752314925,-1.163406452747141,-0.014624395862343553,-0.015781378306856084,0.40727738781298245,-0.29635337781625537,-0.3931233204104583
TCGA-D8-A1JJ-01,-6.346123237173194,-8.33328199280873,-3.731728602745493,-0.8423312571229565,4.118158064007294,0.583388695068069,-2.812349116503176,0.26776419888334396,1.2599145138617756,2.2743262856998094,-1.0817564561528024,-0.3022853780099784,-0.3395693449305682,1.9521776749253896,0.5497572914247213,0.6371461553026048,-0.7370266451272648,-0.699118765075015,0.13547015513445762,0.04976097551406067
TCGA-D8-A145-01,0.0472272796300907,7.1589169549204765,-1.69929960157692,-0.42702151228155033,0.04430946594116626,1.102052466505492,1.8207831300878747,-1.2430150596604377,0.20319812255519484,-0.3610239616397759,-0.2368286916683382,0.40851815601908315,1.3708309985197538,0.4593812303544471,-0.005438827968440672,-1.0164589585045911,-0.06948818421149379,-1.2677492825533239,-0.28705856779590905,0.8563199964000233
TCGA-BH-A1ES-01,-0.03295864089710488,2.1347527902015093,1.1997278756846501,3.688714183749669,-1.1205210678467878,1.5065853848755397,-3.4525167911026897,0.5438957627850481,-0.510838504471118,-1.6337145149824823,0.9564024254704111,-1.4151305393344542,0.8133183157149321,1.0417630394418842,-0.3313396415723486,1.139233402168553,0.3819047860392855,-1.7767634831873773,-1.4746260964005096,-0.055504560601133644
TCGA-C8-A12M-01,-10.838025520884004,-6.314707914838611,-1.2397357243866214,-3.3995612403277686,-2.974359874615444,-1.76719148121986,3.6176832327018813,-2.7330517991538885,1.7868447864230035,-0.5391920526709435,0.34632639768831847,1.0270521180832066,0.7109103082640716,2.6320178639971523,-0.9340360825362805,0.573256359784388,-1.198810163774855,-0.7995042053310373,-1.8402902085118173,0.709787867047181
TCGA-A2-A0CY-01,-0.05381969376934391,-2.889928799741137,1.92059369081318,-1.054349007916705,2.509632292296487,-0.9082019932256689,-1.9415719277033874,1.4940679577549074,0.1271000655942451,1.1496191394647108,-1.3830594785296486,1.750681179897478,1.5713371646934138,2.977493444827105,0.2719569191893852,-1.0399984157723985,-1.5051105054997618,-0.20290595236158054,1.298939713752045,1.1978930456126913
TCGA-A8-A08L-01,-4.305467516804077,-10.318159072606258,2.7324136283442955,-2.5959703329926276,4.1037487104970785,1.4874890510592509,2.277280337035922,-2.5099138696151533,-1.5121971939091619,2.378833603658836,-1.783152969038936,1.9311676077822997,-0.25244395657055246,2.2816754971019986,0.860358153044499,1.222056030878697,-1.1964930927609,-1.8509532474564758,-2.581719092569883,-0.8387842775271763
TCGA-OL-A5S0-01,15.915644953826247,-3.9147411911102665,0.27625551934764964,-4.652254022635715,-4.111724484557214,-6.015972849630128,-1.2323840337255731,2.1976956656529065,1.3404335143212158,0.7098397465241846,1.0111522955086607,-2.827520903087775,-1.7160027328082548,-0.9354972917943327,0.1314735839637724,0.5551096164062013,-2.4267452316593983,0.1433119264171124,1.3746414498689787,-0.6390127885891765
TCGA-C8-A1HJ-01,16.720889959606506,-7.152215270170324,-6.406365392125342,0.6083069620555297,0.864207579232859,-2.3062680968056544,0.07402955056706081,1.6945871079387647,-3.6100918637140356,-1.0562202738603976,0.05130575174492099,0.17905354779605054,-1.0494065170054294,0.7637066525568226,0.16110223773007376,-3.180356843348536,0.6261425047701844,-1.0668210994200527,0.4798498752128538,1.1322813494187733
TCGA-BH-A0BR-01,0.935572463261908,0.06738402455489872,0.8995975919543752,0.8481485945577402,3.2860742353558443,0.4189834569894628,-1.3883797891850755,-0.5590552106231278,-0.10036796699839211,3.6386660961295862,2.3043548406139074,-0.35657840269352464,-0.30380168647679245,0.582645774407581,-0.4257851479605724,2.4685232330016573,-0.44945520980566656,1.0733755099717617,-0.7545090037019084,0.34239651601182114
TCGA-AO-A12E-01,2.0875784060614038,4.8369660772634955,2.0870147786834483,4.079937562429918,1.2670010656551687,2.8422122333742617,1.3207864099507682,0.32905332225375955,-0.7684276719985222,-0.251225001618782,-0.4715940309665987,-0.4162070560734657,1.0459634367024493,-0.9656519851975032,0.5606168825459665,-0.7225521617325792,-0.21119552469125083,-0.047343589306873844,1.5797900775964353,1.937676226012391
TCGA-S3-AA15-01,12.978897598145327,0.4668034184388139,-2.779966314282189,0.8691216786225159,0.9884403859373545,-1.8638287737089034,-0.3379254841495179,-1.0933211719620797,-0.6619422939849983,0.8071693953185439,0.7190946107071311,0.8743094926410956,0.6314799620243307,1.4732371483061015,-0.5793535718991724,-0.33311755605297005,-0.01564914387244965,-1.2277803229296382,1.4678533849716102,-0.08972484578112827
TCGA-OL-A5D7-01,15.30386435092888,-10.754765156245455,-4.164329691225419,-2.052717257952374,-0.26863207754868046,-3.671065127056274,1.6385895515595084,1.7707779047651204,3.10726927216358,-1.5355214489573268,-1.4290519857396653,1.7251774901190147,0.9656343386595827,0.12790147492379642,-0.7493816124236062,-1.1988379188741136,1.6639677688660102,1.9741861831953729,1.3792170213920094,-0.1356279428975379
TCGA-OL-A5DA-01,-2.3061736873968046,6.97544350835915,2.8819598568156075,-0.6610195130257718,1.4624920681866602,-4.255735726387441,3.016709600379531,0.9970127518965844,1.0761634553478565,-1.2551096894845324,-0.3408485475211882,-0.5644626427526547,-0.8289066139733897,0.8306021139845825,-0.18775193432694418,0.29807581181794146,0.16705580232994063,-0.5069792469083008,-0.8198399013293713,-0.9971227669485395
TCGA-B6-A0RL-01,-6.200510023693191,-6.545593400023429,2.358171917014373,3.129762920215532,-1.8189055811307149,-3.7011176013897793,-2.551574639675207,3.799326026000761,0.8000974005816275,-1.8631300180955448,3.2265513782282675,0.22420338106944576,2.569773319159733,-0.5552971167967131,-0.11691464112762766,0.4360283148828762,0.8725914332195981,-1.9643094894701585,0.15628360097117705,0.5951170651042519
TCGA-OL-A66N-01,-3.286683961491399,8.848843077163957,3.318381508168991,-6.465184791511819,1.2301035663297457,-5.370470978315482,-1.4076781426127876,0.6417586595433524,-3.316890131999842,-0.8805813492957182,-1.0183944957238453,0.5828557103955825,1.7004774898358814,0.372378675611958,1.2181294468233597,0.36098523382538417,-0.5015900359011753,0.5803569490635093,0.4972567759820642,-0.21018885580749025
TCGA-A2-A0CM-01,17.538330600176227,-4.547993856163141,-3.9581853033217547,0.3862164585980219,-2.618405748493992,-0.4582428100492485,-1.6798651092187447,0.15745186174185258,2.5544103049771496,-0.2642531076857773,2.1433425094499214,2.0398522599904734,0.027610376400032728,-0.9068129300533672,-1.1439941235924656,-0.6606000473122383,-0.03388886107833129,-0.1498393477026236,0.4342706969426026,0.43062252938954787
TCGA-S3-A6ZG-01,-4.4678813151685555,-0.7526537607354704,-0.6586038937623812,4.5452323000973625,-2.5209101465255497,1.1850595064039362,-1.1949394146567498,1.4252600132652984,-0.09408368830962516,-1.0109091209773904,-0.5093213401006763,-1.5483977292182693,0.6735219766191682,-1.5712884877371307,-1.206345799689958,-1.0166965695591117,-1.208128598399779,0.007480254907022099,-0.5670907337207086,-0.25752229354159994
TCGA-E9-A1RB-01,-0.14065462978799867,-7.465356022529458,-4.120880377024243,5.229683872717692,-0.830520665509241,-0.6415425470969531,-1.9332615223445977,2.0355336747345816,0.8258750463365141,1.2828558920952708,-0.8578086695700219,0.8211244905911971,-1.2897819411464222,1.3886581552476656,-1.3922859621040216,-0.6974339996573846,0.37099391406678156,-0.4483338415455984,-0.18107431442513472,0.6478210677329914
TCGA-A2-A4RY-01,3.2403469420390345,12.281141252859445,1.7323294670886176,-3.4909707880050385,0.7581116094208384,0.25946173853117616,2.085765038009062,1.527506252481062,0.7589854795282664,0.15906089528503314,-1.8617082496052955,-0.3261795009786371,1.0879431958700667,0.18139502265748117,-0.08306181355617924,0.2584708480733231,-0.5871971304027004,-0.20762493481802202,0.4900531677788847,-0.49947399445584406
TCGA-E9-A1R6-01,-9.598447952990895,-3.3283465158339425,0.43032546571548935,0.19202341744853926,-0.4607919038973299,-1.5310372164705406,-3.016279994798844,2.2662375638776457,3.7360407939214975,-0.9269256710285637,-0.7543807803218106,-0.20300258116292247,-0.42822195821031245,0.7632187810768232,0.7140554626450076,2.56176244310639,-0.3221087054891326,-1.65691214636112,0.30786721478656304,0.2863638387881097
TCGA-E9-A1R3-01,-7.894830069292936,16.239171369037972,-4.982060471655289,-6.708625874812699,-1.0533952749782882,-0.03312011502597539,-3.812224522315909,-0.37144401168444685,2.659724804251959,-0.36972128542840327,2.049064430482406,-0.9793849355692175,-0.43144745239390486,-1.2742402046940564,1.7080519654714474,-0.31843334327973005,0.03493882438549329,0.4536699667129669,-1.9465566875242668,-3.0985588407185016
TCGA-D8-A1JK-01,6.609563782257234,-2.9091649990272312,0.14717601358608842,-1.8329123395513283,5.025187294231077,3.957208389478367,-3.6747051800635813,0.18958967737095384,-0.3966874714804586,0.8754310230234383,-3.4756486582560275,-0.3123325148050107,3.7938154146536056,-0.8319291863264118,-0.04014607602701155,-1.6093340730799262,2.9406846155409823,1.3123887635950109,-0.764528236837392,-0.15491539093832313
TCGA-A2-A0CR-01,2.9712298380216127,7.77728991806526,0.6702105145172763,0.022285279246506074,0.09834147915266632,-2.1178109343315614,-2.215116168819094,3.3297753892117132,-2.6561929095911263,0.22212571038313833,-1.4698433779115232,-0.802324398712539,1.3906733011790755,-0.12176445562119863,-0.6437543828792852,0.7409111706855195,0.10216689376340123,0.12502668304543904,-0.286471652917521,-1.1790392869878596
TCGA-BH-AB28-01,-2.520049535444426,2.8258453548976425,2.420668797208479,-0.32274221381075563,-0.886927246397793,0.4721417282028557,1.5409657313020226,0.23060360462342694,0.22212854905510318,-1.3896424899791227,-0.9230662878292633,0.9067594493885792,1.7248536693213141,-0.08191686741131589,0.7796423739393037,-0.23782674701027112,-0.6235333661198831,0.41656185655491695,0.49036326744266623,-0.14716432230809517
TCGA-E2-A10C-01,-9.093359331011044,-9.280255856516444,-0.8315931439546815,-2.375985589809389,2.9940778748366177,-2.982942417347219,0.7158914314969078,3.328742175941737,-0.0030206818608501675,3.133357791273603,1.2707386671526264,1.8109848895358922,-0.3689367261430559,-1.623841225905099,0.7898455324147232,-1.3551692976680791,-1.032668070436916,-1.7641736757008728,-1.1223194648461097,1.8426317052514014
TCGA-B6-A0WW-01,-5.085303422682255,0.3650218187271426,-0.23115764862163363,2.530774442074505,0.6494439315457442,0.2140251855908418,-0.5774834133622004,0.3134900503719648,0.3304620704212737,1.6795844314407113,1.8303158388277687,0.2429324040282362,-1.213603368352672,-1.4114139296313404,0.6435571639185446,-0.31302142399364485,0.4548057635053286,0.015587660693219476,-0.19143269174509991,1.084862283477321
TCGA-BH-A6R8-01,-11.25540036947772,-1.1496497375498569,-1.6033818337719186,-1.4657305375801206,0.8295431596413381,-5.837531163171937,-0.1411262810532502,-0.9340914922557352,0.6924917763944263,-0.9149411721686873,-1.1994309254263757,-0.8836747899905518,-1.6150859179983754,-2.3693401986027025,2.1054607036878243,-0.08312521929699417,0.8757873654773214,-0.056535708084626116,-0.3284402232614757,-0.8288670034721956
TCGA-D8-A27L-01,-0.9008125971616741,5.825451885440241,0.07898385219200471,0.18790269107759816,2.0436555485628776,1.6061693466926064,-0.10898684113498414,1.1902423782592246,1.1295303134615364,-0.6529710001484295,-0.6324133597778107,-0.4756527616242208,-1.451831267004041,-0.08630234119591104,1.4532005016021732,0.10121848981546945,0.022656774602154848,-0.4371776510416207,-0.3976228249011046,-0.8510002394564817
TCGA-BH-A0EE-01,-1.5576358639394488,-11.270478285274155,6.264853116540975,-3.652656107686185,-0.541203065582297,4.783796646928374,-4.707062128520424,2.2031541760690487,-1.3225468987085365,2.5202918547825646,2.316978647308619,-0.14130378870490956,2.1952956121843625,0.9753124333235426,-0.7571406240487676,-0.3169612874841443,-1.2116814512753946,-0.3500913759265809,0.3328891798387452,0.24719320871702324
TCGA-D8-A1JG-01,1.7836813594453935,-6.338980718692709,4.519566465575925,-2.449450553276751,5.784331752180044,1.706731111323826,1.3694264793002682,-3.8758684658847633,-0.31566617974495653,1.1060641700768987,-3.407590690799242,0.6960132169140494,-0.8036478938860638,-1.3429377758619097,-0.11806337616631521,1.0504830744072013,0.03424746154081174,-1.1735933286501385,-0.8586088868808183,-1.7627327868714413
TCGA-C8-A133-01,-12.806290411510451,0.30607344748240406,-4.366595943071729,-2.689241941092184,-1.3159521243313095,-6.958564208578509,-0.5635627808627454,-1.578474480654834,0.02800657412220409,-2.992792148998846,-0.33459558467909817,1.8808062104188714,0.8905052423422223,1.0242815280073199,0.14272526068908858,0.5794540263239735,0.1711293248206561,-0.3602591200460887,0.7721660724362929,0.3569366432289675
TCGA-A2-A0EO-01,0.6789359862810126,9.414226159904414,1.2806248185743674,0.34481022181667714,-0.544885015109809,2.659183413851954,-1.0012501104481764,1.8783227692804727,0.3973147925405486,-1.2887537023202964,-1.3462579103956582,-0.5102557011211114,-0.43115287621720966,-1.1871878954464852,-0.17391582681792192,0.17666758265649707,-0.5180332454988917,0.7814271392507075,-0.11170254217697326,0.09777078526775035
TCGA-A2-A0YL-01,3.3762962869234685,5.534180574770648,-0.24273965977927203,1.6717498982617498,0.4540122795663582,3.722104879368841,0.522985164808186,1.6074025533805907,-1.081395595545278,-0.24405368148916917,-0.4691414345830346,-0.6374510861707956,0.2681480510757974,0.5538413231040058,-1.6059439466856766,0.5778674680247529,-0.16475084823349237,-0.29452884010987795,0.6053990226792637,-0.9298494516005448
TCGA-AR-A1AY-01,17.645037152581466,-3.8201567652073605,-3.6626899484035795,1.297279927481041,-1.860512371539502,1.4785341091327182,0.8501408101662069,0.40073160242118006,0.3114373540773505,-0.212799940617535,0.10540656489316577,3.059841335644214,-1.216948084622096,-0.22113765883654285,0.5075560841104062,0.9104510144036709,-0.373768309868985,-1.7191802309654922,-0.9602427537044145,-0.9706788379942871
TCGA-B6-A0IC-01,-12.823139817683442,-3.548638046899031,-2.99973113644801,-0.8408852621987912,-1.1437060975162106,-1.8836821310727758,-2.01334280226526,1.2816782316753152,-1.4117126331064156,-0.824626505631754,0.5880949645981175,1.3980302211797722,-0.8288521432843013,-0.0574469111973603,2.4917031151428697,-1.3583600757485152,0.9336706147485677,-0.7261122484149719,0.6940585143403192,-0.9292145718880384
TCGA-AR-A24L-01,-1.5729972707715507,0.521933077150471,-0.45854073153816627,3.5425597079656783,-0.43964934766582076,2.2708461417196135,0.16803194728308285,-0.757238541020984,0.3629041383586332,-1.2227564088283747,0.32017136377604294,-0.46426579233940257,-0.7514465106017741,0.244032728402998,0.6990050726238556,0.7128430483958748,0.599322825327905,0.19264232509889112,-1.422115827901286,0.6424574931697468
TCGA-AC-A3YJ-01,-11.023680693475681,-0.18884885280161698,-4.184359539800928,-1.2946944044355182,-3.3141893944568195,-3.8527108306856896,-3.66189123275512,0.26244307906309755,-3.527916850009947,-0.9408466218672331,-1.020500964542609,2.4234209357907335,-0.2995853404810238,-1.1700301273587812,-0.004953725709790578,-1.3793552336031336,0.21872610162071887,0.967204668729859,0.4288261811123713,-1.41507606490535
TCGA-A8-A06U-01,-0.3105012045392659,0.7939347217819317,1.226836682928617,2.5532812769163042,0.3217928737319196,-1.0026908277521016,0.38370225821411325,0.29211151884515435,-0.6102862382637442,1.9010644894877684,-0.3585155713166663,0.36180348361154013,-1.1609810842277732,-0.1915246220151344,-1.507664354994746,0.15180232236951707,0.8775813961421913,-1.320030563522783,0.1861117682996461,2.129255239241669
TCGA-AR-A0U0-01,16.38588798563159,-1.760229658982527,-2.3600192275646954,-0.358800538765336,-0.34084419221671375,-0.9960010790147427,-3.0130033585925307,-3.5157902998961763,2.306522935720784,-0.3324995349725727,-0.7200119527930479,1.2604767200974742,-1.170334322966612,-0.9279498009234086,0.5136273481543023,-1.2498609834565737,-1.2387055211156757,1.8242354257761915,0.5033299591392492,1.2260889171239198
TCGA-BH-A1EW-01,-2.1980733581936653,-0.7615152166899902,-1.5365114161240745,2.7253644524585767,-0.8937328185585285,2.4085859169883843,3.04102399892835,-1.087515285172936,0.7903473441172792,0.37084693200255986,0.37226043803375436,0.2060252205160763,-0.496734458740342,-0.09586151700012366,-0.5626547461356517,0.8865978888000114,1.2339844899709407,-0.3336909609550104,1.2370328605825032,2.2331318868170587
TCGA-AN-A0FF-01,-9.913610120279282,-6.0351549594866,-5.857832297126455,1.0614998060120142,-2.0602457282783417,1.4265693902820153,0.6698406016834578,-1.674169175848236,-1.3024437621143548,1.0979448992895477,-0.173084976984581,-1.670727151864588,0.43894863960704084,-0.9589902034430129,-0.2871769367229736,-0.38000362550565103,-0.9243062209091534,0.7190750504131916,-0.7416565642925526,-0.09634885659325247
TCGA-AN-A0FX-01,14.288870312311204,2.2061467139346043,-0.4070439577660792,0.5779150027299034,-3.004915910448856,-0.5041354754430868,1.524199295674104,1.0148403259332477,1.7257646729890916,1.2584747967938406,0.05455203955860187,-1.6275902203387653,-1.0757199213307735,1.7198890090443189,-0.13268672367015824,1.7074139589467048,0.1388670776796046,-0.38275007066421246,0.17517620937731268,-0.34595733593250994
TCGA-BH-A0DZ-01,0.6589689879883693,0.3792339736648031,8.35204149133278,2.1275417838636175,0.788825340915968,1.1576101662040736,-1.6823056959585285,0.685484545396896,-0.44235752889902025,-0.2450479759376882,0.1429014244462391,-1.0819710334415458,-0.46490813087586913,-1.0933698173076034,1.2047720900139123,-0.00507342719659657,-0.8175936382478796,1.446070818701844,0.37118888466943806,-0.968344478719068
TCGA-A2-A0SU-01,-0.012165972772616907,4.802832406004967,0.23201377263334277,2.2841204126122467,-1.948268374859649,1.5850977782288156,0.9118435097576005,1.1496168717775044,-1.2664559036788277,-0.6216529797480702,1.1422066400645279,0.13756870188048173,1.0474819215899045,1.9107794975191699,-0.3460401128375128,0.5606515518874078,-0.4243232511062726,-1.1287212844993146,-1.053848124962964,0.11774464627688778
TCGA-E2-A15O-01,-1.6984780829014403,0.107746211305637,-0.8010876723264466,4.554626170753126,-1.4985242952862539,0.8613450009379179,-0.6898629587941527,2.7466664966397474,-0.6910913945604631,-0.3001858068608619,-0.42138152108738613,-0.49016701494209164,0.8019877730307753,0.3351270193071649,1.5916747965253184,0.1008067447313514,0.6073979869559508,0.1983093622356145,-0.7053351079982294,-0.613138827948752
TCGA-E2-A1LI-01,15.20530468831961,-5.670061516095922,-1.2918210267859764,-1.2114814024955565,-3.2709031736529477,1.6376537033552916,-1.15315838404938,0.03942719105717605,0.30172653184402515,-0.7927363671325381,2.145547623598216,0.5212709974927336,0.8548201124856771,0.018183195736775275,-1.4007051043856542,-2.0963082456576654,-0.02729005969166754,-0.2786572198307071,0.7539742359720075,-0.19256501541328697
TCGA-E9-A54Y-01,-5.61971407276039,-4.988414006556351,1.3736921817126913,4.692823462971316,-1.8165296243513254,-6.441990420895247,-3.5305038891470026,-0.14593883956420572,-1.692849933020765,-0.47722277807105135,1.2885838355384134,-0.6064921637008187,-1.7469226442918222,-1.0667543570209965,-0.21184350035409935,-2.2415661678117185,-0.38423293471760595,-0.8337294522023828,-0.960569112707728,1.5850608899324539
TCGA-EW-A3E8-01,-3.910921011201602,4.19941227915761,2.612496428398374,-1.1020531538681295,1.9470459675526637,-0.8302407040062088,-0.039447252871945435,2.2701257933792993,0.4141394275679334,-1.4253174697613944,-0.5529591085234191,-0.34465105994261797,0.6339145502780279,-1.3220415441370679,0.8877227346189731,0.9976135630893969,-0.6701984784022926,1.3872181280089093,-0.08292594665696301,-0.3118645805718006
TCGA-D8-A1XV-01,-9.253602298481814,-0.7408915235193306,-6.107718156875502,0.8096212699549268,-2.5928127686177134,0.08078347733871481,-1.240449431994503,-1.6135624100630623,-2.4172403401737927,-2.264313961006811,-0.22285011969657478,2.294366827155776,0.20340331280673,1.4798488769872964,0.47233137559793176,-1.5804955471449158,0.776480651419323,-1.6461011975640814,0.7265775663938657,-0.3885087749781214
TCGA-AR-A255-01,-0.38277446315362956,2.8980454022765905,0.5084396496765738,2.566033703947802,1.338976494313795,3.060703812362317,0.966918303297706,1.333635372469717,-0.3338848371204764,-0.343730910575532,-0.13787778246733987,-0.772721380335737,-0.7219911119939335,-0.9881393791549271,-0.5354092898123435,1.2672770510096767,0.07801694611156666,-0.8957889327554418,0.30082338602821396,1.0530002638186446
TCGA-GM-A4E0-01,-0.9394479258527545,10.330905055250001,-4.173102708549362,-4.194828944793244,-1.3803561457336322,-0.3501028651791883,-1.6182081849354732,-1.2028832382285188,-1.3024338382065745,0.26896301249261306,-0.15850742003337068,0.24114373449317705,0.353195075768049,0.04177307933467612,-0.9812276693477937,0.039791997834295496,0.39299113523507107,0.160870993028619,1.5122437076425967,-0.30160071256614435
TCGA-B6-A0IE-01,1.8332988197570592,1.4600887686810402,-0.3539534221098989,4.488449624336396,0.10128720626169216,-0.596720581795336,0.03000137769345178,1.147585769215387,-2.21589051191248,0.09997879483564324,-1.3795564019498119,-0.08025911312647446,-0.7030157862297347,1.1122310903217456,-2.0843365442192376,0.9070475992606402,0.41711951505891487,-0.14051569279442308,-0.3487584726973488,0.26460067583067115
TCGA-A8-A07F-01,-4.08178321404947,1.6204270773027976,-0.3187052973008595,1.2943544287159,3.607323012753133,1.127285807190755,-0.25909476125723185,1.1647352530042498,3.618895813959074,-1.5408437079342356,-0.5667642168566467,0.32468519900770554,-3.0116339813378006,-0.8989910955753248,-0.992421715491197,-1.4433103205983626,0.1431361468023711,0.18362815819869757,0.23341410673491472,-0.5994892816822885
TCGA-AN-A046-01,-4.800570491194081,1.2028378357535285,-3.8545368915210743,2.3938816748502236,-2.5975283720039117,0.7511984984839606,-1.1964409588122593,-2.2977176135425683,0.3075849825626145,-1.0479885121780692,-1.9412029105694402,-1.099377128649689,-0.713840514923154,-0.11556376923182446,-0.4129135503237339,-0.931505699894513,1.1522292726580072,0.46258599755584506,0.6376208704282457,0.0689222216491117
TCGA-AR-A1AS-01,-4.563062746475272,-1.9663628164000448,-0.052797992237064474,1.6488741846419337,0.37104400147069005,0.7454111680071396,-3.796088252244241,2.345542303241366,1.4732918895483287,1.7873894734867208,-1.595358135271369,0.7539565337736291,-0.6879679664578494,1.1643805339091788,-0.29890162126189634,0.2764918309927512,-1.3679730160179486,0.1973122113609206,-0.49851372485649853,-0.014221771156859119
TCGA-E2-A15T-01,-5.270572573023556,-3.3249189000906636,-0.012873458254437326,3.046228707466331,-2.8513517663074475,-0.37303757440849866,0.7198327198783062,-1.6192224365618302,0.11263015860554267,-0.5233537591178626,-0.18605548301993363,1.2951098192652895,1.8209423063157084,1.3537770376599567,-0.40204218941300457,-0.6446612315112445,0.5309018092341773,-0.7171501063798431,0.14443703929133428,0.5098136390351957
TCGA-GM-A2DB-01,4.791934779121971,-2.226821096116435,1.0672401957998245,0.054469141811009765,6.910519647373525,0.614599777992246,-1.9303289107475816,0.21814121216714089,-2.636722168409021,2.1451147360595932,-0.12447312782452734,1.1207503737934048,0.2598198581376962,0.3766136034259139,-0.8807721375837375,0.677584650020469,-0.2832783146123086,1.2300745079478315,-1.9922818440248038,2.0401038652000683
TCGA-EW-A1PH-01,17.48408443932336,-3.978283355453392,-0.25407417348281314,-3.1596728720989917,-0.8715542342978645,-1.1719711957116365,-1.6087892155650347,0.3138158796241595,0.8037986002421207,-0.5162096653857051,0.84590279939158,0.2077979019856874,-2.7178020365036493,-2.7401783417214234,1.174202423054547,0.7016391315543241,-4.196037943252451,0.1526312519157102,-0.017036589655172237,-0.2517285186684145
TCGA-BH-A0HP-01,1.3206855955927552,4.716162080319486,1.1315657112388302,1.2976653598874623,2.5842994829653607,0.3518981005889361,2.504254949605411,-0.08108670416949532,-0.3389216607357232,-0.018432057741779903,1.2563892353750474,-0.23990411884137952,0.5684527404220946,0.7145037282175594,-0.5809901625962355,-0.12413764438645995,-1.2053805443115073,-0.7940291955652283,-0.14245607214628592,-0.35029710943226045
TCGA-AN-A0AM-01,2.152632587582002,-4.241177780602913,-1.4816323687132735,3.456889038717702,4.892152600888939,-2.4703448807267945,0.3496498838983717,0.1138455977381671,1.7534263351819372,1.4463460538320974,0.10618742214323584,0.4304849517822871,2.3640641984936535,-0.818514549740886,2.8632472224189383,1.03339582720694,1.6483137759909277,-1.0241006247643407,-0.15018331213806355,2.52449426820054
TCGA-C8-A1HG-01,-0.9822052824466542,-3.9215430807744727,-4.581281617496168,7.463468417837931,-3.201681374589779,-3.252008539869035,0.8633059485980734,0.02696031260688191,0.40434236637218246,0.3721872350795824,-1.3333583575706924,0.6227527572375052,-0.7511258582611008,0.9446725319190662,-0.046609874222738205,-1.0124056840998894,1.135041729325199,1.326351394347878,-0.4973496909752824,-1.0758062975812033
TCGA-BH-A18L-01,-5.963645869995778,-5.993033128699082,0.5901616704012317,3.3034027962695416,-3.0902828470888632,1.9280762800727675,-0.2862749903920205,0.6530976234432361,-0.031225374342414194,-0.5774467331076643,0.925550602690127,1.141244538773915,1.2554097407713865,-0.6878290706684369,-0.4137869574863147,-0.9927385451502087,0.00028943997058061816,0.2985444720754739,1.866800757350413,1.3408502996648242
TCGA-A2-A0YI-01,-5.222623182090711,7.629320625924378,-4.763682635237394,-1.8518742286213643,-0.9834354721152514,1.5312929903572332,0.20765378969967685,-0.7914274116784079,-0.7795777991954971,1.9138293967340712,-0.5448336027630276,0.7488757873302715,-0.04745893660695191,-0.2537629566143388,-0.6181052506723734,-0.33507645717643425,-0.38919862562627644,-0.10083212957539364,0.02405275368837216,-0.01769192139095121
TCGA-D8-A4Z1-01,1.3299514716505911,12.563869908663072,2.5751810833260906,-3.115621593746214,2.4660513299576508,-0.5581698527647168,1.9818521512496847,0.12741665796753177,-0.6259796510162676,-2.0528169913747507,-1.630415095494843,0.4006872629384009,0.2865363117801525,0.8213528331963224,1.1858800850152609,0.16982940158970403,-0.16874852736802518,-0.5094383313665499,0.6608569730548537,0.1899138719919703
TCGA-GM-A2DK-01,-0.9610932004686448,4.278286902029091,0.4275019225083916,2.8500433219561607,-1.189154094852735,-0.4646940334384509,-1.584712367185087,0.15216208401818612,-0.15320949354353378,-1.4427359577051861,1.319915179872208,-1.467463215835122,1.3034651714775751,-1.147790501559817,-0.3666445010114438,0.6268040044507707,0.5287087257609987,-0.7360516330847344,0.29375270281737126,1.7937780644526686
TCGA-E2-A1L9-01,-2.5015451256682457,2.4012887950050414,-1.4443736152583824,1.864419269121517,1.8787470549982588,-0.7899758565397753,-1.7367515496244172,-0.06123394864804902,2.1522258825799403,0.6003204033493708,-0.31749364142732905,-0.9957486993809598,-1.4220483853501746,-0.43021456973618705,-0.011714734108537015,-1.7350258525991542,0.48925506775975236,0.4688879394620237,-1.0991292354867352,-0.36611763111881823
TCGA-BH-A0BA-01,-0.14211163042363956,4.44488466514017,3.2255183265211516,0.7149907153800651,4.1640720928809465,0.45794171971390557,2.378231331741455,-0.7155112012732401,-1.2540062113893595,-1.1473837902765767,1.0282680477515787,-0.1762522551244915,0.22330861629020624,-0.31786041611461896,-0.20109913421866976,-1.097610503655884,-1.1542239482127747,-0.5538401709016915,0.5670281782465612,0.12064775084012223
TCGA-C8-A12L-01,6.319331261562576,-3.773692984537255,6.41833907232371,0.18116858277543382,2.5080083175951904,4.282433315849101,-4.09182906847522,-1.5489615316005667,2.495524819720248,2.037223065611413,0.4687319862449332,1.7278549394691307,0.3047044611827077,2.1305388587472796,0.7062363782608904,-0.5264334028523839,-1.496981365223271,0.429519754487294,-0.08155707013877485,0.5143060870609955
TCGA-A8-A083-01,-16.18099259278227,1.0718283698547222,-3.268686290373517,-4.845743404032275,-0.196802259703065,-4.2733087584610345,-0.5838301576127597,0.07123586671417181,1.6715182055804423,-1.8286052129863042,2.16719426665776,0.47204759072340063,-1.1229754445296734,-1.6684969154263625,1.4335041038082992,-1.2269306829789546,0.7031959700408893,-0.38970231299559116,0.05499314104405841,0.3616355274829809
TCGA-D8-A1XY-01,-6.118645609942777,8.552636517857769,0.24469331503189753,-1.2903065888368555,1.98003383616997,0.18836035353703387,-0.8507915907248829,-0.38516640494168525,0.28711702508237946,0.30797414644437826,0.7711271801651214,0.49105583570554273,-1.7748606718053905,-0.7767240556689984,1.5440599620749897,1.0544891254524413,-0.03261955338790706,1.183984067877511,1.4947840259516332,-0.058696736616547035
TCGA-A2-A0D2-01,17.382577484461578,-5.187360766173396,-2.6403368249125654,1.1885789621846075,-4.089573270096241,0.10532037042023273,-2.2822954862882825,2.1068044329729356,0.19805243830227992,-0.13692354939094814,0.7969120255985238,1.1847079698086764,0.5490491883237633,0.6496715254063785,-0.12802917551726406,-0.6690743919964358,1.7481779544084135,0.8258199896356881,-2.0138991813418823,-1.9309516014512473
TCGA-AR-A1AL-01,1.4399832510672976,7.571303204971924,-0.07339196019794031,-0.2704650799798705,0.7831292463294917,2.4198503195193966,1.3071421644794377,0.5057137120383344,-0.9229340863447103,-0.8837462989836864,-0.36537136160975775,0.32954010079002294,-0.5532623291293288,0.7568067699279954,-0.09628762175468523,-1.4028658149635056,-0.6891466604720308,-0.5329868889559348,0.9946148083315948,-1.1194133648765197
TCGA-AO-A0J6-01,14.24873371983185,-4.1471106740493715,-1.8803628297456472,-0.5538592335111872,-2.647701798506024,-1.2857103136372505,0.48351472940960705,0.3009181038389023,2.1532118507774665,2.6176510780429463,1.1740595340200308,0.17698762350483735,0.633611477596028,0.14354243431472252,-0.5502950632959465,1.2142965264516299,-1.5175234260535506,-0.1779327751481216,-0.28465865340137736,0.25831115576809455
TCGA-AO-A0J7-01,-2.770796343760474,-1.808958137698,-0.9872548849090148,5.296653446306068,-2.8594527265900966,0.5142315246473782,-1.1358472373472053,0.1420133395921527,-0.9977322575073656,-0.39990900719076933,-2.2866636716323545,-0.39986368207054185,0.4952074659136932,0.17793226553643093,-1.3700129907992986,0.2197618336856343,0.9582141108341055,-0.27986904874676954,-0.08076703726664688,1.3148539391439364
TCGA-OL-A66H-01,-6.819649261111118,0.48389787533517914,-1.1615044466533373,0.6372186000486226,0.6834094261246042,-3.9409426888508183,1.1229624844778563,-0.9643158432146537,-1.883752403796805,-2.7561901390227006,0.11907915915841628,0.6011923442450758,0.7775916813259586,-1.5645053641712139,-0.9070070531823683,0.3539686475214953,-1.1917257125247833,2.4915327374940652,0.7492954992279075,0.27492080303224503
TCGA-D8-A1J9-01,-4.409024295246228,-2.7665733811881656,10.764554446182313,-3.077474301873927,0.28807506219337586,-0.613393059582505,0.7476315789853697,-0.18519550602258006,-1.2509765667874873,0.6166755022647179,0.6729361547577986,-0.0314308525085962,-1.4920548602039108,-1.4138718466499156,-0.542107085868024,0.06459513289856073,-0.24417816053099253,-0.18790056322177306,-0.9392669638431773,0.268368282124764
TCGA-BH-A0B5-01,0.6366285827027686,-0.026416142790106116,0.9793872315857773,4.552615172617116,0.006436505657651375,2.2453105394101605,-0.533908543241047,-0.16463992268983618,-0.7395803725203566,0.9663141454995049,-0.7464034613334075,-1.0222223153061105,-0.5650114624795861,0.3877837753184248,-0.6512403011230983,0.03822310876230363,-0.16233377175777397,0.10352680108501093,-0.5682513278811766,-0.9358679134654856
TCGA-BH-A0B4-01,-0.7066292711567667,1.6616806175602647,2.4039032323132843,2.8368177737023887,-1.5336666977325613,2.172419765965237,-2.2047593024020578,0.6578038607872545,-1.1917355963756087,-0.9845804884367721,-0.28819241868025447,-0.5022285891930395,-0.1753683947855832,-1.3403943206167945,-0.4462021217235377,1.2658772812545172,-0.07448977781030741,0.4230930314420593,0.2900046570834136,1.7014012160637613
TCGA-AQ-A04H-01,-3.99935854646443,-2.2994031102580825,5.219076997262417,1.796569207904933,-1.1712148442659283,-0.5619916382767299,0.7585713048435324,-2.700057882224815,1.2568104766374657,-3.139233794604006,0.8471280028479222,-0.5409959652383951,2.439117118211567,0.1686912253977292,-0.7301322372345073,0.135505558659064,-0.2863900312843665,-0.43964800318229236,0.5214044497242166,0.673745686460121
TCGA-AR-A1AX-01,1.35848403850123,1.4061346474536545,4.655529136391411,-0.015923833347920566,-1.1887598799127956,2.702252779162797,1.7562568202175213,0.7095013108888268,0.015686073073375387,-0.84073256745248,-0.803751034789358,0.9890112860851461,-0.429693358648466,-0.03826902503172345,-1.1233608654835257,0.7518519279797188,-0.0312021386077845,-1.7595174263755942,1.014244868373441,-0.00958244381970861
TCGA-BH-A0GZ-01,-1.7189682465472464,4.067867729124781,0.07494865492278402,4.218988743972402,-0.12828521597741266,-0.6619720761136961,-2.318147191091186,-0.3143651079060518,1.025581615288088,2.2289711932220504,0.32136109548213687,1.6815655114778785,0.16714056810615277,-0.8127755130787553,0.5816409495386996,-0.7372000397009408,0.9708723867788724,0.5303834235966568,-0.06962515436788719,-0.8296097720445578
TCGA-B6-A0IN-01,-2.3566521734020722,-1.097351751008241,0.49242447306519044,0.6734963670498757,-1.2421128798474401,-2.3124252131911494,3.94079673747559,-1.8277521734891735,1.1088115741729243,2.8072511780392224,2.04740515553219,-0.44498102507728815,1.4692458427174746,-0.5557279299106794,1.3962738139761581,-0.9161838086510556,0.991183046808327,2.250685328177337,0.08564760326155921,0.010155860097040087
TCGA-BH-A1F6-01,13.75083746658744,-3.6174426239083073,-2.126859487163403,-2.476284244793239,-0.4404441217342741,0.7917825367335838,-0.08632122609127399,0.02780446104816095,0.8840798732108772,-2.4536694071336744,1.2071166518488556,-0.050764776651008994,-0.5429640581887675,-0.7962958496986454,-0.40513722540070873,1.4457993542592027,-0.25570244935549447,0.16576897854076708,1.1053610409821222,0.624553506066922
TCGA-A8-A07U-01,9.640295418357887,-5.004578601820836,-0.5313446882197509,-1.4547932990403436,1.554857646676506,1.4609046859593098,-2.5221971650418125,-1.349256301890041,5.224435186377494,-0.18493192268047995,-0.5176643584030247,0.7027461027389803,0.7801835147040027,-0.9185775700819034,0.06099067247046212,0.054051982488630836,-0.12348450040705994,-0.0815728362354943,0.7789314582138965,-0.2296869113557236
TCGA-BH-A18V-01,19.127701133132604,-3.440858685230512,-0.7851768783319883,-0.06896818686078328,-1.6429879447498101,1.4899330005723235,-1.4876628515636467,-2.4394040499401695,2.9683376620352564,-0.2879237135259959,-0.42466205345046487,2.320079213319447,-1.4427301030247814,0.1664811307646049,0.2401513671830971,-1.7696833483102707,-0.4448253963881524,0.5691481743167534,0.6569808608187956,-0.28117353575659015
TCGA-AQ-A04L-01,-6.702332854535945,-4.43157239450864,0.28219375992033185,-6.014333670433481,4.622576935650872,-0.26390545644235824,-3.175075589651456,2.929429178982149,2.0504564614100325,0.757115806781607,-0.4131316761428683,2.293912932143897,-0.85308750623079,1.5866624254083566,1.0436071773220243,0.888613672313582,-0.38408582407802094,1.1326389675383264,-1.8482402374926177,1.4255663952275783
TCGA-AR-A1AP-01,-0.6879248335091924,2.219396558803074,-0.34842655287758934,1.3443021004117037,-0.8313058368256175,0.8741535772035531,-1.7524850471525804,0.014040223556595123,-0.47437258382640735,0.6414323405875627,-2.439259752475993,-0.5887857959429056,1.6456661485559196,-1.1699288002858257,0.49850783682227223,-0.7151016453516276,1.4692718647369087,-1.3159604560183449,-1.217143383637591,1.24698468309976
TCGA-AC-A2QH-01,7.528222324291232,-12.509095127279606,-14.72801485319707,-6.760424191186197,7.077370114969621,2.6773311775958053,4.404795132218434,-5.672034991865718,1.664185245876472,1.4208524055249623,-4.991535232756115,-2.9045799330474966,1.8911695323085118,0.7306608455687599,2.3921704706534817,0.15866917477857248,2.114659277277514,1.4633618782248674,0.7521219460204819,1.0373235232044893
TCGA-AR-A24M-01,-1.4867746726702966,6.735839608793027,0.2537387018116355,1.55328818224671,1.1083850793870131,4.138864743355068,-0.21629479724503697,1.176311736319626,-1.40407565662459,1.0013413335853711,2.296154019387578,0.21633823500054178,-1.2653235073470384,-1.1542814910546406,0.8294966542995944,-0.7260856741051789,0.060884451498952594,0.010610010093600861,0.3710909890909753,-0.5597677526378566
TCGA-AR-A2LQ-01,3.532438421969385,8.087034523014752,1.4734597709499533,-2.8596603570187606,3.7873412796684622,1.0634046244502253,1.1372532502184105,-0.6060803700829067,0.029722773001566477,-1.305293135481851,0.44989399838962546,1.172832833704358,0.33269939766821716,0.6170349574661997,0.6154369969198022,-0.4906725304212935,-0.10453629177228699,-1.28304838501258,-0.006673194566458599,0.5297356837891329
TCGA-AC-A62Y-01,-11.08627982582409,-5.117742485079621,-6.334467271847076,-2.620824090368637,-1.5464086191179205,0.8589990378304325,0.40407389515594894,3.7465057331546476,-1.7050420588328845,0.7238583448311929,-1.8829185296677549,0.19375316106645854,1.3539033381232086,-1.6369828418567545,-0.5179807118688811,0.22922905666362905,0.6173454017317328,1.9099827703129726,1.0593399140704833,-0.08591421392181248
TCGA-BH-A0HO-01,-7.500250981572422,1.7335546802591715,-4.542990154172371,1.3785919252058119,-2.1038870688504065,2.823613769267354,-2.726965746376277,-0.15278988266405305,-2.9243044220321175,-1.0691030029204862,-0.3071831653237426,1.319378680973285,-0.08580987819900789,-0.7920960825537308,0.48106558122367976,0.5011493250075963,0.3572759468997384,1.2485383853653,0.294472828575149,0.9564175458338094
TCGA-EW-A1OV-01,0.6823210470893626,-4.782545660267352,0.07904519874145022,-2.9008392090750874,2.8146731235421125,-2.3762639346048595,0.8743444304185645,-1.419866838685604,0.3583085007737208,2.1266054855907797,2.3089758914837106,1.914718260548399,0.6352579349117152,1.9365529653992657,-1.153702183255401,-0.6469753817289504,0.8511126717395195,-0.5398930911408347,-1.9953261378405338,-0.9063568462124167
TCGA-A2-A0CK-01,0.2838285203629655,4.323600412283896,1.6111068740248866,0.5422247650286508,-2.2986542577899303,-0.8589197361459804,0.5930440666554467,1.7720740705015052,-0.873699767279765,-1.0154337021082305,-0.1929894992078476,-0.16846003717719304,0.8293654912186251,0.006601607607290032,-2.0225239919332467,-0.12233130431887089,0.36134667731726094,-0.5564415338308056,0.014050566220961349,-0.8225262426991661
TCGA-E2-A1L8-01,-6.206337254443178,1.5090274399201167,-3.0144118051140367,-0.7964202241992057,-1.7592594516199767,2.9782139852775846,-1.0679244265054229,2.3519617068199445,-2.0081717161308577,-0.3081083485304575,1.6066464246049144,-0.27540765978235976,-0.04023516534329035,-0.3223335413359558,-0.4024412584466279,-0.17596143418385973,0.2468548788270162,1.829855259174791,-0.3768173546557631,-1.0694995960295743
TCGA-EW-A1PG-01,2.931614024261576,14.133241121429231,0.5612362872869284,-4.6884061721605015,0.7927814208176,2.3528723498252746,-0.9336039618020373,1.710165112208837,2.20361045975297,-2.4421613469275774,0.0032699167326678074,1.8747487239401737,1.0313445643507448,1.2500647944075038,0.8550270060867937,-0.6009581277427148,-0.41252178951246193,0.11690469873600624,-0.011051096571058803,0.8028463080726734
TCGA-E2-A14Q-01,0.8191842941018334,6.545521033676695,-0.6495496124113169,3.608055954414988,1.6218007132802736,2.881979656888499,-0.6474806131661951,1.365621143237893,-2.329636821707062,-0.21626914382000204,0.3602162312993781,-0.42087578714518437,0.32241041135726045,-1.150217304871831,0.024253040529961606,-0.54919563517938,-0.2985991691132036,-0.07427913048920742,0.4075375701555574,0.08108779036547957
TCGA-EW-A1OY-01,-0.7260951862644889,-3.1818298297893697,1.1061786380965157,3.9721253678395523,-1.094430720378314,-0.7775419826202566,-1.2564204351834354,1.9369580961846418,1.9424997145251934,-0.4665796730978731,-2.4826131563597915,2.149790676810631,0.49341472332984293,0.25728967863827124,-0.6770775809020277,0.5030215152732456,0.8186842020743776,-0.3415515559871432,-0.06670876189353177,0.9503371666661825
TCGA-BH-A18H-01,-3.622001409599394,4.370755271192064,-2.448657193200687,1.5398739956036156,1.410292544996217,-1.5876157795516999,-1.3809681785244734,-0.3244352982201025,0.6579111275146692,-0.90866617369027,-0.19688746243403119,-0.6758809789804587,-0.7914761879597297,0.03133797148137085,-1.2294583571713342,-0.5308155512336689,-0.7114573755667416,-0.8035038180354669,0.397900099791678,0.7985323316432161
TCGA-BH-A0HU-01,-1.8235779213976293,-5.979244208495711,0.9885508537272533,4.452967673511012,0.8351733748195864,-1.289438766124099,-0.46224796459461626,0.8603924264791608,-0.35948001469877217,0.5156186683389711,0.25879316318007267,0.4279706839996804,-1.4411943903608426,0.8983474999455349,-2.518385476820036,0.6495302305767444,-1.4849318398427092,-0.03330014690597448,-1.0042820930959886,-0.11411156600486874
TCGA-AO-A03R-01,5.8965944722338905,0.7275081203418166,-0.1433542839479835,7.324764932861543,1.4382114735332798,-0.12133232546800293,0.8317927415745096,2.3796623130329704,-1.0326916750282453,-1.9125268326413016,2.218201075870265,1.2476413835083067,1.5882418432819772,1.0471787771410537,-1.319023760520733,-3.022178914147916,-2.312926505887497,0.572981152092944,-1.5436456997267185,1.0841753985908746
TCGA-A7-A26J-01,-0.5892337990532353,1.5906566553883728,-0.6113306422813495,4.122935561947854,-2.7769542011939325,2.924159809763615,-0.20453814893446662,-1.2832452451357044,1.3245546979632037,-0.345481151646006,1.1718529032008993,-1.0125272533170633,0.008545040095934422,-0.3471184466146515,-0.9034576665364066,-0.12915698629672626,0.5586254828170374,0.2063727957588534,-0.8372882772422323,-0.03123351441617473
TCGA-AN-A0FS-01,-1.303770490173623,6.833360052483126,0.8034326304639788,-0.5089486026510722,2.021868832481423,-0.04498216431262653,2.4760191038435053,-0.6529427072103952,-0.7380630129754927,-0.1295716050899366,0.2661179571885231,0.42128770985752517,-0.8046782852892456,0.8394552783944865,0.2121245165439316,-0.7629742854977237,-0.09803865259302627,0.07818366849775811,-0.7932097751140119,0.11513070301701761
TCGA-A2-A0ST-01,11.690895835780951,0.6061482766168157,-0.6135539613293268,1.1030152269555784,-0.16081825627831542,0.5302136401738642,1.5021001638934703,1.1473322968944455,0.5617339963665583,0.05124681784406061,0.22259214256442056,2.4044660585286692,1.3103470475984376,-0.8308888740909791,0.1507549230795947,0.39797223171987367,-0.09106013922102457,-1.0112126655444442,0.17264512342835756,-0.6476322020065061
TCGA-D8-A27W-01,-2.1769729152510973,-5.062178134645743,1.7862786552195182,2.114501343329821,0.7402327312052435,-2.3585806508074882,5.8063562701692915,-1.4507435349377114,3.778919817088836,-0.6867322277247601,-0.1425681099421082,0.772474104293705,0.2481688322101401,1.2059212293283823,-0.5297931302727451,1.3917608428673633,0.3007875406762593,0.7657819129012872,0.1384990827814465,0.5809409234752573
TCGA-A2-A0SW-01,-5.407288581951045,-8.465373426847382,-4.176935490193624,1.8136677999384212,5.981992921301342,-0.4827911720933355,0.9299901228272106,1.746526347773352,-1.2401718516432345,2.59012131327728,-0.971077811985606,1.033903151858162,0.004133048183705202,-0.9629112610384182,-0.009907001788094469,0.44492312703583625,-0.36229171779770497,0.22087694510622705,0.21923549519414776,-0.8505180246778455
TCGA-AO-A1KS-01,-2.4875680464643337,-2.4392514520850015,-1.0159317603354279,3.2810030394880747,1.5662912351710836,2.035560470464707,4.22896903326773,0.25723063096656285,0.6252366525778821,-2.4287623504753464,1.219163797502146,0.8052029468468763,-1.5370117383869781,-0.6829730210938874,-0.14935541837332134,-1.8724438451125502,1.626768150503997,-0.4622554557063672,0.8889507424374166,-0.7629898550910146
TCGA-GM-A2DL-01,-4.463601593766561,-5.622224323770487,-2.478998916550612,-0.805388614553005,4.4469071092007635,1.1678042782556242,-0.10785638624024653,4.07842271153514,0.6568502397043502,1.3508406342384633,-0.816649486410119,-2.8091504188265035,-0.18820120858617384,0.9943026416565593,-0.9716387388724832,0.8271467182542547,0.26840206536575056,1.0449785480144964,1.432650158854599,-1.0389658537329138
TCGA-A2-A04X-01,-3.1668393862796465,-3.3189194271443676,9.109716566180657,-1.489584350691977,1.8892787579401844,-1.9627947159598362,-1.6912944328277286,1.3992456056081943,-1.4646986758389693,-0.3844340240437095,2.361170554017488,0.7884965085974811,1.187750987054929,-1.475331352901376,-0.09739894889956023,0.5641847232897734,0.8792917823927505,0.9128529461776331,0.9515028103743693,-1.0387252607746131
TCGA-EW-A1J6-01,-3.110688774049872,-0.4368785096144634,-2.779062875538711,2.819025841990606,-0.03829329616864077,-1.1064840706458363,-0.4579180233735388,2.0780640204504026,-2.0392556736508913,0.7186013575747975,2.5891333634327114,2.4167962729344636,0.6915544159566155,-0.3448362617430928,-0.439641345826217,1.9420338144081943,1.1365425699340672,0.3472689533071844,1.3077736817795367,1.357886099867352
TCGA-B6-A0RP-01,-11.697687403097945,1.3649378952698297,-3.3000104942297903,-3.8510151335570724,1.5597481063383583,1.7809731982554955,-0.7054739646986812,0.5279574938271663,0.8302093594369949,0.5742178406718553,-0.2838509515028912,0.9598507436635464,-0.8606668389417591,-1.747883820394851,-0.6470189743511353,0.1308346051045239,-0.7497472793066221,1.6844182450296652,-0.3227686037393208,-0.0723665823306108
TCGA-E2-A159-01,8.353581680718973,-2.042375176682648,3.464380305089937,2.2940481369573438,6.022691015319788,1.5387571607049246,-2.3321141328473347,-1.3869893954024963,-0.007606766475586982,1.086345045108341,0.4427848012488343,1.891848036695095,-0.4001739929690506,0.7507412917141687,-1.0446322942362007,0.5997262906132337,-0.2986626354747184,0.08973887756762951,-0.6107587658187105,-0.25939624624847774
TCGA-BH-A0W4-01,0.5222205448965335,6.249086420413666,1.5095380203947417,2.6152738565080007,1.6146641713827745,1.5387751731117087,0.26664597531547174,1.5935171830841268,1.227727958590314,-2.0932866659689218,-0.7598865166023253,-0.46187921545705524,-0.5830116000618182,0.7526810650456066,0.9101929027602098,0.3811568824186619,0.2681076658142931,0.309154708150399,-0.3804851132142236,-0.17781715145670327
TCGA-E2-A10E-01,-4.431259717610465,2.3483355667477515,0.0063515764715299,2.4936755582732637,-0.33764575646034534,1.9556330073438628,0.1739976923865708,-1.2996066189478575,-1.7433699872212705,2.3038618853460004,0.20542841223512023,0.3541920239192586,-0.07281236702391182,-0.32255148918942933,0.39906683181512304,-0.5246976009943533,0.5658073780177407,0.4904140400106345,-0.10607874410957707,0.6888832152746986
TCGA-OL-A6VO-01,14.362753498726045,-8.038935471961715,-2.9207942970552088,-3.1079317789723544,-1.0513728351942855,1.4812328725164428,1.2860396518868356,0.06403530600221966,-1.669332335200193,-2.9837122020991242,2.522744547227169,1.2973700283553362,-2.431927168210962,1.1570937228289861,0.1637135334495986,0.6876496890351309,-0.2954491087678911,0.8192416320039799,1.7494856485089345,0.007766644644965778
TCGA-D8-A1Y3-01,-1.5917110046855103,-9.794927652213127,-0.29128381678244897,1.6431273514696256,0.30696575016368904,-5.7443708791752055,0.12839575294263167,2.9147600784797083,2.2949739234256405,0.3789160971749403,0.0954796033160572,2.5719410820061075,-0.8520005323322396,1.1790213325425112,-3.8600560452299537,0.8095126058835354,-0.6412876861499206,1.3250448981124083,0.4697400550210213,0.9135959493316487
TCGA-E2-A14V-01,2.0779387804665004,-2.6782358181916925,11.10329219913153,3.395741096908287,-2.905975871215611,2.4906841988183284,0.12425516739173229,1.9044322420499025,0.9118677900274101,-0.21522916437314327,1.0263995838109754,0.2109286109682637,-0.1639846626013269,-0.9632863404242279,-0.5022601986603572,-0.38350895490254905,-0.29451449238843624,-0.16962790226232616,1.29400776255497,-1.1185572540532913
TCGA-A2-A0D0-01,18.520571840097364,-6.499788505565337,-1.368427752980031,-0.2039555557527457,0.38200252893847236,-2.8794863159974358,1.3763490049612601,1.3317102392315343,0.7616238170388471,0.1545156403127955,-0.11595412816574115,1.2075170975188758,1.327509300378968,-0.8895518098507935,-1.4502685808776337,-0.8152123601057103,1.2562740569985589,-0.685485462214904,-1.113553818620752,0.1872560258118218
TCGA-A2-A0T5-01,3.313147671353901,6.497908505192331,2.6062787373663916,4.193745452816018,-0.6467575214477795,0.4403231759291042,1.7959738564159642,1.0538982680224023,2.0072292380873344,-0.30862329411940287,-0.010584421016182762,-0.3935464647020727,-1.1132047973496773,1.4730497365288824,-0.13911139471663925,-0.8544171414770351,-1.1381590029485014,-0.8477436192301929,0.09709854131128963,-0.19760397300015262
TCGA-AN-A0XS-01,-5.2905746446508575,5.296040139587137,-1.2382004829498352,0.2620352064676016,-0.38460338810160155,0.8188156717157554,-1.387957023991191,0.4745411211217757,0.5856501695585591,-0.12153511643393698,-0.8109695715594589,-1.1478054623761096,-0.49009624088683873,-0.8525416239314226,-0.2368777931236222,0.5256023815798978,0.8574005303756804,-0.3840136278570352,-0.6957733326015054,-1.5156199878200625
TCGA-B6-A402-01,16.471859339892355,-1.148044601381913,-0.11326290696739466,-2.5835523711673383,-1.759300404235814,-3.449497252396854,0.7365101038336512,-0.08435071060451556,-0.9229540711975587,-0.06220483000250121,1.329860529791796,-0.9644436052770832,-1.6431653533318424,-0.7994752755460032,-0.6407598995917697,0.5847625872780184,-3.907547981883479,-0.4113876302345236,0.5458120322974589,1.4964816144646778
TCGA-D8-A1JB-01,0.36649158059298387,8.621165052074764,-0.03649438330576795,-1.7455086614249267,1.0857942244905832,0.1565265231665416,3.717676496925529,0.00036974980396658314,0.7737297119056072,0.2936966463155108,1.6164659471422196,0.38551884702856076,-0.20491810019522874,-0.8291923228863839,0.4828823165461063,0.14760179920390656,0.8815397906776389,0.5368001746290179,0.8030484630325054,0.9651941976633084
TCGA-E2-A109-01,-5.815827560286721,-7.0599749882205325,2.4703113534362227,1.3529364915963142,2.1481174607540354,-2.9871023208425727,2.075821671482397,-0.8064837690499232,1.3059828439266203,-0.8250827558238848,0.7584184213823818,0.3216664417312875,0.5335827128555786,0.29510189054885666,0.43999396638922356,-0.6534145462333755,-0.3553670818630411,1.1697837977288918,-0.348227470897043,0.9568715005543396
TCGA-B6-A0RE-01,15.421185645597069,-1.7518745647253002,-1.6549385418171116,0.6905876195040377,0.5174344717501517,-0.3971943706805409,-0.18848123888979315,0.24624731403527925,-0.5729254939388402,0.0562394812462223,1.1290204377986086,-0.3641232818418467,-0.38555912429891,-0.7620945188964943,-0.8555831182738387,0.018914183555787292,-0.7491378874455207,0.5639979093846117,0.24661448683524217,0.4169171971282241
TCGA-E2-A2P5-01,-0.5453743998054064,-0.6777816345178299,0.6287147325708746,4.472176403900042,2.329995480841489,-4.0539310749452495,3.3530446471392397,0.4181411895419791,1.7862231804749522,-2.7243652572027175,0.2288267274128536,-1.2791278829796493,-1.6172864671173572,0.7101340880063419,-2.6612833029744474,-0.775185862364285,-0.24382900732111962,0.07021922822289005,0.24451987438785366,-1.2378496466960869
TCGA-OL-A66K-01,-5.193828251339999,5.54579127800815,0.0849877191370746,-0.9692700623777714,-3.511549842737477,-1.3822044090678094,1.1469274583689562,1.2851260185831392,-0.8458977954840836,-1.2982753597608603,-0.30468563386942943,0.13690880653618503,-0.7002899344914265,-0.17627780675871838,-1.0528496082336618,-0.6234165275029412,-1.006469368358899,1.198126139748462,1.1436463582981544,-0.5848188376701362
TCGA-S3-AA11-01,-2.306836202146433,5.2365523973092065,1.0464654628681025,3.5235910630835474,-1.0995342966532446,-1.8656458291078208,0.7832036148184465,1.287063934990772,-0.42480207943059917,1.4263227990025351,-0.04293426179923881,-0.8105682673234187,0.33761335578059903,0.2538421175496363,-0.6266343193454991,-0.5522769888065335,0.2204449805258749,-0.49758466656982003,-0.8403415343882674,-0.21810256914778747
TCGA-C8-A134-01,17.26608328965838,-3.407763473539203,-3.246478051795576,1.0243939886340772,-0.0565546925611015,-1.2482343248020833,0.6039754830004644,0.44121903826382636,1.5395238470379125,0.8079752052981531,-0.22943102215678407,0.24299708575153853,0.06861945110267004,-0.8241573190876857,0.4573400932077279,-0.9592720376719635,0.6917753515771189,-0.5751905093207428,-0.9374032814493637,0.5973418482912957
TCGA-AN-A0AT-01,17.5571182900133,-5.10532129745681,-1.1327145630459006,-0.3018522550796667,-0.08485024991988573,-1.3170057003282278,0.06518273117023637,0.9927300527945316,-0.6551056603524916,-1.4035094704878504,1.2826024736241766,0.6017700467777155,0.6572617775303674,1.1238295221550172,0.6036306871405003,-0.8300256529935176,1.1244470453934636,0.8936500550073042,-0.07323440671814656,-0.17458305112278596
TCGA-BH-A0HN-01,-10.782870800186103,-0.4387699102226947,-1.1277794417112417,-2.5006007891707407,-0.5793265746200319,-2.6995865819947054,-2.47322178692613,2.3605504389398924,-0.026169771930519073,2.086796372588531,0.37885757732859504,2.007807096003635,-1.397213929788552,-0.3024124135285677,-0.7024013365413755,-0.808580636816902,-0.3303832343676184,-0.16529864814881964,-1.0639433117331103,-1.0397402097421344
TCGA-GM-A2DN-01,3.2105265394573834,4.845471141480424,0.5481321752632483,4.317429409964226,-0.6402814303580122,0.23942739571042201,0.0916026294743718,0.605080886939391,-0.6073877253481932,1.5686132732322906,0.628468796620563,1.0328242378255645,-0.013854177356379357,1.3098359760564358,0.9591811084882378,-0.30955114172928705,0.04582572550576259,-0.7923743042550476,-0.6690400982794191,-0.11971052085521845
TCGA-AO-A12D-01,0.5086780938453428,-2.1406853216801704,12.603983863532441,-3.9925259272877165,-0.6962574389679475,2.632406334457494,-0.8194272322741869,-1.3502853108724409,0.8409863166860347,-0.04011173867441461,0.112706290383115,1.3308418379707647,-1.1917341819049123,0.5876899245320982,-1.047510397866458,0.8655711696822119,-0.38843455126315185,0.1844358600446623,-0.13197109159285458,0.8285736867061131
TCGA-A8-A08C-01,-10.932605594373138,-2.219514601428569,-4.963129159113959,-3.7803736701278257,-1.3831016934282305,0.6388116366437462,-0.6630880443849858,1.017005403557603,2.173444857344955,-2.0294589297570815,1.8831996453327027,-0.33694526815146597,-1.2285585378150483,0.7476379276665409,-1.6356977596553828,-2.5468522353543652,-0.028144919907031274,-0.12670758356841785,-1.5828425174766194,1.0177508325153604
TCGA-C8-A274-01,-11.160643864738187,-6.186572986717308,-1.3081691434324516,-0.5912455571573609,0.7444430039962331,-0.27496953901499893,-1.067225984703006,-2.044196469744977,-1.7739447917422813,1.1456615451764034,-0.9181138987142777,0.4136878106557249,-1.536560282804465,-0.4928888357997519,0.140513622117247,-0.4370514230008034,-0.9157573596544941,-1.1321424786828373,-1.1257644404476697,0.9451291552522411
TCGA-BH-A0HX-01,-0.4140133291715621,2.4646802572932858,1.882716930273942,3.584939413394286,2.1769248645579733,-1.1725252700862245,-1.1288064660992116,-1.7966774190599046,0.006520239805151434,-1.474453576636789,0.1370981412019404,1.58060382268381,0.5455786648287893,-0.0069890177984416055,0.21565012832319772,-0.10141118303243604,0.47407371582238167,1.3176437906527052,0.7743284944490811,0.7145370637245526
TCGA-E9-A1NE-01,2.478154508644916,1.0864332650233266,-2.5969284943861712,3.386648601283453,-0.25447182820637526,1.4967523746340323,5.012610717515733,-1.4825329653305843,2.391031425512402,0.025771864083077703,0.4738363706363191,-1.183790221312607,0.7510690119093686,-1.082186951852255,1.2764626996403834,-0.22487663227866372,1.2941068963785236,0.4977287281583889,-0.48629877774725805,0.9238992522320413
TCGA-BH-A0BP-01,0.8797990286988856,7.226385666717674,-3.281192123372243,0.9909185365874149,1.2873930384830543,-0.05084462050670765,0.9729170243360697,0.06876945064006422,0.5070505229039441,2.118446534325804,0.7494646492433165,-0.7041154678653118,1.2306864287843258,0.13463102439245325,0.12333589722890716,-0.19345865211932248,0.011341755022287835,0.23600595675608207,-0.7820873690788994,0.6019769912020235
TCGA-AR-A2LM-01,-1.9681779999203375,8.741990074208859,-0.5804908088119732,-2.909232669315867,-1.4134313735258761,2.3419932889179504,1.6639305227341235,0.8701506172700625,1.219488115383333,-0.02481289834795394,-0.3327843496056267,0.1360756194581328,-0.959800698840135,0.2481374805826164,-1.203120630265838,-0.6274104734033936,0.1376736763845844,-0.8038046957474276,-0.6122427569906876,-0.6172723846682839
TCGA-BH-A1FR-01,-6.145511677611252,1.305221762439951,-1.7261522553429551,1.1249224392600665,-0.02182492575735139,-1.1624488576247287,1.0337968856003945,-0.336187740761053,-1.1436577080314778,-2.662149048699955,-1.0837762652828593,1.1754314325328863,-0.23280537046351105,1.5457299091000125,-0.38889386474740845,-0.19077945503190874,0.6594310290865433,-1.302506115629016,-0.11941368077013548,-0.33685857080934556
TCGA-B6-A0I1-01,14.303065968682112,-2.88061150976619,1.255137517471073,-3.9498875870324075,-2.5380779517862306,-2.3452520128936705,-1.1099900987371911,1.7669219603348856,0.533856472729587,-0.8355002175403183,-2.309960457521361,-1.5663514297117893,1.1823133248732858,-1.6915590941755918,-1.1592448820268684,-0.24542457341268642,-0.6978490084687619,-0.9275999831095205,0.40523855801123443,3.325001547462749
TCGA-W8-A86G-01,0.6867822824389243,13.169995213292909,1.5222462532904582,-2.167445311594973,-0.9279866394030597,-0.5169760195247748,1.7669200694392009,2.85495140385439,-0.7641386432844329,0.9598021856043993,0.020514507713705783,-0.036218934844252336,0.03354446163604129,0.15637081387787707,0.07841681666741644,-0.7743071763347157,-0.21358003686807484,-1.2903407688586608,-0.004690942438779366,-0.25674039346080135
TCGA-PL-A8LZ-01,10.016335906585056,-7.5328332626067445,-5.760020767475588,-2.7139895678943504,1.7001008432417095,-0.5208957718458065,2.193639617593714,1.652484209945594,-0.7144491020581154,2.2943238417517278,2.5073796059307876,-1.0123852038285124,0.05645792860562555,-0.4679084811654633,-1.5222252341043454,0.9820936830454625,-0.19015990592861834,1.1376254588923245,0.3929960446597998,-1.5056213575410877
TCGA-LD-A7W5-01,-0.37452354807287086,5.340764632026154,-0.10195653848928302,0.685651138218628,-0.4948168381650331,-1.179354026825495,-0.5038393655819656,-0.08413856229817615,0.6050769554693063,-0.7033251843708287,-0.07745020123804973,-0.5263126209659025,1.8408052639729366,0.10790601417139832,-1.5469689843190824,0.19668964866039432,-0.06947359878649258,-0.5706688696841379,-0.8125651538029753,0.05070341896816237
TCGA-D8-A1XU-01,-2.548370680522044,6.039358152672778,-3.810179467871452,1.57923520430601,-0.6283682598187482,-0.7448859676900389,0.056456635506772525,-1.5376028956717696,1.1237038953124052,3.942487545656577,0.8926270898430183,0.2575265535804908,-0.4376389046533352,0.1509310459197563,0.7499742837192596,-0.3878515838800462,0.5971806503969689,-1.3508917288094666,-0.5628839742669222,0.640257647864923
TCGA-E2-A15G-01,-12.180728330363335,1.800166137531938,-3.759811662108071,-2.1175794332836593,-2.337136051857651,0.2902087429070243,-1.4098880592065153,0.6272595789239681,-2.175690220029026,0.9256705366689092,-1.2964090770307484,0.9656445564224473,-0.9801482833018919,-0.37689895689654895,0.5818023852602726,0.043501465588620725,0.26612781984059997,0.30543844157077454,1.1385198794709133,-0.5230048228951099
TCGA-A2-A04R-01,-3.086344970210278,-0.8171201593434331,-1.242048720353848,6.903987608305991,-3.926386454113685,2.6719702616383403,-0.11958136594166878,0.03863035262252868,-0.5691255043967537,-1.434144476671065,0.5971913795254972,-1.7616184948551545,1.8616346596155493,-1.0641729846079528,-0.9300248118050166,1.3187823678963966,-0.3247622255545083,1.5501236549426956,-0.7679162109891622,0.47279631482458867
TCGA-AO-A126-01,-10.556201365377856,-5.206723600685301,-2.2811396116057634,-4.834385715955359,2.515193207129359,-2.2991825219156414,-0.3274143090214234,0.5670413139037017,-1.3144133013193526,-2.5800534648637727,-0.6862817435299807,-0.24267630648011823,0.3248205389590304,-0.7843164714238166,-1.1548942196594316,1.4100064108997359,-0.608876538891911,0.4895858403241671,-1.6078161190443399,-0.21178440418258965
TCGA-AO-A0JM-01,-5.797298744365266,-8.86736292774845,5.5122288055002056,-0.8875770344223294,-2.284537205493373,1.0475287264976503,-0.5390940290052159,-1.4151798650572622,-0.4624441279955912,-0.6667674281999691,0.022221396473089263,-1.1463547263912595,-0.2507287419214632,-0.5547847145028458,-0.3374200345655793,-0.8371047646481784,1.0625538977134796,1.6246012071937763,1.0635869828279672,-0.3940009744882744
TCGA-EW-A2FS-01,1.7980064396084345,3.540062179760706,1.542184969463903,3.714022171816077,-0.5848765600450269,-1.5470890762680112,0.4210065636427836,0.2690907415005943,-1.1368799658528663,0.029238023236771844,3.297403317506883,-1.620725190442284,1.646726613961844,0.7881057069282965,-0.1359205057388334,-0.22964923641183355,-0.2572150080151734,0.12293092720938902,-0.9368847728693362,1.3008611634599354
TCGA-E2-A1LH-01,14.11091407188615,-1.9274534365541502,-0.3266843430289926,-2.6550035761170863,-1.4875539007690015,-2.41938892620505,-1.657480920987172,1.2517338728906944,-0.6891938364774932,0.6946086931708714,1.531017678349977,-2.4063063274236027,-1.3684673931790607,-0.03967923311876343,0.8559309375710815,-0.8392245196811189,0.18668303069628012,-0.7839098929313494,0.28384056399745444,-0.8017507709573346
TCGA-A2-A25D-01,-0.4605473523070432,0.2610199511573864,2.0209448744711884,-0.26785273653270913,0.9596364020965877,-2.709304362947387,0.6244617600202472,-0.5982386680626265,0.1381914894244339,-2.7898666466161175,1.5605215814316604,-0.2561405005165559,1.0810354612058948,0.286454261435318,-2.701011078279057,0.1212772761098961,-1.5943562788811825,-0.24629548834279008,-0.05974012072288976,2.1636015673145335
TCGA-E9-A243-01,6.1073218618580345,-4.776987619999552,-7.3342396595956405,-1.5081849980315065,0.7055141145888438,1.7104327924294254,-0.7348266791935713,-0.7915834584016379,-2.063552438911439,1.4799184441869944,4.806635280601874,-0.6034165363134647,0.19878982334547096,2.4398456774590525,-0.7085000694460167,-1.4340957941275878,1.9339479369284944,1.1186048494235015,2.0881695999304344,-0.2751737650054218
TCGA-4H-AAAK-01,0.6300352594843397,4.669573782997903,3.247947502031218,0.015860936503265557,0.9389741311646065,-1.427593727745402,0.947926605745912,0.8378264485891183,0.138069590675388,-2.883864762352653,-1.9707919060786083,-0.5090400229329172,-0.9903529918771525,1.7211191777990031,-1.1793220851083017,1.0426215153736513,-0.030512745766276543,-0.11974840950479662,-0.5499750921639699,-0.3049805195705576
TCGA-E9-A1N6-01,-5.663881634272965,-8.945325711576967,1.3302233497124885,-1.4197400405480867,0.6406374191729478,1.5440537484987569,-0.24974566022853747,2.4478906893159116,1.3927467150392865,2.233833699341025,-3.216156037103496,-0.3439392865049183,-1.049489725573353,-0.5892955360636973,0.05681606993122835,-0.5223130676435533,-0.8206234398580916,0.4235175912414466,-0.0022467445204287315,-0.4266536784577391
TCGA-BH-A0E9-01,2.4797147082326934,8.952761699203517,0.8792848760661709,2.3881709338307875,-0.5563307226118631,2.010358903732673,3.457333826455273,-0.01593027482924678,0.968963667785499,0.9697527475496587,0.7458967972077595,1.35410452481797,-0.3156295690814032,0.8280143122899114,0.9915419450744548,-2.0504813372054556,-0.8781062922107034,0.1180094533320638,-0.6294358450445148,0.07764164316098776
TCGA-B6-A1KI-01,-9.302417806215711,3.073165320562517,-4.026473134378079,-2.53358136259318,-2.502944006957961,1.4762492950947355,-0.3314511067786937,-2.438447985917477,-1.896753565058064,0.8241467203634935,-0.570558071391281,0.3776361190042533,-1.2284340073345625,-2.116202872481638,-0.4148608938122738,-0.375058153840599,0.2482527994535198,-1.1163667379836648,0.11699228059303299,1.272108483919257
TCGA-D8-A1X9-01,-5.903277670002128,-2.0860606352483493,2.079969297610684,0.6615985985365089,1.032341603261794,0.9528697132375451,-3.1484363001184987,0.15039064824336817,2.3728040197955664,-0.6024657491716443,1.1549105533727455,0.09332326312695213,-0.022411245326934486,0.0026720524466469636,1.2567911704073675,0.40546934474208907,-0.6983711469474964,0.09506530224569142,0.15859086545145518,0.07414292413111313
TCGA-A1-A0SB-01,12.083735049807501,7.549462405335862,-2.755255753980355,-3.9576612053252203,-1.6301219074817814,2.0985930656325626,0.5013845575836653,-1.0069249446512765,-0.3493827171240073,-1.5360234575585743,-0.8567898256869125,2.7134387619924523,0.623525518294548,2.0635411602564053,1.179398048924876,-0.8514549258399694,-0.23060977617877274,-1.046237807366702,-1.4265518949562064,1.7260931385486824
TCGA-E2-A14P-01,4.400191647506336,-5.3062715614018945,13.923459963099582,-0.4770261502160097,-2.1851346493839516,1.3797001006748781,-0.023869676878032455,-0.740931096321227,-0.006483538487543671,1.2133041412193861,0.7734389687383293,1.0994649936046341,0.7440679703251102,1.2140272863564583,-1.3874993026698068,1.207029626283825,1.3929192837648718,-0.23145559800731064,-0.436289879459402,0.4508029641208107
TCGA-BH-A0W5-01,-0.5141257447744395,6.748035012570408,-1.2747851475782976,0.33729709490725274,1.0884093872290108,1.5271811482628008,-1.0645357454610906,1.1174379786043773,1.0991417871742282,-0.8972770219851847,-0.9526704867894566,-0.6711586007869951,0.7156654753143653,0.43665661733968475,-0.4467594778376169,2.0553580954841593,-0.048719958484302606,-0.5336524356896779,-0.31544524333654134,-0.4044763998668641
TCGA-E2-A15I-01,-4.420442038273238,10.80894328180365,-3.562482565593557,-2.8950903871785885,-1.3176919335186208,1.4340561368628457,0.17111870643723612,-1.4616820469442369,-0.3193143461162828,2.9656654892992997,1.748144849533862,1.7920651725331493,-2.0310349081936487,0.43142172058847944,-1.1290322825234644,-1.1059946666062985,-0.24314692132926619,-0.09542087324255846,-0.15335352915803174,-0.6012819380104037
TCGA-A2-A3XY-01,15.466923115856485,0.25472837193506337,-2.060103516412578,-1.4688876431512754,-0.6258661638193401,-2.5118397449901204,-0.15925728668713593,0.2610287689996858,1.2903825345970363,0.6102169260522962,-0.9951783207205628,-0.8931645244039109,-1.551241933179896,0.5119524800007162,0.5548841972064744,0.8463613093272274,0.5608240319193719,0.5549684725027868,-0.18410288045042741,-0.44642918823653416
TCGA-BH-A0H5-01,-0.36495840786156947,4.507490314848794,-1.407056702604501,-0.07915247598446648,2.019886789112077,-0.12646546937737604,2.803448548398587,-1.0880677909646266,-1.4381611624022734,-0.8940070584472328,-0.9015566412501244,0.10811419677067491,-0.2018023373150004,-0.7258956918822645,-0.7057015806284211,0.1736014325711907,0.32403558873246785,0.017217852352208577,0.5562758859804174,0.27795949899921124
TCGA-OL-A5RY-01,7.065552292994344,1.7541500990790995,11.272537915122822,-3.513579051544221,-2.9217053056693003,-1.3431944077851736,-0.4737661864919516,-0.37676230314723974,-0.07870307955525724,-0.013664990027892183,-1.166360128556119,-1.1462550455484615,0.586470705670162,0.6842359786181471,0.39428181818443125,-0.62212747601426,0.1637504222379743,1.376683209079093,0.8138446050829364,-1.5069287715120288
TCGA-E9-A227-01,-3.195337088486209,3.2150072145035002,-2.976808560829395,2.1556730919919054,0.46176800172369514,1.5284954816457337,-0.8217550704652183,-0.2346046598001384,-2.164470772483399,-0.5038524059623403,0.5631444352956889,0.4398033873556214,-0.2001732214823953,-0.7014786680665844,0.37511571255712056,-0.34214566468658447,0.18978489343489938,1.9944897052263337,-1.3519326013458113,0.9580840402335026
TCGA-C8-A8HR-01,4.272249562320477,2.8661208804531215,0.2483698500788829,2.3259768406028294,-0.12754675129772514,0.22362506526375267,0.9350188329821872,0.07176889241088544,-0.9747974071165569,-0.12990689743509826,-0.01526202112087996,-0.7393034114822199,0.46242606103465445,1.2608940683144187,-1.272523416603836,0.8729718045475039,-0.876188350189632,-0.3196462172081772,-0.48972417956063696,-0.6206403484104513
TCGA-EW-A2FV-01,2.910891120871854,0.07618440517098797,1.8611259870805155,4.259864006490329,2.725672614343707,1.4363639899538998,2.7037697980545685,0.29358491233718365,-0.3589837329000321,-1.1027144672208333,1.881030929136156,-2.605216694978667,1.9689352905476554,-2.1569707661367143,1.3019031936643113,-0.970943723444841,0.8651598477882734,0.5448227326613835,1.3667782294203463,-1.1803829305412488
TCGA-BH-A0BG-01,14.068660738448447,-1.7758420423569266,-2.026627791872829,-3.9925271470768515,-2.22126042958191,-0.1631365588036669,-0.030108341736224214,2.4032790507687904,0.4238137611680963,-1.900683116783679,1.7249861307204593,-1.0806748439412424,0.21487328083036972,-1.2166215276194894,0.7610370893994589,0.5768439943418912,-1.2954626122588366,0.5624949153532883,-0.7712273236935107,-2.042702473545689
TCGA-D8-A3Z5-01,-0.43452345431021555,11.93248818598441,1.704325660349894,-2.0419666066438875,-2.570344967581546,-0.26251528744474373,2.963333817567926,0.6959527255708672,0.17229332617730492,0.9732054373582167,-0.5876900897422028,0.7804634394370253,1.216160991286766,0.263819636756764,0.13158552749928817,-1.2352509577288096,-1.1716820995252137,-0.5056906776162398,1.201397463166131,-0.09450214937659021
TCGA-BH-A1FD-01,-7.043027795202148,-8.220936178869621,-5.129685912018348,-0.347606303810579,3.464638553765094,-0.08639659570373301,-0.8859469785397642,3.5691178888922916,1.902376925352023,2.5355372885701177,-1.1395487990788864,0.57638779344488,-0.44489299984444225,1.8125818108824008,0.0033519174915156457,0.6677138922269883,-1.0510816286354676,0.33927219202886766,2.2442478250564744,-0.3225800603109064
TCGA-B6-A0RV-01,-0.632972199844477,3.5041381802867084,-0.0267899626682125,3.219548569366208,2.1411470774753014,1.3209359516617034,2.771441254606771,1.1902822071471297,-1.155924647988467,0.3618643648051123,-1.0757735387025895,-0.17543034713580008,0.9172837422797319,-0.349764161162006,1.394160652782623,0.2515775221719735,0.31267259967077543,1.076668582570462,1.0515210903942145,-0.21718378652561923
TCGA-E2-A1LA-01,-1.625880309138183,0.8125340687506274,2.1901045407780644,5.6318687387872535,-1.1914480954309852,0.7982186443020078,-2.2205218275442014,1.7162117921757274,-1.612210454729556,-1.792360571552812,1.8186181039925209,-0.5096019630133758,-0.1053494666572219,-0.33932542419104017,-0.4893157155362817,0.5773440822278871,-0.4695230412548047,1.8049111512554628,-1.1928782984841515,1.6632685290138065
TCGA-A2-A04Y-01,-0.8479692530027759,-1.071079237291192,1.0491912382063373,2.645515261356506,1.921246701175927,0.1957526037257275,1.0874286161570086,0.7173711328921571,-0.08728296801523172,-0.5892258310877402,2.9231811611789045,0.6234165201920846,0.16633582227626323,-0.7726030829124889,1.4476195964990008,-0.628217907687068,1.4223381536164879,1.2455378291777564,1.0097058833906403,-0.4901168039520623
TCGA-AR-A24O-01,0.15836370555790982,3.7971157882763036,-3.1239141837246565,3.1122508994273015,0.5562103199973741,4.15520914892551,0.6515811921459994,-0.39766887603791756,-1.8329269862478914,-0.100854369534338,-0.46378194639445164,-0.9924466626828402,-0.11557755005762671,-0.08336880449288564,0.1060696314826175,-0.03270905534530796,0.0389836002101859,0.49540590366012655,0.009827225497282472,0.4272831161910735
TCGA-EW-A2FW-01,-5.936030868380138,-5.902159738832993,1.4606122038853036,4.2295157479896615,0.03991779010951653,-1.7707907956942175,1.9949921646765845,-0.3867223424940646,0.5071755043337876,-1.6087674494892656,1.0794874461536608,-0.3040608301437306,-0.011203024440902893,-0.9410888642267604,0.948238272280389,-1.4466960103960722,-0.20347171603894654,0.816914125016754,-0.2339021648121697,-0.5389018108580216
TCGA-A2-A0CQ-01,-5.001463159746486,1.5953237146170276,-1.223235939985035,2.8665755077813295,-1.033479394725449,-1.5429023212644273,-3.417092581067022,1.6685522984281609,-1.4418271350698568,1.3054069203845997,-1.009941853435119,1.2952710542793249,-1.1631346822379451,-1.126239380246392,1.135894015649842,-1.2612880480149113,0.9941424994463918,0.520652597253401,-0.889389567422183,-0.5840006329467023
TCGA-GM-A2DA-01,0.23399237421399902,1.4615963134264494,7.615615383797248,0.5459409351890558,-2.001464487787767,0.06185958231654976,0.2934959088706169,-0.5402276595503752,-1.4956904353711495,0.31795673291079785,-0.030708174045774375,-0.30662238136433223,-1.4186064563953893,-0.3390043807520038,-1.8126520275814277,0.028895520490568698,-0.3306870012639677,-0.13545307185078284,1.3023935582892252,-0.5646538253741462
TCGA-E9-A1NH-01,-3.280553206043296,6.414423152292871,-1.0056297788309194,-1.1909356929509032,1.5097904816956635,-0.4000191237890968,-0.6113708820809851,-0.6067078310282381,0.822649158318846,1.8663313402932586,0.24600913719377718,-0.3101889296294416,-1.2842656691702758,-0.6594057018707778,0.6045303636848616,-1.400680513725755,0.48648439142887406,0.5033393629973982,-1.7151689239531491,-0.03751662212587224
TCGA-AO-A12A-01,1.7850688271673616,6.929061418344938,-0.9879757191228925,2.615617767998907,-0.9787072392070616,3.1740994848755344,1.0719747118238174,1.2010174717632418,-0.22763931179392238,-0.05550726756168872,0.3029921375177783,-0.3673906754617761,-0.4355676261899332,0.008840130987243087,-1.4285373082069488,-0.5249764612629118,-0.6583406829273853,-0.12075418069132403,-0.2157516255112296,-1.0510092742417538
TCGA-EW-A1IW-01,0.7369188342214897,2.930117125168359,8.7913553801368,3.2416339761866,-4.519084407788143,2.596729445838453,2.4987689046780077,0.46336502151588616,0.6049559594124879,-0.8438785631397473,0.9233536393082543,-0.4185495664345471,-0.7800985067095475,-0.2028953377045135,0.7393300383423509,-0.8498545055882273,-0.7190556039743531,1.2804715656225136,0.013061655686054312,-0.7080886039470068
TCGA-E2-A14U-01,-0.2053731307541314,18.808605668410173,1.1406383810786953,-5.099771808743546,-1.8407992556489943,-1.7565357532597903,1.1272794230961396,1.4768150292568842,0.7419037267683656,0.4112540194942162,-0.39533455777099763,2.208599124198239,1.0925158736030374,1.7049701236074302,0.7295067405499197,0.26601645245710714,-0.6689121033933159,-0.9353730740817612,1.664801577339281,0.45763325934643195
TCGA-C8-A12K-01,13.775700122310484,-6.621597262702764,-5.107851880693614,-0.27474656044956397,-0.8658603618105958,1.449459125970331,1.0245305446122597,2.5726277995096622,-0.06482202871461631,-0.4262283468277731,1.4291661393973425,1.1595878567650884,1.0467056590477315,-0.6730948088190437,1.2472862158935716,-0.09218463912115354,1.2502025855631003,1.0452022930469878,-0.10039708238579576,-2.0003526936367573
TCGA-OL-A5RU-01,-3.2257161746714993,8.821315834161101,-0.9576122776302616,-0.6232342288077625,-2.542885745027941,-1.212611082487311,-0.712677374079798,-0.5686378595208004,-0.2547649542631883,3.173737708389278,-0.5926666908361011,1.1606006750675955,0.18878126224660874,0.9356709433417946,-0.11945724031552976,-0.04130209717396804,-0.26762904187549624,0.29927783838659194,1.3016280737189105,0.6676274010521129
TCGA-LL-A5YM-01,-6.099504689237533,-4.890768502064222,0.8398528558780931,0.7745501583698846,-3.9065676790464887,-2.0605685817153514,-4.97289265746113,1.7253940498615519,-0.3103938893858041,-1.1220835779756975,-0.09457744276402905,0.5066456658396785,3.312159597108809,-1.5071358867905684,-2.932281222566103,-0.16128650383938634,-0.2581743460353746,0.7255351322318018,-1.139956584974615,0.7616858171732913
TCGA-BH-A0BS-01,-5.134636307883556,2.8549531564638757,-2.594712872668661,3.3420526904878742,-1.1146007290135003,1.9623361817681952,0.10786289858348852,-1.9676476424590357,-3.116682666130282,1.3250743594253553,2.077875337812596,1.1795342077887898,-1.8597598555880481,-1.9378851908821575,1.3658978488659348,0.28326963640603575,0.7022718221030335,0.4864792237791313,0.17826313400583405,1.5539567172149997
TCGA-AR-A2LK-01,-4.511765992446587,-3.2698150454280706,-0.698271298249767,5.089644549855078,-0.3504806438104244,1.364483811970885,-1.0701310578671708,1.7320268779221597,2.313097337583599,-0.30217413785244224,-0.9460100789764273,0.5615366024104682,-0.8439612213493457,0.7237464056195759,0.45275689145761483,0.7175638285357462,-0.3630541697400719,-0.04899038243749537,0.46699015746140216,0.43009336061595665
TCGA-OL-A6VR-01,-2.8202028584828156,9.45580008171204,1.703595510197148,-0.36026673471489423,-0.009509997701077553,-1.8800733420431508,-0.16089305167566162,1.2832069431328097,0.053465911407492225,-3.174098004452712,-0.33652384557377363,0.512223198077854,1.4538433419787045,1.299427198713971,-0.0005845657031615903,0.2742327164203023,-0.2809275741529393,-1.1308585364048056,0.39707939707312456,0.05786943904309235
TCGA-5L-AAT1-01,-2.9866253577951816,8.14556324979383,3.0655505959148437,-5.091303004072299,2.9988850507249096,-3.6525678591143014,-0.29102270242612654,1.0600019921096049,0.15765050561309235,-0.8619164369308115,0.9469823866429914,0.3678304060157783,-0.814482371966393,-1.0300641450079953,-0.4298834775353851,0.33591514501732994,-0.13930300038447735,0.932880274195152,-1.5290330265348804,-0.04577538605949781
TCGA-E9-A1NA-01,-6.668758469584275,-9.456611388161479,-5.7461448623368305,-0.8940106651279838,-0.5283883616057784,1.199444215724861,2.2393705621833777,-0.5426261411287855,5.5062007786532945,4.5750340174118485,0.1084877861711867,0.22342695501892074,0.6203625837048693,0.8427815564650071,2.8263270526944018,1.2923735832510328,-1.945029839516859,2.581583127419502,-1.2672752030108363,-0.5892962093712707
TCGA-A8-A091-01,-6.234247132362177,1.0496572976644678,0.2649296583373491,-2.1398226739669464,2.079124068571044,-1.0348514697585893,3.390700912993098,-1.7831855609230554,-0.1494559633659673,-2.430626192871905,1.1566245984351566,0.674392353663539,0.913548982235518,0.8903854047799978,1.4630501801189442,0.18413312331915999,-0.12546911751840525,-0.3071167741192416,-2.179685797182147,-0.9057824893067355
TCGA-A8-A07E-01,2.6330436941623647,1.142832121965859,-1.41965477382311,4.296929302642221,2.483249075006631,1.6930005070945264,2.130222076534355,-1.7717422758341348,-0.29470048145010985,1.5633545695448599,0.21180126921916428,-0.647181229532175,0.238876834044314,-0.7158126769733489,-0.7070268251867844,0.5833723538639276,-0.6947132116739639,-0.15368103063018254,-0.2815993515246295,0.03979390676128376
TCGA-BH-A18K-01,-0.48421970033317313,-0.13479321820630782,0.2932891014660665,2.731263784627054,2.4188586010763156,-1.203810527149973,-0.9532732750619205,0.07806187290777084,-0.15721268084366535,-0.03774495791900526,-0.35167566928773897,-0.6803362323990727,-1.1766895343037305,0.0975358060389676,-1.3939809895135395,-0.1129166016442396,0.40905572244275307,0.05952477083794655,0.01762053566512638,0.11422372625543818
TCGA-A1-A0SJ-01,1.8522692373741216,2.657658197058022,3.40944452160412,4.175767547771493,1.0431413120344275,1.7609091174487395,0.13794937828525922,-0.5025735433639481,0.23032652759454755,-1.6940134774598874,0.914181848574464,-1.6010950057205822,2.1669115610028093,-0.8605598741571281,2.7180579566495298,1.5589414824176326,1.62656794820752,-0.8634308196240398,1.2620111973761665,0.20159508969176618
TCGA-D8-A1JL-01,13.815810197305158,-2.003044015289739,-4.493494411704131,-2.147574108580677,0.9853135952654447,0.7709039445105506,1.9530297756635564,0.1141065299172355,0.6208345561904737,0.9297911937591017,-1.5704089294940535,0.2489493566697994,-0.2664522679964063,0.13730430279187286,0.41825620107417716,0.24555808311549843,0.9863198272682018,1.1694081238306513,-1.2016983484278925,-0.5900733727802973
TCGA-AR-A0TY-01,-0.2175027838618889,-6.068366332898457,-0.17114033716580754,4.232852947767905,1.7323167828790904,-0.5454108749489691,1.3123241165594632,-2.797727404290474,-0.3360209722054873,-2.1799057933511365,4.075692635821268,-1.3084770240170527,2.842949833068215,-0.9521192412215577,0.7449851483364056,1.21117818218941,1.1875557127368677,-0.6070886551051574,0.8299886884351899,0.21650514969257534
TCGA-E2-A574-01,17.010135099808753,-0.1666886650890027,0.9799565088373663,-0.9582682943656714,0.24589459002257008,-5.089061761384909,-2.154072107637178,1.6158294344815518,-3.8266983097674174,0.12346323149109267,0.9641600629551649,1.5232942409539847,-1.5933069772030044,-1.6455554464127506,0.5249634548974796,2.313270988144673,-2.787847090493324,-1.1146611221827372,1.2805572725009267,2.9552572828012518
TCGA-A8-A097-01,1.900934588216517,0.5308665199468846,3.782775071137895,2.3804250863546836,-4.191706480580799,3.398782367504427,-2.6548739411052384,-0.5629010865903993,-0.8334394396879004,1.9938630657824858,-0.5426881546857955,-0.7516510971380223,0.3247598752218308,-0.7222450529650761,0.9938635002983562,-1.3603778904820227,2.0860278405593764,-0.3899534649474424,1.2266744838308703,-0.5601138946473704
TCGA-AN-A0FZ-01,-4.55066711336644,-0.07654537610920108,0.36588284731756476,0.6907528804317042,-1.1991084468762387,-1.556303186414993,0.6196346227141178,-2.338074249917884,2.628228127052681,0.8864542641638296,3.634195391086101,-1.1699704634852424,0.7036740147023991,-0.5205814707509191,0.4095487127568764,-0.5258429744336892,0.04116546046984003,-0.20349473336748322,-1.2144059017561746,0.8513971766616412
TCGA-BH-A0E6-01,13.83080137611752,-0.37894619945665486,-0.830753140522351,0.803791773995716,-0.9646057547129022,-3.8654866554571665,1.4472594834242218,1.8543718966804896,-1.8396280595976349,1.127412378902149,-0.7309864829576539,-1.2656165207773125,-0.9138281855708008,0.7326385173387904,0.6508331987273948,-1.8478954350753511,1.6348257551513667,-0.43606922963118955,0.26205342087592887,0.5875359040232123
TCGA-C8-A132-01,2.305837085912685,4.933820977128497,8.843407327924407,0.004454004924345975,-4.5179181064012335,2.2392870204711373,1.3045503981420488,-0.5074888500061766,1.4499330968562485,1.5129813201006226,0.448120665556062,-1.0050066081240847,0.038013613882347766,-0.3237992772420271,0.45773776006299677,-0.788906776787729,0.29731077167590286,-0.04453736903865161,-0.13732291259531823,-1.3112931926380837
TCGA-BH-A0H6-01,-8.489837871240743,2.6699659649057796,-1.312297718473721,-3.2348417666625884,3.493255772045663,0.9024867614771589,-0.1585507008357204,0.18014393112639385,2.9123848599001256,-3.032722237210191,-1.211031706580115,-1.444680101026047,-1.0397916245951513,-0.20678021709800357,-0.17347088095593538,1.099321001617708,-1.5606548089530796,-0.5141695480172249,-0.03905632798851455,-0.7070684431762995
TCGA-B6-A0RG-01,-1.152176325603919,3.324216768779897,1.0962690959174195,6.861509056787096,-1.5301817265039817,-0.1253117573145866,0.6079506605675549,-1.6114923797083172,1.2582551026201754,0.040311232118963584,0.6514769009084386,0.5578378091676894,0.8124408564103602,-0.2221703340068797,-0.26782483236953175,0.6547279472143624,0.857779321622252,-0.5642301640938551,-0.35485208295302506,0.4448419672068772
TCGA-PL-A8LY-01,7.32538922411042,8.601502964592926,1.8400772901168272,0.04738943539872148,-1.2562689235069617,-0.652734580863847,2.1368231610999358,3.642544830985701,-0.8150044939552888,-0.29081241785599576,-0.6732205801179854,2.1429577133823665,2.512342313339844,1.091214755174529,0.7186680356756456,0.428699659933518,0.19369611574615223,-1.1390181894809437,1.467233262271547,0.6592196596562686
TCGA-D8-A1XS-01,-4.137915442296193,-0.9118732618766597,1.6792681927273643,3.589664465782693,-1.1810687860766875,1.0874163993351564,-0.3619926478992368,-0.5465964990248143,0.2530584052590565,-3.149104344018596,0.436763980555969,-0.9243335995091636,-1.887578672486851,-0.4956622389508754,-1.4442821849524146,-0.6803870161797744,-0.21938971291067177,0.060345732885092256,-1.041764052376117,1.2416381752254697
TCGA-D8-A1JT-01,-6.393731128067913,-0.5411738305713999,-1.1519893193493624,4.244328484425146,-0.12003687054199984,0.2924214967163167,-1.7851600773798917,2.5248508660553646,-0.9975542312676168,-3.8479518606232403,3.1227010410549605,1.093196434431109,0.2567314283547987,-0.7809841794606467,0.5230320198231468,-0.9366418366253612,-0.04192508805841505,-0.36957847899995494,-0.6761732582786018,0.9774539630313867
TCGA-B6-A0RS-01,2.456823565607666,-2.556801509379349,5.939532770881231,-1.5174229274160522,5.663132833071031,-0.3567011451001628,0.5769182579794467,1.5273652589112983,-0.24730438050667258,0.36374285118323074,1.7675200831810987,2.714765729599598,0.14515339984154965,0.09023245477606479,-1.603543427471923,1.619466007375815,1.3419380865250812,2.2498577237033532,0.016277439347575345,1.0810835272055452
TCGA-AC-A8OP-01,-1.527112216777373,4.038002794971635,-0.1819819055424767,1.5940901361388116,-2.427687151574297,0.6544378411367658,0.3903764399645944,-1.6966806141325186,-0.16537058887111067,1.6143958364125208,-0.19845865113213523,0.29619215212051353,1.722216259406033,0.7672149414429982,-0.19256221577701632,0.4062534307377743,-0.8039938042566914,0.6792846183024509,-0.36898289132458784,2.1827636188637474
TCGA-E9-A1RG-01,-3.181758586167714,-2.850171391497167,1.8763616157226046,4.234643597674835,-1.0848510169335164,-4.063605949941638,-3.786095048995576,0.9564815732377784,2.2090150871389103,0.7599648868208382,-1.2967676642635453,-0.8461433440363413,1.6638453193054117,-0.447917654394222,0.8033031064426143,0.8816300412197923,0.720660163475427,0.9888744994742636,1.175775868497835,-0.2844362283643688
TCGA-C8-A12Y-01,-0.8127437040471189,1.526417415977073,-0.04288231429508052,4.328329772955818,-0.03964024564337551,-2.790990059822837,-1.9846133699838624,0.9167096980938586,0.5782204540238071,-0.0303892633799219,-1.4214580952192013,-1.4923050161644429,-0.5391134338153423,-0.618255675426025,-0.9689823789740156,-0.6857208474693028,0.7881334793341084,0.3721857618947814,-1.837510042856447,0.20833467155239307
TCGA-BH-A0DP-01,0.08471863262858684,7.955376525025867,-0.19112351737806582,1.3891805564614712,0.4118386532116465,2.5254877002608627,-0.8720928026573408,2.3091825656486904,-1.263794991428823,-0.4442201615646264,-0.24179236676778065,0.332031532898411,-0.6105070880044817,-0.41411274422079336,0.2898960604515625,0.05873641712759641,-0.5080217542971927,0.08309686908101858,0.5797811371853411,-0.36564608808334265
TCGA-E9-A1QZ-01,1.8800288221218364,2.7117779739705923,-1.0211074701191556,4.060933672787864,-3.0472315046074443,2.913061976809452,0.8383988035065909,-0.768928427284391,-1.1796510256439272,-0.32775449576549204,0.9468550852709565,0.5777432830031342,0.9677875738576319,-1.1707802666109306,0.46961049309633973,-0.7932884476985351,0.5294406042745864,0.5958539218025042,-0.4895906105792649,1.2652653588745846
TCGA-GM-A2D9-01,-4.29386426615602,4.646683766181377,0.6589884775783699,-0.5890334760282332,1.8492178055390776,-3.1754632093931643,0.3433815539835365,0.4745694764045539,0.9592860024674771,1.887462854876308,1.5363851978336405,-0.17435701270915815,0.07374629355194248,-0.7814425092140022,-0.034879922229459515,-0.11010378168605787,-0.38671257683303867,0.029317716142486853,-0.5431877060971044,0.1734696519629245
TCGA-GM-A3XL-01,16.162281734917205,-4.833965626089623,-1.8430154276185349,1.1947526421994623,-0.30992434187390866,-4.872937494300701,-0.45436338438050355,-0.3674019809416367,1.663597933571285,-0.06828849806666151,-1.6184655053623005,2.3045407604946364,1.3334469390561259,-1.2295137639636127,0.10036519111130872,0.2828908741591129,-1.7611340789815977,0.07430747720567688,-0.23764623230475368,-0.30709839513370013
TCGA-LQ-A4E4-01,-6.169159960452781,-2.8477830606981662,-0.8241169737824361,0.8772594657087116,3.2240240399654527,-0.006622557732068302,1.9584360550904132,-0.7028434545409583,-3.0662183239943936,2.282336285377959,-1.5305961710933884,1.3784752718749655,0.9528123050609937,-0.4759194572678923,0.7665981120778644,-1.9751145758133186,-1.0984031189168446,-1.239324570047739,-0.3689169168923408,1.7727006469120952
TCGA-D8-A1X7-01,-7.890518719907191,-3.4293950742820285,-4.411510253410054,-0.6692090831094084,0.8854682688521958,1.4197945756540402,-1.2928021583169822,2.018831064723522,1.313657487562602,0.8686909254178331,-0.27168523077129275,-0.09093428575305175,1.0494311524415467,0.09520355290159793,0.46211982582031136,-1.837111538516081,0.6921803354176551,-1.5238170742859587,0.6334800259654586,-0.7142754332270371
TCGA-AN-A0XU-01,17.268466039790273,-1.6624867292436523,0.3385437951314242,0.522934979754039,-0.5219112798612822,0.47007643951222805,0.1412112743300769,-0.6230203046297559,-0.8484837671630213,0.07775466927190045,-0.8897547301742578,0.5618827726809137,-0.07610147103677244,-1.6620306165432575,1.0626155706647757,-0.6013849649255132,-1.9372369493222992,-0.8650166701252908,0.03549480002113882,1.3692061382641867
TCGA-BH-A0BV-01,-5.574922536348964,0.8202767846438632,-3.598572069004949,1.632106430517766,-3.1058722620303723,1.195185573514767,-0.7594366344895007,-1.74864025545224,0.028436356313701863,-0.3369289034947136,0.3781479657047711,-0.5124138211260234,0.3363579256854752,-0.10597732219500565,0.11992271003817699,-0.32549389202784507,0.2875451365389929,0.814261200070918,-0.2746068724151639,-0.5463295741488009
TCGA-BH-A1FJ-01,-6.2043231728171735,-4.915603002296778,1.4199772982541763,4.145716809164186,0.5870546918992227,2.1494723020856066,-3.6023791682393242,3.2749788843878864,-1.4384901578720832,0.19051907361258008,0.9980508665517436,1.4079954407568214,-1.3828886640877822,-0.3995327950948549,0.44309273085053963,-0.9110577484335431,-0.9385597651985724,-0.5716050392347203,0.7192833033268089,-1.5673999107104997
TCGA-EW-A1J1-01,-10.648146615251418,-0.5410621745631462,-3.1609283440286315,-0.22991151462068338,-3.5018935758109713,0.20915988062901553,-1.496432374169347,-1.4545510633435401,-0.7596843145566676,-1.4219293439461578,-0.6784002192396743,-0.026900570837434638,-0.09123878291563282,-0.27412690873436985,-1.0458063731200424,0.9485387923330623,0.05637923572516349,-0.6760257873441844,1.1285198111373156,-0.17836761118548283
TCGA-A2-A4RX-01,15.80508443698687,6.418979352028404,0.3559606570315197,-0.47143505984123224,-1.60850080102673,0.6324483622525039,-1.991508629252476,0.6391242466220126,0.9963969675581399,-1.4793439833692978,-1.5112538447068404,-2.0977243873621885,-0.10847942462097994,0.41938652480372995,0.4319983127088394,-0.010105958748503655,0.09733925502631921,-0.2478912930065038,-0.0729816523441834,-0.381522342652129
TCGA-D8-A142-01,9.547754733749523,0.5510406196782556,2.098645348968318,-2.9669038545214894,1.394041343096133,-0.29307635334089044,-1.0124885132703145,2.3066477059052413,0.27377391084501806,-0.33868438723430766,-2.1206824748536532,-2.483799446980018,-0.5140120511026579,2.19834466080305,0.5485995095581994,-3.096486430980157,1.6675132960251842,-0.9904205256273563,-2.3745956691658363,1.2199421260925194
TCGA-EW-A1J2-01,-1.571019337706209,11.27678912891031,0.1591705521749753,-2.5921313135645145,-0.8124841984231302,1.8027393328418202,0.9231982751570741,0.032345653948127294,1.3602065413340856,0.5457253316660724,0.05732627630592117,-0.029139173820894006,-0.45069891018017283,-0.05651611812551439,0.23547591019570846,-0.5560167220103766,0.023028581742647,0.5779356578076392,-0.3017054824341473,-0.41381222062950035
TCGA-BH-A0HF-01,2.4035174410215627,6.641425989043322,0.5022422421321957,5.2315481306712,-0.1793252180642644,1.1603809760248904,-1.6492635653642065,-1.53718501691257,-1.5806027387817683,1.0819886089136548,0.7802879635488187,1.3625548674626566,0.6120058802652943,0.10774694152381004,0.5022805239809551,0.3868774315409298,0.07168360388665282,1.354013483447897,-0.29671591769456823,-0.09245510792084394
TCGA-E9-A1N9-01,3.7004037694856264,-2.772473232755377,1.1121752928617104,2.8341800303146,3.829901222371718,-0.09133625311251078,4.712890718923112,-0.6783355815173215,-0.43188745612035734,-0.9641555684340288,-0.4161115259978993,1.528718230216399,-0.8203593739219206,2.574652439832498,-0.2555234653356548,-1.1315712061243546,0.10199324962666716,-0.955095164191057,-1.725390094543725,0.4664466312340261
TCGA-E2-A570-01,-3.082116657100274,0.8073918196453388,0.5738438912536891,1.5274201965764356,1.6142332829830761,-3.6032798731063598,0.8853029950517544,1.0559636000620696,-0.49576527056578334,-0.6696484600683845,-1.335922842110443,-1.438494726342579,-1.636535031784895,-1.0893593440969065,-0.4342190039960603,-1.4133273689892167,1.0462414067960726,-0.10632913278781694,-0.039084855505323174,-0.518295191163654
TCGA-AO-A0JG-01,-4.036703178948236,9.45376123977453,-2.219122802091509,-3.0330062645276263,-0.4547754968425662,1.1653963132460636,-0.6185459953044291,-2.282655542163774,-1.1545966913782177,0.7476488577643454,2.3160720340196614,-0.12920133197878156,1.7197969147549543,0.9805056506126465,-0.339443085772184,1.095743562514184,0.3630336652684557,0.10838547222222455,-0.38802970264052894,-0.766994619179804
TCGA-S3-A6ZH-01,-1.860946756714771,-1.039169040880065,1.91806227193805,1.7025112407452825,-2.351129463035638,-0.38008693433091056,1.9228972182206556,0.9677226784450157,1.5137677487403023,-0.7783487867358043,-0.8660881306039647,-1.026980773012811,0.5092066898149205,0.39990517367607314,-2.007677583176499,0.615682208612336,-1.4980861208704608,-0.5629749110866321,-0.036638156236146385,-0.37625999155693984
TCGA-D8-A1XC-01,-13.978303229158701,-3.4356111768211157,-6.768521100400226,-5.350534531717962,-1.472099135251814,0.27585307642742596,0.2777802567596283,0.8177403656164278,-0.6408450186951307,-3.044317795855204,-0.865180651809991,2.0495586975400157,1.1551881250691263,3.424992810461054,1.916059487762794,-1.1928971734048255,0.6119997949909395,-3.234750821706415,0.7959682611928108,-1.3574126551151748
TCGA-AQ-A54N-01,16.098049574260703,-1.3442771841685126,-1.5891748921184161,-5.004958758889667,-1.0059020538320937,-4.3574100431030995,-0.2554136802134027,-0.7894043864869569,-0.967171601983064,-0.6230161705848605,-0.5824391962422735,2.8879297677778655,1.722442667365126,0.5810149189023324,-1.3097787572253308,-0.2665514653363275,0.43759046619151576,-0.8725066717651002,-0.4147062627337592,0.14568045534341323
TCGA-C8-A131-01,9.0204778567498,-3.025849926871714,2.135405631980078,-0.15478296272962958,3.553516750266848,1.9692131474446446,-3.6871157941562456,1.9421457831136164,-0.6392267519047318,1.9038159870418632,-0.4966480080437557,0.19908196140371515,3.107605933570749,0.6957828469944846,-1.4809632235350885,-2.3679536992638837,2.007448674787994,1.0108263022105486,-1.211876852218217,-0.47162864507427144
TCGA-E2-A1AZ-01,13.225240351112197,-5.2595175290198455,-2.8703457593248944,-0.5291955363958722,0.23935857375737005,-0.4698396011788999,-0.9107685628391585,-1.9851555033813966,3.199389108246989,-0.6670973956113191,-0.06743936342244519,0.6965926950007687,-2.030791477448684,-1.167028608798221,-0.29644121805526563,-0.484487795109502,0.7279541976924594,0.3871170001004101,1.7529863539531751,0.1102410352628546
TCGA-E9-A3HO-01,-0.5647148334921164,-2.1449427998952277,0.9963949373731288,3.1337760782104414,-1.7127952592466251,-1.6266729012156467,2.7037562521041636,1.2822344329283757,-2.142682192002277,0.4726407837278601,-2.558632254224364,-0.05902354232354911,0.4688477954931489,-0.06047652519099156,-0.9619901212905572,-0.6773749481180265,-0.4820868332296128,-1.2167807145079885,-0.9192714090942294,-1.3092738434997062
TCGA-A7-A5ZX-01,0.1721941098627419,14.605067508093803,1.891840287181873,-3.600415782098409,-0.07788708607503558,-0.8899117247084782,1.2918462202872871,2.349335278345734,0.30631397670608873,1.1748778886304543,0.051049838873433305,0.12031832918971833,0.2716639037102249,-0.013841824874989953,0.6974100564870026,0.4524142994619335,-0.018556906155059675,0.8131910596278346,-0.17695402922341577,-0.5136863047676369
TCGA-AR-A2LH-01,6.229712818479219,4.6184457530374665,3.3521600243936898,1.1580095346486066,2.9143792787942653,0.21442293793162712,-0.6440297395132665,2.250259301632782,-0.7407634162701662,-1.5142707361287595,1.0272767666118805,0.4090802959770238,1.670697487228277,0.39013011201547,0.5022262999440037,-0.6470982436259941,-0.32611814250314675,0.00477596249703407,0.5958976210218363,0.26749167189077266
TCGA-C8-A138-01,2.360173263857065,0.3069188875367459,6.358063019624915,1.3122643853653781,2.2100917884163573,-2.69363759533145,-2.0118886295579776,-0.82777219411267,-1.9898564389797924,1.8327732968565167,3.2423716786368724,-0.9232079875198247,-0.5226243815332173,-0.27399409829650906,-0.7059349821038209,-0.5278503046744375,0.3847109863743036,-0.7560315732242859,0.4177530987437638,-2.268878573866128
TCGA-LL-A6FR-01,16.391657329531792,1.056037901976309,2.885220517745989,-0.8771412120415011,-3.16491224152991,-5.049338468149497,-3.3523583485461557,1.4050238979254186,-2.075459645473804,1.5214659334763234,-0.5793334844961877,-1.8001524429565934,-0.6199664215095742,0.3906900763137419,0.1341208967893163,-0.3850680024288007,-1.2320699949586416,0.9654704321840962,-1.588261679723708,-0.7422545847302263
TCGA-D8-A1JM-01,11.761716467215765,-6.357203813508912,-1.5648311930348258,-2.78307477296187,2.968494783940822,3.945868480781216,3.8403552568210872,3.113224006055843,-0.5214320987515352,-2.3650320881330757,0.160702686233901,7.5621561594979125,5.164422429118124,-5.058183269998454,1.383259592190757,2.733813401435324,-0.6067952696824284,-1.477203128803717,-0.400693152872584,-0.5574426728553166
TCGA-BH-A0BF-01,-0.1994619342909961,-0.6972509011825678,-2.14013137366841,0.96814640227469,3.5046564401255633,-0.04731225795753295,-2.426115158051226,-0.7815125715657613,0.5036822063489309,-1.5368307216435801,0.8560406774742695,-1.5235861213016642,-0.10638575723914775,-0.383475330985482,-1.041903998336218,-0.9990602828206694,0.23631162275177608,0.21306914976703306,-0.10490870097759071,-0.6320028963108553
TCGA-A7-A0CH-01,-4.089922116581016,5.617670406625601,-0.9925814952621405,2.2045962290649155,-0.30351200102755377,0.7881645813325553,-1.2520832419992023,-0.04821193197275689,-2.1151982081449225,0.5771723666796098,0.45315268393579333,1.0945374492458724,-2.8730217780081087,0.20862338189364302,0.5456002073932236,-1.1187494246297995,0.7421673190998604,-0.8705968362281029,-0.34837707633237464,-0.44376535897477754
TCGA-LL-A73Y-01,12.521915804488644,1.9291085427541514,-3.349161064120051,-5.701005873986668,-2.4257974171401067,-0.005877396415687279,0.9779738818770499,1.0718611997128655,-0.8589882616684783,-0.6806248670645826,0.5418121821126176,-5.333867561535335,-0.9010258307257135,-0.44461840097517147,0.7895049844616159,0.12403988865531763,0.7240217949986203,-0.6819106719191481,0.10158859136857197,-0.26188561977201347
TCGA-BH-A1FH-01,1.6243605621110466,10.184577792151197,-3.334674277230924,-4.095901557524487,3.1469849472479594,1.7358615433288507,2.402104270616896,-0.12866208995494366,0.4434930278765294,-0.17595795964549385,-0.7144013369822159,1.1992412522473712,0.14030445754629442,0.14457437663928657,0.9830556462796939,0.9830155195484223,0.17897269590344078,-0.9732122634497007,-0.0776845634644034,-0.3556142596435698
TCGA-AC-A4ZE-01,-5.492479513165187,0.19425704996245424,1.0549274120756442,0.17210853456299235,0.3497256888727127,-0.9540069563497255,3.20857832130957,1.9448129478469962,1.1488092003553458,-1.7762602577286917,-0.752022456437522,-0.9387982394801878,2.079802082474796,0.5399802441688745,-0.24919131655893995,-0.642379091589729,-1.8963719811292328,-0.04768203965261275,0.1926142209094822,-0.2541027417173561
TCGA-AR-A24U-01,0.4196179559232868,-6.199631522185774,6.002284107687099,-5.944879249181021,-1.2285271060314547,4.205561906231684,-2.3121406562262825,-0.31830395495662245,2.6678716253273764,-0.9207235638348705,-0.8903523663817563,0.9842975914206322,1.9159509661611869,-1.0954440370080691,-0.5921094152031797,-1.8999001233517518,2.069773967821498,0.7765402835539011,-0.0723205467982121,-0.3813654788504573
TCGA-A2-A0SX-01,12.22883973170566,0.26601321400838585,-0.2846398509549923,1.3183544357425299,-0.34170447899829987,0.7692228319956752,-1.4740438653864174,-2.3502986054663526,1.2628044748332519,0.42010158504753226,-0.4209949253842735,1.6801114574811176,0.6923778010091329,1.1364585561228584,-1.4815890836869037,0.7228785040314055,-0.3750291245993277,-0.2949517619424763,-0.024330432403062673,-1.565928410771848
TCGA-E9-A1ND-01,14.157299197055975,-0.7992725212953871,-2.297800588433379,-0.42244920244469,2.847214718331916,0.33386800381861215,-6.093542748267404,-2.193275537297031,2.1548272872392014,-0.3636211300856709,-1.4020698585217362,0.9639579484658534,-1.0027461656816195,-1.6993735594203072,1.1046603536324502,1.3690875467474273,-0.22771247286584897,0.8879755930977911,2.4554400210105873,1.8693233021246765
TCGA-A8-A084-01,-3.220516202098482,-2.3863853531419994,0.7532939361689748,3.2047333304439194,3.282967999133962,-1.046040117659241,-1.4043399629698552,-1.8174420106730784,-2.3638338303111164,2.686325271890641,0.24147180755466235,-0.17239917005025995,-1.4851589416582887,0.08671794600477192,0.8686228336138937,-0.453650127200066,-0.08512287293448395,-0.5986991546535795,-1.7643403950998748,-0.1665155649166524
TCGA-A1-A0SG-01,-4.487269245002557,4.729415209626549,0.9577152510427511,-0.030684824998987975,2.7287205626224273,-1.3238172602834342,0.44869246358256953,-0.6344591603092166,2.8096376945110313,-2.508069065918083,-0.3926266020077511,-1.4364919131894438,-0.6291319028683838,-0.5561697319024946,1.1134592945330173,0.9077115532869624,0.44616539394766297,-1.2907063193704384,-0.551717993290383,-0.3043362162822901
TCGA-B6-A0X0-01,-1.2651297924581486,4.690335502587162,0.9424972398816128,2.1409137329857884,-3.093829459131372,-0.13959937989169377,0.6166543242274303,1.5346758393821247,0.33826807539654075,0.028133834160704894,0.2553027379263431,1.2480135408027724,-0.12375429953606704,0.6590440326261697,-1.044467011854304,0.006495545969309555,0.07397829458505477,1.0730989057082914,0.27119647666017715,0.5414301514976879
TCGA-AR-A254-01,0.25432201849371017,-3.6490996545322862,9.946374074093008,-0.018793769238641858,-3.5006638646746673,2.603896247603369,0.14460413944901956,-0.2981542578295105,0.3627464324839071,-1.3108025328693904,-2.68610389696697,0.70727352632034,-0.8929394157861252,2.3164537738086914,0.7929106732090541,-0.6593528665456067,0.940699139519931,1.1019724010812082,1.0110245396061583,0.3004316034827284
TCGA-LD-A7W6-01,0.4440534704314306,5.216444010304806,0.6188905947805813,3.080768150533747,-2.2440500477826575,1.4861827632317746,0.6714245472206732,-0.28105721425234165,-0.7174895125472497,1.007741838958837,-0.1585645738786873,0.04549862151322541,0.7408960819001623,0.9058219823913752,-1.616435260827715,-0.83285392588269,-1.2207258492145014,0.24451748224327494,0.4679273811870247,-0.3104338462689468
TCGA-D8-A1Y0-01,-0.8023836008552256,-1.187541817601768,-1.6613670820591993,4.174132640763057,0.3258172271005957,3.712424416968044,1.810495471267724,1.5919097237155255,-0.6046397840818465,0.2480757846301812,-0.21322262814095358,-0.44623038240287455,-0.3538582042705615,-0.9918416506255029,0.32809107897182294,1.2537096965723156,-1.0342719960694824,-0.5415161827822508,-1.2908285077489907,-0.2531138235389217
TCGA-BH-A18R-01,2.987961351633646,-4.30592186343313,8.545164087601808,1.3103606324777097,0.7478264196035433,1.0216975298818332,4.806122927747219,-0.7923493145142131,0.24367811838588735,-1.4926380144046085,1.9100894086631202,0.3978210923240184,0.8689738146673731,-0.05220684913353303,-0.5693462241747453,0.8736309234775907,0.1780229769498105,0.33491422406715565,0.32888684968381365,-0.3006142544159896
TCGA-LL-A5YO-01,4.616248902854971,-4.43755600936107,2.563355799622172,-0.7842189983849667,4.545078691378965,-2.569034139183858,0.1306484057099896,0.37974124170185913,-0.6817188675696104,0.4506746876198411,0.8812947065082697,-0.9551609379570876,0.31044991463330573,0.49200904725404565,-1.798528299135403,2.0606467344505806,1.0752279525877997,1.1238349929104614,-0.4366970070631133,-1.6037733097466242
TCGA-AO-A0J4-01,16.50938710249435,-3.024390239552157,-1.8389040136408241,-3.383548295802553,-1.3368698667778802,0.44308858628630826,-1.0581051106927826,1.2180578795379993,1.4359009147598374,-0.8851708176935532,0.9141601844821897,-3.236002216567972,-2.357898604595551,0.14107234005582062,1.7135713980305058,-0.6200308603581086,-0.7305167488842017,-0.7551585193804611,0.9612457082963912,0.5709486927592512
TCGA-E9-A1NG-01,-1.4152176469551785,5.507295202530146,-0.7029670628691809,-0.2185675335137469,2.4408364291268843,-0.5832353708572078,-3.3652612335058385,-2.250826553525085,1.9468685651102382,0.46386098978192325,0.07314980309084353,-0.5569865712921802,-1.3210486672308008,0.4839165688656785,0.8251637960698586,-0.34744028445859404,0.6865980144408865,0.7033982117471139,-0.15638329603958775,-0.7786286124308813
TCGA-BH-A18M-01,0.41512632990361714,3.8254195311818537,-1.6088539650964422,2.5687225564990612,0.3558783790016413,2.2558262625372616,1.0365176080986749,0.2852933647666666,1.1819640857712912,-0.5325191477064185,-1.5962894094579472,-0.7714545207476203,0.07206340474036853,-0.19689756872853806,-0.6845129563112158,0.4204895515984708,0.5104876994146552,-0.2390126350223972,-0.09157311392802926,-0.34807691997872375
TCGA-A8-A085-01,-11.486422306011974,-8.5186975542882,-1.9922148356080753,-2.2516020666606473,-0.22446062417881346,1.9997358532428913,-1.1296048954171116,-0.5243680640135161,-1.3380049586539413,-4.940040890232216,-0.040288250800815106,-1.0957229074940076,0.3107823312414441,2.174050332559898,0.14045474863134697,2.448500436110088,-1.2782440090830278,-2.7869564467884556,-2.8074494215053596,1.8477466377563612
TCGA-E2-A10F-01,-2.341387360937764,2.6445680552291315,-1.3617487039187266,2.685187881790106,0.5857673268703173,1.0353908738078483,-0.9740092600818253,0.09503532115959706,1.577565936541093,-1.5414383830719312,-1.4068647556852096,-1.2769102239271244,-1.2305288174288924,-0.15059846173414976,-0.8237643126914492,-0.034057645780371466,0.38614162120116885,-0.25897895367137713,0.06250412316278062,0.12331153388819671
TCGA-D8-A27H-01,14.900596221319528,1.0777912822698272,-0.6951191399277141,-2.530712062448121,0.31020574348700714,0.5848666868504354,-1.4269273391810158,0.85016422339091,0.6454889989020921,1.3933874133529656,1.4467753052582109,-4.210016741325671,-1.175555483118335,-0.8399029818086047,1.5888786078641348,-0.4486060019336849,1.269031212177959,-2.367921526001845,-1.227808566763937,-0.020747608881375265
TCGA-AN-A0XT-01,-6.683082524898803,5.282892824418393,-3.290797199106945,-1.2449847447414124,-1.3341777363393261,-1.191448884230124,1.3297202683542406,-1.2282770959940172,-1.3762717331776022,-0.7638938787712488,1.7647780248674834,0.9369125348648438,1.4082202967466109,0.8562025966454867,0.06698482493682108,0.4332396783601211,-1.203522722436917,0.5335977720192207,-0.8808174273633755,-0.2715708498147795
TCGA-A2-A3Y0-01,14.521184320393193,-3.005156712411473,0.9930631981702766,2.513996536641033,1.997684715914995,-4.258815918982624,-3.5227434454732416,-0.2384688211209208,1.7894152711623026,0.8769455591912775,-1.6321059981403638,0.5976510574180685,2.538103874777358,-0.029401411459186844,2.140378714881929,1.0209321177851916,-1.5096647267856542,-1.7877485472646237,0.8331410099158555,-0.628782283923749
TCGA-AN-A0XL-01,-1.482281783114987,4.053209861589621,-0.1721077559425134,1.1132699215698283,-1.6800443716938984,2.37440919019267,1.084193463482639,-1.1926668723363794,-2.3783028811181306,0.6737274256575011,-0.39306112406287436,0.06956189317988935,0.5921667951606406,0.2498232596719315,-1.153357243447613,-0.2165531415665947,-1.2464306323297751,0.15616490919438675,1.3447600309879664,0.6692556924031486
TCGA-AR-A0U2-01,-4.993680121096377,-10.694106291930725,1.4173040806755468,2.2062602816956933,2.496952293625523,-0.14325317768983534,0.9444435247883057,-3.063358514865293,-1.3839498783689224,-2.3705665526043576,-0.858787396714182,0.4995581496125314,0.6011433260507147,-0.276271969128734,-0.37511421209717805,-1.243075500393986,-0.14050588543001352,-0.4682854601729295,1.5872098410889006,-1.2407450096646722
TCGA-A7-A5ZW-01,-1.0146529060926148,9.45990172984588,0.21968835744389892,-0.7377440814603001,-0.4591221303163646,-0.6239727012970111,0.332971006486924,2.1378977788646853,0.717069014764659,-0.8158767717308537,0.15636520257013659,-0.6167952043284463,-0.8651184680886531,-0.46026001496967095,0.1696250987769212,-0.20475583321623322,0.5403399243986001,0.737907894862742,0.5594962444537739,-0.2986772548266823
TCGA-AN-A0AR-01,11.412651761033027,-4.332445175392115,-3.023960276747433,-2.1710590598155384,1.2501106879410417,-1.237207063546098,-0.154443908036678,1.2702207628019793,-1.4727817487971993,-2.299822941696816,-2.7324120114342447,5.87995438294617,1.7508083815102053,-0.8653665599482976,-0.48547935263048625,-1.3245953942724367,1.3162472272191206,1.7449108530412247,-3.298491271428954,0.577060434552034
TCGA-E9-A1RH-01,5.308191661955297,-7.725865971285617,-0.17867555155597328,-0.704505235739814,6.657488724974335,6.571410817455945,-2.0748539162981023,-0.6725056779851787,1.484310889131829,2.132402414832185,-4.107792190632322,2.328004713947801,3.4150546860223394,-1.118787621750465,-0.3132750461615547,1.9244928462332511,0.1589020983629352,-0.49487289851917643,-2.01685057885454,0.5716956259469453
TCGA-LL-A5YL-01,0.1702980349165632,1.0228225812704745,6.00614209353567,-0.06623992104367546,3.196654825550934,-4.210812014597563,0.028734361151410235,1.5136688648501808,-2.8809131910087946,0.5695376113250732,1.050493990401673,-1.3512111255604635,0.013680300027398814,0.2908630205681829,1.44445487054166,-0.9260833723726317,-1.1766781437922296,0.4796622370890033,-0.4221546384241134,-0.9008101035586784
TCGA-E9-A22G-01,16.439352958428483,-8.579337925368737,-6.119308487712143,-0.444975547603546,-2.9031130440470365,1.6110681950550723,0.7926162152421555,1.1351692003372098,-2.979021740079308,-1.621070212212083,4.491109286160924,2.9255349994487987,-2.7358226435708675,0.7450517712661482,0.5112299778573671,1.783696402703581,2.418804633311654,-0.7268468590558776,-0.892796980351135,-0.5167689096710801
TCGA-AR-A1AW-01,-2.866757666039807,-2.714414000033403,-0.6549719401955206,-0.2367454694839956,3.7268459874455178,0.13262314012240098,0.8951455689570241,-0.36149407120945387,-0.4831014535059444,-3.0051752238250065,-1.4656733900606636,2.1746939622895494,-1.2187806662362632,0.38711479238419483,-0.911303694283018,-1.0555154905923536,-0.28842448765350004,-1.4522490103875203,0.5973524774863241,0.23665978132651003
TCGA-BH-A1EN-01,-10.387874936700685,-9.296379501266228,3.614202074514783,-9.094257514102646,1.7035608929080266,0.5841864400679324,-0.2936888924857639,-1.2485704481146767,0.3728203211062716,2.0212987410756007,1.009341552071784,-1.265238872274259,2.196109633029494,-3.3236474897016826,0.764949335296797,1.0265039505401068,-0.14512189206078407,0.9753258222048522,1.0265213753951898,1.124086823947376
TCGA-B6-A409-01,13.57753332402366,-0.11745143436363871,-0.5808451799564983,-1.2385018291782708,-1.5908185563844368,-3.2596656362800256,-0.05466162945957596,2.250936534595471,1.090029667410849,1.27665979504724,-2.1039232610191694,-1.907876584197027,1.9792507715640744,-0.07373012837224488,-0.6260987297352045,-2.0099779398171274,0.06258872742462497,-0.34811941713423766,0.7448448477476888,0.41137661784349194
TCGA-A8-A0A2-01,-6.801542027447043,4.439373472156493,-1.1881901647904098,0.5296785147232621,0.8772928170541712,0.6041412799916687,-1.0607860931979276,0.39938449951022836,1.286165393409995,-2.222139598224508,0.17985442489740994,-0.41650337199440135,-1.052358785633991,-0.6717422899852796,-0.3674017763505111,-0.304635362507947,-0.7392868897751937,-1.0993876665705877,-0.41386130443452784,0.44682372046876107
TCGA-AR-A2LJ-01,0.6497972294115693,4.903237696175607,6.665379479278831,-1.2743675255047087,-2.633676209066172,-3.0148783059968687,1.7691963757949971,0.6434553359134382,-0.261434654888699,0.0637759817106017,-1.7861565360053024,-0.5130501198367121,0.4535103170897356,0.1786672594839463,-0.4792142962993447,1.014234408948488,0.2820513881841883,0.9526597360770771,-0.3213414022183432,-0.8528208211436433
TCGA-A7-A2KD-01,-1.8148500741175426,-1.6632535361529142,8.51250710712664,2.07817042290129,-4.648990263466638,0.37583760542942624,-0.833768487125976,0.09022371953969949,0.09283790494314167,-1.8989697798757947,-0.27922841296546513,-0.8940310446772438,-0.21052763503433547,0.24244326662502108,1.3461432236934125,0.4331374893070994,0.2771923922994912,0.3468395340761683,0.2849194755917111,-1.8610389689885078
TCGA-EW-A1P4-01,18.683663079899027,-2.2671913488207918,-1.6704313455674202,1.667677061829342,-0.2649092427013932,-0.3256020576454448,-0.5721214910410398,-1.156337574667223,-1.678397706286125,-0.7121306353801987,-1.2526500419313475,-1.236176170738701,0.30990591795730077,1.3700525853704424,3.329911967844431,-1.225114326191008,1.2794668166357883,1.1269292311143868,-0.5094518697612764,-0.7984676840539492
TCGA-A8-A09M-01,-10.765532302301953,-7.883321042077595,-3.7169042724301127,0.5095442327147182,-2.2079959930837116,-0.6126296666866053,0.3868995539343696,0.6090601111531024,-0.16170379740641366,0.9316976006619481,-0.8889017786217526,1.0092213070211582,-0.24761946887395517,-1.1539743436559815,0.8512109740104723,2.2632708720442305,0.5196549396471325,0.23272254925830216,0.17184364944605537,0.5152886020291572
TCGA-E9-A245-01,-4.515871549645547,3.625315069696426,-2.7303208294392944,2.568195329222611,-3.5411234224667396,0.5467731656085842,0.03340672531703464,-0.23130450878141676,-1.2202826376054388,0.33975340258509223,0.23141615480747696,0.3573989738437845,0.8015049629911462,-0.23047158128397222,-0.4093267446092222,-0.6382330780046531,0.6684392238010821,0.8227797766958442,-0.27958295922487625,-0.26757125863952075
TCGA-E2-A1IP-01,12.686078054077457,-0.3107188723233576,-1.4268647708947926,-0.849666907704528,-0.05036698865006152,0.8150928967974079,-0.4358592244461084,-0.18687097183464865,-0.17252102117675078,3.422560445623946,1.8631471060290878,-0.14392579846590656,-0.6365530353755235,1.0293690634789634,-0.9281327433174466,0.9673754431591199,-1.12000813957185,0.026166662176705026,-0.727367643989667,0.41103363169211193
TCGA-C8-A3M7-01,1.2197868309252042,4.243834542907207,1.2834105194092462,-1.4454455131054769,4.964617863151134,-1.0027648714924216,2.28312407610658,-0.5576978175090911,-3.6397077222458534,-0.780860117826659,0.6209825465811846,0.9195787964438636,0.027813267389013335,-0.7041634521663166,-0.8811544512143097,-1.8448096008773656,-0.9047191631180347,-2.104469499007766,0.12906571616814985,0.40629277320770274
TCGA-BH-A0DV-01,-0.22730294160273634,10.062337357861939,-1.2272696160042802,-3.172845389857569,2.2227513172140094,0.493705499778178,0.7966321892640587,-0.2779850153614267,0.062051221075595867,-0.6424227833510456,-0.47098677541143524,-0.3073240859828967,-0.43299791793031184,0.020181535669639435,-0.18759127549286608,-0.6993692580970219,-0.37442791955280313,0.831934519485892,0.3883494387597321,0.12265631591081487
TCGA-D8-A27T-01,-7.272683146102831,-2.6527280989270654,-2.510329087523157,-1.0695012726160247,-2.1652911346327044,4.7436253635035035,-0.1879193990656844,1.1848894642957366,1.2006128636311646,0.3362313524946381,-1.750524191641611,0.2170285191476891,-0.18285042611949612,-0.7635993626510311,-1.4627998576345358,0.7915033816400073,-0.05533277302703089,1.0852258139877062,0.6809331198243733,-0.5056771158097245
TCGA-AO-A128-01,7.439469766503784,-6.844343556043186,-4.027589740847578,-3.8883646933915164,-1.0667279684585012,4.976285730313402,1.413572396051018,0.21986294149154245,2.6601790668620917,0.7232864319270212,0.03469076860271568,3.309523248722051,4.750953238695228,-5.3374223667235965,-2.53009464875589,0.29328006394371325,1.9915396622216444,-1.3654050251171765,-0.941855487334131,-0.8344781975125096
TCGA-EW-A1J3-01,-1.5110319034971427,-0.3401582393897712,7.446512551591448,2.9206672221307217,-4.384835943970474,1.2876302756669809,1.6083188163436495,0.46617450781757624,-0.7393851699961368,-1.555658696779812,0.42854104083375305,0.8752752100756759,-1.7743955027033607,-0.6482725208332173,-1.2682643619132201,-1.3069116311203248,0.649389407134035,-1.2509635580477312,-0.22726615802378106,0.4591731612530816
TCGA-AC-A2BM-01,-5.546308730957704,-2.5955396019972206,-6.2819832855742,2.561866243195282,-4.937410088677273,0.369069313179047,0.08723946112988584,-2.349432036219201,0.7885739510041634,0.3224276857924471,0.029746063561061322,-0.05905578280227586,0.6905235189692661,0.5393961794602632,0.1147743862464015,0.6769355760294417,1.3635673912496895,-0.39063573793371265,-0.4949600522559437,-0.5205213502337546
TCGA-AN-A0FN-01,-3.34543479851507,1.5248813179492833,-4.670623031646148,-1.398469026340483,2.9322410296165136,0.12968997132709092,0.17587758560330696,-1.6774254146643088,-0.37361155758059966,-0.13270248229638726,0.1240686875285152,-1.177625810291054,-1.3521352742590567,-0.7831227060478286,-0.35018159974450236,-0.5553934585332382,0.5651074322361704,1.6497633658183621,-0.2629625192561265,0.23987666126887783
TCGA-A8-A08O-01,-0.5196805774474007,4.595150161905532,0.528189029159969,3.5533954853709333,-0.608561740719023,2.4520081507437874,0.2602415229877445,-0.13883247452918548,0.8876493351055988,-0.5931142255444234,0.42516218565534947,-1.1589009424456271,0.05737325416229948,0.01798431438382847,-0.24278283557983804,1.5376227704583005,0.49473528619723045,0.7149576582987501,-0.6012688577320948,-0.24381458600236586
TCGA-A8-A09A-01,1.0243395467792067,3.700066981570946,2.774040145331836,1.3139616332507966,1.3033024356942486,0.7374792973585208,4.050961055904339,-1.4135693779629674,1.3357712001563526,0.8425443068124104,2.289730215537759,-0.1677630589289411,-0.2562506714486114,0.11589806705427948,1.844653565119384,0.2856455606750311,0.54691316437189,1.099583597025152,-0.6224365014798398,0.49617661774445876
TCGA-AO-A1KQ-01,-10.87144969473502,-11.00236540492827,-1.988159651790565,1.930490582264766,-1.1895719474846769,-2.8974784179624202,0.3558735139302783,0.9609927229235613,-0.11155528282457325,-1.7256059640318973,-1.1455804684588902,-2.5373726468746023,-1.1696391984567351,0.24881698282941908,-0.043387626284337996,0.8030772397010264,0.4809677099811185,0.17822092232390332,1.4295673992454283,1.389589889775361
TCGA-WT-AB44-01,-5.360854274199242,11.260815543616982,-0.7576401056601724,-8.010039718138497,3.2818213155396863,-5.060648534871263,-0.921184707755955,1.4386035115689724,-0.14043798389643602,1.2469312519781555,1.0301647839715051,0.7536279806651451,-0.9978994405019332,-0.8873118182469922,-2.3308061468437495,-1.9282560085137619,-1.5998881807140248,1.1792835607259373,-0.7166631060458988,1.1543067777302791
TCGA-A2-A0T3-01,0.5512843856877758,-0.9344083235985333,-1.0120395676929044,5.511803704777158,-2.079963871939341,2.725870010181312,1.324951862836064,-0.525354632359339,1.4030997846659927,-0.9082170983256346,-1.307256588633835,-1.4858767664425228,0.36345858668717307,0.7248999600505229,-1.9815623321271447,0.755642992264732,-0.8572722574032062,-0.7174415774042857,-0.3514639011774663,1.4680706708542546
TCGA-B6-A0RN-01,-10.171766569491593,4.528921536882473,-2.5447860096716797,-5.395556248543305,0.7055974617102415,-1.7356633263038854,-0.21034154215873357,1.4049626566401483,1.9880370799692222,0.47125955404135855,-0.6714325744885378,0.8538289139278262,-1.2964617910741543,0.04348885032168069,-1.3563227266091902,0.019745109996993155,0.4694634724815988,-0.04597203760240116,0.7436248396111202,-0.8192662497469257
TCGA-A7-A3J0-01,-1.8701423198361948,3.388045528255054,-1.1149014550141463,2.4057195311058757,0.7478829120899295,3.718073394348434,-1.4994641837161984,0.6236791224177634,1.873094707129674,-1.0461910148240912,-1.9935061798354412,2.2231738302965445,2.556851898052012,1.128094579768454,-0.5976928941966045,-1.9187908634378263,-0.584652655483464,-0.9157994664273754,1.036852710481994,-0.5113493991616145
TCGA-GM-A2DC-01,-10.905839722915353,6.850832509824289,-4.02732578854849,-6.142130925661605,-5.962905271614534,-4.3436953512001235,0.2964614494967357,-2.8063165621489046,1.8670654034338887,1.799856980274748,-0.3769009033130648,0.3797642649766455,0.36793123316520915,0.4029984761981392,-1.3975041389584915,1.392286887844666,1.1476148375623223,-0.2656461146828287,0.1206659909025086,-0.5176149301642619
TCGA-BH-A8G0-01,-1.0642621334956786,12.99185072329546,-0.9155551057858392,-2.931353652809733,-0.11892469238815803,-0.40563268535280306,1.0707622227358744,0.40979623599965587,1.0969334915013402,-0.08008103553154602,-0.3071187132356763,0.0611846950900392,0.40450326680585724,-0.404223450704727,0.17592813116847658,-0.33916397816924737,-0.17718628098884417,0.5429922570773668,0.0508701733639994,-0.31314778344306476
TCGA-A2-A0ET-01,-10.5542046429217,-2.8810684897729004,-3.6336865390920448,-3.750802341668119,-3.9442463632338467,0.8310504538189646,-2.2864041685400442,2.520676838939839,1.111194078054463,-1.1491127762859512,4.033363436170689,-0.8765550572999198,3.0717878632453246,-2.6373214578372717,-0.6171824567055229,-3.472813085319747,0.4254542195728059,-0.05551325911033845,2.2060006270148547,-1.6050682409033707
TCGA-C8-A12Q-01,0.3720609759293839,0.06709221410151969,9.37625638051546,-4.039828678463449,-2.334212026600638,1.845840441795499,-0.846199663921198,-0.6265621588612731,-0.4253784632731631,1.6591277638054165,1.3538916621159236,-0.42456510107839107,0.7389386229804815,-1.4698105221729392,-0.36568983620329754,1.146672449177166,0.38070986619464214,0.06188440850016674,-0.054184066779037865,-0.6087641287200177
TCGA-BH-A0E7-01,-11.773124426018068,-0.15419491857247614,-2.45845498617436,-1.8674328192168987,2.268375392181971,0.6442781571033229,-3.366840912201475,2.50068084656828,1.4097209690865338,-1.2319788779481202,0.205514459823477,0.4376096081558237,-1.9456359956276776,-0.47034586507365417,2.2488572111319485,0.001061781750192716,-0.3053122899519292,-0.32516759583780885,-0.46534935047317383,-0.9804623613053868
TCGA-AN-A04A-01,1.9547815344512056,6.160886423063509,-0.4376040167124921,4.09193203744677,1.1687230271587512,0.9523933186814011,-0.8767290996625424,0.15535901723926585,0.21299717330996454,0.2641866909638923,-0.24901570030095113,-0.48873162876989085,0.2622921948182693,0.99339117110769,1.6748946997277117,0.47957357781994076,0.3641991753423471,0.8570509075557952,-0.5016609157538651,0.6708654209015313
TCGA-E9-A2JT-01,-1.065000085830716,-0.3635017326511331,-5.589854155684581,-2.178933945575251,4.858944754455305,-0.8644959885900081,2.7500705174725617,-0.9459506157030606,0.018785913267269166,-0.08623122833292124,-0.2951419111776798,0.008821341245090746,1.2590904477197735,0.01381431521527607,-0.46630148414820205,0.11134671508645357,-0.26193597582141603,-1.9826627035429247,-0.16948587982313834,0.2135390275945671
TCGA-E9-A1R7-01,-6.231025169229602,-3.3943731562636894,-3.548818183282948,4.058694311772773,-1.9324010438863202,1.5535641947868517,1.5548943558456128,-3.1240661938341736,-0.21108173633478364,2.4664186303024684,0.7824077788350097,0.6553925706233462,-0.7507297966932103,-0.41607508242478947,0.7700326111511879,-0.19085402407440719,0.25300609531296026,-0.6281518036330864,-0.9522575202629674,0.9297113752384264
TCGA-E2-A1LL-01,16.8370061858873,2.098820122689507,0.9622669035604137,5.327868911742723,1.0051417556782656,1.328635100173312,-1.3766459838449145,-2.5624336511257595,1.8364976910011572,1.2634606125194434,-1.1942212202417801,1.966515323541492,1.7887417297378847,0.5489822205385332,-1.222179427592902,-4.146136163550356,0.5823422838569411,-0.5628481846026748,0.1331631347183543,1.6792001931016802
TCGA-E9-A1R0-01,-2.5405564957176043,3.8952076374463815,0.44505567397853,2.058977254887501,0.9015539363359546,2.0133643130968166,-0.9384433236583215,1.2663248987000806,-1.0681216549705281,-2.045985331226829,-1.6739057897152605,-0.6547431424288371,0.21276677087725016,-0.5388724302842084,0.5450981877738029,0.12317691691329016,0.5339672790268347,0.31935867598128076,0.18633823304038455,-0.22904028278421265
TCGA-A8-A07B-01,-5.904957570173074,-5.512973339592891,4.517721541010479,-3.0349650641318457,-0.3790219662523298,-0.887307988776377,0.7003189600432373,1.9148580751754611,-0.010411555344536,-1.915268723104408,0.23304621781294824,0.5207504755501284,-2.868533631561782,2.682523453221246,0.7416434213700707,0.6839486870291884,-1.5127073232238886,-1.6490697907341991,0.0031451740417711574,-0.7025069560787396
TCGA-EW-A1PE-01,-6.299691461379593,1.603434276457241,-2.8748921114567496,2.6459837585140886,0.015228971951039179,2.259881894528287,-0.9730452090418862,-1.1773439353955164,0.08647829701056944,1.3549065406394438,0.7978209755614774,0.634585867548201,-1.2468991895653123,-0.8117941001123122,1.1518847532636358,0.4393807493400362,0.49453753384660704,1.0369765049386024,-0.5792378819989942,0.21428133193364368
TCGA-A7-A6VY-01,15.96840673007128,-1.9775010648126492,-2.7298006556343473,0.7918428541425416,0.0822262618511266,-1.9918079222255671,-3.429276089107155,0.18490153926725883,0.06963496761680589,0.9340996971467322,-1.2795398033925842,-1.7592147291779132,1.030156052333747,-0.3412004806638682,0.5978657182442206,-0.34833480309924847,0.13441135390161288,-0.620092635080744,-1.1219532560496213,-0.6093651866389604
TCGA-E2-A156-01,-12.397258816427932,-1.350238435467793,-2.222693433164557,-1.2627996123203016,-1.1048551670584776,-0.8695669154327618,-1.7093473697300678,0.35844385797140815,1.9451779264484148,-2.084025187531397,-0.33463715439617847,1.3371538594031696,-1.7919541477871104,0.5970105143845506,2.2490697404188205,-1.5533418913060488,0.6462966461657457,-0.7083109225112266,0.4579785170972483,0.05121123813953144
TCGA-A7-A426-01,1.357250893084889,9.29176447375531,0.0684750887096617,0.3752293912081231,-0.9798733788213749,0.24455034963464706,-0.057759701710823924,2.232439678846083,-1.441636965161355,0.4448309902472555,-0.5824979225898739,-1.019946224393602,2.300328442970407,-0.03167683292613372,-0.1539627994685633,-0.8593329371299879,-1.0345366217378529,0.19252588641872503,0.4798966957292732,-1.0786442384286528
TCGA-A8-A06Q-01,-9.475852613716384,-11.27779228508241,-4.1559315161396695,-1.903792051332416,1.8134803902551098,0.03675892995191889,3.139900462295155,1.587727903866502,-2.0026812066807205,2.707392770679667,-1.6359450780271536,1.8046354840702221,-2.0570184011774373,-1.5497289787964397,-0.7942915992367628,-1.1771017797326766,0.4213420743051167,-1.793783283174751,1.4306381240644754,2.6896651655297723
TCGA-D8-A73U-01,-7.634786555766711,5.692076348530877,-5.014823606880196,-4.273375696086855,1.3950394728712066,-0.12187401108054528,-2.595641762309954,-0.647157731818539,-0.6979062531370808,0.8755058489087315,-0.129331990259577,-0.8186286558064467,-0.33255701876386806,-0.9360980933152965,-0.5724166668801172,0.5911210294281298,0.6140852620107615,-0.9668872671276161,0.3373748401246263,-0.5442919726583021
TCGA-E9-A54X-01,-11.797912545014974,-5.047515885405685,-3.620388177763343,-0.27280213660426084,-0.3945266026619929,-1.0155459590686273,-1.242356559315728,-2.928239975135611,-2.671703031941791,-1.6004288143645669,-1.6973998683913796,-1.1063298281686171,0.839846821428849,1.0375927230766706,1.913495499971706,-0.6599585894193994,-1.1361922015749184,-1.427525090898085,2.41302343984938,-0.951838628972421
TCGA-A8-A0A7-01,-0.25945720692810625,-2.0716505984338927,6.152118900064306,-1.8363975861594337,-1.0719705260270223,3.02135671104895,-0.8673551107265202,-2.305157807992764,-1.4638499322983003,-0.6735572812291085,1.4121988241864034,-0.5190548094547972,0.11260400481260623,-2.014031350821003,0.054682106030177036,1.1938445546942307,1.1086628552911442,-2.58793862512808,0.34699129351873836,1.273292695140837
TCGA-E2-A14Y-01,15.425168320255713,-1.3254249981887336,8.456175416652295,-0.2823665024385242,-4.500194068753465,0.9027750353221353,-3.5697507103063044,-3.162369465394771,0.20396223543365005,-2.6143417927095447,1.3811286884923402,0.6342631863600546,-0.5058639392854586,0.22042645671958144,1.6475005833981178,-0.7717105137688893,0.3308529569442049,-0.6828038051075079,0.9545561687438944,0.39884738103090844
TCGA-D8-A1JN-01,-12.612584394189676,-0.5137940805219636,-2.922503395461968,-7.795325234802524,4.214211339699822,-5.31987120158123,4.746522085023891,-0.6221327152975261,-1.7947564464572319,4.705791147339722,0.4873830012168287,3.3690894828612175,-0.6993957789526764,-0.08568311902678462,0.6549680021988158,-0.6875656734482367,-1.3172034653077216,-1.3495965893138142,0.4992546775323573,0.4921361705253506
TCGA-AN-A0AJ-01,-6.467591072068411,-10.740522191017188,0.2306849130877173,2.1705359174982224,2.8469722073768997,-1.0402102001136824,-1.274173677723464,1.1634765660316677,0.8737520525049189,-0.17694400706428984,-0.9136516299667551,-0.020721642452943907,-2.1776962098129156,1.0827312801065625,-1.0183905543484915,0.289098978600154,-1.03226931370092,-1.0975594020807464,1.6343631486750936,0.0008557780523800305
TCGA-A8-A076-01,-6.704570479118441,-7.5129595786911985,6.370515955919355,-2.4118806362641525,-0.8438035067811629,-0.03359585395561547,1.9867886444466778,-2.6694311911335076,-0.10328067283163397,1.2907651420777675,-0.6992879356201246,0.5092698030974032,-1.5529037211022148,-0.46374049526627137,-0.5451949688447402,0.3412710599810324,-0.12024146380882646,0.22527607352016457,0.8273629858438923,-0.3254298373650272
TCGA-A2-A0ES-01,2.8746402230360313,10.963977032817867,0.5187093861759111,-0.5284783810370141,0.5006163102577293,2.3168806852293087,2.5784625694769185,0.7702238628061082,0.7402253427075162,-0.12268522783699262,0.24663479898373086,0.6779940088485273,0.5239484466826794,1.3251775439258944,0.9692582898065443,-0.3596868479489022,-0.8110154328224471,-0.3371082942496639,0.5661368452560629,0.2567344337224155
TCGA-BH-A1F2-01,-6.9787305428599575,-8.09812202533475,3.4269186221431998,-5.122962444696728,-1.633108466523676,4.733212852651852,0.705350882536608,1.1291093362503826,-2.1136907307270403,-1.122150162491713,2.1049034417483004,-0.6560104642229779,-0.17783505362259708,-0.48203892353763667,0.3432431720082165,-1.5954960421311888,-0.7551044841512954,0.7186937820248032,0.8276354670028779,0.9520429801657062
TCGA-B6-A408-01,-5.070849855470146,4.052357354057629,0.15186066449845118,-0.04968814810452469,-0.9851567640486923,-1.3081862373290143,-2.7684611999783995,2.625412939604996,1.0119428782161486,-1.6370204943904716,1.662734497198633,-0.30922953348423304,0.7868635806522997,0.17781533523548526,0.7036986917784886,1.491136342769871,0.5339854749924466,-0.9658469769291669,-1.2934322102007896,-0.6281312113310152
TCGA-E9-A5FK-01,-0.026856688863648153,7.313555388832806,0.7108293230001245,-0.6685946847292759,0.14826435276291525,-4.227098358678938,0.12191785915632862,0.899962068730123,-1.040531500874116,1.0414240934908094,0.08766297771680837,0.1619396015174745,-0.1943349877809285,-0.22377286629788543,-0.9569088812759342,-0.2906730904252084,0.7364836905044674,0.2541942861286076,0.3499686437368415,-1.0414078918383878
TCGA-LL-A7SZ-01,0.9747975323889937,-1.8937964292586738,0.9552744325676525,2.4675629818999596,1.5133729567020762,-6.003742400446461,-3.0111038567962685,2.9115962630457872,-0.744464799894762,-0.5548383738727163,-3.722004580195617,-0.163830686163483,1.5742439893725848,0.5896839084578998,0.01714430352790393,-1.7332686263393058,0.6534327799499965,0.30966792099181717,-0.611224363454208,-0.3636061527944053
TCGA-E2-A572-01,-4.087703837458088,7.7101887484055815,-1.038925349216751,-1.8119957511706886,-5.1837952175305935,-6.515481819523644,-3.730087881151513,0.03254805109448758,-2.727553913909412,0.7529579858227953,2.0078764017929385,0.47962281477319324,1.7386819558521296,-0.09415565355775563,0.968389612868165,-0.8619132845224816,0.6605460165226265,2.0384117519128813,-1.1638623072878067,0.3590316461973878
TCGA-BH-A0B0-01,-3.1102691592395133,4.11110148260917,-3.5435116590334506,-0.8165547049691241,1.1137684841987425,1.816472027120889,-3.325192196735775,-0.5763028189404397,-2.945479696589876,2.2199043475383915,0.41235030269236755,0.7728027493762127,0.9286204131300373,0.3372590993209267,-1.233660280141378,-0.3619104455594969,-0.9530814843042964,-0.5601619453758853,0.030200408139128186,0.10078388076138216
TCGA-A8-A09D-01,-4.531386462771615,-4.975086297020014,-2.432826877348474,-1.5666374925621764,3.6485901023460876,0.5503084384073631,2.8125884437036586,-1.2504337351626373,1.1127306567262591,-0.01979618089597783,0.16789511117198624,-2.7105979466057337,-0.1777963510032438,1.3263682328193918,-0.6644323676178965,1.1167339962635963,0.9363540082062438,0.30179224105691377,0.6908374241258758,1.3161743116235733
TCGA-A2-A0YJ-01,17.75491738860116,-2.6112019364131926,3.2202480567867897,-6.576626076580469,-6.228391756206247,1.6089859144169347,1.355869106635697,0.7730042710802487,1.3608647522775519,-0.6694379297181436,-4.208898936918912,-0.13933366345064369,-0.46294774871532074,-1.5599623436240846,0.9631658047627908,-0.992426383040721,-1.81912608055734,-0.37578202797812243,-2.058399019477042,1.8606250098670072
TCGA-D8-A13Z-01,7.352544529340071,-3.6443250363487003,3.109532973732988,1.430755233437592,5.177388823544477,1.5336134168864408,-2.0726841832762486,-0.2433105696944691,-0.901491623284418,2.769191921539601,1.1007851378094013,-0.8251274352408521,-0.6362702627669662,3.386204325987037,-0.3791721287230748,0.819612505942477,1.0108128154986586,-1.0084703407780766,-1.4417449585574014,-0.9684199542553182
TCGA-A1-A0SI-01,0.2809158778152296,-1.4671121618630107,0.5799374014011325,2.110920650014812,4.7722423419527304,0.5656409998554284,-0.5002047783896207,-0.4639478433170827,-2.645334901075276,2.0192445648461192,0.4004968026631091,-0.10827522184873235,-2.2432262337938225,0.8778197005324689,-1.3508173331331,0.33875014829448585,-0.6337980949479236,-0.2187455985471587,-0.13214443404790313,0.31371209891293456
TCGA-E2-A14O-01,-9.98769281158358,-7.040266386065436,-2.104671860953391,0.6659779184713801,-0.36190890081834703,0.15811668195360704,-1.8902482890804722,4.251871778875463,1.8144937476970848,2.214090114103475,-1.6035399757050606,0.8346922770361452,0.25331637641007554,-1.8427632364885653,1.647766726761462,1.530346295764969,0.4687059398051138,-0.42868804383411147,0.02191286234987511,0.3691335824409834
TCGA-BH-A0E0-01,10.577427296288516,-4.6244516924521974,-0.5148306736822794,1.1923295531674611,0.3702571124488404,-2.111693270995684,-4.636403159651063,-6.038337543334547,1.519179503275048,-0.6967678322936514,-2.4150267747503804,-0.4914146210950731,-1.1012358782728138,2.77231103512228,1.8394680590400843,-2.0767814048321696,-0.31625054924167695,-0.03983199369896275,1.563058389365633,0.18948661139411554
TCGA-A7-A3IY-01,1.2477800385037987,6.579772361056336,-2.4168298891268285,3.6428195409644855,-1.6598767274485113,-0.49736224733151935,-3.569615527392107,2.100169912276889,-2.5027412032577963,-1.3989690175463285,-0.9219904232815305,-0.7725976283170938,2.7209435577412218,0.23549150644925282,1.2198940541756023,0.5047900513720608,1.8597674822760488,-0.5309298998993348,0.4498496416207588,0.28045559128789216
TCGA-EW-A1P3-01,-0.6047230317073086,1.2954013280312735,3.8072571088964886,3.6731073880805445,1.3015381113250892,-1.215140744142208,0.5859917475523921,1.5211180616280118,0.2584711644303972,-0.00837890094206847,-0.8555267344730682,-0.3431765401748797,-0.9657018077281202,-1.0508307758495372,0.3296746216312658,-1.652386694444333,0.39602441465878385,-0.33240533517413,0.27255195812621463,0.4233805214753303
TCGA-AR-A24V-01,-2.296120871999414,1.3838640111116887,-2.619126933715509,0.8111677237177767,-2.987731039298193,0.8345783508795296,-1.0374401882565771,-2.776406963027398,2.1311814462189167,2.9821820687404497,1.1608412139277753,-0.5390090672350395,0.02660564143523839,0.12411173531159476,-0.928504619489992,0.4936959388936443,0.32340284700731875,0.531182603194624,-0.13006111040115315,-1.4056833984500403
TCGA-EW-A423-01,-6.019397681715454,0.9298433587022892,1.5819228347036638,-0.07899886210342975,0.7412068413149288,-3.894857172715296,-0.8240795823853545,0.1582217103801162,-1.3225904983222827,1.8301982026033705,1.2677098424891147,-0.3782727520603333,-0.14211696825001235,-2.157131556391906,-1.8770830838989763,0.22712002626229522,0.033394884410447745,-0.4470698946487099,-0.8610977095520763,0.5125060145884195
TCGA-LD-A66U-01,-1.0395261951253052,8.0791187638059,1.4880209121670154,0.9466242660890256,-2.1252932731370886,-2.857471353942033,-1.0785747576201408,1.7806795492738925,-0.4747083830556342,0.5665577268204659,-1.0371229492474898,-1.2417770996952038,0.8302861661637186,-0.27771252553507686,-0.6277112594879403,0.4111744753454037,0.3281398219811919,1.3727191309247557,0.14314910277158466,0.20144713902330436
TCGA-A7-A13F-01,-1.930692424202883,-3.4148995705516945,3.7398575236316547,4.846551980929761,2.043988430374351,1.3968570224552477,-0.017071631257485422,1.663532202386767,0.9903526237996645,-1.2724450081621026,0.3392548475919876,0.13441123013820405,0.7098446211467849,-1.7324107966323246,1.4871095069542146,0.8751253928379534,-0.4710598233317157,1.024964153590106,1.024400517507151,0.29284032757546563
TCGA-BH-A1FB-01,1.130772816284626,9.982477009083842,-1.1333940335585275,-0.9518317731834602,1.7875889698228478,2.1730959253415936,1.8785429663235829,0.8845713756872746,0.3167378017502705,-1.7232010698952318,-0.6533190807848683,-0.12676796092696727,-0.7548110221081856,0.2622789616915308,0.5465843589982635,0.6885638691728359,0.5231513694450741,-0.48289922848219285,0.518364423057692,-0.2948224355753411
TCGA-BH-A0BM-01,-1.5251931657593583,14.811099996749835,-1.8933063818799551,-4.429565487448802,0.48895791079932416,0.6518489195709409,0.6953367798525185,0.041149144196672274,-2.159339054190575,1.2434410390439135,1.318781184238711,0.8485532596785093,0.49725747388164593,0.46888059700232043,-0.2225850279409316,0.7635682823210626,0.09065428494857389,0.6958758467043921,-0.05359630910517031,0.023881635669864044
TCGA-AR-A1AU-01,3.0558121184004423,5.429433505583434,-0.8166818962765401,3.3667052950477347,-1.5991860139022642,2.227802999566982,1.6806220844094355,0.23547807734038811,1.424195252083419,0.8086114761533509,-1.7871370509877231,-0.08507211064808679,0.45099596631225786,2.3632091586661224,-0.5433871666547277,1.6490975871393583,-0.526238091650588,1.777770934301353,-0.5767908827061659,-0.2802325378250686
TCGA-A2-A0YF-01,-5.664050323010705,0.24197674362704297,-0.39004780465344163,3.520416208070369,-0.0759216676251329,0.25611657486474043,1.9313349672185225,-0.5876302080160012,-2.3493918146397608,-1.1195649696040182,1.3462299147784174,0.6994202084404645,0.8266715212162943,-0.37261136055094957,2.3033326827141094,-1.149270552241,-0.8533768474877751,1.6799379487973372,0.48591725300328764,-0.0349019178327584
TCGA-E2-A1IE-01,-4.6455860920627625,0.031354390343798465,0.6445769306707009,3.3840987816305232,-0.5433724893247435,-0.3003949146743019,1.7285373672500688,0.10836616372866176,-0.0026236729056284716,-0.07078744871738013,1.099581130202215,0.5011991829257788,0.009940647101674532,-0.06900324844926821,-0.5432784516553906,0.9129957007680269,-0.4148125744732954,0.44798067241573153,-0.38297722576113175,0.5139479069362897
TCGA-AC-A2FE-01,-3.4075493488652,4.308667133880764,-1.2143249265720208,0.3017581961301073,-1.187912211354809,0.6796361162236036,-0.5971635392144783,-1.3841778176189565,-1.7985324918696628,0.40922306663621344,-1.0359860190482733,-0.037144204128847655,0.13670087447245546,-0.7683421663235505,0.1503373257316235,-0.08353013943658072,-0.05564192510931587,1.5633233720860393,0.06314476224108988,0.5724879981242744
TCGA-AC-A3W7-01,0.24680521577636197,8.092347511995625,2.0900597681149407,1.044281254438929,1.5446603532599215,-0.04751243615203956,-0.1347208667990552,0.56580510942088,-0.8754083582855153,1.3259424915186238,-0.9166232592304976,-0.9607849884790676,0.13916534710529876,-0.02653591829828329,-0.6044304850426455,-0.45234691046608894,-1.0594955447578154,-0.9825903285080897,-0.23321757859038506,-0.42417281345118324
TCGA-A7-A26G-01,9.378568361533322,-2.410559582742214,-5.338260194433045,-2.8805895606242102,1.7144101714051607,1.7600999665514676,1.8810445217365332,1.327742030964203,-0.07410571966831696,0.7415068711880247,1.2458049245576788,-1.3702706697379086,-0.11998386009929825,1.5255846177255419,-0.17791767375107703,-1.286118096766627,1.1911762491839897,0.12351335591608117,-1.4011991818603742,-1.1966627516645079
TCGA-LL-A8F5-01,19.39144891478736,-0.06230364734145506,-1.3120853841318245,2.5770542754048797,-0.5851174738677277,-5.090317707789868,-0.27823893649340037,0.1829015791221622,0.950404147686557,2.067004803151817,-1.2727018905274248,-1.1800083672373103,0.6561316406511163,-1.207153291067179,1.0889860118288857,1.472931497613259,-3.2654607175145323,-0.9311152145173373,0.6008447996222209,-0.01818620522060922
TCGA-A2-A4S2-01,-2.9397770759096598,6.910112546982365,-0.8434350130869693,-0.3488773801095356,-1.4929762843459047,-0.981596626855195,1.0565150357254403,-0.2468885611051239,-0.01810749283490775,0.27375990445131665,-0.46757401988339675,-0.5993821155143784,-0.5407378360329489,-0.09002016431679212,-1.9452005583694276,0.05102344602673132,-0.010594844769392483,0.2088138351806067,-0.016726675709118368,-0.9116120324625102
TCGA-BH-A0W3-01,-9.926428569840033,-5.394975182492841,-1.7342077127472688,2.0290499583090518,-2.214442471998325,0.27535332063798224,0.8220656139136874,-2.6269584255795264,-2.860563504458904,1.6803093516881786,-1.6841138126665363,1.6309225879232683,-0.7727508385519545,-0.07597636577866002,1.3632825140357512,-1.1711942411955205,0.9676948007884784,0.8192591727481621,0.018479424921246535,-0.8542924417025157
TCGA-LL-A7T0-01,0.42064681633513984,-1.9431295374085666,4.369939392248401,3.3954407071971495,-0.3884364227032681,-3.49030340800905,1.8639668983603663,-0.5940192062654752,-0.010681131019486978,-0.278117129137257,1.06058289116189,-0.8185038283908723,2.4795057872100563,0.7201317160812483,2.130863181772161,1.908847434274787,0.721201688534121,0.7285194313210787,0.47556998575002546,0.41237361707155296
TCGA-A7-A5ZV-01,19.142074986558182,0.28963859119709207,-1.9237494591362747,-2.6349237541305297,-3.3970282534549257,-4.321945596196512,1.4147752522541552,-1.9703321440416248,1.1997256836312524,2.0060780087581147,-3.8478600095829765,-0.18931415313754885,0.1127326279212742,-2.658242862383901,2.3405142908131804,0.5887477810254766,-4.2273966754371965,-3.3354375665419216,-1.0275947335550353,0.7319267197996696
TCGA-AO-A0JB-01,6.531104436727048,3.823783851858453,0.7369312100146512,2.4714792079216616,1.4660069641822673,-2.6233838983417486,0.7067955976643998,2.571816343118933,-1.4140640378740108,0.2225855024039092,-0.3761273910239706,0.20015110072020556,0.6711523636490453,0.39729141352242686,-1.6362709634884667,-0.5382674550784636,0.6109110860504525,-1.4598598399570897,-0.15514197171146282,0.8865386382053732
TCGA-B6-A0I5-01,0.0317027071563907,5.356728796040312,2.941963395113378,2.6478255446984003,0.18594320314180077,-3.772907013910217,-0.8276780054281638,2.1140852478097627,-0.2510670395201865,-0.042181990045139436,0.33819797330567347,-0.7532878554349842,-1.262215527415294,-0.6979968455605411,-0.6259263093875588,-1.9155642601971115,0.4016278351423397,-0.4241065468969804,-0.9514448347443847,0.995642893878284
TCGA-EW-A1IZ-01,-0.14367186058936018,1.878954425254862,1.890747911405297,1.8124842415493068,3.103870998309455,-2.9733984719501576,1.7077118988918554,-0.1824281459201708,-0.7606047566657861,-1.976973069435397,3.7166686497677475,-1.5757682121104992,1.5630100683212718,-1.2228684309393778,1.3113447189479295,0.3814692732947429,0.6298192515329969,-0.020455672493246698,0.5992866622677545,-1.353569296729986
TCGA-AO-A12H-01,-13.347735370858782,-2.899166998887948,-4.657547050083509,-2.7370269587918266,0.760222361239679,-1.4382713536396472,-0.651151911836952,2.3443676934876296,-0.2674180594384233,-2.4468327540063504,1.4520766519301405,-0.17082037902644187,1.606023857435421,1.120494520256591,1.0263829409027896,0.6717089196342433,0.5147632693622792,0.3173705355905218,0.6521204149218308,0.7026842247511065
TCGA-A8-A0A9-01,-11.189721827331425,-7.154579364055735,-1.8004672506798913,-1.9894793882180255,-1.5604479513487732,1.0769867205932038,0.4497736440362983,1.4068821155270945,2.4819743248309045,-1.3827632801592045,-2.5986262933868516,-1.9322814116568172,0.7708662311881412,-1.439040780785728,-0.775964171495723,-0.4097158212656265,-0.16818264913715184,-1.004361087098611,-0.30233770126298243,-0.6538225084391008
TCGA-AC-A2FG-01,1.0504924662596526,12.042961916273391,-0.22109577500188857,-0.2357297371890339,-0.4286777176862282,1.1964981348772652,1.6496438479978353,0.15521181676953777,-1.3652688932455788,1.7565604874539034,0.7304272937458021,1.0638475791844693,0.609236790028846,0.6222067867402314,1.1247435048121643,-0.8875078735475325,-0.29567909464189646,0.06096883993661114,0.38971766801025604,1.1392994624345756
TCGA-A2-A0T1-01,-5.13120953941252,-9.060136761790547,8.17774981241553,-8.842199691376628,-1.5421371811729696,2.0584596286213754,-0.35925723394149656,1.7572721343500006,0.19497033167228475,-0.13128749636505893,-0.5419187026490789,-0.0330270420667637,0.5648653757258207,-1.4248937450939556,-1.725448062203688,1.4200700254060947,0.2342223317301949,0.7087161151768665,-1.1168089461093063,-1.0616746722347135
TCGA-AO-A0JJ-01,-0.4734147092104798,4.676839279211769,-2.5962676323666947,3.079371305420937,-0.8727789204585944,4.829209291971976,-0.9055989756092055,0.14532977540511813,-3.3397394080141742,0.794650618430394,0.42051804291532474,0.09172418854416685,1.9046388467668607,-0.32271334395123163,0.7495461297302007,-0.05567274563373906,-0.34167268952628305,-0.15106605797584008,0.3737485203467392,-0.18487080307402615
TCGA-BH-A0E1-01,0.5849494984631601,-0.26360879985890834,-0.3203509910632495,6.838065741427073,-1.0055143710499872,3.276206831507284,-0.5750611339340936,2.056662397351407,-2.812667916191023,-1.3541390197875909,-1.07113985984117,-0.27757992914601026,0.813405134944177,-1.097639330542881,0.7061035561164437,-1.4773305770190117,-0.22684695989682907,0.7513940281625024,0.14690012742641492,-0.9696372946581366
TCGA-AC-A3QP-01,-0.7448933900403827,9.704990819317803,0.9388640760147277,-3.266936532884761,-0.4012368608158568,-2.818721452559175,-0.11416117305824634,2.12205305791091,-0.7161353767109034,-1.2769054480479554,0.16534818603264603,-0.6745226026989894,-0.3988606173388257,-0.12078629309774312,-1.4394173916295638,1.2619809226846388,-0.5071110825160074,0.6957875536165609,0.10769980452886149,-0.028569848956535488
TCGA-B6-A0IP-01,-1.151279126459424,4.8742121329595225,0.7470487323720227,3.380578842798852,-1.6819573983491851,1.7782281489518872,-1.7676949188502855,0.846668670769795,-1.2704383668981436,0.35189087634012695,-0.05942382682139656,0.05340614589122081,-0.11821178113572967,-0.5463862570635669,-0.029085650602456138,0.22035389481524167,0.614905425870705,-1.0648405169478792,-0.7311060455161182,-0.19093622498933713
TCGA-Z7-A8R6-01,0.40984632818779304,-2.0575523158844704,0.7271961982762856,6.519966425620329,-1.5279158044009624,-1.8813116476383374,-0.7412215094064809,1.7485047908976394,-0.5650058390149371,1.3201595166580145,-2.559527195761515,-0.949864480888395,0.4361037122068507,0.9495516635164931,-1.7739243912015459,0.9241272929885072,0.21234739129466482,-0.02097340839674078,0.029968223842512378,-0.6281214444043333
TCGA-E2-A154-01,-5.8118944029916575,0.22853141554386996,-1.3109912734909746,2.8655051007445205,-2.1271539701878726,-0.05547311666291476,-1.0214452996561345,0.19257616415886386,0.8015353911014923,-0.13142359476957466,-0.6810147154401965,0.5599659210367226,-0.7369081892824167,0.3807590451402901,-1.5360786882584074,-0.17686867100522088,0.3934022345824213,0.3310159044606834,1.9169533572745923,0.6317723487709216
TCGA-A2-A0EW-01,0.5332190495264599,9.492174538367426,-0.9587317228588919,-1.2349901469669857,1.3183410869795678,1.0660087595922816,2.4733002929050745,-1.1648602081204764,-0.2159142728699756,0.3526413966759975,-0.5476899832927342,0.5776860740286343,-0.5119478635610526,0.3418090385797641,-0.35118587513982946,-0.37674530599646966,-0.41927439954090806,0.8325279555388442,0.2715509270173127,0.18218955536857412
TCGA-BH-A0AU-01,-2.9284123827470148,-1.613507559551134,-1.1320517809924513,1.828446008549391,-0.11241866368419387,1.6566013872664629,1.6313043913016174,-0.6029271136409086,1.0130941459595335,1.1386399177298838,-2.3069360027407453,0.029991506650797063,-0.24809119123202197,-0.04645123594467577,-0.765386569629848,1.0281961867954263,0.37292761585399253,-1.0993261192875736,-0.5982201203146272,1.1247012741207019
TCGA-BH-A1ET-01,-6.974164965892207,7.136239715949054,-2.7290486415549933,-2.080845492487455,1.5141493870649272,1.9079916960313776,1.5083093759261557,-1.1818841316795685,-1.395779924973048,0.7725178353668102,0.48608581475056567,1.263012271248322,-1.791443150356562,-1.0039339457247505,0.24403458128328678,-0.3592359264122733,0.013194813641477312,-0.22885536500618858,0.4953289858758086,-0.39894817591299625
TCGA-AO-A03V-01,-2.9131903988187537,4.053387340595048,-2.5129994269856817,-0.39531923049781315,0.6991987358532009,-0.2460310641863578,0.5323754006793753,-0.721679210978207,0.639918654778907,0.07225254158088842,-0.12158010699355468,0.13535680924723087,-0.346278518446992,-0.1508702946140489,-0.712200041508588,0.45833895253997997,1.330447884567334,0.9984083552171893,1.0230954841668116,-1.3420294340995456
TCGA-GM-A5PX-01,-7.878867714723828,9.90388076935856,-2.185956985085286,-7.234067814976066,0.13971762601069768,-3.2917814187481604,-0.7496203774307008,-0.9102867826756876,-1.7940476197538626,-0.017365579128508807,0.26453093184887305,0.3795665556830721,-1.0126721412459736,-0.36240659331184744,-1.0997443923320744,0.1018350385869769,0.7339894156600779,1.3675806197630376,0.6193048982923894,-0.9764997940897046
TCGA-C8-A135-01,3.183789146654622,-3.144598711468802,11.031145386383928,-3.0791210163036853,1.0896235100206415,-0.040537010688795116,1.4212510077701899,-1.067457398513843,-2.2947751850390268,-2.275326542826199,-1.9666682435498322,-0.15209279470726844,0.9907965110112043,-0.6210374056433703,-0.3812327712426542,-1.1311770953250622,1.814876272630334,1.0535850216793998,0.4874970228709306,1.1200913846355791
TCGA-BH-A0AW-01,2.217136100786683,-1.0883301439874205,11.689937734537304,-2.3680746901424765,1.9376766691173568,-2.0122936189767726,0.07072146589489063,-3.594266265731176,-2.130272555011492,-0.33090717603076014,1.1577401143493695,1.790998608737156,-0.43434402018608964,-1.1169176625556752,-0.30746065429096436,0.02905050689128779,0.4367637891415138,0.12656226924202982,0.3320203259960608,-0.9428538869952797
TCGA-AR-A24N-01,-6.041747435823114,-3.217245252712821,-1.1130807672012875,2.097467672759997,1.2903385311806272,2.408545477452699,-2.9541798924531433,1.137149801018818,1.1671590823457698,-1.4622993256690429,0.020943108862291324,0.23172256893075677,-0.07893882369753766,-0.4838819993647117,0.7164316896420116,-0.3131343786864839,-0.6796036473374495,0.18300105015526674,-0.8601379750616572,-0.04421301702653533
TCGA-A8-A09Q-01,-6.333340759991785,-4.7307093465759396,-2.431425008835886,-0.5520818396945589,1.6318434269151723,0.28160608498472267,0.48145992353867506,2.2924295404805735,3.2087155937594836,-0.49939235859867753,-0.18473464130966133,0.40225555440342187,-1.1922965979929987,0.8315126793510277,-2.3564167885919627,-0.2586268336515276,-1.6979765990986364,-1.2742194871438768,0.2323935199656337,0.3441397422712458
TCGA-E9-A22D-01,-7.047383869855793,-8.360867276896156,4.317829775076164,0.42028173893311516,-2.807078785310216,0.3910044310665002,0.716981600621982,1.3369406350545987,-0.6006103589129098,-1.157718595469747,0.6894248121058995,0.7676649712718486,0.37103790661715713,-1.7338796242909926,-0.09882366363234517,0.885421543149371,-0.32220189791362114,0.885085146176318,-1.481664822901463,-0.7045692234504638
TCGA-B6-A0I6-01,15.634659773262928,-2.1259313549170415,-0.6979773695281904,-0.3954436246979007,-2.1854045246620384,2.3709844173354835,-0.873114891132216,-0.7047889669235473,-0.1291939599473814,-0.8307058611169232,0.11986864203515152,0.7335300829149142,-0.1209973600795506,2.1122887154004033,-0.8024610658792691,1.6752797271453954,1.025310960391291,2.037471644220792,-1.2806098171200329,-2.7274655160798296
TCGA-D8-A1JH-01,-3.193144720660122,7.342664078448749,-0.944834041979661,-0.4604905536461217,1.4242667144554135,1.0467287438095234,-0.04623661791466344,-0.47123738048968816,1.8995845978169124,-1.8310375387935742,-0.49274219216587667,-0.6354300549333889,-1.1214198724064934,-0.7578764320634906,0.3494780262207224,-0.11593198813958613,0.22657814058281525,0.11831141602400194,0.08317523888444425,-0.1930270594509519
TCGA-E9-A1RE-01,-11.323683738566285,-7.727168804932232,-0.34143118314590515,-1.500910493422576,1.229459375812097,1.2716192609959993,1.8005244457488239,1.4257620250444072,2.3539958332210533,-0.5790351493845894,-2.0229952953751553,0.7488488015470864,0.43526756507127873,-0.5128277286586729,-0.26197754373424964,1.3702623866598698,-1.3781800158126287,0.3627214635495789,-0.15772222879567507,0.27522401744261427
TCGA-E2-A1BC-01,-7.42006187828886,10.722049361988644,-2.0745759302771845,-6.769756015759733,3.316367918587872,0.21129145210764796,-0.3391580951781071,-2.5705058602414375,-0.21835865499539808,-1.0652460236156838,-0.8385728854685867,1.0608558903472964,-1.9198810003843052,-0.2615198072031223,0.2059882399169693,0.25777219931930284,0.38454235877916954,0.7302944138340943,0.3950200290369232,-0.1391825652054023
TCGA-BH-A0C0-01,0.20467084231498595,-1.1731012783736952,2.359739881509069,5.3458792333705345,0.9938930326394069,-2.4577796154975937,-1.6258718398984238,-2.813702258386711,-0.43472525708223364,-0.3786322216440187,-0.5355035184261937,3.155770778034435,-2.139846790216729,1.1010918077973355,-0.2187673473238621,0.6307475478223509,0.4420843755518951,-1.054540534478444,0.8616210319812035,-0.0554962263502144
TCGA-AR-A24X-01,-3.491273942742241,2.360606565327049,-0.44480865469667474,0.917531279485866,-0.8546475470415517,-0.3724638130736207,2.1982077071220827,-1.0838906836678504,0.6407277346270748,-0.8841949274004286,-0.12404096520805927,-0.11091696536593879,-1.9397445287397646,0.21751197217897766,-1.9610781708282046,-0.907963254546601,-0.8175866293143189,-0.7739871206031189,0.5486434062977594,-0.797604586154795
TCGA-EW-A1OW-01,18.43924224857063,-1.7595873044908954,-1.7823112069830487,-0.3252190162187791,-2.350842358122453,-0.27665498378616266,-0.502425468022099,1.1038504672495444,1.3887723010703574,-0.24237484721698568,0.40438151157533425,-0.46813761773148477,-1.7592399387813211,-0.21156813508315644,0.7895439613815589,0.1151516071510819,0.8027884611984022,-0.10576190041856844,-1.011416411667775,-1.0367057496956957
TCGA-A7-A3RF-01,-11.688296018220777,-3.288010742259201,-7.7737402702825475,-4.735237608412814,0.3293249062752824,-5.0656824387738935,-0.42391825577718545,-1.0904182826147724,-1.2491362543843074,-1.0785372842501553,0.8600371770333902,-0.5032315771669714,4.464838758853384,2.6967396494880735,0.6745892932868695,0.14582792442645007,0.9618874519083774,-0.27361761665362133,1.6042974709389757,-2.2768058561727753
TCGA-A8-A07G-01,-2.401086514226666,5.613588609848903,0.26822153881773786,0.2630188250079074,2.126457816326085,0.5511543872860427,-0.20425517164555415,-0.4673927788567086,0.44610386503162147,1.017379380066453,-0.2542282815574926,0.9045630200805297,-2.8255985848553515,-1.2204939570060938,1.9809757706560411,-0.12775196808516054,0.8962293431629891,-0.23637285194640512,-0.5126322016577961,1.752500502739501
TCGA-AC-A23C-01,-2.9385975422182273,2.2024219510570147,3.8560528891513437,1.3782713618545435,-2.506440081897645,2.0633246560107117,-0.35897748378265953,-0.11925354012457276,-0.21139310782265375,1.3938231395205254,1.6980413287868845,0.3883538102538462,-1.3424875244882073,-1.1496299657092333,2.75741204694339,-1.2619119301493968,0.5939763991206051,0.3295793297657014,-1.2960167289081617,-1.2191427151267478
TCGA-AC-A23H-01,-5.531960116554973,-7.271981337583864,9.961864945332911,-4.693750283471697,2.6507085314873904,-0.8825524537882374,-0.5321140905254859,-0.18608021150583995,1.0279109589577105,1.4325485570920629,1.371433265563732,-1.760141770056995,-0.9119105742630441,1.3460621125765502,1.4358574054203126,-1.4022595376244547,1.246075132597351,-1.3415545777846953,-0.0793617957845262,0.7920340120083345
TCGA-D8-A1XF-01,-2.3525667561739754,-4.594576345585786,-3.241328536974219,6.041335803507116,-6.430146055161298,0.3358001520656574,-0.31441585330894023,-2.914080695773536,1.5916457514049043,-0.4840038542218326,2.431877443810415,-0.6045801635132266,1.8696265293202017,1.7140412379178405,-3.323122249464424,0.09152873771102174,-0.16878713653417773,0.42427104024165996,-2.088661817814759,1.088777008725551
TCGA-AR-A0U4-01,9.43263798654132,-6.627391463125138,-6.738066493741557,-4.015667020621976,2.65413901084511,5.464794793037843,4.813871435083987,2.195078301660995,2.5888914158031096,0.37261243311572084,1.1466826219519544,-0.8528761296245124,1.7080787884178834,1.1078464877704277,0.18118663404715166,-0.7872357084119623,1.080613742503844,-1.1294047979072088,-0.551689176764568,-0.3899395443978976
TCGA-A8-A09C-01,-6.629170706504605,-2.2602538006589317,-1.9836247153026465,2.280484737505676,1.0439741635751634,-0.45864884251754684,1.733408782350011,-0.6627088554184525,0.4014831024393663,-1.6424677203969995,-0.46062431931439474,-1.0197034520027424,-1.0816499173602874,-0.05998488714878179,-1.150820984991742,-0.8347545658101638,0.486243474759718,0.17370815394160058,0.46141838206705776,-0.0022425752483070044
TCGA-AN-A0XP-01,-8.943782298856151,2.7298870879528607,-2.8750493707068534,0.41408351360343504,-1.657700099704442,0.9728622355492075,-2.973497485028642,-1.102113390283146,-0.890869874509943,1.3676720394329316,0.20787517352369358,0.6033105202356905,-2.3896384044835246,-0.682021391219303,-0.6613394538067038,-0.19908270556776186,0.8805255474323297,-1.7625582362365775,-0.35610353689355045,0.773236952203246
TCGA-D8-A1XK-01,18.904740374180093,-7.175439641736942,-2.4675359029449235,-0.05260813955005116,2.065289104004508,-1.1323565783209715,2.146371923348061,-0.800327021068049,0.22304752313734894,0.2811050617244264,1.1688154745916264,1.0482181448433454,1.049467796322022,-0.3091899867507042,1.6259626326265102,-0.5173126758769832,0.8732749880659223,-0.5983067796895902,1.7076972258614522,-1.1208509508177207
TCGA-EW-A6S9-01,-1.3719029676019765,-0.050517670931362585,10.518550552266023,-1.897259182036682,-1.3305112842332993,1.5103976145134552,-1.5787606743235114,-0.688150836932957,0.7399556550655937,-1.6866612308169158,-0.851055409955526,-0.43220244616256404,-0.5723684047723169,0.9143311528645693,-0.18262037472065673,1.986738925769192,0.5772249430996421,-0.32513887992653207,-0.23921287779799777,0.4314789418018498
TCGA-A8-A08T-01,-9.374072103430361,-2.6640725641371144,-1.1166986054892727,-3.718971077003715,1.747197828705986,1.6476055509168799,0.22848167906620356,3.4338437612614605,2.194917247312613,-1.129813122008198,0.9808748364663247,0.19740450118368114,-0.10050488206188678,1.590464536384872,1.4155412416464712,-0.9090608934075058,-1.2486748862992463,1.6321145730585664,-0.08586283592236178,-0.6615081909094122
TCGA-AR-A0TP-01,13.101368900835414,-3.99764270164849,-4.026073609857376,-4.285121114884523,-2.0970840146311027,0.6486663872108831,3.875773559858052,1.7105530370245312,-2.6561045560987915,0.004711947606219802,-2.6152376102240584,-1.9891554687786202,1.2691123088351115,1.0575663231328687,2.3570074605452787,0.9212989429965356,0.433101007540898,-1.1254605131733302,-2.056281021558167,0.4253212315298027
TCGA-E2-A15D-01,-8.952758729143069,2.6384772851177654,-2.539113619072262,-5.273164114551225,0.6877702529587147,0.7159570863006571,1.1532523254965377,1.1293055767612998,0.9718012209023827,-1.122730049368068,0.1303926208784226,0.8132320207370117,-1.7524588119648719,0.32615913397114604,0.6650168480604032,-2.185418278932347,0.3050549086808014,1.3690150324993793,0.7606398989677922,-0.7796812185541181
TCGA-B6-A0IQ-01,16.447826285000332,-3.781691288392002,-0.9340739250739014,0.03426898870657931,-0.6718590271585325,-2.4048735007175517,0.6623047616200504,-0.1013337316293118,0.2180369067462067,0.06902773816738311,0.03756990680971553,0.12684052617499397,0.9564721512230661,1.2128167933107603,-1.5306813810849118,-2.5980638165026906,0.6359560533441603,0.7229261314832516,-0.7347225090806833,-0.6320074435360858
TCGA-AN-A0XO-01,-0.9277186241373815,5.036947659620548,2.339942532744867,4.598535119327881,0.36494592331352527,1.552534946944387,-1.3981048491557766,1.2850065249751375,1.8364449851939346,-0.1537199894435097,0.7313985757171044,-0.764973857970706,-1.2754544807136439,-0.0030223426337330304,1.221473752365213,0.33763881191198525,0.18815419005820413,-1.0645033942284754,-0.35599523563582386,-0.3357313598788673
TCGA-BH-A0B8-01,-2.5090959330529916,3.9811405693171253,0.17035242158646327,4.860251262255886,-1.6773514058921108,0.045261015335089964,-0.22214326341740057,-3.0101157074436053,0.4858583624123051,-0.7366466237738704,0.5823250306724674,2.1607752249115304,1.2680621855112482,0.8088773069465789,1.2074879361472985,0.8632145088790194,0.2632841639697709,2.2835959194112263,0.40373696384424396,0.2446338872979055
TCGA-AO-A129-01,15.25542157825311,-2.674887292025688,-1.8955532047748223,-0.007973008711610946,-1.4516677953504225,-1.2592357739604425,-2.3420223909861253,1.2640486269610978,-1.1486703336523254,-0.5998459191280936,-0.49904536177395864,-0.8260182766147581,-0.7162213401406052,0.5449379520133028,-0.5233830346267789,-1.8250621183651092,-0.29847439266133685,-0.07667501121613003,-0.3680726823397606,-0.9246506179988878
TCGA-GM-A2DF-01,13.106374836916055,-7.60426490096012,-3.7462201032891316,-4.352641270336183,-0.5491672214570802,-0.5460944893595014,1.621277238559313,3.5588910700884075,0.10185576267373643,1.632170834722832,4.523631891675801,-2.618483195174242,-3.1385856058413335,0.015007911437585095,-0.3702061838126071,3.7994489571494907,-0.2632796009203038,0.1625633337667605,2.647983902316639,0.537192950855973
TCGA-D8-A27M-01,12.51638909707148,1.5106619539692498,-3.250152615538496,-1.995752733633053,1.4398896975710813,2.4282699997540917,-2.763851247976909,1.2538816131166766,-1.0259975298219262,-0.7493241479432962,0.425855145327911,-3.5310977000556316,-0.11510459686374781,-0.3729637760785755,1.7483689541318284,0.7290027959166813,-1.7628557442721704,-1.040678292619808,-0.7225590936677304,-0.7302176629947255
TCGA-AN-A03X-01,-10.508181197098937,-0.6411201458684673,-2.622310610379364,-3.981938283660631,2.3247095530977986,2.0541707938561347,0.9651730048722897,-1.014861712526008,2.0065946990253694,0.11752192109572632,-0.08193325570628572,0.16742841336761893,-0.61900892881279,-2.638612393638231,-0.8925113813505273,-0.26236899457931795,-0.2647443396787515,1.1527972440701213,2.172508442469298,1.1945256252145948
TCGA-OL-A66O-01,-3.0304445849261765,-1.6279601674650876,1.3256683869703347,4.748775167316909,-2.274744357978125,-4.55348541485043,-1.6260282996311626,0.9439190114857591,-2.2763748089148574,-0.596957818064924,-1.8389912727661228,-1.8051249417355606,1.7620949961970915,0.7815664809713833,0.14493999425604606,2.38816028908076,-0.18887259775530033,0.9663090875575917,-0.7804843584912744,-0.46382123988030477
TCGA-EW-A6SA-01,-8.632482116702816,-8.642133610112575,-4.299408216380133,1.4268475841155182,-5.1347834687558525,-0.30120152290370594,0.20250923405923496,0.48030139948704126,1.995512870331912,1.3456468683373237,2.9840647978762114,-2.437806768620905,4.168254493207138,0.3912686761428307,-0.9488410791855028,1.5660031829062366,-1.7629999469735262,-1.7710259586427681,-2.9309991208801134,1.2940127673102015
TCGA-BH-A5J0-01,-2.8005034742285293,2.8045958757706044,0.9074777041764823,1.6773791546086305,1.8750632445586362,-3.94714481193622,-2.2142855418936143,1.3806163188016647,-0.8864470888959961,0.8652228486584586,0.16154380956967768,-1.065036226285134,0.16864975187403045,-0.5232302788340976,-0.9686564713795557,0.32397463995369985,-0.8796536928410335,0.7645073272461586,-0.5727071010827286,0.288241088611129
TCGA-BH-A0EB-01,-3.889885354368959,5.558556965546647,-2.229708439416435,1.302362815712509,0.5722101771939996,1.8123814571005428,-2.643495543840799,0.13996722649308216,-1.6357936653914864,0.9268064532139496,0.7160552739529839,0.2935890075130483,-1.4258954597214835,-1.145886678437281,0.5652567108364102,0.18618226784991093,0.3950002980084851,0.7302553948128154,-0.4990236906499267,0.12517494592648187
TCGA-B6-A0IB-01,-6.235116871496856,-4.361721309147604,-1.873769478672689,2.5252688556393994,-0.0294731796307766,-0.5362313450518714,-0.28896412187921783,3.463347538261427,-0.5230517033931689,2.581323342785378,-0.9581337722020187,1.3132396462006473,-0.06386008633745754,-0.8146541466638539,1.1806878826878733,-0.7114513516433736,-0.19581691910659965,1.2661784344866096,-0.051391303772506086,-0.6397437159032116
TCGA-B6-A0WY-01,4.511817100264604,8.42556142495902,2.5555704130438834,1.0759008629706397,1.697672411921624,1.2131617865222482,1.0322942256503749,2.742190545746238,0.36020647809421474,1.2152743900495095,-1.0277837875513007,-1.0555497242535223,1.0025083606709482,0.22342107643734294,0.10293697008894356,2.042337577486109,0.7920274865719386,-0.7269735297032215,0.8011643387033415,0.6821135672110114
TCGA-AC-A3BB-01,-3.9599373555943087,6.214113050196164,-1.9664305474486972,-2.9851041731815293,-0.04582781608962515,-0.8882179411265183,0.011977912955971401,0.1105331046202526,-1.0823445059295802,0.9208009327447358,-1.949434897540362,-0.8032154603630426,-0.01164816040899325,-0.3115226655762429,-2.2384691712124587,0.9851331284002199,0.14217060887585342,1.0033946654503283,1.0201950320903774,0.21461956841078006
TCGA-AN-A049-01,-2.1967693673362505,0.3704757293147108,1.8179126476169298,4.239718794132929,-2.835668836864311,1.7998307622616445,0.148752458822419,-1.3334970096543841,0.8543664772520003,-0.5928612571992999,-0.3426651706930748,-0.7877642494723569,-0.06295552159317461,-1.0509231947794806,0.43315340635968375,0.32361988556649185,1.357585879599454,1.1581451744559355,0.8088111400622131,-0.15360769338296554
TCGA-A8-A06Z-01,-11.553669053732499,-6.954393028926011,-3.0833177969420973,1.1901231380261643,-3.75335238614093,-0.36035831985771577,-1.0340375114440894,-1.5151899132833062,-3.4378584136441432,0.8970701934265792,-1.8077601876983018,0.8668782260477046,-1.3217094830644311,-0.08770138191139434,1.573553113405747,0.34087836017582124,0.7114550873756289,-0.7419382260144615,0.6465541371007778,0.5321159400935692
TCGA-C8-A1HI-01,1.8641889853828486,6.261084961901265,1.9086114467020492,1.9698801512611006,-0.041772462681605,1.1552143641802677,1.954473094139142,1.037584717009902,-0.877243378831725,2.6383659949888543,1.6493519076792056,-0.49611079986584594,0.5195273168182765,-0.2560735148110006,1.2062387155164709,-0.5899018100669801,0.4211968748167983,-0.6230971424793944,-0.08532440420125775,0.2209590644520477
TCGA-BH-A0HL-01,-11.417265292156115,-7.393164221099947,-2.337855254139767,-1.7131103370857899,-2.0053156133043166,-1.6432763521055596,1.4851713126154626,-1.1903638187424945,1.0355207283360053,-0.9377450770747189,-2.0147747559696216,-1.8239353508575846,0.1952657387272615,2.895035573296191,2.079000891030253,0.38900773130566174,-0.24086054517337008,-0.864642984655337,0.7506969623844242,-0.23467637356876672
TCGA-A1-A0SF-01,0.8855842333517229,6.257014229307166,1.4774718929085573,2.6790045201829056,1.0775739434348293,-0.13512075323970527,2.5850708472598094,0.8034629319967398,0.06103347577825103,0.031045415181342677,0.34777841709604335,-0.08806504151648878,-0.5545023241184981,-0.7462554739798136,-1.2421775288850325,0.15419813016560333,-0.450996224964997,-0.5860690701738924,0.4317915534111971,-0.18375452071124226
TCGA-AR-A2LR-01,17.427735075928393,-2.0904224908359264,-3.3728581473991848,-0.7392502063227578,-1.402127120578248,-1.2324062628926717,2.328159877828975,-0.5193048070499396,0.7961035851598969,-0.06638847075141426,-1.4896021775869772,0.09595183571363569,-0.37512597547583143,-0.1649195034428995,2.2425428105611065,1.236618710244022,1.8305171156230045,-1.6477111650816807,0.6794578156053283,0.8451744787528221
TCGA-E9-A1RF-01,-1.3014926342150162,0.9653152184424143,1.7465633395528402,1.4132576987133216,-0.3412920760298061,-1.7932141678430982,-1.378603056871192,-1.2030171673228613,3.503395449948469,-0.023992225422523834,0.48570163715065845,-1.8523580339213437,0.3137459997365587,-0.8606559749268933,-0.9698185127952573,-1.2616812020354726,0.5883127294323341,-0.16999029805291505,-1.7555719710882038,0.3792958326590712
TCGA-B6-A0RT-01,12.336438655766763,-3.0762429587860787,-3.7088778074448157,-0.034305766310672045,-0.8201306302730029,-0.13726198564159175,-1.2215278061220054,-2.8552228676734366,0.616274575850031,-1.4509897707436192,-0.3453700593751049,1.0578547944402639,-0.09806445666548204,-1.5538458723350126,-0.6662084439798317,0.8888242090963152,0.5001579265766475,-0.35659165304581963,1.9642648326386127,-1.257618337417474
TCGA-E9-A1RI-01,-3.5289913713079346,5.96025256847777,1.0163755583564296,-2.250232896529221,1.9732575724785546,0.2604749765906253,-0.5798817867504753,-0.45682566777858735,0.19310028713272584,-2.428531686541069,0.7817675334420051,-0.04182513698812334,-1.4939569535627941,-0.7063247653687358,-0.19082029586269636,0.3828452160106306,0.6400374263451385,-0.29243783016053215,-1.148143877145825,0.9854599843602337
TCGA-BH-A0DL-01,14.395175690201201,-0.26253627730993995,-1.0547454832884462,1.481415580512168,2.739354219526191,4.402978239821606,-6.528899581449887,-3.8949525204004307,2.6075738146950744,0.03496857364017156,-2.3473467668565196,0.7869521431377844,2.963233585273959,-0.47648439559980055,2.524862390562464,-1.556653640895612,-3.6488680768415263,-1.3082069904762477,1.5625693332608397,0.4397753233259446
TCGA-AR-A251-01,14.911292426348274,-4.8561406132261595,-3.399610680417396,-0.7271881239947081,1.0246636835928458,2.2096865718498435,-1.2852327813291473,-1.7561108829814112,-0.37412291631299316,-2.1659524063601667,-2.6713834752265178,0.17608516061095247,0.1501432158768639,-0.18327992329791556,0.8837507579424505,-2.278285919492557,0.5659916683860493,-0.6611922131992646,-0.13496938274446257,1.3064930577148042
TCGA-AC-A3TN-01,-6.548762381895626,5.388711402005942,0.42228116293716766,-0.8841010778316457,-2.5735649631838453,-3.8593845645525433,-0.17059956288084313,0.4009813349646895,-2.129577424211424,0.4640153929844209,-0.4188800415642242,0.5023680796100568,-0.9987941097552608,0.3785932794869683,-0.4144547011224161,0.09250866769294555,0.10617244994067547,-0.8784748436570935,-0.9045177373412877,-0.5628630353795517
TCGA-AC-A2QI-01,-4.334685990957317,8.169228535219244,0.33975764250749174,-3.6829570968006773,1.3231353452063324,-2.1546875585608984,1.5675768019978502,-1.1486190083009904,1.6453725650068516,0.48803095118144374,0.36721121115372707,-0.7893411443779216,-0.8857542128850232,-0.15884512205555282,-0.2976784727405443,0.8814889656405716,-0.031125993228823624,0.0001389984089173941,-1.0393566076949863,-0.21217130690813324
TCGA-B6-A0X4-01,-5.273187380892915,8.433235551683596,-3.756156599887442,-0.0566465739131136,-3.4161289326186313,0.03508943947124606,-1.6251446158733647,-0.3410888058302538,0.48425365962443173,-0.049258918825583926,0.46704058054869113,1.126238418745046,0.5487753030073342,1.2805993888067915,-0.3476896398593151,-1.1312496125214595,-0.23921472387980783,-0.43397463185562746,-0.10415572766474818,0.2323629127807926
TCGA-E2-A1B5-01,0.20212808399515514,3.254129622747397,-5.438216395549299,0.35110201801705276,0.7217839649363433,-0.5813571159374977,-1.5953009957621338,-0.8779870925830379,-2.009641165992536,0.3251865270984547,2.4437912532038735,-0.26301103259423864,1.6237769674125866,-0.8844602005320645,1.1910153818291618,0.5627637311321078,2.326630748150921,0.7931056404348812,0.259024107819929,-0.28944794464209456
TCGA-A2-A0YH-01,-1.8512457915042362,-2.7024658745234618,0.5143466986994841,0.5926511914950551,3.0345545653814026,0.9593078404330885,3.98405939636505,1.2689277885719095,-2.0454591171465504,-1.4390186850654472,0.25177814856181063,0.25732457387851454,0.5995855061042267,-1.563803128352479,-0.5025984660990421,-0.16708797769733516,2.63932058691293,1.6795614824464853,2.2019623928589676,0.7925117663672415
TCGA-A8-A06T-01,-12.701422956822245,-4.804576757951214,-4.545520459165239,-2.469145584620294,-1.5266284739101925,3.845359769783402,0.32738308554022044,0.15203871733488744,-2.368179487126894,-1.045584933564629,0.7610418831964363,0.9602445281268498,-1.6584486325351373,-0.4093201503135389,0.11038680453622814,2.0664014908970167,0.9163714485717923,0.4679754797519604,0.7174637083993523,-0.44344098525806896
TCGA-E9-A22H-01,-6.3068848168862,-5.077136856873443,-3.2267297663584937,4.557717315510461,-0.06853370520600022,-0.11400423274523032,2.2794832828044806,-0.7367070867864458,0.024082935623030252,2.5840736000050377,-0.08641207937884199,1.0774543879078713,-1.7235895320696328,-0.7908178139299482,0.7383748614628949,-1.0308551517751907,0.5018498823162988,0.09209613530103698,-0.25999273217545976,-0.8075084188067138
TCGA-BH-A0DE-01,-1.4465865027838172,8.185450379592153,-0.02932198413984682,0.20562275112344983,-1.6979260673874628,1.612459597099441,0.6212807233761599,0.02296285217961551,0.4072294523026513,-1.3047152123737564,0.7544974676362416,-0.912880029110772,0.7481457428474981,-1.068991992163364,0.92994313874128,-0.35179768817618545,-0.45525184996447454,1.3032165058773502,-0.6377631732940368,0.3990813277950553
TCGA-OL-A5RW-01,16.633804744159544,-0.26813753240897786,1.9373084476494178,-1.3221541501508982,-0.5284801110530026,-1.235868351991736,-3.1435408448074758,-1.6564784246728639,-3.6500617351995426,-1.3503369226283273,-1.0822074802257406,-0.859854871362818,0.3141143536815194,-1.1598809514383948,0.5578886572118209,2.6819281112720175,-5.014835722158619,1.9666347266124773,0.6645746660942545,1.1594972429271924
TCGA-A8-A090-01,-2.528833782621049,0.22787135538733846,-0.8979437474122459,4.088986254228832,-2.2751019727341313,1.2788836214209,0.35365791882815434,-0.958035545256981,2.5205614350187857,1.3946096300826876,0.1683037162710908,-0.27900728865585595,-0.5165806189782556,-0.13671055896046425,-0.5980903592220004,0.7689757321132971,0.9066051107202355,-0.8214332248578912,-0.4590014843058691,1.7145583676166896
TCGA-AO-A03O-01,-1.8929183770051368,-5.357821844144957,0.14327976067463533,2.182330329880449,1.9564947317090702,-3.0718733671915777,3.8027747107798238,1.32253147484348,2.057531426674714,1.3601597358541866,-1.598452150679597,2.194540325327376,-0.4907579879532476,0.5338189744632239,-1.0211313273643134,-1.3174023134501665,0.5768764740711635,-0.6037955277992717,0.9131231617609037,-0.24758027278745803
TCGA-BH-A18S-01,-16.71802694698383,-1.649831204565091,-2.9812476574578484,-6.703119396442444,-1.3137210332298013,-2.240157692452295,1.9017620129958177,-0.30161681280089736,-0.686394481588049,-0.5442075091815907,-0.4324873521290277,2.682406366464493,-0.575119570464503,-1.0651183543124862,1.5448182278201292,0.5264524679384569,-0.025684951869728325,0.4673339890410195,0.71832482201581,-0.3209354012319986
TCGA-A2-A3KD-01,-0.7887316306950032,3.8908622632444816,0.2677535386797429,1.7944758444893991,0.9530489800595531,1.9450344108156792,2.3120740244320483,-0.13814916235221752,-0.23948244637640154,-0.4270632764730965,-0.7383274703434922,0.19834732670448568,1.9317552142276384,-0.49534580202260126,1.445594733128119,-0.42931452899925415,-0.2673729046830236,-0.5370532960516764,1.0715957901011475,1.551300869256411
TCGA-E2-A56Z-01,-6.5049755933209745,-2.5925838073969962,-0.900273169379137,3.1606812822087496,-3.027210576627737,-3.481740080847691,-0.04552038731107965,-0.0908091968259459,-0.03589932034875294,0.8789580831786474,1.5663567489260084,-0.7315470115075664,0.8449757246682382,0.2678661249796941,-1.0717632568236077,0.454087736933246,-0.653575607150305,1.0023618225040816,-0.5512068913946615,-0.8246213056473077
TCGA-BH-A0GY-01,3.205698436774023,2.5281479486730647,-0.07125791245204012,3.9468723042331733,1.3702487436378734,-0.438159872541623,-0.9132716848900668,-0.3611802127932126,1.632812703907366,1.5565578624640857,-1.3047110976403011,0.7374452541581072,-0.4866736398383865,-0.29453993763096586,-2.0477835178363795,0.6944643905762647,0.5300432063750734,-0.7633949688821468,1.9653646991095817,-0.0029431703247394425
TCGA-AC-A2FF-01,1.009028694279663,4.447306570056089,-0.10307039016100883,-2.162985922553727,2.649875973042574,1.9307937296493425,2.2231775508552656,-0.465187554308983,-0.6973423052145165,-2.2464525132612705,-1.0450208953156683,-0.09640225641892575,-0.5646898832521672,-0.3636752866985335,-0.27750890058333055,0.6548180111485089,0.5408551489594533,-1.2908796427343714,-0.4701379432830438,0.23654018978943714
TCGA-BH-A0H3-01,-1.147405551131295,8.127059024844364,-2.238891641236118,-1.025623749125131,-0.287347058736759,2.4648159363429887,0.7537998837577096,0.05672649908447112,0.6179475694511702,-0.8467048289851075,1.273975402151462,0.8773483044869164,-1.3601411347938381,-0.03552229371132765,0.12231637473856208,-0.5933019848693283,0.46740288334410235,0.5742694595614056,-0.3027766374178861,0.49254655540397924
TCGA-A2-A25F-01,10.051344951923479,-7.842883778560086,-9.337939289073036,-2.858775429822662,2.2049191098883667,2.6261439340496797,0.4866277938930248,-1.0994726583594718,1.0422834688291487,-0.5984673560045602,1.0215600284298156,-0.8460999087004863,-0.32707926413293703,-2.29215018202613,0.5578884516183802,1.723237487972631,-0.5492384963921045,-0.870179586983365,1.2298869651253685,-0.9614693408052924
TCGA-A7-A26F-01,11.408976025434514,1.3139453461077626,0.17276041829653424,1.3642128546507641,4.910814498210397,4.995806333610773,-4.720529225311895,-2.0945694778202864,1.7275377217633536,1.0493620285010736,-0.10649881793348978,0.979318062349753,0.6099036503304109,0.6118301141512974,-0.6015908335319076,-1.544038289325094,1.7898318933632251,1.5478164661878528,-0.4559539739295804,1.2298454652477353
TCGA-A7-A26H-01,-4.052977947986668,2.4516781116219177,1.0384969543482625,2.1142802321087855,0.3246233264115685,2.9735999134718525,-0.3890430421591096,0.27761148196297425,0.5542211358314418,1.241127074668397,-0.38896039101362223,1.126760341863172,-1.9564126948884433,-0.5943123236963719,1.4657114118415828,-0.18694038586382036,-0.24978554452878385,0.6135911274799073,0.36505712753760966,-0.5401245792115706
TCGA-B6-A0WT-01,-2.3377921942779802,2.038826925217969,-0.4198883540823573,2.888862306243616,0.96706184859403,-0.7611310944662286,2.590068969685101,-0.3224507744026597,1.848763176966387,-0.3284514635626327,-0.2620376047474885,-0.9210205595043262,-1.4907580522816677,-0.30327898690624056,0.5489137146782658,-0.422430041095905,0.71010577085851,-0.10447967867430377,-0.993359075663145,-1.1338981259734537
TCGA-BH-A28Q-01,-6.437855145832484,5.457608516452476,-0.33976141733546134,-2.848303989758513,-0.6244767277104308,1.1789205272051175,0.6559270992867303,-0.952350344762229,1.8504308904463147,-2.5693116789132406,-0.6157575401886952,-0.2101059762185838,-0.571680303622252,-0.12518739523133887,-0.9426023916102162,-1.1355345885553692,-0.12293469428174712,0.7431741471666428,-0.3502556758929515,-0.02514765181776269
TCGA-B6-A1KF-01,10.663734184658981,-8.727393289817414,6.110193969914831,-4.653617101887838,-6.025288775806672,0.19575953630194715,2.1356260408167698,3.275877534980539,0.04410688843054433,2.6590912452682747,-3.3258856127494507,2.756856521792557,-1.176899275538046,0.22849886504967662,0.8582731322425444,-1.4565142744315485,-2.265607952811736,1.5325552020241795,0.9585294468448827,0.8307873090227588
TCGA-S3-A6ZF-01,-2.7739707654546812,-1.6524242507842946,0.5236730761728535,3.6761807364151124,0.8124502433137453,0.18568943476647815,-0.3052236017905413,-0.07854633931006834,0.5191829928909815,2.168070032873611,0.8391364739875372,-0.24803127956444604,0.6267850111346394,-0.29748752414281626,0.3478390433160382,0.527531814308197,-0.11846361608525749,0.8326451566855673,0.9670233590742975,-0.17519286758013217
TCGA-WT-AB41-01,-2.0926430888235257,2.133504999411324,-1.0279770940418151,-0.6637375733410027,-3.8044737636151034,-5.046794352562501,-2.170173847074294,1.3792240216359224,-1.5233804456984639,1.364686702207161,2.0688801824884857,1.946682816598308,0.32272101488349303,1.0187424288859943,-0.9743109098218921,-1.0508828895361604,-0.8084827922303299,1.6154928444464878,-2.2192086446087727,-0.41719648011969157
TCGA-AC-A62V-01,-7.617637607802257,-8.837990230767428,-1.2627822235662942,0.1936261963902964,-1.347782123815079,-2.2720657835773945,-4.13770478961464,3.5628608199241483,1.1262664859054203,1.5146344560328768,1.1069321318469207,-1.9293181071623642,2.082315609429892,0.2291272050586027,1.1324319479800964,0.5460025092602068,-0.5891487380458476,2.762199394439256,-1.2182709079508485,1.5569782314925038
TCGA-UU-A93S-01,-0.5233851122882248,-9.069916214949759,12.453861183855937,-4.565887318147603,-6.107294355693557,1.6492453617108955,-6.721737269800196,1.5602621497890594,0.22644106982794798,1.2551396662142413,-2.4231086237361406,1.0397969780259628,2.1957703990061987,-0.6156594846247162,-1.205490913491703,-0.7941706792975175,-1.858516727698447,-0.6236708205819619,-0.47184098013238,-0.11495333207607245
TCGA-E2-A1LK-01,18.876563153219376,1.1660072962760435,-1.0025173930677755,-4.195318639760573,-1.8040726842288604,-1.5893348702631989,-0.4941999577789242,0.7474900082772045,1.0988576508215424,-2.1758586403067106,-0.3400503445435763,-0.5924519805183002,-0.589078781276036,-2.047685792508856,1.4126212879827817,0.5187773535812404,0.32490007346447713,-1.5955017787551988,0.6178365386742717,3.805405806317747
TCGA-S3-AA17-01,-5.2890709751288885,-4.109722582433952,-0.3696580061596572,1.133325237686776,-0.42962790033716625,-0.6213809946599479,-0.7694223228516196,-1.6717207854421012,0.5920745593403034,-1.3959346578649126,0.08419017495357196,1.822752302593158,1.9051114256877306,0.429561746119721,1.0447520047174412,0.4451162285798705,-1.4595124472236864,-0.6842610210471468,-0.5941552788354666,-0.11852110792721587
TCGA-BH-A209-01,-5.774302693047098,-12.536465077834256,-5.249710580720463,-0.8086259334762217,3.3843491716476177,-0.07925888506466598,1.4514278144376838,1.2056637087303836,-3.722829436695659,-2.4452645269900866,-0.6082706074978416,0.8737261633272114,-0.4379408161302749,0.1045785416624003,-1.799000878586778,-0.8908190428611207,-0.35993026351761204,0.3650866015451721,1.0009830972074492,-0.6156329742899492
TCGA-GI-A2C8-01,-7.724030780088207,8.69381651686459,-7.508261786188235,-6.653425375424208,-0.4253851644576842,0.13944150565369437,-4.122466834420242,-2.579004601952897,-0.5210152428762334,-0.19285359986282016,2.673098930457175,-0.6968799515284746,3.525938187738639,1.7160935707351161,-0.9274264023069699,1.0598211852908617,0.16873193066341727,-1.2044405345389213,0.4876811236667404,-2.38887490758802
TCGA-OL-A5D6-01,2.5550586942111524,5.744312428429798,4.676374035810453,-4.79420679371178,5.120291903099225,-0.3913416420650107,-0.6617217185215368,-0.2634454352240624,-1.1796321063666113,0.015047872121852749,-2.0996146084673786,-0.5246609914059822,1.172225108413507,0.19709105902685115,-0.5480358871043062,1.1842620134082713,1.3472571880562196,0.7711295268770116,-0.40532541969674524,1.879039695882262
TCGA-BH-A0EA-01,-1.2513030823699895,14.70388573312519,-0.5614673840156015,-4.475501809685733,0.029827841957968435,-0.7008493973413358,0.8537279329659163,-0.14973856170639568,0.9518710102938747,1.1970919520584629,0.7561059959153248,2.024123684325909,-0.6511499775954813,1.064837750179855,2.006472189414058,-0.6063802916966552,0.018347435193686028,1.378462862705076,0.13204382738306306,-0.19221372170538623
TCGA-E9-A1R4-01,-5.288498937593691,-1.212136349351157,-0.8630257237570514,1.4350881650335126,3.6594767628383815,-0.7123421529306508,0.17554795707625176,0.08851178313034566,0.9460582694061074,-1.226907949442316,-1.0696875826939787,-0.22082526954228124,-0.46378362584413885,-1.8317466823520037,0.6480330392646108,-0.36522341932706415,-0.4746410368380326,0.46190966750640233,0.08618340937527288,-0.7270156131973463
TCGA-A8-A092-01,-1.5432496171936652,-3.932173874486997,4.410249812588562,3.6990747031637037,2.8246900478637533,-1.6925627973171644,0.3593613226947359,0.6349508658988108,0.473676834868555,-1.349004154772993,-0.2958084403934416,1.062135650545232,-2.24640549387473,0.3137554997858709,-1.0694476100886867,-0.024633847539479496,0.36609969747253585,-0.7517715972026131,1.115198087220155,0.7619270654162328
TCGA-BH-A18F-01,2.2905353171337257,0.10578702318429223,0.6612720727867245,3.057172051250643,4.8803719471281815,0.061549356905740114,2.413177416126844,0.04331821185031244,-0.5578632769642727,-1.3997278119003598,-1.1103777150603584,-0.9939810354701714,0.012877359928026055,0.2450592454990846,-0.9613089749820874,-0.16285062589072213,-0.7809586822768537,-0.4703871513975514,-0.3446758873868783,-0.404070900669289
TCGA-AC-A3OD-01,-0.06717222617227768,4.476748055396601,-0.6187305120950304,3.8896252852793647,-0.47079811898148016,2.723346302207869,3.001055466381758,-0.21315730998402402,-0.6513595835824099,1.3384164264699943,-0.5542049057997015,-0.950647176065227,0.3300807096945424,-0.08345211629173437,-0.1418461304343072,0.40676796359088635,-1.27146300627312,-0.26017628024608314,0.48581108601064416,-0.31795309452960707
TCGA-C8-A12V-01,13.126489330830886,-2.6749295946718306,-5.15177256690334,-1.8915719698534401,1.2057188516415616,0.24830094884519746,1.8264073479259375,1.093994388299906,-0.13735509226787995,0.05917111278655887,0.062130576615768124,0.422843530680293,-0.5445973999572145,-1.001084831378362,0.9558955451880026,0.8858051919368931,0.06727625677935205,-0.25577807067474245,0.15359050891135234,-0.5428362211195649
TCGA-A8-A06O-01,-5.536246757157054,-6.135984693880401,-2.2640854860621404,2.5105136547790754,-1.115822228373942,2.439993364049018,1.6260422230603069,1.8161529617144772,-0.7335708492825045,0.9756636966743999,-1.9176250530852261,0.19504535290945424,-0.8844966867353478,0.49162723855875884,-0.7037342378996057,0.5648976320660702,-0.272127059681891,0.5649677398061574,0.38397936578483066,0.7163735746359163
TCGA-E9-A1RD-01,-7.555815956006405,0.9417583111131389,-2.442098728776595,2.3430387698254993,0.276282154224552,-0.08506714732189741,0.9652394108289892,-1.0921825689718891,-1.5089956939876126,0.3160908117459017,0.3183786905013664,0.5894953876588167,-1.8606350882575486,-1.395717297300276,1.430438586619655,-1.0181030132830748,0.7011462665718995,0.42636210999729285,-0.6422016725959063,-0.7043541715992373
TCGA-A8-A06N-01,-15.217326121494308,-7.18079494644518,0.6928067704352007,-6.019971827985748,1.5857212665585076,-6.491989572745828,0.029139844716840283,0.565147862821941,3.5672595551964674,-2.6258948984464068,6.236443668078455,-0.2608056431991246,2.7127589105227603,0.4727250024002861,1.2542782877459053,-1.4485096639957435,0.9108995667118651,-3.2270798532643554,0.6512051723744731,-0.17514197797743097
TCGA-A7-A13D-01,14.221857043172797,-3.2975066947792095,2.3064260231260927,-0.40711727590113284,0.6028114210789366,-0.8137370361390819,0.7886085337085894,-0.30784378008279206,0.897395111004614,1.9955734025969862,-1.0125098453398387,-1.5938457738773786,-0.5650447156672939,-0.3469612284914075,0.5465629534069285,1.5085919212265309,-0.7373936237425112,-1.6840270336697223,1.5288812468998638,-0.5606602177217463
TCGA-D8-A1XQ-01,10.728644171757194,-2.5297749830518046,-0.81979569589488,-4.580075038856326,1.2173496329098736,-0.7582514616375344,1.9972837896057523,1.0883704915849894,-1.0999564256521468,1.6732938357427298,1.440450087755382,-1.934554998040461,1.579320764784869,1.1949895844322005,0.36454237685302704,0.03392049801223673,0.4261581524913045,0.7387879684473371,0.42114892693461625,-1.9261745308306133
TCGA-AR-A0TW-01,-7.180793287004834,-2.620397327397526,-1.3812822730207526,-0.8149010438572302,1.3231622145887958,-2.670326909718132,-0.6252359873998814,-1.4179022756522994,2.7611377739270386,-1.1759864365379231,-0.8463540785017067,0.13018342885805642,0.39165461971032617,0.18212284966716386,0.9756524563581286,1.6117227155162483,0.7650924749302631,0.5725958584136058,1.119326721492982,0.12110852420711524
TCGA-JL-A3YX-01,0.3960014242745195,1.5114377299536785,2.655854430342396,4.490749686462429,1.0161016474088012,-2.740957848714663,1.3883569082468203,0.4456304783061154,0.7564812277240969,-2.152944800696474,-1.599043830763055,-0.6682608097871524,-0.9060434564948675,0.2994199913246389,-1.0207650783196653,-0.3330431381834448,-0.001954592607345384,-0.08160365659681694,1.2978985410299857,0.016286604018255935
TCGA-BH-A0H7-01,-0.31679515118214874,2.1102510976333124,0.15361598542642405,3.313547736013636,1.1447883419019416,-0.2252366085261271,-0.30021406612869156,0.6193469682531134,2.226932704719104,1.7048937001004365,-0.3660982745637462,-1.50916884522118,0.5737686383386333,-1.1442382900456582,-0.5207593487161796,1.4320886254852219,-0.43215792623612415,-0.04991882275790429,0.439303321849674,-0.5851679808473799
TCGA-OK-A5Q2-01,2.052891935471365,2.5786845504920537,5.424459749694911,1.7992407378415576,0.6461752192372022,-1.5922881542626302,2.6566615185498543,0.679214209891091,-0.8860334514499041,-0.43358005432202573,-0.9079769351344967,-0.3525488049605443,0.8897567384105612,1.0106950397716055,0.45051999246500385,-0.837459703460708,-0.37812899362227814,-0.5805065385192139,0.18506168619841495,-0.3575120800283904
TCGA-D8-A141-01,-3.4868637903324795,1.408545684183829,-2.2104586911424486,-1.1171906384499832,1.8082977396831013,-0.6524071606335116,0.7682887243235944,-1.2818989666089917,2.2574129324773615,-0.5886783374498711,-2.7478002933539214,-0.618918898698332,-1.5888442968345522,-0.31335581377173494,-1.2617669074155942,-0.7488537114424688,0.34960501472533584,0.28748596056764353,-0.5777909920433317,-0.5212409837776054
TCGA-A7-A56D-01,-2.2142107967201983,-1.0138418679549082,1.237619015810481,-1.1327165059804092,1.7645125683649703,-6.244469568202223,-2.5832532163504323,0.22029508685804944,-0.5516541860036233,2.1470994335882025,0.3952035759080399,-1.9491117427210463,0.06530071694123014,-0.14550069194765658,1.1366887000155186,-0.12463233665187132,-0.4307665100307208,1.8927374913776094,-1.0062868873593829,-1.9825582702936497
TCGA-C8-A26V-01,-4.636989714687286,-1.1694652959179506,-2.107013448831907,3.914519915055562,3.937138233735678,-0.8523695708944768,-3.309804494556003,1.4435428253454394,-0.16084891218816075,-0.12292278579732945,0.8327101023428853,-0.5636322400744198,-0.7905973177758612,-1.1999059766908058,0.11914218769373731,0.3525303839745543,-0.02462244360583849,-1.1235494237945538,-0.4122511142742133,-0.8281263299868041
TCGA-A2-A0YE-01,16.030828949944496,-4.975502175864401,-2.4201308704156075,-3.7985817437522256,0.4909679213434134,0.906795238991664,2.123398152816639,-1.166062773948097,1.1109986809834247,2.897718315183227,-0.25792473589438564,-1.9369698891988294,-1.9104648506253992,-0.38293931332398046,1.1634256023526017,1.9073171425177198,0.40688375623855283,-1.0918904099095015,1.5864651187429528,-0.8601213205527803
TCGA-A2-A0CW-01,-1.925543131995586,-6.149311723118578,1.904112790219702,4.107994574405631,1.4394071104927948,-0.7888518060167609,1.1763037315158797,1.087477187703138,1.4258423274827945,0.7639206422198147,1.973481366220921,0.45485846558595455,0.5637353016174931,-2.119489971321844,0.6426691187672359,-0.2355512230473174,1.7863733099647678,-0.4252927429716452,1.8124238401417554,-1.2758941042516139
TCGA-AR-A24K-01,-7.02598809544003,-3.52363533919808,-1.7732546024143399,2.86553585851779,-0.9216501324180633,1.4260488174887291,-1.0767041386313079,0.3045830380429588,0.23198976742016025,-2.9961529251279297,0.44646319388336553,0.8082132581271586,-2.7498849565625174,0.9655495977529542,-0.45055331118790315,-0.3807124995564621,-0.4845752736185651,-1.3683601030804897,-0.36224628004715936,-0.3076713879086271
TCGA-A1-A0SQ-01,-4.330984187972171,2.2285535252330466,1.5219553528448186,2.178716787773006,3.1916687314399237,-2.0423540951122066,4.171822109740144,-0.5557300202016678,0.6607765520150505,-2.3755006258959774,1.1870211765142666,-0.014213657569019574,0.46369212934169124,0.7293657880152717,-0.2873040779532042,0.08076396772379964,-0.9114297570230528,-1.1509782086849185,0.11328211224877342,-0.48342303244459756
TCGA-C8-A27B-01,11.219770038325008,-10.164417121929377,-5.054880197979694,-3.8721662386003275,-0.9887441218356471,4.217633297410141,0.9486872161258554,4.026630062751938,-1.6290558564713251,0.5285804089344734,2.631224082853051,-1.4203862021252613,2.611254857340227,2.0104732444707674,-0.5527157810459722,-3.392386459885128,0.21895024147359762,0.009265637356581036,0.5510975050032081,0.044812855274496265
TCGA-D8-A143-01,12.80220093178234,-5.49772296607911,3.709068022391359,-1.215565599378913,6.1841705718426025,7.9762857493694455,0.889271809249772,-0.3952439882515836,-0.2571794879529524,2.25950006376192,-0.6611928277925013,-0.8713039191835192,2.225551763111513,4.049688922336614,-0.19237489065016608,-1.2637042166085353,0.6996371043240219,-0.23423836593273897,-0.496860935770105,0.061561821244025254
TCGA-E9-A248-01,3.145051893133058,-6.052512871866598,1.6816809764996954,-0.21490486808595635,2.7239637047235212,1.8253869050877556,-0.8431131772454483,-0.08885136831074662,-3.562194602529699,-0.6511153555359864,0.3955938339006074,0.06325925144710483,1.9626816703719516,0.22473631252205414,-0.7666022871232532,0.09242624083342119,1.3373526563537659,-1.4317280410531603,-0.02538898433696179,-0.2671316892879836
TCGA-A2-A04N-01,-4.667310067793051,4.795143178212065,-0.713034632139934,0.32149294707857523,1.3873519400250756,-0.14810221770839402,-1.182438563214804,1.0835927744321991,1.0362278986666524,-1.41875112081999,-0.11163083950448287,-0.4351296830751155,-1.3524627384805896,0.3851972594468108,-0.8638734044186265,0.670660855793545,-0.0072097382575658535,-0.5545208047598897,0.1708681873998625,-0.3736952318865389
TCGA-A2-A3KC-01,1.0461636708766915,4.0805783025002915,2.975210982408813,1.7158216316665014,-0.6304939166548122,2.0731659799686013,3.2621681460006084,0.3161730534961657,0.043937769578899694,0.8719490260280041,-1.5963733320816007,-0.8405959824265583,0.38140447614162226,0.3469801185236767,0.7651641690624946,-1.021434682336734,-1.1021349421313895,1.6412929677975925,0.7862892982102176,-0.6597229233460504
TCGA-A2-A0EM-01,-2.428228197763646,5.935166282217684,-0.8231671335940636,3.1468530806742536,-0.09715590377797742,0.1264340658160296,0.28149023058125267,0.3830586109874906,0.14585072781581132,-0.1491814768318412,1.326667232590793,0.9050021727584241,-2.7351271973066824,0.4113865534980914,0.3751316978490355,-0.6325649155194705,0.23387007233745166,0.8116435626019557,-0.9370026068140557,-0.6609772315744001
TCGA-GM-A2DI-01,0.6579368997294978,7.015795133019887,-1.8254321634177855,1.4111348333302962,2.9406944788635827,1.0890184625923462,-0.23926207119645737,-0.8573668476970369,0.3073363403847655,-1.153854579823161,-0.507397617173061,-1.3033307625611734,-0.030508646006687325,0.23818936925242018,-0.6565628552208146,0.6436059608766571,0.013690997371825825,-0.2963958664608582,0.5776212748510872,0.008948987348702869
TCGA-AO-A12B-01,-14.008761079238448,-6.596403806130711,-6.6826069122743785,-0.991754074204443,-2.8089647995798153,-0.82443761927129,0.4529024830933646,0.6392223225679124,-3.3325064563306603,0.09283639068055799,-0.42392660775630775,-0.31189544974647976,-0.06628587343960828,1.343180921170435,0.04373709664702424,1.0923437825713178,-0.5017378630262759,-0.38983382507139686,1.5636434789499796,-0.06611301065099456
TCGA-BH-A0DT-01,-0.7126891127345791,7.372746935375666,-0.09584855384835693,1.5293405819202446,-1.2172527119367245,2.0343609740839494,0.622074116753848,0.9059655662321727,1.2326890435649354,-1.3512608050124288,0.5926613273537013,-0.35677959020962785,-0.9634351114134061,-0.4918580391705171,-0.24932198239540904,-0.8283385990120324,-0.26862700402935086,1.4783524987021077,-0.5453420784543417,-0.45766397067787584
TCGA-A7-A4SC-01,-2.1299173724136553,6.889676255347001,1.3552349927364122,-0.4142666264668412,-2.0693827661924775,1.2787535880148477,2.0324076981240946,-2.2303881771373937,-0.6099726297296421,1.4705227268246317,-0.48058726907820637,0.5033882765555044,0.8197285266037312,-0.20283570167396536,-0.03761120429732926,-0.3256495353840665,-1.9811834927451946,-0.1421789692385397,-0.6214378396765352,1.9585818027579933
TCGA-D8-A140-01,-5.677232938385414,-0.7274124706472025,0.05912481513822691,0.3408377506860644,-4.547572803785284,-0.7604191570326098,3.9174934923886586,-3.541968574600876,1.6747558440408892,2.2554681657750786,0.7522167986464674,0.10116557006141386,0.030099116929109482,0.5957567189900264,-0.18491306416784403,-0.3216959525210993,-0.6815467964779695,0.5115444387677697,-0.5257761059005119,0.31552609987113706
TCGA-A8-A07O-01,8.60084240914531,-12.336394870056484,-3.822057310312626,-3.8350058602287387,-1.2562438376382696,1.3679137213992294,1.8289863047510588,4.513147985421921,4.049085995501113,-0.622995320743043,-0.08417500650108174,-1.5341623361709402,0.02510572352025249,2.403514495560424,0.9459097396515442,-2.006896178744975,-0.17660381833356237,0.7045079353321415,2.2701149569445125,0.944121857123368
TCGA-BH-A208-01,6.477843156929202,6.0123100064897095,0.5290015729989843,-1.8402869732361418,4.03280958331695,0.03301038930477975,-2.6787574977543462,-1.900773264733694,-0.5910672360136696,-1.234341432707706,1.3375666298341,-1.8565054269909198,-0.27156761500698073,0.2770098272600674,0.38166144287879883,0.19346840108392166,1.5979289538493204,0.10840203086577664,-0.7375601693866487,0.2159886897858543
TCGA-B6-A0IA-01,-4.095388019512875,-0.5500113874606564,-0.2650738966125476,4.506385444481377,-0.8708813159307055,-1.8949593359198567,-1.9480266380943936,1.0110708763301888,-0.5293837141563411,0.4030641508190878,2.084019022693764,1.1207513456559475,-0.8637504152613348,1.5029746522238296,-0.4602439380581956,-0.6998960414730071,-1.4284268849778665,-1.0981697356177038,-0.10887150612900004,-0.23158951490654453
TCGA-AR-A0TZ-01,-5.020124320882801,-2.926589126799521,1.9344295551831416,3.092789245458011,1.1111790955772862,0.020298687552829865,1.9128996234919118,0.6271976202853969,1.597001096049885,-3.4696525216222964,-1.9145759545298255,1.736047371688558,0.1680732839379258,0.5013550245501984,1.7247174552986986,0.16891067301308,-1.371063777624689,2.365395508755312,0.027419681098535785,-0.32393113933624135
TCGA-E2-A10A-01,-9.63014976463868,-6.069081366867087,-3.5227717477705984,0.49403678168877085,-2.0052805975956116,2.05547621318959,-3.0667422295913607,1.507146675136762,-0.6687820139721474,-0.23394617022356304,0.9722317211411626,-0.16288786055041005,0.3822454877184861,-0.42442803348213765,-0.19440590586628323,-0.023628907001120747,-0.7231748138766949,0.91000412553665,-0.16297389172536417,-0.6140114635981382
TCGA-A7-A6VW-01,13.496345565043356,-1.723811490317614,3.15337844989823,3.7321438015449067,2.2306396284079595,-3.6428179312509283,-2.129319511407228,0.7493371083144009,-1.6529674794532643,1.1491529960175633,-0.6997783652063037,-0.4390267618522443,0.5071589980633946,2.0046099164699194,-0.7166706967031029,0.35782270805347927,-0.6426964304988791,0.9074100820926427,-0.803734709017149,0.005643296455532187
TCGA-C8-A26Y-01,-0.298063476038828,-9.072175021081845,0.642690427246558,-1.703021578298453,5.653227378689533,3.7500734708196006,-0.15787101063213066,-0.9789850543293819,-1.8993573327777662,3.767037135018293,-0.7638549123179448,-1.2495421708511651,1.8225539322858422,0.9127577007467547,-1.3501098395102555,1.924395672541907,-1.2686519155537785,-2.7493757185689427,-2.0115236171009596,-0.9867406425397146
TCGA-AO-A0J5-01,-6.314995650716758,-3.2314251388648954,-1.2835307527782724,-4.709697494305543,3.6152613513101035,1.3272270951987857,1.614641407766817,-2.466988072886796,-2.728468419507213,0.18020495631213285,0.5594123255479538,-0.7410297215354239,1.3619221966012223,0.2751388763546533,1.255672252913949,0.17604711990378866,-0.05882981578884424,-0.8697592904642262,0.11185576526572083,-1.4889834198564555
TCGA-B6-A2IU-01,-3.9605593027584285,2.7750758511893814,3.1354215806822694,1.43303661375238,0.24840203828054475,-0.7879857298885186,1.5110423977439469,0.8805829262266228,-0.3209968572529136,-1.9173435211405787,-0.8142166677292348,-0.05649964779518006,-0.2147217263306098,-1.4861373745790813,-0.8811722682971004,-0.9538645603861724,-1.2444199330046277,-0.4696330372162101,0.6880541469498472,-0.47341982439151276
TCGA-C8-A26Z-01,-4.909892805603142,-0.888326966185135,-0.7422811105254831,1.1983766586373856,-1.3360136524563437,-0.5326706157462412,2.4797570964395974,-0.8792616144733467,4.237910944973351,3.3549469051943217,2.3774647301493155,0.369077013286101,0.37252562570796455,0.06309631389674374,-1.4954642442353732,0.2612302800542268,-0.5984422181393346,0.04389489275932002,-0.8672822532713464,1.1611619809069968
TCGA-D8-A27N-01,-3.3710920186504527,-2.0939300200245636,7.532160799421741,0.26437179695224466,-0.650171771958404,0.4493871899934134,-0.9556568558659269,-0.8573336645540948,-2.1112786703592987,0.11029805499060708,1.4012516566959372,-1.0503150122700855,-0.6922545631892638,-1.7653288386768773,0.25823203342236817,0.5568951886564251,0.24204908170658077,1.3262442332325919,0.24075047960800358,-0.8354386432321135
TCGA-D8-A27K-01,-2.8012776861954745,6.310480346294553,0.10855752609480453,-0.6234393745893808,0.28874318703200763,2.021381805475658,1.2562588857396528,0.3384848710407276,0.4544753729873011,-0.5594697940609905,0.7314165658770175,0.9688453648825349,-1.7298911298759634,-1.014685987670458,0.4856196631048077,-1.5734668068933984,-0.07440250553892695,-0.03352012119237402,-0.8660253188757097,-0.278018457523955
TCGA-E2-A14X-01,12.935460776043135,-1.5864841880666576,-3.2664975148250632,-1.8726439267305253,-2.2852060449646148,1.2819881927285348,3.0897898327417863,-0.12159008297591763,-2.6607396000231933,-2.888095698153086,3.502150209508523,-1.1748703061824657,-0.9534227981277874,-1.080394275773108,-1.0911513510113344,1.735236564515975,0.2648540551675787,-0.43962145743177583,0.7472976296205938,-0.5610284136741387
TCGA-A2-A1G1-01,14.8528885911484,-3.137417150103487,6.478047397487118,-2.702259441451268,-6.819400465249597,1.1869312802568945,-0.7551562078596793,-3.0710845068899975,3.1641994502846273,0.43709092140801403,0.025347178197764844,2.169076585839382,-4.443505682360865,-0.7307327228476281,0.5699607826001469,1.8550457454211864,0.20209431178971865,-2.103742207515907,0.5627422430119888,-0.17926996071307183
TCGA-A7-A26I-01,14.342519662429208,-3.1278549006463066,-1.0873363486003453,0.9062612377033431,0.15503648147209523,-1.0031757815865008,-6.136126167038405,-1.2056691397884176,1.4411236099266949,0.15846042628820523,1.6409265524891237,-0.14042803104008275,-2.181127220965992,-1.1443789470680785,1.0556025649715846,-0.5337052860737213,-1.195343170527165,-0.4295278542142723,-0.5770575859830587,-0.835980159719918
TCGA-BH-A6R9-01,11.311655459700296,5.4978697561859375,-7.615679255191409,-0.03390150730190295,0.08672843514653106,-0.9684843644942418,-6.11518975566816,-4.196409570475327,4.648759693883913,1.968019853909054,1.1385120544770535,-2.463803782562523,0.34393804864544497,-0.5424910640634455,0.13779091298206522,0.8412511446442434,1.059527344873959,0.4888731248916489,0.12543047378071767,-0.7850705944050376
TCGA-A7-A0DA-01,15.646710213975464,0.7124892224175731,-1.8926232017956828,-2.7621597638762623,-1.8070350601340235,0.19355575147252693,0.9013187233872871,-1.557149361501426,1.1893152944945633,0.7331311317055919,1.1902810945736089,0.6828075331827601,-2.9121401302167618,0.11593144988986404,-0.9195545152216119,1.98813464666264,-0.5600747401424547,0.636634331954611,-0.2711049368519325,-1.6501684110797408
TCGA-A8-A09E-01,-4.665905827692105,-2.930594624250131,0.8892483670538135,3.0668754300480736,-3.6648303889409943,-0.6644811076329333,1.5874110872806038,0.10786307580798661,1.589750621232281,3.8696001256825707,0.5715058402077186,0.4960974043930334,0.6179530221025618,-1.1901938210207197,-0.5231417022061772,-0.37362054598139177,0.2635434092739308,-0.0841161447451115,1.806623022343147,-0.0012744355619769547
TCGA-AN-A0G0-01,12.795548453544486,-6.864499670697698,-0.8347412526693502,-4.819992125379562,0.1937116670346036,4.756701709419802,-0.5370860704057417,2.5451337160959584,-2.1117944241570026,0.594827729435123,1.0884956891513633,0.4040027088547168,0.483575718982217,0.8031345324232975,1.0850320198183059,0.6503834510645146,2.5630822343236828,-0.3751765950836389,-0.8030355460025348,0.1539341559223787
TCGA-E2-A15E-01,3.3230026791120317,6.64160322193462,3.5184741287353885,0.944493263552667,0.6677309742197945,2.8152068470911704,0.3741000538900009,1.5802153815940925,0.0013649939137813025,-0.9588028773635517,-1.7451677062161763,-0.30910244624119826,-0.47751441948958123,-0.2652610616396846,-0.10963488661027564,0.6958901696856803,0.8445687222632622,-0.4914132133443223,0.11015592016523024,1.0419104463075273
TCGA-LL-A73Z-01,6.24069346222137,3.893734590947104,3.006753612682589,1.6689679322147686,2.355990822282317,-1.1602920718750607,0.6227645228170863,2.2914786667445255,-1.6166599110058328,-0.8174432750571772,-1.5506275221283328,-0.6051084558875197,0.7214693241616008,-0.17273684555806595,-0.09515630579196056,-0.028732214703953048,0.15821173361919563,0.3833120298998229,-0.9761754445439603,-1.000453608883426
TCGA-E2-A9RU-01,-2.2266555182934082,-6.321746603382031,2.297438167256847,1.893108745226363,2.146941009160325,-5.477868921892946,-0.7628450255481125,0.9349473942297322,-2.5468601572752054,1.3215073887699982,-1.1232882810930758,0.5730420627601545,-0.5529858530665759,2.2188617967364133,-1.348863471651738,2.4203782585283986,-0.8679321867704127,1.0857848713203588,0.6618219857675002,0.18296208745496917
TCGA-LD-A9QF-01,3.7088291949438075,1.6783663438206067,10.137069251562378,-4.808722652463559,-2.6908782560842677,0.728296131262532,-0.4233980506597851,-2.510229074129902,-0.1277260651088222,0.07710373307792319,-0.6132733242117249,-0.5374087128627987,0.5700416219897504,0.22646445987108055,0.38544386226990024,0.5958792460516227,0.7662018769098027,0.2558354524256141,0.6652381847582148,-0.4323603688192667
TCGA-OL-A66P-01,2.115179484062713,-0.7036630435660245,3.8095176673385778,-2.8407019817661494,3.4350102435485144,-2.745324528415688,-1.3528044920164872,-0.5298555747366074,-2.377025773361094,0.55308897450187,-1.9454952703932349,-0.597671472945674,1.516969069272894,0.6568593400587655,0.9721367764999169,1.4597534945241313,-0.1432545374584015,1.5043871452387239,-0.6402427493504187,1.580822771385916
TCGA-E2-A1LG-01,15.823994328370143,-2.0574650450217913,-0.566551543416377,-2.542330967015792,-2.58819921401616,-0.19634175352482763,1.342759820345297,-8.017480077780029,-6.823270493713429,-5.4289902744764085,-2.9343497186990444,-0.7602055275248278,-0.21884428184842286,-3.9831186135108183,0.6776811043548634,-0.4774817925340804,-5.053028588564467,-0.15890088932016322,-0.518444888088601,0.4181656996606204
TCGA-A8-A081-01,-3.630011800963251,-6.250333467063209,2.8254615884387837,0.1467835280944553,1.3099492497165042,-1.2642684662931942,3.8630762391753493,-2.6065043062239894,0.19075654337909373,4.2453752757386045,4.338911061603783,1.599909362010798,0.7023881180439633,0.5993592546202892,0.9520418202110431,0.2258093118573743,-0.5570000905142559,-1.8699576127233732,0.3054742866776784,-1.1970582087611794
TCGA-A8-A0A6-01,0.023048635121426252,7.900494237757002,1.9267179046656104,-0.9692799985862528,1.1095315432756527,1.4791622157798472,0.8899978858176382,0.7016012646339318,-1.9237366092561008,2.626999946992254,0.28760362187205146,1.034819954032421,-0.11168063205736509,-0.16891109103896373,1.0581890263213238,0.29692522165531254,0.4690282054202229,-0.35712109652224666,-0.00955733053037225,-0.9685291037887216
TCGA-BH-A0HB-01,0.5296066859060095,2.458466046484366,2.260890300017127,7.8895472200788825,2.285437615046044,-2.8395671207990767,0.24970009735168952,-0.7346168137446822,0.042046866893637604,0.3275716104882026,0.22262899849336096,1.0060433124477441,-0.36302405502181,0.544027393439521,0.5617469704271821,0.8907973881076179,-0.5323604023162444,0.13184555392428685,-0.08182094862473724,-0.7745478376736615
TCGA-A8-A08B-01,-2.8427534319042125,-5.305156780463831,10.45230505642792,-0.6740127552911717,-2.251740823012622,-2.128902184980362,-2.2488989774143153,-0.45463609373249464,-0.40543547116525686,1.254038059248881,1.4193844755363292,1.9159274472133951,-0.20880470971188092,0.7151779754200065,-2.078620237275488,0.0051889850475819186,0.6806066424460123,-0.168132918220269,3.283416764040371,0.18044818462715936
TCGA-E2-A15L-01,-4.027186692628061,-0.5470733856315735,0.02154893127831127,3.503441615501608,0.855641824970692,-0.38975922222671205,0.21653771907519787,-1.3200923847222243,-0.9443895532486642,0.06908362316694129,-1.4459437613583899,0.2736782078549946,-2.233803277622983,0.2169066582343008,1.6909854016059973,-0.8961996577414163,-0.8706393178479676,1.2461389620968988,-0.36964540585659256,-0.6271527287273275
TCGA-B6-A1KC-01,-9.28887215425994,-6.499818374230474,-2.5416587923822975,-2.7636801694422,0.906119183464431,-0.27077828394852155,4.249868589085365,1.4349537077721446,2.2513237979557084,-1.5634922306835481,3.5559091293431817,0.4172792839590153,0.49453013610234164,0.19247630615105496,-0.5621383253004387,-0.235043550185881,-0.7367291778279536,0.8230156880500482,-0.9575109297318426,0.3899524136845785
TCGA-E2-A15S-01,-1.003855510884558,-4.788405683781396,2.0776603851528175,4.1738666111188465,-0.029067393120759594,-1.8514569256995235,4.200484819276971,-0.8582011206488249,1.298838187462484,0.5270329186532513,3.1485027657373768,1.4813022620946341,3.2702302224274105,2.683769115363678,1.8493688479798704,2.312787779939462,0.02894195387080229,1.415698178556945,-0.09842335999071586,-1.0252085954209642
TCGA-A2-A0YD-01,-2.911976952547053,5.148113953474395,-2.7102553520740704,0.6391557229615867,-1.248588680834014,3.754295527751246,-2.1005081906337804,-0.21726071531540017,-0.044507226096381206,0.2947845933245145,-1.0318794997388439,-1.4726613373041864,0.1682954784235737,-0.6346989959674761,-1.3195046259130352,-0.35612316825861856,-0.38147403089635146,-0.43774464751354364,0.24622582753741076,-0.4017730994323406
TCGA-E2-A1B1-01,2.447376527072672,3.635605307339402,6.134128075239602,-0.8280106239046315,2.1396107973464837,2.2621183845004764,1.241643645497282,-0.41469647799470594,-0.321898575387454,-2.8867646087811476,0.6143379179649535,-0.5532472268673418,0.3424910561203539,0.06705859898267584,-0.3861657629304543,0.3808825148117494,-0.04994990613894872,0.4736447750102214,0.2292512717620484,0.47337914602126924
TCGA-C8-A27A-01,-4.836440756278773,-7.706990144569209,-1.9492825286449416,4.401562812303873,-1.134238144986765,2.526452388625287,-2.3668936618773193,-0.8888547975771601,-1.3419437634860378,-3.5331574797726266,-1.3328021485128168,0.13275558293562748,0.9724645771180935,2.19519654082389,-1.4044948868850728,0.26978673612261417,-1.1212744079373487,0.07099333727818383,0.12207170069160087,0.17505295824744949
TCGA-A8-A082-01,-10.021370033395144,-10.250598419537708,-2.2437620470570905,-1.4909180717405697,-0.7155989695109619,1.3726029409079497,-1.5345469018751539,0.6997700240574892,0.4213801683975694,-2.011956869159062,-2.8087219021077803,-2.6361033186902834,1.0270412190979599,2.1082364964830322,-0.8788529838091313,0.6677351058830714,-0.3415570711382867,-1.2551581515958947,0.3341634074752385,-0.8377087190011846
TCGA-D8-A1JI-01,-15.370528886925689,-3.6842384054953596,-9.385782640111652,-2.2476008634825972,-5.389530220910453,-1.7676422564222076,1.1894815928264801,-2.5988777693807674,-1.8542994241748394,1.6069241612289875,-0.8317821877179362,-0.11661680926269728,-0.9421726305159223,-0.848671293212918,-0.6602870095558706,0.597125350208356,1.5232341666150777,-0.36906834616546247,1.0751021614835152,0.2080387853103169
TCGA-A2-A0T7-01,3.9597359934964924,5.421661256809011,1.957007581590421,1.0188367254844772,1.415541480359991,2.643673117487246,-0.5665738901867415,1.4160724195234264,0.4603259924363386,0.4294133930921057,0.45098149607477955,-0.8775009889264228,0.7554098961780749,0.27608864703634856,-0.6877439562404916,1.4089052599302472,0.746291067032796,-0.7158581323857205,0.23606862537942142,-0.063680446263185
TCGA-E9-A1N3-01,-7.596950806067778,0.25548800881804373,-4.587937768768999,2.157292327251477,-3.1196535587425562,0.5086007904709062,0.24933913826995377,-2.2987122426164994,-1.2238363120124314,0.686108994904502,-0.06671637124925907,1.0758322958053448,1.0873752605752567,0.4875641292886254,-0.5605843355658772,-0.3297378995105286,-0.002333906625091724,0.6070800932484187,0.3350161411767354,0.9274502135752068
TCGA-OL-A6VQ-01,0.6090913767695828,10.24943599051408,0.396226861021997,0.5528458867611485,-0.0009291303911009318,0.17698349843365707,0.6718702866324047,-0.5279785823695822,1.4854812515737486,0.6766623439932359,-0.8723164549469503,-0.2639844478600348,-0.5212503064393866,0.4883593891270421,-0.5162084032806641,-0.6551057997616411,-1.1745054057364828,0.752741677064408,1.2665419541544785,0.8733686998884891
TCGA-AN-A0FK-01,-12.92639529850485,-7.121726179431984,-4.453618166007535,-1.5471855168929072,-1.8371524873472227,-0.31985098156066066,1.7896900770586543,-0.8886004950322158,-2.3322529788811606,-1.7093987614822725,-1.6702148734488305,-0.6353134180815926,-2.476947021878796,0.8121159388548079,1.0363332252520003,-1.7432139403886346,0.3102028461197118,0.016614525104846838,1.5501475498345363,-0.6557862318807035
TCGA-LL-A442-01,-13.944873603054159,-5.532014003811326,-4.139483550020789,-2.9089445576566093,-3.028225855740272,-0.46534039997770804,0.28381713931925234,0.09694293536222157,-0.22119022581940573,0.013968100435169734,-0.9958541108499367,-0.08663285370603854,0.3821957747957604,0.9723784817051667,0.8166500683722554,-0.13234710908658393,-0.5146295749025778,-0.8684204534186853,2.5822477247300184,0.11391949048527654
TCGA-D8-A1JC-01,0.5482282516720577,-0.31425757004290994,1.2182408438412466,4.794534645040633,1.1045359255892127,0.12735528289140846,1.5462215563566033,-0.14200326582145809,2.0049657610397946,0.3730009033364106,0.9794515703402493,-0.5698579478962265,-0.05403270716952857,0.45993702990358654,0.7427981564422567,0.24410832819414188,-0.575101312251404,-0.9733729403612769,-0.747733692377129,0.6259650126063663
TCGA-EW-A6SD-01,-0.4583149716806965,-3.287335703828437,9.111936393698118,-5.599684676762759,0.8479412881867614,1.7174369349714997,-2.535965784542035,-2.909786334439622,0.18666454565045543,1.4681826181820885,-0.6658719093761161,-0.4124300163171243,0.7308034957374625,0.3413450941279463,-0.6169031264461763,0.019726162656616482,0.4297068288201148,-0.16147865785793392,-1.1642177033926924,-0.05475301435855347
TCGA-A1-A0SP-01,15.106005226487435,-1.5266512803445886,-0.5656725254202842,2.949013973598311,1.756987022300113,-0.07211412459385737,-1.7343357336112046,-0.6490178598862125,-1.3944720303568494,-2.029805909085685,0.4439305600204957,0.8043630365774562,0.5076522789934962,2.366475502595322,1.7989605395181842,0.8337539526290074,1.5079348530599674,0.12040198368027404,0.38254075410302774,-1.5626406266324024
TCGA-E2-A15P-01,-1.7530445525588871,8.328630666201377,-1.358206988223223,-0.22656175471037174,-3.125734145126125,2.053834005595905,0.702262249965693,-0.9413629697676724,0.8302610379330233,2.4593749089542363,1.1024036407124582,0.5612829104064623,0.2704219667795909,-0.08096153235956016,-0.3324269907480892,-0.7886108450917712,-0.5867029801954721,-0.44694904385936873,-1.3980465826498438,0.7237319341527407
TCGA-AC-A6IV-01,-0.5520049540227682,2.5205675057184167,-0.9184024668856251,-0.3581124396874902,-0.9515317405637996,1.0184699377224944,1.3848495363275155,0.0015732329625959096,-0.0032345518026547842,-1.2084610884016573,-1.2296411938897942,-1.760551566042383,2.270986729055645,-0.4300256071507869,0.9074103061625488,0.4845767701162969,0.33487687031960867,0.4829200330353911,-0.5196019582882747,-0.7563330301794247
TCGA-C8-A1HE-01,-5.614304901301709,3.312875494615732,-0.6305920789384066,1.5994444871245996,-1.5907433741792492,1.9827449707537017,-1.314941924038525,-0.7178865947873956,-1.534050535175493,2.021634274437776,0.7793217385917423,0.6063583490503285,-0.7608507693156492,0.05548250186487095,0.9879175057054066,-0.6327946305045133,-0.008523068301050733,-1.40747505839982,-1.4732046806484,0.4703009954853659
TCGA-A8-A086-01,-0.8129087028940181,1.7809247559024124,-1.3456145495241776,5.153645061195368,-1.618310253508076,1.0165701619025296,1.040612981400294,0.17135264694674243,0.5826714155449431,-0.682163027680421,-0.6567958785237853,-0.5168468284023788,-0.8471118744906692,1.0106245973034305,0.2945071934152306,2.017056876301338,-0.17340005939029557,1.4551574077042584,0.13846881987094073,-1.107258393877192
TCGA-OL-A66I-01,15.666432766248201,-1.8379692569348456,-1.2510913211705275,0.6118924906722625,-1.5630343960483268,-3.4895831009025535,1.6008872273369674,1.1587414689460083,2.5915948416209886,-1.5945585364886243,1.3390438955058694,-1.208899527728673,0.17073118935714282,-2.0175459219433716,-0.2706182881519472,0.5696693655978419,0.7666779409739626,-0.0060639260279212025,-0.3276188194029473,-0.9081415605483666
TCGA-E2-A1IG-01,0.5749460162585243,4.750070507610739,-0.10518464430911756,3.638964238290649,-4.344756685926335,-1.4248779836698868,1.8435829005903148,-1.9675818026382346,4.198985600646653,3.5144422913850812,0.3116019401529036,-0.1288850599167248,0.03853647445292689,1.8940779245816322,-0.2667250185197884,0.5531490055474653,-0.038099069766763485,0.8209234726561058,-1.7821997667157412,-0.007034429989153905
TCGA-AR-A24Q-01,14.57580912286119,-0.6300611232600105,-1.7182524804391694,0.08282607338585675,-1.4028299826209425,2.1370833583285846,1.782837710539851,1.424176884428972,0.16679578470391612,0.2685647465191134,0.48927299696437315,-2.31415194139931,-0.7597371453918877,1.1995181932081733,1.382282515304826,-0.9053809557276311,0.7571144157201167,-0.07928715045114976,-0.4194848132315336,-0.16558545954684864
TCGA-E2-A1B4-01,-5.825137979121608,10.897857495506,-0.027820354390088873,-1.5862189821473218,-1.5812965969680595,-2.403994885131441,-1.7606947885831725,1.9007546188141702,-1.5906762488642392,-0.21678457073577917,-0.15511125419898739,0.7334000676164709,-1.1637360055223005,-0.7260979566738228,0.9437355422057724,-0.7027737895694961,1.1504315203733086,0.24430038840980675,-0.3382000091035399,-0.5551793206851533
TCGA-B6-A0IM-01,-9.012715784496587,-6.321127751282385,-3.3077741369503593,-1.513402877229492,-2.1751270042532993,5.025471778367333,0.07366950640657512,3.0254634672032075,1.3161316001352918,0.3888952762962068,0.1976830383853096,-0.021035218389986204,1.5210860733826752,0.5836309979487355,2.1106566703760143,1.8292671476415472,-0.4436906306803444,2.540259597680326,-1.2776346228278281,0.6711563732783739
TCGA-C8-A12T-01,-0.263632782063844,-2.5945546196966185,8.323316516497584,3.3535876890032013,2.0033950362634814,-1.6682552361088165,-1.7183099648674323,-0.7598186204023198,1.0053524336242596,-1.3687243170523937,-1.288212750215047,-0.8903824119747755,-2.7115628629628135,0.5202856731224234,0.4334752737677453,0.4411046665404613,-1.0444624382465815,0.014897089847423118,0.04991760431028838,-1.5904860437677644
TCGA-A1-A0SK-01,9.639907069617925,-7.923350037318793,-4.387181218321635,1.0917343712077847,0.9400889395265556,2.2838093832474486,-2.66642695280625,0.570215825644798,-2.424383018141219,-4.090592648984095,-2.1093116772601777,1.9825853292120326,5.052658169232825,3.900246819837437,-0.7072679116685605,1.0594558529085707,3.616306847411123,-0.5270067774190759,-2.136768735601766,-2.627153012647488
TCGA-D8-A147-01,16.896787120555334,-3.906209984403161,-2.1086959867402943,-3.402626022918562,-1.4189358324203833,-0.18653316375938403,-0.45046702773136005,-0.19792414533985875,0.39993576380602447,-0.8940388606494107,-1.6478915272553274,-3.3470103266268256,0.04694366359163062,-2.122297502142621,1.9212990522309432,-0.7597300809456042,-1.576579144527191,-0.42320671652489034,1.0411403086007809,0.4974102864477484
TCGA-A8-A06P-01,-8.04222667235889,0.6923624557730939,-2.784694943139865,-3.874048508710315,0.6691624526491841,1.6202277756917915,-1.4519272046923664,0.9219451651591681,1.9483397355783267,-2.251215679922605,-2.007693947741746,-1.626442424362308,0.4541975893211227,-0.15807733548016326,0.8712679337173461,0.9604354486342235,0.054588557181528156,0.05719787779779438,-0.01406322994454653,0.3476801658258148
TCGA-A8-A07J-01,-8.920010436224477,3.0251788914388156,-4.952696515150196,-4.998933137121872,0.5184829447290983,2.4162349057980452,-2.220671264800585,-2.464074241698182,-2.7205587376861415,-0.9884395021282684,-1.2234128494249328,-0.9928289992910283,-1.3310467732129319,-1.4528136566709773,-1.1835989009999133,0.5690697309049468,1.580121758140752,0.22890347563486674,-0.0807808472427795,0.17916375478912416
TCGA-OL-A66L-01,-1.6011121085489057,8.970851111506224,0.887522885172695,-2.690969192676608,0.0637072262899855,-5.048145861046492,-1.3490425162493367,0.8778400750132662,-2.6556201986705763,0.3607362546818987,-2.2589786348664638,-0.12242337472730666,0.04429408730202257,0.26251143888826234,-0.7618048112630804,-0.17768353595419137,-0.6340870958646198,1.6616709495498798,0.5063682385584257,0.2624535493834139
TCGA-A2-A4S3-01,-0.657290455899818,-6.283824955149024,1.4249478898060923,3.570174208721406,2.4883445037448975,-2.0754347690865935,0.19242657321012147,1.2945735710907345,-1.1773994727394286,1.5521404764204965,-1.216619463937111,0.6188927922231289,0.6469958710421022,0.5411215069926179,0.44148044464637737,-0.08755164101127337,0.5327012294328365,-1.0419053104812541,1.0518088524722753,0.3146763520996139
TCGA-AR-A5QM-01,-1.2129754810515467,4.321391347242811,-1.142661240432918,1.9279434719006365,-0.7152675909514268,-0.4017861608860931,0.5472670769414323,-0.21736729319561118,-0.19127797219364787,2.3983499241458763,-1.7121764491739806,-1.2116711563691127,-0.18457722665389192,-0.3815724082900537,-0.946229703177568,-0.2677312098720719,-0.1518009213118476,0.25793305884388523,1.483870737071794,0.08608039185134539
TCGA-AR-A0TR-01,-16.1195095638139,-2.725813385597984,-7.113097149132875,-4.748901751030684,-3.936100001629466,-0.8383923217675425,4.1971924753961485,-1.3204980194845928,-1.9632657743434876,3.3120804042878893,-0.6711669851656157,1.9796484926276994,-0.8922992370820266,-1.1082990389688079,0.23019907047803695,-2.0976087550161795,0.8120187986400281,-2.522014916859124,0.18362949279850935,-1.2838024581960998
TCGA-D8-A27V-01,0.086506254647919,8.90048354943311,-0.7046857325995828,1.6388803695837706,2.2618565820296905,1.8182731242091104,1.5700925102608696,-1.069273372347604,-1.8573352683792328,-0.52719972408405,0.6492078188252597,-0.846872360622836,-0.05641693877708847,-0.8331285736960516,0.6960756418301538,-1.4732204788150107,-1.2903480721115925,-1.288697456766117,0.13382611168445083,0.1423348408554162
TCGA-A2-A3XS-01,12.909606383946802,-1.920921821222126,0.7145526482236835,-3.0029374007656684,-2.5001691969836863,-1.1903990557760835,-0.29502954259200154,1.1119684765444022,-1.6514781511653671,-0.8149221998971968,-1.1315736277762458,-1.614878654501235,-0.5993817082940448,1.535163340565093,-0.052421837481663555,1.1726178636293094,-0.4238837915258891,0.2784329572267989,-1.194077603063391,0.011638540809637199
TCGA-A8-A07W-01,-4.7754396540856,-7.1809369794696405,-0.10616782056052625,2.14154225897592,-0.016429759976701198,1.4303523460365792,-2.862069485956929,3.5114106650766765,1.277198993074831,1.9581968018335403,-0.8885679014260673,-0.11676163973485594,0.6072552539257395,1.7443589251898188,0.849081799810043,-0.12308459773272366,-0.030011889223208518,-0.6717789648747368,0.745028386887069,0.6577235867810869
TCGA-EW-A424-01,0.3133548011300994,5.156165968187188,1.376812295949238,1.7729487002900832,0.3334230249845835,-1.7780120263201427,1.1482318301152232,2.1341070366007147,-1.3875521031750588,-0.6654526170514815,-1.825535670382552,-0.3343376717974404,0.7873044737160872,0.7883765965719578,0.25238116327800636,0.5109109561985213,-0.10784494120114811,0.2422942053829907,-0.324455762980526,-0.4839738373551936
TCGA-A7-A0CJ-01,-3.219800584089453,-0.16527038668780877,-1.4221953933241376,6.057722478009144,0.7649319856437031,-2.1986407868089453,0.43802591627066545,0.4841038432068007,0.3348807029976615,-2.3725454748570853,1.1597973854888386,-0.9872881146005473,0.21834733526934247,-0.27372431483669213,-0.1438264745714664,0.5494187380214458,1.0511884495162425,0.6353806116197915,0.4376744025441947,0.14490193713077215
TCGA-S3-AA12-01,-11.402836189541281,-7.532645090191855,0.3830234129052083,-3.861213558713377,-0.5538290268033572,-5.253832779161708,0.5404182787008651,1.0559135907032917,-0.9326014283435636,-1.8667154790106604,-1.3847625224768971,0.03002344819242406,0.06215967551230546,2.265133093984985,1.1185864610199607,0.21703855086518606,-2.122639981755233,0.5275565318579479,-2.511936459564928,0.46457280094914366
TCGA-A2-A04V-01,-8.628269212475022,-5.6951636090076425,-1.2032275131528527,-1.9706062415269365,-0.7038531220597466,0.41992921887569196,-0.07773518570935635,2.5300782273251516,1.2886957014440532,-0.9473011970942987,0.7839227215932157,-0.8249245075123788,0.21509902832385372,0.9755987681912995,-1.4004684324403331,0.4067957699027179,-0.339907776775943,0.8025333867134132,-1.3093808650972614,-0.24286686720420056
TCGA-AC-A2QJ-01,14.517343189210186,1.0737769784211966,-3.5667488692589195,-1.2788637479425966,1.8866185268103712,-10.343587589694527,-5.928962490692967,-1.8850473519438575,0.6885097589075146,0.7150156751437597,-3.4514293268137766,-2.0693013665689355,0.7228350339309199,-1.005672779194686,1.2871697242726778,1.5374797899833432,-0.36041654687200275,1.2235590513281014,-0.5188731239417901,1.3404899234399763
TCGA-A2-A0EV-01,-3.6806544604913993,1.7348962183759,0.7861282643485714,2.1348850494184544,-0.7623842192894169,1.9561087745194004,-1.4171657574726595,0.44936561086658233,-0.04060841485406312,0.4725343514263905,-0.6725614860390077,-1.0734634705997559,-0.3845812701946573,-1.7533610060612868,-0.21043139478065614,1.473724080580839,0.7603504869886148,-1.3880117621166406,-0.20646691472195436,0.23532815009685798
TCGA-EW-A3U0-01,11.077788149981368,-2.213080807437878,-2.7353534407818785,-1.6768870068005488,-1.1665166261700366,-1.1096228136647568,1.0174687248768155,0.37282471325404054,-1.2254979365753087,-0.8964661426711715,-0.36190721780047364,-1.2772689959712449,-0.11863864171991753,3.0150282444157357,-0.1280622620479411,0.11847491685333154,0.2116080908815499,0.6378762755239474,-0.168458357758368,0.3106696817374131
TCGA-E9-A228-01,-10.292682749752405,-12.835819125841274,1.7066003957644043,-1.750086799549549,-2.616861988970475,0.5593174516554533,4.205930922908435,-0.484229396149909,0.5223318609474261,-1.864256358697649,1.3729892150424634,-0.3857785655780763,1.6399172076070916,0.01678317322126818,2.879881551528905,0.5711849526529448,0.25703513457212585,1.4769765525256289,-0.19081287071680997,-0.4720817291874504
TCGA-AO-A12C-01,-3.0981467127145708,7.723546723379337,0.5963134711474231,-1.771563556256352,0.138711268131816,2.2759628937195218,-1.7275702667789343,-0.47543879711238063,-0.15297485652135182,-0.3144537906084808,-0.06272366362427552,-0.9457387210770237,-0.35560718110688855,-0.995451427098569,-0.8754624845920462,0.4476019700875187,-0.05315250553808754,0.32252301613265305,-0.29332492198073945,1.4100539750877594
TCGA-D8-A1XM-01,-0.5666678179136895,2.245190310735067,0.8738366502664159,2.2841954205892696,0.3919149212629333,2.531436420790815,-0.7111736776320673,-0.47370828701985246,0.18534356050865902,-1.7317587636062821,-1.8478394290010645,-0.9803517404228869,-1.141554101029076,-0.3641126816682765,0.04347787185324238,-0.48051418732921103,1.117661706794372,-0.8675284876134538,-0.35875069784308605,0.43524635287094376
TCGA-AO-A125-01,-13.362842223930455,-3.9302075738927114,-3.5038242114419473,-2.0035800471836964,-1.1632161046567,-1.7796256498655996,-2.903882480131987,1.9740878366260401,-0.9267524668034984,1.9127989760560464,-0.4495178190847636,0.8079338796314989,-1.0578698351680567,0.16889217523736205,-0.233072423685568,-3.1457695540968316,-0.469400518221065,-1.3298128022791855,1.086823687487761,-1.0633588909270966
TCGA-BH-A0B2-01,-0.6815593956926075,5.1877879298735845,-1.3786288592337603,-1.2858606879826464,-0.7488002069982107,-0.027976725299214196,1.7167736293800446,-1.1000443225473795,0.8023012479132902,-0.1675447838944967,-0.1551554555405547,-0.2095766290346403,-0.06826583311428011,-0.24124369037476812,-0.9697007513237946,-0.40848494881183645,0.9878103499410115,0.06874558360501881,0.30673494102245435,-0.47019801633154645
TCGA-E2-A1IL-01,-4.380202739590528,6.739148435642724,-1.1514968984769274,-1.3917640808453777,1.1170899995159076,1.0248977271805129,0.9053477337896446,-1.753917619848598,-0.35280462721052086,1.8923929319547343,-0.8596547848552486,0.5313825090554517,-1.098915877087763,-0.24912053907956794,0.7606025088417494,-1.0952039704950014,0.6742945170627103,0.1748213246583929,-1.045127719609669,0.12310147771940642
TCGA-E2-A150-01,14.587328626666354,-0.04550311250493459,-3.2346956757812633,-2.186085786724465,0.3385351862730609,5.089431571320619,-0.09655592314165849,-2.5480083238860898,-0.13604447893096966,3.5722101698490274,-0.8010891447491241,-0.5516556071167392,-1.3072410958706169,2.1382332191849374,-1.4100776570053606,1.053849766712149,-5.913331010635875,0.8880090585355991,-1.3264527744263872,0.21420326017464994
TCGA-BH-A0BO-01,0.7476522686931807,13.383322770225087,-2.3791964361351488,-2.4042443063647387,0.4175366165885239,1.5947124375770874,-1.1807795645468777,-0.5195940028851529,1.1692218150735747,-0.144051539444141,-0.3008730052559257,1.3119927543880523,-0.03334725736153358,0.9506013464066732,0.452970764850338,-0.5697832369294868,-1.1570030215994436,0.9988968291227993,1.616637514209436,1.1851114672216436
TCGA-AO-A0J8-01,-8.615286997713095,-0.4841429054146781,-2.520064166034716,-1.8228690244011954,-0.4380081610418889,0.2692738674530995,-0.905384194631112,0.31211546658080813,-0.723139070924817,1.8866198320755379,-2.466393591946801,0.003436535110079645,-1.7759190512489527,-0.1708488980108631,0.3214265225910528,-0.5029497065802774,0.7829362558630992,-0.42452221086288083,-0.5263778111440212,-0.42872969514402176
TCGA-E2-A576-01,-3.565977147612477,-0.35019869354830985,3.012780538090095,2.8567438716455196,-2.7888831396095664,-4.160647383337067,-1.475587912935739,2.276492889702852,-2.8466502885432017,-0.7840387157965445,-2.4288555555326803,-0.21544142522476833,0.3277773873230813,0.7479922976745405,1.1902121439188178,1.2639198947026482,0.08526566215005464,1.7188923463559815,-0.05292478677736365,0.35971399314479163
TCGA-3C-AALK-01,0.8392595678067936,4.712424200250523,5.674809575720065,1.267982133559412,-1.245347031250521,0.48712032992114584,-0.4601027547722928,0.41422410458328607,-0.3240338296159035,-1.0347028690900801,-1.274193175683375,-1.7711408327141938,0.4336102956765365,-0.1797453097415828,0.9445327577508684,-0.0297547934267824,-0.1409761983291722,-0.07308498927038612,-0.449888840811449,-0.47857586863968987
TCGA-AR-A1AT-01,-3.7464219195478843,-7.64070865765903,9.946167944582568,-4.016164108423148,-2.096084972383583,-0.43203713527547954,0.3305846610015835,0.5009469100505277,1.2040086846818365,0.6469269269688971,0.4705787621235163,1.4323085320219855,0.35632641904936013,0.0993403797253727,-0.4946808976396965,0.04638042608833832,0.2529961120456296,-0.6600845736248819,1.1630673222749657,1.1546698553084356
TCGA-A2-A1G4-01,-7.006836772180881,-4.118194379274272,-3.1457661525348963,3.113605229743196,-2.1296401788244794,1.8597808411776466,0.7409894866743044,-1.3473566378246817,-1.8851369553139978,-2.459653178397833,-0.13739705673638733,-0.7120262897459526,2.6460376740202247,0.9777039293439603,1.357343735643878,1.0168119143036374,-0.3573111588798743,-1.100623218123785,0.43558009005398773,-0.6341610484212059
TCGA-BH-A1F0-01,10.85135468037893,-1.689815100263112,-2.302673709982002,-1.0027193184815253,0.1808270997262785,2.311641619555321,-0.7461635372121806,0.5148914862972667,-0.9297837242736802,-1.0257359001968587,3.3656885234707654,-0.3053548634635959,-0.11549381308361284,-0.3980394593285079,-1.584407479524945,1.0079249479914154,0.27874898106790846,0.35523163091291776,0.7763702780091802,-0.5936797298029979
TCGA-A2-A0CS-01,-9.111149119012383,1.6540065074184418,-2.376337060994955,-0.7075762218026461,-1.4665244784300142,-1.2926766613985565,-0.8074754837251393,-0.7475250177711831,-0.9934205889658082,-1.3853175500063015,0.6210964387945688,-0.9663769721950465,-2.448563836907203,-1.6098341279094612,-0.697629775251686,-0.05261306281748294,1.1661792817910588,-0.07465600285885213,-1.205849813374676,-0.38657090664190563
TCGA-EW-A2FR-01,0.3598659471207504,-1.755682128299452,12.258796869893073,-6.286191689650648,0.4493953421810065,-1.201623599071162,-1.1776652484453252,-1.9314131229797422,2.430736485018604,0.9721625997747323,0.32500676612562773,-2.471287486184981,-0.7667926473157115,0.28207367327212646,1.2776328392797316,-0.053897009941346115,0.6495566726688885,0.5397726336353633,0.8964023595075793,-2.767815109050948
TCGA-A8-A09X-01,-4.963340610834564,-9.942656930864734,0.8085448641490532,-4.746173771496526,7.671147853762742,-0.2918953018587719,2.37343693937469,0.6311935835945238,0.39859366050415784,-3.370345291257995,-0.26721849548120624,-2.7602724375342467,1.206072376291521,-1.222822985525919,-0.4557362790909666,-0.20516189077130753,0.7627356310768637,0.8791341387890825,0.20309192880875196,2.3500294918462474
TCGA-BH-A203-01,1.9793561879768675,-3.3144435391750484,0.9688976098907942,1.2585346646710385,6.096506528419073,-1.5072034711345585,-0.344883948118228,-0.4182923912056124,-1.1065323130036024,1.8512871596055778,1.5371848367095715,0.37354665742792875,0.4503664057609134,0.21570816465901266,0.15988085948894382,0.14768070434929295,1.4094711358960847,0.006713287619543164,0.6967784871512617,0.9484708333558045
TCGA-A2-A1FX-01,-3.2869230961612126,-1.2385419576634904,-0.8567597750477185,3.362495166467059,-0.5815941980659658,1.7507701154332416,0.4813128866935028,0.029881411103787666,0.9097463965866227,-1.683373814520315,1.4567257897157624,-0.5825055267246837,1.0441791651565764,0.07970122826854883,-0.5001250046633624,0.7480042843508017,-0.2971803654772972,-1.430355504939421,0.5141438238563752,0.6021009532856992
TCGA-BH-A1EX-01,-4.8090592201140385,-1.5611141334619656,-2.0044902593753067,-5.370114880463458,-0.4605786960869828,2.8871937004414097,-5.137076314279065,3.299681509087785,-0.707224549176113,3.445017428605934,1.1023556910434547,-2.112277949791014,-0.462215761378308,1.397674810648117,2.481888223453432,-0.13838824745390724,0.17775588069866302,-0.9157910352212022,-0.43885643692668946,0.7062796197816996
TCGA-HN-A2NL-01,14.416998673578888,-8.31569855557258,-7.361147412822541,-1.1946208169055026,1.442430815086612,0.6455219848340034,0.29445687543863475,1.4528382311617007,-3.7308643598769544,-2.4279202516638283,0.7989298050184045,2.209061375309727,1.5381782193643418,1.4827671666617723,-1.0450848937860822,-0.038353590092609635,1.779076810672549,1.0180357985620185,0.1434059765127492,-0.3814728049569932
TCGA-A2-A0SY-01,-3.313062184806738,2.829614533866775,2.656261710209881,-0.06892358097105772,-1.5851348386067845,1.5852479917015274,3.844916511226729,0.6807497065145347,-1.8576700741403491,-0.5671911598442696,-1.5216455065455765,-1.5017642107282407,0.07228175893917393,-0.4782980057345604,0.5864613747200742,0.8345503558852438,0.4056249029219965,0.2553630579492087,0.6802392326234371,-0.20349558574933857
TCGA-A2-A0YT-01,-1.2623573400243981,-2.9948305270134528,1.9405002101357063,2.4574367694620434,4.884755611207251,-0.7323616258375536,1.265942128319837,-0.5195563573679888,-0.22221061940465645,-1.8185045825425556,1.5851062420567235,-0.09623753275318206,1.0608218708565693,-0.9657353251456887,0.8054603367306014,0.001940445043206563,0.06795528485490211,-1.1820261010389033,0.813841138591072,1.0966541041455542
TCGA-E2-A1IO-01,-0.08119644458271243,6.7999114867687425,-0.41816426118001876,0.010242414514586245,-0.4531880454982703,3.524785012239371,-1.446936480363387,0.155132780627432,0.25211197037629524,-0.24570155014521822,0.025840707863200113,-0.7937034084244706,-0.7019304111309951,-0.19662943345933873,-0.5153277191755099,1.1196188373502247,0.6195389838491516,-0.2636239944364911,-0.6651769081988906,1.0572153921413292
TCGA-B6-A400-01,17.990968701451486,-1.1599867330049038,0.9719299844763797,1.6553889582764558,-1.7029964936717374,-4.1831365886036345,0.24132872128825614,0.53234607746242,-0.28413247325285995,0.9284174113511607,-0.4680792292515052,-1.4277751822519744,-0.500971717176589,1.0881743811228681,0.43096087387475557,1.2487388371644208,0.40162915025732865,0.9127908235740666,0.025108194811855323,-2.0400729123992947
TCGA-B6-A0IK-01,4.709443503356601,1.3526153061325128,5.701746878320306,2.992824986249815,6.602706720387005,0.5760115027747903,-0.5420890134745429,0.4346392985364977,-0.009967208843356175,0.10586099677326155,2.3552928812004774,-0.03740989814529182,0.8093381464566524,0.7276381482579451,0.2374714959394015,0.6907380409717871,-0.0009991412569202646,-0.33843845995942984,1.9922607980630436,-0.05825353154340168
TCGA-B6-A0IO-01,-2.7124619047127045,0.907407622812633,-1.973932437709445,1.972318843380358,0.85310147753781,-0.248957182977677,-1.1333714388920255,2.5740199320645334,1.4776323250198347,0.7092955587405507,0.7842232938259092,1.3497223523052801,-0.016147793345437284,-0.35642541722584403,-0.6250507886604716,0.5234335071275531,1.1343813461800636,-1.6492311664420816,0.15692525795019607,2.0118741653504584
TCGA-BH-A1FM-01,-7.26688784940175,-8.117552039427986,-4.133057301897303,0.5518350333187185,2.725444955337748,1.6306989437541384,-0.5365028244580416,-0.464278412719285,-0.13651260920180042,0.06523623946799245,2.4144851742058138,0.39359040222387465,-0.5659919070594878,-0.19327011936143343,0.4638735586876576,-0.20898513676592256,-0.2574048140679389,-1.0950994827836331,-0.4737505760211448,0.5690099594310731
TCGA-E2-A3DX-01,-2.7476733555744492,7.652046280711264,1.8578207391669839,-3.1173650559237593,-0.18003798570703228,1.0874257680597945,2.244774357270686,-1.5932287864698007,1.537765341892766,-2.255242980842131,-1.2770735271273699,0.09866019223520893,-0.22532301245263256,0.24574820391307833,0.7903743905318443,-0.5695531616858704,-0.8380810564457808,0.5433563905798934,0.666053507609221,0.02263154430797025
TCGA-D8-A1J8-01,-4.461137640627322,-6.055750613651881,-2.728488047231181,4.143826198041245,4.724955656190444,1.4156865889326664,-2.6039925584796118,-2.1768029410611343,-1.659345635794991,-0.20983629864814868,2.318061397635681,-0.9490591571707543,-0.008952157868505499,-0.3672984594849143,-0.29555258403643764,-1.9299175677882525,-0.535542207027167,-1.3798781188375973,-0.023541884019873005,0.8340895426443408
TCGA-A8-A09B-01,-6.132855396226382,2.2881815143450464,-0.7173330926101686,1.1528373964605603,-0.43828458729745073,0.5556979200910339,1.0854460807593844,-0.2106672556492423,-0.1597950051395915,0.02009747172711432,-2.140715690907096,-0.596368845280432,-1.3734536288242585,-0.8178501789142417,-0.2981233927311358,0.287919777916888,0.5149944968692055,-0.4784562803988177,1.2786731449419328,0.05464359255557945
TCGA-A8-A09Z-01,-13.689890100605528,-7.663229429602969,-1.9818212006459828,-7.294060068822986,-0.14750644725963025,0.6199823141956585,-4.26630102207263,-4.389336834542736,-2.047216491905555,-4.823375414066087,3.6954895109308574,-2.1563246021512525,1.1491124452746053,-1.3453657764715832,-1.205891218478983,-2.6044813307183907,-3.143934518594286,-0.860189656898548,-0.10255244120914393,0.6314909769123824
TCGA-B6-A0IG-01,0.3348877978645786,-0.6322163278139378,10.1110962301207,1.318339807764656,-3.3030523173312782,0.8008266113842412,0.37549696418893097,-0.7376992306892706,-2.434334568474834,1.550451537154775,-2.4513677843028536,1.580973563130213,0.43423567759454224,0.11329101073652832,0.9397909972690256,0.811409590436376,0.7129814962953509,0.2242824507558516,1.4591550398011766,-0.7500412836657411
TCGA-A7-A6VV-01,16.88922589941884,-0.4860277662958025,-0.21556235504437762,-0.009058741467653765,-1.6670455071948385,-0.7546094275299918,-0.6109781558954936,-0.12784715583037592,1.5473899104100586,0.999129670216308,-0.8957647696114762,-1.061507923909141,0.95807762491203,0.5647840559946733,-1.5876461804380226,0.5504785624078941,0.9561880903681319,0.9660596517628663,-0.7886539604422477,-1.5936184373639593
TCGA-BH-A1F8-01,-4.5578120241957025,-3.775114306922046,-1.1911494123763584,1.478211192258155,2.717923189741058,-0.8139266331192102,0.0732230874937164,-0.208621160948058,1.4782691070009921,-0.2543310128101065,1.8949655984562686,0.5920441628749872,0.2977901575822116,-1.210013246554952,1.0909561201247628,-0.43057231425436404,0.7665923714465035,-1.5882530068753133,-0.41946243753914175,2.771591130533415
TCGA-A2-A0CV-01,-2.2438814897418244,14.274555537952173,-3.367367469542272,-4.16947390767093,-2.7815893908589784,1.817434640850301,-1.3913049640010369,1.6565312874559983,-0.4018729422547028,0.5449665690342134,2.5269339960781774,1.3829323850669446,-0.8936645391273907,0.1169419281730806,-0.5293722026809647,-0.15655155195502787,-0.676942384551786,0.9685876898082172,0.47290987532288353,-0.42754185425824
TCGA-B6-A0WS-01,-3.583783374286729,2.2114169476209797,-1.7238883839798784,3.3931947063881993,-1.1800482807363952,2.359976130519628,-1.5072837723937065,-0.5267440602097501,0.6033691508247869,-1.732697948120534,1.300513927099923,-0.10925248214201087,0.595897896833017,0.36275710170876235,0.505806490197905,1.2316482068258943,-0.7698442794487615,1.553521197494333,-0.9929516986240511,0.21433826707390624
TCGA-OL-A5RZ-01,-1.0344815451104798,-3.395837760207353,14.222291316397543,-5.376716981825896,-0.650560270417191,-3.3680275522813754,0.9242671337235414,-1.8664117296011706,-1.4961822226535204,0.4255509488561936,1.7010700106414058,0.8757471561017685,-0.0752592147038284,-0.06783244140131195,-0.09029929589605687,-1.1985303415445325,0.35723352662936164,0.31589591432783337,-1.7206633581595367,-2.8592894811860483
TCGA-BH-A1EV-01,-5.041712524191663,-4.19665371092407,8.820622493413714,-2.5042493674393858,-1.9265187652901277,1.9072514664697573,-0.757175680400498,-0.8274926307258668,0.6774899549299288,3.473865803453811,0.6263971234856333,1.1428319270431997,-1.4323481707488495,-0.12812842704060515,-0.8729088624511265,0.012909247338080038,-0.04756728360224613,-1.2533872953069258,1.4621148081597306,-0.1201775747538698
TCGA-AR-A0TU-01,16.333714917402006,-10.176751763751005,-7.138641506745308,-1.809635845286056,-0.2814804899248531,-1.4857730952786348,2.3520448856635174,1.7725962848080603,0.579191504544716,-1.5698397409608527,0.6617965928123845,2.884365352792962,-2.2558148620388283,0.20969685443665295,0.3929035968975644,-2.1236516085895984,2.670516163155393,0.49127398614024553,-0.7095280848578539,1.4076925908891729
TCGA-EW-A1IX-01,-6.335562280518472,7.7723450564354115,-1.2600229710834343,-2.956004460206103,0.2183423874772035,1.2480222951893365,-2.109658184250645,-0.8359942817641726,0.2699736924710838,-1.3336081757840086,-1.1717002887031969,-0.2897034331999853,-1.3041148593202376,-0.5634930602054278,-0.6989347323692805,0.15017612091378574,0.139805451671174,0.3702545088249353,-0.39002951249572027,-0.23826869569404055
TCGA-E2-A15K-01,-5.380127273341041,-5.668238736911553,-0.6756733699621226,2.051393103867297,-0.5185016615474568,1.4208054960194894,-0.46502485914909575,1.2216116876656211,-0.8949201488675591,2.9592337142876204,-0.2690616985569568,1.2340582471004944,0.5966911361698094,-0.6530874830553696,-0.4548780454003769,-0.15926462218980555,0.18866828083998077,0.9668059920818094,-1.6337633725366867,-0.32105674533668005
TCGA-AR-A1AR-01,11.593305543555001,-7.457561426154514,-7.033121803251059,-1.1088889895540393,0.49228170658162274,1.7619448621461546,-1.9775050969281343,-2.1648013621311737,3.283674871950121,-0.9546364422210165,2.763512618257757,2.3018507655039926,-0.6054622984859477,-0.4583062915228143,-0.05164468164496569,-1.921511809942215,-1.556198603251154,-0.525424913069082,1.251162928930453,-0.5716277470394141
TCGA-E9-A1R2-01,-2.010572084583942,0.9645981676885779,-0.24765969126957652,0.18649112351447808,-2.2913056931804805,-1.4028825931012516,1.3869349850498738,-2.5166258261254053,1.9815952213735895,-1.7287901176587726,-0.20292940623200287,-1.395111795666054,1.3232195959503057,0.7809050536130915,0.46914626842404084,-0.026024244235871085,0.9910739700525365,0.38202016464340194,-1.249712966876817,1.5744861916556954
TCGA-E2-A1B6-01,14.57194009282241,-0.809687127662119,-3.8832495514348038,0.8764417105580209,-1.2003410509105787,-3.0780316916790693,-1.8269963741043935,1.0073429179575486,-1.8145149153328344,-0.7976887946764153,0.649378660023427,-0.34477200612011616,-1.796802194477738,-1.4120304991741035,0.8005422973173577,0.5947483696644931,-0.18405406812665326,-1.2546947733592893,-0.5116967538194588,-0.6437275438989685
TCGA-AC-A5XS-01,-2.7291407657931708,0.8495098029657897,0.7185419412960682,1.313783180767914,0.5485388567816365,-2.7962198725816987,-1.3016590789964886,0.7195797888050357,-2.7487743133223344,-0.8094630158366524,1.9588534972082527,0.474124250412545,0.2935588683583833,-1.0893907242751182,-0.7012000905471878,-1.1971504790554353,-0.6675074570305184,0.8623758412032655,0.7873217080747443,0.3345113756153633
TCGA-AQ-A1H2-01,-13.888903593347166,-1.07411968697703,-2.60460827766079,-3.761852502503409,-0.6686547075306294,-2.654675210310757,-1.2972331557250611,0.036102077071966505,0.2197181349704868,3.3749137719117925,1.054181581963492,2.2848850523374598,0.11376759978486357,-1.4847582533094303,1.675239277100586,0.0018716615150078846,0.7404093542663646,0.7446961910451696,-0.7361950004852662,-0.14907289339319824
TCGA-AR-A1AO-01,7.073664053454293,2.0877556539410955,-1.1765124636893807,-1.036054699344974,2.7898958288635742,1.164104594207507,0.2740398193759145,1.2108822798943568,-0.4586017655748777,-0.5221571830156425,-0.6606014624347264,0.31421291498326626,1.239673512944659,-0.4439367670038605,-0.4441405046489917,0.4675365090598121,0.43686970294519906,-0.9750635013122607,-0.07517302779159303,0.2015199657157576
TCGA-E2-A15H-01,0.23410897523507268,0.9035075306367261,6.3451871728754305,3.2785319740404923,-6.070099607445895,1.969697761952229,-0.4753622011413533,-0.9199017663060529,0.17516132044311097,0.2333563991814628,0.2683680650252053,-1.0287418293116872,0.21039520465552564,0.006904324052257428,-1.1870512617961546,0.25289802989373544,-0.47857236452953855,0.7512876116182576,-0.11146102790427163,-0.11667023995232537
TCGA-B6-A0WZ-01,-4.905073533602783,-0.5973977275629269,0.01850417263081884,3.0342536881164595,0.9981984996194633,-0.48738087013326503,-2.3400963282600795,1.5726510238614713,-0.47955070188862275,2.471207583240421,-0.9036930225931162,0.7453708777615028,-1.4590068241393823,-0.1883429095198488,1.6583657932878433,-0.4137681369562677,-0.11332186011996645,-0.17451457246260746,-0.46791384944660896,-0.4560216091431933
TCGA-GM-A2DD-01,7.393922817645217,1.7303063680498612,1.9045377659473777,-0.9870456147401049,5.1893724366877,0.4673571002143447,-1.363880955694703,-2.665236097108733,-0.5240895703140503,1.0452217572183786,0.6085490324461443,1.1911794397068007,0.5953404763527333,-0.8452791821364504,-1.2956057826527243,1.56969117491874,1.4071262077798141,1.0740992270390253,-1.1780637170913484,-0.13734150744240917
TCGA-AR-A1AV-01,-13.370873598876678,-4.781530275084214,-5.4455858337666,-2.5739691687687247,-2.2786683473169984,3.1479212331086965,0.5552179688183531,-0.35371038038771446,1.1760508269771495,0.20621544269338415,-1.3232032334453776,-1.3018120749965905,0.12411894499093007,-2.4097037345057415,-1.641935210107897,0.4150731320547154,0.030437383290358236,0.04204404754803243,-0.22470436954137776,0.6125792477221078
TCGA-C8-A12P-01,1.4650127514454159,-5.707439915585305,8.568980436116723,-3.230779858798741,0.03438265389247769,3.1820455706766677,-3.9585735473749426,-1.2815813559246612,0.1441530469118047,1.526443806638067,-1.044208272951775,3.2017484072693723,0.8492022767132121,-0.1660341699857026,-3.146206004450132,1.9985078652829473,-0.2810167091743998,0.8323749615288921,-0.5485956857559462,-1.5733348747116052
TCGA-AN-A0XN-01,-2.486623881969178,-1.54303488435399,-2.926184248345536,-1.2599814309900188,3.6919966378101385,0.11984657659611245,-2.8436691303529016,-0.34757171197950676,2.7059478735507465,-0.9149294138778401,-1.3647144171831107,-0.11259947744069636,-1.5217868013693039,2.026942659187775,0.7172044432606309,-0.6354925433566208,-0.0635602985769495,0.2462046741875698,1.0646552687552828,-1.9014213044766117
TCGA-AN-A0AL-01,8.239316452080557,-4.750855627453718,-2.437824175299509,-0.5953488041322755,1.645737970411479,1.5722484113862492,-0.6730953956957323,0.4546995868808014,-6.814490146840529,1.4711984705573067,1.1013479258408685,-5.290167120568493,0.017512361697675928,1.6725253835108946,0.2979046798040851,1.7184793784935266,-0.434779455176623,-0.9985721965392194,1.0810835316990504,-0.41509284762893706
TCGA-C8-A12X-01,-11.514350718847528,-7.388280871201609,-5.236875951899685,-2.3925967540749418,0.1570242811032658,-2.8543326585829503,3.2174380437401853,-1.5161573023492276,1.5481539430839357,-1.304544716579848,1.390458762635295,-1.9604832206322695,-0.12905515257026615,0.6479656420157078,-0.17073149409653804,1.5566864034962742,-0.7031389318208608,-2.686163172942363,0.19163788015022448,0.017235782955463054
TCGA-AO-A03T-01,3.6570461863921206,2.284032976424874,0.9467430298667919,4.732320845178856,2.2066098454229985,-1.5557694386225618,2.2098635715901045,2.732867794059473,-1.6467663450566885,1.647590302847194,-1.0269390602003368,0.04583640525119598,0.7650269979093078,-1.2292242195795722,-0.4672453390282655,0.01600822800896798,0.48428759476407957,0.4357205643506523,-0.30084863760588293,1.2563557148642828
TCGA-GI-A2C9-01,14.555391953598184,0.75250364679708,-2.7710974297312845,-2.6586896549222807,-1.1437427838546803,0.15850149054530374,-1.3452166225050826,2.1143553730644,-0.8071795693521161,-0.47403102243896794,-0.5743412424449178,0.3992283352563342,-0.5390730335069066,-1.0811185766149791,1.8430856841967656,0.7814656130106867,-0.4349613781509148,-0.8522607701084253,-0.63000175313237,1.1031989628496732
TCGA-BH-A1FU-01,6.280585799805792,0.8622742839067338,10.947144277678552,-3.6357002213517617,0.6950168695928193,2.8622919056540352,-0.16574818324398538,0.49412078873802145,1.3008531782457469,-2.1220949314563087,-1.2649538547518404,-0.23229630725223582,0.014409450445009409,0.2151896375288941,0.8808196111598173,-1.1369626068660168,1.4885409538790528,0.5950949304638176,-0.3308476517964082,-1.5240822594323113
TCGA-E9-A226-01,-2.8577831370920004,-0.6625843658519094,-1.9201430836338282,3.842768069833966,5.184043205735103,0.7841995582105715,-1.728526120714585,-0.045122669960637435,-1.0310481558795872,-0.29298387799001746,2.0209743672003233,0.20654153032419237,-2.802933584665238,-0.2738376607340246,0.34292005268659936,0.7532867493476862,-0.36956880502145384,0.17376870183391743,-0.1612959929922216,-0.38227372747206456
TCGA-A8-A095-01,-1.613919501944363,-1.6699695184967613,-1.245081810995537,5.580912013386953,0.575081155505626,1.45973057504985,-0.5476835163843088,-0.04323334613718391,-0.7448384629098843,2.1692857480464482,-0.2759203437683138,0.3905697702196233,-1.3247763112228341,0.10134390158745642,-0.05150925842380874,-0.5326561664122276,0.17415556184268727,-0.19108580212889645,0.2745201825051815,-0.7279853108196477
TCGA-E2-A2P6-01,-5.037172869519948,-0.48239448833689824,1.7669290307209295,2.3341845537880492,-0.3907733199362352,-0.8764087463998447,-0.7413371108115276,1.9460071404761756,-1.5690987211302512,2.6418004314252115,1.4415689342961022,-0.32395143945814536,0.6413278514356509,-1.0216074136300053,0.16290750535814078,-0.5952192831415203,-1.8624586988662755,0.3994453252373409,-0.8725457402177784,0.5152257654428182
TCGA-E2-A158-01,12.877125162223885,-2.5325579649165264,-4.554468320357969,-8.350905396835895,-2.942705712445088,0.6050821875175458,1.4849471556423106,0.8651834335820154,-2.300580408411234,-0.7186448494849944,5.713848765658643,0.12468525791799007,-6.161176771321822,3.707418133493532,0.39686638515732237,1.6137964918499947,1.110581724826433,0.9908253585275079,1.5579865548514065,2.1626233941235395
TCGA-C8-A137-01,-0.3188099576906365,-6.147280652318751,10.796558085950261,-3.292863734368654,1.4424370418459713,0.29251533749702885,-1.1172099222291232,-0.8563890929484632,-1.887127254636613,0.14538134469939407,0.07310553075491805,0.5474075451981918,0.9497742019694829,-1.2507270756064897,0.4882504810802777,0.1901464570291382,0.5624426572501754,-0.9544300706338051,1.4778529442209873,-0.22004205760315101
TCGA-BH-A0DD-01,-7.335590358103316,-10.902262593517255,2.4127668043651034,3.248571018130117,-5.278547520760641,2.569898692379463,0.8213459306599872,0.6315057939302465,1.740664463259725,0.2861024519688028,-1.9430967056149835,2.9575930904537353,-1.6526344845499648,-1.085347610178852,-0.36316104007739813,0.5258661456694281,-0.247278315920089,0.25664413442247347,0.06393097061737582,-2.0512040849677815
TCGA-A2-A259-01,-0.039944635468530346,9.42437758556776,-2.0291962142802995,-0.146309460932554,2.0145689445051658,2.1577252353414416,-0.3777158676911781,2.242656192280486,0.99058627265086,-2.16501559760948,0.3893655172794955,0.6804555727167182,0.4297753036003537,1.0871819227203092,0.8146909927313956,0.7671768804930861,-0.42971031295277284,-0.356399094488648,0.4316423982643748,0.4950891858518287
TCGA-BH-A0RX-01,12.475259291736412,-1.8168869950474502,-1.6338132777530285,1.7085061867734066,-0.8624199708261626,-1.8222075837923177,0.6068770757080223,2.951683262959608,1.1034689456286224,0.4823638176431848,0.08532680588381011,0.42602317256532934,0.1615282821290443,-0.7680187877519167,0.15616496259913265,-0.3730399976147107,1.6838947666107278,-0.6646389247237726,0.6304459032347616,0.36175359015755687
TCGA-E9-A1RA-01,-4.430750241289887,1.7764787713791799,-2.1264107688547984,0.8431522405832944,-0.20316708462028774,1.491516457459177,-1.6393829100030923,0.1712938465758541,1.0585901796941792,-2.2279867908100695,0.6134536083763469,-0.5627134601285668,-1.3919120395000628,-0.7842716335740266,-1.7826500814564306,-0.5453245509230803,-0.22639091290288044,-0.7687361495700921,-0.7572695169220873,-0.005841795610543461
TCGA-EW-A1PA-01,1.0587682253836528,1.442897049407511,-0.14422337238929211,4.26451500354005,0.6836760107176882,-1.5244619213855377,3.454538775128224,-0.4111942035897467,2.450023400923901,-0.3791084511803457,2.247851681147288,-1.0754467302638961,1.907557172520909,1.8845398592177156,1.1328618476662602,1.1244336245555946,-0.2523397924607824,-0.09569203361921855,-2.310528493978141,-0.03084065774723032
TCGA-A8-A07R-01,17.52244598380294,-4.035304364679942,0.7236200991722206,-2.0915730484285837,0.4966183267324766,-0.512048007693239,0.7089272408301364,0.12894571741865385,-0.6315751924325524,0.7674908047420023,1.6814013299225594,-0.1335041735058512,-1.1936027910353575,0.16855433677572826,-0.22573467622919513,-0.030531250642704774,-1.1950472228972169,0.48652157029877713,-0.4554782300254451,0.8442538898812825
TCGA-C8-A8HQ-01,-0.9054694587794526,-3.421987115381227,3.0529636132832083,3.156553351714898,3.0241235917854086,-1.7507250451585883,1.0673049770653487,-2.4545119345031594,-1.7170698559060036,-1.9401235797213585,-0.9622186311852079,-2.5965101364176446,0.907120093291648,-0.6281505624744756,0.41432504637309564,0.439889265188713,-0.8630526252851363,0.1741761997563007,-0.1760156677161894,-1.8458114398390588
TCGA-E9-A24A-01,-7.800070014569912,1.625706627290161,-3.2025789550709796,1.5953836564953763,0.5392361774717395,1.9729370523576322,-3.4317072922751004,0.19199728948824749,0.0714241508646422,0.047835124011085244,1.1933397671563937,0.04286740140456699,-1.3749156639114537,-1.0234414710669866,0.37413928579301314,-0.745110287825964,-0.6592401006130822,-0.026919197876309163,-1.2076535283159644,-0.6762586047592969
TCGA-BH-A204-01,-9.4788928609485,-9.043114170829131,-5.703776304484862,0.45094598074272213,-3.5618120405088964,0.674597591142895,0.4681997003726459,-2.5608301308488888,0.033336932659914706,1.816658403522206,1.0423823022256093,-0.25024047435223273,-0.4017081379656321,2.326232298994365,-0.7341853893493011,-0.5331458624017047,-2.122893907958553,-0.8995087304663736,0.5986479282891418,1.139903144249848
TCGA-A2-A0EN-01,-3.7208670421714296,4.305690228042933,-2.066896532670586,-2.6732222914023605,1.782978201884807,0.4599661934927767,-0.5426036811723768,-1.2517309710603353,-1.4350036104575565,0.632935400552934,-1.3501682846595933,-0.6417783487865144,0.41576032544060404,-0.9413024193232493,-0.24569186768430246,-0.20101787415273173,-0.34005557031136247,-0.3428768735531281,-0.5402913815881321,1.1949314132260553
TCGA-B6-A40B-01,-2.1461831847917905,2.9987139780870034,3.7223191281838863,2.213571059609198,0.1635605489384049,-2.791370779880433,-0.8826448954290897,0.9277817554744983,0.8299849663918921,-0.7403250581869111,-1.7582326885419055,1.0545499543588657,0.9319591698626724,-1.5715857323407307,-0.9400830886067248,1.0418479266757794,-1.8689487840145635,1.1942293750192403,0.278020739230589,-1.0019529055188208
TCGA-A8-A094-01,0.9250823914959092,-2.557864222702252,2.390289026759474,1.8319050409474655,6.887328437848346,-3.185813950611836,-0.7016391244362433,-1.8482493166783136,-0.0532153826409953,-0.9434061598677996,3.489692963968616,-0.6222259069819362,-2.2769311753101165,-1.3784753430461671,0.5679079641398526,-1.4164965602381752,1.360998474053248,-0.30953971959225735,-0.9177523933745643,-0.14319844259342074
TCGA-A2-A0D1-01,-2.339584662889037,-7.025012795901022,10.2281174585961,-7.468298035793093,4.355589740789554,4.080787376689809,0.8017059453293167,-4.9296262576745935,-3.088216723316794,-1.1807472824720673,-2.722360600229532,0.8560457054129988,-3.4523601748120027,5.3066938047688295,0.7518862990168148,0.166298268869432,-1.782052725528071,-1.001121558355575,-3.9548203994722604,-0.7165024132759861
TCGA-PL-A8LV-01,13.954619534545278,1.896775182435652,1.1332597393300388,2.6732896902351304,0.5919411889068931,-0.43750497515145326,-2.350011417165572,-2.609419573950874,-0.8950604920073967,-0.7757598296428216,2.955239727328902,-2.283673283898995,-0.6432420560797399,-0.022824645909776613,-1.6815944149099136,1.3766974015526323,-1.2460042533404567,-0.9663896215282216,0.056718647882816824,-0.5691646515932469
TCGA-AN-A0FD-01,-1.576502061968175,2.0373025392892874,-0.5721593861599695,2.6872723020787084,0.4211483844281362,-0.7504161629420159,-1.4020077178258075,0.5094003694280741,1.27670545153884,-0.4134503884576315,0.7916094433059988,-0.26438927221351566,0.27702951844794577,1.690241931389528,-0.8192114668924149,1.1525464988538932,-0.03742611703704857,0.14386777363111983,-0.7032970309182428,-0.29402882580654477
TCGA-A7-A0CD-01,-8.978742705345534,-0.5463014706406163,2.2369679444142263,-0.1348265631276102,0.0689864440661989,1.5766730766470292,-0.9265151601519723,2.554527086215248,1.4777191856287941,-4.600924146102174,0.8874562377821636,-0.7774977643823737,1.043268426114826,-1.7013951722340892,0.11559225380535368,1.2485798290468837,-1.0174866599821053,-0.8138033968259691,0.8840504165156273,0.06304979205503448
TCGA-A1-A0SD-01,0.3042368333050104,7.696397029716888,3.334003164683203,0.857409636999103,1.677723228548208,-0.1437954017041901,1.6040411777445913,0.32977843647430327,1.5320079563819644,-0.9115148319442252,1.3352070798572506,0.0314794621282824,0.14691024663440783,-0.03920564078221393,1.37371086318429,-0.5844725471458784,-0.8111643914554161,1.1836701896300308,-0.47456082733770527,0.7878526573435508
TCGA-BH-A0BJ-01,-1.81771401600499,5.855691436165482,-1.3854641304377495,0.3697396035581031,-0.10413750387183689,2.819770459411232,0.26134207244212004,0.189915212753653,-1.1100867698526697,1.2036228026683315,-0.08912674095971901,0.19365619255703045,-1.0584810171132484,-1.5718996800162557,-0.12343554305733727,0.5117109261694166,0.4089299415053992,0.8940251931180062,0.05918750405073947,-0.1797066624033635
TCGA-A8-A08J-01,-3.4704211080607714,-2.7104863163596917,11.263139577187307,-0.6551866690095756,-0.8529067506520849,-1.289558054661062,-0.46525480889795856,-1.3630079380923426,0.4866403022570963,0.33426045941071164,-0.318407787062867,0.44691417647929793,-1.6118269815407862,-0.1993347992257186,0.6793014945985606,-0.16414254859505317,0.35262807713717975,-0.7898003986489787,0.18489624108906758,-0.07970195911531375
TCGA-E2-A1IN-01,-3.710641222260275,2.85880625376967,-0.3346861722471251,1.298255623824802,1.718300551546978,-1.198924251768667,-1.5992674013396295,1.183640057211805,1.8693678948392785,-1.095411523075361,-0.12537255812698733,-0.13715391820880724,-2.0059897836547376,0.31178960075582385,-0.9351318077663286,0.721398628363836,0.02926329328548625,-0.6249677335714423,0.07221019223497938,-0.7041016772023888
TCGA-BH-A0BD-01,2.2393453768049327,-1.1942404005669833,-0.5835701395190565,4.478801063763739,-0.1079925956212354,1.6198735975283929,0.14243871721889426,1.980774225387445,1.5392067488107228,2.550364010291862,-2.057360302921579,0.5387117424113909,-0.44537639443913785,-0.13021062638914302,-1.0785488668630063,-0.642943520011489,-0.5461374356986852,0.05243228329849144,0.4296130645110682,-0.4106456005451105
TCGA-BH-A18U-01,-4.930765836229395,-8.35488968315758,7.4628237264641175,0.3787409665555838,-2.5082809075474004,5.2140870794216205,-0.8546363057007027,-1.8032635508518804,0.19246597873509014,0.8807780482894423,-2.2820923601762417,-0.6312913818486882,-2.904824632240132,-0.5394085578343343,-0.25470926646517833,-0.9478681631344402,-1.5870265657113791,-0.30886071087436584,1.7731593319298076,-1.17700761029516
TCGA-A1-A0SM-01,-2.146482015773575,-1.6294272767764744,10.60905943712924,-1.0067760752146342,-2.7570830245880926,1.493053060380776,-0.7432864727650756,-1.596854694240478,-0.14769787563099193,1.0428165227440944,-0.01239399694237089,-0.16494617355010274,0.12700399886036245,-0.5885685735223679,0.414187600055763,0.3942707377127602,0.7060496836382952,-0.9549032170284518,0.395219899094244,0.6009338342830439
TCGA-A8-A09I-01,-3.4857867626891377,-7.163077415392465,8.426269153945714,2.024937887533053,-3.296530842024849,0.14294217814724516,-0.47761271299622327,-2.693224817010226,-0.8888176098887847,0.3744032679839675,1.668218744965547,-0.3642351747907974,-1.1137571792180316,-1.8950068815061376,0.869974576125728,-0.5979267265556722,0.200957615262209,0.7339924850877891,-0.45684209296003825,0.9973987783770251
TCGA-D8-A1JF-01,-5.767358689355751,-4.903190515708168,-0.8700101713837244,-6.439204305034233,6.70963782632469,3.439972436418736,-0.6858011922302909,-3.40033027135088,-2.056673062445723,-0.7153310200409396,-1.02387504143521,1.8622536128296638,-0.6114085024074137,-1.6596462022332559,-0.5823916637113629,0.3681172085385522,-0.30219665246854144,0.09339162869458356,-1.6707119510609216,0.7722491657556422
TCGA-E9-A5UP-01,-15.180307087457484,-0.6251196021224696,0.3069870542694852,-7.26731602183706,-4.5697137249580475,-3.293514697660354,-4.686793897376122,3.0472792040840204,4.917737974090813,-0.2437338579001159,2.417222941520639,0.9516798904733644,0.8981650158881056,1.1266091312044626,1.1128861886446113,-0.10187682116276556,-1.2105886031837951,-0.7759608014278666,-1.1829552647671173,1.5463467616727655
TCGA-E2-A1IH-01,-7.581239641214709,-4.81971100711691,-3.5246443954726634,-2.2952043233559047,0.26163265358192683,0.5975483654637382,4.311454867959741,1.3740880207690611,2.4541489653843387,0.23087048075159358,1.16100782332173,-0.27474885453379727,-0.27792319677387706,-1.2186534162625144,-1.151241567289434,0.10674142644736555,-0.17753778333898437,0.5700653121207357,-0.7732030083287625,-0.07027850604212015
TCGA-PE-A5DD-01,-7.532953853591884,-2.446779656035376,-2.9216495990808813,-0.8684879535963185,0.6879410842308151,-1.428743980112662,2.2213126136453725,0.04144543612250368,-1.1870003993958742,2.454251371005257,-1.8742216966449048,-2.0420556094702595,0.009577449575850902,0.05123312070051399,-2.3115700231280334,-0.1806578544425869,-0.4945958493530266,1.1014814224656388,1.654244220332031,-0.43418665067301737
TCGA-AO-A03N-01,-3.849587606144747,-3.9780365461863254,0.1211682174984294,0.6033537948173155,5.312151989479512,-3.5486960620967234,-1.165185121933203,-1.4844179129598578,-1.7165095994048905,3.725945403243453,1.7951629437918233,-0.5124880970331167,-2.3472358362145584,1.1783359528578266,0.18033474114198425,-1.6523676237125344,0.021022734652885445,-0.23324511894998648,0.12074920668180887,0.281556345522758
TCGA-AR-A1AH-01,17.679194214278972,-6.345579367960275,-3.1285209828272857,-3.0381493875153804,-5.035997101007169,-0.9542711974401109,0.023955430275478088,-0.9440015422361108,-0.45760416215227917,0.8313528932448935,-2.732222210147252,-1.151105921896403,-0.2084402260534256,-1.775968576411891,1.6545880077280612,-1.1519340695780123,1.5260575191124868,-0.5087343641187573,-0.6088846317283844,-0.15828887436801803
TCGA-AO-A0JI-01,-4.63789833249618,2.214196869703819,-1.2293683418661474,2.954498718531728,-1.9590493409657337,0.8705431902974308,0.6331152361852266,-3.7035521349767513,0.7412007662665696,-1.7976815669586428,3.608827801083196,-0.2998211685077238,0.5553518714878061,-0.27360441658983786,-0.1837969286796999,0.688470286468444,-0.7945657554209475,0.7585603499277789,-0.10761029082003501,1.5246123311777375
TCGA-OL-A97C-01,2.1833606365407014,3.5188583870627457,-0.6753678451579047,0.22073005101751886,2.3981257006225953,1.317918243644116,-0.25012633209229895,-0.6030240767440639,0.02010600012605784,-1.4676650764462518,-2.4717819647106003,-0.23907641106993688,1.0161153438815949,1.3742965300101957,1.1252054119552575,0.044118399476464745,-1.540441956193109,-2.3256049861565953,-0.5701778356817268,0.1405608212853532
TCGA-AR-A250-01,-1.5807603178538492,-2.128037687243584,6.907720367631614,1.9740169744315663,-0.8242094218329296,-0.6597187336566511,1.2738526026095491,-2.2883599957961036,0.6551806081242914,0.6296530142069303,0.20374893047331455,-0.6225250147287505,-1.1345512104863589,-0.8912357366070851,0.7173108752187097,-1.5568405578382778,0.2078578620767121,0.10245281618146244,-1.5952568882012645,0.5606409315098245
TCGA-BH-A0HQ-01,-0.4020613833314478,7.5482397273750585,2.9564522374914253,0.05941307044414871,1.906442438495,-0.32571119549923244,2.022417517894983,0.6596886829681466,1.3759041800462228,-0.0062945104834944,-0.9507851073608039,-0.6957410321093604,-2.089343521861846,-0.09471462782106661,-0.49641972624230474,-0.779488353157079,-0.23019641460077547,-1.4550399083145542,-0.38139732099030177,-0.610622573922719
TCGA-JL-A3YW-01,5.4933496525500916,-0.06767194123637495,2.833832302967307,-0.8682042810918,2.474547206235138,1.5551076060305515,-6.458431764648221,-1.8430352774293712,2.350510931451132,2.2033517425496933,-1.814925956189812,0.816489282463156,3.104474293095569,0.5534237550098337,-2.2348211719045215,1.928791691516056,0.15222016642124167,0.8670529937084589,-0.22867698211543047,-0.5610768731397392
TCGA-AC-A3YI-01,3.48113161356447,11.284646373649739,2.2713187106409096,-3.859188239592788,-0.09750072882009456,-0.42532058581273924,-0.3994056971448988,0.4454647031868957,2.06790197530747,-0.7081140577335296,-0.734847933103488,0.4406223757301213,1.5116875369339704,0.5290622646192933,-0.22229207890928718,0.8514920208963113,-0.848958985091519,-0.6039876793770386,0.1326802276259174,0.4574013286943612
TCGA-C8-A12U-01,-4.800569995910331,-8.178214805072773,-0.8150878045196569,4.952728432389911,0.919305207404716,-3.0720444016669646,0.9712471399615988,-2.553782393199011,-1.787582626017698,1.8083021380906488,0.4425255418744218,0.7983744837988813,0.4936843321312903,0.6810740986596916,2.409379305953983,-0.039072145436231394,-0.732422405591222,-0.1075118192409948,-0.9658530731943135,0.6457698552541505
TCGA-AO-A0JL-01,9.995508734288507,-6.587469993257393,0.9067141236960129,-4.826498530490919,-3.992735819788318,-0.4030285678775331,3.8054431568309015,4.623307154084426,-0.12441240160775953,-0.2127181547451369,-1.8702709645349052,-2.4899209358654764,-0.043762568179182934,-0.9351748438668949,-0.21413384269793223,-2.851480836070742,-0.6588961762409268,-0.9669327547232243,-1.6063171409432668,1.3388175303020546
TCGA-AO-A0JF-01,-3.14739049335953,6.030536936703158,-2.028030851902687,0.7622572501140082,2.5290926259527473,1.042766121087468,0.6944343284397368,-4.152799690729727,-0.007446704593906337,0.1344832748755133,0.208066424400064,0.9138331172264418,-1.382414249987105,-0.8972907162110703,-0.10556944110280123,-0.4741492229371122,0.736053694444406,1.4834943690337563,0.5515385295800506,-0.45878735379928315
TCGA-EW-A1P6-01,-4.043323154370677,1.1052193626141649,0.197750944761644,1.6802079227809807,1.9395699630516876,-1.5132936999179705,0.44457956861951176,0.8817594211023494,0.8382115639339659,-1.8523999847087564,-1.491255261588907,-0.3286669216677347,-1.5333326485785197,0.48801087558134826,-0.56034971582909,-0.14678677098167606,0.0027491354561958404,-1.1324781702123512,0.965174571729008,-0.1954104644536737
TCGA-A2-A3XZ-01,3.9650656140053053,-1.032896245842698,12.196941110851279,-2.776412410558058,-3.9237530323452945,0.7853504410349228,-0.4634871473184168,-1.9703405002564365,-1.9605427296872853,1.743535079968607,-1.4517458900101428,0.5058558873580211,1.3868048783145814,0.8484359163688504,0.030657518623168754,1.5096521572943533,2.4058064520586897,-1.3177931181683664,1.1565864146650464,0.06433065674648016
TCGA-BH-A0C1-01,-3.1050389978773403,-0.7140389106429408,-0.05134012296254083,1.1913634854350097,1.0206056512745247,1.165937965650482,1.8129926923782942,-0.648455908633357,0.8979721393464899,-0.41402735049285555,-1.2446598191623357,-0.2796094750230079,-1.0131654830932895,-0.060682732122192246,-1.424489835766048,-1.0414946259304132,-0.4458133048829559,-0.09736306817993849,0.47532136543197556,-0.5106865181981391
TCGA-BH-A0AV-01,14.918372216810939,-2.723588596348009,-1.594743218805743,-3.60525550036618,-0.7097728536493262,2.7356198372465728,-2.7982677805385574,0.6756978342979323,0.008805014099996272,-0.6743000988209354,0.8039589350374596,-2.677154927440504,-1.639169240790658,1.5903048688771473,0.4842426018268581,-0.22177396505365427,1.4372699075613602,0.37055598914208854,0.586837250689419,-0.08758414499614627
TCGA-D8-A1JD-01,-1.7787304740290464,-1.783921309981467,0.4905930187359558,4.403844998437915,2.655111978539178,0.09515135189114272,-1.1251901013005452,-0.7047791178897144,0.31931614538703934,-1.1073355150767825,-0.645010000201971,-0.22602886387756788,-2.1322386065849845,0.06369555915518878,0.5635019628654786,0.10550451231298692,-0.6284920064408329,0.6135116802078143,-0.6283754464354417,0.7060984598043325
TCGA-A2-A4RW-01,-0.9341911168856286,4.152071473189335,0.41944951701715916,-0.16103152456979275,1.07565153375635,-1.6292802623281524,4.574147758935061,-0.7983460464613459,3.476699480130828,1.1357019755474682,0.038619489465976015,-1.1841760643879145,-1.1264719628399744,-0.15616374712094291,-1.4388666392652811,0.5229214955363004,-0.4848398740685807,0.5436776999536012,-1.011053450769981,-0.9949996473389351
TCGA-AC-A2FO-01,-2.360078930341698,7.944346658722309,-0.05841962282492556,-1.481424783587127,-0.28128690092128034,0.9397375841725036,0.7018470589877183,0.046986440508657724,-0.14442726556542793,-1.3981265933193985,0.38893879966992184,0.18143908426146327,0.9831416510385219,-0.6763029134492289,1.1509541820409195,-0.33248756299057836,-0.5037485595956727,0.2099262571014767,-0.4717428562764491,2.3652139978063462
TCGA-AR-A2LN-01,-2.0174008879588947,13.48631846840273,-0.661128015770207,-5.909421797456061,0.2860264232542651,1.1593934488562994,1.0228291639396707,-0.6626992044975937,0.19954085882014339,-0.68638709910477,1.1092069050852789,1.6907311246111305,0.4749144037947798,1.8130968357832709,-0.051163421488921904,-0.11892368314514713,-0.16356776186725644,0.05119345693492874,0.9997219416700531,-0.6382153028905885
TCGA-E2-A1BD-01,-2.744574527081248,4.185951510103725,0.022384768739253824,3.3135970998887205,-1.493620738159323,-0.2612105494785916,-1.420415306408456,1.2413970436354822,-1.832871865004463,1.1029057640123603,-1.206914559142753,-0.18395613948379158,-0.6829904252021111,-0.7948846694977699,-0.4675718057937789,-0.5527837236948632,-0.6869726619970957,-0.35299218694095386,0.4791265401528474,-0.7382046174720912
TCGA-S3-AA14-01,-1.6900806610363348,2.939143036194746,8.704967544445477,-1.5671876466725871,1.6816378073500253,1.278425273137944,2.4185536783400994,-0.37091950221619696,0.7146522261594327,-3.3141385963271945,-1.786393264300196,-1.3886379294810096,-0.786226817874055,-1.1826197982256041,0.009678331224714388,0.23175961358001398,-0.08294121575487275,-0.0014406725979916957,-0.23328178612784575,0.27643650368873746
TCGA-A8-A07L-01,-4.161701583575404,-6.956635705644404,-0.42264261087630783,4.959472835944068,1.411498261614903,-0.22876824163529294,1.7162814333761578,-0.8341537218653434,1.970530121454179,1.589172885521031,0.8936033468752931,-0.5051908758719321,-0.6542746499572313,-0.364000719004181,0.400408819517706,0.34867136942509386,-1.002877060990118,0.9751691071787876,0.9615860280834565,-0.19915267722817329
TCGA-LL-A5YN-01,0.5907483423129182,2.0597404598787863,4.2376657528389865,1.205490725337611,-1.3669156792048776,-4.648263618233889,-0.7723642817071288,1.2609448955395979,-0.968456148723465,0.7442334834114185,0.038324395144797095,0.4437413599208817,-0.01077741350493832,0.6854492034544132,-0.524722657288338,-0.18565710952439618,0.6050169646323779,0.6438848847991332,-0.7609021191989305,0.2480452143265717
TCGA-AR-A24R-01,-4.0970352915279475,-1.1813885966871922,-2.5933222381569734,4.537460874577551,-1.5201384348220257,0.3650226829688043,-0.2684944446947229,-2.7635507765297156,0.49549490893172693,0.23476530266371518,-1.3787843133008892,-1.534202804898885,0.6373871207153023,-1.1750718101549913,0.18188616528865256,-0.2756356932533347,1.2140128028098254,0.07201339104246333,-0.48410526809459126,0.1326659885950685
TCGA-BH-A0DH-01,-2.7555765618359755,4.37903420870337,2.633652397869708,1.8714490565876873,3.5375282647816424,-0.5525844183347489,-1.4946205515108946,2.334271431739443,-1.2038938400778205,1.1157161614456452,0.7170258160359737,0.688672288468049,-0.7089740811970394,-1.701956150443836,2.329529258256114,0.8301144792539564,0.4420041459580388,-0.3188707843510814,0.9003424942405744,0.4516278226155042
TCGA-D8-A1XT-01,-1.9907629734404741,-9.086981650104427,7.56250045357955,-10.0445365122372,0.261768213728756,6.939335848600408,-0.8911230659863306,1.397128807615444,1.4527841629895732,0.952016793316589,-0.15952679625837932,-2.8602800691803796,1.4078621671559417,-0.2586108143186023,0.24253674284613957,-1.355920585951987,2.19421943568491,2.1026758353991633,-0.015713163235108654,-0.3578203338125362
TCGA-EW-A1IY-01,-0.270352016378672,0.26986603413000465,-2.910525281147273,3.791894973401989,2.6062698545586405,3.9453107060636903,-1.723840199543426,0.5306769692283142,-0.8377093651549201,-0.27952283744930195,2.5846242701440745,0.971584673624934,-1.5801708340072644,-0.703429858160144,0.14083346077564377,-1.6486063964099273,0.1652413942916103,1.035830813103637,-1.0969784526369624,0.8323982697880982
TCGA-A7-A4SE-01,16.764152683023188,1.6521310908775122,1.40358469796478,2.6436588873299645,-0.07762892818445824,-2.8310332510129146,-2.2266089098983572,-2.0412162740055058,0.9784804163121167,0.4494548108540976,-2.1865159694964533,-1.2195251650516155,0.2920907167073298,1.6837117540972042,-0.1565327261929174,-0.6148481834561701,-0.7523187414052972,-0.7968776209049249,-0.035676259462214845,-1.5087196775416665
TCGA-A2-A1FW-01,-2.002991986949567,-0.40058611332268007,-0.5467411735916998,3.0487051293568492,3.6495738660967985,0.5471328209619738,2.1579908780904953,-0.8036976851689172,0.02997999154645435,-0.9857542272160635,2.6473057192012037,0.4078121020965354,1.4583059954413267,0.7700954603833888,0.18618111528753248,0.10150958094028853,-0.1774256718863179,-0.4122159123654998,0.41200396960860575,0.49074051496513255
TCGA-E2-A155-01,-9.966746010358758,-10.486330164953635,-0.23246100434662104,-2.0258889553361605,-1.2736511695166322,1.8461441095518547,2.5719238314581565,3.0358147402277447,0.8574005411074892,0.33800548714720297,0.9405327967526106,0.6553066012728144,2.0350816527556375,0.7431446828129484,1.9917685900148905,-0.04142195788103953,-2.5406290715240223,1.3198865883399173,-1.085826929855094,0.5521812675747121
TCGA-B6-A3ZX-01,12.836821799456114,1.5181591403541714,-2.9785701232013837,-0.09391782789763684,-0.33233241525798835,-1.3625648949093419,0.57508186135728,-1.954530617778368,-1.3545910485625303,-1.581974440322693,-0.5582732085406736,0.6899156134313194,-0.13547571959823287,0.0525959324248529,-0.853872237614879,1.0052341141577161,2.117251427335369,-0.4947820942348696,0.9363897760351865,0.7177296541881206
TCGA-EW-A1PB-01,14.500125164032383,-3.985145757796445,-2.39156989726415,0.286063878286799,0.7190970477153624,-3.632088917151604,-1.4472121855640268,-4.154936104773277,2.8354677426430692,2.17126454679235,-1.4205885364597697,4.709538158638608,2.938382324662194,-2.7382820732418574,-0.37942979466792254,-0.105949285457065,-1.937982754217781,1.1721634202815192,0.23827579682780656,-1.1957612226368306
TCGA-A7-A425-01,1.0466201561027058,5.766161018539353,1.3122555348850322,3.5825452911552156,-0.826377562645412,-1.337755771430407,0.26930044986106205,0.8602956179498824,-1.549131832896783,1.182481714913423,-1.535348782460256,-1.0265579910016702,1.3868623924137442,-0.5253493197017296,0.012166472059146624,-0.6967971540589049,-0.2787972013838,0.4717217758334721,0.5218229616338054,-0.5408152872118682
TCGA-LL-A9Q3-01,-5.422569519362937,4.241286059056501,1.7240177323005732,-0.46455567183157553,1.3401162864907863,-7.092040839198178,0.577616461790929,-0.03905867141603232,0.09057222030734347,-1.1443016045956373,0.03145470798797549,-0.37807732020517015,0.9080800380132666,-0.535458906614331,0.4583881406902762,0.064639054446598,0.11205018132450413,1.9309831700301632,-1.7110664862791751,1.4772673540915635
TCGA-AN-A0FJ-01,18.006352888314005,-1.7241567612057063,-2.922553694656216,-0.642831947391445,1.238977713857553,1.2335439956043486,-2.4930675674371585,-1.581264163913925,1.149445815563526,-2.38581749855346,2.5391630106613485,3.7540874437450498,-2.2046159570246164,1.3978640623443617,2.2053172663278233,1.0962625324977717,1.6912261874148309,2.3431806199231247,0.46451050465665805,-0.5882916673203871
TCGA-AN-A03Y-01,-5.69016063633331,-5.218603127699829,-2.5873723994215085,3.2019120686158526,-1.7262298025980896,-1.9336860446314628,0.9512472576356229,-0.269832248919916,-0.9994554011348071,-2.0656971446178436,-4.02162895099583,1.3098300174440967,-1.4577333418395084,1.5091983633979944,-0.2721684442430638,-1.3577641467775632,1.2271656521345575,-0.8261864695087071,1.4057325581951632,-0.896112318671638
TCGA-E2-A15M-01,0.3887134588493395,-1.4385877510273581,-1.4560463967721071,2.6864659497967094,-1.2284514507376645,3.2007900885512353,0.956069214159951,-1.4706938434787122,-1.7868126481850515,-0.07019110812140976,0.5887612203297159,0.4640243152735084,-1.2718830571587625,-0.8236229346989674,-2.149532739100002,-0.8835174064297389,0.13267163181075944,-0.8427488458155507,0.023081026197026767,-1.0521295979137937
TCGA-OL-A66J-01,-3.0709885931318155,7.049870336290751,0.7348835146380998,-0.966582435241206,-3.5721857155634127,-1.200219476396127,0.37361227267788355,-0.525835833326804,0.43380176029933315,-1.3405299542545888,1.1699632217864682,-0.5425082653713104,2.1932528842967343,0.2927363224431279,1.0518538028470004,0.9278699903212436,-0.1463056853134207,2.6792464889103105,-0.6676256683665626,0.5344630287080984
TCGA-AN-A04D-01,12.706110813960347,-8.81921308004299,-4.321818233876024,-2.1920538849596705,-3.4710191140677793,-1.1052353402209494,0.9871394452085405,-0.18742830421499804,-3.80821865668853,-2.3360217618265304,-3.198729284474305,-1.0167556958156643,0.7000011274834136,-1.8952160894574592,1.005502361021126,-0.8115963475103755,2.6670753766822,-2.22245354406225,-2.596496653751984,0.833464428170476
TCGA-A8-A08I-01,-2.9468195289833243,-4.063205273477889,-3.3867041593915266,2.71307860868882,0.7329523425052887,-0.09031026224341442,1.725007568611884,0.20594590445439523,0.10043660618573208,-0.9510836337246357,-0.8546066923515808,1.3397349623855679,-0.7673309079591266,1.486517387655746,2.4198076228061636,-0.5740154809820949,-0.7783322691845037,-0.8644284663080949,-0.5848656339075564,-1.1060550741112325
TCGA-B6-A40C-01,-1.81600757329189,-0.11016149466698857,2.39749810807658,1.790581225331764,1.0969019272031024,-1.7562362102837037,-1.1996034323070295,0.9333747350956678,-0.3823411479530454,-1.1967043771777122,-0.7226867958434274,-1.0008514974484677,-0.9969504136652754,-0.40698523533912573,-1.6917565421520324,0.1448701660863698,-0.274924082449088,0.36571828061285566,0.3340793673134663,-0.9958764115084932
TCGA-A8-A08F-01,-6.773022377667345,-11.38289159124716,-3.053753126290107,1.0394493157013562,-1.5309926583671298,1.2135937770690086,2.0620017779241975,0.21874394559917623,2.1948646519559087,3.192734535127622,-0.5644232918904737,-0.3585816604763811,0.6571203166602309,1.208218431161916,0.6266812606756749,0.732360266916661,-0.22713322238069808,-0.3529390808163017,-0.29084911803467783,0.4216809733727796
TCGA-BH-A0B3-01,17.512104290614428,-1.2344807461126412,0.3891577366674048,3.446639425843027,0.5424099449286076,0.693957554423993,-1.4902250295154105,-0.16128645854510468,0.2774116914906983,1.2118436662735597,-0.8646466439919894,-1.1195867516037263,-0.6948827996388118,-0.5538582465795944,-0.1789597112403756,0.0011726998894107394,0.7732630057216455,0.4551825755258024,0.3111855993946061,-0.6999717565589549
TCGA-AO-A12G-01,-1.3882168348630435,2.8175306161965232,1.4020590359866059,0.26503782814490323,2.0316954082441416,-1.9790250779900784,2.215529713420097,-0.32238523095940874,0.34628233218107174,-0.31491671482175637,-0.7709865330974179,0.10738220082165773,-1.2299368161660795,0.037099278941370495,-0.05559646540744205,-0.3247042788954428,-0.016700226412208363,0.40718339264936787,0.1931021378850984,-0.27839455293027543
TCGA-AQ-A04J-01,14.060218783196296,-1.1965429607753053,-2.65238646997967,-1.1451789660530975,-1.4584958064426343,1.1990720189158444,0.6452420926290736,1.8022011874257753,0.24262909001782393,0.30676123277427403,0.09036921889095055,-0.7191218627101228,0.23584187682775964,0.8227577457440907,0.7694539220974717,-1.6884785938476046,1.0410309905119088,-0.47237705118470685,-0.09447484291906691,-0.11448631576917674
TCGA-C8-A1HM-01,-4.354457216598225,-11.619408615026348,-1.2844734747370996,1.981479117283576,0.022339025875450925,-0.9169141188357576,-2.0641690889248747,3.0047284502226774,1.549528992419303,2.3408851355317637,3.225751147793152,0.6511363572620099,-0.43680757442454593,1.2583754249069334,0.2863815751919685,-1.4625341566202887,0.8032515388617876,-1.1420036748421676,2.0394823836917517,-0.09497405886133196
TCGA-A2-A3XX-01,15.007373115181904,-3.8251915056397174,0.7775778508162406,-2.5538253807303146,-3.480759274454357,-1.309819125388413,2.105072497426224,3.3570012724724556,1.9460112372235547,-0.8545518077729338,-1.0070939491538362,-2.4139446198034666,-0.028684443699379922,0.24260834256748579,-0.5579193930339966,-1.2200369102579283,-0.4288925729354009,1.0283034799164499,-0.37880418413047,0.1866799186805819
TCGA-EW-A1P1-01,6.742299919182268,7.319251596596954,-0.9813102724155768,-1.5542987532154457,1.2633603693437772,1.4782645494183924,-1.3202071595533325,0.13933893057069627,0.5516351914704121,-1.2009119790883,-0.523405604459931,-0.5084508370369493,1.0331867062062101,0.762225311227372,-0.5569591306830063,-0.8709054933480127,0.7899728690533454,-0.41821522834048863,0.5044712146910239,1.3313185037967301
TCGA-A2-A0YM-01,17.643812125649305,-4.641069387633146,0.15958907943325004,0.1991661338389474,-0.8532074467538775,0.02152183520515779,-0.872661312839984,0.11048193202248871,0.6083346820354736,-0.3750721900284304,-1.048459042263953,1.5244363624650816,-0.44221731969410916,2.3059300330976367,0.15749068718921266,-0.03837817842465594,-0.9044744633114904,0.11030270759313879,-0.34352988582182375,-0.3265293822429843
TCGA-E9-A3X8-01,1.101215056522818,5.406547610125242,-0.038023938580957234,0.9999461319896186,-1.3020529961978209,-3.780346640683089,-1.0933314161160022,2.3073456919626785,-2.8074684218989914,-0.0021420108447793794,-0.8262832726570524,-0.5396240057828687,-0.3195049337983155,-0.8152551386037139,-0.8843453949877794,-1.2086101068975907,-0.6193091489533907,0.9813668688707766,-0.8878641523213217,-0.23376546276378016
TCGA-A8-A08Z-01,-4.888372525926469,-1.0931283332200985,-3.277512079724971,-1.304958172846382,0.1290123893646398,2.594704293170578,-3.482594786793569,0.6633601155987436,3.5678574230144298,-0.5398744919901032,-0.9340642586639499,-0.15968615113912926,-0.27928828012017504,0.06681576035641473,-1.7009147580960966,-0.009103794675413708,-0.09263250463981552,-0.5533094537684621,-0.23362814674879206,-0.5205841837231934
TCGA-D8-A27F-01,17.089587102349306,-3.9697916469365966,-2.62487346231867,0.022092187617911253,-2.4023204591111367,1.003874930152617,0.5593184956309163,-0.7691504162373093,-0.7539763962361486,0.2800351908186681,-1.2232967777318733,-0.8002086946437914,0.9668044841778888,1.19804769389664,0.2617073823840521,-2.3892454001693633,-0.25288989648453036,-1.2122515778598544,-1.6583214999345912,-0.6504277125336192
TCGA-AN-A041-01,-4.510840883436888,-0.42378518977199914,1.9184129209994427,-0.3283288870411671,-0.9429379168155623,0.22760437526494073,1.4480159538175297,-3.3055156282505784,1.9989486867015838,-0.7877052179010771,0.41613090417119863,-0.9643340784017908,0.5332821370914689,-0.35509343110630265,0.6234337908671109,-0.4544976300114009,-0.17427452847448507,1.0060803830099647,-1.7304799861797642,0.5802817032689922
TCGA-AR-A0U3-01,-2.528099327599885,-1.553395925131036,0.26620165329304857,5.65841684417281,2.282762473093281,-0.32112036252455856,1.7186462859647202,-0.1946326531166834,-0.713281178891603,0.7044961979042199,-0.17651248637107297,1.740523005650189,-0.2808045134858348,0.13907144536656516,2.1536206820081656,-0.9811058180479199,-0.2884168993448138,1.2612983425989888,0.7749962310857857,0.033833171018711236
TCGA-A2-A0CL-01,3.4126949567782274,-1.3895391757807378,-1.0615529615230948,0.9689292088423597,5.17505520564583,-0.5186743112814787,0.22047415944150656,-0.8155326709931005,0.5994665972322308,-0.1329632312479552,-0.5312045635232603,1.2069744344699735,0.1519983204331035,0.7712273990691261,0.2705050467055654,0.9699727533247764,0.7468232729004424,0.3065460078586665,-0.42205082793781334,0.8125961500167024
TCGA-LL-A5YP-01,14.457215929915565,-3.7716813415744177,-1.9409727608759426,-3.797208680887559,-0.4336763401053992,-3.177225160007048,-0.5493461009158853,2.6093014177044687,1.0271135379637912,0.1696699541251605,-0.6563496905301566,-2.979455991979585,-0.5796851530025179,1.5400677338753825,1.19914544893574,-0.6218244219049829,3.0782839576167356,0.9428325614342161,0.550306128684815,0.013190540978520716
TCGA-AC-A3EH-01,-2.4559438760525243,3.93027266806104,4.3536728518733945,-1.3101350280678126,1.4495027019255913,-3.311022869001653,0.010080239614831298,-0.4590570691559962,1.7724449689640056,0.35582555586837294,0.05269067971152013,-0.3647261332919554,-0.20150490892197584,-0.019990790222112663,-1.191640502943609,-0.27473231854162716,-0.10032645754060114,-1.1924295204577573,0.06203233476781295,0.502132405505064
TCGA-AN-A04C-01,0.7829930306725503,-4.542447879054351,11.43362135233378,-2.4164409043431196,-0.7516068782670718,-1.402763893594627,-0.5142019092820389,-3.010962406456306,-3.106470395826385,-1.0626239984751764,-0.18914299417274957,0.8736303636422421,0.18983334207613864,1.2368487105363573,-0.5759080500457139,-1.152944850551716,-1.3631139944481516,-0.43104986916258103,0.05500309314787807,0.21914329667571703
TCGA-E9-A1RC-01,-7.606431400133613,-3.287082871473827,-2.8934916964109823,0.12582589296511162,0.0811604533607465,2.8647966264168634,-1.5459481852487922,1.6196814311308139,3.242669006626807,-0.4140887622495361,-2.533913599113816,-0.18759994984265194,-0.08845340889252197,-0.2717677891320829,1.3729322253556748,-1.8794191586109876,-0.28391019525009714,-0.8263548350249784,-0.3759719940702161,0.04746093377959432
TCGA-AC-A2FK-01,1.9740453485066258,15.784983353065368,-0.540963514932062,-8.037744181096249,0.16375121173889196,2.902936213051947,0.6857409592393782,2.0422702232001413,-0.09919337248915806,-1.158022661188029,-0.8551927315198892,1.2218966600408863,1.557858456252052,0.30692698608038604,1.298028763408253,0.046176681231446165,0.2677887314708606,-1.6386149982770624,1.3100419535501033,0.013343415738931922
TCGA-D8-A1XB-01,-0.962165228680536,5.363387273324812,0.09647477954010847,1.8783443781357358,1.9310615002848648,1.1994350307510844,-0.6093900815884279,1.3857202159294584,2.0993708786610217,-1.0739045042293258,-2.315146335373827,-0.3636624546203107,-1.0673363370685711,-0.242028085936468,1.2644834769434656,-0.370438903273017,0.4600859904516665,-0.4084616429458066,-0.16965072367241277,-0.45488677748606254
TCGA-A2-A0D3-01,-9.645434085012022,8.491677408599212,-2.1593345963328723,-3.479206919549257,-1.402209461526457,-1.7368335468809097,0.06972791257489322,-0.520077774216283,3.443074686697894,-1.0964420250977411,2.1730933735314104,1.2957702723742466,-2.077678077222987,-1.0645511477407972,-1.6882444913789927,-1.836347351330026,-0.11264421635975962,0.14356005255158044,0.10332872976505393,0.3923823602542805
TCGA-E2-A152-01,-3.700367966441765,-2.2285171837277717,13.361101834330592,-5.737383438317672,-0.13295674230057675,-0.5303508939715267,-2.4546426255751506,-0.5558844034907391,0.7351415564013718,2.0071851778457663,-1.1348234862731292,1.16474076107153,-1.793924293911164,0.21895609789719347,1.5486672817625142,0.4677835441977565,-1.1316319550463656,-0.22067801315930002,-1.152026832568804,-2.041530500245572
TCGA-GM-A3NY-01,-1.8292932471967045,4.53284515416232,0.3004294700695531,2.4375979078870693,0.32392812829964174,-1.5404482547664267,-0.3678120745773459,1.0792665548019489,-3.3399482786799224,3.2336941628008344,0.3617328188615101,0.6908118092758003,0.9837629887253174,-0.8666923753434114,-1.1253185380389235,-1.465654439987919,-1.0750049074281738,-0.4083741315924572,-0.8031122573409697,0.4777261711363441
TCGA-AC-A2B8-01,-3.70628238791371,4.039508820394745,-2.0455971235053725,-1.4930298336986856,1.3685007793702542,2.046141843820009,0.09722728498804377,1.102350265171788,1.1245775491603471,0.061220563398971424,-0.9200561147913232,-0.24247232722270617,-0.5076433128173673,-0.47908393661046605,-0.30264229203066473,-0.10579719878093653,-0.15276674648735758,0.5806443471116403,0.729159584339299,-0.6915096791615161
TCGA-E2-A1B0-01,5.432406337073461,-2.962188554787409,11.490265782792969,-4.742424860808849,1.786175381243555,5.088312753435687,-0.029437012596992187,1.6036010833621066,0.41230515510626975,-2.300058695370786,-0.4554150205975403,0.7556022714291724,1.0993186102400672,-0.1554837783015083,-1.513907433740701,-1.1142316497706735,1.0402723763781188,1.4297284342215317,0.07624584690122874,0.6090413932587722
TCGA-BH-A1EU-01,-3.4159398929533,6.62968872917176,-6.6895137654090036,0.15517534698469584,-0.6680574860722849,3.5624657495409204,0.8342228597580499,-2.0056461679537683,-0.8448134720700651,1.2632699538094148,-0.09714134933199844,0.6644932864133404,-0.9684762832611922,-0.16241969711971904,-0.9210959091243441,-0.5292972573482867,-0.053095726749101645,-0.6131727376555925,0.9414436602159072,-1.0777357347786118
TCGA-AR-A1AK-01,2.2080356873631994,4.832269134499804,1.3496276730555936,2.244781924987235,0.023164088531016386,1.9021148586521677,-0.18582392687104485,-0.19180874673468135,0.6726891507363721,-1.4825002808467402,-0.5792711629477946,-0.8980054219972351,1.7681783044458572,-0.28516251053428576,0.9695366591107928,-0.695997986945504,0.6091410371459394,0.4436397411691841,0.6325133540186434,0.7798251209165806
TCGA-E9-A2JS-01,-0.8210208380216497,-3.502662540005993,1.745806999970662,4.1475470427914,-1.155261604755168,-2.556355044549571,2.876204157410301,-0.25498093790979104,1.8007361649313085,2.6036762065254484,-1.0643311699490106,-0.2615307722943595,-0.44381091282833973,0.5277299725826005,-0.12511833981143627,0.38259989478337225,0.9217057298214011,0.3428215237521424,-0.1572791814279339,1.5365249863862682
TCGA-GM-A5PV-01,-1.5990461977738821,11.191933971171382,0.8003492714629665,0.5550097595134194,-1.3540640445128271,-2.053700916531398,0.8209062532632413,0.7637184211336951,-1.252176104205663,0.491164026167863,0.6189577069593112,0.8093888244992047,0.24393464719528743,-0.1286626118372455,0.6478088480112656,0.3807325835213727,0.6398960339055486,0.04682155036473255,0.7134257155527167,0.14008784477929856
TCGA-AQ-A54O-01,-7.36371583934469,-0.8229343872306278,-3.9721304676345723,-0.12806179754193092,-2.658639483480898,-4.772443298963256,-3.718507263082149,0.3774566513674468,0.11554876783152808,2.62298890569552,0.4383319833854618,0.7325459952946806,-1.7852328530626156,-0.7118148173693393,-1.1284205605807807,-1.2460541247720107,1.023292965598859,-0.009844196374568251,-0.9217446882397556,0.39249879209230515
TCGA-AC-A6IX-01,-2.5212633353905294,2.9592275154864196,-0.2158234713281865,-0.03346866424610136,2.836240348446297,-1.5877887414203107,4.148471804976042,-1.0519024927070477,-0.19873581943003832,0.8259888603007178,0.0694731048688523,-1.3721151591508345,0.8619842143877975,-0.47098899070689565,0.4279464409362606,-0.05349534698054699,-0.4192532632821139,0.9070015468730669,-0.9107339574228449,-0.07212801457627945
TCGA-C8-A1HK-01,-3.162811466939285,-6.864155445525037,11.054458753836172,-5.918544465086723,0.5139764853014966,0.9124129358250098,2.6743579185947737,-3.721125407611359,-2.9345990613283797,1.1298210442805807,-0.5136465582965758,0.0290392523758198,0.42141857835512514,-0.21618347458534376,0.7175114837652666,-1.3343906219278894,0.2735780861114243,-1.4458235383027631,-0.7634461440106146,-1.5340068736194665
TCGA-AN-A0FL-01,8.528639981963368,-1.0277265981283081,-2.676719685408306,-6.68571105748867,1.4021812800977327,0.5471565608774204,2.9420587815277606,4.069422619916361,-6.070084998183581,2.788279253924022,2.4033499783161196,-1.9339172887722205,-0.8955321277332461,0.6084283057471219,-1.8701449527756624,1.0957920657427576,-1.9367002178663422,-0.8415839462169774,0.9286943125259861,-0.8774515554299634
TCGA-BH-A1FN-01,0.5724809723343258,-5.932603509059863,-1.7927349575336702,2.149664982028349,3.122162974559351,1.58083419103349,-1.1734052772027703,2.152930328248272,1.796749284245203,0.028974850180923103,-2.0860852762621707,0.711746499772649,-0.6671931061437127,1.8585271156920726,-0.5932385320146221,0.507693457432126,-0.7281873894140293,0.009539139905254656,0.043387890271949905,-0.20018746473624027
TCGA-A2-A25E-01,-2.9680588966905845,-2.568303317118426,-0.8231752642969001,5.007611579423463,-1.1146530697449266,0.26483436905460406,1.2126787923515168,-1.272293867714047,-0.06235905795009374,-1.0603163964881992,0.7506034427968269,-0.5683028353618407,0.04497820583400482,0.3619091899939028,0.47653440191512575,0.7160121421378911,0.9818477181228147,0.9718066336716523,0.3916976136034134,0.5328719797240948
TCGA-A2-A0YC-01,-8.07234274719625,-0.4222720130009076,-2.0893407510612385,1.622867304890789,-3.813023903628806,1.643748911842088,-0.42682429684212575,-1.8172210505674757,-0.36614884754030014,0.1863642395890965,-1.9440586744339023,-0.6811866114721321,-1.0311830161054596,-0.4166121159371189,0.02678838935509439,-0.12366595990936527,1.2147792557800194,0.4799216122537041,-0.11588224915327504,-0.1378819577366803
TCGA-A8-A09V-01,-7.795037082463643,0.7522385511596835,-2.1547487943317316,0.15286250726761685,-0.450451765898063,2.352671791497002,-0.043326899138502045,0.09155151085140477,-1.2270290392239074,-0.4798005313960197,-0.48269089442143626,0.3170847450946386,-1.2585032266106155,-0.30543599084371326,0.26166897824937213,-1.5199318747886157,-0.9049726635712501,-0.23149087357194814,-0.8046760889333473,-1.5134964565480908
TCGA-A2-A0CT-01,-0.5490873967216664,1.7713359413735805,5.617643262707445,2.7346381515983897,3.845392358119253,-3.1694617068020507,0.6325703559403164,-3.0773022427267165,1.3885049507977922,-1.8006553389099635,3.42760854437339,1.1491047760061732,1.1048794266577673,-1.4585385023700577,0.3786061447022723,-1.1991345986409514,0.6491276947933772,1.7616749403495235,2.241337030929365,-0.5185226711322174
TCGA-E9-A22E-01,-6.1531204922560105,-4.794897005036388,-8.971742538161301,-1.1729047276585873,2.01715706348619,1.503364032149228,-2.134781633455153,-0.7422958803273111,-1.1525036281895464,2.523598870164454,-0.023733139130105756,-0.833182047685571,-1.07417449404307,-0.9875932290414586,-0.4286229672680091,0.7504614373308872,-0.1250152807331765,1.0426758159552445,-1.2434006718128718,-0.14585595898239045
TCGA-BH-A18Q-01,13.17679656054155,-0.050184536134129314,-0.8764932644287228,0.7664629897240961,-2.1330181949581624,1.7255191334282776,2.121235453383808,2.758454763937505,-0.6344402742611199,-2.640230768882773,-0.1721381150728722,0.4091838265613615,0.5003009554730785,1.0349377288059758,0.433617234527511,-1.3505651199990505,0.8775091947637788,-0.6151237635592709,-0.7123503780783561,-1.0545942899491991
TCGA-A2-A1FV-01,-2.9710967088369733,3.347688849964827,-1.1458701943679837,-0.5654314543118505,0.7771726333982565,0.13774098953438982,4.019700200375201,-0.9573496819907705,0.1442539131837462,-2.424717086530882,1.6990580865226463,0.836812973746501,0.4457957070817996,1.4956086674462432,-0.4919416989426554,-0.8415644447306025,-1.3777370098570643,0.5899760659199498,-1.0843065782284995,0.4432030558300936
TCGA-AO-A03L-01,1.0149947077726678,-0.6356800682160122,6.050176339300473,3.860200572296585,2.7298915263855714,-0.5244603366554295,2.064256192275677,-0.4593415099509714,-0.7507100518005668,-0.10566820450883918,0.7442852428272186,-1.1497268646922478,0.49748671660464,-0.7399636246238345,0.33570447793329916,0.09176761650585162,-0.2186364433690891,0.22436620154666675,1.7677892118732754,-0.7558777324539527
TCGA-B6-A0WV-01,-1.7684216098912433,-0.9722750212248513,-2.1391052730697115,6.105059467465252,0.432892350485513,0.3479545065812729,0.13684692172180146,0.07811892292148895,0.28825778352836595,2.520269559394197,-0.31755526575053056,0.7133296992679937,-0.6325812329015184,0.5067302371019702,0.6469708085812638,1.097215465237233,0.811147566058916,-0.8585946549811034,0.298590626608519,1.0840553206385046
TCGA-AN-A0XW-01,0.8003169223940761,0.03588464897894789,0.8726515398246094,4.084815757558624,3.583824753450317,-0.11394753794680401,-0.036199190620187616,0.5075879664553039,0.8834853741442978,1.1904050399054567,0.3835872487677605,-0.285977621379815,-2.072813721926374,-0.21844639857495962,-0.2018589934918453,-0.3377702401227885,-0.2034668685684676,0.05532258904823676,-0.5956478717520174,-0.46654323612716775
TCGA-AC-A23G-01,4.0929794391400405,8.859545586891006,-1.4914592323950346,0.7999101218964401,-2.0339086624837015,1.541846495194009,-1.5071242130037208,0.3048327122213306,0.5127461886810901,1.143869990327172,-1.4392710257610801,-1.054655564505343,-0.4175236688361159,0.3117261514376568,-1.4668805561567935,0.3132341099633316,-0.2514930655699836,-0.29852981531323697,0.8196307543597305,0.18411117957225692
TCGA-AC-A3QQ-01,-0.45909840537628116,0.5649807699552196,11.820632136064738,1.2707673783662623,-6.042515993547878,-4.822102612606488,1.5779769255473304,0.9661699973430528,-0.597387169609172,0.026432662528227648,-1.2058128049249452,-0.46374230140860245,-0.45090926437123513,-0.3582951727336521,-0.6673794239592952,-0.4404048062268226,-0.10121820528206135,1.4096208110195343,-0.5594822099578917,-0.5114431695827298
TCGA-EW-A1P8-01,14.738610946827167,-4.972101862361587,-2.4035336262806957,-0.9485943890592291,-0.03346379604970103,-0.6829373755002819,1.1814050123553825,0.30169350820698027,1.5163728968864532,1.3437643523838652,-0.6641626962146632,1.7674693257447975,-0.24643996282174863,-0.960367882327143,-2.0223787826273787,0.11995854517224372,-0.7626648084995795,0.5624831683355945,1.4875245216192883,-0.6983157812954299
TCGA-B6-A0I2-01,14.413681890413304,-2.6032456789394227,-3.3309709101457736,-0.6956732657671297,-1.2628953810730095,-0.7053774899255131,0.5741454284677247,-3.72189432436721,1.1127578378207812,0.7377148317218423,0.9990400790831413,5.037264756051639,-0.46331658808740256,-0.929614507504468,-1.0344230533354357,1.4500224420485535,1.040235000854347,0.39898607703175093,2.556015485747693,-1.6569361319733087
TCGA-A2-A0CX-01,1.9141522960161694,-2.993672471610646,9.987684128796072,-2.296299701944216,-1.7072424163779063,-0.9314031748093906,-0.9453991514616393,-0.8212934403255338,0.1268993036084054,1.036595992761177,-1.1811740506383253,2.022930090440391,-1.054724297222592,0.10923949669917216,0.7315096292241948,-1.750954340118012,0.9604057592274786,0.48545891748352593,-0.22272983425716883,0.5762054299122723
TCGA-B6-A0RI-01,-0.33428923457595233,0.4536338447765641,-0.039385529838134065,6.872841786503301,1.4471939251128314,0.04115134241901456,-2.6342148752889663,-0.17562221246304438,1.803003554780072,0.08941032816949675,-2.4240680822820306,0.04746721949132393,-1.0347311885138024,0.6588453532638037,0.8849748851997,0.3852721613159033,0.42317767706028947,-0.6499952587483795,-0.49097430080583004,-0.33607641596265053
TCGA-B6-A0WX-01,10.826073015319961,2.003449215967427,1.1262188751903244,-0.9590765989178968,-0.09355751580914727,1.2036734484373062,0.47724141155739597,1.7712154397957482,-1.20066784508784,1.7975837967124015,0.329385070216722,0.20555467045473366,0.1305604280916325,1.1078279804469338,-1.3671304182254123,-0.22066350100981033,0.8582631042925459,0.1720610207784867,-0.37520171527880986,0.1979218472105036
TCGA-BH-A42U-01,5.271318945354497,13.994929146355442,2.1793540947398737,-2.2446939035143307,-0.25032197124631295,-3.3911508985945082,-0.34691701217277887,0.8517658828407105,-0.7006919741628648,-0.4778998724165039,-0.4949632076247086,0.6619241243528213,1.10356827218455,1.798501540530629,-0.21434225447770652,0.2100109076234592,0.06377089141147294,0.27441203296796984,1.5835570102269576,0.7400525186293234
TCGA-A8-A09G-01,-3.8254272449819355,-5.23248844598904,8.142854500579109,-3.137126206672488,3.265909093592938,-1.7937147489890923,1.8505021971803153,-2.828246672918026,-3.1533194587714406,-0.8346663903058236,-0.2991467581336611,1.8363452226765242,-0.7021348384505756,-0.46742059885701415,0.7434039999605015,0.6104497280687236,0.28981048386364344,-2.0076647323778785,-0.8753038549292276,0.8821175085364534
TCGA-C8-A26W-01,-0.46975192340292227,-3.749487771131284,3.5522032794579546,2.920141877227979,-0.6040876018958106,1.947639648195569,1.0439011465455237,2.372205681239786,-0.722255051550747,0.6453500829434528,0.3831663317023835,0.5106770607779744,-0.5925575174851992,-1.1520113125553388,-0.8167736950150092,0.7542345405699851,-0.2724181369499139,-0.3777205664358644,0.9516938109522887,-0.9103238748684068
TCGA-AO-A03M-01,1.993706157502224,-0.8369397689453004,2.325823774406676,2.2327289001694863,1.0648114057057154,0.15160276774024256,2.4506699509590164,0.5355253814973844,0.4315086107153626,-0.8083941924428295,-2.2307076474405223,-1.0676961951368205,-0.10091815485802186,-0.6526014698677938,-0.38324357861210245,0.7538711767327432,2.5041186140113973,-0.17754648410792961,-0.39381123783371846,0.33346037974503784
TCGA-E2-A1LB-01,-7.82251761844747,-6.766147127336157,9.177098593912758,-11.216685763142266,0.7158297676256328,1.5308829836967857,-1.3328230759276636,-3.7434123040972973,-2.551552275337698,-0.10189502902212662,-3.164947877551647,-0.9340520780590138,-0.9150995619273039,1.1690310008256213,2.1146158473319354,-1.6263029233165371,0.3623747996889692,0.8556411556701197,-1.6779112869285038,0.7284939046667493
TCGA-BH-A0DX-01,-2.5757176360814262,0.33956261847312347,-2.7287035618453737,1.1075414584912302,3.8514751557081266,-0.40733868514286303,0.037018516852649126,-0.4272516411900305,-1.6348680028901024,0.3813988739004469,-0.7888322635870384,-0.06573223108005403,0.11956042638840149,-0.8687867969449693,-0.33863581163784146,-0.9534820618943153,-0.3584669935325594,-0.010645899010652582,-0.20921659600008247,0.9647795097101318
TCGA-AC-A6NO-01,-0.8516803302300848,2.9238726244887183,2.6712842290333114,3.0632426743865864,-0.18831813319429438,-1.3187036271313604,2.0566718224462632,1.2049833194302844,0.39231627787724527,-0.7451834681422765,-0.12908635956332723,-0.32604412679735495,-0.8735998576481868,0.18853926195494267,-0.5437464203813196,-1.3123670458344234,-0.5090160219986035,-0.03737644693572561,-0.6344980741173176,-0.5666423941045831
TCGA-EW-A1J5-01,-2.2664964096826177,1.7385776984172465,1.5686335966478995,2.9952366282836755,0.9190470375942614,1.5387635732869764,2.1585181624642757,1.0536177086715859,2.132574101638282,-2.1178614032166623,-0.1831104562600855,-0.7462502494887582,-0.4880220033296014,-1.4297369732554763,0.5535646870849807,-0.6108340201543321,-0.11742823115425914,0.2881490874183997,-0.9594743230581059,0.5943906280108533
TCGA-AN-A0XV-01,-1.5086845697057318,2.9796639902306024,-2.3823671047605783,3.026022792730963,-0.9941214543111261,2.104620643650183,-0.3702014955605225,-0.10292500563702625,-1.9577859989533228,0.4177676151661309,0.5423778221221182,0.6377046885932096,0.18406644980495554,1.3045541726899876,-0.5319927281099913,0.19968349665917087,-0.9208707372964285,1.432791044357237,0.2941670879103837,-0.051018825214317616
TCGA-BH-A1F5-01,-9.866403269163001,1.5654411327434647,-3.740984732115443,-1.7649896510198257,1.8284733152315815,1.5004893639266734,-1.1098454472432189,1.682689351201323,1.1395834807147636,-3.5549854890093773,2.160259853961385,1.02883841992645,-0.7396742520106435,-0.4185719510238944,-0.12940964112032066,0.36686095992255213,-0.159329475560416,-1.3396630105300926,-0.17292048656493192,-0.01382843372125064
TCGA-A8-A07I-01,-2.6161738707067013,-3.2837322883317968,10.122078010247415,0.07586590558179437,-1.050744180930293,0.6848310282591242,0.3340142838486993,-1.5012601025357917,1.4088498631799726,-1.7493661598633277,-0.06322638184053826,-1.641299465974775,-0.030275822321980488,-0.5700098684770157,-0.028706815915378655,-0.8341101996486465,-0.8380704755549705,-0.5150875706464916,-0.6252655454577302,-0.6661697157215548
TCGA-C8-A12W-01,-0.27449758616154624,-2.7514993722486736,3.0196005483693136,1.9052248489737784,2.8352035455873956,-1.1969916305180421,-0.5996612101605205,0.06720453327130918,1.5695856271753583,-0.9109959131255821,-2.8632143678172506,-0.835784820447509,0.17596317677066825,0.26125354678301765,0.8573790021504093,-0.8702818068449556,0.5037364543135062,-0.34724179234727764,-0.3200560958816097,0.5589029203847321
TCGA-AC-A8OQ-01,13.909077176785322,-2.1353560661680504,0.27798824046840326,-1.3914775921479914,-1.2514021923727299,-3.9491696814556136,0.6662732358296249,-0.10490163838666697,2.410870656813581,0.9899498923294348,-0.756451154441217,-1.47283254332225,0.39085532915176086,-1.3347144259598194,-0.40764727486327995,-0.9487871396306249,-0.9787449501921506,-0.6930195049343938,0.5281789951021739,-0.6386256945239093
TCGA-A7-A4SF-01,-3.823185611514509,-6.470791226189385,6.8152442014408985,-1.231153602468789,-1.2542875911796394,-2.0779135568964135,-2.4509493758296044,2.1223068787657895,2.417289142886694,2.2667404229288315,0.7271167763907658,1.5491892328334351,1.6507619622940695,0.8668258552643852,0.8277693224647108,0.6279097826348343,-0.3940197022906622,-1.1507430091681055,-0.044651537528831955,1.0333488789901015
TCGA-EW-A6SC-01,-0.48026237882589234,1.077065786274145,-0.35766025604172935,4.003855928468314,0.4328882601981731,-0.24376033791561497,0.10733248106839624,-1.1218362653691973,-0.022980240939546093,-1.1054425139026836,-1.6763885533097245,-1.6665477050585487,-0.35599177634091694,0.5116417939536961,0.4455173785065396,0.3202791036714031,-0.32555598604265823,0.747289962817728,-0.016404150543580125,-0.1737434430487057
TCGA-AO-A1KR-01,12.60577216411473,-4.555950279684231,-0.2982472653494769,0.03794911674657285,-0.9923664963454797,-3.2053541818790845,-0.8619525824709151,1.0400643295242067,-2.7750710882764404,0.5711720997194694,0.4461784297748256,0.19939570327313022,-2.2449391903626625,-0.010189683983714191,-1.9992860719726795,-0.6021947328537292,-1.0336699142401435,-0.7005059663650228,-1.0473803802390829,2.0730927608739127
TCGA-EW-A1PD-01,-1.618911589445342,-0.8282676449429593,1.641840825795947,3.3377965038373305,-2.2702367873392695,3.6751994423558054,-0.9968760777998016,-1.0783893482170643,-0.9285636409898886,-3.72591131713104,-0.6583119139600162,-1.4414438294675544,1.0744180233733394,0.101171659981769,1.0351284539353438,1.440295050874765,0.09012349960507136,0.2605871619762066,-1.2999977626251444,1.6720198876437253
TCGA-EW-A1PC-01,-1.0107149314815616,-10.370662922085266,4.911421795645373,3.225471929522321,0.7518433926570157,-0.8297198730994179,-1.2495104349663226,2.467360048265176,0.22083153373372405,1.2976595210585558,-0.1504536165382627,-0.04309396921697722,0.3549516752978926,-1.4558667210635488,-2.0596839768266193,0.6327194542552872,0.5749178547253412,-0.060025627722915614,0.889347124867577,1.2610169704600844
TCGA-E2-A10B-01,-3.109729370359335,0.8076611360839183,-2.464460797760404,2.869469524928515,-0.76955551219277,-0.2529583759846935,1.2875171938645755,-1.022898969674837,-0.552797303273541,0.37397824296943455,0.5632111367655251,-0.5094675495530983,-1.2519662165976817,0.17013192202456875,-0.45665042125519906,-0.32620257105724026,0.9560611634119228,-0.8468878050196332,-0.2954052267841735,-0.4279476772440987
TCGA-AR-A0TQ-01,-2.13520640774562,-5.882674534834522,10.130275532327179,-0.4019516238365682,0.2668081834458928,0.09276292156830583,2.4139953143064687,-0.9200726547434975,-1.4268539965741087,-1.9077295622370174,-0.735983915019049,-0.07900750072171596,2.5932369542602385,-0.8352961637287752,2.9114537278858683,0.4313164363955686,-0.5712251536051652,2.224696268122999,0.4868363882693355,1.142768904658555
TCGA-A2-A0EX-01,-2.2359916595400247,9.096792310569423,0.15390551654417442,-1.911303609220815,-0.38206812268110174,0.870297816500971,0.537217967855575,0.21166312495852194,-0.43335015525352893,-1.282468588704426,-0.23276704088853026,-0.08600544724834418,-0.4791800072736445,0.1696126960462596,-0.6867370644234724,1.6804893066864408,0.21821247188154144,0.5120940688353234,0.3574325964301613,0.8792341403251691
TCGA-E2-A14N-01,15.497672373889806,-7.517575670001068,-5.125442366510735,-1.0879455318362596,1.7679463116296201,-0.5756757251637425,1.7883018589498652,2.8979798614281536,-1.2678779809039118,-1.3498145997952113,1.3774793209614367,2.9909568223614547,-1.5294215523150527,-0.13724561065088656,-1.3242181350666087,-1.9403582581043735,0.12473689192322093,1.07595893371867,-0.7264859031563061,1.2357052242158217
TCGA-5L-AAT0-01,-1.3467756356839444,7.410879243555368,0.44481365011921453,-1.2330448481031393,-0.5254226691492898,-0.9556432289821175,-1.2096167663331292,0.7976283571608789,-0.25506311936834797,-0.5368653094156238,-1.1830017787444542,-0.7976868862532065,0.39779506128551295,-0.12145799432974443,-1.7165006927662776,1.4255318822728662,0.49741466687474756,-0.6215572094458538,-1.074717120773389,0.04280064495690803
TCGA-AR-A1AN-01,-9.618011837727837,-4.567571837927198,-7.083224028617561,-3.5522103230214115,1.9114863690955821,4.836627297844868,1.0347451538649954,3.133098103544573,-0.09843485275427132,0.7853099031961661,0.7538691388505101,-1.0110864019943282,-1.232372817849395,0.5016201553132937,-1.3906537005503852,1.8515042665502113,-0.8173006993016487,1.5399003365341988,0.08268746218940785,0.01482685240214492
TCGA-D8-A1X5-01,-12.475269092385522,-6.515571672193443,1.1529767318631448,-5.224705921814663,-3.4243965619956254,1.9086834127093717,0.698261803895658,0.06873387119613755,2.3399878929079656,3.626141107621935,1.9362770648093548,-0.1645545606527956,-0.30968385024759393,-1.0630064035053555,0.4375737673629589,-0.29341766410140085,-1.6264647580984033,0.9566763004659528,0.16349462733916445,-1.316776615438988
TCGA-A2-A1G6-01,0.8970310961649447,17.098534185698337,-2.379857846874862,-5.232502741027366,-0.43669317610839814,1.7859090068414882,1.1764438328121047,1.6849399608335591,-0.4033782877202489,-0.11704633690859183,0.44578256671304184,1.7751866862039092,1.9335288103004622,1.1247737399004234,1.7590476024393662,-0.019167732837372577,-0.007823131990893264,-0.3524224024028401,1.4054605318234878,-0.06924707064839603
TCGA-A2-A04T-01,18.867105809015126,-4.917792027223771,-3.069257322352203,-1.5897098523588153,-2.4706466759543684,-0.30938465075144334,1.5233827079455078,0.952862104934395,0.873209574110162,-0.884973826485189,1.010839355581163,1.3635723291205477,-1.4830757839593751,-1.357173613859591,0.8843423729642181,0.025984157507202527,0.8626206996623338,-0.21952106069190438,-1.5454437467863036,-0.03184571798577741
TCGA-B6-A0IJ-01,15.97316644704163,-4.687516347354634,-1.220640102759914,2.9591227940845535,-1.0808470298299455,-1.5694940382260354,1.3493236349500841,-0.685390784576608,2.266108587484089,-0.6691346004761567,0.6305663153791254,2.037363420192274,0.6638653293925434,0.36230399355106974,-0.5370089808020426,-0.5744609928429826,-0.12716391723709658,-0.30110596913425114,0.8292821783269932,-1.4033833837493392
TCGA-AR-A256-01,18.143161395896584,-4.87189499625072,-3.423294480456435,-1.156242451547037,0.20920239630242424,0.7738316394390372,-0.03770030022261807,1.4696926405352702,2.6294659838916057,-2.7031703381262653,-0.18503270289814824,1.571827370261565,0.023180063639972673,-2.0903615690917836,-0.7633217083772635,-1.707916415293108,-0.9942801200783052,1.099237327112979,-1.1461273451881229,1.353990607386447
TCGA-A7-A3J1-01,-3.637276517751491,5.213875523913785,-0.37928195710063745,-2.7350585831919174,-0.2716981661210621,0.026365949587812146,2.5695912054783414,-2.0828414030626234,0.5867748003957947,0.8381515036471816,-0.6014581970969356,-0.05336940900071647,0.6516873907396734,-0.4928529333815121,-1.5824602653920052,-0.4672165532117362,-0.6825060999848666,-0.3249860644516579,-0.8070928567571025,0.11173976185001719
TCGA-C8-A12O-01,1.2302404608664286,1.2238513377326903,-0.550409109862924,2.4613281178613944,2.0259452546630032,1.6767081932024404,-2.3775257748927636,-0.16515714604365658,1.7171338967762502,1.2472516249922505,-1.016733693633074,0.6121171216271464,-0.46258380463487725,1.19032801273038,0.42511816589970636,0.6510115594055755,0.16926473436622427,-1.0592726703393267,-0.11353112412867003,2.697089191748955
TCGA-E9-A249-01,-10.638332672019478,-6.296906435234861,-3.665828493193591,0.5338881822756077,-4.022761243238688,-0.014736088756116575,-1.3561097444515247,2.841880421041148,0.4898868019317484,-1.6261107047774404,0.9504637961672088,-1.985123293718702,-2.7194611682771246,0.1508992390169903,-2.5329769023761424,-0.6706905929164692,0.029086852245024084,-0.7957307921855934,0.5096130328716075,0.12576028516803392
TCGA-UL-AAZ6-01,-1.416860969233297,-1.4622471773932568,11.55689533159674,0.37196483552421905,-4.54066360407408,-2.996736446779003,-2.273367410847951,0.89658905767655,1.3267273929357635,0.1445233313340599,0.9904498641138708,0.13449259562335913,0.2100100339307649,1.5424511285115206,1.8970361831318514,-0.12348620483376015,-2.0646485357288187,-0.33172032745996877,-0.9135383286417199,-1.5182712553080853
TCGA-A8-A08R-01,11.328997462482702,-8.041195283542965,-0.5307707385680714,-3.4749791472927662,-3.128164029421041,2.692074537667763,1.088520864998372,0.7773772816120486,-0.25823095637488686,-0.40292543712905693,1.1984592104823204,-1.7833974156633352,-1.722212548941844,0.801277130376426,-0.5112244957960147,0.09718632869353866,-0.8579474834603665,0.5372836029470579,0.4807925411285168,0.10528378745493147
TCGA-A2-A0T4-01,-1.7632702017571877,0.07233675956262307,-0.025081879701041383,3.601326729710106,-0.12003220515068508,1.8187044532653251,0.39232090651691254,0.7455675535608075,-0.5693304479868058,0.15644682442906171,-0.9929599143888748,0.0057677546781732675,-0.003022625488627867,-0.6769729594433543,-0.11947289754218683,-0.5407520287981752,-0.5220383354532917,0.3636518931469584,1.021514900900222,1.2193794079367337
TCGA-BH-A0AZ-01,1.0456157973200462,5.3355553536861775,-1.3953682333059028,0.3124909632468191,-0.837425537959748,1.2866121920968232,0.8142284331150352,-0.6746473385013558,1.030075531233208,3.0549082099411797,-0.8203458558135138,-1.4746312584200163,0.4215883812600825,-0.8427000287610279,-1.348277799730652,-0.10146587869158251,0.3241870578984948,0.17718772035681105,-1.371893154676401,0.6624905488322188
TCGA-AO-A03U-01,9.078919735085623,5.858713770288821,-4.2918462879332635,-6.065264850292514,-2.80970446659922,1.2917072744791032,-1.8300082952271444,-1.5757886185982124,1.3640871681360542,1.5139105812849176,1.7459666727575356,-2.093887195371021,2.4522531300362385,-0.9089637238266783,0.21738361270807458,-0.20513667332862573,-0.8340001203075252,-0.5779659372865855,-0.42290456855944303,-1.4057255476098314
TCGA-A2-A0CO-01,-0.30595892618914083,12.797702261335777,0.3022343934940696,-3.1090964678611885,-0.25756449691521516,-0.565812971678587,0.5086881936972065,-0.06133644448547527,0.22922257332125998,0.4957616481905542,-0.017405662445907452,0.5008840657357966,1.3284098571001621,1.1874810442222115,0.08944476851334426,0.5531039999736824,-0.9775553950982524,0.8515788940052849,0.7842448964577502,0.4243039835309089
TCGA-D8-A1JE-01,-10.261606652269498,-5.809483983845094,-6.395070383163842,-0.37784165557987354,-0.4849467910175861,4.030061674341161,-3.274528848323834,-1.4423299261229716,-2.4637321157276326,-0.24387809122554188,-1.609586721739235,-1.273901462521715,-0.3840561525729418,-1.0177641329169804,0.6938544028597354,-1.1026150848487322,1.5044579538542768,-0.2394799729006216,0.04718900958982166,-0.6292168959494356
TCGA-BH-A0H0-01,-7.698906104750051,-5.717458759435376,-0.6773932140612444,1.8025721042607672,-0.9018290211859091,0.2150442485111935,0.4521221055975419,-3.6013186963009547,-3.1363472432278177,-3.8219120627713923,4.216742717567506,-2.1584857854893627,2.413119770219092,-1.0847794232547427,-1.8610582245015008,-0.7595743935668605,-0.7333318142139641,-1.4129010234029884,1.04061596409705,-0.8757079432759647
TCGA-AR-A5QP-01,1.9901266714894534,6.089909504866686,1.4132139481868125,1.5264136622245348,-0.4056031932474569,0.840489557788249,-0.02746058160768986,1.2431772204060356,-2.1384793486229983,-0.40051076120937007,-0.3087588017700523,-0.4293401471513235,1.5694785222086678,0.4567902480952883,-1.2412009559672326,1.399248415600545,-0.9362314094935665,-0.5168983138708798,0.7508814066531081,0.35435940173557084
TCGA-D8-A27R-01,-0.1716247008584894,-3.7583291205150626,1.7724649621747444,2.06166286403174,1.568256721482454,-2.833396077482926,1.3629086798377574,0.3903779874742623,2.2065491543657165,-0.5246442668844932,-0.07012975706544351,-1.2639839883029016,1.0937586272090802,-0.45263448560658726,-0.5233247174145556,0.028220961114825988,0.9670994699669325,-0.4634351365322403,1.3934691576147151,1.053711316467152
TCGA-C8-A278-01,-0.9246882048844257,-5.954241287365232,8.563873612260544,-2.1057065503054835,0.491054323963934,-0.0388001467655939,-1.5523776681527617,-1.27822650261558,-1.338008520721604,-1.9475709039390965,0.05043800334096807,0.27961125202870807,-1.0794893489757973,-1.0414242930857582,-1.0716799293610693,0.34517864205212095,1.5149040902218522,-0.06008786879681632,-0.5880196200512064,1.6856927411298368
TCGA-A7-A13G-01,-7.541523376242914,5.372212539141427,-2.3209673838641196,1.0048947142104436,-0.2677826897459534,0.8648602877858221,-2.2019499141944943,-1.2289976634677,-0.6894751659117149,1.7289579090203198,0.6726886912674567,0.8698094880231204,-1.9207927405374505,-0.755353716030348,0.8662929916673558,-0.744790352577369,-0.14131544082883762,-1.821517770585641,-0.6162552325304522,0.20576418896843515
TCGA-A8-A079-01,-2.5888613217905023,-6.356400988812427,-0.19603700400287793,6.758733490298831,-0.19044056192342518,-1.2186627948951938,-0.6319627918270672,1.8540006608608388,0.06714394895199292,1.0765531908120487,-2.245549876363739,1.7540421258636762,-0.28763151136960957,2.2240079584244015,0.9960710202718741,-0.8241839352150969,-1.253939270459211,-0.010678215408268701,-0.40961257430788406,-0.9277920493534499
TCGA-A2-A0EP-01,-1.5638669850435005,0.7852964726858157,-5.084281935393966,-2.485846045201407,2.2004306166318712,-0.9452304335863421,0.14296269350933205,-1.5678990348582267,-1.2910188898818336,0.1692963976715219,-0.8973518496813444,0.03325829059302023,1.675294974791515,-0.5358490364321564,-2.122409974619576,-0.02265423089172652,-0.24207317304684553,0.3747459127607131,0.18260726991072254,0.20798135375033813
TCGA-A2-A0T0-01,9.105994149285099,-6.672169740123114,-2.488303467686492,-2.515399987516296,-0.1848033132914111,-0.04763043669752271,2.9323341266501486,0.8654104514449553,1.3535763424839957,0.8549713641136276,2.355384651222131,-2.5398448963502975,-2.039910055291253,2.6270141544415466,-2.817090163417019,-0.2811984984531374,0.5009459673899341,2.705273262167632,0.5111302585445165,2.9424823236827877
TCGA-D8-A27I-01,1.123685352854902,6.7601206245115515,-1.4103720057286702,0.23325996160457055,0.4486698676526921,1.6721815304129777,1.5203452975899538,0.8672780246725964,0.5127850419105755,-0.13062980133137184,-1.3169281793097143,-0.19929155745866492,0.4058827683658121,-0.23929339964050833,0.20408022879812954,-0.5048014860073338,-0.5957777637516923,-0.10345071484981669,0.3812736925994709,0.5449458697890256
TCGA-BH-A0EI-01,-3.81111216336662,2.16045577349232,-2.2404564187859037,-0.8897755935980353,-1.1478270775142116,1.7158385815504396,-1.9570579740227458,-1.432385697568627,-1.2052001900670202,-0.9430425042873891,0.1360129598478407,-1.257310627053244,1.1573068631051695,-0.03080589451796332,-0.5958374780333433,1.4984808493223085,0.6784994037016215,-0.09636446757872805,-1.6083188831237514,0.6706037871030119
TCGA-E2-A15A-01,-2.449299582579601,-4.167528994047509,0.24670726593314624,3.006324468362707,0.24515839428787906,-0.4897034436929136,-0.16222150487968956,-0.24936207136413158,1.9510310506693191,1.2412535806044696,-0.6480718146086265,-0.878604111705942,0.5874906088722058,-0.9336646896745896,1.9598350177569368,-0.512462374668042,0.9854257773904187,0.10270688918472226,-0.019970759331237178,0.10274029841953726
TCGA-AC-A2FM-01,-4.653456362435026,2.2864027989872073,4.099108850441455,1.6020168731518332,-1.0381368562554172,-1.8188441623171991,2.670059391703581,-2.20597794474884,0.8630136718025048,-1.4658709446331677,-0.648917333539502,-0.7144314503278295,0.20735742967710583,0.5416780920238401,0.9590534643919479,-0.28377511299070163,-0.9587342926077921,0.34458096547946654,0.9018282120640747,0.7362670272949721
TCGA-BH-A1EY-01,-10.979512903932726,-3.670063925036154,-5.61868343845438,-3.79059019905467,1.5446930174689697,1.5866900796643102,2.0422816232937895,-0.6544813926337896,0.2146428593442096,1.7342392061493963,-0.48864378629878563,-0.868943195107687,1.307512429047762,-2.2470771979155906,0.3996357630345628,2.152713796530955,-0.2570893434723667,1.1587626796463701,0.4024283958926423,-3.0464939870207317
TCGA-AN-A0FT-01,-9.98759745702908,-4.848021588688094,7.27631565895711,-7.507977274060475,-3.043193740929894,-3.188533484711488,2.024110915050976,-0.6281817820856057,-0.4528135135281127,0.3054373460740332,1.6997495128482931,-2.211926069363925,-2.1628325252751477,0.8974228407291457,-0.16702679173048052,-1.7384300879941634,0.6453202027658259,1.7087633189241231,2.714709609191557,-0.3460609186244617
TCGA-E9-A1NF-01,-5.212168503162725,-4.382684559388728,-4.435511282192074,-2.021212070021419,1.526074376551271,0.36820522414818774,-1.6979795708748098,-2.0875055980320067,1.516465241155594,1.5019616684144992,-1.7191901910700622,-0.43756704711130157,-1.9857494392224124,0.2601566081262734,-0.49233332369570215,0.31384767665993835,0.07084853601936525,1.0892494952156584,0.42159615353413454,-0.6116273281743634
TCGA-BH-A0B6-01,-3.8994533286253743,4.110000305213247,-1.1115417042729805,-1.9402020837366312,4.068178527543664,-3.6649332903316467,2.6690485969975586,-0.7408621195828455,-0.08567036023918763,0.8093379258881515,2.598369561633452,0.21015419393785076,0.5655215862072227,-0.4854663972050223,1.1339983915972232,1.5285634122452294,0.6471502830644086,0.25209524116101295,0.11106952908281346,-0.7216327453144784
TCGA-C8-A130-01,0.7023067594355957,-4.68790355895206,1.687836661666241,2.7120781215488172,1.0367021632787743,-1.0082760792668668,1.512598302575756,-0.6680841642172218,-0.6235620175660572,-0.1549198495717434,-1.6275653209817627,0.6172761681082316,-2.468511798342873,0.8879345399355814,-1.8002455090980103,-0.6223770693517022,0.9131293047244171,-0.24446856955713156,-0.3733204195069468,0.71893525620594
TCGA-A2-A0ER-01,-3.954960058161816,-1.656265131179373,-0.8454573959017989,2.785895606154504,-0.43616278681655635,-0.2357425246829164,1.8983976487800176,-1.3388447942023873,-0.41944502130771383,-0.602429266697107,1.6044933908008496,0.4221637765229988,1.748828902535381,0.214241473475554,1.052932470311529,-0.0899828567324336,-0.3911264302060067,-0.11676638155721485,0.06060714247962577,-1.2696093006300155
TCGA-A2-A0EQ-01,-0.4925967781792233,-9.255992897139732,1.6803402419978124,-2.393714240346738,6.337738787825239,1.9607124504269073,2.719819625093002,-3.0011007941849757,0.0009789241637187993,-0.04541754137648563,-1.053178573779052,2.1228611788250475,0.710937107563928,2.4216574389419105,1.4514150115880717,-0.25757707450816686,-2.1065953571656597,-0.18014975735636254,-1.5531310252464376,-2.558210631999442
TCGA-D8-A1XL-01,-4.538411609519288,-5.78787698524933,3.1754268595520765,0.9804259972836094,-0.245173588469119,-3.160305616347992,0.08262432162546215,-0.4165705677152167,-2.083008610738904,-2.3920739432061793,-0.5634043005618127,1.4997740506082797,-2.152425488433226,0.8147647230769296,-1.6863188941994538,0.9060262470945729,-0.16985372007694324,2.162190682493292,0.6389468572582597,-0.23617279337162475
TCGA-C8-A12N-01,-6.882386050324039,2.952887922409724,-3.44842915696381,-0.6303056147871502,1.1128126436168426,-0.779799433607378,-2.0455316491421014,-1.094378975751657,0.7113664982296964,-0.29412008918930926,-0.7914179487671985,0.0035291358379281935,-1.825454277927715,-0.09664695770328491,-0.3485939279795875,0.32477502340013537,0.5033179127388189,0.43467425036084495,-0.37483247379771373,-0.9879024491213793
TCGA-GM-A2DO-01,-2.680375165821394,-2.1901956362498525,-1.5839357558195075,2.6683463302773687,-1.0023036391512157,-1.660778797034527,-0.47226531527032717,0.9905283256954289,0.315872946968085,-0.8997238343937625,0.26970781689675616,-1.2402088152483086,0.9621765475400417,-1.5248991935826854,-0.1994599648326265,-0.4097170382531906,-0.2741333955454055,0.11236613869781423,-1.4396525922587529,-0.6844197424239159
TCGA-A8-A0AD-01,-10.540595013408073,-3.470944796230521,-1.67054582174583,-2.0141133183384246,1.9873843556002593,2.0152157043669012,-0.7998831588569603,2.0780415478688687,0.2353227426125365,-0.6204800550959222,-0.5010018900132479,1.086201189958036,-1.1986435876690478,0.3000487115798801,1.5311400984529788,2.0077707746411972,-0.37501545322315355,-0.13201520803831154,-0.44626719382499447,-0.2794697222094133
TCGA-Z7-A8R5-01,4.432876099054527,12.219719197969633,1.5201470966266104,-2.623428789339829,-1.090009196742833,-2.7518544939698923,-0.1865226124007082,3.3943437444273385,-1.4899766758451654,0.7685078720898274,-0.5323700280266902,0.2105136391842059,1.0428761572876206,-0.5358500451347468,0.5468417807655642,-0.5359608032427821,0.491846334393302,0.32879818687080054,-0.22041818918345343,0.30484126960416774
TCGA-A8-A07S-01,-5.250825200162179,-2.2501616842807812,-2.936610878523857,3.526695861378241,-1.7417817559638868,1.0981398039895915,-2.862168059105523,-1.7953550540197254,-2.1951066048675902,-0.2792952725397425,-1.3175487767134504,1.423120606686448,-0.10109718820087697,1.0204089579539488,1.3847972095620462,0.3199617450544675,0.880480669105178,0.80855688401079,-1.5457724978392124,1.2807673388843825
TCGA-BH-A0HI-01,-6.882105816987983,3.6505719240428007,-2.9769357616524763,1.9865185084847155,-1.0282519705042732,-0.011291320609965315,-1.335977551837476,-1.2770993808328779,-1.8711857995819883,1.9146403618335397,-0.16753931364091837,0.1989233338493397,-1.1227450244998034,-0.5030249310811273,0.5527534891265261,0.8625396999259723,0.5208043462448922,1.3589046584558575,0.7364216234952903,0.37297969349083643
TCGA-AN-A0FV-01,-0.06931441402398587,-1.952713571940904,12.804736706134097,-4.101997025181355,-0.2557146934756135,-0.5109314271559785,-1.0634012313828758,-2.775279003887498,0.027012359353087406,-1.0232883832320596,-3.2803811541601875,0.6052686478904934,-0.8745921634399806,-0.01942562131988615,0.7799319866219568,-1.5437531718025628,1.30437779607584,-0.090773684264371,-2.070136672596724,1.0983333392002341
TCGA-AC-A23E-01,-2.9010243174953763,4.681462102904252,-0.9287330767086779,0.821626931061108,1.6657265356287003,1.129618795834376,-2.051764040223846,-0.39712870425252583,-0.02470306328219313,-0.418325188064761,-0.5187667056717034,-0.041360501062527845,-2.5474174112901,-0.1179603801179982,0.3606566997403324,0.17986002465844322,0.11151432124678652,0.018754238214404986,-0.6618930279631741,-0.23256874558890855
TCGA-AQ-A7U7-01,-1.7020611220381252,4.268187410954025,-2.3360283336688417,0.008017152248976249,1.4740787792027357,0.6709021307624667,-1.1137977413571007,0.04797903955942512,0.21981315220377667,-1.470328409806184,-0.4329527436467749,-0.9131337293332027,0.7249867420701825,-0.7868703056117811,-0.3123405905751971,0.08948479450264601,-0.2044683716601689,-0.5256992449834911,0.3891272631266803,-0.614786131905161
TCGA-C8-A26X-01,0.7992748260684606,-3.5134619005647014,1.9968751962294895,-3.4868633659755606,3.0789633124865667,3.3610995549013074,-2.53933588909135,0.49424538120609457,0.7058893003448908,1.7068319113461818,-0.8408472436447176,-0.1047858094142762,2.0944373037568975,-0.41686789619552317,-1.3640967561508637,0.596758688331052,0.3608015334791811,0.45461777034511924,-0.13909386134853907,1.5204627948708591
TCGA-D8-A1XJ-01,-4.002225617859749,-9.744016851200248,9.375967819901552,-5.826380057745099,-1.3985870038118242,4.288959892961989,-0.8060464927590757,-0.007577030924165536,-1.3073146633710309,2.303238640293633,-0.7175807770516847,-2.741233776315898,-0.4494391893695019,3.0464912426137323,-0.18776732937157398,-0.714429905983702,-0.5902798775233968,0.637836497670778,2.7726205606624803,0.15952681842343527
TCGA-A8-A08X-01,5.316125370052758,-3.020311914689978,8.53453267100621,-0.19342219531325575,-0.07253160992441521,2.3701665938161214,-1.4128818288771015,-3.2238615720265367,2.804962226768851,-0.6625759438278584,0.12368396936062762,1.5192290727790232,-0.26225535522141274,-1.4830260987504735,-3.0632831872694433,0.5346094938624423,-0.31137711899812287,1.6578274294515591,-1.6427309220459985,-0.4497578634844694
TCGA-B6-A1KN-01,0.47805914614316564,-0.7801229792658595,10.190129854326878,1.3870021456931318,-5.405109744694398,3.0245253672612264,-0.38554577299266446,-1.7828437075387298,-0.3795196162913038,-0.2768024690146413,3.3235184975346,-0.8454813452460449,1.6085952778699992,-0.6405213763424371,-0.4797200796742034,-0.13055193620856037,-0.6094709563878073,-0.8859904024289925,-0.30331462850514695,0.910562251544995
TCGA-AR-A1AM-01,-0.844623595815826,10.484877140485578,1.9203222142650742,-2.9073981391727997,-0.44317139901292957,-1.6230297476604543,2.9768549068186068,0.4752749424776777,1.5054303767761985,1.5891147066501567,0.36405792653621954,-0.4968043523980492,0.2833025316718165,0.5498556673011996,-0.8536077723830817,0.5289984050865599,-0.24174884689033713,-0.18804805821138068,-0.48676267856115496,-0.7716560013819458
TCGA-A2-A4S0-01,-13.107574206296968,3.920369612502701,-7.946171922666559,-4.240484961993106,-6.512474017195841,-3.4594943326281236,-0.3640979778357369,-2.6251131192371493,-0.9135541741950812,-1.3771246008045022,-0.5085609729106162,0.171038699132995,1.8061993310864357,1.9595062923810176,-1.8423815087183222,0.4447572242318269,1.2288698603587107,-0.9310810038125319,1.0292168678423468,-1.15654444685478
TCGA-AO-A1KP-01,-6.785339355622016,-1.133640738074918,-0.4221037892477995,2.9194659217423116,-0.12665788482727972,0.515710038163476,-2.513861336482647,2.1912887270068175,-1.2112767391715278,-1.221915936419357,1.88645050848798,2.2374816289217376,-1.0606091278667287,0.3378124802629982,0.520554742330387,-1.5110263141806763,-1.9505222849557233,0.6676698935797196,0.18863524777028523,-1.4299576691652398
TCGA-EW-A1OX-01,-10.879451664964861,-2.523943928966398,-4.598084965653082,-1.1494767514704998,-3.1417882006346503,-1.1487392192062253,0.6661266770744085,-5.292103064620367,0.20845061516412583,-0.3480045778369801,1.6360599518648977,-1.001951162452318,2.1376228781557525,0.551600692894938,0.808124224068504,-1.7974254481934882,0.3637303844185068,-0.4663795397739224,0.2181489198657689,-1.6977620253413945
TCGA-E9-A1NC-01,16.907461657445637,2.6757468709466994,-1.1004509490596486,-1.8786415486683457,-0.4414043529315856,-2.226217269071099,-1.6902580858799028,-0.13123872872190673,-1.176778695361195,-0.6536813180991354,1.501358026360697,-2.5521042912500858,-1.2907006810994164,-1.495895650299344,0.898830838919358,1.915676640256052,-0.06607454185419945,0.3033772146411201,0.6536055319070797,-1.0447593577533654
TCGA-LL-A740-01,2.24875592917525,3.859050298190901,3.481050217633547,-3.1939604073642647,4.926068316308883,1.3094779945140957,-2.9261645988636418,-2.2313123675465665,-0.7051135141350657,-1.0650624199978316,0.8857056537550245,-2.039341127083828,0.21576891140741805,-0.10917001438439096,0.413466779889353,0.9344794480219183,0.2369426891905716,0.16351594533324568,-1.8782842569092486,1.3305253454441066
TCGA-BH-A0C3-01,-1.8781952173875012,-2.4929290957196764,-4.121745593581628,0.5005082026411066,0.3807155738717466,3.5804420035780335,1.321157142151684,-4.2832754617103515,-1.1054610219630023,0.9013799074895227,-1.5862127265795196,-0.6570560538261642,0.9937564858331441,-1.1717012695481872,0.7205628968879093,0.005066152340961964,1.4285024134184243,1.9304930650144114,0.2979855203621782,0.6159933116550798
TCGA-BH-A0H9-01,-1.1459750398100483,1.1281005684416536,-2.6497719709036396,4.143040887793655,-1.7809522269225408,-0.2646964187823952,1.1901248657136347,-1.6017121377521593,-0.36890847877185506,1.7938968695947328,1.3006724942766161,-0.9352356707289864,1.2686453975155882,-0.45576177627682934,-0.7840647742677972,0.7750327328070932,0.8626456992177461,-0.9304005862792245,0.753071373664057,0.7094972900718863
TCGA-D8-A1X8-01,-2.064471331847011,4.013463280748059,-1.4717692836283391,3.5875788244490936,-0.33611630946679144,1.2325137832421889,3.0095320304183377,-1.8779088122330363,-1.1417750594613474,1.5587891110986032,-0.0909279048586864,0.17315303213045088,0.5293647798394202,-0.5481169320727589,1.7521953858849697,-0.766767070616702,0.3455717808946546,0.6591978609467869,-0.6220486888610567,0.3972886710589844
TCGA-E9-A22A-01,0.07980248123559919,-2.496625311500486,-3.043062655868955,2.8839061932060623,4.790590847267901,-1.4906419464551701,-1.8312256475386857,-0.20895315255428334,0.48033939080488397,0.7000114809954927,0.7226049329650867,-0.8495949653219529,-1.0534889935597673,-0.2806125920385584,-0.20626137082165488,-0.7192500412397969,-0.009046195126339198,0.13171755787854908,-1.097744128386769,0.8146618557596434
TCGA-AR-A1AI-01,14.307809170938876,-4.989854785881308,-2.2953761179539445,-1.7583840108177482,0.2520027614044502,0.7190413077008823,1.2749689932300776,0.5957825709403379,1.9831564537010897,0.9156467073810187,1.2393924813553614,1.7545383307999396,-0.08995108480561766,-0.2665603934714251,-0.41824600158203745,-0.2585303705808788,0.29135469253532004,-0.14912684544094723,0.8570465708433236,0.6124135819421783
TCGA-AC-A2BK-01,8.380987431951732,-10.433590148208511,-2.777149990662413,-6.124932327962439,3.1924119494202374,3.991420382331973,2.9639270083512033,2.6115936137149682,-3.924739492455307,-2.1767812414024577,2.207838980704016,0.9137035246201516,3.1536641816052917,-0.5262148172458448,-0.6643911226834829,-1.6162669442123172,-1.3236126731494013,1.1402183235303611,-1.6392164271980392,-1.0472093555174393
TCGA-A7-A13H-01,-0.7846070343240564,10.116557884896418,1.415741255944424,-0.1599231830406596,-0.934344988957439,-0.010166313062982851,0.8625108643113607,0.5423486790279939,0.13593278200308778,0.7264016195556227,-0.5228961954276391,-0.478492698726145,0.5365286794911439,0.20773831934431308,0.23851175205054334,0.03497769157516762,-0.666131290003884,0.024479376818214393,-0.5084182856411886,0.19658832636981952
TCGA-LL-A6FQ-01,-5.006923384881198,2.1152834641643774,1.422597135239814,0.9777470335523443,-2.395852274640179,-3.9344508636286557,-4.260255997139359,0.6932869078813747,-3.903073024682788,2.3064088310546293,-1.6808419664435097,0.04865505677250815,-0.250212650032032,-0.7013781578920942,0.543686406785123,1.1096160364977083,0.39552202034697376,0.3774763792466213,-0.41861170756435445,0.8360269907910727
TCGA-C8-A1HO-01,-11.54230082956999,-8.772347423231631,-6.2498428267828094,-0.8446272045444014,0.4649413546456662,-2.0996644046135002,5.675933057397813,-0.9260031748649404,1.8992755381552164,0.8927964449629836,1.7214943797422262,0.9747759435637695,0.5087716241662807,1.614628521308068,0.2667475334011808,1.4985077217207496,-1.397282855370783,0.5875798294134527,-0.2865662747021788,-1.2258486277780734
TCGA-D8-A1XO-01,-6.90491380054942,1.4944949964409573,-2.6253332796441393,-2.0737720761010348,0.6020082265174641,1.168609271652476,0.04516856113722178,-0.8124405118895828,-0.9659645708991974,0.4538158046448734,-0.839591250138049,0.6390711807602831,-2.0843651793258853,-0.2066367104536823,1.360640535809941,-0.19233529261878504,-0.37825749611849663,-0.46926735367293543,-0.5913719946286767,-0.43419577012180965
TCGA-E2-A1LE-01,-1.4657937948234652,-4.7516274495301,10.742671814522105,-6.238546280324977,-0.140003596016423,-1.2624999100094754,0.12180659234345632,-0.11611981186634786,-1.228377729709946,0.6576624975960642,-1.6595609111374046,0.36235292665797464,-0.4327230665359254,-1.4812822162235346,-0.32423951930893613,1.4054299032752342,0.4060128669229183,0.5925479175513634,-0.25626999065147793,0.01649108529140994
TCGA-E2-A15J-01,-9.825228300293775,-3.150145815887856,-1.4281177699035592,-1.4670345535899165,-1.2340918558116527,-0.6277114659181171,-1.218311043932047,0.36167682326988876,1.9614471962482312,-2.3410749396838284,0.49296511244053864,2.367143699465583,-0.7497733391621559,-0.9413012021961332,-1.0793290176641834,-0.8271529718316892,-0.8603272862618068,0.5955290084774505,-0.9661913306929328,-0.43135232043070737
TCGA-A7-A0DB-01,-1.829335793059516,5.122318825464269,-0.5251484170050138,2.9836017497760863,1.133920524385549,0.9984161687356268,-0.39153159881662386,0.03303400062782213,-1.6548037368041018,1.042253255402355,0.2877764181328393,0.4299528346455559,-1.4790355609480916,-0.293856332275865,0.11518286735821931,0.09150517495434456,0.27655783765884956,-0.7244563609722475,0.3681592367857246,0.5844804041041669
TCGA-BH-A1FE-01,2.4867841890734717,1.3681642382633645,0.9831935738441089,2.1029161225575566,3.7004813361647177,2.213024201762515,1.6590044254369634,0.4432349937725615,0.875640548003688,-2.4946249908313054,0.5137069948369344,-0.09633467899234012,-2.12964588342839,0.20075938089384834,0.26826477813010313,-0.45183780426456654,0.42450211917930275,-0.112460971582352,-0.03031659703650277,0.20195903634497617
TCGA-D8-A27G-01,-9.162622512437792,-7.088191119427124,0.9091346423934351,-4.332779199857547,1.595209891373799,1.4377136347230601,2.8720401277595626,1.097126427195386,0.4984701095581158,1.2687109662767042,-1.8663903258075627,-0.12354901475159975,-0.05352326374396995,0.16108713208942882,0.7013778269188383,1.7552089757718006,-0.5677470396560054,0.3539593450798613,-1.2146195841281866,0.37739185877663156
TCGA-BH-A42T-01,-5.804602920309016,-8.958983260331694,1.483559116609902,1.2466199681426549,-2.887001679494439,0.057970236978345295,1.4302346833522463,2.661274301375021,1.063672427099022,0.4045230481486579,-2.8784765472473324,-0.8651469385921644,1.0278776005139498,0.08851500180559939,-1.2497210432739587,0.551292673049412,0.14540369176600682,1.733456705607283,1.9429256831226167,0.14988700664287802
TCGA-AN-A0FY-01,-2.6022352522505123,-4.174320550155008,0.610402800801371,4.109506026994704,1.4622367153514904,-1.3263290558528587,-2.3379905444742515,0.7645105040739427,-1.1391385802078278,-3.009400803286956,-3.3139616057546903,-1.2449697361008243,-0.27315289567929585,2.319229377363133,-1.1050696581853994,1.4119901107744817,0.348643715683993,-0.4298022266894452,0.7861002000401837,-0.5535928555472395
TCGA-B6-A0X5-01,-7.906778258122496,-8.323990663931262,-0.43139185608691216,2.953183766176391,2.0008708867879283,-0.47922229797729615,-2.630767237150882,4.712134408680844,-0.16955173325324285,-0.092830809528714,0.09323191904720156,1.7022572213489515,1.2079203161270247,0.3616035540916941,1.561312594787984,0.47151147048686104,-1.5442745038160899,-1.2828085417773292,-0.5206327967584745,-1.6824356217957401
TCGA-A2-A0YK-01,3.0680721182306554,8.252169723530763,-1.164491653075703,-1.4130583830764067,2.9773654770229703,0.9344505018955366,3.7926651370325613,-0.15940656033849213,-0.16915821981837367,0.9963395293895326,0.6919617504587635,0.7590437075701797,0.010726772550804424,0.8019812575310478,-0.6418400979918405,-0.9367361288812704,-0.28562326677071864,-1.0959507400272415,0.36064915616801896,0.11871790362125444
TCGA-A7-A0CG-01,0.7984943134512791,4.377511553597243,-0.27215123400250807,1.9769716505698671,3.376508083169387,1.3090536753619002,3.540130053569701,-0.22513046656989982,-2.270531015229192,1.6125894621454238,1.0123824396260381,0.8117048491384994,-0.5199446869664256,-0.7596609082586285,0.1654918671329391,-1.6874767296664777,-1.0849980071535326,-1.101046480978807,0.0630404477778318,0.7253278252328863
TCGA-AN-A0FW-01,-2.933873495186813,-0.12563284717363798,-3.6716298140438797,5.256822332749516,0.22147992503108946,0.6637355469087123,1.8547065815445307,-0.8306536219406678,-0.8907292445644779,0.467314418879387,0.548585232787639,-1.5380466369634647,1.6177872174111039,-0.7552272451986208,-0.7246327926522821,0.0871485427012143,0.3643333031255937,-0.28539876264176556,0.38804160966463325,-0.22911777883077433
TCGA-D8-A27P-01,-0.10210774834823014,8.445425733999476,0.845263756591719,0.5452640884991071,-0.2484059554005902,1.829802117275351,0.44662324392277136,0.30576950635496236,-0.4873900103747711,1.663074919080871,0.8860591307992766,0.2128290293811348,-1.2800175952364772,0.5528448283994584,0.608229283510453,0.034009334795875056,0.5695617796713625,-0.8405287765754901,-1.438923859439424,-0.3468372092635654
TCGA-BH-A0DS-01,-8.187629147992693,1.4350075955677322,-1.8938695715195404,-3.3557359627369814,0.2028551315981123,1.1137640586695556,-1.9146601744172722,2.154461888736161,-0.046246722196913496,0.6224918073317234,0.26871919922721504,-0.7673254271194314,-0.8602016117951952,-0.3090650678256207,0.7167440616366185,-0.8922471838859217,0.8574338249599983,1.2310954916289751,0.1816956384748248,-0.03811571477996975
TCGA-E2-A1L6-01,-0.19423943798636692,5.788643240715203,-1.2292314065582965,3.4301456453780204,-0.7854775805978679,3.2301232908412056,0.9516065918506647,1.33970036539862,-1.023916339119534,1.0304197801826895,0.48323151565767875,0.13449202709758368,0.22490524069750867,-0.4045645537279472,0.590656392063704,0.10151991211435661,0.1862744089075774,0.5202447026344987,0.014455993317708514,-0.34164054411994293
TCGA-BH-A0DG-01,0.8674978391345072,2.833826716470996,0.13225560086564592,1.2296044161843287,2.8607775836166813,0.5686604329595096,0.8726242108130647,-0.8750497334982368,-0.6525805511791487,-0.11370717479304966,0.6621864086139567,-1.9109390318656403,0.938364211724045,-1.0151970137237152,0.037903321553859746,-0.40357066214779197,0.6981746418993152,0.3673620421237618,-0.39625263279403145,0.3041690716034328
TCGA-A2-A0CP-01,-0.04200128863369342,12.771917203228591,-1.5720193855693279,-3.7255609590463807,1.2465541805015055,-1.857753537608575,1.2007293441763387,1.7233620362278086,1.1399420892992282,0.5252103442424789,-1.9828554313814568,-0.351554677492147,-0.34407634059708875,-0.35940983737251475,-0.7723524853341871,1.1036925674704767,0.5626416506973061,-0.16221750299542378,-0.16820110370267255,-0.20755899192189872
TCGA-BH-A5IZ-01,14.902789625529058,-1.9314690986154222,-0.8654482362870629,2.50426873832574,-1.807880039362192,-0.45843561785448517,-0.8685000382935295,-1.4729190635749179,-1.1503300887406558,0.10268208011450897,2.1689709832024127,0.42153760557638775,0.1831106530579525,1.9592774786551357,1.2302097895218502,-0.7026280276585188,1.4152957498898613,0.9006796045582167,0.9676534086420747,0.31723084628467785
TCGA-A8-A09W-01,-8.207669685763983,-13.19266262841144,-1.9087278659754108,-0.2212971352446159,1.4347610119280612,2.369415514989547,0.7339233123719874,1.8268670346325224,-1.4192929727540478,2.212493430478931,1.6192932263365631,-0.2643094561719284,0.25245655895016267,-1.1427513416669632,-0.051738304098239936,-1.1583308108243693,-1.742059428231916,1.3586265285422439,0.0390406406512178,0.9565851547680558
TCGA-E2-A107-01,-0.9940339901783353,-0.40193167878946534,3.515675261837826,4.532205976096218,0.19078722408682208,-2.123072463662689,2.3556868468823717,-0.28959182677096734,-0.9515903680881849,1.8014680484923506,0.5363529823821378,0.021875435560801095,-0.35044702745818185,-1.0753464913539101,0.20952182352956067,-0.18111097207676613,-0.4776262081394228,-0.11426987710605266,-0.029285541031469537,0.7595247508138914
TCGA-AR-A252-01,-1.1307320758112998,2.403459055713449,-6.535420969688983,1.675838334215963,0.10119805403033541,2.6867583376684214,3.840839517433391,-1.1388632460122496,0.15343242094938436,1.7982851471336152,0.7302094477884924,-0.21338506000690954,0.4691431708352264,-0.5438864088665154,-0.2506743435848914,0.298101943823402,0.5071026263179554,0.070496246797222,-0.22630362413253158,-0.40832300507111796
TCGA-C8-A12Z-01,-2.517974779198549,-6.951906466477753,12.553632848193715,-5.145891299556904,-1.1965926596787422,3.412164294243589,-1.5688713654192556,-2.6603553065660943,0.9883355111862107,1.9409950529995408,-0.5747827492586799,0.6464081559202325,-0.2106949452491999,0.9310898918436398,-1.3248321674544254,0.3072667270577045,0.45107404362348835,-0.4767002258431969,1.2907126454249143,1.3737778910492104
TCGA-BH-A202-01,-2.470758603349438,-8.175711549781228,5.955874413107897,0.2754443423159904,-1.2557945445302843,1.5080692926359902,0.4800689730439082,-1.3320692728564847,-0.06997827448417342,0.3342928564213832,-1.9000358515997835,1.3589633115436357,-1.342984147842363,0.14015524161343337,-0.8559753002837642,0.20132912903448333,0.40710202915841953,-0.4628519325436787,3.331891038733411,0.9578458146144072
TCGA-AO-A1KT-01,-0.35406443661556397,-2.643350959744762,2.824517597897747,1.8991161513179,2.2269566181024087,-2.730090432513296,-0.9461186026814502,2.652042442131478,1.7346682921806063,0.1701353324171559,0.750208801926299,0.08933158843777649,0.5234956554958825,0.597435173390761,0.09243795691646377,-0.28965573780295967,-0.6302013692519031,1.0814107945308027,-0.11757327721792028,-0.9353852220366751
TCGA-D8-A1XW-01,9.514847132510674,4.150809216141704,-4.724819242224271,-3.8692579861291785,-2.82600826280379,2.4745633434719285,-0.2843375466468603,-0.5612154617010232,-4.6077449442461145,1.8635436777720806,0.8123764616427663,-0.40430678112928564,-0.3260816416219837,0.3003935030323469,0.7566503834297961,0.9720001614223509,-2.904406754138835,-0.7177544390286817,-1.341486503913079,-0.41450938087079015
TCGA-D8-A1JU-01,-5.83984820327044,11.088678099904339,-4.030421319002113,-6.678290105280757,1.7734110971694854,-0.5883577009024086,0.6871403526729264,-2.256501626859196,0.20806596172284117,0.052964254807079905,-0.4589781702721731,-0.1732000897037381,-1.609239451084938,-0.5760014754486749,0.22455929522397455,-0.4743817299280003,1.0257279497254148,-0.0790958484456132,0.3626561997184419,-0.26047300257543277
TCGA-E9-A1N5-01,-7.387666464386508,-5.780266197294783,-4.774062832695237,-1.0456125198410964,2.791426225462774,1.602861560279043,2.0011249172531826,3.3349656110876023,0.642360768349651,-0.7241774285817205,-2.72633124515199,-1.1363145746852725,0.09783796741428251,0.1589639952142019,0.08687000432427179,1.190757994182191,-0.43597094959691546,0.7759407278643501,-0.4305651608009141,-0.5717603599311761
TCGA-A2-A4S1-01,1.894827651407955,-5.986413342803218,-19.028400787526515,-7.113027544351801,5.360972045351909,-7.717474990471216,-4.0892882476636965,-3.2759741886720213,1.6574036711926463,1.8155755094763997,-2.1449641108686976,-3.658827489884577,1.7110775688348219,-2.3871407469594605,2.067969633929359,0.23397803581508894,-2.37508098561041,-0.15655220504216963,2.7624599507049137,1.3743748145947146
TCGA-E2-A153-01,-7.177738239878875,2.2264232991470156,-0.765389272565911,-3.4950481199840886,-0.5265950242308538,0.8808294302863166,-2.6573657577731282,1.023854656230744,3.396037796011054,-1.5891382089362818,-1.4978818397162508,-1.5568128217586026,-0.4456466902880753,0.32778947977542816,-1.1283663275991667,-0.33674603480629217,-0.03576934194454037,0.6245722952362213,0.39877619116006296,0.09980685092573896
TCGA-A2-A0YG-01,-0.581457333844386,-4.9451395255683375,9.665574960820587,1.8056276380574305,-2.9725438803836113,1.9467124580922186,1.8508949129045118,-0.686521915277222,-0.7501368146401939,2.979305005871426,1.575711707814142,1.360328703134979,-0.8546720544029541,-0.9731154545654241,-0.5540408479210238,-0.5802179718071072,0.15308753892207663,-1.0112791509777124,0.6082170232324514,1.358084497622392
TCGA-BH-A0B7-01,1.6388565744393584,-0.730562508364873,11.376785636421063,-4.502554020074783,-1.5123639039780323,1.3006644060183623,-0.3470608586800398,-1.896498599521835,-0.3938574979344083,-1.2003188221611312,-1.136512889822921,0.3575841812630878,-0.025321652855812376,0.2773944907235569,0.4995042150650763,-0.24837383482468123,0.8842482790531014,0.2539113030105508,-0.034789794483889316,0.483952750228137
TCGA-D8-A1X6-01,-11.850466952154912,-7.538814803974832,-3.9483614648948246,-1.3999032641180618,-1.3730785802780692,0.5864299486485895,-0.9282140365002607,5.386021208550972,0.43651081372425776,-0.7972455718474281,0.2879624930110818,1.2713497326837504,0.8106673318497756,-0.9412231976581872,1.1553513983880053,-0.1632869080169837,-0.4642229809145908,-0.21319405402288633,0.008016527182469889,-0.39994357768940103
TCGA-BH-A0BL-01,13.779433802467691,-0.5821881988831726,-2.885811231894658,-0.029503718237144465,-0.7966460148549115,0.22780427236007986,-1.7798274208724827,-0.4239637681307355,2.4429822897957227,1.649748973464538,0.35554253727780144,-0.9751998905333261,-1.4026481890748803,0.17945839934044894,0.09837397761686262,-0.5527640474184077,-0.10432397807504618,0.4710333848150158,-0.4230034087503972,-1.5733740960741525
TCGA-BH-A0DO-01,-1.708498682850506,11.942087241247087,-1.060659221854373,-2.0289320667186166,-1.175748981985671,2.102928759603287,1.823200854753764,0.7718460921061937,-0.35565349477118824,1.2081786990171814,0.3803593277788371,1.7095925257914257,0.10278473826802272,0.9010657678183451,0.1944892214666084,-0.9372132137982458,-0.45852456178292544,-1.870073557657781,0.6414723975863109,0.36409815739839513
TCGA-A2-A04Q-01,11.915284625289235,-1.0077909950014836,-2.072378923831632,0.5978494897131138,0.48794564890340875,-0.31771738804965655,0.6491078194206182,0.9259117871555639,2.4284240819230467,1.6702537220502522,0.5287291395344031,-0.2135748156103425,1.4821808388671702,-0.8623888905569289,-1.1892088092572402,0.6048487191230169,-0.8881018689664797,0.4950519512510185,-0.5547395520496184,-0.5801538837942545
TCGA-E9-A1NI-01,-7.546547237794906,-7.310479875251561,-3.2528296609071927,1.0274479490765474,-0.36865185051157384,2.2368286288587744,-0.019459061706586393,2.1030407150905632,1.932355070491814,1.264449629947553,-0.8045321101322587,-0.8108904267575018,0.3018680953955124,-1.090291795778466,1.111968271855798,0.7784801100249562,0.39683424355465846,1.2321406431671997,-0.7637030890702972,0.4827633274614561
TCGA-BH-A0HY-01,-1.6278947429532398,-3.152229561765023,9.187124660196458,-0.8570780693848497,-1.7070448894760832,-0.06989952363495895,-0.88431582566045,-0.7608651057136385,0.09790260989417336,1.3172156394796601,1.6802199087197403,-0.11976762981616981,1.109413249538143,-0.8148769651390886,0.48151380832432206,-0.8387004204911902,0.2523428545701908,0.010187076880588846,0.5017496009292354,-0.9558221500806416
TCGA-AR-A24T-01,-3.627245398716892,8.593193119161757,-0.8033277652982362,-1.6280800896942036,0.7500509894227351,2.10255107319435,0.7572823880297492,0.09849592086574739,1.3591664616352621,-0.6587114863429225,0.7263582961812576,-0.021118163236287325,-0.6214781332800341,0.04246929978724241,0.5401902870450728,0.07161120938601635,0.1584358544272524,1.0414822226600198,0.3544601688747,-0.4674824947901582
TCGA-AO-A0JA-01,-1.157208546474615,1.1250355171779995,-1.7353052104817437,3.35893926683819,0.3825871668346036,1.7306681386212923,2.0489882515959343,-2.0747947789105186,-0.651684260115754,3.2697846797096153,1.247168333337431,-1.3653967765059314,-0.3398137109053944,-0.8313627961706316,-0.7621711111066028,-0.38690578788132524,0.28677063740307845,-0.4604501233119051,-0.15955906004047218,-0.07771913882699377
TCGA-D8-A1XZ-01,-4.023245956459178,-3.6426770725312254,-2.0983293544136052,-0.15042835453032288,2.70216934834778,-0.6401456297459683,-3.563579781830642,0.494438752130333,-1.5659903522626206,-1.4405231919450445,2.0632294106880518,0.9969114833937904,1.707161428732218,1.4147713850787602,-0.0657123126120232,0.5077635058307138,0.11334527831390856,2.1416615507102095,1.3964554737343766,-0.6967586649543334
TCGA-C8-A8HP-01,1.6702973135867993,-3.8869095240114797,13.305141074236467,-5.190421732941253,-0.6800245970388156,0.28992719641534603,-1.9721329406461734,0.6855797283935335,0.955520534870942,3.0583651777267775,-0.3299558248348087,-1.0677678730354987,1.2196042947105312,0.023516189614336592,-0.21837874074944238,-0.32160519994646525,0.8979257258987904,-0.14874393676208406,-0.02569697939270587,-1.112657945277496
TCGA-E9-A5FL-01,13.759477065765674,0.9474466682440027,-0.5217319062983062,2.3709996957407404,3.7153478402493803,-4.125699163742272,-3.9136569819426814,-4.2744322195709055,2.6453285667382724,2.650774610205674,1.6705987544430148,1.9483121039938678,0.6762627198418165,1.9085836584258924,-1.9071312484270722,-0.5852442961829735,3.136465913177316,-0.33945285181454793,1.9984833333702148,1.1972062796343261
TCGA-E2-A15F-01,-0.06431617289457477,2.5311078282971184,-2.023559081965186,4.166399261864289,-2.665631061772424,0.6813481422050103,1.835742598870755,-1.3088408984672164,3.0663685152553595,0.6651635856174433,0.557468261946231,0.5630662955692973,0.2950657532948234,1.082115071069017,-0.28812009858415344,-0.002560300203471627,0.29046743930480934,-2.7442020603954296,0.3688098896049322,0.9328515762168309
TCGA-A2-A3XT-01,11.340546376574961,-6.596719723267087,-5.878683371356536,-0.8625999119056428,-0.4957924093333465,-4.796211009906608,1.4800623653593759,0.8677861578038762,0.508945605998199,0.31173307672695993,1.3185911387931222,-1.2460247786130645,0.13024198004014637,-2.168501430885088,-0.36629976870464437,0.37865312316430977,-4.431968680502046,-1.9845796294101665,1.7337271108499084,0.16675706584288166
TCGA-B6-A0X7-01,-3.7942439157919154,6.695309126298761,-0.227782077447289,-1.5019077432879646,0.6053515908241692,-0.4422835053845696,1.1807806118872408,-0.3976160630461867,-0.3592481923571362,-0.6613105559993222,-0.0025649723415793824,0.49085609409549574,-0.8947038463467508,0.7918145872878725,-1.0042079045108547,-0.10088702860148661,0.09557022962892654,-0.664209361457912,-0.849417133775512,-0.005163015260493996
TCGA-3C-AALJ-01,-7.416546252222767,-9.152278276198597,-1.913908018763633,-0.7449287576737887,-4.288302606617197,-0.42289697240864776,0.9531685076843834,0.4867152814068174,3.107708391622168,1.0674895206928923,-0.2374065830830839,-2.395179732384067,1.4042428670597207,-0.8364626983941652,-1.8860868418375416,0.8065630423054009,-0.075582108744409,0.5776450410084382,-0.3004446019812096,-0.07964769144126542
TCGA-B6-A0X1-01,14.697006377283106,-4.933156241658291,-2.060974425257178,0.7458900904943557,-0.7141760009932947,-2.031139881189236,-2.0435870117987696,-3.6942916158365575,3.8686187999371096,-2.090261528811456,0.059839499601312414,2.4866176352505946,-1.8736488758449914,-1.9756045898315047,0.9027882127473135,0.6766675448558283,1.2307605611591175,-1.4962319180903305,1.750405554675628,0.03340340762663194
