,PC1,PC2,PC3,PC4,PC5,PC6
MB-0362,13.784937562839199,15.58335555667021,3.1284564379625808,-29.5216642023314,8.290771363659111,8.918638208289643
MB-0346,-4.53790632994842,-15.931065027667012,-32.36380341206677,-25.872949315877865,2.7426629750506635,17.629504037066955
MB-0386,-4.396006308992981,13.380051780250186,12.862781421683268,-25.07494050694376,2.5033025692462187,3.7784862181063126
MB-0574,17.705645385715947,12.33042367828001,-10.864452378249291,-22.25498667247807,6.323642447392787,3.6603313572668816
MB-0185,-12.067856469158102,2.4404161255463985,-19.05581076524513,-20.551547528053355,12.291500526313476,8.22029579561636
MB-0503,5.849036630298533,17.16705327287731,8.85677856914548,-21.94592976123657,9.537389469115169,-4.683929619780799
MB-0641,-22.32131341345019,21.665552409550347,39.37256374038148,-18.35073722880928,5.85341333698783,-8.984209405445975
MB-0201,-26.009873903476628,7.017460473155977,1.1871513712976445,-31.88111694553484,-15.291610829562641,15.51797048352688
MB-0218,9.791581756399209,15.674014009679391,-18.11541922863479,-10.600339979912443,3.113141515756217,6.925046956984793
MB-0316,-48.99033794500759,-21.512314479870124,-12.244494875116644,-2.4632870760151873,5.355748288148777,-5.799435513683446
MB-0189,-18.94517728247342,21.164339394011662,17.54042997472896,-2.9991755942796803,-2.4727410145780038,3.0154616476960205
MB-0891,1.112654318137988,24.783689655204977,23.86456312020569,0.14651304254461062,-4.171527419403239,4.434774833078722
MB-0658,-47.57493417118102,-9.087175037588478,-6.365287851035535,-1.413678149241258,-5.051162885821587,-11.307811953478353
MB-0899,-1.0191136511554761,12.649917328990846,7.479312512325916,-1.3075364470687043,0.9532423992239968,8.848714811528998
MB-0605,1.1496643779081168,23.767581811951292,17.294824895872235,-0.5107178156115805,-2.6749736857131587,-1.1812008568183219
MB-0258,11.806946240022134,13.303822140642454,-4.27559946658276,-3.64472940672639,14.517578305951776,-8.439152720610183
MB-0506,-18.61155438113722,-8.69480859509318,-15.787239924126398,-21.896214829721018,7.445580302164873,14.308189297303246
MB-0420,-40.139711159900116,-8.406972233842044,0.3276529747283631,-18.02560741864138,-19.23330225543558,-6.880490421446359
MB-0223,3.5192953888140193,7.316720037915866,-1.8391008631202952,-8.805038804211552,18.47621628469986,-0.9733591733929214
MB-0445,10.919658489078458,14.716907564025583,-6.062523844106908,-12.506666910213175,5.8806506720945455,-4.299532213377993
MB-0199,8.130572062919615,22.94092753419251,4.779667407472693,-8.586436644790243,10.364226848957497,6.010271863923141
MB-0517,19.8183256833792,19.83028492084241,-2.9951223439408894,-9.352571554795803,-6.359284127269304,-7.416761853738732
MB-0155,-19.047300730175323,17.892353556265945,42.8363104277174,-1.6608022652758565,4.830634043822914,-7.18399268238921
MB-0428,-10.187135614256592,9.238846133265259,-2.916759495817752,-1.184084993981001,27.20354923773982,-0.653921975481814
MB-0117,2.002135695708519,8.74326421996736,13.319110070030819,-2.1150417302073867,6.362167018750672,-5.278441717490902
MB-0906,-30.678973897937464,-16.010535504024475,18.047466073464246,-8.902034275263595,23.50679742337751,18.77407429922778
MB-0249,-27.438873835756937,1.0546063437728042,-11.741436677122472,-21.20563685711327,-2.8028367371327394,23.53291342568302
MB-0660,-17.051463822124735,-2.425693016558274,-2.9401122484918365,-18.323641699073065,1.8942279080989177,25.448081467978163
MB-0497,10.817178778784337,11.35239366494006,5.000154776095119,-9.304037554713219,16.412455516922346,-9.636160168091886
MB-0434,4.451355503585819,-0.4455303214718845,-26.302423878452704,-20.965982295443403,-0.019653320699680232,17.674275804113673
MB-0143,8.553872462184898,13.07211867493106,-11.050290968623576,-12.52347190486531,1.001630754634171,6.36016557336525
MB-0513,16.8931637976449,19.02284639213008,-20.52217504385637,-16.098716618563067,12.651968540696378,-22.506433650324755
MB-0541,3.186256079187842,13.495869206658668,-14.157170557864802,-9.086577771576993,21.863330894575384,-9.915446616044976
MB-0653,-5.9929143414357435,0.22943100072705877,-25.966905740613466,-12.305823059516717,4.483293201835353,14.284032827617864
MB-0455,-27.65023030641586,12.699597159917687,-14.518628631925013,18.958526601336125,26.986601218101193,-3.687475514003113
MB-0540,-41.202559507867164,-2.022652978410987,18.84955106840167,38.40971731162003,39.83930909612302,-39.148843007515175
MB-0384,1.7407477155843871,17.789399581863215,-9.629255636189207,3.710592893202481,-4.0952124676935435,9.823790222811265
MB-0637,-15.638835351723053,5.510801250473051,-16.87655523534463,-8.092662399983071,19.871207956027835,-2.1262957610075586
MB-0157,-41.08126302285136,-12.76325308122776,5.735322492318982,-4.107435906959669,5.243159377436624,-0.9327131910829997
MB-0443,-8.4057616576521,19.385532631782475,6.4488179422141965,8.706244676489977,33.68330095520864,-4.3380298949393525
MB-0584,1.9380575615981168,14.77461495628962,-12.091013709903871,-2.0019232342720255,17.795680238429554,-4.536749240412217
MB-0292,-16.01949155684572,-8.540402576496662,-9.541193691662167,-12.534903494436179,-12.240383343682767,28.60112469873377
MB-0322,15.291239063207051,14.41200101049619,-12.60372798868272,-6.653373625500363,9.821938785571522,8.535430091349793
MB-0501,17.155282041012242,18.31115575847841,-7.48788297108569,-7.047924288394221,10.476262188774722,-7.119250415964002
MB-0401,-42.886777172743955,-2.1956616848517045,-5.715174218358982,-13.322279137961681,-17.081642656927524,-11.81775484741976
MB-0140,16.074508385198328,22.894586874480428,-13.183685726509058,4.102380877662633,6.4864093414533786,-9.751510416898148
MB-0606,15.422697865966775,18.279188600928617,-13.562373695358264,-3.062564611694205,8.866774124329446,-6.154754197041177
MB-0666,-3.8545315267707854,-2.660002116807241,-17.947267031142555,1.7956062180921537,2.7276239972036507,15.784533738112401
MB-0598,-12.121397562554712,10.24387052489156,-6.622944985938821,-2.680734847410941,1.708558268283751,22.016788279635215
MB-0453,-11.261599047025122,-1.9107328705995803,-6.997903852570973,-3.407777842575548,-9.774386013831219,18.054294868230983
MB-0138,13.093933256177571,14.87769468469811,20.200237943868988,-7.172430774648945,-5.788869407710461,-2.503011364615904
MB-0579,14.723955988018568,11.940431327837917,3.3911805061925206,-12.544073050120502,1.4492532909324622,7.48686886860693
MB-0405,23.932635131440353,10.500444037311524,-13.71644782396482,-6.140151453923635,13.735900102195286,-11.75495042639732
MB-0471,33.51364240428885,3.635361938097952,-29.025806803829216,-10.569310425183211,13.478974096798783,-15.765371701002113
MB-0347,-32.06542133854968,5.09417971942744,11.906622461172136,-1.5970761655493853,24.470102199768256,-0.8797934168785295
MB-0619,-7.5657594288376355,12.752663527147991,2.6730000856532055,2.750596037037128,24.117283882805268,-13.328289324083094
MB-0171,-5.225860199350819,25.30075625247399,24.66362183473049,-2.0864859671073126,-2.5975548776411075,-11.377223783574857
MB-0310,-10.862223007890027,16.47427769432516,16.858599897164527,-0.1604736606359888,10.061070150792384,-1.244288870136832
MB-0621,-3.978969150452841,26.191394956334648,19.185563637377633,-9.422030872259421,-3.6699160543129357,-4.67482328216957
MB-0614,-14.644474178828302,11.217902994818738,3.9164577924207142,-0.6453987059738104,21.797822290797566,-2.541485535735183
MB-0372,-37.63317671907485,-13.178592325771223,-17.810820127871697,-8.695837443447456,-12.80543435198412,-20.914231612594524
MB-0374,-6.0232666234244565,8.52251277616561,-8.170493313004611,-11.827933213648796,3.1629466524898433,11.277694829076186
MB-0382,-1.6382910820005339,17.852356691815437,22.438367344272155,-2.8316863663632263,2.12927174600499,4.515612112673538
MB-0327,6.780836310341984,25.49315930350035,-6.513292119571919,3.6988597560634253,14.935501107633211,4.5649151622108715
MB-0066,4.2275177903718415,15.650923365067607,-14.13538905332857,7.7750294707228855,20.195014997273045,0.3671308800536594
MB-0144,0.9435460766554893,20.782947062406745,0.05390386213288113,1.6225206740732652,2.1107039923427005,16.959562206347872
MB-0596,-10.396956317220164,23.529328079915537,12.319164538652748,8.854735266139794,12.93208196587146,2.743184388680785
MB-0164,-49.384679374718225,-8.639933916551128,-8.996181755866061,-4.476622206179846,-12.52505735867485,0.6582035285343516
MB-0215,-6.662772868272966,27.92737090978519,-3.2664078638208682,4.881980640478515,4.313687911045404,11.1701695414571
MB-0146,21.582241264070134,6.528701489271907,-22.197678920327494,-7.188618102819176,13.09738567119678,0.40523266253049217
MB-0229,9.1557017942598,22.607632988071472,-7.016011974891519,-2.998994461553797,2.3722098778909984,9.87613414532343
MB-0505,-6.011202280993702,28.914707694533313,26.31630555299308,3.5690035323010307,-6.457523737913274,-3.1700092308397676
MB-0102,-5.431397686613798,8.645581992313423,-5.062173001090139,3.516319530273321,0.8696696564868007,20.417284648030055
MB-0569,-17.167092991403216,12.112506221964258,-3.4880766504389547,6.61879854186668,17.17073175927642,4.913111785515522
MB-0516,-45.39172212797272,-9.174651994163634,-21.771528398781925,-7.784754146268755,-28.286910483442355,-10.66115501209222
MB-0272,5.292042721542688,19.744588544462186,-11.971052160823309,4.6115819025903235,17.961027578096328,-0.5880579575704312
MB-0585,3.1152973608651204,9.232899179917533,-3.0488032574715715,7.230431555549559,6.7418189829734905,6.016415219118698
MB-0494,-40.54598228291142,-5.5013159735913595,0.7896028049332967,3.038825927495213,4.896494867518587,18.20717864826354
MB-0306,-12.904649288935898,20.63733495198556,-1.2813624025637071,5.849832370712194,7.175316708245739,14.51194852950628
MB-0463,5.961024964567876,31.179507826874993,-0.10502936393733811,-2.850025236669523,-9.40000584274466,14.272843507269387
MB-0198,-6.580932650003059,27.005110729912957,-5.613429156469404,2.1520723140130507,-22.35175252984471,15.054503789626612
MB-0203,-7.525088999064455,25.92327681080748,-7.746678013532332,7.750798355529725,7.948473057540378,-1.1271176947163681
MB-0607,-14.005812768774573,17.117236941737527,5.585029416197243,-4.23529649417577,8.504092541944814,4.596582105360605
MB-0631,2.931145556370052,24.77912611543123,6.2405130895723815,0.20044587492603935,8.468665669404402,0.5462387394706809
MB-0363,-10.498598494526286,8.404034840151816,-3.210788966091768,7.837296559237901,29.94536584361027,-8.07559207442641
MB-0427,-5.980790647405504,11.161779315892783,-6.486479982810188,10.345381434500256,31.104659166434885,-13.75342155665179
MB-0519,-30.08180593520779,7.110990563723279,11.586344210508571,6.190231602321404,31.06085928260575,-19.526401196063265
MB-0371,-8.84286631758429,8.166002893389543,7.702127311057845,1.1733363723701746,4.867386143470984,18.873085140488733
MB-0380,-2.4572211694135144,10.68074207369889,-34.58788033088735,-5.986243829542717,27.061010032525534,-6.993571504934308
MB-0221,-17.671734004507627,8.687724132438426,-18.590648132835547,-2.874378364737176,9.025200373742791,19.213333143105263
MB-0348,32.36866900015779,23.078321062778713,-15.625240830857287,-4.421285349426329,0.31697874399011183,-4.2211765211375605
MB-0261,17.901932524583337,21.623986470090514,-7.868057358352967,-3.6455328714840465,4.5489865502233835,-3.5038074443307963
MB-0576,-3.2277478526577617,11.72753490251452,-1.393386244897204,13.061071784933361,-4.2838410639762206,3.509960643200003
MB-0385,0.2120086885288014,8.730463564511325,-24.074234670109178,7.90210278458509,11.912994467047765,-11.254000356670193
MB-0659,-6.034001745998102,-11.67854353636306,-4.679164616431117,6.867095459535976,-44.372006900330234,-34.53859924157043
MB-0270,7.986047682069841,10.84643358108021,-26.78566086885729,-19.506175058332865,15.279358014014406,-4.938785791797432
MB-0379,-6.438953470606678,14.88739447616217,15.335333921741025,-15.576653472924857,5.158993641940657,8.068934928254265
MB-0432,-46.94656543136489,13.410671448419766,24.871828750824033,-8.37854406069473,27.33724259972139,-8.980491290761659
MB-0527,0.9790960007959837,23.13065215631175,21.698669699914838,-7.302896134685288,16.5967756310159,-27.614467710903064
MB-0624,-7.8009022433398645,26.80794586235839,29.06414891122189,-10.921670842885685,2.2671017864569096,-8.185471251929817
MB-0273,11.139691306545606,29.800182655023377,-9.940843131695495,-14.638572268853995,0.40723832989601527,-1.1665967468591159
MB-0050,-1.592152563001012,19.473784685785237,19.35305851542566,-8.777514028785431,-12.221857932258182,-19.856294181218328
MB-0460,-28.463054026607516,23.764601559472,32.93092681141411,-9.845082858576443,16.620183330976673,-9.108153997599194
MB-0654,19.142995536988636,30.5253308252611,-7.942058826333325,0.47522736878251837,4.0261412332888185,4.451063105193445
MB-0454,26.595476900087593,21.558716825847068,-27.2444131577514,-3.1568088325088572,-2.0474756471295317,-22.237755929896828
MB-0392,-21.0519169771629,20.74197097711827,-0.47585703367465965,-1.1935437195947594,-0.3722963186914274,-3.717525369191315
MB-0336,6.43445680540704,16.391086498390987,-11.651669655292189,-0.8624829277615457,0.3361202402624256,4.632506470547736
MB-0467,-18.832183078513435,4.39825734867293,-8.046658596480967,-9.566153655930062,-20.391638699242474,19.18460546066538
MB-0349,1.5446799744247193,24.417744356579234,-22.318680323922145,1.4975248761043578,6.170615929002127,8.541817600703691
MB-0378,-29.21006877162898,0.7418110575648268,-27.969642541707138,-4.357272321544271,-5.618081607316304,25.968938377790813
MB-0176,0.7460309971279588,21.043413196760536,-6.7370997111747934,-1.983393010854803,-7.890955817582495,-5.717122465180509
MB-0429,13.958286623068817,15.844805742665912,-25.237041939487018,-2.8059917952334126,16.548967411728224,-7.353940502215062
MB-0397,1.3629954067518573,22.113878829927767,3.5868133960117117,5.8809467492694285,-21.018076640950987,1.5112943384565383
MB-0571,-0.22515681697797385,26.21122481272912,-8.822410527379748,-1.5487710410409128,0.2109806050003559,1.8380727321430503
MB-0426,-9.964911638394048,31.80837940405342,1.7505372270995596,3.527014984568082,-18.626103181829517,2.644019087954749
MB-0135,13.070986468648732,22.171220164814365,-21.155110646457192,7.063151474849761,9.77962838170464,-7.626481168153869
MB-0112,0.8285031384733853,17.794748457393684,5.248045060047639,11.516695978204636,3.445977122226652,6.888656568625195
MB-0352,-39.21663573762994,8.882598891310227,4.340130013820267,5.356202181852876,14.163977622891222,16.73665059951467
MB-0644,-25.403374710936873,32.8604760126453,24.830025001263593,11.493364115239928,11.717096697670744,-7.935939535953541
MB-0601,-9.630118581721492,-0.45215973429802997,-7.115535480647482,-15.622384502022939,-6.039052435154048,14.57930449021686
MB-0568,-1.9582688561483512,28.707517115277735,7.268217275987368,-12.544104843398722,12.448883112774226,-2.7075886813244674
MB-0328,-0.11306710385304543,10.512307456639082,-15.534147336892302,-13.870846927245768,12.80832152391039,-8.701799197053544
MB-0325,-18.227020177718554,-11.75157784005126,-32.84076655878921,-13.256508313227783,12.020430943024634,-20.537431646597746
MB-0358,-20.391535544113452,3.111061577004057,3.61197432552259,-14.74479797196522,6.8367398516443325,5.821328863998683
MB-0413,4.020711485868863,10.750331859035878,5.1983254452375345,-7.472926674014912,14.167642528575598,-11.951336881495182
MB-0158,-29.629168448622643,6.1983620294532535,-4.890191651397619,-17.13738024315904,3.180714444739358,15.177158921824189
MB-0636,-13.779377382839387,23.905411139792065,2.5740819762161546,-21.9104616465108,-7.126693022898241,5.597616314945547
MB-0145,10.069579928665275,24.356201711504113,30.00666061112595,-15.33724946827648,-11.29267424037802,-7.970746342143869
MB-0195,10.00315522932701,2.4915524342979185,-33.169705942365304,-28.974302928020013,16.80965778514483,2.777729618305656
MB-0422,8.152093762846897,22.21352048245717,0.912934227006584,-21.011081737095875,2.5556856180208216,3.1176809759783306
MB-0483,-1.4612033195757796,4.632257271869308,-18.257996231477524,-20.136878363663225,19.713670690648318,-18.109046728498893
MB-0317,9.603777573458466,20.337624909357924,4.233448357036328,-18.064335203059944,10.812864926117992,-3.8887096915153556
MB-0486,6.435139056417769,24.23323578092466,1.4374917032231134,-20.1893664047407,6.46225467847584,-6.984848166450119
MB-0139,4.163955924030405,23.540985362304443,30.675413771401804,-19.302058443424254,-8.863676827898718,-21.84403210721671
MB-0257,14.167111258609262,23.659597176149436,-1.649742144698526,-13.006669697620195,-3.5390035742994526,5.682536397736762
MB-0345,2.9797596765937975,28.92066363442215,8.152312700875136,-12.005105248139587,-2.5716573035192756,-8.227944494786918
MB-0375,-34.93851665391191,1.9903493059162591,-1.4384013709652623,-8.165866861358904,-1.4123070257819281,-20.11185681236011
MB-0419,18.213291842426997,8.32702222426577,2.054093473185458,-13.789080147387144,-1.1409717665246888,7.198018385305855
MB-0480,14.318721058883002,22.47945954031582,-2.915983958298541,-18.288887206597163,-6.703626820609909,1.3598526141207807
MB-0311,8.327360328108568,2.317155849346996,-4.860370290094626,-4.394398605857222,-19.067754090249327,22.189182717804236
MB-0324,9.630695864202531,20.932666197923695,-28.31098756014841,1.25089855239911,11.978660778544612,-14.421044855700332
MB-0368,7.879741663578866,13.212105553634817,-41.04370959042725,3.4027211869769305,13.460428249793118,1.1899491134331175
MB-0389,-16.943193484266786,17.406132605559645,-3.4476322464341584,3.596442556512401,8.572144777464592,14.835683375740983
MB-0248,17.2872908120807,14.679545233466534,-19.658300006909627,2.7742622770357173,-12.447048580738047,3.0151869264224636
MB-0035,21.607946730273742,-4.596517561131288,-20.751810894237558,6.3626885085781035,-15.002044156746473,6.287217982874351
MB-0667,-9.057725082232347,12.170275457695743,-15.794284995130228,-1.9588906283865224,3.782518365158121,13.810907837160771
MB-0423,-15.46935055301866,35.56522050129173,18.457553234472314,7.721227146815748,-5.997603772135685,-3.6934936184315257
MB-0904,7.4205207815762755,16.926509592987564,8.11871897488164,-5.663425542400544,-1.4304521499104812,8.021593951185277
MB-0119,8.37285384166837,14.818122012652877,-24.564125208911662,-4.039689776395775,16.869136703303536,-2.8705747176964804
MB-0650,-8.72984876776517,22.498682758380248,-3.734072778206243,6.609267059256775,18.589641078758028,-4.881615778699977
MB-0204,-1.8989126430436352,30.538531366704724,15.082457397169447,-7.866845324069508,-10.679071935994765,1.6865455744484574
MB-0184,20.950248515527804,18.22302922112574,-25.096492657716734,-2.8775009996380656,4.700852527969906,-24.810978461161664
MB-0600,18.597418623361627,18.50429473116476,-14.456002950591614,-4.7940029947861085,1.4667825261264567,-8.582190151166074
MB-0400,-44.32639287066546,-5.067906954376143,-13.329691267171915,-10.443456230054753,-16.964916528396184,-7.77829732537224
MB-0511,-7.671632522755389,26.17966582906283,8.733534519275365,-7.118105038143578,-12.627699229788371,8.598883762342618
MB-0059,11.558699992311208,18.546572114105583,-18.927847438600267,-6.502120829895918,-8.979221219170439,10.532125552954168
MB-0500,-42.10630482762844,-11.431822818212305,-18.988162619695682,-20.69606106409895,-22.430918798009927,-3.7568225639830786
MB-0150,-45.06601203186588,-12.247685518822276,-6.3185134402209,-3.190710000618201,4.684583847816782,-5.241870887661324
MB-0895,-13.532162288189566,12.148818662432308,-23.50803107618553,-1.2948683478128449,12.02440153264582,6.789509613689376
MB-0366,15.358019405851882,9.235341952552874,-8.198207793397449,-1.3748944257411546,-3.333055477401313,3.6654373926330113
MB-0173,15.165688059724406,1.2993298555746837,-28.666087662968106,0.0010391982811310634,25.845265971453077,-11.608101490583426
MB-0131,8.903301569823578,11.206819027966255,-6.55048668450311,-18.98183415126807,2.2457269767712242,8.481332051186838
MB-0206,-55.65009654398202,-12.798030196587339,-2.583501901163735,-14.612506668009889,15.113190177545784,-7.776069829899275
MB-0315,-5.056827057232502,15.111030181391383,15.624464034823985,-21.423753218197458,-7.194328046314919,5.145183397859855
MB-0361,-20.99682279981074,4.876140166259585,-18.46955721088277,-16.1272683178476,-3.5846732404404356,20.006640239528547
MB-0545,-10.634161229812868,14.005893625844104,2.7879800244486166,-2.49213308095123,7.898814253145177,-3.363222684869886
MB-0370,1.913108908229114,3.653200305476538,-31.844343094871956,1.8577397261190687,19.768286157093506,-2.930028156709179
MB-0642,30.80589877813003,20.709268888298645,-9.791632988346219,-4.561470981247665,-1.5056145460265018,1.980555576059381
MB-0431,-0.330996701775586,21.216440462207796,1.1566994381357998,-4.047110697298374,-3.9971710516147043,-5.694786488275193
MB-0181,4.146232147879939,19.801028893552477,16.153575087323457,-1.5586857958012685,-1.3662199721144834,-5.460939055225163
MB-0603,19.83878445068146,27.07310376763852,-2.756901812197046,-8.184121790356272,-11.22437748086457,9.431649875216745
MB-0295,-1.1212007291526727,25.39809974430244,10.669945472570078,-12.08643758815067,5.433925151853704,-7.349467130744627
MB-0618,13.650094811505685,23.5913569307261,-0.8154822861130905,-17.119181047088325,11.096643412684701,-2.1200936927577363
MB-0496,-5.876652541365907,24.581902260493557,23.41150774699814,-14.230419152834235,-6.0306273953240135,-7.53108459472197
MB-0411,-10.00504186603377,22.218930823181832,12.390061525380046,-14.105973051091688,-6.403336433558542,-6.205898494713292
MB-0285,-22.97549640585636,28.53368004640075,32.81072113595282,-6.788708510726936,2.263148051107186,-13.584697446051832
MB-0360,20.29730530801153,16.778508642484095,-18.064982514584823,-17.59396290451306,7.888453702621201,-2.2106171014698153
MB-0359,-1.630450951411973,8.5484796900509,18.198600121866185,-8.366059190814937,14.176486533305384,-10.782289367175261
MB-0344,0.5108595184233096,16.113944613328652,32.78998377771183,-7.244461478018787,1.6451063397125645,-12.958938997659574
MB-0583,22.075115872015683,22.352638134646934,14.396415270890703,-14.760614814860219,1.7802333757798896,-2.821592401518054
MB-0202,-0.5042758214811983,14.785280055280873,-10.633333038666583,-20.70976084309675,2.033481536715411,11.67269812986496
MB-0485,-4.0167307296059604,19.80643837482031,-3.7203913616681454,-6.90043437246174,11.828538240432552,-2.8417727298420457
MB-0609,3.825839023911572,6.8351950855911525,-4.496043353537936,-9.028635198794884,10.883182132201899,3.03715482085314
MB-0538,-7.279817382617836,14.950562624616497,0.3044834544700922,-15.352692219183323,6.2443968915463826,-5.037341905132941
MB-0197,-23.43018275809037,5.629325939454549,-5.238945912962332,-6.343220122747085,19.489268297763253,2.4496264338737137
MB-0410,-13.336458709832494,18.813336834521838,20.072773050989774,5.530060624671377,16.082897281377974,-4.830353253805988
MB-0528,-12.599116143942034,14.75567517354198,-6.764938282561868,-4.484637455726373,17.764152312917393,1.2953611680985042
MB-0165,-12.259396825601263,4.318238914547938,8.020310061497764,4.879863329780449,6.490520134371004,13.457392740423543
MB-0152,-23.450291574618788,-2.16737198982143,-10.770677519816383,-0.2553714822516215,-0.3167527254891415,27.70459368460248
MB-0546,-9.14602082209836,13.187902172580648,14.778152026461614,2.106373568614376,-1.8520271183844683,14.142936847730407
MB-0148,-30.029641880873875,2.899500504879722,-7.192239569592509,1.8615653200750624,6.45644637257143,21.71686005127029
MB-0594,-2.7743088846939306,13.981695648035306,-26.853409908187377,8.45095555094712,26.097435937552728,-5.352916999629455
MB-0521,-19.318591080935295,31.765612940282544,7.6251865781022845,8.234748804956077,-10.957032964005254,1.7996188027350268
MB-0532,-17.169184327141938,2.419639503868353,-18.525653344475764,-14.064040135721815,12.553822198746579,4.129399204653377
MB-0536,-20.899694958358445,10.820324093560375,-12.033932921258092,-11.864525802569736,22.27203770207833,2.725855561644954
MB-0319,18.452030380835037,4.796498815594674,-11.950497375833733,-10.252776027363055,14.121174483163726,-20.16824384859201
MB-0491,-10.338343096669949,16.056872437740253,7.609934256023061,-16.865645976218342,10.5941893916729,7.826165992272841
MB-0404,5.356719407285579,12.438828476906812,-9.040784843420754,-22.450498072914005,1.6314175350306723,9.063657547627217
MB-0243,8.1818047444669,20.915962109887978,8.78782873331765,-14.681183416329404,-2.3699875293826107,6.861665899484575
MB-0580,-15.934091258973792,4.086914160790917,5.418221450095656,-10.201504087275806,10.81280732756785,5.140345226624638
MB-0312,13.49293371537394,12.193627828220652,-9.728639041335283,-10.701921736399733,7.0409454520389385,-2.611555236805846
MB-0060,-17.454416844497505,-17.081664962399586,-34.68913792934308,10.987837111241861,11.461546519809007,3.197104261383362
MB-0635,-51.31230615848511,25.461559253684023,19.955582346365826,13.921369988757526,16.404884127952847,-5.987207501089365
MB-0649,-4.921384250047486,16.29617726204467,14.157608943512495,12.653118460272774,-5.820160303760215,6.571048998636527
MB-0643,-33.3054729693799,-8.237926631062587,-20.959565853504028,5.768345859193196,15.790912848942863,22.535126777862065
MB-0581,-22.93467185231572,-3.105268251707912,-10.118032008473994,-2.1185496144555342,-22.928243499125276,22.849914154072252
MB-0383,-4.169437628025161,2.157310138517815,-0.3615529252115209,3.2042565855232135,-1.9288507980248757,6.011451874088909
MB-0142,27.69614152751635,9.492573662241062,-17.542705010461876,-2.660833361956115,2.54416940270256,-10.08535975426538
MB-0320,4.389214032049298,26.44174058569601,24.775759770469783,1.14844307734025,-10.553302294878796,-6.2199489409206254
MB-0207,1.81725852211961,23.238196956211784,3.4882772825848667,-7.354366699455071,-7.493983109811333,14.904285155619226
MB-0167,4.110040078701788,-8.822418767839684,-22.387643914400893,2.059908899924682,3.7906007348955084,11.968077612812884
MB-0591,8.644373569383296,18.98828633375419,-11.70993657103185,-6.083927402679013,-2.971121342876193,3.1179325988499467
MB-0613,-33.200570953496054,3.308399372439196,5.488856855680306,1.1207288153214363,5.799817509898493,12.076117475755884
MB-0313,-4.562976551503264,5.830152229086929,-30.7935187148699,8.552666337364943,-7.402162430206308,2.109177952302549
MB-0599,-2.352358904572378,24.515541353833147,11.116736658236658,1.9612834124720941,-20.636306172258436,-3.861668002144856
MB-0286,-27.508480017017078,32.6425740831818,28.97577931762987,7.323398832623883,-0.6526389100202811,7.9135372078878365
MB-0575,-15.543657313976484,13.29184254698274,10.007597489514707,8.570513934774805,-5.128942732681902,6.435095084058852
MB-0549,2.102057632864816,4.468850913190654,-20.353708228714616,-10.727269347682446,4.94570488333703,20.85479433875576
MB-0214,-39.12619558014447,-10.001752107694765,-21.13420900844078,-5.682723709798773,-16.56757633089963,-0.04029472439489909
MB-0589,4.486654159488183,14.07072042207156,-15.442336326249006,-3.705759767343894,7.5492975889179545,4.7833491810130155
MB-0406,5.485965219032796,11.979255089785555,-11.631658517198076,-1.6633301198845176,0.6898371858792547,8.147885651450908
MB-0452,-11.168985385924294,12.53824334739041,-4.107791735218558,-7.555480601548925,-2.952623294018604,12.194240048938944
MB-0524,-15.914317696244938,16.94683558090483,13.713766130191615,-4.279316527624278,-6.347050286158869,8.918946486964193
MB-0880,22.245125429886645,17.18856859263977,-2.1764869679419805,-1.2873421341628908,6.960747060384212,-6.083281052463787
MB-0573,-14.392088304794507,13.08740663935806,20.875474983318142,7.855609811419437,23.469491177610323,-13.865592844342016
MB-0664,-37.7196510913454,-34.41062998758244,-18.201703481610647,-8.332641175913379,-19.097205607210864,-9.746579839332279
MB-0446,-43.76033566314432,-4.501779129151771,0.9291556250029613,-0.23157877980504754,-8.854388337780575,1.344980858552166
MB-0008,-3.0763534884420527,10.21226115776984,-21.90601778595029,-4.326089548402021,12.15028197852997,2.4465292462643697
MB-0656,-47.18490009366,1.1854799086615824,-4.108453336665609,-0.4546412541963588,-5.977641930364399,-9.757404393927548
MB-0154,3.26387623946548,25.447669505080423,11.678824695229961,1.1659122606503738,-6.146346672025433,-10.678433143877038
MB-0597,-13.777571768509347,27.15035241801465,24.625024888860175,2.9283463386817443,-14.638038557022307,-6.73544683167709
MB-0550,-4.57908231618692,1.9096063372955339,-5.486886860142877,0.08810710174415767,-0.47992801861187084,12.881461758439377
MB-0616,11.060554204179345,8.969686054630829,-13.67140147758523,-6.543097025310218,2.3813654338851244,-0.23502575012234894
MB-0448,18.969462363290955,13.913148913947625,-25.179039118754655,1.3501222642423134,9.863679120412,-8.055122962373645
MB-0412,1.2386576341093347,-5.53890467848421,-27.192429321418512,-1.6967220944895947,8.367291617611254,4.97193992530678
MB-0122,12.870201573950165,28.13222622260862,1.496349212924422,-3.1229980594613056,-18.490459428049675,1.4215678404580105
MB-0425,5.874029131279052,24.76708606565348,3.141192247646112,-4.375384550174498,-2.509258444612462,17.62786969347654
MB-0314,-12.929618942429412,-0.7071645449897881,-14.399780423362971,-8.760051329991006,-15.856811186621785,24.94148818663526
MB-0356,4.00626670235313,13.815355546579093,3.121731367336159,5.913344303239605,-0.022066492477657705,15.103996294280728
MB-0440,9.147285104866029,3.7047055566467857,-29.337308891370316,3.3634015748129835,11.277093443729308,1.8902687132137415
MB-0398,-11.800055492291293,-2.0995040750383724,4.85086986171791,8.642600875808894,6.543563800249621,21.420168593789484
MB-0438,-26.111532594954696,10.123928970575987,-4.922963619266172,15.556236336506112,17.543179530408928,18.26021171337021
MB-0449,15.608641863815443,24.561091198515395,-3.470583808981819,11.795329810862352,-11.18724809316231,2.8775695154911873
MB-0162,15.721392688766764,19.851999390913818,6.13525827518538,13.882216254766579,-2.8276917766510103,1.8834755440681583
MB-0593,-25.54171928991255,3.293146866982988,3.2423322231409255,6.8310974985084485,-14.496723918754821,8.039843682789828
MB-0301,7.638589932539289,23.879956825279166,-2.501746267680252,7.902544278948563,2.068367527539643,3.4051966111817844
MB-0628,6.0310046314118315,4.488679674622784,2.022243666423447,-2.9907213322487425,-13.154990676347731,-1.3876401538865126
MB-0283,-2.760385265127322,3.8174584700999032,-22.022547366495132,0.14231295659101334,5.8363157967490045,16.474745834830323
MB-0106,11.82030517708658,5.299058370493444,11.285724364868944,3.8376175347275105,-20.028443170500957,3.542656201639408
MB-0341,-12.586786223834686,16.462022158620737,1.5602284377288678,-3.016558906608715,-3.950514137627815,13.171168925715495
MB-0474,-7.36828598158325,5.114912180424673,-19.582237873263214,2.7971534861465637,11.1136250424459,11.511781035612602
MB-0394,4.8495314468918735,18.460167892782174,-4.468095403737965,8.332550160585612,19.28529220787717,-3.9843014495130253
MB-0373,-11.193658512104829,4.638885387176903,-20.184015559706264,4.624235237129717,4.22093418883017,14.639863521270751
MB-0247,-12.112669874524011,17.43486540157815,19.32614258025409,4.9106490065909645,-15.653020752634715,10.068730656579818
MB-0225,14.940368010866765,6.581689830691447,-32.64534651607463,0.5355681916280205,5.319683635664064,0.233811006223518
MB-0424,-42.56903622793225,26.21620381312594,29.529273940681534,9.276062969434754,-1.7376867078088833,-7.146520249394563
MB-0209,-39.529042656817566,19.044025853888066,25.78441804288501,5.875361266035985,9.778795516399093,-5.553377322317146
MB-0115,-45.08783774977154,-12.566185799649082,-16.70256826071131,-2.91904835737081,-15.781638919281134,-18.02315654213732
MB-0136,-10.14360050691343,24.508939259118815,7.9992634765845,7.617026320696533,9.486348856196432,2.115557808373287
MB-0542,-21.206144734813208,10.027750516551434,-5.43746061459708,9.294709910500424,19.487100904576238,-2.4555474011466853
MB-0354,-46.88079762065928,4.848055925570332,11.395057328131102,4.757018526655096,29.503365403938002,8.564586692162768
MB-0151,11.993999322680722,8.207996737623205,-14.474321206805675,-6.591587061283916,8.325831688219415,-2.4673941807332764
MB-0590,6.517115364526009,-11.092929966382101,-37.75017554593216,-10.951575743531764,14.756578406592473,5.8973391017918235
MB-0608,-46.31339305634248,-14.731336774459406,-12.279083356727552,-6.94633167402655,8.284304173144811,-10.504023082376928
MB-0657,-17.324956612382785,13.820318422697481,31.653153048984496,-2.2365274537029145,0.20463674316111272,-2.1357537843220693
MB-0559,24.910043220269294,7.5270464898274225,-18.0923008018669,-7.588986811309695,4.078063054868792,-2.3069288455443413
MB-0893,-46.83361415700593,10.783278294400013,24.665440935069785,8.122039529343098,24.074882914237392,-10.339305629058403
MB-0514,6.282018927876732,9.9965131616317,-2.621533944932226,-4.654838072518864,-1.418590897167138,6.109052608114669
MB-0395,-16.657614749143775,-0.34401805757346715,-12.961046388062284,-10.588089711064212,11.502887622992354,27.95936115194566
MB-0294,-14.220323992811206,-2.687336375807574,30.83657047573824,1.3005178080433206,3.4811397122597803,17.684245953076065
MB-0439,23.604999313353055,10.71554863799343,-36.431725333851915,-3.4595727490534216,2.244155569041098,-22.874838657832743
MB-0481,-40.89962698165114,-10.274099352702663,-12.463793802220898,-5.695576391941227,-22.491445551530695,-14.462303877333174
MB-0529,14.442182807908937,12.540607079332956,-3.372433387727129,-0.3116642698352232,-2.206419878399439,7.0439308818622655
MB-0224,-5.949185544470673,26.984519862395235,7.510439589308574,-3.1437026746429044,-8.711407603330898,3.3661324613304133
MB-0302,-14.898876239718094,24.744799774049124,19.07311447394555,-0.9128209369965299,-1.5222948197554707,7.223549834720731
MB-0126,12.001651141011688,22.17507289736044,-7.1374234013922555,-5.3410898346985185,0.1034102288999026,-3.965393905985405
MB-0220,-42.25793961024752,11.614040660305745,29.020305951428806,11.002131668978025,25.43285076321203,-13.716571471863814
MB-0192,-29.25639076648519,8.607017338575302,18.474531261214246,14.003608079249856,31.42374133484422,-13.711014836322267
MB-0121,7.3234144323784225,26.731078065041434,-10.189323364968047,-6.008961023226888,1.6516042021672281,3.495595092566151
MB-0239,-7.594765450088983,22.623791815098297,10.501401100605575,-2.893534009430019,8.229040130257031,7.849877411464778
MB-0364,0.24672552218848046,30.467331979702685,13.458873845781634,-4.950899495066503,1.0219109127128119,10.6859485174173
MB-0232,12.311133903802238,20.578991506998477,-8.237264822361416,-4.330467557198347,-5.3629475843901195,4.085921342420648
MB-0884,5.48082208466215,-1.2560262402342781,-30.4577687579521,9.532609657720538,2.0889415891566268,-1.7132647479261518
MB-0238,-39.41743742499125,-21.22263300878413,-10.739621506495599,2.8327650335934815,6.989414726153866,-9.050429005419154
MB-0194,-4.665139052920271,23.146914057051305,11.349357926192432,-8.27109402968955,-11.7694731899302,14.540372757211664
MB-0882,18.527731101605628,-7.656077475794163,-6.720593192873803,-0.1669161859194783,3.052922137447358,5.180609125230461
MB-0010,1.799057245214591,17.327365405632115,-13.552216360856752,2.1435868918593797,-4.643551555623272,21.243116351653452
MB-0236,-9.985910689388284,16.687456796622325,-2.272953236245265,-2.1587115977334843,2.424091690570126,11.60739737206354
MB-0377,-11.797952184615612,17.588051923175744,31.934661639092518,6.166247185196512,-4.458238970257279,-3.781491315940414
MB-0123,-1.9635268577568024,26.294868129386845,-21.855693357715815,6.316741906746595,-2.401002514110402,-3.669639543086758
MB-0504,2.382442045408634,30.676581448653128,10.329703459139692,-1.2854366631100922,-1.5873661191943262,-0.07921156297776817
MB-0564,-20.17892226695479,5.763889918837976,5.2531194525559055,-17.458604413745295,-10.316527773392211,20.92679151340021
MB-0475,-12.8507404667551,11.346120527037659,2.890820223031153,-14.775495106305314,19.464910387569194,7.031909638909453
MB-0321,22.86312923879138,-4.603941583606733,-20.440550838244747,-22.745449765033527,4.662149782846056,10.211577991779775
MB-0482,-25.406902318038558,-2.702808517491328,9.521672329646465,-15.315454110801006,-3.6076803405848445,6.4867923538782994
MB-0101,-3.943561488147656,12.417570464940786,8.496434730360928,-3.8832514069827004,18.24749367602518,1.3064821841785295
MB-0662,-23.73940603063158,-1.5342170194490317,8.590524384934909,-13.40751718781017,11.974332842784495,13.297644132712197
MB-0291,-7.273893936085107,6.495906686617273,-1.5761896683765855,-15.149021255340015,-0.5146328236241189,12.432680903739287
MB-0465,-9.207778509704578,0.741003547638717,-3.4795893831166516,-19.61406910292373,-2.8890813026779445,18.215612693727113
MB-0630,8.578835469593004,-1.1983779272825434,-34.30807056933994,-18.281482602060787,2.882509555372054,-5.29802930508303
MB-0036,19.4639691308304,13.748153743621248,-1.206190133924561,-15.45491670431132,1.7015798476818755,-20.05138179225012
MB-0166,12.01284601676148,4.877186556481424,11.456973943861266,-19.21375606685507,4.100661793613381,-14.051460936374545
MB-0180,22.284694648620746,11.832290670369419,0.11482876067931283,-21.614185526414268,-1.1842472999304496,4.945438789791783
MB-0525,-24.82586628869449,-6.26591527107216,-5.135481980482868,-25.509273504450455,-15.780413041659486,23.88130937899555
MB-0307,-26.03531839723053,14.888751621901054,4.880582154146971,18.786758428481164,21.451438743630458,1.6440999336155544
MB-0002,19.26648197176334,14.251723431407513,-11.613165707272142,3.924879729564829,-13.671954112130255,-1.601468521215869
MB-0408,5.36957601826037,13.483947796757759,-1.9024404251406097,7.385973430022663,-4.136546563237561,10.304689951218911
MB-0466,5.769364078975574,13.50320626704941,-12.360394182375943,5.0701135455000435,0.031005402950271967,-7.376281769891584
MB-0632,0.06981012414207072,12.247252297929883,18.302158840477087,4.245549966004897,-18.430720890750845,19.92302224795387
MB-0120,-11.889296288062035,0.6105413698466402,-5.351117965592536,11.409027663886256,2.7393690004335167,16.222566709529733
MB-0507,-3.93306201437717,20.56607420409687,6.699308257142813,9.09540841598396,11.063723106002364,-1.775607375720291
MB-0287,12.246207401387622,17.04217772060081,-21.001055384734194,3.3763776402389287,-6.487676096487423,-3.9127226800891513
MB-0869,-46.044949389648046,-27.147303176442566,-22.80954244021883,-0.4943257103944406,-25.063113760429196,-7.8895998386457995
MB-4633,17.10296755331264,19.207254825233708,8.805925299104256,-5.495998055037218,-1.7061927349117885,3.843332986469202
MB-4627,18.688538952305528,3.3178551633665085,1.0463502372771731,-4.8661029090214285,-10.898943280000033,3.2371978897059726
MB-4004,17.64962904402704,-2.6327796324066655,-20.968205875006383,-2.2732538929436434,13.17331835026523,-7.364026898563639
MB-4708,9.024004011506177,8.307625676457432,21.600579817821988,-0.025212345249380038,7.433400485715844,0.3038335824131604
MB-4618,18.097914020280772,-7.621612957432335,-3.638444393093538,1.1475762026358587,17.268850927223767,1.8141199073645768
MB-4641,25.98980226920807,11.455131002664599,10.646438792126174,-2.6017632368977655,-8.803355991247756,2.167651261579221
MB-4622,-39.24098002167069,-31.313801282556998,6.89632977086571,3.4282376268025265,-12.155466729244003,-14.330196014677687
MB-4634,19.000380264932858,-7.345899384014785,8.189820804171381,-4.079015201705834,-10.179923002641107,10.109045386957805
MB-4688,0.90621543664257,-3.786517912709933,-17.374879314389137,6.9782586701375715,16.180239747236147,6.408407867009074
MB-4665,35.16554862446286,-13.59061289743949,-4.934164232818682,5.6210531581257355,8.356178300910033,-6.308337228573093
MB-4666,20.409691665700972,-3.320100661390249,3.6712231464473284,-0.45156403834149295,-11.053648290209031,5.954725901487135
MB-4640,-4.247714773010594,-15.777339267819302,0.7118075427049019,-12.351992446516057,-5.638298928435606,16.677196262267156
MB-4691,21.396858190424865,-24.446898386778596,13.700057917784875,3.9745738649617754,-1.0644230128854326,5.1344632680663205
MB-4671,35.517086664302695,-23.22468465459195,-2.6519118538707596,3.9998050570386074,-1.481094466355939,4.940119334505173
MB-4667,-7.979517620912598,-34.5905780436857,24.577395547389997,17.323829539674488,15.777214225921895,8.030350918797698
MB-4721,26.152605961773602,-1.2932475805064112,16.460269303909943,-0.2986910594323309,-9.73719843386992,2.422172730262944
MB-4723,19.58750985800023,-1.7230597753500914,-15.611129277341758,-10.501335650252086,5.051947488543957,-2.3263300523966084
MB-4718,4.991563249919624,1.9840437697779936,41.29369687738973,2.0976604653985906,-16.647933147993832,-10.773650248973674
MB-4716,7.262298363720455,-13.427515612991574,14.217245092857413,5.893214320713069,15.63447542984297,-3.2608769018109953
MB-4729,21.494168124668178,-21.581117181687517,-9.010693415253485,-2.8655260479193028,-13.541493506602533,16.7617575857825
MB-4717,-29.069501177403637,-24.888501614382992,-22.54204262346548,-11.367182464669456,-22.22166906381798,-11.614182551264385
MB-4724,-25.223125264340634,-8.461198045943801,-4.479505974546532,-9.306346539589436,3.1040381044084815,25.631493931454855
MB-4770,-33.07507407969546,-12.249661282866448,-7.912280418112359,-15.24496363236142,12.951344524491608,11.82647993400916
MB-4752,13.80400501518067,1.280445386011996,-6.387558693629354,-14.144913120880883,5.496487038771559,-16.767567626066935
MB-4762,26.050458601066712,-1.1309051822215141,17.375212849987385,-15.930975228908027,-14.119223885907287,4.859174690449097
MB-5169,10.098282888718073,3.2776101515953076,1.2841403488545973,-15.767583933642356,-2.147748683760671,-2.516428389795655
MB-4796,15.481946586074331,6.048497858414413,-30.84100945666628,-2.2653080421243605,6.383038224200902,12.349428914196348
MB-4790,23.88258135174997,2.0440946051549838,1.8226072686826553,-2.657650727343341,-7.5351883970708755,-11.467217122160061
MB-4797,20.146137247482724,6.402971534911341,-0.16005002151320494,5.9337620850939645,-2.379373565109088,-15.101956300152501
MB-4800,14.940869133938842,2.4418923569356283,-9.17084150895444,-4.563126003949163,-16.018124923528433,8.285431869083192
MB-5541,-8.996189321702765,20.306176354401245,19.54049221726249,6.878592436742783,-10.411352517775315,0.9718406704082637
MB-5549,-22.903192884037132,-6.618665696059598,-18.361038145364528,-1.2440851348603634,9.63910759066399,16.28607673694753
MB-5519,15.263833202063044,-1.4695725333520553,3.1926089066986596,0.3536962700125005,-0.4745595991645534,17.070959701562472
MB-5495,3.1699180162293312,11.539385095586823,17.551740072603554,2.026911922997041,-6.48446204645047,-5.517742263857154
MB-4832,12.930843305473589,10.51923205729199,10.957080042533397,-8.410614145626502,-13.788025997433516,2.184525499455128
MB-4745,-21.66290038781997,-19.174826255034453,-3.26643581688713,-7.622106338648472,-2.3027290582129396,16.862444935859163
MB-4825,28.87598266642703,5.423486110675197,1.8153016826402677,-6.290691826265572,-5.7311783475975595,-2.0383218512714145
MB-4814,0.5695152678513344,-12.448449592438413,7.5223573314817695,-3.1254196425862206,-19.09571214263674,-19.3642599896249
MB-4757,-39.070388378030565,-18.23649342694748,-15.454469143557478,-7.119351088761822,-4.598459744542896,-11.22371567972377
MB-4694,-31.878479072688677,-31.259191719356277,-12.768856299715686,-9.381874320952106,-12.354539708964344,-23.288971854799755
MB-4698,10.182270106261365,7.202948745167623,23.55055290246524,-1.4203795684622904,0.6548912090396382,-3.5994195299102247
MB-4715,-28.05718929184089,-39.77406211991882,-7.057099656849807,-4.378244886257943,-17.154078690188364,-17.42590870953148
MB-4685,35.39269964723321,-19.776051424780402,-22.91881243277112,-9.51995667990844,2.5732185807794052,-6.305263420964299
MB-4712,2.5286332323507628,-21.70831179862616,4.433923071820737,-6.815200861120918,-7.875656561180714,17.360508290755114
MB-4672,33.25234793266715,-4.207963755273016,-13.701133948059994,-12.559132179810344,-3.2767604943297495,-14.893328939249068
MB-4704,11.227429539413846,-5.778997919108822,29.453199673829253,-3.4203151145947666,-14.947337324325462,-0.7175231176631451
MB-4655,19.023601322497974,-31.130054251400942,0.8280440476543799,24.665441104767545,8.171366831777732,2.668356167199642
MB-4651,-5.027788425649575,-2.4146731086471473,-18.862148936121148,11.000938130606546,-4.78553606576084,-1.7967594855641909
MB-4661,28.064353602758736,-5.986237112517528,8.62977709076838,15.736709889066454,-6.977390755504922,-2.2774394016575257
MB-4649,19.95602808028822,-19.04690983205277,4.676513130047534,20.609056006157335,-1.5991927214125525,15.037528973192135
MB-4642,10.77485051727085,3.9495134288426437,-25.071048059759107,1.7141670537605997,-0.45409568396247985,0.3552135975787354
MB-4674,46.008193016590035,2.6307917577772137,-14.60965375301568,11.56593145101827,-1.896867481167427,-8.673108872727488
MB-4648,25.927696096365086,-7.19594284180581,-15.112739576648991,13.16139169403224,-2.711488044958312,-1.7099015561279476
MB-5197,17.562869796796274,0.9026841312177856,-13.132774047196213,4.17150429323461,2.0927062322896557,-10.562820372618877
MB-5152,22.100959702462404,0.14831334953441516,-1.642068737666095,-4.620126880264706,9.64746130720237,4.75292947042922
MB-5201,36.54003380245792,8.835688799175385,-0.5256932201041868,-1.7856297685860614,-0.20510321839133766,-3.566869127737797
MB-5189,15.064759366226921,3.3806119465146467,9.53541479832597,-0.7615525596709269,1.6812209891864198,-2.179391705980303
MB-5281,5.026699261080179,-12.072978532283702,18.615405631424263,-9.781149874925452,-12.379622604340062,24.401145586446162
MB-5212,-1.7752639449055623,-0.6371292983495869,-17.2961306324412,-3.9679187350017076,4.75757393464969,17.680286070333707
MB-5172,-7.485581991876323,-6.477972372778549,-5.891097242489859,3.6428346055691203,6.536902520090817,7.286764762303147
MB-5183,24.49262814279038,-9.29639830996628,16.60837277917786,2.4812911593636664,-7.041356122091758,-3.534666750728482
MB-5185,18.99299399117167,-23.872263312068107,23.05147443903868,3.316202259377754,-7.833382967989134,14.226436324089324
MB-5022,6.956173586833051,0.9033133211676577,0.5955067690540415,-17.12353667346418,-4.598265556210908,12.404729641868759
MB-5014,25.2154090131097,6.482978848475326,-6.996051712565095,-9.113461434402533,15.811997264152804,-12.195635592071229
MB-4994,20.368159869731834,10.40917089872013,-4.07054263848923,-15.55912501906581,3.998632843263926,9.332255732230134
MB-5017,-17.89270222256225,-13.520466677420716,16.368361894166704,-0.9719151300055983,31.275096339224497,-1.0128602232748838
MB-4982,-3.267391082438008,-35.033001653220545,17.886291151589003,-10.62665536929335,-6.745927096969229,19.36268399678494
MB-5004,18.001959370625606,-57.780914998272,36.221966538008104,4.931678036035612,13.383012556222393,11.400209005428502
MB-4986,11.591904797707757,-16.5834146833805,-1.1334550910415044,-14.74086209369738,-10.25435383418175,-3.6253070578158595
MB-5327,-17.13020422712316,-9.89308813545659,-2.811648268089974,-8.789075337328066,-6.642690243478874,25.995220224531522
MB-5341,32.714861220642376,2.3425609531706812,-17.34621275192171,-4.176018616159692,-4.115942474362127,-12.406488886583439
MB-5323,-43.97144462461198,-19.60300556614389,20.19188288419546,8.128538138658051,18.629244944383036,-17.89184797569063
MB-5328,16.36357343560925,-2.477442990123429,-6.024862849017727,0.02111902442842525,18.529844361772007,-7.874974045970128
MB-5318,-0.9388887134130363,-0.3054838544616852,2.5778266088203257,-10.444766841453685,2.084531986800996,14.11172309034724
MB-5287,20.608059203437406,-2.3561773713134953,17.84605720810685,1.6573725763059608,-10.00843191702345,1.0682270745051807
MB-5324,12.655501580677639,9.97454842028254,18.515064977231106,-2.1935353468378107,-6.0870478644057675,-1.5272199443714947
MB-4682,21.42361710704407,-9.780479083214159,-9.007392603888812,1.4144979013235366,11.00678756766548,-5.841388335835738
MB-4710,16.799162776453677,5.311589464045852,22.652555731279268,4.810917421707383,-8.926061366916857,-1.2728404453247608
MB-4701,15.761829953272658,5.744486603399914,1.874412892620412,-3.779830847768944,-8.673965202777666,1.0198255022452158
MB-4709,22.7350461892572,1.7093317005889062,6.005362509372011,-6.931134795267635,-7.847914801925003,2.3730763779324113
MB-4686,1.2287419862625708,-0.6736887027475797,13.870234097895292,-2.18899944716271,-0.7708697651737302,2.4818271197452493
MB-4706,7.344364052573413,-1.9341383127008123,8.459566983149449,-1.3027150748503653,15.375961136306678,-5.88202797281999
MB-4719,30.58094379470066,13.261594264639829,-4.246267379579182,-10.576362062648542,-2.2547160509169775,-4.924122598821523
MB-4702,16.63920844027063,-21.530790304088594,-11.795282833556122,-3.7115029054795614,-5.0222290733693535,-16.61389111219027
MB-4908,12.12600759451872,0.19923840660033368,-16.918185134960396,-2.507581707939836,3.398406570243259,13.010756837597436
MB-4871,-12.34554704588193,-28.930523997126812,-12.437584539173093,-5.242424598005566,-18.84719224537151,17.69128335966353
MB-4906,41.59529385482512,-16.753996513385804,-20.499537507360646,-3.8198363078356756,0.30498615491474695,-13.243875826662673
MB-4911,-40.59953960446696,-29.035096886840766,-22.238405613814574,-4.120689171450287,-20.90969673542833,-11.583794637220338
MB-4866,27.876397624728234,-15.627272481498624,14.01792183203155,1.9991599258992026,-1.7056979488945767,-6.267835112713108
MB-4858,3.7563685326253635,-4.305528637216911,-5.8122091353711545,-9.350638751536827,-5.26271865379878,18.291704139317876
MB-4862,-14.663720362116251,-5.756094450072339,-13.522071356879684,-10.31189017373054,-0.711185646289499,7.120847350915348
MB-4872,3.4260574573916234,-2.2745727751757485,22.591242495787323,3.7360238254005886,23.10131090240881,-5.583680066204745
MB-4887,-2.4588831801274966,-8.516120623618482,16.233056044336863,-7.190614164938254,-6.963011153765822,14.482564400697441
MB-4867,10.480774616933454,12.39449381270765,13.830060138336853,-4.91030061594697,-8.123196120933455,0.4890184488885551
MB-4888,-39.72378362302381,-14.045142330095624,10.234504863515397,-5.5716864641902895,-13.790758309101614,-3.6751492758787117
MB-4929,20.66238203912015,-30.914364018301246,2.2705644099312887,-1.761676621078189,-19.14510517174949,14.715709299665871
MB-4945,-20.559801712000212,-47.164918583151696,8.105702791280734,3.865779659236245,-21.662178040038917,-15.305960826141554
MB-4930,5.8182692831728104,-18.452069459371184,-20.038326464382717,-5.233894990629111,7.118003093789663,18.43632008177424
MB-4894,13.838985152201689,-13.9283394376473,-4.759491089907956,-2.5121304091784236,-9.109537206808655,-3.4598315750117528
MB-4898,39.94236217640675,2.951730191662695,-13.23314265623938,1.2742368411159648,-2.63177424855222,-4.907214326733355
MB-4670,38.20267145244923,-15.759873590871987,7.3677260806354115,7.65806943353649,3.8470170680356732,7.091418053089476
MB-5013,37.888237528771775,-2.914948153781913,0.03891570314297398,-1.9890343673349729,4.727881484190218,-6.912195962029674
MB-4977,12.442110307464127,8.557948361508437,1.6315165232383826,-0.2574808513880922,15.917191794313455,3.5219538684452707
MB-4967,13.342397722666904,-1.4329937393680778,26.363564588168984,-0.9767642967675988,-9.743896982840043,6.187593585516659
MB-4981,1.132803144481709,1.6080319529419187,33.949233656990586,4.678446096226203,0.37576826019756177,12.408065358696195
MB-4003,13.4641527628621,-56.77121980360141,2.330769375585735,7.047613541639273,7.609802520465783,12.668227337768988
MB-4968,16.023853154672093,10.141307594043525,5.105060311839547,1.903841891402507,8.397977943665504,-13.254684972845222
MB-5052,-37.825040158256954,-4.47493915330519,7.433127423612678,0.3052527028104264,26.47077487345121,7.355103470606904
MB-5049,18.383486443249183,-1.4180276223531474,-10.535347466490938,-15.254210875158476,5.9191687696264905,3.606067471091695
MB-5041,-24.19092497333987,-22.48043822085358,12.410026232981267,6.018991474630056,37.79491427146536,-5.2421345509297
MB-5044,19.43339998507383,2.132713819050264,-8.407160373354488,-4.71054541147348,4.279631268792519,-22.43208284870221
MB-5072,-5.5308940074225035,-4.030200982855255,-1.354428836939829,-14.548168361198405,-4.019636940451432,21.43765676719794
MB-4171,23.023152182874565,-42.94026494879989,15.181214627532071,6.7654160615308285,16.542628956507908,-5.990717362614842
MB-5053,13.59627206794808,10.440448431747555,20.280297623677875,-9.85412455416479,1.8807810373424576,6.119908445077842
MB-5045,-5.959598948697602,-24.112768336490625,6.644681289779739,-5.759298015192085,10.283889984647466,11.127062294938463
MB-5116,30.6235828622476,-9.105818247567344,-16.889486879841392,-16.245976141471758,9.079719410530434,-18.26118376538833
MB-5120,-0.7177807385799901,-28.38540447541255,-6.411104111905169,-18.82855819984601,8.182868773315844,19.902894095146205
MB-5074,14.915610315587308,-9.361497643067642,11.27527829364996,-15.387829061023181,2.967713672220961,-0.35611929764666866
MB-5119,16.540015627399296,-5.746442118842828,16.476301904499273,-17.19462292462798,-2.7248893998572927,-7.786770876640288
MB-5114,-36.944512713374756,-8.129126771693802,8.937330751737738,-17.068038532120415,11.755089363269716,3.472529781045567
MB-4230,20.691038877470167,-25.81317369814107,22.368586331560387,13.414030948525255,1.6723774836418726,13.586676661998107
MB-4154,-15.47488973043901,-28.237081923018614,8.41181043045333,11.019734541507374,30.640648156498916,7.438822135108159
MB-5115,-33.703194342027665,-30.297138479994185,-20.289645524565678,-14.444805934635045,-18.028372313249157,-16.52292568773025
MB-4737,2.6557367003866403,3.066900563129135,-20.120477481942668,-17.271458864857564,13.974042724987122,4.96025778552004
MB-4764,-0.6073762487082851,4.0727171309495045,31.173422404222705,-15.300285006536384,-1.1269968946462745,2.649178633515264
MB-4735,23.098974866241974,-1.7606904355301884,0.21419264799269444,-20.777504199398493,7.0838230030944995,1.256336119971057
MB-4730,24.816115492480503,6.3771390754155375,-7.061276373040142,-12.154850332483894,3.0576787199161934,-4.127356343030325
MB-4733,-31.796778532014688,-22.114930985843046,11.037438951212838,-13.646776735186148,20.51545281655071,-2.1145179369855347
MB-4758,-25.782211889874088,-9.417125846177823,-12.395139819142122,-26.186086099204854,-34.35283485654339,-19.813304487053273
MB-5033,33.73055840298296,-4.353299363070231,-19.022938179310025,-14.267798080098997,1.8502454656119465,-19.33606066714096
MB-4741,20.256685443452007,-0.0024126216051851474,10.496958775830192,-14.184745719105695,7.08253296858051,-17.778917897067753
MB-4732,-36.0351210186992,-27.161467535648754,-3.44102520534242,-11.007337707909187,-6.9897655224225925,-19.256881632249577
MB-5305,30.712169661109645,-8.173354874974775,-4.919579659330577,-13.418914708948241,-8.932699588051277,5.810327724321318
MB-5256,21.008716877462007,-3.5192672418504785,9.133354892099781,-6.643444180532403,3.070443978768658,-0.28576168513935357
MB-5273,20.74711588186866,-11.141990853070102,-5.58279990025223,-11.771741717592935,5.6942728085207115,-13.638789341703815
MB-5236,-36.385671615375564,-37.410803690234424,-17.99208138781796,-7.975077414056638,-0.11008415475459343,-19.149094236514888
MB-5238,-12.092171322810774,-22.677014951063658,31.448161869247713,-1.7130593160030747,-6.490172089173259,-6.564304579604152
MB-5233,40.78840938875386,-23.577982363189395,-13.21239675120954,-10.608875567047345,-3.8258486969532277,8.8789267827722
MB-5244,41.01185653048555,1.1232843538143271,-23.645645485057614,-8.593740085709468,-0.9604443519020412,-19.003291909230725
MB-5253,8.481593065882963,-7.203402381847149,29.86711579477395,6.537605619640298,3.485433559733307,-4.895236159562898
MB-5260,34.851740505440816,-1.3145213929926074,-13.733774768034836,-12.378979530571884,0.6111636503624809,-18.117547337465563
MB-4998,19.56573968548877,0.8940812776394806,-14.754282578552626,-12.45322575086936,2.188208571368072,2.053536553369004
MB-4993,-14.468327620082096,-12.258031468089916,4.414327019318012,-11.580469584330789,-4.347466816515326,28.076799554447007
MB-5001,20.487027491512162,3.905197533152095,0.8012210985213026,-6.101041517026024,13.571491764564783,-17.819241087181048
MB-5084,17.764891725716662,-6.768967447055834,17.413918355383625,-9.950027732653965,0.03671649752417182,1.9730254389717305
MB-4969,43.87876033493074,-3.4962497343568524,-10.220481853035736,-5.534885956547671,-6.012054680932513,-0.6634674574206099
MB-4999,34.30150265965579,-12.670021328180896,6.490517384097625,-6.19595244075418,-6.086384547912887,-16.468723013473387
MB-5011,27.501102897664584,-4.184560828518834,18.536078386293674,1.9450065248354123,2.2486939362194347,-2.2432882273273504
MB-4959,18.615034055695418,0.32286462527870446,25.262808283949536,-3.2200837012521606,-2.1092158452480176,3.334609217214803
MB-4599,46.25330638742927,-26.36040438708115,5.223461156512014,9.73800318956651,-9.963690029496066,-1.7166386584734896
MB-4616,45.41253577522957,-4.281218149043519,0.4232027191084405,2.8631575968155976,-11.139825049384688,5.532935780957143
MB-4623,12.213545053170781,-12.211521897691227,13.298785139624044,4.831132769781402,6.341613591073928,5.442493898258068
MB-4644,37.07647420608844,-23.85418536720753,-2.4065185329827634,-0.8156830793912879,-16.46534195668632,7.671218869341244
MB-4869,34.36021983335413,-11.074371198174585,7.80889893519879,-8.972003151539138,0.46761685485619986,1.2552650836181547
MB-4878,8.96490771297264,-8.953270029184713,17.1885219034087,-12.73066244588096,-6.249616406531622,8.593693457675965
MB-4851,24.913807650547287,2.947696846579894,-6.835288596830439,-9.208535430945384,10.24466481785715,-6.890348971784733
MB-4233,17.99065952484917,-29.200713454047218,-11.542779472848572,-12.469905205104176,19.21046755153373,1.3935480854924585
MB-4937,-10.702997300434896,-7.641810032831054,-7.404624649508016,-0.3151011026343668,1.0995049272883697,9.126600365832427
MB-4934,16.72632841275323,-2.403534530780733,-9.390319217354087,4.264936841662623,15.514564390471081,-4.94141958215105
MB-4899,7.429221573294011,10.856433685365896,9.508698107531279,5.297414476490317,-3.873322713437256,-3.489008874804017
MB-4912,25.726204008219376,-2.732565341183726,-13.07132893189293,4.358453424934915,10.73649395895002,-6.083064540388453
MB-4935,-6.1527158253967595,-60.95543492060155,11.474681776265841,12.407736005820054,8.331359189532645,24.861124582707255
MB-4933,-3.275808748473574,-10.634718508568008,2.152047752279223,9.81800988013202,25.633567294446497,-12.17523201025262
MB-4900,-1.138464063942739,4.004035622423924,1.4693744923679708,-3.6121401118382184,-8.58615698320382,10.339063692684682
MB-4941,16.950457256759712,-16.961724897484736,32.79618827622561,1.7253894529646934,-13.315047591610627,9.826335521840557
MB-5221,25.161857776550235,8.135852879557103,-2.382515860165509,4.506698472763318,-6.020380526171814,-0.8612388815075617
MB-5139,2.1761765339442487,5.286332514628837,-4.966150826172666,9.789312003576429,17.904780367066135,-6.798979759734218
MB-5222,-45.85447656979543,-14.271634971422193,-1.924337336312285,9.792133123449442,27.167792775923306,2.46818712600744
MB-5097,-1.4797886177715627,-2.344866715718221,3.8410271969700718,1.5668875449142956,12.847528823915319,6.202847376583704
MB-5338,-8.984615136801482,-18.044634123804435,-9.150838351462358,-1.8326669285057833,5.20231212613203,9.560910843934671
MB-5315,-22.07109259203405,-29.664659958543982,15.194757939719679,6.201176670928455,16.451101226917576,13.18132995389917
MB-5195,-5.86460662880875,-9.505734599071427,3.8940668357209347,-3.1684660187075084,3.1517055548209543,18.362681318331877
MB-5226,20.853274921917244,-7.716964259855301,3.8597731075611015,-0.12812262675451033,-7.688824002464996,0.08167679400440192
MB-5232,-30.559184883481322,-27.57684268001111,12.263414043803264,4.92681916416366,-15.776002872611238,-6.610068420828332
MB-5160,24.295752146198854,-4.5970099913274876,-15.508979669020857,-0.12426896523219239,11.926950246853457,-10.528662109473165
MB-5126,-37.83451193923707,-23.650007671264344,-23.778452612591767,-3.6104589236125424,-3.372764187189809,-18.77642932753515
MB-5124,12.226204639087388,4.545400971455555,0.8652506538242982,-7.064098576793018,2.862861547167746,6.639658284342869
MB-4855,19.000531787708045,2.350807865091338,-11.963573071265236,-11.241317612445458,-0.10563099396710353,7.15846418590402
MB-5279,31.789251404156293,8.746619822214578,-15.423298919710263,-5.830862961293262,-9.778183625003782,-3.2395041982987935
MB-4173,36.045816239493114,-5.438974465608443,10.499784660017928,-6.286258310975623,0.9361741876671785,4.223393318308168
MB-5145,-33.354226578020985,-15.842897609514804,12.491904818314206,-5.859264720147138,-16.11220548482467,-22.51059010879186
MB-4944,30.25283703768532,-0.4702766005954798,-15.76279251195653,-18.245280948778397,4.139813586459302,-6.864040690305998
MB-4961,17.48774967987749,-0.843930299793063,14.233894227386031,-13.134912379038994,-5.464239339867245,7.570983382422352
MB-5121,30.699777171800182,9.924997048006176,-16.34868027758502,-14.006242674542538,0.5276504156568286,-12.18125875561803
MB-4956,18.85264946893938,-12.657152272581447,-12.45079423195302,-14.292702664920384,8.648005429514374,-1.1173863915542674
MB-4886,-12.362538277518148,-17.962713455998486,8.641924291065147,-20.370773414186115,-3.5859435229452807,23.81701206340739
MB-4950,14.518722329731956,-3.513851101399625,7.262092251890542,-17.253352464423035,7.8972497055034605,8.927706531515089
MB-4965,21.30145662536043,-0.8216479713862495,-2.4195788098424003,-16.398337555014837,7.043991642399864,-2.949867998163669
MB-4962,37.71775215808114,-10.290194464940807,4.254500194551121,-18.449424712197832,3.9437066907408957,-1.737651832303403
MB-4952,-29.24898176235906,-11.874687056558697,7.599190795833717,-14.270843615098126,26.82975241288046,9.586067012348819
MB-5267,1.1509978673143786,8.051712799467508,18.000832350230226,-3.51619920941833,-10.336516577856893,-2.5065740666657135
MB-5266,16.380901049435145,-37.12522155185628,-18.983415384204868,-2.6046247111225274,14.862800946619371,6.829690768276296
MB-5396,10.26175015811526,-16.164181628204865,-0.8041989910039358,0.3234933134896075,1.7465757745649828,2.5866329279123974
MB-4938,-36.86646133042561,-12.846199730448062,-5.498365888780239,-17.658863786054376,-32.12795448973839,-8.074837081151923
MB-5351,-8.8922448174524,-4.741453048921813,27.252118823414104,1.4883817007061984,-2.4039368041564857,-2.545852139744861
MB-5347,31.217496541909224,-14.976850146408488,-11.952650143029201,2.993274894580825,0.014999745560844841,-5.312956457053125
MB-5312,-26.730502519273,-10.315706164262801,-7.6291520132321615,-1.4833303506060045,11.217773860345782,6.252002102130949
MB-5311,-16.308891214757903,3.6420415609298527,33.48035226240696,0.47219742551487515,0.30384887705449465,8.506507400801052
MB-5284,15.447438303058547,7.188864321940739,18.384589370170513,-0.779065258211937,-1.105201117333264,-1.5243821799317419
MB-4148,17.084538284845696,-22.614594473885248,-1.666300435955775,11.60774124279626,-0.7007504421816737,8.083583082586914
MB-5078,-1.0282582319684976,-14.949364266151164,-3.050791428010871,-18.19263395005476,0.6122429728096751,16.473711981344746
MB-5088,23.27723436469545,-10.191305905030692,10.030431612798868,-2.114666484571323,6.350127810488676,2.5422598700038432
MB-5064,21.465714624484377,2.123442923084865,4.346676683849807,-8.761977250763094,7.146727411301638,-27.053660581845605
MB-5107,20.618927026089604,-21.523556202879902,-20.801942342474995,-3.65542095716889,22.311764049896883,-0.3135634141644554
MB-5066,20.981751409146217,6.83766109764268,17.94143453349179,-7.787277041585872,6.597428948476635,-2.8913032010631783
MB-5068,38.316384324786334,-11.938973576507708,4.360993123051013,2.2120200229537414,-1.4657986237169245,-25.604520009462934
MB-5061,15.63808167126492,-19.643068762930927,3.8845904826450552,-0.15060454702728834,32.35311741125901,-12.922242240494517
MB-5070,-38.65420472001772,-25.82543808943234,4.798427733631831,-6.565237675610369,-1.5418897327000696,-7.932897492380896
MB-5059,15.341335154586677,7.900647902558226,9.324042469345999,-5.479815326673366,-7.399064553178652,-3.669119680755723
MB-4266,14.927467250621689,-28.756895089830902,5.77824808592416,-10.099563669580348,2.0895169947283545,8.230987549679444
MB-4276,3.210322706040462,-23.784788855199228,1.4000279009348404,-12.668012086568725,2.363564852305106,28.274164179548475
MB-4771,13.947552847248224,1.7606883192788896,5.460530964672687,-9.290395027505285,14.787840759356282,1.7130699755352687
MB-4739,7.672526064826387,15.945086436172465,11.992364777840411,-14.935521672363675,-1.6297086236184009,9.36206082582413
MB-5331,16.123176835513565,-5.087820078786438,11.477306241311807,-14.666010365133493,-11.169232222846535,2.929947479820573
MB-4743,5.5960243975076045,13.77425878209483,33.17350184923393,-12.602931423790366,-4.897360304023905,-12.85718359943143
MB-4785,30.984677022569166,-16.525148171817076,10.426914909643685,6.766972350097075,-5.533156167507174,3.655950988634975
MB-4778,7.392154827979634,12.999552736132559,11.620092807432464,3.418665099777322,18.764457149670758,-12.366143562557921
MB-4763,-14.148153053762453,-21.237394593788753,-6.52521748473588,2.1055031945877656,6.065966730391409,25.865545131994626
MB-4779,13.43150745169476,12.270468482423057,22.526292562185017,3.7277016289093683,-7.246100365126592,6.588844688861493
MB-4849,31.74031324815089,-9.485690614013944,-15.761305285990222,4.230389349324291,-5.310822580843262,-2.7103379281606204
MB-4787,11.371124474231323,-10.160606578459898,1.213568961050527,-0.0725099829090399,7.356154609508746,2.9584860965900823
MB-4767,1.4143002921346914,-8.959500843570824,-5.648327006449309,9.065071458145457,17.885137183955987,-0.9754059924962593
MB-4784,23.58420248504412,-30.968235724840973,16.428168187903857,5.473394454996474,-2.972502122726069,-0.13613870816530238
MB-5043,19.365879345161048,-4.654178555976552,9.84362480888036,-7.5665403750106055,2.827155580827096,3.0015946560210702
MB-4992,8.069983750000915,-4.3570200517741835,14.279080926799958,-6.801047651343886,-7.785134465474897,18.18815710483239
MB-5020,17.10408384650373,-1.8737949415264603,6.823959677618489,-9.690317732060878,6.451729901711197,8.814087930180987
MB-5019,-8.694232789030181,-11.226742626167889,5.56901679026377,-10.672688165983995,-5.822909060462397,13.900063468144896
MB-5015,25.667176437616153,2.815671335714721,-9.813251697055762,-6.3032120604096065,-4.036855643246603,8.455025803785505
MB-5048,21.80058460533159,3.5875500278934194,-5.7146378878734065,-5.357965917539771,4.925372296636007,-3.9257686139323646
MB-5035,1.9471270978346467,7.471452547759724,3.457386220093195,-1.1368459149093268,3.2964574035254013,-3.5900244711285603
MB-5398,25.18491254009914,20.537059780457533,-0.4230854759834187,5.392662324028319,4.768824209455431,-5.3810539881973884
MB-5377,21.82348812963447,13.680897816854195,-1.3208816787869193,0.5091740216900996,-7.98879620253578,5.370273950489171
MB-5291,23.648672880019298,0.399145544360826,-23.465979090105048,10.174297423998647,-1.237007803308032,-16.620650449667735
MB-5403,27.582833422848797,15.396442394551073,-14.62215523117825,11.958506105600064,3.7429523689976043,-5.588513980638187
MB-5224,14.646772817965612,9.519314949593365,16.904521016745466,6.510776044474629,-1.9547640529770467,-2.6953947515951473
MB-5369,23.20421180331662,5.012802220902323,-7.2194301057584624,4.464894352520185,-5.046722815266528,5.946868432284567
MB-5404,24.44604586363958,-6.709157929219463,6.312394052473608,7.621161742784331,-9.472163069879292,11.569128681431293
MB-5397,9.715377055931583,2.8563336224418463,-2.2930604636470857,6.091942969897971,-9.807669596531873,12.456134259159555
MB-5378,-30.878978664386267,-20.85523733240678,-24.33290209597212,-9.653789724222442,-23.389009079153713,-12.744614035448679
MB-5388,9.378341634460073,-0.9111557249173083,4.669315281846008,6.897127766977426,-0.7050323662703782,3.078896458419679
MB-5395,12.30754226577623,-8.365895433525498,21.67251356013855,6.495889339268314,-11.178042565050108,4.100984975971668
MB-5365,29.58063715389698,6.646844633938758,9.830730059986733,2.3148332753817433,3.8989666150031974,-0.8018538246669653
MB-5389,36.20631286051686,9.316756545667804,-20.87412979725275,4.928226711594538,1.9753067267846098,-15.932656231378468
MB-5385,36.790232079974146,0.8715258947890748,-14.182960542841444,7.75667117976454,5.799097009033622,-19.93070068719934
MB-5393,49.33607397602681,-28.045200756891514,-8.660758749466728,12.456363212565766,7.1279401475076165,-20.117332715066656
MB-5289,30.31917949108426,-11.157770202673206,11.487449649854012,6.411343507807382,-5.032489909585008,5.6582907092049775
MB-5361,3.950412140574245,-2.539086536373568,-11.993248371609315,0.9667720179237868,9.828716917519492,8.578822407983616
MB-5392,-32.8986443117006,2.359827826757818,14.507614752115629,1.8794604876867416,6.6478502035105596,19.942709195684362
MB-5147,3.4163822795950995,10.215821795968363,6.707182381779161,1.4486428370894673,-2.2663436929705183,15.238007373838144
MB-4140,44.666924513674225,-28.26544899443511,9.481669443333326,17.68014492807921,4.717687488193781,-0.45779444262405117
MB-5138,-32.918228361121955,-37.45378260242548,-6.160019986251047,6.0044164656851535,5.391202703790229,2.7024161297859814
MB-5123,-1.4605426066426277,16.884504701601987,3.9569563450244343,8.052508594843847,7.644553493894764,-10.688084142004755
MB-5065,-44.29028056449821,-17.99447953484149,13.270823276161675,-7.224529482989809,16.44149877664336,-13.483901582998167
MB-4127,29.261241885371007,-58.1085721454549,-8.215471344108904,-3.8978163766527607,-9.136934327979782,11.6116171838178
MB-5058,-15.593301055594614,-8.004824747878962,8.031114354177156,-15.25930484399348,6.114409517973578,20.878871647593893
MB-5050,18.278539748110628,12.901242562311598,18.101551933986624,-17.10813073145882,2.695800951203456,7.501911653243928
MB-5027,3.4683071455811483,3.608108926521406,25.94334987559053,-14.011610063883419,-4.426543482878244,-0.9908706547066268
MB-5060,18.894457112064817,-2.6023922320325212,-0.2936669377551077,-15.316296927275747,-2.8420206183955705,5.444412604258554
MB-5062,-1.3309852358167664,-12.046801805052436,-12.295419131927353,-14.53490661218014,31.870390647346206,-4.816230595757637
MB-5383,22.829083070916568,0.9361450800870382,16.44684845757679,-14.243122582262,-8.124202332961108,6.6738490125000824
MB-5101,14.152026627691427,-8.39813503968326,-21.678367464778226,-12.301159291914308,6.111206121757971,-0.9954179946140534
MB-5258,-31.324734318039646,-27.73089894650091,-9.405100085666172,-22.911092200848163,-25.612426882631905,-9.066183036417794
MB-5268,16.286950735174923,11.43409430878279,19.92604232665407,-9.486728955536565,-3.952427753968077,-9.925307785048355
MB-5261,20.985799557567983,9.371122919753523,2.8783175061668227,-9.022918785606144,9.360965951115352,-6.016369571953387
MB-5272,-24.441301580257186,-11.329688231074707,12.91618832887253,3.263496899863517,31.271236183571155,-8.635113415308616
MB-5264,13.608539338503261,3.2795285998982986,21.44062687866642,-12.549362700284853,-12.621376507204756,-0.5123682897846582
MB-5259,-15.94283957353145,-25.79159086310454,13.06413918109555,-9.545523730579864,15.331616493740226,16.290714470894624
MB-5306,20.008212985653675,-27.44178540134566,-1.8044331271753282,-8.278442575518335,14.58223339210105,-2.9691034585014338
MB-5270,24.629701056636016,6.617125973063567,-8.703629145225914,-16.216904090194507,-4.318867111033445,-1.9027866140201057
MB-5411,-14.658490438072258,-21.286299016527913,-28.229083940400912,1.6350975981193243,-11.709943098228296,15.056463170469714
MB-5490,25.33787941027327,11.279239989761116,-5.787308828175098,9.549993124186742,-10.254591586478021,-0.012183545513678246
MB-5421,-30.862232547859684,-22.928869712207646,-7.475793513400428,7.182495007619905,-27.127534652381645,-22.38368464539116
MB-5348,-46.32207634099149,-20.06502168084832,-8.911647347130277,5.295612498443413,-4.643163713339086,-14.39889676828532
MB-5429,22.885304170507904,10.479959298787378,6.747664572680978,7.302038076527965,-11.342719244118399,-4.117618961601915
MB-5405,-19.332546330282806,-16.68848326004159,11.566178536142834,25.4003594697527,42.674013494572584,-7.801253001315393
MB-5414,-3.1437678930940596,-8.652090716010878,-19.749791066593634,4.583734394288787,-0.3498974423771841,13.583790352669373
MB-5489,9.618104673740397,18.47731988187467,16.116084889298612,6.508401344313409,-10.313146027148987,3.1305058199341556
MB-5417,-4.224848941796078,-30.319596601889696,4.5677994090119975,11.347171563976685,-2.026333372482686,7.859181434059533
MB-5481,2.071563442890232,5.831958667857367,-13.141463003505613,-11.127215362974216,1.5682577434932072,9.636829106812682
MB-5409,-27.10287539230618,-19.847944311784946,6.288382760463947,0.09162981509028459,15.446158713956816,21.568818166752177
MB-5413,21.204870139248655,-3.571896215408553,23.017933757680478,-1.1836815068798892,-11.342649191838852,11.085348613708923
MB-5299,-23.47750318433863,-48.61577342960171,-2.8074834514915827,-3.6664822687222225,-8.745676468277502,-10.564633312390816
MB-5408,-32.48296231814852,-5.043749169992886,26.22923607494961,9.929721446025182,30.209150525103013,2.1927398006229994
MB-5475,25.311873196628056,12.084889391735361,-8.113998934954926,6.393216130046787,7.0913000826234365,-3.9968045168895734
MB-5505,31.50108300184514,-9.130051224057768,-7.289660819795019,8.173864609494816,3.6929446351281445,-5.7134496353165005
MB-5100,-53.8334850111385,-20.07750304775347,-10.76599877604436,7.714051130691334,-0.44781758218186524,-15.601989105720971
MB-5325,-35.870135096392694,-27.84348467439839,1.679048115523971,1.7052651756680655,-4.296916470088705,-11.36004370074606
MB-5502,16.17634882651569,-19.51530455778903,-13.684316684259755,-4.2550425403106225,7.284139754076793,10.129948544203446
MB-5485,14.314999929795889,-17.34638876003347,-18.79524658302572,2.7948386964119476,0.35680432027869496,-7.464242276809341
MB-4293,33.3513194411335,-14.096486036650532,19.80936535910476,-1.8416230860061698,-21.49063651051168,9.83522202198988
MB-4289,51.050774245485286,-47.57016155713206,5.386684681876385,11.344603495354148,-8.796024421957476,7.654115616153502
MB-5293,20.16936831051949,-6.534546428360094,5.238906676542681,10.962623596691602,-8.988951369573346,18.291480068543486
MB-5381,-7.00562535820794,-25.993911084273627,12.073900702826293,8.984169751446546,-0.9230060916553204,18.56559979211346
MB-4834,4.866658710532944,-6.723586017858038,-22.281944211159736,4.498713879767221,5.610697155787544,-0.2498479348650754
MB-5498,-4.641130709657696,-3.2595565673606157,5.046195838510466,-12.574092083330546,-5.465556505743849,11.114387381258187
MB-4749,29.803804772962817,0.7420720348693888,0.035150893321755264,-3.467610662123649,-7.5884208853178485,-1.5941021910538362
MB-4818,24.42919252186654,5.106405092025757,-12.89679855235207,-5.647990669222155,5.581728798918186,-9.80663524319446
MB-4805,9.497098612605111,0.5786463217229394,-4.813521909442428,-14.761855582596095,-4.543491353743482,14.421800613388978
MB-4809,-37.238084039172946,-28.524822540865383,-15.94450310620625,-12.43320013160159,-14.784783798283447,-7.696063498196564
MB-5418,19.580661630536714,-3.2494209000007013,5.759398924974094,6.026178720080752,-7.13820263462174,12.30209512020496
MB-5441,12.092245959306233,-26.382665679577233,16.73657666334295,21.207705848475705,-1.3961250791484467,15.903022207220145
MB-5424,1.5594509340235654,3.624298213139965,14.38057883650388,12.376073203200837,-0.38703067181311457,-8.865527085175113
MB-5296,-16.788744193586428,-19.432268130308497,22.674630096984252,15.722596627348944,-0.3297192270339554,10.44824000161289
MB-5446,-13.143158087461906,2.967436472369969,0.6543880867339394,-6.767728470119333,-4.4544248214951025,22.77420894283115
MB-5137,-43.0304742312254,-25.27746513435014,-8.403108640073134,-10.025898788714438,5.754696006215758,-9.993383383705341
MB-5219,24.16091967363505,9.948237878189119,6.086625633051747,-8.041928375661657,-10.594184254546764,-17.69087372554687
MB-5093,9.388430319314358,-10.202498444247357,1.2379526487908907,-15.223641861443767,0.5273364328443121,11.539265137470329
MB-5350,-15.850168875211695,-1.5818442000378563,23.496781741365886,-8.960552542806658,2.511753479290921,4.825855408468514
MB-5230,4.853310601768009,10.652793783604446,16.19296400863288,-4.673101049013184,8.270519316759021,-12.76440426908875
MB-5206,16.162427727998168,11.986580383210223,1.916335361586798,-10.548263009593063,-5.916512511602206,-10.955558122992507
MB-4687,-16.594261132273083,-11.614778948094909,14.240769358866675,-0.3102621661606388,23.194752705229796,-0.3815650133429765
MB-5433,30.36386663652746,-1.4936569614321618,-10.99036453631318,-16.293539544419943,0.8635616666578559,-10.799770778796006
MB-5442,-22.470187579161635,-32.87552384992906,-9.813985529690191,-15.169002453609147,-14.192318820370511,-9.354391692607514
MB-5427,-20.63173329795792,-29.547221250533678,-8.393918037846873,-32.46435424320702,-33.12179976623545,-19.452364192223232
MB-5491,28.963443810885167,-5.37263878133042,-15.148066244217947,-19.85630583419277,-4.261227997070953,-1.7651213206966423
MB-5493,17.981198455405362,-12.438177885604256,-9.981370751968067,-17.82263044415595,1.3694056446174685,-2.115640493221798
MB-5451,14.901411140075323,7.2337362267500955,7.105523209723798,-7.790787773110212,-4.344344491408924,-5.001579443871095
MB-5454,-14.385741679086209,-14.628693051705378,7.021512524864432,-0.23393852824952271,17.669141568720377,6.2123725263114284
MB-5360,22.47631976930005,-5.693511375318762,8.06738241187474,-11.518071864819706,0.22546054849129507,8.068262132451599
MB-5229,-22.327270429870953,-7.0528958644993125,12.905428929665517,-15.111227761139784,3.3082112169187594,18.208458556625192
MB-4827,23.97297289386556,9.850489768757658,10.744159324379284,-12.82988445434911,-7.722740573751065,-0.651863749473632
MB-5455,6.45118288707383,-26.494026267688984,27.466819289798536,1.5755555057911599,4.337364086032896,5.509171281338675
MB-5349,18.141808473714473,2.832569857947505,9.03724927074673,-15.333001880501728,0.31598459900855075,-9.593297817829919
MB-5370,35.9659452736269,7.8171238958625855,-26.701149352449907,-6.76635399207467,9.812375546053907,-23.602020032783102
MB-5290,29.510352230730156,-1.2016692127757216,-3.3054503790217185,-3.9222843014000017,-15.276691109797184,11.635181982432675
MB-5366,1.263925899005475,-21.726031846998527,1.9941700690137645,-3.062946364169927,-6.94066085025668,21.271770567112608
MB-5382,20.097837680028963,-3.127679904462733,2.739239104762831,-0.709534552300854,-4.618162600118423,8.402046896098982
MB-5402,17.464921162124533,-3.9185561240071136,-4.631938240807478,-3.192089163453401,-1.8444973802988605,3.6961004576525913
MB-5288,7.541281009908493,-8.240324147189254,0.1186255382419813,10.286338905031325,21.24874822679492,1.3146416186975476
MB-5384,10.398070116342298,-6.484997612898677,-3.1309521782027665,-3.186759454839069,1.9462838987624105,0.9329654778997208
MB-5358,17.13344168306707,8.006709278512231,6.284391786809225,-0.5173252061023244,-5.289901847543989,-2.7159144220781393
MB-4357,17.816092580400035,-48.10610442422009,25.834791246019716,27.856633749875257,19.135633147245034,7.291474011145592
MB-4991,3.2466914889688065,3.0380925404603336,-17.233401254513755,-0.7924672654158206,2.318674974700847,6.2307769518314124
MB-5401,26.41098994081832,-8.470082287137629,5.650148354259676,0.30475413968032095,-9.05693942427299,6.830547602985329
MB-5387,-20.840470276325146,-65.98783992485728,-9.178837318077324,5.68162220169776,-1.1456890693706119,-10.10666042559808
MB-5390,-36.03061918523235,-27.940591597465467,-31.429133596096314,-10.443308459771165,-15.71292720521434,-7.935841502496545
MB-5412,7.2280880654331785,5.671750669351295,21.213384139769847,-4.964646985068353,-13.301699487999429,4.177234689484986
MB-5193,34.89965118304112,6.532741135758996,-5.413428964379207,-18.96914240966209,16.4531185868958,-13.196194617143655
MB-5182,27.0768395247972,4.717067410989575,16.644148089177357,-20.153729923493234,-9.074876340824982,2.394355801202747
MB-5157,-8.668736629592694,-21.61474272203079,22.276039118042558,-18.27979887095413,9.851333295913944,9.246867081537372
MB-5205,-29.0717239092841,-24.822096316881023,-13.325496618695068,-24.978442091474204,5.571863122036115,-6.100982259740863
MB-5161,-8.955850503464147,22.43586284916411,33.04340068140538,-19.491829996087297,-7.702547089594593,-12.801159236220142
MB-5292,4.952494224547276,-11.40846462911079,-11.03256246040546,-1.1244524362610562,1.1159354618069537,20.87063192797952
MB-5211,21.32049167675965,-0.16835955073115919,-22.688198769877715,2.011318982398814,9.286279898261025,-2.020546194915178
MB-5218,6.677607337646011,4.880122534168188,-26.61127335800752,-6.3166427422711395,6.162791829420469,4.6715812517398625
MB-5209,-16.53946513482138,-61.199877615821514,2.5692624522370737,11.35466400871603,14.524215194764231,8.479016748284591
MB-5227,3.873356638042761,3.9153732757376134,-0.6059654309450454,1.2883651291841203,-4.626156136753772,-0.09239605086204572
MB-5213,-29.517214556563736,-13.004597422967404,-7.0978691880780955,-25.601130140943678,3.5861627438464185,18.926147430115147
MB-5166,8.87775942319513,-13.00930777582032,-10.579062200780863,-20.504720717728258,8.335282464259581,13.805639001402138
MB-5163,13.294834533499658,-12.874361108563216,16.055317270985547,-17.003456973779258,30.643471165193834,-8.999646202256985
MB-5188,-35.3792043065585,-9.272925448919535,-6.477412271419021,-25.33844408918768,-3.220447919512388,-4.652912457065478
MB-5143,16.759763072668694,-2.3579945006007175,27.59096174125066,-22.44330431223166,2.261758504351054,-6.928386032828293
MB-5329,1.099925212470101,-5.675709573963572,18.6466575404045,-29.221963792101477,-4.828717827905289,11.130717578942274
MB-5322,9.35294233050483,1.741668981781298,2.280148447521146,-27.606256276905764,16.246018576971924,-7.404138916309429
MB-5310,4.550912921313139,7.376863951086094,13.222039296832476,-24.286286344950437,28.516249191369667,-7.18579695710265
MB-4000,22.44043280527414,-3.5891038869350957,-2.578013555875541,-25.21895846232345,13.580935554156616,-26.75979132478226
MB-5240,10.0421987341676,12.158365548170668,23.21531871026883,-26.673327160273264,10.521832845146088,-6.332265011954114
MB-5228,15.691592005513124,-18.513037901257782,-1.898894920543653,-32.23904447109942,4.762971363151568,9.017323788220926
MB-5136,-3.2092287570782254,6.339844239071355,24.318112689208423,-11.629073415880596,10.229591708959697,-2.2816544509922942
MB-5140,21.717988491593285,-29.85802153526945,0.13790926351424324,-10.180818064573941,9.910066723653475,-4.578279638656098
MB-5106,1.6856619654460823,2.92467905119443,-6.779421044306303,-25.20029365902955,15.912077886769504,-8.18581905903501
MB-5117,13.776549283899891,4.50764624563725,0.15387200640462187,-21.228530062603785,1.340085860721774,-4.8163328427709144
MB-5104,28.29392599894284,-8.354660046251828,22.965070752636986,-16.486106742306003,-5.75327258302114,-5.242794229801666
MB-5131,21.134733299746003,-4.786097187910723,16.07584434126057,-18.07403713965135,-4.829282959377053,1.671647737264914
MB-5109,1.6673291549041067,3.0137367637386725,22.320843723192674,-26.34180974779639,-6.959303365984229,15.981400471064116
MB-5176,-16.483674910644062,2.923931257642056,4.053010729927044,-15.868285722744613,31.775864460261516,-6.958616589575681
MB-5158,16.619202944358296,11.072447651615706,4.6256264430509,-25.129413079487865,-6.516186855479991,5.170710811637015
MB-5076,-33.230723316939475,-26.701006071588626,-11.946859109632339,-23.835020308623037,-16.993000579410808,-18.53100705373459
MB-5215,32.46865099340617,-0.6802460611338828,-16.00550017125227,-35.65821958754449,2.089611552973019,-11.691157633690757
MB-5223,-39.271496922430124,-3.4807429443678237,26.98826858183166,-29.616857928377296,7.2553100781709885,-14.158850434815205
MB-5179,14.06756770122853,-9.134569302621674,22.605387383671044,-22.407570197261823,7.418505964046258,5.9344867774945635
MB-5330,18.484851590845103,-12.388386841825133,22.168855751000876,-32.103547136572914,-0.2500461634298104,13.216838656109482
MB-5144,20.91061416979935,-12.081073321394006,-9.059537425163713,-33.7393223610937,1.528847547580351,-0.6887847193500415
MB-5196,11.18483370330073,-7.135990261758172,4.264593330481843,-32.015984681418004,10.753044849282606,1.3919303604999376
MB-5200,9.198087555718459,-11.076448555382587,-9.83434538828002,-30.25549620208923,15.901858756979827,2.79996123499224
MB-5583,6.996230476198834,9.632974099370726,5.921655639234194,11.378375779206138,-1.6278924516267512,5.679972644591813
MB-5601,-0.8342274924752505,20.2518212014293,-9.758026089317159,17.19726248492282,17.84005097193468,-7.697263766321262
MB-5632,4.350883726236563,-11.922207407497371,-13.108989156795097,8.91750470948846,0.5517842587954811,6.426575755996513
MB-5616,-52.45362929066963,-13.568647756024953,-7.8469778315226835,9.327517937789562,5.317932349182076,-9.950137624889377
MB-5604,17.447167950798995,3.469957598084439,-28.70876485811228,6.608548749556533,5.487222297597866,-0.484843493542304
MB-5589,28.458147178836843,8.16937448906689,10.200635971459114,6.29164499099791,-24.89126623542108,5.314776806409018
MB-5582,12.616149389411804,8.99807278073976,22.747382534362977,10.552530452322355,-20.060540973408223,2.3299117565332064
MB-5625,-32.96520153512046,-17.586092971070574,-11.397145464214537,-4.099654004406126,-35.7852813180264,-4.411980284581621
MB-5571,25.88998355211543,15.415271609163415,-7.6849789232248416,13.006723534013831,-6.4212118705378645,6.500360073179705
MB-5596,14.28607927653306,13.927562105965194,11.279384615060403,26.19903235655181,-0.36092308091802455,-5.738111615949042
MB-5590,6.485574443068337,3.607016685698563,-10.032833081800538,19.721664329019596,14.719351851775146,1.7856843356522105
MB-5599,5.253504019344769,6.799672118496284,3.975557817504337,13.3841582467959,-3.3810755568085327,4.058745995304629
MB-5629,5.890614699414366,5.365287629002224,4.578759751903633,18.693574034070597,-10.21572197017904,8.553557457477742
MB-5579,-5.088759601740098,10.505181502547174,14.207296823274644,16.99451528200284,1.4601694728006782,8.39195002355652
MB-5623,17.228648432505196,3.1624483147660847,-9.11552194372048,17.243522095515225,-14.238258834407793,1.7111451183107662
MB-5654,27.46904125159031,9.077190270081376,-7.373404748003786,8.738284181493489,-12.642494295643326,8.936009112788678
MB-5617,29.160485036085127,9.747457740563869,-19.7898519479623,10.501984855791225,2.557623247848221,-28.948104101141368
MB-5638,20.66711288185442,-15.007592959531198,-9.924070687458414,10.642651252345434,12.750318984664837,-15.119855418091465
MB-5635,18.676869022395564,-8.44989331108096,5.463555875681031,-2.8849807754285144,-0.18026574239093696,-3.693095104315737
MB-5642,25.285923676459173,2.145409780565448,-3.9374203052094496,-0.8508783838439262,-3.1379502539102844,-4.323480666503921
MB-5647,15.632060675396804,-2.8605582714063567,-9.006483371046405,-2.777837808189184,8.236834845852108,-5.857875105825666
MB-4018,12.273138304070459,5.348557212763545,12.39567739566462,7.045552271238747,10.4848756145834,-13.05214585847365
MB-5584,-17.687662698438814,-3.2111219025727227,-18.028770242198544,-10.77942606218615,11.733956873940997,9.913804854137837
MB-5626,17.6962928342806,1.0855057833218185,3.3010140349987784,-1.2550496429115976,3.155699836554701,7.829862877187613
MB-5602,-39.663951236521356,-10.17562678156926,-5.4690730359751605,3.3312867596519626,9.192432906258636,1.3405625660409841
MB-5653,5.26951954415708,-3.8184940831321246,-1.180890509098015,12.13955728905955,-7.808716952688446,21.758810756553537
MB-5576,-5.641036427438099,3.8274329112143923,-16.097330233219235,18.014184677259436,6.201063958392806,12.726910749453724
MB-5575,3.707181993218243,-3.2293094097712163,-19.0141336765275,13.969461646854423,-12.629766280765912,12.767491559992271
MB-5646,21.58925294995531,-4.7578666835468075,-23.52285756770999,15.149851061589798,-1.7134139400695518,1.6160256185350759
MB-5634,-36.94068046955854,-35.46035367354196,-8.088510433717367,25.014773102609485,0.6835267503913013,-3.1409308091881454
MB-5591,10.04424322181174,13.519853383119681,8.365937420151397,8.060638446799096,-7.32733204020332,9.602612839524008
MB-5567,25.063959266955383,10.085027655801351,2.3305090056865225,2.757355749767471,-3.926413631443212,-0.9195381278222021
MB-5651,-28.70444926482147,-20.215457264358687,20.4230145144941,7.466351628626203,-3.461694613861284,7.987568765963416
MB-5603,-6.991755644897288,6.621921952759826,14.59426352467267,10.366004640717893,14.503622590072542,-2.995283687768307
MB-5622,20.617791900987847,-0.31499566905230586,-14.046203822385278,1.1730970137073495,1.226582712106656,-1.007282515259552
MB-5597,20.340953904253432,16.633706245184804,3.1434417756682334,-1.05031881878858,-0.15653391752494508,8.359424510172142
MB-5613,-10.806004673044232,7.241798871304703,-14.790088718979923,-7.411493038909488,-9.08966330120648,11.796397837306987
MB-5580,20.757911313444595,8.405418500217014,12.881538785869001,9.097637908314839,16.22306161915067,-12.676552392439561
MB-5645,16.943837375615097,1.332274715570924,-4.070803839232188,11.459809076365815,23.61964814137764,-7.600431247015144
MB-5548,-37.947121649184126,-15.029800690918174,-2.610468676404019,-23.705052799063395,2.8132100383438225,-19.432822154095497
MB-5526,-39.65495442678567,-25.076253292319258,-6.878237917336473,-6.934577880361227,-12.855542439974645,-16.374513631561864
MB-5531,-44.8178039774498,-11.971844327537768,7.87646704465057,-6.547263423572822,-8.872620590880938,-3.9904654229139087
MB-5468,-33.59100767286601,-34.831214241279305,-16.390028160221636,-6.391687660489224,-11.409370546762371,-1.3623896762903926
MB-5474,-26.822456568646707,-26.23770943051724,25.43148766404089,9.55049101460008,4.9425078762663235,8.700813465428784
MB-5514,33.0282529034064,3.6914114262940343,-9.752771573369092,-0.6413421049757781,3.7753210411433105,-30.00589320882696
MB-5302,10.12230461580914,-21.50533548668117,1.5658166916333986,7.866550183518943,-0.5173489177746172,-2.7932792297117452
MB-5510,25.58027657228013,7.542236304438165,-4.156447365474529,5.489068034529774,-6.470651072780657,-0.1831015618089657
MB-5473,15.290331160092713,9.877625897973813,5.456376454446056,4.681631200373106,-3.0294357251441735,10.82911171523605
MB-5484,31.221730752580598,-20.129703743610904,21.265981901738634,8.948404858911879,-16.626154014985083,4.7583627566059015
MB-5432,15.505290247505565,-0.3480842130292293,-8.215861832147038,-1.3447144484275944,12.821844600728957,-7.951527188980055
MB-5525,21.45449461615126,-1.9322276271999892,-9.714429946169739,-2.183469642413922,11.124975969618129,2.86392864323982
MB-5562,29.569667436882867,12.41326889550212,-7.323828431454695,-1.3425276705535816,4.490912053689018,-12.436786700246968
MB-5497,15.381149987359791,11.027462461475082,-22.36172082415762,-6.357391492429894,1.8084638922158467,-6.628880479137722
MB-5551,-28.310058148768306,-14.696978771756797,-9.438759722661802,-13.251822955939314,-26.418609593354528,-11.79094400880145
MB-5300,9.382634916902793,17.338275471865238,5.000576765729708,-3.282194998443681,-7.3891407714339215,3.3469121451745876
MB-5560,-39.37490686297978,-13.985150193074624,-15.106264815255098,-2.643770646311757,-18.551173428547116,-15.83221875495726
MB-5550,33.72303575630926,3.5939913694088728,-3.505633983420178,0.18608304956892271,5.643240506303253,-4.142417874783753
MB-5520,-14.338385866698312,6.983857276764636,-7.929518080450161,0.6063316787560427,7.766695858263475,5.903031572752049
MB-5529,-36.70646006644613,-23.519701141171446,-10.316915619446956,-2.9908959902976093,-16.71126719131355,-9.859231560361208
MB-5554,-0.22258111857854568,12.987365469507063,2.501912436136585,6.224081286323394,10.6859421637703,-4.921882303857561
MB-5301,-4.903283445960005,-4.717516988057826,12.501064716517094,-1.2031328473289313,-10.314961064298078,14.910561773260289
MB-4421,50.7058338248758,-36.43449800007416,1.5539865119057579,8.530883687739923,-0.9165743486768505,-13.695682447209037
MB-4408,-9.914430205755046,-85.09273687712934,10.560105380120705,9.112328386381867,1.5815082097380824,-11.22068714141823
MB-4146,-10.007123065884903,-84.31341021186176,29.179985105852506,13.008989269778752,18.763316345322274,-17.458448638681457
MB-5534,-26.258440587580772,8.633606012009876,14.005878134419037,0.24645510224216177,29.48413439343837,-3.3192047194490795
MB-5521,-22.144212038668886,-2.401356601715791,7.996464642482345,0.5941451244426118,33.45825582595429,3.614958159588873
MB-5482,-28.335943308307634,-14.538041219459382,6.191896686050275,-12.946605480003532,-19.57942356441866,-11.208848025933417
MB-5483,-16.5821104610844,4.9381143953887285,-7.199012919869674,-14.154871746324483,10.318564777715018,14.231957400460342
MB-5532,29.535487437971966,-14.782919698407037,-1.5539719807598702,-12.476989463817697,3.0170498800906955,3.146304036830919
MB-5556,9.829965445760479,4.354005967187344,-24.54668919567437,-17.540314247102437,11.121795143652927,-3.4101280986476183
MB-5518,7.199330998747435,-14.887732622891209,-7.046741381745425,-9.838227661791723,4.798031476544695,14.463294728594013
MB-5486,14.754410306440217,5.719614327376946,-7.626984485052878,-13.166801689651484,2.8841607898651334,3.803433936806121
MB-5511,-10.631114933451602,-3.0135713832562283,-6.585440435064403,-7.55849763493004,2.303172895385719,23.141327970164408
MB-5422,25.645694458511198,-11.519961608256887,14.183347269836588,-4.873031817219684,-3.242321236334785,-6.9130034681472345
MB-5535,-16.69739540667768,-24.768498684198764,16.34472479383038,-6.5856758866113845,-0.4813640521918981,17.170398559490266
MB-5477,17.458192932874443,9.01608134856869,-17.798843124730908,-8.882371642680273,3.1606658288145475,-9.162734397883616
MB-5472,20.312389206877427,13.860747183628655,-2.1231464249178726,-8.660278356867613,2.9628592652365655,3.4249715063982755
MB-5540,-7.5167976728698145,-4.762297462876634,-17.012880314383686,0.6150538586665821,13.364626916516997,9.91251854198758
MB-5184,-0.3779961192433216,22.897986584435813,31.344413439002054,1.550932895394908,-5.041056531108223,-0.12259550089882093
MB-5294,-28.63432453112511,-19.752764244711816,-8.300322064082618,-2.4587187610665033,-13.566756295202419,-16.952318205573835
MB-5565,-53.74528881633863,-9.198454688421489,-9.71264279495872,-1.1267343277678885,5.354663338845512,-8.358383247733505
MB-5040,5.13381329246789,-8.725928358322568,-11.985498796103778,13.702313524858345,-3.4146371168477763,8.536325990602775
MB-4801,24.839050266049945,7.6797587895639605,-7.335794173517841,17.383343951021814,-18.718044167300235,3.3232131454550387
MB-5499,10.203225627639325,16.728650435804013,19.191989351166143,10.069220872420983,-12.674938732263948,-9.948582434603011
MB-5459,19.566751598286256,-1.2274155838839904,-14.309225952838077,8.032081067911168,-14.76170049400363,14.528989291454833
MB-5243,7.525171067686342,-0.10237077166577545,-2.683369756419437,6.077501284370414,-11.668627714128224,-2.855204570464409
MB-4120,43.06822150723761,-5.2339911551976,-0.8122658558823243,12.448242041817643,-7.490000925349851,-0.24919398274538762
MB-4966,4.414753628753168,10.414648267737086,16.87756830689622,11.086882734028098,-2.945164073193458,1.2090501383176546
MB-5457,-0.47829844381535463,14.557609957595306,8.015974237449845,10.88919393593766,-10.200791149835869,10.293789370516334
MB-4011,17.30981936148173,-8.138293879817962,-6.732618970273347,11.839460153164174,-7.709329616764983,-2.1737124709410125
MB-5478,-7.546782260474487,8.697341134489443,5.660874484576543,26.640566404965583,17.718512817282,-7.364226719409466
MB-4822,8.117717027779111,9.175277958371954,11.603129983504155,6.524910304052437,-0.15028544182053635,0.09169298661664838
MB-4017,28.01906854472436,3.653793899141012,-28.178821683430726,12.419009861121841,-1.5530299824058902,-6.6484085394406165
MB-5018,16.407947082919375,10.066448364499895,-15.905279679783954,21.26992275118484,2.384541385447855,-10.997245634554867
MB-4791,-5.327853500377843,-2.0668077065274337,-3.024185326859413,24.44624975290643,24.98641236178621,1.981585910050222
MB-5118,16.822167365920905,12.307119826984916,8.514020333925588,14.098923483272443,-11.306107349564837,9.225800244820029
MB-4806,16.32927900507542,19.48595144923227,7.948376051021674,11.516688210309358,-25.205716404007504,0.0646886277904806
MB-4970,21.00613995766467,9.223502502881654,-28.216777421552166,10.804125756771011,-11.666344104161706,1.2309481175618484
MB-2964,-7.298235514399361,8.41382208397207,-4.188899516806972,-3.0205515336894253,-1.816747178622388,14.674923314065097
MB-2963,-26.89279745904696,17.586302169940335,22.939418723054864,2.236219790453557,5.050889654626239,8.393777658781765
MB-2957,-47.25731247822154,-10.746565596234378,-11.481728246037777,1.1813066427339263,-6.5891222918666505,-8.781872937888105
MB-2954,15.81658825299027,23.746667840397922,-23.466238965288138,3.5673336934018285,-8.142899223179644,-1.634898440880332
MB-2916,-7.378630848767079,31.023123343656852,7.879142566254645,1.8395749369972696,-13.316260106195497,-2.717705762945998
MB-2725,1.6268397925799494,24.60829619435272,25.575744508078674,-4.4572189590229545,-7.660039877791864,-22.571759542460928
MB-2711,6.291632558642388,28.49001736691984,-4.56142138402483,-11.517139893915632,7.3426368263642185,-6.98580091651098
MB-2730,-0.27036922604810126,16.28784070611825,-31.89358766327738,-4.282915093595581,18.701794165827778,-5.700654067911412
MB-2669,-2.174353406593468,15.945841424199985,5.132337988864821,-9.213802068673449,-10.992373681473035,13.727041578733829
MB-2705,22.24439709151174,11.977192486756337,-9.243800346644349,-7.662810653154531,-4.956965193019047,13.761631039186145
MB-2728,-9.449521285034171,14.660981080661065,-13.257633533396904,-1.236632539247344,16.404761151380267,7.021509249908279
MB-2708,-14.334058976311532,27.943555992420524,-2.539145581945641,-0.21912800346737898,10.26698211928518,10.411139725468699
MB-2735,-3.329744900734593,7.948096584554616,-5.969808712028198,-5.791361112373992,-15.16626017575495,7.853152734704694
MB-3035,9.798740540305994,12.46692152929415,10.025298318693556,7.598077996562934,1.4093825806215354,-8.809397595642928
MB-3064,-6.173084302644479,15.161148870960165,23.592060179555272,1.2271056654500587,-16.949227514614037,11.475187502241889
MB-3060,7.383264271229342,19.71139267558758,-18.82557028697318,-8.088320571212613,3.694817901223234,3.5614663905303146
MB-3049,-2.1252101839450734,18.39350228608102,15.377357141331627,3.701557445778476,-3.883701305837625,-2.7310972300519154
MB-3037,10.075900831685317,28.73762298399128,7.468737112130826,3.632698499928613,-7.430395924906753,9.928746750970216
MB-3063,-41.328775206492686,-10.138350369208359,-18.070970342978004,-5.813170620521243,-19.37415276521189,0.8911961018458329
MB-3083,20.520843899529837,-5.393045198133941,-24.685656537108045,6.70382574166986,19.70554434886201,-3.3932042123593535
MB-3046,-30.526211447363632,-15.710930850865607,10.491716615679099,4.910969034359875,-28.290061290745506,-4.295338309084475
MB-3067,-51.28207662793814,-16.508768752566063,-11.04018659199609,6.367654182811873,13.129980979379825,-11.32162061368879
MB-3351,9.186221009969016,28.979547675281264,-12.2132539898817,18.914656268648375,-5.153735924776014,4.136332172243932
MB-3367,-52.27315402415639,-14.790217014851281,-8.682919736574005,19.706841893517826,9.411792785342733,-0.8425989391270866
MB-3361,-4.431107241099799,14.263352495909603,-19.023734930051024,9.428153426544261,-11.458968139726096,20.45025776599445
MB-3412,3.451742934666974,25.008049857364547,-0.7947668920429699,13.305540144851125,-7.144712041091788,12.063644611842935
MB-3371,8.489932589304203,18.263626031137196,-14.099819742680305,15.487926058047131,-1.4247883468739584,9.095280714399001
MB-3429,-9.679259106059833,24.08012679776148,31.250430842040895,20.85516620495548,-17.163255720306445,-1.6450026037280654
MB-3360,-1.6872655548645776,6.974021725011034,-13.084864596908451,9.94139587646685,-11.774544621334373,15.31186344176018
MB-3403,-0.23646395855092703,29.456123649338817,-5.418691828115417,10.297695365477573,-11.376132748657305,12.898146303097642
MB-3350,30.17453319263218,14.320352926246915,-25.359063986942502,16.281261243989153,-5.69276613484257,-12.332973678789644
MB-3355,-27.64702967685895,-5.383178032189584,-5.616676144223754,17.85216625888813,-4.236480640826417,22.033076473663815
MB-3329,-26.0957653286455,8.846489225853889,-9.411931547480874,12.744922780182955,-15.213874050561868,12.928539883678873
MB-3467,-26.791868211137974,10.345205938248014,1.0805799192979872,0.3773279396199414,-29.247273028726504,24.15763964722327
MB-3341,10.420368154543167,14.656789712447841,1.113490374723525,9.101830675344317,-14.904884980684113,18.179529532054403
MB-3298,3.462506835777077,20.674483417437965,13.634216655751988,19.785307593595324,-14.677164020500351,5.770603667426984
MB-3357,7.841358194802861,-1.714603878513443,-31.398728070487397,6.872290952376222,-13.605139053929847,15.949994164829725
MB-3388,-1.4083821360939175,1.5325654735270355,-23.32674736379481,12.206015932015706,3.8048515999778356,4.592670231739423
MB-3365,17.744927552013046,28.021697705452198,-12.625079808809174,14.547230577866143,-4.937771977553787,-22.90022919527812
MB-2749,-1.7688677232410568,37.13636457624591,21.28076795592654,-5.858000882695436,-6.691594369211383,0.18427197470337656
MB-2754,-19.10127105037458,21.97562541170081,4.568854615538452,-0.27600111217507717,-13.296313563973287,14.11340170959948
MB-2752,9.227561339306241,14.482608763378936,1.7059682330501658,-1.305918026963883,13.401843901725174,-4.8978123241612606
MB-2745,14.227935156428137,15.2203847597491,-9.798854460478516,2.7930369518886753,-8.830648094454851,0.6772623840775962
MB-2747,12.075023328719015,29.506028662752108,-7.978044378710392,-7.554180164518978,-2.7132488825089647,9.091851853413678
MB-2760,10.258339708507831,27.2356809977724,0.8804245447759224,3.0847433793482266,4.859321457758506,-3.9475101732327422
MB-2742,-42.602695158490924,-3.4767155369494493,-21.32425408226883,-4.943725269303794,0.3070750199301843,17.744203899703223
MB-2750,3.238825547301681,24.900313780068423,5.634759202739036,0.40896700750283066,0.885071312703945,3.401805418641748
MB-2753,-43.33335493114967,-5.147898901170588,-24.852083102828296,-3.625819309079594,-17.348744808789178,-9.556098348726872
MB-2966,-1.2005817344996672,23.67022734614271,-12.747582095881288,17.548848969821886,-8.672197095161717,4.731251952645664
MB-2953,-17.756495964151902,9.077115475461863,-4.56746392767632,15.181380633830223,-3.4772857287219825,8.84736644575139
MB-2969,-7.51009431969419,17.204858682299033,9.064242602858954,19.26686389295248,-15.382278417488346,1.7096703731461793
MB-3014,-41.81695798663831,-20.512841540856925,-21.941956548368818,10.938752288019836,-6.136183298295892,-8.777593349718622
MB-2947,4.397203869546503,23.828334964534733,8.320503139051405,23.01069910327375,5.9582570527855525,-17.974864204467398
MB-2951,-7.6187042364645325,21.716067621549467,-7.376282472342632,28.447597195073772,3.1239678535959077,-16.63860599532881
MB-2960,10.218962423741836,18.841350787719648,-3.8489599779722856,10.208218527328029,-3.684943850274483,-12.320966794556254
MB-2970,-12.674265822841294,19.13180883762925,15.764038837721674,23.76671601550486,3.898377215285355,-10.00581028971951
MB-2971,4.096838109272816,18.51319604615588,11.39732358163595,14.462735248329386,-1.5548512344440255,2.8979492501746207
MB-2933,9.509557433286675,21.46835781831526,9.218866527016685,11.242905930540264,-9.48745270020743,4.548986833361496
MB-3479,-25.48801293463382,14.464638405920805,39.782576745691095,5.116497348883171,0.6196566503012823,-7.68854791144953
MB-3490,13.181676537870969,-7.144203599410506,-0.296504456981498,0.8413858456012492,4.369719240713754,4.880381621597414
MB-3487,9.447581255698173,0.48276648205749984,-32.2371793525276,2.722441327100236,22.63185785795897,-19.66822022162077
MB-3459,-13.78690135771315,6.464997497840042,11.466135172062954,11.923563946958152,21.89714813575046,-2.348770821574851
MB-3476,-37.18376318229415,-36.05255668774846,4.551006492454105,16.010718256386,15.703236126475238,-11.217941599189887
MB-3492,6.331536050072474,-1.2072559760906993,-2.9015909340463932,4.013276351293298,6.1349941115439615,7.4767467096323506
MB-3452,-20.812501893997155,10.048929829336245,8.121266250997147,-0.5635598775608006,-4.314656944977245,4.090976987219584
MB-3303,-7.98022023494077,18.11383824983655,-10.532653885214593,1.203019134237283,24.952014838792135,-2.550859352704626
MB-3328,0.9712810415729453,23.392265630231577,-5.644072092615009,3.784454012884546,-3.0072968550841592,7.539046149201213
MB-3300,9.68416472606251,12.273210884108638,-20.196339309099717,-2.117230612162778,14.91856570759191,-9.730758605974806
MB-3277,-41.68059345705295,-18.04978752806487,-16.797696884648143,-2.8881139929623765,-5.528961546573083,-6.102316784673259
MB-3254,8.603439346684022,20.32119726081183,14.110693787440205,-4.231185239013659,-16.01731307834735,8.266580629078979
MB-3275,-12.402317691781787,13.345748082263269,-5.478337525143006,6.430154860180801,-2.4684085056760714,9.16392237842235
MB-3272,-6.465162736650558,9.709654237825156,-20.848248284426063,4.579455401926164,2.366382663727183,11.554527675392174
MB-3271,-55.713285456548356,-3.5520817317543725,-21.370081213095496,1.9899136597091946,-5.7228988229386495,-10.36125662952288
MB-3292,-54.128884741659796,-12.212872810714472,2.3653929128061915,6.167337724994028,-1.1545431850663472,-13.825299336000292
MB-3840,24.28870336488358,11.303823284027107,-26.85616368171215,13.58797239541858,6.430610374905173,-17.618492666521142
MB-2536,-1.7611567509580341,18.819595261944734,20.728874672173713,28.195246772994313,-10.18386098312001,-0.902892840322288
MB-2564,6.88005616068419,17.444062269971383,15.121129714248806,16.59148593233196,-14.137154843905538,-0.616570536131443
MB-2513,-15.809903556942807,5.037161592420215,7.909963133607608,16.597331677903856,0.46812907577784596,18.021008721580206
MB-2617,-9.5117253875132,18.948603142234404,-5.422504211485869,15.724645861693945,6.441629843304876,10.88940174003173
MB-2614,0.6629910807556548,25.500068215610206,-3.178046505908657,19.048978087648038,0.8168733969506234,7.492038192454617
MB-2632,-25.51974464978395,-9.90463342730935,-32.24686896812017,10.37029695313586,-1.8359715451499519,13.998515036287396
MB-2556,-27.031375412302495,3.549345684834173,35.84929388792578,15.44431533556633,-19.035852023745484,-9.54311024855712
MB-2624,-3.8038429054339273,21.35606008140423,17.167823421400985,17.805919082481665,-15.63514206548118,0.8055832440801743
MB-2867,-4.580429189778617,24.218609990493356,13.609405918502315,22.461882152369103,-11.035688047180896,-7.210697241383116
MB-2922,-15.967995033168979,-13.925933344127534,-9.137096102383282,5.610325598660856,-4.030317989963184,25.15726857093487
MB-2917,-42.02473278216673,-13.494212207231744,-23.180068142202412,13.017774212317088,-14.798912909701686,-2.863775229653883
MB-2858,1.6007745727625637,8.402632471650529,-22.745840776215744,10.577972497665005,8.908078232811835,20.395753120990396
MB-2854,23.56492540745387,1.5418296105205866,-0.20349824105237543,25.142526325355455,-9.913511007491039,-7.0184248887005936
MB-2853,19.39656403015491,11.22130734230539,-9.27938570127834,20.661273818905233,-0.8988830445618173,-12.892953277637968
MB-3235,-15.021139370421855,-2.301488020312895,-9.6861733430223,8.990925131148542,0.9768606299495872,8.831019978503424
MB-3165,-15.664211734117078,-11.582066190440976,-24.326698480539676,-6.429144742396135,-22.031104329299193,11.551506758077542
MB-3171,11.832150135523355,19.65931307610362,0.40564455713835307,14.236741554568887,4.464903055908882,1.9614748179201522
MB-3167,39.08338451131242,-23.269142385991948,-2.478256000025408,5.388779275432692,2.999748552372677,3.315851804944995
MB-3222,-2.3399606744826373,30.882861343075877,6.082138564263444,1.5360375228504666,-15.493162086882428,10.55066209968025
MB-3706,-46.31931844872261,-10.00416449033039,-15.568409027806126,-2.5907931362460643,-16.535967058863704,-7.350278272196157
MB-3497,-20.474027120735595,-1.5398991546913052,-5.694009250025676,11.240697742507953,-9.263458610911949,15.634988675401775
MB-3488,-6.990556385697682,-11.983089414565375,-9.935625482366824,10.859824371282011,-5.588604891411378,27.28551123520203
MB-3711,0.8576122254115014,14.172952248835138,2.0785744891725,11.580058152776708,5.833767355901369,12.712015656577064
MB-3548,13.79291137781569,2.6578432429908396,-2.70730587808305,11.407556342646338,-1.478633522295924,5.610467854991711
MB-3506,2.4840787611775985,1.7358265793262053,-17.115794854671385,0.5265773835467756,1.4639863995577183,13.852572549285593
MB-3525,4.801594928928723,0.24494983726828837,-26.007531773927756,14.311349107897088,17.663601849026115,7.4792601888732
MB-3606,-24.031355900806744,-23.472880824549794,2.2027870113889105,9.862816757434581,-1.6379562747418837,25.04366504664812
MB-3453,-24.67133915182651,-6.798500569037119,-4.0709712074979745,6.3509047153120886,-18.606863594806523,19.498604938216225
MB-3545,-3.325654675973657,15.915684761105204,17.167485850139755,12.235421601188486,-6.672813954221252,1.954843176547094
MB-3470,-18.732134089064147,-1.9879166634301246,-4.460167412523709,2.8442132999899425,-15.232123852587165,21.1882078017575
MB-2765,-7.882360606419248,22.456237822914172,3.438149603056002,10.48528791854814,12.10234290980317,-5.750574688591899
MB-2763,11.2060386268091,17.94765947996608,-14.796729257459198,4.129363572729389,5.48223179384924,-10.187753081486383
MB-2767,-13.07999689071897,18.724784355472757,-11.086515065268244,-3.9480399933497985,-7.472892930632159,14.039587852294062
MB-2790,9.166311040902873,26.381864863783647,-12.464209682609683,8.22530900975521,-6.397154377065881,7.783902690171856
MB-2769,4.541210705772081,25.859564927747147,-1.1825726866077835,15.237601912782123,10.503970827483537,-7.470764134753772
MB-2842,-40.471577565519816,-5.6168119821347435,-22.008824943628,-2.042965716098018,-7.847977106390649,-5.240838011465066
MB-2772,-19.960382892107102,27.492366693828863,-4.458512590627168,7.274712995988383,-4.462244636308804,2.5189603636216304
MB-2779,4.006426145225947,10.129218059689116,-19.643525941312113,8.80669239796834,14.779450064890254,5.0675222330894565
MB-2774,-7.62397252902865,28.51029674055307,-3.14882120397025,5.159121768592246,-6.1172906965642415,6.334570316875464
MB-2983,4.72533406388944,5.8546129524529285,-16.975857619756972,-3.437177273941085,-5.985665571768744,16.568066754014346
MB-3005,0.7976785569505317,11.081370396098608,2.262354341458287,5.5267817568730955,-2.29417866114312,5.219061571078615
MB-2977,-0.8532771440888216,34.38196455131326,6.1148344546157976,0.49098037065637884,-10.35201799177472,0.6256194183391289
MB-2996,13.374415751436848,19.831398589077438,-6.846473959788217,8.869073233877634,8.288754206264871,-7.727043324606922
MB-2999,20.010645831361877,-9.074497577479237,-2.9521561601912683,0.9159436018187789,4.298847933293456,-2.157502256427067
MB-2994,-4.390672198767886,8.101014562601183,16.37662144553536,3.892847373271867,-0.2814543957899112,4.657328478443458
MB-3025,-2.1868800789346694,-22.24888313010855,-9.660929836495688,3.433428643088379,-14.233707637953836,9.181125679831617
MB-2984,-7.276846148704553,1.6917112500685494,-17.159044332601862,5.701560514761575,11.228157528698453,10.282720126824064
MB-3002,-6.394386564054276,26.82838089512943,-5.202524972934609,5.736481123438546,-9.013298768607036,9.053605609045503
MB-2845,-14.469937138988401,20.45950202079946,34.11015205666267,13.379067052695898,3.5059564767276687,-6.001728580795998
MB-2912,-42.62602945315745,-18.929475131814307,-5.86276798914655,0.743364342829214,-10.202492083840882,-5.9043833985465755
MB-2844,-18.75597906211444,-1.5194347916047568,-24.51882898278754,2.0131765519394005,8.54120627735785,18.587671898985363
MB-2847,3.2392613112701607,-26.313132743001063,-3.9253852625871803,11.057014201402342,-9.878719248095921,25.275353327036076
MB-2849,-28.02933941129737,-19.14132153025255,2.4665262932815684,13.782728702521709,-0.6291280847508611,17.05034648677872
MB-2851,1.4492906331142925,7.226664997632167,15.3513083236208,6.856285566259405,-7.588654353148671,5.427616178730676
MB-2848,3.84204872301683,5.455194795253315,16.710779027790768,9.77161018690275,-5.605909591407883,12.83914915928652
MB-2863,13.909773821742148,7.24823413489474,7.704180667240008,6.246596887091543,2.73317121670357,-7.863266251888159
MB-2840,13.816377659884827,4.716636501321879,25.074831056264433,9.170941150693002,-9.149116376463281,-1.5285570864598836
MB-2843,-12.868497192466707,14.46186988654964,9.965939193510122,14.552688529602971,7.623567540965553,2.9998556232418787
MB-3013,-12.909045594160672,35.70760459203327,7.141412614712344,9.520406733310056,1.0927911831887172,-1.0136004306158746
MB-3058,-33.33716427804119,-4.869510011344796,8.172730040590455,-2.7195120688498435,-23.070038667942573,1.9127094499714787
MB-3016,-2.486784172629948,10.078839462119136,-14.850647446956106,8.744156492333714,-1.1776614441058177,14.13209519273942
MB-3057,-47.46110505225778,-22.127870814747187,-22.862229247745464,-4.922671365508983,-7.582211508477695,-11.579638977416948
MB-3008,8.430874741667814,29.32743908083766,12.91740919825715,3.9426441395166183,-1.0564320687800184,-3.417698414957349
MB-3021,3.7084630211395817,4.993263896221807,-0.5852851692556117,2.3746874654898,-7.000293733175397,-1.0568514087803016
MB-3032,-4.53466551862724,25.26253341928629,11.265727326256783,2.2957895596866353,-16.927880775010916,2.9380190692917805
MB-3007,10.616540040325642,8.42976377598941,-9.656504588408518,3.011371366532911,9.01544141847848,-2.449829664883454
MB-3033,2.798505075020074,31.153204810735765,7.344461523140515,6.211298077800207,3.142021515584442,-1.4907766999474155
MB-3026,10.269012016785986,16.811347041254926,-8.288254412070737,-0.7176616651868629,0.26032097813330257,-9.595262423251407
MB-3006,-26.63814382167575,20.5912867844856,30.08799477964759,4.143879751246604,-6.1994936983708655,-1.5943805541663971
MB-3439,2.5720765252405604,23.316633052562015,1.8164194566586254,16.25328986942024,-6.244478778208397,12.211782809026236
MB-3437,24.70781450153162,14.260414151660544,-25.604431035066327,7.240454490933795,-3.478937014471015,-18.37622638284749
MB-3395,-55.106149461694784,5.247798963344251,10.098542127489281,5.803208387474542,-0.2887534027459386,-18.232537372043435
MB-3386,-25.07488372815805,-4.02499655684135,-17.222279923621368,19.035213144741576,13.22894850550436,13.647680475354878
MB-3382,-13.615262446499349,19.84094325082079,-11.267314317872291,9.726313437242712,2.8565397806570427,22.046479033699207
MB-3379,8.373157701540942,23.73474790065262,0.9310256974491637,6.914066057979824,-12.23404973017273,13.806394911082021
MB-3430,7.759342889831387,10.203867131224209,-2.207833556201385,11.542332844338894,-18.924635614495546,13.61540342979309
MB-3389,6.93383283082829,-9.673132027877791,-28.515766491145897,18.49390398393006,10.60308129789233,-11.968249267106023
MB-3378,-2.03787049811438,31.07664381269698,19.06800960978252,21.530153659590827,-7.114472854849334,4.986897482472746
MB-3110,10.978683278240712,-8.98220348036962,17.116390028243714,16.53861972901182,13.37671006329634,4.808873350749369
MB-3079,11.615830299988417,13.379589833464633,0.6244379113945938,7.548228269097568,-11.982925394624019,9.406214343491781
MB-3103,-1.4898344490925097,4.112916103626964,-5.0491605339045975,4.933505242664974,-2.0086431510856992,24.54981671281591
MB-3102,10.772010470161423,7.251273941067637,-14.851624543622718,7.167245212799645,11.118136686794832,11.165026715436602
MB-3085,-12.624315940756912,19.36759547051607,19.127713038555253,12.65989841409147,-10.290693132960913,-10.357916825016495
MB-3122,-17.886525328922133,-1.0605496200801467,-25.02366400876119,9.259352922207245,-2.8765126040178397,20.17997685651322
MB-3104,25.760614334480454,-4.766949479900229,-2.467761490143046,6.7920578194664625,-12.390712400699403,3.6307342537288596
MB-3123,-38.48940475786768,-16.51340577446618,-21.37052555471657,1.4317465749886595,-20.885336492803546,3.2287292907064598
MB-3121,11.148832771829271,33.024860333976235,-8.783855149401534,14.460252577276593,-7.157764530374298,-9.197643585723382
MB-2835,11.25853343706625,18.856569943106162,3.9074690953932767,14.798406749356074,-11.246218669875201,11.482049094407285
MB-2838,-2.8796678433194995,13.90205189789487,8.426083822977615,26.795034142739407,-8.553829205970576,-0.2357322608268216
MB-2801,5.526811561632535,7.886513808248581,-8.862548542862317,18.640086074319843,-3.488196394396201,2.4739482828572013
MB-2834,-27.678387992421868,-11.218199012911247,-4.393941531264713,19.13402352685929,-3.5917353947496142,19.602985419574143
MB-2796,-7.845806134305899,8.84416249663092,11.309916966423941,18.15029926271504,1.4806645835659107,-2.626669904198926
MB-2857,-54.933433548595566,-0.13625118211497578,4.827469335967738,25.37704056908465,4.294713085011515,-9.096748056402857
MB-2819,14.845893282430254,23.038899819064113,-3.051154667720009,13.245655563283297,0.11606610158542904,-3.549823324187759
MB-2781,0.4947583545474677,10.114965458612575,-16.785006839479635,-11.239315613695199,1.5447101017224831,3.809881975971114
MB-2793,18.747228944746876,18.77057084322042,-21.624055784440728,-5.853585791816586,8.141559375005274,-1.4235413981249943
MB-2827,-43.479959745439125,-20.680059515881457,-5.975342092981751,-3.7658982110715495,-1.00485179320909,-7.5007386104880425
MB-2814,11.457313090710251,19.41847650398358,-5.3688015253717385,-4.739838240029569,-3.7730062620801,8.431248034983959
MB-2791,8.924166107287418,22.848990616109216,3.2628943293702433,-1.687247800065435,-0.8058156796139019,-4.049386982997965
MB-2803,8.634474298030492,18.09333613510468,-14.554005021470957,0.04319842357177798,7.599956260927703,-6.884103329067727
MB-2797,7.901465026449249,25.523665610807292,-10.766304254496786,-6.090623740445692,-6.408170916631519,-14.29762775551992
MB-2795,-20.510777091509354,19.50514455877289,-0.5864648291558575,11.536299730885217,27.450186977952516,-9.82976244426771
MB-2786,-5.896075262837985,25.394713216208377,-7.614802388128809,-5.386874864109303,-0.7250084700449502,8.525432014869853
MB-3850,-8.361813367728516,35.29146111542807,14.790550499036696,-0.09829719124367914,-9.758595225338096,13.481978955966618
MB-3556,-27.170858911723446,0.9038426402786474,-14.40968811858487,7.373938206669826,15.858779980349306,23.325965284008205
MB-3838,21.826650367807208,26.24048134122345,-32.88966330006322,3.353013394089997,-1.412106856037267,-6.12383400481473
MB-3707,-27.535631504953127,23.608815031944648,22.471520173092753,14.310453629478728,11.62335088272865,4.120261179169686
MB-3600,-7.6023937208386245,13.42783431819972,-35.86487528708936,3.8786712268965537,17.959496523506537,-5.270920333796973
MB-3824,4.942596735247467,10.985162131156855,-28.54328330488219,3.936651235918931,11.26955684751338,11.071387825487161
MB-3823,-14.769722600723806,31.194779878968095,0.9008215904337836,1.2575835770086856,0.30188252473818117,14.375513405798738
MB-3781,11.068875950005236,26.934106005925273,-14.684314651780088,8.94250955541842,-1.9830070063687573,-10.452774293499912
MB-2642,-8.023731469393635,19.80292818888032,-26.12690927187154,7.390676985931005,-4.637403394209037,7.718267567352039
MB-2686,-26.13346375257471,9.615136427092379,-17.831200710890105,19.209271835907533,21.1674998881881,4.806329643049244
MB-2616,-28.892802348496318,39.10313876028813,11.144642830349943,20.220789321229947,-15.690028199300786,-2.9583421247304345
MB-2634,13.8306896705499,16.163137988725133,-43.124620506993026,14.425370930382833,6.365814707944786,-6.036459163425797
MB-2613,-15.00163873152913,12.051495401394519,-29.0186334751238,17.78618353318836,8.217847508340313,4.633013252850476
MB-3842,-17.636779530840272,14.183108205680535,-10.604336997713533,19.562902961583653,24.909678543596797,-6.938249583790343
MB-3866,-31.2274900104787,5.2001606946740555,-15.428958513865926,1.0912868915777856,-10.849337916236436,26.178493678294274
MB-3874,0.023040403752133627,18.46857869285907,7.817090395957747,8.466305161260395,-2.040893338839796,6.122113730177218
MB-3871,1.4903701027618648,28.904710796108375,8.34211521199633,1.3777164816716794,-7.808685066684024,3.7421161833107823
MB-3702,-32.20651876059035,-8.462898646867128,14.801655366830701,18.627842145034286,-14.298082137852528,-15.395594646000122
MB-3105,12.70258490422419,16.2789828593915,-1.5318911468089713,-2.7614890990456726,-5.845645036507602,5.660023212396795
MB-3852,-14.871009259898162,8.238067656707457,-4.455263456133156,19.328695901128825,17.411953907387243,3.266780693157994
MB-3854,6.730588528944684,7.63133220334112,27.995925440985648,8.54107364372807,-20.127017628482893,-3.163432991048524
MB-3865,-12.279811613427817,33.21408945683145,27.126916581352692,8.482677672979339,-15.457477992432935,1.1941095447827066
MB-3228,7.49298924087065,19.340677653666294,18.804378563553925,-14.872893398742336,-13.599420667771268,-0.21388056239774536
MB-3028,-17.890857282862562,1.1741051847560207,5.97606140926584,-16.89262186979599,19.014325173643982,10.20164255729343
MB-3502,-45.217224793136694,-6.074343508628518,-10.630650132253857,-14.964477346732576,-6.717240901540806,-6.001852849555802
MB-3567,-39.217130402516176,-12.330172888324388,7.435914322061312,-16.485546474410896,12.627900152808962,-0.27692812019215396
MB-3752,-52.60904391622354,-11.393422443820482,5.9014478438729885,-3.898719926361463,29.93286723911694,-23.151360665035302
MB-3450,16.103941479504073,20.70162038359591,-12.159353546453433,-11.977142341771259,-4.945928737032076,3.020740348190832
MB-0444,8.226427061983419,12.61672515173031,12.367245690731966,-23.89396342584794,-2.0359742156966663,0.6877571243496601
MB-0476,-44.44984602367865,13.847240454896165,34.157423407057976,23.49350606274803,28.46977804815384,-18.15770311441574
MB-0610,-19.8764420521479,15.29720113931342,17.253389285767113,-21.40551271304395,30.627511255131655,-0.25705759984302645
MB-0451,-0.9359836395977028,9.399897018658697,10.011765607423342,-28.16692746856264,-12.71115660554036,-9.565511378112028
MB-0133,13.57247323192736,14.449044516118324,22.592249920523965,-28.318344177696655,-12.436467024909733,-9.610635918317573
MB-0005,-15.518601354028197,43.770150918678034,-19.64736713229884,26.61027876933397,-18.227333530347963,18.437506225647162
MB-0048,-30.84679731289037,36.1549199246707,-6.6529713187951005,61.80726771952131,-9.678664314835968,0.2849592115993863
MB-0083,-5.379244962530165,49.90320862536793,-26.65447162753925,53.11199891686145,-12.48587215716097,-1.0501207374932902
MB-0053,-9.241587689055718,46.4308338707843,-42.141477586983626,52.4385774207013,6.569813337509052,-16.66171271066536
MB-0056,-5.863814603088514,49.49074085628891,-50.95405262338729,48.87696362503951,-9.675061029101311,-9.180781735188573
MB-0068,-5.11911526431834,41.625592130692915,-19.608982947805504,43.26492308024389,-14.218767744572816,0.2755336724208176
MB-0093,-20.344021817051527,35.39788068611026,-22.480022354779408,55.49482509919999,5.7167658111529756,5.0632501573084285
MB-0079,-32.523055282985425,29.655859959041166,-37.01616889964625,46.27110996698104,-15.356175718673269,11.585380198473707
MB-0108,-36.58975343023994,33.49662888076235,-25.38545183549222,67.61314163146848,11.632303147405823,-4.319626698837452
MB-0006,-13.035358747802293,29.972736988754978,-23.65010856169808,38.89106636647017,-9.744483018066191,13.759250460752687
MB-0014,-0.9562162943352216,54.378148472030716,-20.07952949173394,60.182865434215195,-12.031582594060731,-1.8907977639675726
MB-0022,-22.928785209821466,37.35458362827939,-5.343173238395269,71.09203362048835,0.0054325878315098245,-1.206003980203228
MB-0039,20.238977022678462,29.36438463165982,-52.78430051125904,58.747856722098255,-7.369318745900081,-21.4928441070869
MB-0062,-53.647323087951825,14.047528774676355,-57.63114744437818,46.59562078762308,-24.29286882384303,-16.847924648995615
MB-0054,-25.942690201833,30.95460960540289,-31.45922095224529,67.57436162851627,-6.615530833692747,3.8434836514567845
MB-0081,-31.439551973630874,39.5924155048597,-16.007176019866392,74.70976437424747,-3.1803157423302926,1.324555717115199
MB-0071,-12.481998103536574,33.65193265742791,-30.5391454043241,68.01412607380699,-17.658728346871456,6.057013995963001
MB-0099,-17.201116974644652,46.23168932810417,-12.68458015676597,63.04821842777263,-14.617543688041057,10.846951188466129
MB-0064,10.235074149526515,34.16488747465256,-38.67640261140624,55.60485522385884,-14.329341595857892,-19.53624745470171
MB-0107,-2.4928552801203834,21.727191549696844,-54.502788498120864,40.58236327778044,-17.586866516977445,7.439028345019376
MB-4681,19.418065866826854,-7.646046300002057,20.927939883407973,1.983208856844393,-6.657137279413307,-4.302639192503139
MB-4626,40.808273123433715,-54.21236618150317,7.364698722344271,8.94242386377294,10.692809529423347,1.3514470261808451
MB-4639,27.106392836366872,-13.551729213857891,-20.063999629231535,-4.1894178296906075,-0.9734962893121276,4.3463773654294044
MB-4673,9.40267876875569,-9.92479617773131,-6.977463692462659,-1.6033022279954265,20.211942431155673,-11.915949467569707
MB-4711,-28.93410057718673,-20.825881606766337,19.13488159805392,13.591597058684531,13.916869002448227,-3.1214137166181852
MB-4607,33.430686433018565,-23.42236418288,21.865236664072807,5.034674660335549,-13.473077777351826,6.651618259894733
MB-4669,30.420338316851883,-34.90984937960396,0.9753180128091735,11.150433746400845,14.661606933864817,-10.033549891336525
MB-4015,-15.837433690170153,-9.394410162057254,-10.194483672152748,-4.612262687611489,-9.93402553322442,28.665226326546684
MB-2931,-3.4893650572030337,30.994138870731952,-3.7533836583498243,-0.23057002867866636,-3.0763084900226243,6.890041270698088
MB-2927,2.051603848330112,22.9255297183092,-15.301657142536492,0.9851577189523509,-2.4506470142965497,-5.1657951345066575
MB-2919,5.742039894106091,20.22321403575377,-5.96122149581812,-6.456791068293492,5.61708416165723,-0.9718351642026541
MB-2944,4.2111686888946345,28.603532673754916,0.1937377156346435,-3.0793719519763565,-9.211817085277369,15.636349180351816
MB-2929,-25.110758712769517,15.883705900667165,-5.652881070311339,0.8251000359433159,-1.883806467631767,26.073031310603966
MB-2932,25.1315838385684,8.576329151136878,-30.53714683825373,7.624414596560577,9.437394819601375,-8.36050125022107
MB-2724,-41.73778466764125,-8.764495499682738,13.643452123751516,25.821461828760352,45.911138627113985,-37.72740872558676
MB-2712,8.304930172988982,19.924500550989787,3.2064972479255944,-0.4876035917258537,-4.1646024396093875,0.5480332596622859
MB-3062,-50.439871712227735,-3.497457266769851,9.530692671021383,1.6177795659751852,0.3258790314054021,-10.269038997746847
MB-3050,16.418006336709006,-5.129161871645058,-10.161599420495456,6.700140321433796,-16.586090728211808,-7.92855560307635
MB-4722,37.28179666170019,8.186417723655321,-3.290309006634957,-6.724381007500188,-6.5217514591342525,-5.263565110964301
MB-4731,-10.475490040211326,-23.409606898141462,-27.05266838379382,-8.022787519868348,2.01651384399974,18.334693478316794
MB-4725,-12.292632341428327,6.390882109013782,-0.596883300167784,-3.840927055529507,10.207768791351674,17.10353287291404
MB-4707,-36.05544575722052,-24.105227716320403,-31.763645591285023,-8.227710466450736,-20.96213350498706,-21.89511240862008
MB-4643,0.07538380072794523,-38.94930087713479,1.6529814093834116,4.271150342515181,-17.067169025173097,25.31013233110662
MB-3363,-18.112641009862124,-14.670378922196054,-29.03577872515389,8.942949580982376,-15.494524860193865,-3.0829604362331358
MB-3383,-35.247193789383736,-9.805496521819283,-5.163173363975762,13.534670231523645,-21.49933086435976,3.502844667083798
MB-3344,9.905564402028377,26.567264737158613,5.2842454095735825,12.610221641950101,-14.619476148621677,-1.113906364474459
MB-3381,-11.114140014439906,24.613213490216918,9.62502031312273,13.827174152981119,0.5459662250300883,3.9162125303355366
MB-3297,-45.34625288865283,-2.5963827108911017,-24.63782732039947,17.784937295082628,-18.42001925852203,-18.496510733991325
MB-3301,-6.570521310824452,27.64158017702387,-0.6940183059015235,14.667534114247655,-11.149760526936484,11.941038277070792
MB-3088,34.91700010760973,-9.19484996456716,1.3529747064822544,-4.005068392515659,-4.822755173278415,-11.265737390756394
MB-2764,-26.693014184618757,23.984450348029913,38.981025806331125,-0.700797251212734,-6.9472339184671466,-13.906622984778346
MB-2744,-7.4963189180378755,25.50076761534824,16.074076246745545,-0.5111692464254439,-18.52456121049186,-15.73112241301155
MB-7114,-49.16500481197027,-22.093807097554787,-24.482638970053504,-18.71824581330832,-3.7033097882071453,-17.837710642793233
MB-7118,21.532626972045374,12.378681577140659,2.2577413182952095,-18.69204409622835,-2.145800017490058,7.05369680212982
MB-7113,5.02760831471891,12.461285164996745,11.75357781241043,-22.639736271369276,-6.1373125816643155,4.200267583364024
MB-7130,23.217189881304506,-16.822601049458687,-21.200931143004766,-16.08354967377463,14.069651079821504,7.78520459550777
MB-7149,-4.049164712966573,-4.369893974924042,-21.698128004188767,-18.351142802533268,11.992911562871294,-2.623868590134767
MB-7140,25.514599314447377,-1.1729616428670024,-4.435415547487599,-6.27498996096936,8.427438841490627,-21.866455980128357
MB-7148,24.216538475898332,7.025642593416911,-13.76879922823125,-8.540049650403791,-2.1985031044608876,-2.3473106745143792
MB-7208,-16.325599521877905,-31.758454127994394,-7.27411196091105,-8.947936972997274,27.001151433024997,13.989008431580123
MB-7170,23.420092439673134,-26.28502162399965,12.918375842243615,-13.225974721787006,19.938626025631933,-9.815511890353651
MB-7174,-3.756227489851783,-11.95745634655044,-6.16268941863514,-13.700774703324337,37.13771889433498,-9.492215461096434
MB-7252,-25.692242282010213,-19.442491289724845,3.5089187918586275,-13.940062556073439,30.429942226636264,0.7571943305014276
MB-7244,1.7447460558812893,5.65820239554409,14.698429604606492,-20.192067385829315,0.5832330998533831,8.828827316079089
MB-7187,-9.557651820340427,-15.849437700738527,23.429574984104764,-12.41203121841297,2.251170679329906,5.73545392991847
MB-7251,-14.4503748750049,-22.75466343247408,4.737051405598845,-16.194528925013888,14.032737691085893,10.324736962388076
MB-7173,12.044895519559521,4.612429650369143,4.08403041174013,-4.535401543682256,17.91609467921658,-5.530441974956301
MB-3001,-43.70626016134754,-19.87174448420443,-21.36967658392722,16.06985190180026,-15.119215912408379,-13.749310251059072
MB-2952,21.38391721957214,13.78490614265547,-0.31306931680279015,14.353070123798325,-18.5999389844849,-2.388942500531144
MB-7097,25.034684596089726,-7.200732198260836,-3.305670990134019,19.967566356000024,-7.961995409647185,6.89169874349884
MB-7104,-30.835940564034054,-7.302237676790386,-0.4990838821208429,13.58936901222632,19.986966273019146,-0.3276519213947729
MB-7099,20.833957351792765,18.075934817410218,-20.860566645597764,0.3143161221800804,0.9379237654212612,-1.641182438742094
MB-7069,-23.47328165776755,-5.290835301536584,0.6736412673947362,8.385087636770844,12.594257250764452,23.299787498090016
MB-7066,-0.9866610144588092,-2.2984658905210624,-0.36351023710659364,0.105035830624721,-13.921821013638304,18.66172216865431
MB-7100,37.145154023974094,-2.335553315834285,-22.351017922682928,7.998182512957072,-8.249406515515236,-8.932140185942036
MB-7067,-27.43576689037615,-6.835755556166474,-3.6236550552176214,-3.549866972971392,-6.237613336438612,20.828481713361885
MB-7073,-21.18554010049693,-19.938772463348293,-7.661270012058741,-0.8541502600575331,-14.020883723973386,17.262217872894123
MB-7063,5.157905451417533,17.32662026734153,4.414961746280494,9.927623352328593,0.31028549796442706,-8.726130449300076
MB-7102,25.54654073079941,11.384721716922563,-25.25404599025089,6.963311853263248,-5.50584125102264,-15.915573933128734
MB-7068,-26.21182148300672,-2.2536831686770067,-22.24031688872015,7.528741150601251,18.296935868971104,14.553505975423162
MB-7075,29.566601931144422,-3.056246708466363,-32.22212701818007,4.892909513052664,-1.8076492222522744,-0.9621778364706669
MB-7053,12.376517013756082,12.259699615000674,-6.0844415183714435,-1.02054675371458,-7.545858694749564,3.798373878060563
MB-7074,6.712181703770954,16.497247374913453,22.156185978285443,-6.610905286530239,-16.612651182962125,-0.006046255124405684
MB-7057,-1.1095942051280423,8.483120047793657,10.987837393109341,1.292396012147005,-10.055146909767643,9.442403880710287
MB-7109,22.36534399232307,5.03606566386209,-22.22677244879478,1.762175750754563,-0.6289043756863392,-5.095570938002274
MB-7051,8.551539962556786,-3.43049978701449,-7.450038666569188,-6.420940646520775,-14.867354420238346,2.60811499700544
MB-7071,-23.96952035056654,7.6724681680573985,-2.9577613786750168,4.33563113674517,26.104511231466457,2.0811914745718134
MB-7106,14.144231442786614,15.544563144700973,25.86928206275949,3.4552791265581724,-3.9778287750644714,-4.045180818900496
MB-7059,-7.629853307853851,-4.7566554820419,-13.444881278659155,2.067170168725335,6.576817645890516,19.490529132028755
MB-7107,29.553503184070813,-4.094128184060952,-14.28515801124689,4.729510354265661,-5.88371574818727,7.312761996365315
MB-7076,28.656746355701806,14.373761524594022,-12.300179142148242,2.7611240317144947,7.8988161805071515,-23.424980779783542
MB-7111,-20.032519939596558,-12.656968663972112,1.047247559633214,16.213565564382556,6.487774483821252,-5.8693283600056265
MB-7015,12.3321197958365,8.476373705948472,-22.307464103763436,-11.391700549310315,-8.505481694502214,6.905944847663862
MB-7026,0.4114283350294949,24.236177471210226,3.927510009555774,-5.10923563251069,-7.847557303066094,15.581276622958816
MB-7013,33.62448938388542,-3.4838628082434675,-2.247362347524579,-3.426511949547191,-3.192075635198018,2.7122514574578003
MB-7023,-50.51221294309816,-5.835654756823275,-14.631607839543426,-10.914794472997663,-0.4374280185682596,0.9105601235077657
MB-7024,-9.37942222781675,3.224885789320188,-28.646894983028066,-0.5431729470115957,18.983765393434446,8.611239139432582
MB-7014,-18.14663355061101,19.203066093407955,-8.893425793553291,-2.4053363826046232,0.6410853825300328,11.256254165374358
MB-7017,-48.93129483187896,-7.884787705469185,-5.786447383650925,-3.253173622559884,-8.26534091750652,-12.021316917908608
MB-7019,-2.097630592831255,33.11318471874983,2.082038072357246,-2.817968956347891,2.631550762151653,9.090868570575958
MB-3510,29.55168689376062,8.179846389695552,4.773287836878937,-1.3328646023327442,-10.469879940287898,5.090632030725237
MB-3500,-54.05051203907863,-11.443769721598782,-34.4353695449594,-0.3810517410125698,-8.433117484567743,-14.488053220411318
MB-3396,-25.37256886441105,-2.7677480011298887,5.327485224528171,-7.652684488945239,-3.531224518132027,25.475526027780443
MB-3435,-8.572537960279329,-2.432659673870765,-17.49571689241044,1.2218688058456364,11.51430123551367,24.725976954153925
MB-7186,22.67791692935271,-2.6336314486231274,-17.623478744570406,6.141949365736444,3.2147493514217107,-7.086385336393149
MB-7142,26.260740235824503,-6.022527517883071,2.2388358142313507,4.530739059964579,-8.958541331278607,-3.029309370124106
MB-7196,-1.9601192034264523,-12.633658651491622,-12.127496480006759,5.9864980345927385,0.2976675707088896,9.110676775623384
MB-7171,23.060296663384513,-4.811336281287025,-12.710698653114974,10.457837662523895,-5.221494494533245,-6.546021438325966
MB-7145,-33.716490027765175,-27.281151499482004,-25.068624642646185,6.023103171731585,-21.25926266767582,-12.723297519492343
MB-7132,21.549564997385563,14.99617133371189,-9.24481195473062,8.825373424625708,7.218453399612149,-5.666134630303862
MB-7189,10.416170862528718,0.7123024207428345,-18.916626015658647,3.581883851579665,-0.9612774813365027,6.9671266271726076
MB-7137,11.429803277970287,17.980223225796298,-3.1263919869478265,5.482936109755279,5.3136762859612165,-2.4991782646030876
MB-7181,31.79336551694318,-11.531552653680889,-24.937967424270628,9.433907283918096,12.561212983782973,-11.725093722214037
MB-7155,-41.04519064896984,-18.319588057893867,-33.01567263843976,9.498103152033572,-11.679689667583068,-15.582513619724706
MB-7138,32.15775296037153,9.34665211970698,-30.518328066235018,9.035745252324828,6.611398685772252,-18.588225973876273
MB-3295,-2.8633410176646787,19.116933930803103,12.625101296892858,5.384765882047803,-17.32868310145608,-1.6545003561168516
MB-3218,-47.481611002432956,-9.62023911991237,-12.19442044332814,1.9599821519450646,-9.165125934690472,-9.459644289163293
MB-7232,36.4879584936923,9.784319203922006,-10.438197820995565,4.655267220014674,-0.7675131353166338,-6.388427963223062
MB-7281,-20.239746011663154,-13.094109070787358,7.517460328779979,-1.2148010496596255,0.8724480315332488,21.22701509663731
MB-7270,-16.535865203116742,-26.50453678197124,-8.372353430534409,3.3892479108022227,1.0235232007776618,5.69001641625061
MB-7231,27.262814793899267,2.605866519217307,-11.79790870357548,-2.7352925810187596,6.006136248795735,-9.545616811291854
MB-7220,17.895051710491586,6.847808940296651,5.253580086522165,4.4489828560136555,-16.977544214606215,3.715273946141409
MB-7277,15.26775124375406,13.862281865807631,-2.567340333098773,4.908033081579073,-2.843985221275171,1.1584930245205418
MB-7269,-36.70583223137953,-34.94345328721505,-8.105521631613987,3.798885561907555,-3.3267629202571625,-11.20154890280096
MB-7280,12.264727956297987,14.364064398984368,-4.48378080183779,5.742223587518864,-0.9458713822482133,-11.120137518052694
MB-7227,7.056083772402494,2.747239989434476,3.363998728130188,2.4572021249229845,-9.814851078463285,9.23462239756177
MB-7278,22.029529605404395,9.984212922765261,12.15657035484096,12.441446800114893,-11.441215614477553,5.150964061903502
MB-2610,2.4719049697227806,31.51529831463455,1.5980432501981943,21.567408868414894,-17.6365515624503,-0.6804903446426525
MB-2517,-22.85008234697164,-3.559588655394759,-1.6536831871720497,16.917507379482263,-0.2861699171344154,18.484712697296874
MB-2896,-17.387675241805862,27.4263152060981,9.174447473834924,10.407691770869727,-2.6690875672564043,6.091579231332451
MB-2901,33.493672870086215,1.6015365424705432,-36.73850602612512,16.835995309590658,9.964909420165048,-11.08566869588223
MB-2895,-33.62800305604155,-4.04049412979389,9.367660737970036,23.4962337758054,-1.3202888159740278,9.015069184026437
MB-2900,-7.741895291474617,7.42349098145421,38.58981939365897,29.028577813544537,-18.431886189066102,-10.72301579703841
MB-2939,-9.696255971746263,17.539389420067245,-9.932743959547075,11.033066701517388,-7.03207296994975,11.416883277478528
MB-7008,-28.726150929237775,19.963009964310665,15.44472310107862,-5.964889659831286,1.6605723622433446,18.86839079884822
MB-7002,3.6193846201562745,9.607438066337195,16.170491815992975,-4.351962903670762,2.9159591789613875,5.811871343353607
MB-7000,29.847639931839165,-15.993276332610169,-11.248856828347852,0.07882033445371918,6.098638458554687,-11.606268387223992
MB-7006,4.692287159285024,30.759230513419975,8.362324136513836,-2.996918884589887,-4.736981500388469,-4.736358587481586
MB-7007,-39.89592362022704,-12.915848933173896,-25.870308163915205,-9.750575830733625,-3.1936514618744694,1.4437694105498748
MB-7011,-2.9968973629624123,22.301964856115735,-37.14223186390096,-4.946876393099752,3.532323704839776,3.550321284598957
MB-7001,-3.1619161978974155,24.602149082968502,-2.6382087804048453,-4.921320453095051,5.471630885673097,3.613300861208369
MB-7009,-45.00268890966227,1.767471558772024,-16.274645722498207,-9.940124556796242,-20.30316869625861,-16.54610872028283
MB-7003,-11.687818402735665,24.458699895771876,15.15041151373999,-4.305423878742029,-3.9874273497549244,1.9447406924730548
MB-7005,-2.2041312537756776,30.61788925899972,-2.508745587799918,-3.884197553183369,2.9980728092186797,11.27699521729234
MB-7010,23.765644664915637,19.65394423162713,-0.9130170540238547,-4.422054473520373,-5.285737298801908,5.328902607844141
MB-3153,-7.978788696883406,-45.32567678184107,1.3148035912806453,7.394094233304399,-3.277787892098221,12.711036145916
MB-3211,-39.56256291415426,-16.591954774953162,-16.21166272178858,-0.6644756683609184,-9.467882685528046,-2.1228465766997853
MB-3181,7.326242193497048,2.6045607493700285,-16.566503427795777,2.5600958769679982,3.567864447934636,8.138918416214779
MB-3252,3.2142014154396685,25.077539698006397,24.356336489053227,3.2446236681235994,-13.64169598983048,-8.136101321307887
MB-3266,-7.619801409335088,15.11440182617576,-1.46986590969796,-3.4845033675273296,-2.696379666409581,11.580713321583794
MB-7082,0.4145253222987897,-28.67377382594577,-4.930399118403043,5.440587370924697,-2.316471900846295,10.041430561087505
MB-7081,-59.43400396255882,-6.481090553203014,-9.865689572833695,-0.11151821328877733,23.252309048142255,-10.780617564248864
MB-7093,10.210000118144869,19.00381474727419,16.435282882789984,-1.5446302688080524,-0.24542617961255236,8.523661661733486
MB-7083,5.814518204436954,-3.239950542761535,-14.84618919884013,-6.800903086284789,20.886377218500485,-4.053518068703631
MB-7091,14.978789664323822,16.10694511872088,7.889844941046412,-2.2841719355290944,-16.1270195070419,2.0392000404127515
MB-7065,25.65743390509559,6.652498049648714,-15.357946236173582,-16.667298484190535,1.4735632368384242,-4.909682985416986
MB-7085,15.982148357396682,8.824641895782086,10.002572119256484,-3.794973727652409,-0.9441260418718181,-7.08356073991726
MB-7096,13.67403716280431,6.4584711147341185,17.763792139210164,-1.6932570277432168,-6.923716160649628,-6.338986969159101
MB-7018,-10.377905800426701,16.410688544670695,5.068824966778964,-0.01388019831749909,9.590507674462065,-0.08748264619482009
MB-7088,-15.742852942707836,-19.13399769452941,-3.903068914063261,-1.987910630161306,10.07778192887297,11.893949281180292
MB-7055,-7.572614693956734,-39.22447010334212,-11.73640052694515,-4.057557773236979,-29.13218523372863,-4.337508849395539
MB-7080,2.8982963830255093,29.706587078476815,-4.592260865468872,-3.2287475203831377,-1.5694296300954715,5.190918309330851
MB-7161,0.893519845524966,-1.8617055880554596,-6.100447972031376,1.181158208786703,13.878042799931816,-12.041138059255367
MB-7115,8.14371206818174,-26.576645720050028,-21.601779445616682,-6.151803576432521,8.446622319373255,17.4200372933785
MB-7123,7.106117702185628,13.27609192482889,1.0718085228469183,-3.067406109590337,10.104682103168232,-2.9312487319206557
MB-7176,9.814247014705535,13.346780571417582,-4.238365902168323,-13.171421399399062,-4.653728119692251,9.269423491029272
MB-7121,-42.78041107109894,-27.73526006063068,5.106989692715031,0.9047061694314439,11.34869731720975,-14.882783896658509
MB-7172,16.866172273286168,7.573779293189547,-7.845474850311658,-2.703314814338715,3.615453628669213,-0.05437265844033862
MB-7164,22.03700377272505,8.811281941890643,6.072004331345007,-15.903286455655913,-9.654882287779023,3.761789760488922
MB-7127,10.698472622119125,6.584527459872769,-14.654759101255397,-15.728448651140358,-10.218222357374556,-7.491222761242315
MB-7128,6.457482739566786,12.936435187202973,10.86349540635532,-0.2201572565187838,2.417241391993539,1.464246384033429
MB-7157,28.344254063783733,-6.37260767100818,-19.285782886946738,-8.179182335917996,-3.061795251083848,2.8367238806420874
MB-7092,2.510390712724888,-8.090838102637173,-9.770054031994585,8.744389534667361,24.773452190508277,-9.379738096160134
MB-7135,10.265619143252838,-14.94884593088418,-10.48319435211616,-3.5392784794917325,-18.470325050527357,24.71692607888929
MB-3754,-6.155327871934789,5.4612695277838625,1.467267752703084,6.207514002467815,-7.0514159408399095,13.383663988798833
MB-3536,-11.181711491814132,8.847742632482943,0.1520157934493294,7.6855694978596105,-1.7634087060914194,17.710370075600785
MB-3748,10.991099325039194,4.536408721436192,10.962914507292606,16.662547368614323,5.722874893711582,-14.723755703594847
MB-3530,6.912035577121699,4.884512927858701,-1.7269072957056744,10.592656235829258,10.344478923703365,6.847931376076901
MB-3582,-25.966355132910426,2.991425392865811,23.513061294608313,10.562959885898175,-5.920218423402542,0.012439560982158643
MB-3528,-18.146763049060947,-2.252494842434369,-7.690043650371557,14.235891519781411,17.258095980418368,13.808001885598983
MB-3547,9.797404855011566,21.616122331888512,7.405461279945358,6.457193249403248,-7.763971134570161,-8.039095029058158
MB-3576,13.049481251218547,1.6127913966149525,-14.437655648599604,8.461324847963635,-3.0711574881458596,9.4572585296986
MB-2770,16.143272068052365,26.19864006884255,-4.358563646978884,7.955521158291676,-2.834983512460668,-5.412217093237203
MB-2758,-39.99241329918273,6.533935710637805,11.485635407728006,17.72796742657143,-1.5316005346612385,10.02076901343814
MB-2771,-34.05211149706572,-2.438394247287256,-14.830313601962013,-1.9129161637353254,-38.06279417407325,-20.03360081928464
MB-7152,20.317820731400126,-11.675780751838177,-20.739070868575478,-9.516528970827158,2.6358646868494393,4.322569640547494
MB-7143,-6.3656064921790865,-2.5102895334467132,-13.17684038518603,-18.357894446980126,-3.6579466797624414,27.88883464889809
MB-7197,21.855500351401076,4.0719331662833,-5.347531869274662,-10.713923916438324,0.07428546137314705,10.142889390193048
MB-7153,11.072349467302253,3.6682163554837506,-22.981584190030688,-8.285274705487009,-5.790075968230983,10.792360218287673
MB-7144,11.181644183823938,-3.3175881373792273,-15.175964112350153,-11.095575442834852,-0.6442612695859031,7.684809023774542
MB-7185,47.80432858090037,-1.5277468182953207,-11.93529131326416,-2.1209152298893748,-2.5608377589299898,-7.2642853720216864
MB-7199,32.1196059459537,-3.2544143768834304,-11.79986780698718,-4.84972228050212,2.546713215488661,-11.735234803175505
MB-7158,-38.85463539558051,-31.11590130621494,20.57453212967226,3.5834757443648693,13.700492865480108,-4.608452517579485
MB-7163,12.560768053550987,3.6416110883907384,23.52677547974019,1.2214837429699998,0.27911033786150097,0.20212458197405886
MB-7215,-4.60221744935055,14.70443010650502,30.383845740119256,1.33539751182086,-2.3162510528173788,-0.9109542890572566
MB-7200,17.87232202940278,14.16673246034071,-6.660977751568013,-2.538487092623094,-5.319824777811611,6.949888036722735
MB-7193,4.068439390640658,8.323337384468346,-23.309704838738813,1.9721495602873427,8.651463520213627,-3.7123616360086067
MB-7188,35.862832278551544,1.0096445350102556,-3.885935366016967,6.936912945840847,12.781934009068122,-11.881492163517445
MB-7198,-8.604665810613144,-4.909485035455983,-14.693110455478733,-5.530259238444492,-16.68744203890384,11.971477123163073
MB-7256,-2.749821666988358,-7.758375815203233,5.769865305489549,-2.1687229846802523,-8.465718246708631,19.51579566146302
MB-7258,-14.012100604577135,-41.833686986614374,-16.309687130601745,-10.006658627887258,-22.249108187086897,6.809912873389088
MB-7194,27.42435524437427,-4.895533484108524,-30.492995905787158,0.9742732905180496,6.939370094906142,-6.099566477243645
MB-7254,12.971676471382198,9.94737168407926,-1.1084530705999105,-0.20680666989655858,-18.391196373492907,7.69630711128692
MB-7262,5.949680648093552,-15.73921282875307,-19.018738551488063,11.106865333124414,12.41270380540129,-8.821150136702816
MB-2990,25.755189868792367,7.090907764132326,-0.29671409724711534,-0.7117673785318843,-12.270698431499827,-8.43326757666185
MB-2993,-43.638988715417526,4.108756012176133,7.90246842120673,0.6698751849801093,-17.02701990503453,-12.34006715966256
MB-3031,-26.364550682736724,-10.016929539452489,-11.353483352211763,9.377382583193807,27.289344277310228,12.363436836999547
MB-2904,-42.982284441099196,-22.087359252484617,-7.562004675626874,8.082951898887634,-2.4623121883545838,-12.904217382076242
MB-2846,-18.207811821161144,-1.7055675501509688,5.5393889064176625,13.318528971287716,-4.083655053557643,10.07818508304003
MB-7154,-34.46763267564547,-32.03034026805141,-9.079681188796522,7.76104806059336,0.5081066648506111,-9.766442583423267
MB-7229,33.71559521034332,2.7597012856417,-10.35790762634245,6.530468014232731,-6.256580861961521,10.476294979634837
MB-7151,-21.611712224398794,-29.827025175873903,-30.06722956193627,-8.891536593821014,-18.426213389116928,-15.196136682359095
MB-7228,2.979293106941387,13.305122114973443,20.00579645716407,4.380319763841755,-6.217939586573535,1.9817593112033192
MB-7218,23.100548053497807,21.364667894567017,-4.992812400865834,4.991934094671653,-6.557651268364481,2.407642878591301
MB-7147,19.492283029443808,-5.263247773289127,-18.91528756032131,1.6659375973575485,1.1314021917995813,-14.657094503326281
MB-7219,11.31472143435969,7.170583573340756,-0.9812338621911719,-3.79636959331127,-2.243228989602463,1.6250508031775999
MB-7165,-39.703137605962304,-21.8752167503042,-40.78265893655137,3.543162986436869,-15.005780165116235,-12.00662854273599
MB-7150,1.6175454638442524,1.4864057274707383,-6.792625334916695,13.683443884939319,3.6359040509216487,9.003507962738313
MB-3436,3.6275260528328754,21.52482204036081,-29.471165786598515,14.491633255619634,-5.561415787838295,6.597443245593961
MB-3462,-0.8174549665401514,29.073174028385758,7.580838456509861,18.059967745368212,-7.157088745605132,-0.1956341631611958
MB-3417,35.74184204186795,18.310876372209606,-23.955723935334827,11.756234827141796,3.4947401435182424,-18.779884019440058
MB-2721,27.5186516143574,6.0405869110392985,6.162141855506998,17.033173192076863,-11.375525474478152,0.4902311172044883
MB-3092,32.3249904509282,2.42667504514998,-16.866934672039026,16.135637858531236,-5.976859743113254,-0.5498264965880635
MB-2821,-41.17899752081977,15.993052721637707,28.791396226734317,23.397640476254697,-8.75664058491095,-1.452076836706186
MB-2850,-49.77115379220238,-7.405557055881349,8.142516536418219,25.931944285996458,6.436772810453961,-10.452961723406304
MB-2820,10.42642600101764,13.721319054117195,9.368076159560376,22.527210839703255,-12.138299610885802,-4.7843133836156815
MB-2823,-10.089973061706544,-2.46211540179661,32.573793571432816,29.213761600788967,0.6232184000961898,-4.108026049646366
MB-2792,-8.838594767243455,5.046896035862474,2.8603189417376944,9.394515920709443,0.30344971521845404,10.28976600383601
MB-7273,-26.34092430529075,-3.516139483751471,-19.648861157019684,-19.34367048547527,12.654275086238158,16.41496800780583
MB-7283,25.50980508902284,-7.338129005889787,-10.488489833514215,-14.341362926186594,-6.759257207932394,-2.076223920180618
MB-7284,10.420086873447762,16.89032249145273,2.8968503096066756,-23.547057462157323,-4.6369324409743164,1.4131880754076827
MB-7279,12.055098535225719,-39.07665001874772,-3.540703688986958,-13.377104041343319,14.846370990610463,17.740305147290282
MB-7233,15.590423396287372,0.9072283319103743,4.9968515834383505,-18.208596134561116,0.8111124257497487,0.5225581367953874
MB-7287,-11.885217298073563,5.91394836071822,-15.573958698578771,-20.95149091342369,23.355841740889325,15.746218372001959
MB-7250,-18.46797838980188,-15.308024237941769,5.643903111368088,-11.224281167228284,16.74993385788473,21.269969351398515
MB-7238,4.849254392419561,-5.623460344393657,-10.115426434268949,-22.609587798837715,-10.05629316084379,20.560320003626618
MB-7285,-18.192648328331913,28.31916521976269,13.839473367921759,-7.752303626222528,4.535846461623973,3.757257180973723
MB-7260,3.2604791745214574,-11.958262112939206,-6.828003118048872,-5.177619277584888,-9.8667344322901,13.938454690946896
MB-7264,-6.810502302017134,-12.53761693533755,19.336722897621872,11.595275168348904,22.453529985252878,0.8247263367479201
MB-7268,13.058555000333776,11.808947796829434,-4.992657766145568,-1.8543304757858938,-13.478207341704817,-2.2356563402348937
MB-7276,17.673569494666662,6.296162714099558,5.519783738078774,10.453201877989047,10.102967079493125,2.40013653473723
MB-7212,11.340111802443282,11.716102342067979,7.607227246580986,-0.5503731606910609,-17.95592454618478,-10.455833272584423
MB-7267,-36.80198946207002,-31.882538718189625,-26.981048112605087,-9.313085950032951,-10.757398770270854,-13.034906434483014
MB-7266,26.39068167768839,1.7078863660953483,-18.24058054786964,3.300746516769069,4.204189739708055,-13.00354850791075
MB-7216,31.556628752085498,6.1206623031215805,-18.52660906966798,-4.02805011886222,-1.9942002299450903,-25.268703169086184
MB-7195,30.781184596947348,16.648469870504414,-5.904259222671614,4.008885913053554,-5.266876531811665,0.8983272538528477
MB-7201,-19.174841443267344,-19.17465576465755,17.720424053244535,27.49395041963521,27.38417309971463,-6.607681702767716
MB-7217,0.5360001387124209,12.786173922396395,20.579119824512684,8.522234820567794,-3.705761939384488,-5.383959034886054
MB-2778,-7.350268534199001,24.001734424597295,4.1139260183533795,-12.259933623043093,-15.155343574613964,12.155772620403761
MB-2815,4.152680874025142,22.493585408031926,21.21760209253085,-6.895078398788027,-13.335908669060949,-7.020438216787422
MB-2833,-43.65803022191158,3.9019480222626255,-1.4809911914241178,11.71794050888408,13.425118042166856,-20.10750866762948
MB-3614,-1.4421766173880814,3.7766465683621884,-1.5366214885114784,4.2759446491996105,-6.476953759266516,5.370710284077622
MB-7052,-41.19491583649626,-24.4989421452644,-18.287243559557613,6.80396938939684,6.438428535951321,-15.374530106355973
MB-7124,36.45841689357801,9.77792510029441,-14.95342459344121,-7.215962512328743,-2.345361495431314,1.3653013580218991
MB-7122,-13.533709185640818,-9.723751309962404,3.701240243659551,5.276448650357799,7.561531269520568,2.269529384097754
MB-7133,-0.9174553309331215,-3.7126427548992718,-3.504148066980691,-1.1556755869718196,5.206108786015603,7.769824199514988
MB-7084,-34.85514804047046,-29.947193301882766,-20.96552625475284,-1.8395715888099267,-24.821003502474912,-23.932552409690814
MB-7101,16.084976356135606,17.88790086704517,8.592033343881278,7.215663593366581,-7.714141615835355,-10.619023668135736
MB-7116,11.529094342684939,-5.1588269580381025,3.9587488703000684,2.829907943474139,4.034568856298346,6.317506721572745
MB-7131,33.56402636640273,9.188154332194086,-28.21655296213915,3.863562524686047,-0.23744431251461323,-6.298119611255108
MB-7090,-17.84265594730706,-17.520003650777735,-11.785308904326248,-7.4315648405634445,-25.664439310416718,13.957896360832958
MB-7095,24.915661632567776,8.976338968031232,-15.01748498571601,3.645821442253537,-8.06601233978191,11.014579040065726
MB-7094,20.458393140803345,-34.87640660013892,-0.9606751839950726,13.961651914874679,10.602893347365121,5.883229572794881
MB-7087,-34.40278304963164,-21.230354678534596,-25.340916334936125,-1.8228612278474403,-10.678837155535696,-13.280870357035264
MB-7077,-4.717156776524507,21.191003660497984,8.087842485982122,-3.339078423179338,0.925778528992773,2.539333921512417
MB-7072,15.389067731066334,-1.3541135967170495,-24.652214174884467,-4.3120419848487375,2.4743518293799065,5.099361718759387
MB-7041,-2.294005912365876,25.01345512030301,12.009604009476346,0.9897370191313433,0.45104579926079796,7.458662238805144
MB-7044,-25.10452006067244,21.017430741945386,33.81790567598483,-0.9313259897633559,1.5876428331160162,-13.826496357740854
MB-7022,-2.8966663339056637,17.22840431400434,-6.995674359612532,-7.012531608488894,-1.0693321978142123,17.637447611031334
MB-7070,-16.740902360355825,10.291739356451382,-6.279598863209911,-4.6156409636701525,0.6279180866761471,8.697214604266591
MB-7079,-20.32710190459906,9.971754301459224,45.653247136303456,4.139810917365455,-2.541929025073958,-4.003342424281867
MB-7035,-16.56793844853508,4.09379681625159,-3.360468241344406,-7.873291602174415,1.333435653269379,14.063403295592998
MB-7025,-53.93104652821498,6.304476114873668,18.79249130603717,-4.053420074938702,11.507209329706043,-5.000850177396919
MB-7062,3.8242236140021517,23.82281024090442,-1.585005053621506,-1.5964964215542676,10.548484734402678,5.772970111911508
MB-7036,-45.396974370921974,-21.523406376864692,-23.04567542982056,-9.952797671446355,-6.205843494579134,-5.804823135305951
MB-7046,17.472751937157884,-1.132374824223985,-24.92578943659749,-6.311697730444326,-7.698795107729229,11.163777035380244
MB-4839,11.999841384403176,10.630547674796569,8.098681750066866,-6.619997748621868,8.147212758048445,-13.015603172777691
MB-5559,-14.581050866734516,-15.843566508536084,15.66182039696851,-15.850656794015586,-26.29676834305225,-21.70374454533912
MB-5463,28.458779471881492,-33.47189882399742,8.971576346906014,1.4920507542826764,25.5104684510534,-6.359323758323399
MB-4744,38.23402467054261,-10.588651946252451,-7.237695372602353,-13.788314248474741,2.1364774905554196,2.6566206163051134
MB-4769,-27.75971893523107,-25.87433448718389,-22.65322913895101,-20.4906252685119,-16.165607179571538,-10.441378195489913
MB-4484,9.222063254289008,0.012326836255264413,20.86342978199985,-8.440908539745617,-7.365916799824026,-3.818360105473373
MB-5558,-12.360898805355667,0.12571854514373668,14.408015974847064,1.7541456463971403,-20.817144482305974,-12.133975627828995
MB-4750,17.883185703988747,-3.412341430889872,5.996778252259791,-0.6420232652288288,0.6841012334428223,5.467796560291436
MB-4793,-23.16966377045294,-46.25079503686524,-3.8648590012749344,-2.254022041785628,-2.607172442645348,-2.765199084712226
MB-4843,4.446152617062865,6.792276291973968,12.945357523916188,4.688335746153419,-11.32935474483494,14.796459198510528
MB-5563,16.972132737918187,4.272492342745659,8.375012064754452,4.834364573137511,3.571509344271814,3.8813464168490865
MB-5546,14.170844927280951,16.064285253264735,2.7374445763289827,3.820823780784655,-12.237024335906902,-18.33922192805314
MB-5513,0.12474484426128286,-16.888586807031086,-17.557444465406487,5.635899453587169,-14.978318968715806,1.8094518571601628
MB-5656,13.119127173921475,10.313058010279164,11.092548368131546,-4.587533140282118,-25.586386582502783,-5.626728685979076
MB-5530,-6.943314213956298,-9.9369736021771,25.89587943767822,13.220216355127365,9.973245021263176,-8.931629539167734
MB-5553,16.669542024838396,11.738410419565076,4.015566191500326,8.23622272408107,-4.472791438814482,-10.346549631887083
MB-4836,27.042361062861143,-52.720719478821934,30.01691587861575,3.8023231522200978,-2.081050527067972,-5.430998996597221
MB-4828,13.169354592686766,7.376599462571705,-9.10363878738622,-4.573430883764512,8.657468745481644,-2.4200619795581826
MB-4697,18.08002504483507,0.9259131658868148,22.909955965805636,5.315922305546668,2.54109145536985,-7.491863226561273
MB-4679,-28.717302111942704,-59.70786093816989,-2.3732489299825543,7.419433956359532,3.939092651994531,-15.981301060068109
MB-4033,-2.815767262228383,5.24229542158856,24.725674515952992,5.517270051505062,15.584078435880313,-4.354878397619067
MB-4692,52.64070947923562,-40.01441479934002,4.891152194264116,1.395910925563065,9.53475563577327,-4.529509384068221
MB-4675,29.829193352631382,3.7497336640680325,-1.5267822927900205,-10.590652628233617,-3.5591352174914563,-9.564210432441598
MB-4653,9.356666889344329,6.9507728747086714,13.591300298944962,15.893284998999647,-23.229044681494788,-12.02483185916567
MB-4663,-16.413258410950785,-40.12563392685928,-10.60949835879768,12.732304929814507,-21.93509118869827,11.683861718901193
MB-4660,0.389104009713599,-86.93802842298348,-0.27791200367894814,19.207906887947885,-27.64918911534063,-23.940535106185248
MB-5275,21.17857702293109,-26.054448454982694,3.505609056179846,21.463629131073056,-1.4578776917420324,17.73576287159845
MB-4654,21.69003387506691,-15.214252655467348,3.5533278568054705,15.07339191656848,-9.505626937646399,1.5862552658600368
MB-2618,4.641866971188382,22.455240395431495,-29.614210823484033,25.11474678643059,-12.530786487540635,-2.3609618685648224
MB-2718,-51.45079405677325,-15.626480805591774,-28.482301447621758,3.6005791880137243,-5.9326805856285745,-5.524563054046473
MB-2643,-45.91034300980869,9.71356297433974,21.96633344047671,17.700438548951926,13.137971236487292,-4.666403735278369
MB-2629,20.28687941058028,25.40356901135169,-22.965776276213543,18.55811685500222,-2.202083697567381,-13.865690115356765
MB-2645,-12.018554321768882,3.514958090365927,-22.569156375299734,26.165517547541537,-15.47510447218428,-11.260674209786814
MB-2626,-17.506055832412542,34.14598927980821,-12.373213167851711,23.28645023565676,-12.91150278458856,5.767819020939975
MB-6263,3.9542713078773155,5.684036371985458,11.653642374356947,-1.8364092642368313,5.891075607766421,7.653512313100561
MB-6305,-46.118399834503,-6.510128963690125,-2.9622458052499407,-2.8450345394142302,10.77734705031015,3.059959868472821
MB-6185,17.233227354547644,16.675967614545264,23.542347028059236,-2.1430055893600297,-16.630008209955967,-8.687899273529686
MB-6187,-15.225489970094468,3.267851459677311,43.333104463787656,13.061204040284753,-4.596815462231422,-17.34020303889887
MB-6248,-46.80679566637534,-14.029502927502827,-7.037882607146207,-4.335868840773569,-15.41458234223022,-11.493894826964963
MB-6330,-14.744290332098492,-20.972888672709978,16.371727224501313,9.351101537482732,26.58386198733865,11.742113092230296
MB-6184,3.078658558116017,-14.249082339985657,-25.944798576170307,1.2358634015215184,9.103535921175386,1.555758268034692
MB-6329,-0.0686895996563632,-12.149579181038119,-17.820336403075068,5.5169057924184814,21.49893602643171,-0.5964599217838648
MB-6283,18.798932169611554,17.53885832638544,2.140583336892237,-3.193415091014392,-6.776099717090254,-11.311595243860166
MB-6359,-2.529160721134055,-3.790603247465477,4.135987345900154,-4.1811112410927675,1.0240389327703134,4.568335423980827
MB-6337,-3.6522676895812416,-38.853854380295736,11.112319963539234,-0.7510333790512603,-28.073521078097567,21.53587695402077
MB-6256,19.98673468240786,21.56136141323352,-4.9706181436474015,-4.762475390883783,-0.8126248046253596,-20.922315773980632
MB-6201,16.78421513031776,6.797793432791883,-5.2862685072427364,-3.8286829807724976,2.0936349179273526,0.4664473737126587
MB-6207,5.811889890141282,18.725338601687568,-1.2447547688023777,-6.431810801212202,-3.94481978616739,8.479400049386616
MB-6194,-5.484644492914406,7.923237371844728,19.713190993197262,-2.966479427016598,-13.602630952510587,10.177136247772152
MB-6281,17.386864073946015,7.440504375714541,-26.707616510171746,-2.255844705632601,10.954972955758112,-12.560615296689798
MB-6322,-4.45849027905641,14.172221687922669,0.08507594317392911,0.09619132882681991,-4.422745730330402,12.465004900169445
MB-6223,-30.299666920179902,-17.985886806182247,-5.134377295531217,7.893735846437444,14.688372103854944,9.16731798047801
MB-6190,14.460051929869891,16.197252635072815,-8.986926983122968,-3.981250304627974,-3.562072863191919,-8.187933435480243
MB-6306,15.086568821313707,8.107426618056351,-26.22065971153266,-2.3164141756616883,14.541391201517223,-3.317497054078162
MB-6188,-49.68321345727783,-13.507456115988125,-18.942457316482926,-1.1598471623863833,1.8332718548161324,-12.606468334256485
MB-6318,-25.826013558457454,-2.239192383038784,-16.008024422273603,-3.3392463371776335,3.89884312431129,20.338152740547446
MB-6228,-41.6292627743055,1.276995759054994,23.173224622800163,6.195677758401263,13.134395491726295,-8.934417171617337
MB-6226,5.747851800629342,19.200359817681814,-14.4446860979297,0.2002708164237095,4.189102680793683,-4.804920541390228
MB-6225,1.563109688733818,20.69935109850489,4.8730960226007936,-2.4673810994128633,-6.103721171146833,2.0073459340093227
MB-6280,-44.216191649157665,-20.91315747475518,-22.910287394630522,-5.076167618565169,-10.584389341218674,-6.781811550680724
MB-6253,19.534558914369725,24.974753900540925,4.787215332129844,0.8940069064431124,-14.04805320848501,1.0692245298146985
MB-6098,-35.302340320861035,-28.348843686249836,-18.53506621626145,-9.132059712134367,-24.368846393728855,-12.991830530044064
MB-6017,26.765338579331484,10.422566102052903,2.5351609496841045,-5.0465221267152085,5.013114142585033,-7.1091291608033
MB-6019,13.67249071316747,-43.133448548533444,33.42161773287814,8.384309932001527,13.767938365814304,8.352433997144649
MB-6163,25.80701904797448,-0.7211852016062161,-0.944456009247164,-7.590560067351843,5.225724830286719,-2.7762477388505347
MB-6157,-18.366071707053116,0.49046438517467145,4.578835426306033,-4.5302484609796,17.083828518141612,1.3866091792587687
MB-6179,25.738065614886423,-13.676059611391011,1.4037844038227885,-10.854506458351173,-2.1154745460795628,11.611009990291786
MB-6105,0.7259903614146697,2.697244200649489,11.627820467267311,-4.699704727473092,16.669296349392035,6.396829606155739
MB-6047,-5.777623488207395,-13.100110087514052,-12.841960586049792,-4.073719619929072,23.874287185025274,10.04656730009628
MB-6001,3.276934733016854,-10.647036043380895,15.275774449761826,8.819475929124367,9.517669642744082,-7.092915602513007
MB-6050,19.61751635194471,1.8672952051568705,14.689089380824026,2.4055249096035007,-4.028028937046079,-1.3971241513442865
MB-6169,-28.931239129320314,1.4438735370311793,7.164869740717478,-1.0218956224566222,-0.13349612195852353,13.333401778457029
MB-4548,6.7775710052625735,-90.62129159546058,31.651851965592332,32.177417635064444,26.924631872168177,-3.6358552713415633
MB-4564,40.09972979094172,-29.36733865154679,11.25795264844906,4.343328032147238,-4.381535789746574,3.022211955650361
MB-4591,31.662611014594077,-15.402130762823612,-18.99663437951771,1.2021423455716225,2.8355233803686994,-7.3979938445872175
MB-4557,39.003748513703684,-45.12488131626822,35.8614464906453,14.662858519013458,-8.345893366410339,2.1263117948890917
MB-4601,-15.060756438899206,-33.92670051623714,21.4518608725073,1.5153188501749302,-7.887224945284356,19.590090116062182
MB-4598,33.41856415630643,-8.991228548219983,0.9402035479425725,-3.6372838037291957,1.7718456916971814,2.2590485206885558
MB-4578,43.00029402905014,-26.619247040261335,18.942073489454277,13.098904421220618,2.0169964808417165,3.8985284291075173
MB-4593,37.35425348457174,-23.147819954700353,8.96820079818282,13.03875518711839,-19.710507416921022,-3.2099112193423625
MB-5186,4.786805114240027,-1.455743519776729,-0.6024049979995427,0.02955651672456857,13.066403078067847,-10.498875117470647
MB-4974,-36.09902393698825,-35.85745743190514,-1.5309886690944206,-14.937742872767197,-0.13635095375779344,-9.698235555609816
MB-4978,10.093181930570006,-15.738864528656793,21.191584587707172,-8.350317826477816,-7.26471058859407,-7.290014338220378
MB-5086,56.22869739506224,-9.662736900593893,-8.746845236532911,-8.653286206781518,2.5698061222154402,-14.490050705530662
MB-5150,35.441875089620545,-5.384263266440491,0.5967045643938754,-6.037844434877469,-6.5003047471680775,-24.353817761252326
MB-5345,7.012320400549464,3.315171230079903,30.640709289474604,-4.606602059630156,-5.927654828435809,1.5358670905341387
MB-4696,-30.350930607811538,-17.981710712175893,-4.600083812380206,13.611501769798815,-7.903881623441864,-9.615539284714492
MB-4695,16.067801654486853,0.07241941477158255,29.350858806771896,2.9536774194114446,-8.919140397476978,-10.10324173704232
MB-4714,-23.15270748359936,-43.534001352817505,-1.221396916292785,-1.770795598344851,-4.531782995563035,-10.6479249925726
MB-4705,10.852253554066003,8.186364074295799,27.065526622243414,-3.53867513195845,-8.297931754451962,-7.899917320045365
MB-4882,10.126413746105586,-5.99748524036977,25.384003616204016,-0.6690661746749985,-15.464427518616372,14.05777301495566
MB-4879,-5.590191290361454,-28.76812854901847,5.742395918867119,7.50345309373981,-3.252776488651412,23.698942703815565
MB-4881,-41.050848286686616,-26.1051932030031,-12.996036562900732,-14.562356832186202,-22.865150496027024,-4.972599731631437
MB-4846,1.5656865561064564,-8.57756602389148,4.04272855635054,0.30657666149004986,20.14274589265831,5.181407386311298
MB-4870,13.081331276729845,1.556107475892038,26.088999722936435,1.8038027554222582,-2.3107086111537445,-15.239881525482875
MB-4224,54.90699985772392,-63.25666139356158,22.18221293393624,20.035844659970948,1.3530001903859108,-10.745432067469148
MB-4845,34.66622447862912,13.772976956405733,4.646654393434966,-8.955042184410665,-2.6571760865161855,-5.098252984356554
MB-4904,-28.33014068044058,-23.578140229854583,7.541483593925003,8.594271592563736,31.281249942624044,4.108928090409822
MB-4865,-44.176117335689234,-17.292505043535254,-5.085121538964346,-9.460408629822943,-6.461368401414346,-8.882750203503587
MB-4876,-31.973044907973883,-4.424309172734639,12.962579227654288,9.916608881139906,41.80709192408027,-13.580217760618181
MB-4860,15.067096316369955,6.829621138786184,13.27545608992046,-0.31849733714389,-8.319494965959624,4.974870363470847
MB-5081,4.209524911852831,-5.377793795953722,12.870371184901167,-0.7490995646443477,-1.5492034429730546,4.6805371536610245
MB-4897,-1.4153993928149762,11.983248945344052,30.397636201536976,-3.990093793537915,-16.440841905883435,-16.241369330592004
MB-4925,1.5236566747038462,1.0730772193301135,7.40641769491609,0.6244780871436605,18.41586898729499,2.7774006060532686
MB-4883,10.745880848553227,18.281495665516637,9.08806129233239,-3.4521308185731314,-16.321442664178214,5.007633624974335
MB-4896,-16.354923719757412,-11.096679547275686,8.455554418368454,2.0572349830161,2.1130439791364455,14.182816371847293
MB-4987,16.98514633331622,13.559567359570654,17.894744084514066,-2.2112213771749007,-6.525795241742414,-6.407608309162835
MB-4416,-23.566032776920153,-67.83481053648309,22.78573119747778,9.59396948872654,4.677087879353234,-0.33299668229173063
MB-4374,53.051075768269286,-29.75311841388131,4.5682268486311886,7.062666071658955,-4.1750350457980145,-11.224750365323414
MB-4407,-6.573125865710473,-73.81655172229107,10.495841308402092,9.541053916371357,-25.870872908073956,-6.562771541824971
MB-5039,12.291356957587096,-24.17912888864739,-10.701597658211561,-12.181027387417023,22.153369929964494,-3.400074243276316
MB-4119,64.10973358011609,-57.347824424435785,13.562337008528388,6.660600506311851,-1.5890552421673194,-14.981757532059586
MB-4091,49.582025740343205,-56.47296067991483,19.56112887810325,0.35390389392904553,15.111778585719646,-21.872138177513484
MB-5079,36.56798892399922,5.73188390961695,8.664656064617905,-18.588800560263774,-2.046204727864859,-10.313867742331555
MB-5073,1.8543124600133658,16.58726198287973,18.707765148797932,-14.539833877915342,12.379770015912152,-22.18053805112667
MB-5105,26.748826241621718,-3.462733092788847,8.785847992483351,-15.619565506735066,-2.218246875292306,0.776611396578794
MB-4254,-38.17551957485855,-35.99976438551513,-11.19255308978257,-0.6058650494048687,-1.3554809404589783,-11.937533788250125
MB-5174,31.94517766994127,-56.63842214355901,13.97609978357405,-3.5350438750364757,2.0715434101879207,17.79803497076912
MB-4742,33.19762470859772,13.197402924145551,4.353853391720792,-14.09152917892228,-2.9588098296495966,-3.9920053909892896
MB-5239,18.014091010424544,8.708242127063627,-10.029958958116362,-12.675594991094457,7.799410637110316,-8.854057661860459
MB-5251,16.923896013544333,7.464426121171955,11.744141775290373,-3.7490428592376843,8.036492185272163,0.1875397913042984
MB-4996,36.92579872746073,-4.469489252495142,14.19620330215977,0.16992216102633764,-7.7113308277731045,-8.610615407390064
MB-4282,17.904676874700865,-13.385119041764383,4.170147959231807,-10.230963796697463,-8.91011973633786,5.626918304584271
MB-4603,57.87224828875356,-57.78636176597603,22.034003964031495,19.85706659791311,-21.086558259788553,-1.1088554486923947
MB-4621,-11.432237689610247,-36.55816074067029,-24.48352502809974,2.4479901274185742,-21.8976358280292,-12.509445441455975
MB-4853,15.239099666830771,10.55447114125476,18.372846059432067,2.873449106160026,-10.763981844325402,-6.0570600893142945
MB-4362,38.55395506305601,-26.993246022791013,8.982475366533818,0.7259183972311627,-13.778951514140692,-0.9006965184495358
MB-4602,40.62269168545825,-19.19725323396253,-21.528886521337302,8.500812891056126,-3.484276306415947,-7.451317883334308
MB-4222,59.98939176744445,-74.25973158582923,21.49253868039318,2.1369117023898347,2.4429818498220377,3.31828062228179
MB-4893,-44.30045168384917,-16.949896230648744,13.609725282510976,-7.1178967430323965,9.24089594062461,-13.709302625524014
MB-4859,-15.836674589321788,-16.355130695453123,41.57474500298747,-2.0714578272472215,16.66399659920475,-2.4078697986199864
MB-4212,29.907831161452933,-11.365682006339977,28.72299856890582,-8.150744690257131,-7.861157913962866,1.807821345586001
MB-4873,24.0508418641576,-1.4495503405086532,4.812620287645306,-10.028883558511088,3.5585069754405914,0.3002570176544806
MB-4942,-40.72779556883696,-29.64187674732986,-9.845826957271765,11.963898636844165,16.018674697456262,-13.743368252984473
MB-4949,-9.641092589590015,-20.868384255999377,-3.487039518450368,5.214150965739618,21.094367214654508,7.7585273604975535
MB-4928,-7.412249670613159,-9.500300873548127,1.4225467693650076,3.863641024282409,6.418564908094167,22.01961248541792
MB-5098,27.091417843616103,-3.751244074341457,-12.697418670783042,-9.790952170753844,-0.7640042446198012,-7.825889625671429
MB-5313,-12.731808181490527,-16.960106498334515,8.894408295469548,11.772232072821996,24.68888266482515,-0.12409615790847157
MB-4145,10.291269037712782,-22.51703012694944,10.439136235864558,1.6140882524150026,10.878064748593395,2.6585170674397838
MB-5122,18.580375931773418,7.058037336895248,1.3347156003445362,-3.0192201510853556,16.26455233413654,-16.039301863139563
MB-5278,5.3802567275282005,3.743208034200704,30.907112312628122,-13.78008171260231,-15.863911604538776,-10.449152964962215
MB-4213,22.498974731395997,-3.56942149838035,-0.07463524265839286,-4.325500143677705,18.451831889266817,-25.96273152743357
MB-4126,23.23736667153127,-67.631980368899,35.04203508782921,7.371482138677844,2.776921398839148,10.872307010780908
MB-4957,52.402841426754804,-45.631983888759166,7.147269910324936,-8.133372773609937,11.42565100868969,-17.9487744543239
MB-5470,6.136478477179808,-13.319326691560152,16.07801999698024,-15.419150713461475,5.521654189502903,7.753789978065583
MB-5317,31.86543773336404,4.865316527016498,-14.833401614257294,0.561554578726102,3.953902182703869,-22.866323367725222
MB-5308,2.389336598036718,-13.381525743152936,29.07318845879974,4.687025328314329,-1.076550921936892,-2.5242536535995397
MB-4976,29.607085121597922,-0.5115411155216018,16.477415825153088,1.458345264456196,-5.710709124746264,14.534129840163363
MB-5277,10.137882080948838,-14.612693874200458,16.27113161534979,-10.61694619251691,4.3191122420066685,-16.80831555961028
MB-5110,1.5518080658136837,7.729183571890707,15.518722811117971,-10.901787029371405,-3.9651537138054627,8.418867145580863
MB-4046,48.80482778445602,-49.96708588334444,20.43552147189518,6.412065713869066,1.3262153414273594,-3.7038558806324415
MB-4012,42.590376061176364,-63.53367638145802,17.678397624505926,-5.140751309547638,-6.8468570453948745,17.585465948067707
MB-4141,53.44850591104392,-65.35263601457017,24.866785735389854,19.12856031586488,12.346325508902538,-6.943675560319301
MB-4001,33.64953114822328,-38.634791756234016,12.568887551757134,0.9141886952390567,9.539450201587083,-7.390864990036784
MB-4792,-34.55708364454247,-24.642060410105774,-3.3193151265200806,-21.3211732088066,-24.797288110626507,-6.3237444779004015
MB-4738,9.307257942989475,17.151891252078993,25.166884046585324,-15.797873370958408,-18.20848090788476,-11.758577753462104
MB-4264,23.62583485410912,-43.83749966003453,6.738727247684014,5.788492563888694,8.642755079701637,-5.204539460187155
MB-4794,26.03472839035681,8.364932585573065,-6.764876804331925,-0.3695966363554442,9.022340180945738,-5.682063680797824
MB-4782,-6.088059847279307,5.542010433063521,24.141829334159358,4.4816435406503015,-31.240017298926485,-29.90456192530959
MB-5008,0.8704731102114339,-27.405128361435715,-22.092254821168993,-9.390873341230009,-7.013380699448114,11.662627171302116
MB-4426,31.19277633893606,-83.52825629702431,26.309382922889444,17.84261488624056,19.456836959105754,8.646706421980417
MB-4390,30.29096169529034,-0.9538632434969612,18.857845657534725,4.636218717792065,-5.697170184533382,5.8863606807830005
MB-4434,40.85667069420937,-50.279544763553375,10.648554409397454,6.323382916585523,3.574187680187358,10.323611962213915
MB-4368,42.44567313118039,-40.06288098520862,22.52113982832254,9.058703254173826,-5.025546345082693,8.543477575158589
MB-4442,46.481554371817346,-51.59115250971361,8.38146993827267,6.116024041193471,-7.473986051943274,6.771210946648222
MB-4418,54.74920051659604,-46.73989485820523,10.777332198011461,9.926670998092202,-4.0336611316520505,-3.7678669663165327
MB-4381,58.42892246821671,-73.56046152311018,30.3712121159376,19.393366990591876,5.963687190585067,10.398133423537088
MB-4395,48.09593027118363,-54.704031078827875,-5.822457025730811,14.407706509807891,-5.878126503662172,-13.855971892985808
MB-4630,43.085492957944886,-39.01174174092866,-3.361994538597299,12.54963369686247,-0.09342650994682959,-5.752120010238202
MB-6010,-24.594047499446592,-1.0901968679019083,-12.762772570160442,11.75836116048523,14.600169327877337,5.504882163520816
MB-6021,25.599154891770965,2.6989507394558983,30.321326249388193,9.859754903244948,-23.044348527306795,0.4384292949233653
MB-6059,-14.36950060379006,7.925834057624296,3.4524166176194635,2.1695437368971393,13.802528674060563,6.082423657350403
MB-6154,29.64616315618154,-1.8148620497241603,-5.136190046995648,4.786992079736963,1.935312490794196,-7.210333790832847
MB-6097,44.73967791110265,-54.61772423805286,15.768384651031175,16.272055662549086,-7.776039212460366,6.4534968326079625
MB-6107,-1.9252356568138211,-7.031705543634902,22.293700440732298,3.2413194664333203,-3.9351339225451314,14.32762240489334
MB-6023,23.906525649513576,3.901955769149679,-0.07028973206521308,1.7877047961216217,-12.225263489292905,-1.3948224154147075
MB-6152,-35.65294454737857,-14.210598990175884,-4.472049832430333,2.0686277348850832,14.066572461000854,15.61789723382215
MB-6018,8.466327765035892,10.981187914364256,8.394822977972083,7.009398680562925,-6.86129114099936,1.7585317600247294
MB-6082,4.22773909926076,-7.206825811267066,19.926584307096377,15.267031519923194,4.331344013648573,0.6440968781961289
MB-6029,24.323430905006806,-8.924927680839028,9.857984279873415,6.806723066808333,-5.351483591920539,8.963218478553445
MB-5295,-20.9803114180388,-35.92327375900729,3.1300213660455873,-2.8577466539473417,-32.004931100497515,-7.643471162935301
MB-5386,29.512021328271896,3.8756255145922305,-12.29954885221801,6.446595775592366,-0.03441371406986461,-2.9381749932447723
MB-5092,9.275325876716735,19.003116062487027,28.186367384867236,13.143082482699217,-20.347751761254692,-5.071273924149479
MB-6068,-31.482923156528585,-14.56737389440718,14.239655073808956,-1.3343450830667691,-24.07469114030057,-9.465993145404916
MB-6039,-5.489178521050031,-14.207193291709393,-10.540657157439753,-4.698926568344345,11.627264304301834,13.01725069150214
MB-6022,36.8823851067154,-18.145109376568534,-11.02916670674908,-1.176828439790744,-2.0616562704456434,7.417369023307667
MB-6125,-0.5439447900279024,15.731431599845045,17.298386053202158,-2.877457742824631,-1.2891175767111362,-9.304396498409877
MB-6053,17.054429842548164,-4.8835714095644995,-9.586341630809578,-0.05843667613982773,6.511143835826151,-10.149923546052072
MB-6135,13.032228674812362,-5.15090073370735,-14.269021958891868,-6.509774104206585,2.569740379047124,3.5703557861433213
MB-6042,-3.8891704627161516,-4.065573665213787,22.40145482101018,9.039549067739586,10.252471810699038,-2.5039477759935935
MB-6058,-46.98356585089409,-13.238136076906784,-4.0014855875015085,-0.9777165305596056,-4.517775151609169,-9.303617109349137
MB-6077,21.301678620381537,-26.62127664737477,15.310013526387772,10.992127753980586,2.9341236341015993,2.2532971011285343
MB-6052,-32.36390109780147,2.4279788049854445,27.55639852819462,7.006013836840363,-5.2998552261499094,-8.526401643267812
MB-5368,25.038416807422944,-31.854174831755145,35.80928108984796,12.887191825161453,-11.128193586802572,-5.533610787243442
MB-4189,34.85486763472018,-89.3447970704197,25.250051122820654,34.10830945913555,33.88944272868734,0.444683333886236
MB-5335,-28.527160519716944,-27.32240390558348,-18.436280787908924,-6.809288307126321,-35.8056657527317,-9.001181884332585
MB-4008,19.349747827267837,6.165355315767816,-10.803735271349225,-1.930083569844685,2.8611141753889577,-15.346438628406561
MB-5134,19.700209826138305,13.455722255808395,17.949914269169238,-2.294181982565521,-18.294175950446135,5.050949494636485
MB-4139,41.638205156941424,-7.120916404737216,-23.65424285145576,6.880203151371078,2.328227246256948,-16.02544685022521
MB-5130,4.262216916603339,-4.371517557236957,8.174773971450792,10.216884047784017,5.749850171773499,1.208066477136918
MB-5135,-27.94836155431531,-29.327084539276896,-27.79199152841003,6.437700595032261,-37.45865240714459,-29.28743673965907
MB-4880,-10.004575467116961,-73.8623472272135,3.2083376266615877,-7.518269543715156,-5.356596778949503,-12.357625687100287
MB-5054,-26.539604111963406,-11.191225042506105,7.695944322941914,-7.9152524684102685,14.477046516925208,7.389311979583554
MB-5057,-41.06648008831108,-21.566196179628562,-10.619970513743883,-25.629532427235784,-16.84123533413282,-20.096682787205896
MB-4098,63.8056818326782,-72.92347157542913,9.718901151449197,0.6472558522860113,5.672556365598676,-24.454610153610357
MB-4760,3.038565925999326,15.751737909459735,18.92713003006524,-9.823833466968534,-1.5573926876806041,-1.3624536159518295
MB-5102,-18.865922445179283,-38.00467323992818,-10.97278557079582,-13.6199676615328,-13.906500129121374,-7.963432936620085
MB-5420,-12.662720966644748,-9.150438270229836,9.804374169153991,12.63862529241507,-2.991705106019819,-3.839591034101375
MB-5458,-11.32111041502436,-8.660645203001373,-13.170639748490121,1.0803604152196915,-12.883213681697038,13.353912174020076
MB-5492,2.547124337797474,10.51764612143546,23.352202263250778,8.427768944327223,0.28808238914536444,-9.246321964481533
MB-5407,15.517953085615577,-1.1174576894179296,12.808804602876917,-8.879088048365713,-9.138122811746259,-10.583431692459174
MB-5394,-7.429181908695537,-30.801154336613806,9.491472000889395,-1.8165449568072094,26.48563736522103,-3.8207792829368183
MB-5410,42.46632774650888,-42.87280781785032,21.504251537966976,2.3805572071619716,-12.495252214979992,-1.930913870610199
MB-5435,22.751814919817196,-0.8409159215741054,-6.745738639473544,-7.205925925151021,3.79935342048023,0.8602630811664317
MB-5406,15.57967753007517,-23.114036244683007,3.7155725624359452,-1.5080094415059775,21.39347185356197,4.483485364236739
MB-4329,20.986653335158326,14.878761428594252,5.989292311566253,-6.073831851567405,8.74928127510278,-5.866154952688771
MB-4005,-14.59396876003797,4.706373122074521,20.64706582770099,8.860782840416242,15.38133623821769,0.629558764685801
MB-6288,17.858473564668145,1.1858230033597938,-11.613228902825435,-23.65685596829891,7.321346758323703,-18.257419535504322
MB-6272,-40.18280761531799,-22.756459133542535,2.2424976432891954,-20.339906011747303,-4.541858521986443,-15.978702717842111
MB-6218,-2.179078404527615,4.891590174397493,7.633280731405495,-12.765239968066926,30.432523004106645,-10.780173102680868
MB-6246,-2.3752706040752134,-25.09958920793396,-1.921405306797265,-22.007026016072118,15.050065010551757,12.500797210587585
MB-6217,20.750185676778575,-11.748123119104743,-16.26635908946546,-22.310868586042467,13.57548092495424,-3.115696929808534
MB-6308,20.887403731747224,-5.378868989832849,24.7981490292273,-17.29838492000658,6.572811124776139,2.5753670349410287
MB-6271,40.66474536626971,-2.587972050858255,6.242248843564328,-15.717603320400979,2.0150223723752285,-13.355013188624334
MB-6245,-17.211911338540574,-52.51983584099286,7.518584131062499,-14.638244788234955,-16.23372785661702,-24.11725556624264
MB-6233,8.86630495208571,16.123417056072793,13.138481665919143,-19.95164903127002,5.215632653910136,5.482180177523982
MB-4343,15.71628258916579,-53.77474189242276,33.31924820170781,14.695164858118286,2.394476801375776,20.800882479581535
MB-4281,16.880196385441916,-36.00612862115676,-6.600783751055129,-2.9729271570664806,-1.9458681097235773,18.148832449076068
MB-4283,25.81428512576363,-22.71788958516824,20.87600447263455,7.154971418943678,-6.857566390231415,10.038759019511959
MB-4341,-3.690571899454659,-29.44810988136455,-4.1381991443028925,-10.363834048700669,-9.591748491625651,32.0460278202171
MB-4303,1.4476556346337242,-62.13457630926377,16.77637607018835,10.149972710948195,-3.490420766340294,19.05557293521075
MB-4274,31.726816799364375,-22.31315109516512,-3.2810332962491455,3.1424071753244496,12.774966471023033,-8.176340854481928
MB-4292,49.01425070139996,-40.002822714955755,10.502997039669133,13.257427444772782,-11.494427338682916,3.4809123062467147
MB-4278,15.492776928352304,-43.06516300768043,8.113422062015504,27.52289061427627,23.749369610345816,0.0690880339934307
MB-5399,29.688946370026034,3.4418176707932404,9.351889670871888,13.118412388877204,4.098151122268431,0.0788837385890326
MB-5364,-0.5404875279908732,-3.3507616367276,31.162402842802848,22.416761917866193,7.130219271709334,-5.9543799622978755
MB-3526,-1.090893845526885,3.509112052366777,7.044816226201869,5.20146977595872,4.301215897916697,7.146372060384714
MB-6138,-3.504534933992676,17.093113129015983,13.823422359981187,1.8634508800216238,-0.652914317012544,11.44426742390705
MB-6049,-2.662145826505155,3.358262743956507,-7.211373731168688,2.8915783835021736,-1.1403832974916002,17.924252615349676
MB-6055,-54.19514209537565,-12.597218146789489,-11.122050068285906,4.101999507024595,8.067820174763218,-7.268266586279989
MB-6108,-8.050380876418503,11.62275238456615,8.748530189062315,3.1367279437501057,-16.89422686577995,17.538631311544716
MB-6044,13.91219412193448,-36.165705439819234,-4.200795813881135,4.991982475564203,-3.497592811104438,12.917350535558159
MB-6181,39.7864415644152,-8.476472207669543,-16.55217338482792,3.001901402978303,-12.757939132022289,-0.7776324961641325
MB-6100,-8.013413275469262,-14.56246448166577,-10.898324168979403,-1.0257838048920698,-5.88943887580363,32.00795545127174
MB-6085,-26.860748881581323,-8.23425578368945,1.622545431552196,5.422385961879308,4.473392385476739,23.871873080842327
MB-6113,-11.331419774317013,5.689478461665697,0.423309731167077,1.349158302304824,-16.188745823424213,21.615698014134836
MB-6079,24.086159509008525,5.395269318759615,-15.11381915674078,6.240185215735024,1.8102368541767693,-15.545976601570603
MB-6103,-4.5573440358795,10.26594336235034,8.808530047747473,12.911877721441078,-1.5091246976046009,9.511521389057084
MB-6016,35.18518374506902,-9.851165252597367,6.646577296064581,18.225970710009037,-4.104439412932046,-22.790767501898653
MB-6149,52.1970405835918,-42.48225825902087,10.077064712332358,7.58364100866692,-3.7344474456570578,-8.122222412861124
MB-6131,-2.674594226888481,-31.266609702040515,-1.9730612786934887,3.0478491333382243,1.4623457189082945,17.161066418743882
MB-6007,23.604456004189142,-23.261821692351827,10.124837875483209,14.275507733992862,-4.5694733844660504,13.361961410174919
MB-6147,-10.051008886812175,21.266502722808106,37.968047875707505,-1.5683550017144863,-15.901379439656877,-3.3146482907242256
MB-6114,-6.223988557624526,-25.82947610422261,14.26937090557637,5.55534101636532,-0.00800725585063394,18.995489929704707
MB-6167,17.226975708932937,15.940311610348964,-1.4571837168500454,8.967352669163391,6.980696525587211,-12.38133791733617
MB-6146,-14.56122002069977,3.6509092999778763,-2.815863919119243,-2.5852506704208724,14.351548617474998,16.560297732498416
MB-6092,11.998114117697268,1.5747005861433785,11.065848320490002,8.89539124987232,0.4007308639269422,-9.177304813763367
MB-6160,-25.25107604222301,-16.18820701033027,6.180400012849603,6.097291971060593,14.204147689136377,13.168903076910777
MB-6075,47.028720480540024,-18.160170791381724,-10.015039238143466,9.477870340402927,-4.380487845553625,-16.784972456953852
MB-6011,46.015810231018555,-10.595126602281342,-22.126109015215786,8.46203758174,0.4449957638401043,-17.415558096383734
MB-6071,5.191306993652928,9.964540839661062,4.3312215653801385,11.9201095551084,4.4295370146678,11.67252053982705
MB-6214,19.127442133538302,9.537566993249415,16.418101509578864,-2.323484935206294,-10.24917953481135,0.493684073831385
MB-6334,13.687939521444273,-26.601551187162205,-4.3247660282328235,-3.2805745607318126,-5.365893360614853,16.753919134830173
MB-6346,28.14587978510762,-15.169711242325933,0.17933178615183878,0.4440579440271016,2.789851043494537,8.699322294797632
MB-6319,8.76941507081681,8.26219860569674,34.66655626063457,2.828332969568394,-9.542081806999844,-0.3768038434880315
MB-6200,2.7389121509638934,3.640580852762057,3.7822982855004748,-6.58051289385326,-8.592022606640857,13.236822272567537
MB-6336,-31.755565832623713,-36.98333131812858,-0.277973833365958,2.0685475134408122,-12.11366954403154,-12.366096976047814
MB-6211,10.1054709487754,-3.1693156222103913,10.200754749741286,2.124876012024601,5.669123659882483,-4.029197158054914
MB-6232,10.432759330766931,24.70962798823732,6.34108113055084,-7.424910762917306,-1.364105795875707,7.632329349210331
MB-6234,3.4011952634381104,15.975245248473232,26.936867384286586,1.635539191674068,-8.527115012898307,-14.346298000461374
MB-6300,5.06332069211167,22.725395891612305,-7.7358538730299085,-4.41198101751219,7.321860071129129,-15.842163911610951
MB-5533,-1.046438080400568,-2.1613090189317465,19.79371274065818,1.7729834029836284,3.2528688046801695,5.4198767607913085
MB-5543,-2.2692818905719014,5.62599991464303,10.627847555711014,-10.774207287640108,-12.081070845255102,11.58096712859435
MB-4236,30.844279252744876,-53.32864774162291,20.777121558632444,18.332110715761242,29.858754637506387,-6.809852782385842
MB-4234,42.345358672404494,-34.01825573542933,17.259034976532863,2.060478317805897,-0.8412712288215058,-9.369494303092074
MB-4270,3.034223155117844,-36.31443715455435,0.07916300914205694,6.404705389873713,24.465481076532996,6.79217057191997
MB-4235,-13.138064024933792,-35.0436011696226,15.789193380199187,-3.582584854426695,-10.166840063663205,2.0139876070557508
MB-4250,14.602607963992359,-5.630983704120318,10.856261177428578,-4.469666277155673,-6.431600293719505,11.493492023640169
MB-5467,19.264564832019715,-14.391279537143616,12.22003296123827,1.1137355119515813,-1.9349600235192208,-12.104347176935372
MB-4323,37.73810838107242,-18.927303703526885,-6.001965033244866,17.455510165700666,-5.836189107815279,11.821076911232376
MB-4318,24.708721109927147,-28.19219103895697,-20.99432279275549,9.062800092514243,2.97825735996368,-4.5038943170177586
MB-4333,30.14453900149055,-6.3551601116494405,8.936887822291515,17.845048652007364,-18.480027685675633,1.0812063829565095
MB-4339,43.87887893367147,-37.88709586844662,-1.797534054787817,21.740504175266143,-4.281922255748149,-2.5892837999951785
MB-4322,36.175027482204435,-19.696987208375383,2.1721687755687578,14.605212317881662,-6.750784695446772,1.2782295880618746
MB-4351,7.487354216622063,-66.270086763182,6.5055331055094765,23.42751887019206,1.698040094044897,9.749397380849762
MB-5063,-7.221241738127814,1.3280575673743527,-23.99358854112386,-0.18106551402336196,-27.66613361475855,28.561362077322183
MB-4360,-3.8315082339544935,-85.47226554595382,17.653464986229384,34.3060550878268,8.35996996096067,6.544966279908569
MB-4375,35.95725603719409,-35.65143022812909,25.130234089678158,29.22047398673366,-27.88012996073208,6.078808098632761
MB-4798,31.262555107124918,-32.92829754747731,38.07703288735381,8.551107714770685,-11.556964235468651,-9.815276267092003
MB-4746,7.78147127878703,9.304491068845858,4.515192593784953,-5.897878787259534,3.491399264999693,-2.558208231931199
MB-4838,46.37764297459669,-13.254034855565473,-32.47429388547965,-9.94579764204982,7.061193757499787,-21.541403633014422
MB-4829,11.724239491047026,4.4393154540592565,4.950563405684877,-2.2345208685972158,8.71103099330546,1.3648247487167338
MB-4802,24.875147228245137,-15.811689424529705,-6.971826506191611,-0.38361197185664686,5.354277443621329,10.36508407422808
MB-5426,-30.945628288489093,-8.348798256394918,-1.382391488102087,10.391892312693878,-7.026026056166056,-4.432051158654528
MB-5444,13.997628519553338,9.436365374066067,9.792571369800317,11.814176775620506,5.446670838621383,-7.157429718801245
MB-5431,-28.20146877361914,-11.931340440072772,25.584679422854467,13.34108282009252,-20.416922298709817,-8.921038263949391
MB-5447,5.337889670698669,-1.957187817624568,1.8195710965572558,7.092246020125162,4.655875416180502,-0.5643250351595089
MB-5434,29.551928199836055,-8.96629355992754,-6.980650906602639,12.598617890705299,-6.813089826268025,9.622855575472974
MB-5255,-37.890992646680374,-1.7785903740455915,47.40142379295893,5.790857489177043,20.408990051197488,-24.40563065563902
MB-5231,-5.117386873005504,-19.51487551639179,2.254383831827092,-6.523509494976792,-2.6730047417072615,19.457346487464594
MB-5339,9.666938639272946,-4.299417523325541,12.029926910489163,-4.162052823075587,-2.2388568664042205,6.431119405714204
MB-5208,-27.448753993676885,-15.775484656138943,-16.78314138069563,-13.664269146602853,-10.439916314660493,-6.261689007899055
MB-5428,13.18949756652934,-0.7682981720993245,22.13776962801498,-8.46351928121698,-15.483186262174181,-7.649052342233724
MB-5440,-42.43979198205534,-31.272608806507304,-4.191187807937993,-12.997164983573512,13.009910426808798,-14.607033423548152
MB-5425,12.917540892689976,11.413723939057904,11.19831378153058,-18.255394654522096,0.1280618451645645,6.153842044830614
MB-5298,-35.5424367953497,-43.6117398184397,-8.892140229113748,-16.107106615269615,3.580395747878019,-15.846363905618626
MB-5334,17.5861680534936,-13.636573695319743,7.781338927303383,-13.751668600651808,4.95078097151984,8.46559128878498
MB-5326,17.10158779791199,-26.204516062773944,45.958904146177865,0.7771214853969323,-2.458625538531934,-4.229636111228254
MB-4059,-4.45865214934171,6.098942717676522,25.271172805686735,-3.654767799697346,10.503921963900261,-5.758513579490758
MB-6230,14.069081588163298,12.977705171488969,16.172143250411132,2.4849647328275553,-5.364839668936605,4.042753521823519
MB-6150,-12.345993976748009,12.64626769349042,0.5175234408402619,4.862568734899909,9.402278825241874,8.497925144715582
MB-6014,-11.681285881284333,15.381728146078085,32.618237705621745,9.214931105232688,-13.33004465817316,-5.849169639874833
MB-6145,28.42877299480034,-26.75078675003061,2.686305310955745,12.784762765574843,8.860463279624266,-5.444371016529119
MB-6012,56.76527512129032,-43.33527130200957,18.01504930741005,20.954463074044817,-8.030054832045534,7.507829289453549
MB-6024,16.318160308053457,-4.707295764025451,20.51368390352238,12.1393014457084,-12.151578142059334,2.0892513471659613
MB-6124,21.404045048028394,1.3729350207094055,-13.814891339558217,-3.5180498355994696,5.632109835795271,-9.445341254153083
MB-6171,22.574230790134887,5.131140874328473,6.8134939767435005,2.945565739227043,-12.536490610297818,8.971236757569171
MB-6060,-17.887917128457875,-2.580314580714123,-16.88127272067557,4.050167891164451,9.752376300911179,6.64234086519027
MB-6008,41.19151282413579,-21.392402059360787,-10.600304695879272,15.25369872368157,0.3853135257998926,-4.780800045288494
MB-6036,-39.258559011043495,-21.321007125397184,0.9993250731371885,7.636746651978154,-9.044799523374634,-2.546836216441356
MB-6144,-43.03599120479373,-29.894413366380284,12.429118347893922,22.619964456254635,16.059878549311016,-12.62566668597067
MB-5346,-35.413469951726675,-24.047319039309592,-36.931373240171936,-5.346531673640059,-10.500473854782514,-19.054474462902448
MB-5373,-0.6954727334098,11.645850427274956,4.983907411543249,5.423127284326348,19.642818528173976,-1.4474364130192412
MB-6178,-42.76862492205915,-15.260715793177015,-3.0289807149369623,-2.1022431131092127,-14.515725101372706,-2.8800253315775883
MB-6063,9.293874204446032,-55.71169982902714,23.469367291142422,8.641503917772967,-14.014917959988283,19.236078766455925
MB-6020,-1.1383216629091182,-3.6235172676049787,4.2549866517315165,3.128796145587179,9.93430520353359,0.590154660876529
MB-6062,-45.40473282809441,-29.73979005898332,-6.48424527821322,6.176509875860159,20.225284749123304,-12.243048852876289
MB-6069,14.49077052026585,14.06054097857273,1.7171634000446763,-0.6811661097248985,-4.536920137625693,6.279647846111319
MB-6141,36.00423403909743,-4.994631470329256,-1.4686218631098449,-2.551944544700636,-4.057722023357749,-8.644395236168283
MB-6118,-4.920277855119574,-2.2298479906550415,24.26652184007302,6.292686623886918,4.398880954208988,3.8347018038809777
MB-6065,43.87640170115799,-23.53383901902456,21.078194789719607,5.946556472463581,2.5745178739811267,3.007368598091791
MB-6006,3.8170160360934138,17.371937026364225,8.765471068129541,1.9951482673821315,5.994310616237157,0.8863104301964229
MB-6048,-9.97429332329515,-8.44653643240669,2.4319489031421297,8.411648891215775,24.856875715075553,3.484933015592608
MB-6116,-14.842595673725302,4.412284012015444,-0.8341489596937143,6.248093341404305,19.40578997617407,14.878745217232597
MB-4310,75.15232950955294,-55.836011444193964,-2.416654609124678,34.8781146243458,-4.846012832348307,-13.356848615926788
MB-4300,27.719558920243223,-70.58862992875655,9.611420494249556,33.61782996907119,4.073495176419241,23.513382878650468
MB-4298,33.3496167756177,-19.291098303014348,0.7186409950469397,21.04032716133135,-12.682373359592892,8.451703104519863
MB-4417,-18.949358060355006,-66.74083922017729,-2.9298136565263646,32.42008094259709,-16.32561129364563,-0.2992553540108007
MB-4079,41.069154527025994,-71.02706482347702,13.2857815699698,41.04607498082179,10.553329251760966,8.190753178773448
MB-4317,15.186736777271033,-59.236751105972495,9.956715729019706,31.176234989459562,0.9074341891765707,4.729086753004771
MB-4350,16.91118303437266,-78.67334449095532,34.91070728046357,38.696537715251004,3.309530946008428,25.617942440678263
MB-4332,-10.556632855880247,-85.80460188466012,-5.94006164186439,26.056748216876674,-19.872590947833082,-8.526784935840336
MB-4324,42.95337828445128,-45.9984414516635,-7.065458879172982,25.14977107279074,-10.501171614186122,10.982785802993096
MB-4306,53.66060786109289,-8.936761349185112,1.6743331871634763,28.60029133787293,-18.385422867679996,3.425243139140129
MB-7226,14.141691596320126,2.1308303049208477,-28.742479089472326,-6.539339611419347,6.8982394812856525,-16.584514415195756
MB-7205,-45.76414615644033,-8.866566481344975,-11.417171241820132,-13.251029356841478,-7.200283694394997,-8.446618145461482
MB-7160,2.636523969158969,-23.431318533614586,-8.21948897401297,-15.549277350290074,-7.725980863302037,4.2767344011105015
MB-7159,-20.6925613779044,-32.78932932790433,-30.59232710439577,-15.047412490045808,-33.92770188683282,-20.319565016852433
MB-7167,9.432379273248168,17.960981234892955,-0.9726158933073473,-9.13281337444413,-9.619276563559517,8.665095542622119
MB-7207,-23.900122397698365,-16.042899671848765,3.681667816450769,-0.48009270248086805,8.902910580628035,14.190604011950256
MB-7237,-2.953552211028048,-1.4555065013568271,10.68918246945094,-4.506851127124225,8.27394942643732,-0.7875586641134142
MB-7241,19.21701276801573,18.87517725178628,-5.088617338363142,-7.837665182935085,5.939359381451381,3.771121407824481
MB-7236,29.882659745712704,10.077177677747123,-23.661246406461185,-8.43541681777574,6.691246821898074,-23.963087598782018
MB-7168,1.3799406674274197,20.88685327606579,6.047952345604905,2.9028447972421887,7.803382010076508,-12.180922501678161
MB-7162,10.423758282791846,10.242646151990984,2.3296098142463553,-1.7323727855826547,6.161383845006506,-6.332858994755354
MB-7235,18.790564273435834,9.654042058622574,4.243156344548032,-7.809920338999584,-1.064752340067893,0.061591367248316466
MB-4331,15.837005149203538,-7.473661062219135,-2.747461834921668,10.894739941536837,-3.1597284038055227,-10.907334148595186
MB-4353,18.853010929380222,-19.027457165819747,-3.6116356593089423,3.0891559414702146,-17.051986524097973,1.9370782132979627
MB-4354,12.255389350551646,-39.18576502677254,18.96079949602177,14.13590266882948,11.123779386544852,11.386791503146952
MB-4328,27.077608213457065,-8.846960437502151,-13.397779768519134,8.220626581099344,9.37768682347485,-10.843919768616095
MB-4348,17.620113815353992,-31.334273061551798,-21.533863155287044,8.297921992913874,-2.587262090192193,11.113867880618043
MB-6030,19.25889014487094,3.188892964883136,8.87137060325724,12.143249827468521,-10.522234152119669,3.3858250511157886
MB-6133,21.92141779862234,-0.3485810852559702,13.66766435716638,12.066676441151788,-7.559667871796154,1.0842534104901318
MB-6083,36.565692118629826,-3.2756143630189163,6.979129163825197,13.364801004653184,-16.869122260947904,-0.6199570639227338
MB-6026,25.771018509965202,-29.502813648601553,-14.262519538678006,7.761357161439988,-7.589008907385809,4.766614594797799
MB-6168,-4.885781362717952,18.568763173886897,18.47656533731827,7.130026730502603,-2.101563734948032,4.988599423414402
MB-6101,-0.23982938356128852,-10.855739102230267,-5.144684427933372,8.155550916616685,-2.3506207027767108,9.104328740426208
MB-6156,-6.330780762722414,-0.4819392143334712,-5.286323775721817,2.002618120759477,6.38471619238457,28.48301610071179
MB-6051,16.936228884710115,2.2028080206120095,29.699634153907297,8.674894874786013,-17.955802798225264,-0.7787027975125393
MB-6182,-17.164052194027047,-10.495308161521468,-17.462199894329306,11.1646245939346,16.177668542656694,21.200209398860054
MB-6080,-12.94151595354006,-17.00392355847847,5.95646686241964,29.601910504094025,37.610558019142566,-7.8567247388102945
MB-6143,-33.65610956139828,-3.740321469163199,4.297741538777828,4.50918281656945,-33.55626292732551,-14.109735392951546
MB-6164,2.4642912254842155,16.377379908223784,-0.4852595146814778,11.917708736239797,0.5221728877567268,5.096686179784716
MB-0551,-9.55710058380485,19.73737077419598,32.6018488133212,-24.291563673440926,-10.217034182444609,-13.057283461011181
MB-0391,-26.520959012448557,-1.352236398346144,5.204923533286461,-20.975531543329055,33.30868185196662,9.678573822340958
MB-0367,-26.390648843200477,11.703524781765172,40.69432846946416,-10.565720627260474,16.19587529346673,-1.0437920630835786
MB-5171,-0.07305511035908989,2.5081583465531403,40.474362866849745,-11.852571120196528,2.8849564863135644,-18.675423445327905
MB-5199,-17.02639669144145,-5.743555960652047,14.771348349119608,-24.335735816165126,4.019570761205126,10.536269660515766
MB-5177,-13.470554164148437,-16.447842644024796,6.14531947557194,-2.986851405606051,46.655838743521336,-22.844570543321034
MB-5178,19.76618160613854,5.82172563810277,7.870533498020377,-24.117360245756977,3.86757136147758,-17.343299994223234
MB-5280,11.681238491682857,4.597957292508767,-1.3011678135856855,-19.33198712926984,9.602083750808715,-5.5507198372215045
MB-5148,-15.652402530921355,1.5100561488867625,15.013996532727091,7.658522314471058,3.5077394788609655,13.862141588736351
MB-4342,-0.8083581910533333,0.024221364134610544,28.49409398716556,4.812688124777191,3.7395217129201916,-0.15716885215673324
MB-5225,-38.91988119536543,-25.25543110209944,-6.254391146617325,1.5125547031766309,-8.362978726736744,-6.920805641914069
MB-4024,-26.034406528345098,-21.416221337456612,-12.441986386871251,-4.4627028174822,-28.630958772253486,-19.098510306754605
MB-6314,8.337686425993871,-11.790352413993784,-34.92579166380421,-9.933285632428632,12.848756746249242,2.458045664807608
MB-6257,21.483640991320442,11.342458179854143,-6.875448956467803,-18.89603770215294,-4.554113818459397,-10.758330352116996
MB-6358,-9.95258830768488,-2.978495839032705,2.8473792889881753,-18.13830402216696,1.72415345532686,16.397906571489536
MB-6242,-39.05284369858065,-19.81732908457626,-20.042639002405547,-19.215708280537886,-1.0350226873596364,-7.8756240954449055
MB-6237,-37.267142910506145,-15.145557834173834,-9.623215387424603,-24.433521441529003,-15.606559924361006,-16.556669424953917
MB-6183,28.684573700779495,-0.6319158015692569,-5.41938759892166,-15.325070392688476,5.739430952595045,-1.1188289651885017
MB-6254,30.170527354781516,18.109809169921423,-7.540104493664512,-17.819644416640127,6.95028770156826,-22.267838951816305
MB-6231,28.08219649855172,-36.34212821052045,23.137087857010897,-7.336267869899714,-1.465773660721036,13.844567834500724
MB-6204,-6.739456137595523,16.378528330023585,16.9766330339879,-17.285183692422798,-6.874816577156564,4.325653281459981
MB-6229,5.45029346063404,22.1443417362212,15.02760046367392,-13.772281566220665,-1.046068178964346,0.6642699020475668
MB-5154,-15.24969724424119,-6.504871108215478,29.85572300715947,-15.48234589463368,3.147002835650085,1.8814526533358829
MB-5175,-17.429401833784173,0.25830178442503865,30.634106986604127,-20.68066007208809,18.022599989569205,-11.62236466217513
MB-5173,-37.06531890733776,-21.385025140813802,-9.665108811571754,-32.62106281475916,-19.767701429827888,-16.089813419048404
MB-5162,-27.933930070564063,-14.905944540158778,46.77867196153444,-16.820276844565512,6.785505844102172,-5.973722521995225
MB-5164,-2.2103367906836042,-14.485760451645161,22.123019593853424,-16.649123364406815,20.05105191337084,-1.4761949683201008
MB-7253,4.275191944374256,10.276130762198264,-20.553404949454546,17.051138958826805,17.93261750371418,-0.7942511492917111
MB-7298,-3.713053860608081,19.147227654943308,-23.548321918256455,7.5694585184779255,18.106325090525807,6.17263821203654
MB-7299,-26.588669847086816,11.574703453019527,-14.438747854644053,9.758548558354889,16.87198476376601,2.770670488875285
MB-7293,-11.34052469680611,34.48399220562354,7.3208768060652005,8.657596163168618,-2.9583327875029752,7.997326622232853
MB-3978,-0.24801166732883262,2.73274471558838,-12.021874821751409,4.6372260438304505,-10.828197557337436,23.29729789258729
MB-7288,-2.1378109126618874,25.99789962193954,-19.136558534774576,10.527594026585346,-1.4717052915131483,19.100002047986052
MB-2923,-4.352641444938207,8.055028113266127,-34.24100335173494,13.849096854015341,-14.984565410849623,12.477944034269509
MB-0402,-16.828404238320914,21.72077525594542,35.24545721989038,-3.467227884396523,-9.580230802283767,-6.686692167394446
MB-0381,-9.385530853928676,5.65787971730644,-11.2624621325313,-14.755340129336746,-13.047573386480673,25.198602894470145
MB-0592,33.6634906685519,17.749898167031514,-25.55195457868034,-3.8273468375037667,-5.051766132027407,-20.660424665095814
MB-5271,7.3477743019520805,-19.483121345257317,-17.517404093093262,-19.837922238468355,42.88103869637138,-9.431472447065278
MB-5235,-18.389194490214436,-18.233696827769695,5.051391924135695,-33.90320489728776,-11.878288052111378,-13.564902261146006
MB-4931,-41.985274525826526,-23.66879298353618,2.835582316322994,-17.586351910697164,29.2004104167676,-24.982143714876383
MB-5332,3.728782476034082,-30.8912826322299,1.3840750525821988,-24.274991391651167,14.10563166086223,12.853894932716974
MB-7045,-23.67178846675214,8.293839940526667,-6.292618799397386,-7.757366758150474,11.170688512138712,25.31708080662104
MB-7049,-12.81523379189378,-24.841555327014497,-11.237609285433082,-2.618964755071876,-29.681788462103803,-34.762606101974704
MB-7031,-38.62738263584536,-23.427274459175788,-41.73202727372499,-13.395140601595871,-13.959141065725012,-18.948480276967835
MB-7061,-8.518242855758071,16.142337164479954,7.049681745983171,-14.12240053429922,-10.111909624392652,14.033507800668966
MB-7050,8.455912161652035,-7.2415041427996965,-9.554513347909703,-8.362985720411979,-18.200892106500344,19.215265354291102
MB-7078,-40.90085027973711,-1.390819241914637,-21.68515179583661,-6.949237718910686,-0.41573862849366366,-5.932523058074066
MB-7054,-32.665978977297975,-22.4066721542299,-5.921090203412255,-4.012875680164898,11.677044283812371,-12.860070223926208
MB-7048,2.1221949185651896,-6.924849272254866,4.935180338189595,-5.247793060514833,2.389102181400251,10.874393660180626
MB-7058,10.717379848077282,20.653221257363924,20.932963952875014,-0.8641450755126068,-20.76207740564668,0.5253262422613684
MB-7056,25.82452745748939,9.12451836243299,-4.534803688077167,-4.211257817149245,-11.913011770007316,10.520673945477188
MB-7038,-38.80997373391664,-0.2804820784158171,-4.307307789562774,-4.219792979112794,-27.39441514628927,-13.964080158900046
MB-7086,3.9545548679560265,10.672987471184276,-25.31592395423867,13.64432757686063,32.88310203552218,-6.218143369183703
MB-0177,0.6385349570292204,28.962159534587304,10.908769186700845,-12.74072523443171,-2.4829618138944882,10.29423782865233
MB-0435,-49.99388136796538,10.386703855111046,20.38920273876235,-10.283080686321414,19.00420076624225,-2.489789064864169
MB-0159,-22.244240573243836,-2.237028320417276,6.833363627097659,-13.368617125721112,0.97297193490703,9.616364935175485
MB-0399,-19.936998849367995,6.212933772919723,1.024893086848172,-23.790364434335295,0.9290099496673035,29.6255477794639
MB-0388,-10.465796805571138,2.121300239399738,25.302247636954256,3.2984638107932356,14.218530250280033,-1.1153022942817
MB-0351,17.543908993765722,25.5113302340969,-20.671710491521605,3.4204161603263645,-5.497078366589249,-4.001058591817496
MB-0615,-22.758014172232354,17.564714476937958,8.415416197338129,8.129699794102653,-5.3664105499257735,11.283410965945382
MB-0265,-34.7702537303397,18.983250155310042,16.304096969938794,11.041160119138926,-5.899995272543848,-17.42861415818478
MB-0116,-1.8199144514464243,32.404571923978736,0.6091454645002147,10.57898884368347,-14.57123057513387,-6.685759213686268
MB-0472,35.25549704171489,18.7903406959696,-29.036654802486446,5.455918020337961,-0.9078759823294721,-3.555604942684199
MB-0191,-44.102351666779285,-13.324846290033793,-22.678311406443566,6.377820058961086,-17.14424300547306,-9.504751186532769
MB-0231,10.95051829033908,23.44372419610354,6.17356990236336,8.07761931259729,-0.23596378801215676,-3.564565022583797
MB-0558,-41.88481974536528,-19.00903361652511,-17.494959667527077,-3.871226736366542,-9.307765037233606,-13.284880051535158
MB-0393,-23.43764423815462,7.952659696800711,8.206495659293042,-2.599970037836194,15.289945612402487,-4.635072271996287
MB-0553,17.85454126967959,-4.023478310982251,-11.315299168752977,-9.125486394009224,3.3520602852546624,12.92107201676935
MB-0587,8.729872364532987,14.205513151563018,-21.596472126016888,-5.990518789836456,8.692313978131423,2.891696158849374
MB-0611,-20.015293542049456,9.369305408841925,-8.340646396700793,3.924756906255307,21.81423273633823,10.486440529003069
MB-0640,-4.544893785265632,16.693396175476472,14.102489830094315,7.554064204346974,5.331165965382007,-6.478010598760029
MB-0114,19.260509343726774,8.209226383605724,-9.33001325151274,-0.5089283270593001,-14.70789919063425,1.3127124095179805
MB-0222,-18.706345699171266,23.013361748643256,13.346547444276867,15.614613740337202,24.1301215062776,-4.7142406073960705
MB-0284,-50.80601490509321,9.84730363846672,4.705518970296312,-0.38554804942110005,-12.525647025864236,-10.863012826460153
MB-0459,2.245349699082668,13.089827764133487,-8.109689859407872,-17.103476095043995,3.3310954472957177,3.792078755267613
MB-0128,-8.880500109548358,9.498038233754825,32.94000217240256,-2.0844691816439846,4.184106787654786,-8.808525050862766
MB-0639,-41.39641138144694,-5.677961540840092,-12.945677652151273,-19.597793553941816,-23.208658910539125,-5.783783850717775
MB-0318,-14.026252515347306,-5.825872354696971,8.492275443419244,-13.230208388258957,-40.73175255710708,-31.473894339032924
MB-0417,19.55427697830973,7.431433845960893,-7.345461551948784,-8.758603324263747,3.1575484067855326,2.272451471140413
MB-6238,8.579742592069753,12.981081812069464,11.902489243291718,-15.06651780247813,1.9162566841550295,0.40850548896346
MB-6286,24.307127330541665,9.64898458542206,13.413276859181126,-13.040589071191167,13.5578069381272,-0.9138426039076519
MB-6328,27.8051024200782,-1.8607523190187587,-7.7535464454861796,-14.593838627886166,11.019251820960285,-11.508254863935866
MB-6284,-0.7588560127146114,7.334734259097948,-10.05110511871626,-30.26559709902479,2.737968729138436,10.2439751165714
MB-6363,-11.454309237087354,3.60488218943066,8.445757898243864,-20.267695548217525,9.028485574063867,7.19245407055118
MB-6224,-30.392913548304612,-4.751278424481944,7.442510662932548,-19.607562141694633,22.950033926263607,16.1958570959063
MB-6297,3.4138498985230505,14.890571483455549,5.83047320849061,-23.96989209733619,0.16764137033742052,11.757889345170646
MB-6239,5.347276429170686,6.049892776500133,11.232696536832316,-17.614637221429007,0.8038673089899399,-1.7589694361820776
MB-6208,8.078365195821718,-17.442594470374196,18.188217352243882,-2.8958720793442674,15.62957800341988,4.43480785571097
MB-6273,33.83552430407551,-28.257964648484247,38.59629390453011,-5.357118655585668,-15.01183077109517,6.954711618458472
MB-6344,8.647243993760812,-2.364403580189164,-7.277677140822614,-21.4029749070975,-0.22570786710922208,12.104532643664909
MB-6312,5.947971184144896,-15.118409975210701,1.7993568675847829,-17.389924153786225,14.794895785917594,2.444756102113867
MB-6212,7.361511074373122,15.018189206672165,22.77468642910738,-19.873209861324725,6.37581112226368,-3.7324214713500647
MB-6302,10.487202227378774,-2.574151358889682,-5.578278918900574,-20.630010660800473,13.392307643092645,0.7328718567389753
MB-6327,34.39733429943197,-0.2878440293809359,-9.77748861046933,-20.36420702598851,7.320983672219156,-12.432949597447406
MB-6287,4.807514153728592,-5.056470010484666,-5.963844615052483,-20.347566677917083,5.58575994183183,0.4883842779421286
MB-6213,21.969501658433494,14.242532960270827,-6.915190354456277,-17.54054544943221,8.491136582178298,1.9356875366993798
MB-6251,-36.12969165570144,-7.805164273158074,-15.124892168602994,-18.052979186834044,-25.559546306151653,-21.426825607960648
MB-0489,-43.03078747102986,-2.192968226862044,34.196517330099816,12.049144828010133,33.01837860667984,-21.063896526223285
MB-0876,-45.70829953837477,20.388306197406433,37.54507965287132,-0.4800439587682138,16.52333858756922,-6.683246800693889
MB-0342,-8.696550464902147,26.760947888002317,26.714961398957833,-0.02275932763002084,-3.6125418111170573,-9.407537314596691
MB-7289,-21.68100062177892,29.236498215570236,19.53811278452946,4.210112935548067,-8.975490380948909,-5.391474823311657
MB-3253,-11.974440280304457,2.4320981828979864,-20.983467339709385,1.5512122423039678,10.18674777653903,3.194871134455904
MB-7291,-39.45210356822494,11.019377931718319,-6.431573215582614,4.139342790859205,18.32939547168747,9.552655224964232
MB-7243,12.734910619746843,7.7405728873229,3.1022514309868625,10.114844014957661,5.016936338852277,0.27087785051003566
MB-3466,-12.010362776271258,6.1612073916763395,-21.76611020443384,-0.857819493317332,8.681456729773545,13.17726294919718
MB-7286,9.71138483787157,21.847100743657606,-4.9118352254273026,-0.9062853364013178,0.514630695427521,6.740343078996
MB-7292,-5.85204963621591,19.78124300302603,-24.71753206771244,-3.107649726652094,2.2347594885202193,5.722581098489429
MB-7275,-12.515243237516872,28.45809239792473,-2.7061896431365446,1.8858834690025046,-3.8654267407736005,18.14937506667879
MB-7249,32.88867881729949,3.8665543617624607,-21.71996046352747,7.775817833371741,-16.474027925989432,-11.887203769103428
MB-7295,-11.021597522834563,33.011737149681544,-1.0823975147311615,2.550580900460208,-8.782938884760325,10.342262877766636
MB-7297,-8.571447720141029,19.80517844847147,-36.59788397889013,9.617005772013185,17.837531720024447,7.116788257190527
MB-7294,15.24263470698422,14.556550515334573,-33.96739247654344,5.269490812309428,10.174193829644029,-4.942029873221935
MB-7296,-3.7118799357420147,6.891632580045585,-31.5895319896745,9.8773154945167,3.9405107083636732,10.64295129738196
MB-3402,2.216996548731546,8.344507892231686,-18.437569651217736,6.26237776822925,5.262412248256843,14.606662594495827
MB-5113,4.307932786536017,1.1168903677640498,7.935434584583164,-21.219212575323915,5.175269172888068,-6.922349464066316
MB-5450,-44.11098196935888,-11.139110353097568,-7.736592744583123,-18.078237335168925,-1.1346118442523438,-14.590060299586536
MB-7032,22.67540143647003,13.683900381629847,4.572435393591777,-2.428241899433564,-8.191067764064378,5.733321162477638
MB-7037,27.020293814117014,23.895167275476304,-9.58312410621357,-7.428774695809451,5.27615469867559,-9.646677936939902
MB-7040,-3.3560939296228227,25.959698005009272,-5.479686984081045,-4.741557820838222,8.465760828124228,-9.58754105998928
MB-7020,-29.630943188484608,5.834085267619854,-13.609764104222824,-9.27714484436688,-13.247756850254007,24.550105436218104
MB-7042,8.20230508595764,19.572847887030303,-10.662630445012816,-2.7257203382872963,6.663134741205218,5.923436239968013
MB-7043,-16.61326401085468,0.604282079718566,25.405644594701048,2.2516481087479976,11.530378692049394,8.88191564842543
MB-7028,7.1651113609956045,11.092885034732841,-23.289932260462653,-10.835322840330015,-1.0890623694888768,8.966381531968567
MB-7029,-3.504477944528199,17.083548356365352,19.60047711030304,5.1353814274839475,12.976385241555569,1.8324065134403908
MB-7027,-40.360320185304595,-0.5251937274218667,-2.2230294758819706,-5.716512640535356,-1.0225412987858415,22.15623756492528
MB-7060,23.597958860454963,5.990734467176583,8.154882111600033,19.103101067762644,-15.12399208730866,-10.83848614068095
MB-7034,27.41666572637138,19.390920702316738,-23.17895145468577,-1.9379601185528015,-0.14917178707826087,-14.847283737551601
MB-5191,13.141659184933998,-6.139095776466474,37.92398893543675,-24.735514319725624,-10.956084997322954,-5.635763635048834
MB-5214,1.7328463844179447,-11.422191234318094,28.401306774870278,-23.3356784107888,8.170322845258127,-21.20793323228245
MB-5204,19.665092894150575,5.462767614916775,19.52793130032567,-28.08368635433958,14.239427503276739,-2.0371510056790187
MB-5155,9.903759940383164,-7.139410230864529,33.86486415592447,-33.037056379551856,0.18048837485419636,4.100669022647987
MB-5190,8.969196134073202,-68.5165977032372,35.65716981332243,-9.181738716079012,9.549500941567176,4.847019175863844
MB-5614,-3.4439906368271855,6.870934248890639,20.484868506749393,10.092313480361904,-5.087940194648301,0.8833148951786147
MB-5592,26.59150562454035,1.3686017044996015,-3.4239844957893255,11.143568986423626,-21.16195609557715,0.9710777761998218
MB-0437,7.474011442021248,21.451343791394827,-15.79596796322029,3.1214079611283463,12.19084440341889,-15.014230308634518
MB-0028,17.49170772178053,5.937182872760999,-33.65148887579048,3.104038136658722,-2.251511576780364,-6.2224591481356315
MB-0309,20.849114786937086,21.942364931106336,9.81339827848412,2.2874697001918007,-3.809502327366072,2.8438428899899493
MB-0100,-35.738564358535115,-15.202116145953479,-3.047414487501954,10.99923253190249,-22.3329811412561,-18.959112778465737
MB-5648,30.779262302064183,-0.2833680020271724,-5.430723785787912,12.326035623979188,-2.409059032128797,-5.940708457542753
MB-5572,-51.90004693694459,-13.624427834764017,5.7531016956746255,25.351494706500986,19.080215408361898,-13.68607975820704
MB-5655,-27.98721577408804,-36.09916401543026,-27.562958324380432,11.497322846124792,-30.61507794620231,-20.91680152592673
MB-5577,-25.669698597081574,-1.076064227324057,7.253976048515551,28.27111653258627,31.058307724206987,9.426430410403581
MB-5585,13.580482509226321,3.732077518284866,-7.689408777143654,5.661169586011361,-25.33585629285217,14.471201059340792
MB-5620,24.289481403700638,16.988917131942703,-2.9024734407999744,13.326280731764841,-3.6633079073953008,-17.550492235876625
MB-5652,-10.26168669616378,4.489839961503072,17.21470128035939,19.214503837347387,-9.929237799659372,4.549368596726819
MB-0537,-13.938922315072595,28.70759866658978,34.939796665337866,2.571981450337636,-6.042055966435599,-19.294207247266513
MB-0544,12.233611699798962,29.320803286574375,-11.726002085216681,-4.662096823683267,4.256783955861673,2.659971326971186
MB-0468,8.321655812190214,-1.5432921309926577,-3.792909909037941,1.2039407162317366,4.927297972206954,-1.2077529596121381
MB-0333,-43.41877065347791,-8.0908713777173,-16.375493374009118,-0.3182266108779757,-0.3621812191571217,-2.831048293889943
MB-0205,-4.642022145335429,26.74175570537721,26.911279096748878,10.16513883396002,-9.65858696002695,-12.772268143279707
MB-0233,-11.811564584643644,20.046758579116194,1.0902191290462018,9.225728467981792,23.04707532236832,1.443017447729996
MB-0210,-52.22656002643714,15.208960659847483,13.046903682917375,3.382704767937456,24.90263570265954,-6.0694965061990285
MB-0200,-41.73019679275206,-16.002616938365215,-41.77242677520246,-1.3183000955856174,-24.674035234414912,-20.333136861813504
MB-0244,6.426838687247335,27.127679589039417,-3.212122877295075,14.699360230178325,6.426653366074155,-22.70867760922666
MB-5588,-24.441448989744256,-11.679065945726368,24.363469300443903,41.181145813570076,20.580193346911024,-2.733160679554552
MB-5628,0.6733774332925849,-6.2947533325610445,-15.504477091853117,23.96375757303034,27.035587110720574,5.610204633404175
MB-5633,-39.30811264812151,-24.657794461184643,20.244594126592258,25.885466568858703,23.922552111012806,5.216162540090981
MB-0169,-3.025039271131951,18.523855643735548,28.30196521439516,2.371163900617487,-19.500759692223404,-3.914867237766176
MB-0253,22.48779854121,20.845763403824396,-2.8615315992739956,0.5141224807387446,-6.3548925510408685,-23.69993887288776
MB-0226,5.904478572255624,27.0569584340911,10.304881517121785,8.762825851448193,-13.263138369899794,3.166512387612213
MB-0278,-32.694777029756885,-9.736886897164313,-32.96228799161757,2.653809365322566,-35.71108091641934,-19.699465447435752
MB-0266,-4.496386315230551,39.611603072701016,7.949116610749735,10.925376889851982,-3.075949621368654,-5.717606980086219
MB-0577,12.174783687314761,18.27836746012393,-23.352197867981147,5.148807758840489,-1.20678264903206,-4.434125680581176
MB-0156,-28.294851082265822,20.45535093536654,36.61214004061562,16.570966131773364,-19.482232606524402,-18.818225804513983
MB-0531,-11.723577484115253,26.00624678684311,29.08440631390007,13.94539311554283,-29.817190024856934,-20.99700159087825
MB-0245,-3.9636224971868024,26.537343560138947,2.361812168575964,21.604833990407855,7.577009113810166,1.8102282699855896
MB-5641,21.391878788361,-7.945124443655229,-15.21604338988553,-7.17177141061863,-0.7540691654946731,5.00838721450104
MB-5640,25.494698359458905,4.327293150908407,9.813991923817898,-2.70366173849722,5.285876357558453,-17.93130582805353
MB-0534,-18.487448936792585,28.578768128414076,34.05243618805699,-13.47331448519846,-11.058268830861048,-28.259774909111407
MB-0230,-12.927691668237944,-1.3396390161494942,-19.41336100571792,-22.881454634871538,-3.8992655107113405,13.594314588691464
MB-0109,-4.015319559181881,-2.421556705265167,-39.28938720938214,9.025368333513184,14.744721167678282,-4.012188571876245
MB-0304,20.339994047633763,2.596703636404136,-37.36982040448925,-6.609000776493132,2.326497288533391,-5.828718055644732
MB-0369,23.008713504884316,12.683880221380104,-29.024143869019145,-6.037033216695613,16.136197286809242,-27.967854495470377
MB-0627,-43.835138745634886,10.659325812096325,8.536902270532037,6.554941155879192,10.653190430468948,5.282703626058902
MB-0492,21.92345349924649,18.221234887878488,-31.605988863484765,-3.9174503312401363,-6.342501146463855,-15.973839840952904
MB-0147,29.226887859267308,-34.5314765832515,8.325024742273904,13.453263987716788,5.354034496312162,3.25270938968429
MB-0442,-21.59696545588979,31.093780030157806,37.90005762718793,-3.6828935630131534,5.4904384244483655,-7.363980288207618
MB-0111,6.125874020872983,29.184866256342193,12.631250140703747,3.5991575285758914,-13.909752101392211,2.3312994131991966
MB-0634,-36.54082648437185,18.273955686552632,45.303529908621776,-16.946405047050767,10.319416373549984,-24.439551047197604
MB-0280,20.589670494999293,5.796706265833418,-0.5976671326941017,-14.39842899758507,7.21631973962101,-12.691619098483418
MB-0490,17.74816965201659,14.449268322589868,7.064602095885163,-22.85719264640666,-2.1360393354220952,-18.774065955717973
MB-0885,-21.92931426556194,13.056319176662447,30.53532002685867,-16.896416054784407,-23.551446618502315,-14.840199607584283
MB-0178,-0.3132395908642061,0.3521278503360506,-27.999701253092198,-19.53552548603967,13.815878411504068,-0.12048334380049595
MB-0242,-4.865959030053753,19.03410884741458,5.393810642588474,-16.125345352134293,-0.4874533152219174,11.13945855368884
MB-5624,-30.89637597258493,-36.3029588196844,0.2021803880489152,23.25708933159383,-12.105523359759388,-7.713429640888362
MB-5593,-6.735729464421432,-44.20929321142878,8.875205980086406,29.35984862651654,8.26869505324344,20.419823303108245
MB-4010,25.38184484636238,-22.10507964433957,1.1375617864190297,20.899788927916525,-18.23421807074968,4.72387369988376
MB-5605,15.9865859447047,9.56602259071111,-13.381220751732,13.14089362255223,1.1331075284653493,4.552458871162872
MB-5636,19.466389301940897,-21.211001458526514,-14.06663596040361,7.645444757304313,2.678165902443317,1.8886157070963208
MB-4529,15.142121048877058,-5.249033743805778,22.57758771559095,5.841636444883697,-1.236953294751938,-1.2913996089832396
MB-5566,-36.339209464800796,-32.247099845898596,5.200874519593742,0.16674561984822212,-14.32567988303618,-8.052036837787556
MB-0268,5.563838316431434,21.000393481037953,-16.757185361100696,-3.8403527574534797,-10.065830899948036,5.978746496911683
MB-0160,-8.770100444664024,19.45381709207677,32.47938350819639,1.2357716095759912,-30.107340661262988,-23.49959070844086
MB-0275,-18.53430119457765,35.12484149966663,14.478128812683902,-1.2594115258581662,-6.8147099578825525,0.42569834363284015
MB-0127,-15.80649110374931,20.887219578346333,8.42444867906986,0.10276096281166901,-9.169895757568282,9.378104849055234
MB-0045,-44.86723136353209,2.6021592947895242,15.594889963618368,5.790603637221451,14.302027482970425,-15.437120737360221
MB-0414,-47.61173674947907,-18.36795532235186,-16.393492811430296,-0.10110654429241027,-0.6696170642559508,-21.17942360507312
MB-0259,-33.24699541063326,-20.487081349547168,-46.73486655666493,-10.653402670326058,-16.54749069167545,-9.126587437526899
MB-0396,-44.75634905296039,-19.557269555997333,-33.95870568024347,-11.733385213848692,-12.024866584695737,-22.079270163856144
MB-0874,-42.88814361130246,-22.400127896506614,-36.75779928413471,-3.379356818299268,-15.16404667475471,-16.84445441523509
MB-0179,-47.30049419959489,16.006951865232722,32.53128505924113,9.810467246828802,18.811366770360245,-6.423122510536914
MB-0526,16.11606695750042,16.731456756927162,-27.092264736497487,-2.6937401622455215,6.303680938602528,-0.27428727990077
MB-0586,16.78737671496537,16.54711379574456,5.4253658799458355,-16.471651074163102,7.787825389917414,-18.180583131485115
MB-0508,-7.503876565438377,13.705971800231914,6.235714483389132,-13.178569908541249,11.08749367248242,-7.904983011834865
MB-0288,-4.418356992715855,26.03145971850842,-4.411670702387911,-15.869434327293368,11.00143615365844,0.4052759519247724
MB-0269,-49.1952960104155,16.198404398064653,18.801983131402224,-11.868580215279291,5.971128168102009,0.5874143619085084
MB-0582,-21.593440234416608,-24.46213169794561,-33.109571771375634,-4.276077390057884,-24.64380193581056,-17.050648183071978
MB-0901,-46.35863449081988,-16.367534456304213,-35.66384592475872,-8.766738025061331,-7.863029220255069,-16.22395815263035
MB-0000,-26.383893807719243,23.694331845002566,33.534859756271494,0.38775112171133214,-17.304517269629567,-25.25982315438259
MB-0535,8.419686196277597,20.32994332002934,-9.946379644287191,-3.182602365263113,-7.373086529615871,4.440013134011737
MB-0469,-7.614840499507299,9.289285880367288,-22.681303009662674,2.99141041092257,10.666668723281983,-5.916989972585944
MB-0478,-5.039672704645066,25.32665534078593,33.52111260029492,-12.632679034229273,0.873352564860166,-11.376303780915086
MB-0499,-48.59917897911736,20.882431330620946,26.002786673667597,-13.406110951598933,18.903129092873936,-6.670852012997839
MB-0170,-8.526517199790732,20.35672009751704,26.22816118207411,-10.75526329883756,15.401937867295192,6.551264615521958
MB-0403,-43.55844413316769,11.85801732398776,34.389554822580116,-7.402784067884153,10.83465848449332,-13.077328987196834
MB-0464,-26.67812933432204,1.7155280772108987,-14.764544326274642,-13.064005857544748,3.9097512831019388,4.819493379306654
MB-0421,-1.8193930581311164,10.757115356678309,-3.993697719736623,-20.49929324228698,-6.787489967723968,17.660521359654183
MB-0623,-7.869171388236966,21.196598242770776,24.46699262618924,-18.89876316974236,-2.8917893355342636,3.2549759454517937
MB-0241,-19.6516004614526,-0.9173840672114344,8.020863181047437,-20.08413409887791,-1.0428071003023227,8.594743049832338
MB-0163,-31.61599179739604,-7.680172189793022,-14.384047619728893,-24.286734668467332,-28.964647624379793,-17.04624295276872
MB-0149,-25.795379518872224,-33.74248620965616,-21.52490903063126,-9.051073710264372,-36.14028483052218,-20.398125383813575
MB-0153,-25.015860397317972,1.1102972699133051,13.35298742870158,-7.288395439671868,-16.221293612583906,-18.647989889418724
MB-0350,-31.27593878880299,-14.218721604622749,-13.874115691705054,-10.04301770549784,-27.048533943630137,-16.67667511567077
MB-0512,-0.3704843730133375,22.031758982319513,9.26398723153722,-10.341627865314726,-14.233777865463024,8.43681260025552
MB-0020,-12.954256872367674,7.695477404713013,14.165881968941125,-8.040601411297741,-15.642179811708399,11.082099607137645
MB-0046,7.375249191374285,8.478679432230786,-21.397734740258024,-9.367648714503568,-4.098053646308098,8.807497538147572
MB-0134,11.105761223389475,15.871050724527809,-15.738808042990529,-2.084169272519271,1.765305603605315,-9.284489418312132
MB-0495,-25.583213083281787,16.448810556806357,19.778801139192144,-3.0711723838792744,-18.421949160068678,12.352822298166059
MB-0470,8.118421711734513,-13.45915659213392,5.876678101361607,1.6004976909187087,-19.031076499957905,-49.36883344563239
MB-0872,0.35409467579637666,12.994841468946342,6.384668365000044,10.873978848643922,-3.2490572049896076,6.922548807229694
MB-0661,35.07680790237926,19.13391440107601,-6.473577199724156,-16.377696418091674,4.559518885497678,-17.42085405388726
MB-0339,15.758244111943204,19.38567324418875,-11.985512060947679,-17.01879266401069,7.828465705594399,-14.847216076976071
MB-0264,2.792733004916867,15.282583730693771,-2.038214985734826,-17.19285834967792,3.219312705269445,0.2804187030310376
MB-0175,14.952835012731269,12.98446172438622,-14.704679422531102,6.8185689170804595,8.640502968752456,-3.298533877522059
MB-0303,-49.37659031788666,-2.378969772606591,-10.879253873057504,9.985788428513972,0.9832089373035082,-9.268488271032723
MB-0172,-3.0784880830702193,24.038688764736953,-2.0595857912037365,11.806328238796949,-0.9952174847490578,-4.1420782474677695
MB-0125,30.449225459913613,19.41439133491887,-18.394589780258205,2.1915295807555455,1.6908051061809166,2.5478012554728373
MB-0340,-40.442398664365136,-21.70105640474417,-32.08406975453047,3.987930683113649,1.4598541077025893,4.8662727942032316
MB-0234,5.113607296790215,11.417354063846217,-5.72153895186261,-2.538614002266021,12.1916955434892,7.090508147193316
MB-0487,2.669916088600745,19.977296116438197,21.430157919595278,2.894403608891563,-8.60099720318041,-8.743539503011066
MB-0305,-9.603523352227768,10.730060453340377,12.036769368515456,4.661600172972023,10.27056903199054,0.8116959856243898
MB-0390,-25.8090953971552,-8.95366455550902,2.120213366568651,4.064069771250456,10.703785590992775,7.316712235998128
MB-0502,-51.89330709583287,12.69045924256692,17.4176126331713,3.7225336783393543,26.329871947999393,-3.888311940849987
MB-0663,-19.0247152532599,-0.18163982503030376,-8.379227037187713,-1.2399610644058612,-3.331825489516354,28.777630350383603
MB-0130,-2.0291656733137327,10.680655409541789,13.257288499824218,1.7377604006979241,-9.116241548197902,12.497971352214522
MB-0289,-48.28168735209142,19.717329338235984,26.19107477733776,5.365197953681395,13.480007656610665,-7.772187773272507
MB-0129,-28.339441321772746,3.745683728658223,0.008197337718660795,-2.7780715416663786,-20.036438697309823,25.245050735657177
MB-0343,13.941210207459719,16.144730436938183,0.8305114522550273,7.516696781920603,-3.5882604842822543,-17.31191895228817
MB-0458,-14.66895586012007,23.078570571113193,22.579417316218144,10.314211101467583,-12.803544453042857,-12.62411956410059
MB-0570,15.10751637144831,4.3273977997253334,-34.75518597565041,0.42306269038592215,19.168917970148946,-11.93815315722748
MB-0281,-20.75977443702851,20.54799809064695,35.52670136557325,3.6852972128066965,-18.416410182944347,-21.130024011238643
MB-0488,-21.045337721615994,20.568447841879177,13.07802025524913,0.32182578732349665,-27.536437098089557,-21.38399184925162
MB-0655,-10.016088340924858,21.794675087913404,2.3172801873673294,-3.1316191742415613,14.418514823247325,-14.254791335180656
MB-0235,3.9942284793503426,25.24002424211121,-2.7009042396909897,-1.9450568645385442,13.148332398065655,8.327371651015483
MB-0484,-1.8469528302746998,12.22788518278819,-2.3779650894036823,-11.033109619676628,-13.951722970180173,17.037203798259334
MB-0436,-28.583445545050996,0.4167160636453552,-0.2721371851051117,-4.710732420034089,-9.733891070591499,21.4251187151535
MB-0299,-35.413108047855566,-10.620670659605079,-30.608820846868735,-4.559288933842811,-20.364673315578457,2.5136609303768025
MB-0877,4.227031445414408,6.802040633708633,-46.06675182189356,-2.1039588333010513,0.643615642859503,1.7730728977553452
MB-0097,24.233258451550565,9.002107541571233,-23.198454156392263,-6.60314638549314,1.5137535662974686,-1.4393392296623664
MB-0897,12.45391397466305,3.720980597870989,1.6730638655822792,0.004018790399836669,-13.993226901015793,-2.636890382188801
MB-0095,30.636281267936365,8.92140931937841,-17.8186758413502,-1.0333607551630957,6.400658138517526,-9.936647756956303
MB-0227,-6.9528126636349405,24.30776347676767,-0.3160381127911602,8.949473881826258,-5.441729024736606,3.5488278734957905
MB-0353,18.7394069930288,16.149105298598492,-12.47393029616267,5.600539729966848,-7.145932453407459,15.636015917446072
MB-0522,-13.226941694028644,13.781670295472734,-14.122311588572831,10.792126378482942,-5.689371960960002,18.54089877270174
MB-0543,-15.716917950304076,-10.255150944812737,-37.879097034420326,9.524391802664901,-4.9708694184534945,3.5102282640558102
MB-0646,-0.19074982894404816,20.033063301176828,-9.127235542269219,9.904274784952097,15.941968888784821,-0.5987868301607594
MB-0293,-32.929505483728214,25.833431776461893,37.646972934148536,14.831858465741814,3.2358837362763904,-13.540694524136962
MB-0552,-26.545851523798635,19.747861517801333,-2.2549637752385316,7.560922917679078,3.7246168185912967,19.700691278265996
MB-0260,0.13366041860587627,31.688681282029393,1.5510361262967738,8.955884944489872,9.621892655959483,-8.606958053540694
MB-0256,1.0559123860414283,30.0606830296218,11.14543127550057,-2.5130985350079316,-11.592666768270671,6.1757030532868855
MB-0539,-33.43081650730434,4.48489334303557,-6.8969256093244,5.927126811939432,0.5970186044747713,6.7546481020715925
MB-0626,-1.2474401735243352,9.671996957670949,-32.65929308992794,0.03181177086147867,20.58633610832436,5.908233145508513
MB-0211,-23.434571953700075,8.065865311345853,13.889186505226188,-10.13363939175065,0.42393011918893736,16.807439189726505
MB-0124,0.28464901522454783,16.99266574694957,11.809907676254808,5.6571623082591245,7.44432225774028,-11.59689538762506
MB-0510,-0.24640240181481404,10.377569270208557,-1.125933512275511,-0.5691760763088047,1.1065803389065223,1.0601817394092472
MB-0365,-31.70380374025992,5.283668534479786,10.89796824498636,4.935123997232038,25.71562073884318,14.540134310050952
MB-0290,1.1001413401217612,28.91764203173713,6.681206034627561,-0.6197270935366285,-6.6220844578022495,2.230296610589509
MB-0113,-1.9477890701405869,6.289687370690615,-6.110178966703764,-2.1482108271616176,-12.566580429803667,8.078468304810686
MB-0620,-22.610589256789613,21.239261102685994,34.94799055376985,8.454489516317565,-16.498859006604633,-25.56448487217307
MB-0282,-11.091891815537478,27.097085342804334,31.752029509851887,4.594342481207639,-2.686504329748332,-17.802929449618226
MB-0228,-1.596487014971503,26.640621804064214,25.309189502139695,-2.3761615994504575,-21.672035830731286,-17.459308103105187
MB-0578,-5.763142389518765,22.57991085519566,29.98584083948542,3.761683768352687,-15.29093565148047,-18.059371768552893
MB-0479,-19.064000151989557,2.0365427720769294,-14.824177830438213,-8.642843547747859,-9.726588415195462,18.614227548535172
MB-0263,4.494878835788562,21.69427216033603,11.64453846863054,1.9963738738394987,-1.7182427365561141,-6.833933945426536
MB-0509,-17.040302152001214,6.053818998413851,8.770798085614485,13.24274567949618,9.118306591750322,-1.533589229817891
MB-0110,-14.595669829808681,-2.265602530061658,41.8139669391795,21.852466581660433,-21.28781117141446,-19.859544956644573
MB-0279,-19.070414272937672,19.33284894733394,26.332076016250873,-9.119723825220618,11.141174934326447,-9.988360448029146
MB-0168,-17.834768341884416,17.991465378632842,20.6034094025947,-22.05982173289496,-5.96480841928712,9.181669392060874
MB-0588,-14.52993882550413,11.794250633413519,4.964760969689179,-16.387726226970834,5.583324588687055,17.17077768434938
MB-0462,-33.700925373352426,4.272248361671059,3.841780853237618,-9.427287413148246,28.311136624550485,10.077970121224666
MB-0262,-14.756140526781568,6.531745786377134,-1.2478239447532053,-15.898462605709218,19.167886825710482,15.162368243406506
MB-0907,-28.183577203731364,0.11332573152065963,33.14914387416026,-4.783259184631702,16.27542213849667,0.9028454251811155
MB-0554,1.519833211737424,18.163141300561318,3.2696841447915737,-24.23921630905313,-4.914351830045842,12.884512089953613
MB-0418,19.401527677026582,-8.63619558115915,-6.168435168595743,-18.928427375895883,2.3206138052032137,12.010889824026501
MB-0193,16.453919017050296,20.29997821402794,-0.968919481038648,-22.76238622832958,-5.186523777980489,12.558902947896637
MB-0652,-13.56612281861675,11.412133681244992,-2.3649234037304203,-23.02054793048389,10.641952326819709,20.44900325742116
MB-0638,-7.516348374006594,25.83277262016261,29.023534152225604,-9.310178430698992,1.2978897939574647,-9.74753424008435
MB-0188,-11.342569914931312,10.661034219438774,-6.8606445889104375,15.016317643575585,9.406510595104704,14.32293956104364
MB-0617,-36.48535581656333,27.65879397854323,42.418629455705755,14.244320217898226,-3.1943338947304456,-8.192440201212687
MB-7225,-17.035888355850584,-45.383695085932395,-0.48744273281477435,-20.945291730698322,-23.656616758519466,-17.833434123218527
MB-7141,12.828186306012194,7.383550501134523,14.044127444259301,-28.29796932962542,-1.4664167564363237,-10.512531471711545
MB-7234,34.73018007407171,-9.367933110725117,-10.331814513352443,-23.114431846908523,1.7128521291866547,-7.364597735776696
MB-7089,-39.63593593200401,-23.345611265084326,7.820515463617869,-13.521128773702154,3.950070359303663,-18.26072627975034
MB-7030,-31.357794710687063,-1.4801860125821764,10.277848725540437,-14.019159924873458,-26.617164395887553,-24.813164728040537
MB-7004,9.478880482887348,21.322329077861966,20.60395023297328,-27.02860323669596,1.3293097726740937,-4.701712477116916
MB-7119,-33.84101843054259,-36.35803861310047,-4.571028809060811,-7.556525422738967,-4.169951273142101,-11.7249536963065
MB-7263,27.648141538465023,-2.068592662208571,-17.122007803389675,-17.714717539461166,5.785633427223115,-9.633692460688602
MB-7012,-41.38696870299368,-20.736149990375967,-23.03267571110578,-24.780227041736325,-17.468259600074493,-14.331688689831648
MB-0174,-40.42688199471044,-24.15813211615945,23.838955478401616,2.8719612673016757,-5.5589915251497715,-6.014303000173905
MB-7182,6.151324670259798,-15.167348247978392,-13.225524571586666,-10.341895208505782,-0.455884502577795,11.776387386457479
MB-7039,-24.997348988850508,18.365426015404793,22.195065886115977,-15.615701111573927,-9.869856176182214,8.150939487611346
MB-3797,22.60884277310375,11.691938935328325,-22.105119011775486,-6.456705576898229,2.201088005604549,-9.274013334084305
MB-7112,-0.033750204022991434,11.375867844753428,-9.242511178952833,-7.858373219038379,16.710372149505794,-13.948558255463139
MB-0308,6.95177843994864,17.889835172778987,32.1304780910096,-27.283713017799734,-6.109415659387175,-9.76832097449073
MB-7230,18.350185093226848,16.034332161080773,-1.593453761524894,13.506491636175923,-21.09746349384163,7.637953955282841
MB-5452,28.96163963205973,-6.373919814060392,-1.2379485733231386,-8.361739694092517,0.32884089402952627,-10.936148352385764
MB-6195,-0.15635278405659825,21.97769522441324,25.06569840344133,7.483120083412591,5.122733046890698,-11.726085163570476
MB-6317,10.857064851112252,12.65981015996971,-14.118663765168396,3.0862194491426664,7.593083168958282,-6.639976443730243
MB-5460,2.0708749513044618,-5.09274665343232,-5.477181370513704,-2.784641373264193,4.987050432843339,-8.59223004628164
MB-5464,24.63103725054131,11.867407280635748,-8.78711515586843,-18.515499348358073,-1.650467819018475,-28.21095820287779
MB-5552,-14.817466640565382,-18.128649166371428,-6.485273380089049,-7.1036673784861,15.906665822149707,2.4826645580625555
MB-5547,-15.058186425400795,-51.800965138911685,-18.226882329903923,-6.070808784940764,-28.788901002824872,-19.006883860635202
MB-6189,25.40705836613608,2.5150456439659634,-7.51281732383371,-6.655060637444974,6.1580315103495105,-5.724734057423999
MB-6122,-21.64535087034341,-5.731834726161225,2.896301760710424,-1.3947559574432025,-5.441226635649437,8.468577737745191
MB-6192,-6.033351829846039,5.02120288348418,-11.926297711941942,-10.487991221347476,-5.494557127970165,-1.7899107872387767
MB-4820,33.58826496153554,11.490146943969055,-23.752990246424922,22.71441767699406,-1.230483147617182,-33.04184538579929
MB-5527,-33.83205401235202,-17.01796714289607,11.652625144350656,27.576203019625332,30.584744317245658,-10.70510376131364
MB-5167,22.617966928750892,7.36440041046192,-10.69003340559562,6.536250790070778,0.07184012028507747,-5.540918376404099
MB-5465,-38.497178499521645,-2.727609356158903,-3.914456405968148,7.26145118650882,-34.35471506948691,-10.978139749711119
MB-5453,-10.32642621866731,0.0030204212493165003,21.43636805089126,19.170196123165915,-19.47544037542996,-24.715186657743665
MB-5471,-0.26446035444035426,9.109435377161155,2.219866779825017,6.305083466331813,-12.998598569854858,10.793998407791928
MB-5127,21.66461633353568,2.5687618734917734,-15.165115940362448,10.601059775538436,20.479181058543613,-7.56983912605907
MB-4313,53.84880233444612,-72.56902638000892,46.43733113730574,28.282766482578438,-6.940428282408352,9.63934366868415
MB-4823,-12.61680686556442,-13.259959275343169,-9.480488291922194,10.940333679610527,-16.72831062379157,10.813546544306536
