,archetype_1,archetype_2,archetype_3,archetype_4
MB-0362,0.3818777188826858,0.14701968661665152,0.0,0.47110259450066266
MB-0346,0.0,0.1227521461980162,0.4714531334566181,0.40579472034536584
MB-0386,0.5403716025474292,0.11291732411765705,0.08370971652084942,0.26300135681406434
MB-0574,0.22391322325191185,0.14505498946537088,0.01337778745774674,0.6176539998249705
MB-0185,0.11984229875565434,0.03986176342730556,0.43014385620779383,0.4101520816092462
MB-0503,0.4916383144124882,0.12232446752716317,0.0,0.3860372180603486
MB-0641,0.9183456579274883,0.05760559349428714,0.02404874857822459,0.0
MB-0201,0.4078759642472709,0.012944750349746929,0.4137885811655596,0.16539070423742258
MB-0218,0.18627347231885683,0.0642660589514615,0.10875885522140114,0.6407016135082807
MB-0316,0.06482995919129692,0.024701055093711333,0.9104689857149917,0.0
MB-0189,0.6825776867135223,0.01302591367466308,0.1406537961168087,0.16374260349500586
MB-0891,0.6720872660689926,0.09280150675241552,0.0,0.23511122717859184
MB-0658,0.22668659968414118,0.0,0.7733134003158588,0.0
MB-0899,0.46822062340660875,0.11557221179705382,0.08763067964561726,0.32857648515072013
MB-0605,0.616602740821002,0.08239463211448443,0.0,0.3010026270645137
MB-0258,0.31654484711659064,0.13309568211974698,0.025386134018171122,0.5249733367454912
MB-0506,0.08385661913584017,0.08773232199204543,0.5598221526180738,0.26858890625404047
MB-0420,0.30045392978909646,0.033980883892548365,0.6655651863183552,0.0
MB-0223,0.31471599444386666,0.13882803938973676,0.13814369456607392,0.40831227160032263
MB-0445,0.3095748892795436,0.11455538662938983,0.03394450275265061,0.5419252213384158
MB-0199,0.46342226878169895,0.08033407239433979,0.0,0.45624365882396123
MB-0517,0.30416300919933215,0.12379091445375597,0.0,0.5720460763469118
MB-0155,0.9003603640354487,0.09963963596455129,0.0,0.0
MB-0428,0.3464401270445891,0.05978714415580216,0.2650801057549139,0.3286926230446948
MB-0117,0.4962265606676154,0.17240297679937133,0.05307125074357512,0.2782992117894381
MB-0906,0.3687204428693056,0.15877524717825117,0.4725043099524432,0.0
MB-0249,0.22220809390075597,0.00048735018120018723,0.5491685490928152,0.22813600682522867
MB-0660,0.270710264928605,0.09867280885960662,0.42130789650379435,0.20930902970799395
MB-0497,0.4034499501055976,0.17006350695603256,0.0,0.4264865429383699
MB-0434,0.0,0.10887137699423592,0.3223110201940036,0.5688176028117605
MB-0143,0.24681198743699342,0.09731019995884466,0.0990970535305721,0.5567807590735897
MB-0513,0.17059025030923403,0.06914993295893974,0.027516455973817508,0.7327433607580086
MB-0541,0.22706273742722333,0.05962220695071396,0.16710334223219747,0.5462117133898652
MB-0653,0.013744884673293267,0.059119823178363076,0.42767353920749773,0.4994617529408459
MB-0455,0.25767997434197504,0.0,0.45731107301780655,0.28500895264021847
MB-0540,0.507361400286543,0.027236036024985647,0.4654025636884714,0.0
MB-0384,0.31317335546591674,0.04151003190850174,0.1221673452605622,0.5231492673650192
MB-0637,0.1750670439518209,0.011645978698993356,0.4292611977300354,0.3840257796191504
MB-0157,0.2979903060893512,0.05918875450100357,0.6428209394096452,0.0
MB-0443,0.524280750525967,0.03685025750939874,0.11549034319916843,0.3233786487654658
MB-0584,0.26234907227555726,0.05275374943458617,0.1575593940516556,0.5273377842382011
MB-0292,0.1485476217157118,0.11918889166179232,0.49632672859672,0.23593675802577593
MB-0322,0.22583080413462073,0.11549094694098742,0.03164851367068544,0.6270297352537063
MB-0501,0.2832791128805121,0.11245089334701773,0.0,0.6042699937724703
MB-0401,0.2865342011628681,0.0,0.6818604965860263,0.03160530225110556
MB-0140,0.2631233213222859,0.061959714058791165,0.0,0.674916964618923
MB-0606,0.24477668514111176,0.08946658826111586,0.006687056672931393,0.6590696699248411
MB-0666,0.0755087772087292,0.11274418364665129,0.38128041823549425,0.4304666209091253
MB-0598,0.3173394279664495,0.03260719602803252,0.2983521356318473,0.3517012403736708
MB-0453,0.217717820131509,0.10930873658854247,0.3841952177921838,0.2887782254877648
MB-0138,0.5184498635873493,0.1947732361837958,0.0,0.2867769002288548
MB-0579,0.3638391256171473,0.1760882736283324,0.0,0.46007260075452017
MB-0405,0.15582066473107606,0.17416752868932853,0.0,0.6700118065795954
MB-0471,0.0,0.2011006722906746,0.0,0.7988993277093255
MB-0347,0.5241093619884565,0.031309561583341444,0.42498327600335417,0.01959780042484789
MB-0619,0.42971566878100576,0.06881525061745161,0.17969925828806493,0.32176982231347767
MB-0171,0.7274317334455076,0.06813798477390492,0.0,0.2044302817805875
MB-0310,0.6219173514850321,0.07698052364084634,0.10050425383265876,0.20059787104146282
MB-0621,0.6783612852180835,0.05203124055862613,0.0,0.26960747422329046
MB-0614,0.4464905563204689,0.0492210815075596,0.2538152703974093,0.25047309177456206
MB-0372,0.06693921154809211,0.019811926766196582,0.7932878387352791,0.11996102295043233
MB-0374,0.27417374605974265,0.06644598619261344,0.26037232339459865,0.3990079443530452
MB-0382,0.6564509090911884,0.12633406763443786,0.0,0.21721502327437378
MB-0327,0.3940412220442772,0.02784844901149339,0.0,0.5781103289442293
MB-0066,0.241723791578926,0.051437699047435524,0.14037493963112035,0.566463569742518
MB-0144,0.44480980234517803,0.051095980941648855,0.05034637933949645,0.45374783737367663
MB-0596,0.6252029801436775,0.021474422508104118,0.06916849448077289,0.2841541028674456
MB-0164,0.20052100050671315,0.0,0.7994789994932868,0.0
MB-0215,0.4676500080778924,0.0,0.0801700354132281,0.4521799565088793
MB-0146,0.04594761598773478,0.16152209835581607,0.08582695125552249,0.7067033344009267
MB-0229,0.362025666031005,0.054964381629602134,0.0,0.5830099523393928
MB-0505,0.7592517539115358,0.04493196687994357,0.0,0.19581627920852063
MB-0102,0.3081902458004611,0.07856746878120725,0.2353074691060737,0.37793481631225784
MB-0569,0.3769503055492996,0.007939439371637842,0.31549460494850384,0.2996156501305587
MB-0516,0.05434068202642358,0.0,0.8480746909631035,0.0975846270104729
MB-0272,0.2949279037506232,0.03854298527176872,0.08611409092754523,0.580415020050063
MB-0585,0.31697946021747586,0.12135744609618869,0.13472602030652225,0.42693707337981324
MB-0494,0.3328801476339994,0.017855312037396202,0.6492645403286045,0.0
MB-0306,0.4530002239145353,0.0,0.19124134129138423,0.3557584347940805
MB-0463,0.47089100787760585,0.0030007894017724706,0.0,0.5261082027206218
MB-0198,0.4339690244429517,0.0,0.09971557859689321,0.4663153969601553
MB-0203,0.4026419156088527,0.0,0.1284758221352547,0.46888226225589263
MB-0607,0.5090332899780714,0.021748773486286038,0.19298763557094467,0.27623030096469775
MB-0631,0.5202279201843877,0.05257283806472659,0.0,0.42719924175088564
MB-0363,0.3374151222547192,0.06245648341086934,0.27620880946567616,0.32391958486873546
MB-0427,0.3130146587835062,0.056072473712217,0.23003943414267913,0.4008734333615976
MB-0519,0.5319485446931714,0.02724242192026559,0.3920232966466844,0.04878573673987862
MB-0371,0.452565608464911,0.10712179104944497,0.19745151320952709,0.24286108727611705
MB-0380,0.0,0.0,0.35204396566268653,0.6479560343373134
MB-0221,0.17809819738675203,0.0,0.42908958226341853,0.39281222034982927
MB-0348,0.12325415579630225,0.11397832923223056,0.0,0.7627675149714672
MB-0261,0.28665239885561133,0.09151207401907745,0.0,0.6218355271253112
MB-0576,0.36781023698200405,0.08202620198229729,0.16862569794273857,0.38153786309296017
MB-0385,0.08711460975173595,0.04248283111262489,0.29091996244467017,0.5794825966909689
MB-0659,0.15704664988344938,0.20060485746071013,0.3930232917147186,0.24932520094112193
MB-0270,0.05715333120061738,0.05700529565523252,0.21418299739488184,0.6716583757492682
MB-0379,0.583576135733038,0.10227889578984684,0.07787831436117329,0.23626665411594186
MB-0432,0.6671892627854838,0.0,0.3328107372145161,0.0
MB-0527,0.6501392252669614,0.09785365480661587,0.0,0.25200711992642266
MB-0624,0.786566117023842,0.06009746229134057,0.0,0.1533364206848174
MB-0273,0.35017178317844244,0.005244553374367945,0.0,0.6445836634471896
MB-0050,0.6377297417595092,0.10719398589481996,0.0,0.2550762723456707
MB-0460,0.8844780679561802,0.0,0.11552193204381982,0.0
MB-0654,0.3088505892960929,0.034967041357884796,0.0,0.6561823693460224
MB-0454,0.06961366688497307,0.07225455958291571,0.0,0.8581317735321112
MB-0392,0.46904989247212625,0.0,0.25618431609735526,0.27476579143051844
MB-0336,0.2702070930866956,0.06529738802107406,0.09838349688084297,0.5661120220113873
MB-0467,0.27067507739255087,0.03226502611524119,0.41720927256495466,0.2798506239272533
MB-0349,0.2123167141461507,0.0,0.13731427416249276,0.6503690116913566
MB-0378,0.026812845375271996,0.0,0.648438292781927,0.32474886184280094
MB-0176,0.3722682820906187,0.02649739601484959,0.09029225050560616,0.5109420713889256
MB-0429,0.10021902924255743,0.05946600218424719,0.10829443415592518,0.7320205344172701
MB-0397,0.4931845988166117,0.05645027154253982,0.01532871355119976,0.4350364160896488
MB-0571,0.3862553951779594,0.0,0.06852547868346659,0.5452191261385739
MB-0426,0.5530950079253916,0.0,0.047575631530427744,0.3993293605441808
MB-0135,0.19590087548417262,0.03014030002708768,0.04507257022851409,0.7288862542602257
MB-0112,0.47935832983015153,0.08563156085436936,0.043554101610173875,0.39145600770530525
MB-0352,0.4699399188461076,0.0,0.49770942083561664,0.03235066031827571
MB-0644,0.8474533149747492,0.0,0.05511136998769608,0.0974353150375548
MB-0601,0.2242317302688994,0.10765547960686009,0.3577455077800016,0.310367282344239
MB-0568,0.5788451028611504,0.01049488793202122,0.0,0.4106600092068284
MB-0328,0.19580239837637925,0.05791780353518794,0.23035432316986532,0.5159254749185676
MB-0325,0.0,0.038243340640687525,0.6083816432860093,0.35337501607330335
MB-0358,0.3927284972809117,0.07076077569316479,0.37371798550590046,0.16279274152002304
MB-0413,0.41780930940219557,0.14317895190055163,0.06575467380597746,0.3732570648912753
MB-0158,0.33648145950307556,0.0,0.4863279757119374,0.17719056478498696
MB-0636,0.5191691335475657,0.0,0.14927865881597124,0.3315522076364631
MB-0145,0.6520290540090344,0.14494183139609498,0.0,0.20302911459487064
MB-0195,0.0,0.08728383045878396,0.2498768472853282,0.6628393222558879
MB-0422,0.43030249930391085,0.07509301739529643,0.0,0.49460448330079276
MB-0483,0.12325025697032717,0.07853469939443536,0.3042435506200078,0.49397149301522963
MB-0317,0.4387969270526228,0.10209539887472191,0.0,0.45910767407265535
MB-0486,0.4544739855249554,0.05637255337066953,0.0,0.48915346110437513
MB-0139,0.6983335290155093,0.1306346124177884,0.0,0.17103185856670228
MB-0257,0.370591010443112,0.08044201375787959,0.0,0.5489669757990084
MB-0345,0.5497673513266003,0.029506678035141315,0.0,0.4207259706382584
MB-0375,0.35693278991608957,0.0,0.5535727957090292,0.08949441437488123
MB-0419,0.31435621928058444,0.21005095525663905,0.0,0.47559282546277637
MB-0480,0.3552797744201354,0.08570055931351594,0.0,0.5590196662663487
MB-0311,0.23272847867838087,0.18179878780874748,0.1464038326608597,0.439068900852012
MB-0324,0.11410429427462875,0.0,0.13005558355204666,0.7558401221733247
MB-0368,0.0,0.0,0.22990975017335394,0.7700902498266461
MB-0389,0.4108124870242198,0.0,0.26660134619944986,0.32258616677633045
MB-0248,0.14582420693175285,0.10020958956910594,0.05146115728298339,0.7025050462161578
MB-0035,0.0,0.2313335252873402,0.14816842990092094,0.6204980448117389
MB-0667,0.22450737805336687,0.0053238423555624905,0.3075245239394909,0.4626442556515797
MB-0423,0.7660616909964464,0.0,0.0,0.2339383090035536
MB-0904,0.473275734196434,0.12777002843721993,0.0,0.3989542373663461
MB-0119,0.11147319483298834,0.04188159641999572,0.1671928434391067,0.6794523653079093
MB-0650,0.4315408619642905,0.0,0.15044404061176916,0.4180150974239405
MB-0204,0.6463091800264318,0.018993882306048954,0.0,0.3346969376675193
MB-0184,0.10540475847091668,0.07802954782959587,0.02049529128284465,0.7960704024166427
MB-0600,0.21855242119889629,0.09786466640288081,0.0,0.6835829123982229
MB-0400,0.17917201453322773,0.0,0.7588009125102133,0.062027072956558835
MB-0511,0.600320552658038,0.006385675402462032,0.043313309429256784,0.3499804625102433
MB-0059,0.19573020509447772,0.05238514242699771,0.07434525231867628,0.6775394001598484
MB-0500,0.07217090630130958,0.0,0.8268449985418169,0.1009840951568735
MB-0150,0.2066779388506709,0.012215520942917621,0.7811065402064115,0.0
MB-0895,0.13647092923637888,0.0,0.3861108199309222,0.47741825083269895
MB-0366,0.23442532037328315,0.1616165044500254,0.04429060375078138,0.5596675714259101
MB-0173,0.0,0.13654975348420198,0.19790356281126606,0.665546683704532
MB-0131,0.281373873978424,0.12492155388160595,0.08330159119006061,0.5104029809499095
MB-0206,0.20077173684581048,0.0,0.7992282631541895,0.0
MB-0315,0.585586578917318,0.10829762264933572,0.060852361553632536,0.24526343687971378
MB-0361,0.15946849542242672,0.0,0.49226963148650255,0.34826187309107076
MB-0545,0.4470922694374227,0.047275153910591686,0.19978256242955067,0.3058500142224349
MB-0370,0.0,0.05138189954197951,0.3354890352225954,0.6131290652354251
MB-0642,0.17214881461592316,0.1399879932965802,0.0,0.6878631920874967
MB-0431,0.4630028496953377,0.04611078709477779,0.053138396017396464,0.4377479671924881
MB-0181,0.571056598726288,0.11748715168752964,0.0,0.3114562495861824
MB-0603,0.33193653632613823,0.07494660628523497,0.0,0.5931168573886267
MB-0295,0.587397754450104,0.04526656317769188,0.0,0.3673356823722042
MB-0618,0.38074313717772185,0.0812337132429701,0.0,0.5380231495793081
MB-0496,0.7198677419214028,0.06733443227891131,0.0,0.21279782579968579
MB-0411,0.6150627149939181,0.03149964575319592,0.07481741027650808,0.27862022897637795
MB-0285,0.9161444342653762,0.0,0.03442460380362102,0.0494309619310028
MB-0360,0.17136178466928342,0.10629797484723266,0.0,0.722340240483484
MB-0359,0.5562233213373036,0.17254211367610423,0.0616476990665733,0.20958686592001893
MB-0344,0.7154184292340934,0.17367777943173315,0.0,0.11090379133417347
MB-0583,0.43289984269876963,0.16112499344256362,0.0,0.4059751638586667
MB-0202,0.28365517428012105,0.046054889458124595,0.17298265884911707,0.49730727741263725
MB-0485,0.4060452542553963,0.0216494534022271,0.1288762889758998,0.4434290033664768
MB-0609,0.2810313632753154,0.1345398930622208,0.1544089861128824,0.43001975754958155
MB-0538,0.4199084759067068,0.0490750058367584,0.17416384048267178,0.35685267777386304
MB-0197,0.3208199847797445,0.012495537758733282,0.4366944502266862,0.22999002723483603
MB-0410,0.680624884098236,0.061688022456703996,0.08825739629052663,0.16942969715453338
MB-0528,0.3515484504921129,0.002482087311474456,0.2697057178741337,0.376263744322279
MB-0165,0.4336036652766818,0.11564216415699295,0.25842990884032707,0.19232426172599823
MB-0152,0.19970961853038538,0.0418188455806127,0.5285408477915171,0.22993068809748493
MB-0546,0.5700169011293371,0.0981915960723014,0.12073226859037704,0.21105923420798448
MB-0148,0.28969344036685024,0.0,0.5317640083624009,0.17854255127074883
MB-0594,0.0994684930658537,0.0,0.2935279910663644,0.6070035158677818
MB-0521,0.6300257448016338,0.0,0.09892276253047401,0.27105149266789214
MB-0532,0.1362556686705515,0.01795060571096026,0.4774854911126947,0.36830823450579353
MB-0536,0.27169786149151604,0.0,0.40433540293818737,0.32396673557029665
MB-0319,0.15229210279761507,0.1908147382656559,0.06950652160551049,0.5873866373312185
MB-0491,0.515505703811635,0.05186861202648767,0.1529397527828703,0.27968593137900705
MB-0404,0.27083295824865916,0.09280682066404583,0.12359585243385203,0.5127643686534429
MB-0243,0.48720804237381843,0.10504975299602987,0.0,0.40774220463015165
MB-0580,0.4108200289600097,0.09146601873009085,0.3117355184099871,0.1859784338999124
MB-0312,0.24425057736790512,0.12995913792412975,0.04927096958354622,0.5765193151244189
MB-0060,0.0,0.061192068315631766,0.6171447694889405,0.32166316219542784
MB-0635,0.698821274500152,0.0,0.3011787254998481,0.0
MB-0649,0.5782435812954313,0.0969488036343771,0.05916904291135502,0.26563857215883674
MB-0643,0.061067530469090574,0.0,0.7316148215530259,0.20731764797788363
MB-0581,0.19860198588393466,0.052047710605917334,0.5267226835573664,0.2226276199527816
MB-0383,0.30742184818279855,0.1391967546653853,0.24436694011989335,0.3090144570319228
MB-0142,0.09413641150177376,0.18468109658744064,0.0,0.7211824919107857
MB-0320,0.6607961960694614,0.0959044344213944,0.0,0.24329936950914416
MB-0207,0.4998072891339905,0.051408296474395,0.002908452128812789,0.44587596226280185
MB-0167,0.0,0.16865632670920122,0.35471295162232774,0.47663072166847104
MB-0591,0.28493600209226666,0.05960727909282889,0.05725122744542931,0.5982054913694751
MB-0613,0.4418880541017559,0.01600167730368348,0.4874860355253426,0.05462423306921811
MB-0313,0.000624625969268402,0.016017185655031727,0.3995369749294305,0.5838212134462694
MB-0599,0.5968992802107793,0.04797792222336414,0.0,0.35512279756585646
MB-0286,0.8974617999731834,0.0,0.05449256207635722,0.048045637950459304
MB-0575,0.5316026451873814,0.05223780363794989,0.2111119694793399,0.20504758169532886
MB-0549,0.09136810171806252,0.08930796511356108,0.2826797687643577,0.5366441644040186
MB-0214,0.05270129772284446,0.0,0.7987588249550351,0.1485398773221203
MB-0589,0.21457351156199,0.05800239120726362,0.1574879924368329,0.5699361047939134
MB-0406,0.23841944210236932,0.08777426535991964,0.14105423203800485,0.5327520604997062
MB-0452,0.3607845857148928,0.03127377786294441,0.2567679706104203,0.3511736658117425
MB-0524,0.601462063210326,0.04034196169061044,0.16525278826647374,0.1929431868325897
MB-0880,0.2830065221629093,0.15294793390133915,0.0,0.5640455439357516
MB-0573,0.6475746410697333,0.0942038363949946,0.13733661132120512,0.120884911214067
MB-0664,0.0,0.12609513973250186,0.8739048602674981,0.0
MB-0446,0.33843754483815885,0.0,0.6615624551618411,0.0
MB-0008,0.12938024383665836,0.025208352510019894,0.29935463346853913,0.5460567701847826
MB-0656,0.3247837740171124,0.0,0.6752162259828877,0.0
MB-0154,0.5628295076979449,0.06370121890965265,0.0,0.3734692733924025
MB-0597,0.7960563682288258,0.023743694014535268,0.0026298413302876665,0.17757009642635138
MB-0550,0.24979653459517018,0.1221196724622019,0.28045166233597313,0.34763213060665477
MB-0616,0.18099262533306365,0.1254070707808019,0.12089698591086724,0.5727033179752672
MB-0448,0.075440247243647,0.09474424688921912,0.07317660931162852,0.7566388965555053
MB-0412,0.0,0.11725635150598909,0.3744277223012284,0.5083159261927824
MB-0122,0.42102961049346027,0.0534611736144178,0.0,0.5255092158921219
MB-0425,0.47394319059275974,0.055198365567814475,0.0,0.47085844383942566
MB-0314,0.14879181940686453,0.07013759230832468,0.43509028907056885,0.345980299214242
MB-0356,0.4185387889112547,0.11771595838188027,0.05489158028365059,0.4088536724232146
MB-0440,0.0,0.09436033390244356,0.25611992484159957,0.6495197412559568
MB-0398,0.3481901499118506,0.14649860165557813,0.3211931294173497,0.18411811901522154
MB-0438,0.3567068883111664,0.0,0.4200002801316802,0.22329283155715332
MB-0449,0.34880832072837553,0.07471390589959963,0.0,0.5764777733720248
MB-0162,0.406404934722294,0.1329255856474837,0.0,0.46066947963022226
MB-0593,0.40087539331209543,0.04446086838791036,0.4253001780155243,0.12936356028446985
MB-0301,0.4133273291148536,0.05271479018854505,0.0,0.5339578806966013
MB-0628,0.3302659003370894,0.18028899288273692,0.11207995568589697,0.3773651510942766
MB-0283,0.07814504611051278,0.06519010311489751,0.34538830450809294,0.5112765462664968
MB-0106,0.4235239456226668,0.23189706297723128,0.0,0.34457899140010184
MB-0341,0.4565725528146171,0.019248594637300404,0.2076502374794518,0.31652861506863067
MB-0474,0.12476671454143264,0.043775426160246066,0.3666305896818434,0.4648272696164779
MB-0394,0.36878198472473533,0.06870365838735824,0.056049129168764596,0.5064652277191418
MB-0373,0.12249467746336543,0.026893546552604206,0.41150269188587013,0.4391090840981603
MB-0247,0.6591871826816936,0.07334233351348614,0.09103104281343703,0.17643944099138326
MB-0225,0.0,0.09012345410169673,0.1819991364376156,0.7278774094606877
MB-0424,0.8201129379758354,0.0,0.17988706202416463,0.0
MB-0209,0.7454945467670917,0.0,0.2545054532329084,0.0
MB-0115,0.09505838297792336,0.0,0.8515122917281681,0.05342932529390854
MB-0136,0.5845340740253272,0.002642393611854163,0.08467327565755975,0.32815025670525877
MB-0542,0.346493754534329,0.0,0.38135287998148926,0.27215336548418173
MB-0354,0.4870113900358623,0.0,0.5129886099641376,0.0
MB-0151,0.16429728548450795,0.13177492962220125,0.12219074017613361,0.5817370447171573
MB-0590,0.0,0.12222735245969275,0.3323718869102447,0.5454007606300625
MB-0608,0.13427860349805124,0.006819142767344692,0.8580916554599455,0.0008105982746585633
MB-0657,0.7783591683941901,0.11115044233720534,0.09726540363136683,0.013224985637237688
MB-0559,0.09196612596979403,0.18430883051924044,0.02128076456461129,0.7024442789463542
MB-0893,0.6461005464031766,0.0,0.3538994535968234,0.0
MB-0514,0.3209257560265674,0.13285458798995528,0.09519668907525818,0.4510229669082191
MB-0395,0.17530739240552135,0.05524480753897819,0.4606318052158863,0.3088159948396142
MB-0294,0.6139233772454501,0.2130674889872172,0.17300913376733276,0.0
MB-0439,0.0,0.0898807292196624,0.07195152018088267,0.8381677505994548
MB-0481,0.15521366766400152,0.004329865662700998,0.7720137119641916,0.06844275470910592
MB-0529,0.31502257219709995,0.15293738507383964,0.0,0.5320400427290606
MB-0224,0.5894021376636732,0.005535014261818492,0.02742766901691445,0.37763517905759386
MB-0302,0.7185872366862601,0.015086429746856889,0.06459665066406307,0.2017296829028201
MB-0126,0.3383180169939477,0.06804130091895498,0.0,0.5936406820870972
MB-0220,0.707205080534122,0.0,0.292794919465878,0.0
MB-0192,0.6177805682575875,0.0444001488359323,0.33200185606864285,0.005817426837837413
MB-0121,0.3641714845804595,0.0113148021361014,0.0026476664337045015,0.6218660468497345
MB-0239,0.592268962539305,0.03412002580624459,0.0590979588402334,0.3145130528142169
MB-0364,0.6173303174357075,0.02302911710043696,0.0,0.3596405654638555
MB-0232,0.32164019127797316,0.07716792684553307,0.0,0.6011918818764937
MB-0884,0.0,0.09901174266224946,0.31274843655310314,0.5882398207846474
MB-0238,0.08659462214567393,0.08335154162629171,0.8300538362280344,0.0
MB-0194,0.5995039863349236,0.047343983901110685,0.021252999212271213,0.33189903055169445
MB-0882,0.11389262388224976,0.2839114347491785,0.13234934110944033,0.46984660025913155
MB-0010,0.26618541428645376,0.03182806101167391,0.14818458286576208,0.5538019418361103
MB-0236,0.410530372529784,0.01752144726292841,0.20285657956293213,0.3690916006443554
MB-0377,0.798888695565935,0.11489860651901208,0.012552105048504538,0.07366059286654836
MB-0123,0.23140590671872255,0.0,0.14775874783751455,0.620835345443763
MB-0504,0.5776198318835739,0.02109994352220713,0.0,0.4012802245942189
MB-0564,0.4308431475993122,0.06095782691818238,0.3418568737952048,0.16634215168730063
MB-0475,0.43238716526659937,0.05345977638265023,0.24119236002016683,0.27296069833058356
MB-0321,0.0,0.23832085696850439,0.1344246902468536,0.627254452784642
MB-0482,0.4236972331948854,0.10198226579417972,0.4324510669303713,0.04186943408056369
MB-0101,0.48380387203000613,0.10667210919935835,0.11224293262125165,0.29728108614938387
MB-0662,0.41892035502367336,0.09961347378548721,0.41263225596103076,0.06883391522980874
MB-0291,0.33397585149131853,0.09439958588000308,0.24924929283981817,0.32237526978886005
MB-0465,0.27267609262798403,0.11419629397748711,0.32313693117001924,0.2899906822245097
MB-0630,0.0,0.09513855450182385,0.27757042152003514,0.627291023978141
MB-0036,0.2989594870156271,0.16886723871617051,0.0,0.5321732742682024
MB-0166,0.42191585061038517,0.2359457985083464,0.0,0.34213835088126837
MB-0180,0.2814223009509227,0.19584110676154964,0.0,0.5227365922875278
MB-0525,0.23321865685454804,0.07867016405563923,0.5399975443946421,0.14811363469517058
MB-0307,0.5024684482747426,0.0,0.3263320313584272,0.17119952036683023
MB-0002,0.2205777833371458,0.13698456779977974,0.0,0.6424376488630744
MB-0408,0.3576589135372458,0.10973560123689788,0.07353198956686431,0.4590734956589921
MB-0466,0.2415245991083398,0.07745572384068931,0.13099960714622524,0.5500200699047458
MB-0632,0.5822994990814158,0.1583054326028036,0.01624033373901022,0.2431547345767705
MB-0120,0.2566469426011312,0.09640993573336465,0.36158424468896155,0.28535887697654255
MB-0507,0.5267441942137883,0.05132010470676823,0.06096344554150823,0.3609722555379353
MB-0287,0.1598053376352534,0.057991168078959925,0.09116982665135522,0.6910336676344313
MB-0869,0.0,0.03824557703867037,0.9617544229613296,0.0
MB-4633,0.41475134569442607,0.14951702184126336,0.0,0.4357316324643105
MB-4627,0.28386786297400163,0.24319387656964034,0.001880256532914861,0.4710580039234431
MB-4004,0.0,0.2026026165527123,0.1852401196161498,0.6121572638311379
MB-4708,0.536118068809516,0.2285220614959464,0.0,0.23535986969453762
MB-4618,0.14908456699782868,0.2917275086069309,0.11818496194006943,0.44100296245517095
MB-4641,0.33510935959697197,0.24005896893468548,0.0,0.4248316714683425
MB-4622,0.12228645620810326,0.16458531934104317,0.7131282244508537,0.0
MB-4634,0.2798819095656637,0.33273787027852497,0.037574313080676186,0.3498059070751352
MB-4688,0.06313976003997056,0.14363311995223957,0.33950250279378485,0.4537246172140051
MB-4665,0.05290800002153354,0.4033138404243468,0.0027427778273283413,0.5410353817267912
MB-4666,0.2580671693470844,0.30011895262738,0.01976391958681377,0.42204995843872184
MB-4640,0.18121260037931786,0.2513913108078901,0.3747400695611033,0.1926560192516887
MB-4691,0.20387403645184216,0.4658257071514076,0.11111011936220329,0.219190137034547
MB-4671,0.003112732514096191,0.470964866922927,0.058855272837562714,0.4670671277254142
MB-4667,0.2500225051112479,0.39880627058602636,0.35117122430272585,0.0
MB-4721,0.333654972801483,0.3433594542640269,0.0,0.3229855729344901
MB-4723,0.05925078531819858,0.22384176433393785,0.12926503077876653,0.5876424195690969
MB-4718,0.6925452601121471,0.30745473988785293,0.0,0.0
MB-4716,0.32421568642738896,0.33465572820160566,0.16393673849835258,0.17719184687265271
MB-4729,0.0,0.3721749980003005,0.20831775365703434,0.4195072483426651
MB-4717,0.0,0.1050711394858309,0.7737173654104923,0.12121149510367672
MB-4724,0.22437565815167163,0.09230422306095241,0.5566909726009162,0.12662914618645976
MB-4770,0.17378651809939524,0.06759969896717942,0.6830364916988524,0.07557729123457291
MB-4752,0.19637027241079988,0.20864530612338755,0.10924406981966336,0.4857403516461492
MB-4762,0.34217951917295314,0.3443104164541669,0.0,0.3135100643728799
MB-5169,0.30423641816920494,0.20419820668260463,0.08549487270917007,0.4060705024390203
MB-4796,0.0,0.10339814551547787,0.1781902354517374,0.7184116190327847
MB-4790,0.24770735068282418,0.273219444440516,0.0,0.47907320487665983
MB-4797,0.27566248771894614,0.2244097111079484,0.0,0.49992780117310537
MB-4800,0.17220832195436162,0.1978223081516828,0.10561376353553946,0.5243556063584163
MB-5541,0.6771327231458736,0.07109505755187577,0.0372770592620372,0.21449516004021338
MB-5549,0.08046543894577374,0.04674191086021341,0.6015577767745243,0.2712348734194887
MB-5519,0.27786074626988966,0.26333825521971,0.059300457265337274,0.3995005412450631
MB-5495,0.559578572059197,0.17415289194049205,0.0,0.26626853600031086
MB-4832,0.4314529010376945,0.19938082899829,0.0,0.3691662699640156
MB-4745,0.14771410378021502,0.1779881522260918,0.5956371242239283,0.07866061976976484
MB-4825,0.22261308549115477,0.26839792789527245,0.0,0.5089889866135727
MB-4814,0.271924047879452,0.2757443280066392,0.26192148765439566,0.1904101364595132
MB-4757,0.05698970993828964,0.05154258830430161,0.8319223367101881,0.059545365047220584
MB-4694,0.0,0.1697536015215597,0.8279390452088986,0.002307353269541671
MB-4698,0.53881790039172,0.24552187223832728,0.0,0.2156602273699528
MB-4715,0.0,0.23776875827314098,0.762231241726859,0.0
MB-4685,0.0,0.36182582047033446,0.04610128075253736,0.5920728987771281
MB-4712,0.1623484899171957,0.33113432796575987,0.33095766918512554,0.175559512931919
MB-4672,0.03246468659009409,0.30881938790040914,0.0021046560484099886,0.6566112694610868
MB-4704,0.530647906128367,0.3538939484707066,0.0,0.11545814540092644
MB-4655,0.015264248252702119,0.453534348128477,0.2609269296154074,0.2702744740034133
MB-4651,0.06976613660511274,0.10281055651080594,0.39637583125374315,0.43104747563033813
MB-4661,0.24108502072976956,0.36162942309633833,0.0,0.3972855561738921
MB-4649,0.148911329794775,0.39691679282607245,0.1375071432238195,0.3166647341553331
MB-4642,0.017064842591693677,0.1175168857165313,0.22885892279296272,0.6365593488988124
MB-4674,0.0,0.2961269106306713,0.0,0.7038730893693288
MB-4648,0.009247998566369705,0.28827890230415515,0.1052870212315441,0.597186077897931
MB-5197,0.1111003847612761,0.2065060932619351,0.11474308802859383,0.567650433948195
MB-5152,0.22259170834515316,0.26961752446315246,0.008074876324853715,0.49971589086684065
MB-5201,0.15943123630522252,0.2669351557506728,0.0,0.5736336079441047
MB-5189,0.3787202358253463,0.2522644395351279,0.0,0.3690153246395259
MB-5281,0.38790389595433317,0.33031415360609817,0.14982880739897203,0.13195314304059652
MB-5212,0.09391691605974056,0.11224623565159417,0.34161341624118285,0.45222343204748233
MB-5172,0.18679996073812002,0.1582737278863273,0.3750580274946831,0.27986828388086965
MB-5183,0.3183899595092447,0.39241972933908104,0.0,0.2891903111516743
MB-5185,0.3165830701505082,0.4815586747447129,0.07541672164805169,0.12644153345672718
MB-5022,0.28493973932021943,0.20176049643930968,0.1385265833298269,0.37477318091064404
MB-5014,0.18454799097297914,0.2242559614785981,0.0,0.5911960475484228
MB-4994,0.2577353694013788,0.18740143106611923,0.0,0.554863199532502
MB-5017,0.3902745298068133,0.22038093086382593,0.3893445393293607,0.0
MB-4982,0.19722376418808096,0.41797713635534006,0.384799099456579,0.0
MB-5004,0.12721055440618,0.6901989250764242,0.1825905205173959,0.0
MB-4986,0.12134140163362951,0.324071919390135,0.23551437071823822,0.3190723082579973
MB-5327,0.21474258440398594,0.1441358846418446,0.47792049742157566,0.1632010335325938
MB-5341,0.03257245213374595,0.2525349522588187,0.0,0.7148925956074352
MB-5323,0.33933656382618266,0.10040557926292566,0.5602578569108918,0.0
MB-5328,0.16603260836750053,0.24460106274239726,0.11034853792918227,0.47901779096091995
MB-5318,0.31409861814278955,0.1787853088667358,0.21387336041824623,0.2932427125722284
MB-5287,0.38200534956344345,0.3339810923459102,0.0,0.2840135580906464
MB-5324,0.49085248809136134,0.22222353932480549,0.0,0.2869239725838332
MB-4682,0.06619035707245749,0.3028798229539759,0.13335288497622377,0.4975769349973428
MB-4710,0.47567931247938516,0.28034579862430237,0.0,0.24397488889631244
MB-4701,0.3178616256647221,0.2174979369841503,0.007476358263674537,0.457164079087453
MB-4709,0.2878730830851022,0.2824382305591203,0.0,0.4296886863557776
MB-4686,0.4313593475147542,0.22786138310277373,0.12882081613792687,0.2119584532445452
MB-4706,0.3490650299251536,0.246410026511276,0.10991410263227125,0.2946108409312992
MB-4719,0.19054583965671926,0.2048848325207976,0.0,0.6045693278224833
MB-4702,0.0,0.3379435488258513,0.2610622963370776,0.40099415483707096
MB-4908,0.0753192107515153,0.17314282322853322,0.19596863719907334,0.5555693288208781
MB-4871,0.0,0.24548304684563466,0.6049722954052884,0.14954465774907694
MB-4906,0.0,0.37703894776084396,0.0,0.6229610522391561
MB-4911,0.0,0.07707946996140264,0.9146358536759066,0.008284676362690944
MB-4866,0.250081835878768,0.44124980032786526,0.0,0.308668363793367
MB-4858,0.1807870853273098,0.1976848516130278,0.24727178805811262,0.37425627500154973
MB-4862,0.12321298231370195,0.09561999643115682,0.4852879350206372,0.29587908623450393
MB-4872,0.5106725317403004,0.2762060367225867,0.06795279758284933,0.14516863395426358
MB-4887,0.4047505035806127,0.2660642293239017,0.21071161052389153,0.11847365657159395
MB-4867,0.4789937707589742,0.18521279348738617,0.0,0.3357934357536396
MB-4888,0.32104696912783165,0.08136582159485525,0.5975872092773131,0.0
MB-4929,0.029405970243954516,0.46454946922039997,0.23464145414769452,0.27140310638795095
MB-4945,0.0,0.355183250323986,0.6448167496760141,0.0
MB-4930,0.0,0.23702280105203438,0.36833795745658815,0.3946392414913776
MB-4894,0.09705462693766331,0.30659521084069224,0.21457705844517644,0.38177310377646817
MB-4898,0.013203781295414873,0.28583495638704703,0.0,0.7009612623175382
MB-4670,0.12050255154656278,0.46233147050838824,0.0,0.41716597794504895
MB-5013,0.11154557284714932,0.353779913358962,0.0,0.5346745137938888
MB-4977,0.3438406188613922,0.18413450189792877,0.020320085401896632,0.4517047938387823
MB-4967,0.5062844278942177,0.3236911916992253,0.0,0.17002438040655707
MB-4981,0.6676964044424035,0.27829260811998796,0.0,0.05401098743760853
MB-4003,0.0,0.5712456613192333,0.41603491644662227,0.012719422234144528
MB-4968,0.36113298057156745,0.19773022600831566,0.0,0.44113679342011686
MB-5052,0.3967478882122117,0.040373503750189645,0.5628786080375986,0.0
MB-5049,0.12016231574545218,0.23289240466065453,0.10895004555845698,0.5379952340354364
MB-5041,0.2649625058239328,0.22042001675649872,0.5146174774195683,0.0
MB-5044,0.16881376232659864,0.22311372355150844,0.059160620175869975,0.5489118939460229
MB-5072,0.25163595103924946,0.16725311834002612,0.31052899278150276,0.27058193783922163
MB-4171,0.0742778865367147,0.5906847591249338,0.22650832527933926,0.10852902905901211
MB-5053,0.4993729767499447,0.22718795812888673,0.0,0.27343906512116856
MB-5045,0.18606066148955522,0.3134105716999755,0.4198706573836105,0.0806581094268588
MB-5116,0.0,0.312081497241371,0.06458624552463932,0.6233322572339898
MB-5120,0.0,0.3211098046799291,0.47629972714358,0.20259046817649085
MB-5074,0.3069921346767436,0.3360068237701746,0.07496871141122374,0.2820323301418581
MB-5119,0.38885234694109894,0.3385105393340224,0.0009396516936473093,0.27169746203123135
MB-5114,0.37241882176644114,0.06641322407762018,0.5611679541559387,0.0
MB-4230,0.2905174572471905,0.4990498873634187,0.07740106301845805,0.13303159237093265
MB-4154,0.18274654374320706,0.29468674131020184,0.522566714946591,0.0
MB-5115,0.0,0.12291580810618255,0.8432267902220635,0.033857401671753946
MB-4737,0.08197420266129993,0.10117162244829289,0.2864718735611667,0.5303823013292404
MB-4764,0.6628044516054357,0.24674002655117339,0.009108250864753654,0.08134727097863716
MB-4735,0.22627231061115619,0.2919150439482207,0.0017748401327762281,0.48003780530784684
MB-4730,0.18662963652778372,0.22334154362158723,0.0,0.590028819850629
MB-4733,0.252273220011333,0.1705549323730344,0.5771718476156326,0.0
MB-4758,0.1308045611052399,0.06975973831249956,0.616040715472887,0.18339498510937352
MB-5033,0.0,0.29144255946930153,0.014108408150362283,0.6944490323803364
MB-4741,0.33542150879132715,0.2970181124145886,0.0,0.3675603787940843
MB-4732,0.0861680795736281,0.14563714186958102,0.768194778556791,0.0
MB-5305,0.10417924538104907,0.34967283431339297,0.005516984558059098,0.5406309357474989
MB-5256,0.3064673606958313,0.32020740598758646,0.0,0.37332523331658224
MB-5273,0.09492212632253244,0.3191503954716803,0.13018494557659233,0.45574253262919495
MB-5236,0.0,0.14391288055472676,0.8560871194452733,0.0
MB-5238,0.41973776761612996,0.326427521189535,0.25383471119433515,0.0
MB-5233,0.0,0.44909056501036393,0.001345842147455205,0.5495635928421808
MB-5244,0.0,0.25470904157602,0.0,0.7452909584239801
MB-5253,0.542377765946272,0.3534011612427523,0.012626842273256523,0.09159423053771933
MB-5260,0.03184587547497511,0.2950149107585601,0.0,0.6731392137664648
MB-4998,0.08892532530995434,0.2106123443289957,0.10460208419995969,0.5958602461610902
MB-4993,0.27068728064367764,0.19442692237140002,0.42706194073680365,0.10782385624811865
MB-5001,0.27168051914047264,0.24530929413680738,0.0,0.4830101867227199
MB-5084,0.38391702285726514,0.3525911117039124,0.0,0.26349186543882247
MB-4969,0.0,0.3486713371658593,0.0,0.6513286628341406
MB-4999,0.15379379739030205,0.4245435154119775,0.0,0.4216626871977204
MB-5011,0.329497678552226,0.37361600118418353,0.0,0.2968863202635905
MB-4959,0.46468892878928636,0.3280901658864332,0.0,0.2072209053242804
MB-4599,0.005573072881432764,0.5586827427427064,0.0,0.435744184375861
MB-4616,0.053599289167816706,0.39175484723001824,0.0,0.554645863602165
MB-4623,0.31304284444757086,0.34733590459007724,0.11130264106350712,0.22831860989884478
MB-4644,0.0,0.482597507793934,0.04552819312445568,0.4718742990816104
MB-4869,0.1694423268308357,0.41735258414939436,0.0,0.41320508901977
MB-4878,0.3879196851340502,0.32504418945293034,0.09574950729499543,0.19128661811802408
MB-4851,0.17533762873843306,0.24776519092675536,0.0,0.5768971803348115
MB-4233,0.0,0.38509353386500605,0.27166331680482325,0.34324314933017064
MB-4937,0.1678847086500463,0.14544020387250559,0.42451421505846515,0.26216087241898295
MB-4934,0.12868947155728647,0.23489181056352332,0.1260204685218225,0.5103982493573677
MB-4899,0.4590446466606867,0.17243462265043086,0.005967810734495567,0.36255291995438693
MB-4912,0.06660524501287388,0.2668386862756291,0.06143211009196654,0.6051239586195305
MB-4935,0.0,0.49588010809486316,0.5041198919051368,0.0
MB-4933,0.23470258773117902,0.2293302414789634,0.31770495879836075,0.2182622119914969
MB-4900,0.33549558255298145,0.14804159558586238,0.1897058037692554,0.3267570180919007
MB-4941,0.47402054309724706,0.46030141879699693,0.0,0.06567803810575601
MB-5221,0.2270959932161873,0.22503634903106334,0.0,0.5478676577527494
MB-5139,0.26737193766489925,0.13474532787223836,0.18518167229508486,0.41270106216777763
MB-5222,0.2198651564434071,0.02501072453215608,0.7551241190244368,0.0
MB-5097,0.31346203677456175,0.19277779843773094,0.22722756628774876,0.26653259849995853
MB-5338,0.06482269993061356,0.21102653123624127,0.4966859907939534,0.22746477803919182
MB-5315,0.21608431386304583,0.2736581866321247,0.5102574995048295,0.0
MB-5195,0.2680741307259364,0.21607333857566002,0.3244236335404391,0.1914288971579645
MB-5226,0.2253296483161011,0.3295375418024412,0.047601865173316056,0.3975309447081416
MB-5232,0.2079199606739404,0.20726953585650137,0.5848105034695583,0.0
MB-5160,0.028333748828682104,0.2635829762758947,0.10401584541809494,0.6040674294773283
MB-5126,0.0,0.05428830029540552,0.8659579247460455,0.07975377495854903
MB-5124,0.30491108733289835,0.20503747998109584,0.05736881724723732,0.4326826154387685
MB-4855,0.13214607663827857,0.20820027666518284,0.0827095133709341,0.5769441333256045
MB-5279,0.0775954161349811,0.21044465907839796,0.0,0.7119599247866211
MB-4173,0.19827608446976858,0.3921459084344619,0.0,0.4095780070957695
MB-5145,0.325303369820886,0.1324328372121043,0.5422637929670098,0.0
MB-4944,0.04481687803267227,0.265409612033256,0.015491751397268202,0.6742817585368035
MB-4961,0.38234322764993234,0.30256849550627984,0.0,0.3150882768437879
MB-5121,0.08268838263178631,0.19592137805296814,0.0,0.7213902393152456
MB-4956,0.011412405180410135,0.2971950097129512,0.20077444904329056,0.49061813606334825
MB-4886,0.2689629727079289,0.2526825646657739,0.4246461224456329,0.053708340180664296
MB-4950,0.3085934717701442,0.285539541921068,0.05818752899200303,0.34767945731678473
MB-4965,0.20821378328214038,0.2692624267541544,0.02788623541368613,0.49463755455001907
MB-4962,0.11936247998662661,0.4148399428492004,0.0,0.465797577164173
MB-4952,0.33024315183108466,0.12904685011504033,0.540709998053875,0.0
MB-5267,0.5443659932546042,0.1878758902712589,0.03914842218711657,0.2286096942870201
MB-5266,0.0,0.38595661019389976,0.31407832044812795,0.29996506935797235
MB-5396,0.13100252236964416,0.31639768892551784,0.24351593566610025,0.3090838530387378
MB-4938,0.20380381394119274,0.06142057536783562,0.7107361619916907,0.024039448699281075
MB-5351,0.5689993383083785,0.2489926181002207,0.1806860480730065,0.0013219955183944915
MB-5347,0.0,0.3675076957401553,0.07858856731944834,0.5539037369403964
MB-5312,0.17848277718346534,0.08631328236303021,0.604148929187831,0.1310550112656734
MB-5311,0.6963546021306704,0.17348578807800913,0.13015960979132055,0.0
MB-5284,0.4590104751430478,0.25117770985397014,0.0,0.2898118150029821
MB-4148,0.05743362677858209,0.3846011556604238,0.2301950811649481,0.32777013639604596
MB-5078,0.13929329342717697,0.24911093825203093,0.3588646538218177,0.25273111449897445
MB-5088,0.26928190560213283,0.37595215450678726,0.006130051401809333,0.3486358884892707
MB-5064,0.28580197773441224,0.2705313302700005,0.0,0.44366669199558734
MB-5107,0.0,0.31509793648962686,0.21521150603456574,0.46969055747580735
MB-5066,0.4130457823784955,0.2727038557295615,0.0,0.31425036189194305
MB-5068,0.10980747634298295,0.4286002576262014,0.0,0.46159226603081566
MB-5061,0.14464979186317753,0.37785239728711106,0.18926607901542042,0.2882317318342909
MB-5070,0.1615117318346724,0.13722493880907935,0.7012633293562482,0.0
MB-5059,0.3912626153260197,0.22179117048686514,0.0,0.3869462141871153
MB-4266,0.09680666497689365,0.43612773520626974,0.2541970931379139,0.21286850667892268
MB-4276,0.1114220971813974,0.3370666904982271,0.35782979013970295,0.1936814221806725
MB-4771,0.33055775020376493,0.24494124636171055,0.034450501000211006,0.39005050243431344
MB-4739,0.4982646877734295,0.14572438834648763,0.0,0.3560109238800828
MB-5331,0.3396216150947476,0.316299300058583,0.02948323185251202,0.3145958529941573
MB-4743,0.6721326363031477,0.20936226581410797,0.0,0.1185050978827444
MB-4785,0.19552001278941483,0.4492334666912348,0.0,0.3552465205193503
MB-4778,0.4868350710444711,0.16385715423337502,0.0,0.3493077747221538
MB-4763,0.08005163019978156,0.21493316596983159,0.5563461636064837,0.14866904022390315
MB-4779,0.5248084368216834,0.2200438001397802,0.0,0.2551477630385364
MB-4849,0.0,0.324066081916245,0.05378178687719653,0.6221521312065584
MB-4787,0.19721406744383632,0.29162018091691383,0.175201146045089,0.33596460559416097
MB-4767,0.15165022333521838,0.21561097340896287,0.3046729637436295,0.3280658395121892
MB-4784,0.1791319321667459,0.5245490215787928,0.12290520455143952,0.1734138417030218
MB-5043,0.318114793420652,0.3234517370639187,0.0038362531985708477,0.3545972163168584
MB-4992,0.3931071380043411,0.28345824454449664,0.08686659280525039,0.23656802464591198
MB-5020,0.31096338555673275,0.28618312015195774,0.022842642271131156,0.38001085202017837
MB-5019,0.27924656748263244,0.21880824762377452,0.3555108011798198,0.14643438371377315
MB-5015,0.14545454195080001,0.2434230947126019,0.0007892947309194831,0.6103330686056787
MB-5048,0.20477317392189331,0.23405300568916176,0.008943724958200842,0.552230095430744
MB-5035,0.37767920357125145,0.14779591994435562,0.12129894412075655,0.3532259323636364
MB-5398,0.2869143243665918,0.1454924750338666,0.0,0.5675932005995417
MB-5377,0.28024208387978106,0.17767818889983192,0.0,0.5420797272203869
MB-5291,0.0,0.20210342687683167,0.1085111687506995,0.6893854043724689
MB-5403,0.13913781240141684,0.15164964487563792,0.0,0.7092125427229452
MB-5224,0.46174417570147647,0.22835465576022548,0.0,0.30990116853829797
MB-5369,0.19248694714547085,0.22634139144377585,0.0,0.5811716614107533
MB-5404,0.24725142945724535,0.3471302506301315,0.0,0.40561831991262315
MB-5397,0.262306612860322,0.19333809697777665,0.1135189947385893,0.43083629542331214
MB-5378,0.0,0.06797727237845279,0.7798946402948611,0.15212808732668603
MB-5388,0.31083476787764297,0.23733172586952686,0.10441380087544301,0.3474197053773872
MB-5395,0.4349192954260139,0.35163108720710157,0.031942853686678,0.18150676368020663
MB-5365,0.2846630527423592,0.28395747455107007,0.0,0.4313794727065707
MB-5389,0.003971820769182064,0.2082334203075146,0.0,0.7877947589233034
MB-5385,0.02174620877412999,0.2859739472360606,0.0,0.6922798439898094
MB-5393,0.0,0.5129297597512653,0.0,0.48707024024873485
MB-5289,0.22810877123605797,0.41289373236345106,0.0,0.358997496400491
MB-5361,0.12576235626599247,0.16773631313793935,0.2683530749016747,0.4381482556943934
MB-5392,0.5238807427281902,0.04795863561934413,0.42816062165246577,0.0
MB-5147,0.4316158300961462,0.1485235594573573,0.06688361358657431,0.3529769968599222
MB-4140,0.04395051081143408,0.577235986816572,0.0,0.378813502371994
MB-5138,0.0,0.20383766010331852,0.7961623398966815,0.0
MB-5123,0.462901884259345,0.07630396852667459,0.08062434930699186,0.3801697979069887
MB-5065,0.3015514996807768,0.0787351192315452,0.6197133810876779,0.0
MB-4127,0.0,0.600782763986066,0.24404534958648227,0.15517188642745172
MB-5058,0.34575585523356306,0.17508867977893344,0.3846335429959583,0.09452192199154523
MB-5050,0.4562519919213606,0.22172748813008963,0.0,0.32202051994854974
MB-5027,0.5929245705365905,0.25153425015870656,0.0032231451847698042,0.152318034119933
MB-5060,0.2230156760591209,0.27579644507727347,0.052604142938707445,0.4485837359248981
MB-5062,0.06025049123071035,0.19997185343015195,0.39426694896569325,0.3455107063734445
MB-5383,0.3663261619102967,0.31587792565532036,0.0,0.3177959124343829
MB-5101,0.0,0.21404224161087596,0.2427656048332955,0.5431921535558285
MB-5258,0.034315165991624576,0.16504295205410371,0.7918887365640472,0.008753145390224384
MB-5268,0.4801256137574245,0.22931742550294829,0.0,0.29055696073962706
MB-5261,0.30392849984651865,0.2152736092662375,0.0,0.480797890887244
MB-5272,0.3805594503052715,0.16425333868082695,0.4551872110139015,0.0
MB-5264,0.48262487298638096,0.27931620731545104,0.0,0.2380589196981679
MB-5259,0.24301189312872473,0.2875927251399742,0.4693953817313012,0.0
MB-5306,0.012561189456848981,0.4271263006258331,0.2387606857585674,0.32155182415875044
MB-5270,0.17599388511994082,0.21664228153627968,0.0,0.6073638333437795
MB-5411,0.0,0.12449367342793619,0.6016772190414486,0.27382910753061535
MB-5490,0.2103757419019831,0.19510910570250592,0.0,0.5945151523955111
MB-5421,0.09164949757135062,0.14427147640448704,0.7395794336777612,0.02449959234640102
MB-5348,0.10720207711912355,0.03918858020743838,0.853609342673438,0.0
MB-5429,0.32413174932070354,0.22495951616552967,0.0,0.4509087345137669
MB-5405,0.3201666567754822,0.21935114692909347,0.4604821962954245,0.0
MB-5414,0.00793634940225035,0.14663048660352196,0.4302928031102971,0.41514036088393064
MB-5489,0.5252416508464284,0.14651813684991125,0.0,0.3282402123036604
MB-5417,0.11165269522092679,0.35247995040567864,0.4620275819172486,0.07383977245614601
MB-5481,0.18155183209809347,0.10434146042898436,0.23019842211719246,0.4839082853557297
MB-5409,0.24170331838060624,0.17942150143350113,0.5788751801858927,0.0
MB-5413,0.4137704152349852,0.3582604978873583,0.0,0.22796908687765655
MB-5299,0.0,0.30607079406843024,0.6939292059315697,0.0
MB-5408,0.5408396231615071,0.10721190138406347,0.3519484754544295,0.0
MB-5475,0.1952101123015667,0.18330585850276152,0.0,0.6214840291956719
MB-5505,0.06898529276357131,0.35145459334386,0.018938234734856466,0.5606218791577122
MB-5100,0.08247987478629175,0.0,0.9175201252137082,0.0
MB-5325,0.11916292559678626,0.15871340331119047,0.7221236710920232,0.0
MB-5502,0.0,0.3168990326821094,0.2590678698808953,0.42403309743699524
MB-5485,0.0,0.27441162170080713,0.2712798112607942,0.4543085670383985
MB-4293,0.2602535529734839,0.4662840971463529,0.0,0.27346234988016316
MB-4289,0.0,0.6967120857330659,0.0,0.30328791426693413
MB-5293,0.2511037807340916,0.3236481656661643,0.03726721079363848,0.38798084280610573
MB-5381,0.2336927953552216,0.33764199542850065,0.4124854189845635,0.016179790231714248
MB-4834,0.0,0.16152079436663155,0.33943319208631956,0.49904601354704897
MB-5498,0.3263601451160845,0.18753560357618704,0.25824019309195556,0.2278640582157729
MB-4749,0.1848912729594435,0.2990905563473082,0.0,0.5160181706932484
MB-4818,0.13167259790686742,0.2136933675665724,0.013786547149762532,0.6408474873767976
MB-4805,0.21738854955300907,0.1979724352225735,0.14776861257347665,0.4368704026509408
MB-4809,0.0,0.117523888714649,0.8772575872673182,0.005218524018032857
MB-5418,0.2834050837448546,0.30262132809961856,0.015112261570902218,0.3988613265846247
MB-5441,0.24202959285714262,0.444135543652488,0.19966100986316695,0.11417385362720253
MB-5424,0.4694224280824459,0.20492466835965617,0.08998314392860261,0.23566975962929526
MB-5296,0.3807119984124383,0.2671535997387254,0.3521344018488364,0.0
MB-5446,0.34373992507074874,0.09577518326941024,0.32073807591333103,0.23974681574651
MB-5137,0.061328735156570266,0.08578943605364812,0.8528818287897816,0.0
MB-5219,0.30752988882175064,0.23151691375131825,0.0,0.46095319742693114
MB-5093,0.20132732606051681,0.2827187322399069,0.19492660939042983,0.32102733230914643
MB-5350,0.5665192679250525,0.18514936442146893,0.24745764907384588,0.0008737185796327747
MB-5230,0.5331873788368133,0.18277620085481247,0.0,0.28403642030837417
MB-5206,0.3417171214313914,0.17712237991921093,0.0,0.4811604986493977
MB-4687,0.38858440754662715,0.21258269793518314,0.38531209805374056,0.01352079646444921
MB-5433,0.08615822271541196,0.2870816029929098,0.0,0.6267601742916783
MB-5442,0.0,0.2330646851599364,0.7302344903579358,0.03670082448212792
MB-5427,0.009005976486623983,0.22918734961608483,0.6942572524457854,0.0675494214515057
MB-5491,0.016530095812296666,0.2912165486348084,0.061741164022231426,0.6305121915306635
MB-5493,0.0421908402595649,0.29983834460867625,0.1931732619943365,0.4647975531374224
MB-5451,0.3747313380395907,0.2188323909785814,0.0,0.4064362709818277
MB-5454,0.28102306032552626,0.21771094483016196,0.42886778942386494,0.07239820542044699
MB-5360,0.2793487903058345,0.3376285993931382,0.0,0.38302261030102736
MB-5229,0.4210511912191333,0.15379092884361825,0.41513308084769135,0.01002479908955696
MB-4827,0.3451262063127169,0.24389876925843929,0.0,0.41097502442884376
MB-5455,0.36448734148510076,0.4501335465593667,0.1853791119555325,0.0
MB-5349,0.349919306875932,0.2659760195474044,0.0,0.3841046735766637
MB-5370,0.0,0.19126355940414896,0.0,0.8087364405958511
MB-5290,0.15387042294232017,0.3024168989122635,0.0,0.5437126781454164
MB-5366,0.1379381408566321,0.3174132388797393,0.35792382236782416,0.18672479789580443
MB-5382,0.24991763621621899,0.2944639191966262,0.026866579744303943,0.4287518648428508
MB-5402,0.16798741550602378,0.2630270340711106,0.10221082549086818,0.4667747249319974
MB-5288,0.2079759242816987,0.25854015372699507,0.20485943277602736,0.3286244892152788
MB-5384,0.17962900096619835,0.2506000136065256,0.18251269727025965,0.3872582881570164
MB-5358,0.35444285926096525,0.21954579188342363,0.0,0.42601134885561104
MB-4357,0.1435584084739245,0.6232828411238789,0.23315875040219664,0.0
MB-4991,0.11237992004739986,0.11349264643761994,0.2638692525827441,0.5102581809322361
MB-5401,0.22108332704224645,0.3646232549240295,0.0,0.41429341803372394
MB-5387,0.0,0.35326152420689527,0.6467384757931047,0.0
MB-5390,0.0,0.05033830217162581,0.8586433737975371,0.09101832403083707
MB-5412,0.536974288637166,0.2389364937233854,0.0,0.22408921763944856
MB-5193,0.1250105473500057,0.26365783011182126,0.0,0.6113316225381731
MB-5182,0.3498360731708593,0.30611857235411116,0.0,0.3440453544750295
MB-5157,0.3618224720890942,0.3261502346132631,0.31202729329764284,0.0
MB-5205,0.008721951262807651,0.145093150517722,0.770702721194575,0.07548217702489542
MB-5161,0.8106656874819429,0.09636957519076692,0.0,0.09296473732729017
MB-5292,0.06590484702557907,0.22946753506917125,0.3200340288334343,0.3845935890718154
MB-5211,0.0,0.19825755261501743,0.13622665226250355,0.665515795122479
MB-5218,0.01584584747884592,0.08776111526686026,0.27127537132749274,0.6251176659268011
MB-5209,0.0,0.40368825754505144,0.5963117424549487,0.0
MB-5227,0.30136997619588896,0.16517409631740185,0.1531713128268575,0.3802846146598518
MB-5213,0.16948090201205662,0.09141320700129826,0.6488797691186833,0.09022612186796182
MB-5166,0.050323698621883343,0.2589624829589818,0.2907894114390812,0.39992440698005366
MB-5163,0.33609057706897766,0.36537198943870697,0.08943815376272865,0.20909927972958672
MB-5188,0.21740989358065346,0.043432639956963386,0.6747525688549655,0.06440489760741758
MB-5143,0.48713305620961694,0.3458253536719164,0.0,0.1670415901184666
MB-5329,0.4458053664368873,0.27322053872864693,0.1398849119913944,0.1410891828430714
MB-5322,0.30496005665904685,0.213307476368216,0.09862242013869607,0.3831100468340411
MB-5310,0.47926753530678334,0.19226912051229014,0.038864240514356406,0.28959910366657005
MB-4000,0.18274235649452866,0.290882283688897,0.03856062329556622,0.48781473652100804
MB-5240,0.5550581166713539,0.2102114636377803,0.0,0.23473041969086597
MB-5228,0.08940420318694725,0.352412937191042,0.21421620440538078,0.34396665521663006
MB-5136,0.6100712633811792,0.19852941136611377,0.05793460192747173,0.1334647233252352
MB-5140,0.011786899422930893,0.4561039707116697,0.228779352302499,0.3033297775629004
MB-5106,0.23018538309495717,0.14092304498683544,0.21858961017415138,0.41030196174405614
MB-5117,0.2935090881379174,0.21017422945271624,0.04655407459156618,0.44976260781780014
MB-5104,0.34334457610208574,0.41684947084068724,0.0,0.23980595305722702
MB-5131,0.3554494436775861,0.3478243075383078,0.0,0.2967262487841062
MB-5109,0.552140818276492,0.23497390697031534,0.046809565349907704,0.166075709403285
MB-5176,0.387941766396082,0.09153680874933448,0.33400445553836683,0.18651696931621667
MB-5158,0.3562860661936306,0.1922670091794897,0.0,0.45144692462687974
MB-5076,0.01820043021344679,0.14163193971879157,0.8178397153256354,0.022327914742126195
MB-5215,0.034052330015943204,0.27588325487804144,0.0,0.6900644151060152
MB-5223,0.5573101315864678,0.05991431929178581,0.3827755491217464,0.0
MB-5179,0.43559394036281346,0.36753910916905885,0.014921557210798141,0.18194539325732953
MB-5330,0.395650380101689,0.4063411579478977,0.0,0.1980084619504133
MB-5144,0.048962263857072204,0.3143112958404978,0.1561537767951583,0.48057266350727174
MB-5196,0.2545957328738097,0.28228517723907454,0.13615741533900752,0.3269616745481082
MB-5200,0.07276773903980699,0.25112313020238974,0.2685988886579384,0.4075102420998649
MB-5583,0.4109289761393958,0.16618755258435033,0.04062321874397275,0.3822602525322813
MB-5601,0.3361414860680359,0.014121786606714794,0.12965571307097418,0.5200810142542752
MB-5632,0.040288661128517304,0.22303377542784092,0.34208195883374887,0.3945956046098928
MB-5616,0.16175747300079663,0.0,0.8382425269992034,0.0
MB-5604,0.0,0.1351185630179338,0.16554464320854065,0.6993367937735255
MB-5589,0.30140428533362895,0.2704076918628606,0.0,0.4281880228035105
MB-5582,0.5208440676318172,0.24003028211755975,0.0,0.23912565025062305
MB-5625,0.09395914194229324,0.08922621718359272,0.742907726754566,0.07390691411954801
MB-5571,0.20625176382156807,0.1637834570479632,0.0,0.6299647791304687
MB-5596,0.43614896799528063,0.18189194347919044,0.0,0.3819590885255289
MB-5590,0.1894428131831217,0.14854687151366386,0.18523585202676332,0.47677446327645123
MB-5599,0.37127287590574704,0.1689684830053293,0.09073562339567535,0.36902301769324836
MB-5629,0.36553768652063384,0.1826217161371497,0.09177311883552781,0.36006747850668863
MB-5579,0.5345127274942475,0.13154792464288928,0.1044144969912039,0.2295248508716592
MB-5623,0.17356415449701418,0.20427698265837052,0.07726738541941694,0.5448914774251984
MB-5654,0.17413300634762383,0.21376985163180237,0.0,0.6120971420205737
MB-5617,0.06651229871955218,0.1823254265692148,0.0,0.7511622747112331
MB-5638,0.01737603968321375,0.3281614931528283,0.18582244916109608,0.4686400180028619
MB-5635,0.24195878452955435,0.32907479416878427,0.06517817895998537,0.36378824234167595
MB-5642,0.19241934510604047,0.2623361801712349,0.0,0.5452444747227246
MB-5647,0.1317040377045228,0.2338227642961635,0.13801544481022196,0.4964577531890918
MB-4018,0.42903887678203156,0.23617538798452353,0.0,0.334785735233445
MB-5584,0.0994339794908664,0.05139478536716077,0.5223467981978599,0.32682443694411295
MB-5626,0.2936371725947226,0.2594831909519025,0.015311826117057666,0.43156781033631736
MB-5602,0.23058866296825192,0.03224424934278827,0.7179108943062176,0.019256193382742252
MB-5653,0.2324844067888515,0.2168394108274058,0.20139931852570458,0.34927686385803813
MB-5576,0.14968309025295967,0.07098887727986333,0.3388429040371517,0.4404851284300252
MB-5575,0.04345219410065642,0.1479583303533305,0.3173078004292831,0.49128167511673
MB-5646,0.0,0.2196599525763492,0.14830735556253838,0.6320326918611123
MB-5634,0.0,0.16686602930139918,0.8331339706986007,0.0
MB-5591,0.4434165193672339,0.16136139724523704,0.0,0.39522208338752896
MB-5567,0.27182097263149974,0.2238917494883609,0.0,0.5042872778801393
MB-5651,0.3464463257730123,0.19561140486439685,0.45794226936259075,0.0
MB-5603,0.5128555798524849,0.14755810809413483,0.15033193467979514,0.18925437737358516
MB-5622,0.08521221326211667,0.22516944972096517,0.09922300766065313,0.5903953293562649
MB-5597,0.3369399335391683,0.1639249623844176,0.0,0.49913510407641415
MB-5613,0.2012829325804179,0.030419198057953095,0.3562045843277909,0.4120932850338381
MB-5580,0.38064781141290505,0.24768237934680307,0.0,0.3716698092402919
MB-5645,0.21574487546231447,0.2304932638885098,0.0642526133512654,0.4895092472979103
MB-5548,0.21287389771236667,0.07514946347810252,0.7119766388095308,0.0
MB-5526,0.07770855316183067,0.10766425396778088,0.8146271928703884,0.0
MB-5531,0.3197316383372169,0.03642283597759913,0.6438455256851838,0.0
MB-5468,0.0,0.15866601694851032,0.8413339830514897,0.0
MB-5474,0.32629382960366404,0.24540813470101028,0.4282980356953257,0.0
MB-5514,0.09467704318869587,0.2646768022838365,0.0,0.6406461545274675
MB-5302,0.11629331880996821,0.3559404518251482,0.2714193016847629,0.2563469276801206
MB-5510,0.20792354260463716,0.2259089425809135,0.0,0.5661675148144493
MB-5473,0.36840498821195705,0.19777877490583487,0.0,0.4338162368822081
MB-5484,0.2658415476048639,0.5036281671044834,0.0,0.23053028529065273
MB-5432,0.16006153597923614,0.22052529832565282,0.11557094871832468,0.5038422169767864
MB-5525,0.11880703885851232,0.2529952874205011,0.07773153218203041,0.5504661415389561
MB-5562,0.17087679361520203,0.1987836063574754,0.0,0.6303396000273226
MB-5497,0.09184132042859573,0.1047446620830722,0.11384779356261542,0.6895662239257166
MB-5551,0.12806016592398325,0.09971211051693699,0.6635803644923111,0.10864735906676877
MB-5300,0.4356734882215775,0.12384776879905167,0.0,0.4404787429793708
MB-5560,0.09423854018666848,0.025403064770203827,0.8006565581711308,0.0797018368719969
MB-5550,0.13817311078852137,0.28452780487501583,0.0,0.5772990843364628
MB-5520,0.2824509559597387,0.03785464557010914,0.3526108517908487,0.32708354667930334
MB-5529,0.06801608214403036,0.11139807296302895,0.8184105982028691,0.0021752466900716114
MB-5554,0.41420305428067034,0.10103638675910567,0.10651588558399294,0.3782446733762311
MB-5301,0.3979670575418648,0.2194353075829535,0.22799478752108138,0.15460284735410035
MB-4421,0.0,0.6120509607349868,0.0,0.38794903926501334
MB-4408,0.0,0.5414858914297739,0.458514108570226,0.0
MB-4146,0.0,0.599082377305852,0.4009176226941481,0.0
MB-5534,0.5623565084088331,0.043664348501507334,0.3285400227036011,0.06543912038605834
MB-5521,0.4023270852486121,0.11038461702132885,0.40697026069709974,0.08031803703295928
MB-5482,0.2932957096284177,0.14540771117343795,0.5612965791981444,0.0
MB-5483,0.2794638172123818,0.04222079641683178,0.38594045636616564,0.2923749300046209
MB-5532,0.09286443016998555,0.39533689887275725,0.04740130239860224,0.46439736855865493
MB-5556,0.02795635227634038,0.11236167972149382,0.23202463712441404,0.6276573308777518
MB-5518,0.07836653401561854,0.27406002838359944,0.3007849062505703,0.3467885313502118
MB-5486,0.21490379414477673,0.18204371872437028,0.0735247955586904,0.5295276915721626
MB-5511,0.2124462577750645,0.1202942865277464,0.3839081241786654,0.2833513315185237
MB-5422,0.2827722489728687,0.4054053934723987,0.0,0.31182235755473264
MB-5535,0.27815369094627324,0.2835304496381168,0.43831585941561,0.0
MB-5477,0.12234278531039693,0.141496959187612,0.0817520147576501,0.654408240744341
MB-5472,0.2858494608785172,0.16876767042106222,0.0,0.5453828687004206
MB-5540,0.07731764180880496,0.11150990874287633,0.42782695844249485,0.38334549100582394
MB-5184,0.7351018477639131,0.12015258967405992,0.0,0.1447455625620269
MB-5294,0.10234366663988381,0.1326516028663844,0.6983927069008993,0.06661202359283253
MB-5565,0.17362065373743227,0.0,0.8263793462625677,0.0
MB-5040,0.07567884399221267,0.2108982904709652,0.30352526646558137,0.4098975990712406
MB-4801,0.18899090728379728,0.21378243799342717,0.0,0.5972266547227754
MB-5499,0.538729161205503,0.16881959023915233,0.0,0.29245124855534466
MB-5459,0.07748570272229027,0.2249666309897601,0.118050399973833,0.5794972663141167
MB-5243,0.2397984585644225,0.19985901431530673,0.15983691893489693,0.4005056081853739
MB-4120,0.05793899230237672,0.3863831281860561,0.0,0.5556778795115672
MB-4966,0.5409694881494866,0.18461967353597594,0.0,0.27441083831453744
MB-5457,0.48771065381804096,0.10823604245580482,0.06468125822092372,0.3393720455052305
MB-4011,0.11260308158500536,0.2811317127813683,0.14808455908275156,0.4581806465508747
MB-5478,0.43140383106299274,0.10328656682650257,0.19265886048473985,0.2726507416257648
MB-4822,0.4675393098325774,0.19263862622889294,0.0,0.3398220639385297
MB-4017,0.0,0.1832990022413863,0.04851464750071793,0.7681863502578958
MB-5018,0.15354776513353366,0.1363778965974192,0.0730027045550151,0.637071633714032
MB-4791,0.24790909633280092,0.15082624123307004,0.30347533261027543,0.2977893298238536
MB-5118,0.38972858605682675,0.19491870800012767,0.0,0.41535270594304574
MB-4806,0.4147877330213803,0.14248828528698115,0.0,0.4427239816916385
MB-4970,0.0014839362041301344,0.12286735917050723,0.10651386317098765,0.7691348414543749
MB-2964,0.31996736862875874,0.07412221045619465,0.2503327941753648,0.3555776267396819
MB-2963,0.7313030576719162,0.015330250165249592,0.21436359148205783,0.03900310068077628
MB-2957,0.17001987475226132,0.0,0.8272374987571673,0.002742626490571366
MB-2954,0.17676058800476585,0.02582939483808137,0.01966170750858709,0.7777483096485657
MB-2916,0.6202692594151106,0.0,0.002031813980950545,0.37769892660393883
MB-2725,0.6810540315544285,0.10044459243506139,0.0,0.2185013760105102
MB-2711,0.42378308803276415,0.010747574869707666,0.0,0.5654693370975282
MB-2730,0.05072419145739518,0.0,0.27588120819008577,0.6733946003525191
MB-2669,0.4701425357954599,0.0825114387406306,0.08785866029211549,0.3594873651717939
MB-2705,0.208805866483475,0.16978068574347058,0.0,0.6214134477730545
MB-2728,0.2715113624605674,0.0,0.27665013600100474,0.45183850153842786
MB-2708,0.4819027627640735,0.0,0.14223598559153436,0.37586125164439205
MB-2735,0.28837861866112663,0.0896457862611282,0.2252112197791347,0.39676437529861047
MB-3035,0.4544783453333601,0.1720833866053112,0.0,0.3734382680613287
MB-3064,0.6762711683019903,0.128715835761625,0.024582261271199522,0.17043073466518524
MB-3060,0.2146118378106515,0.02618471649253851,0.1060898862857393,0.6531135594110707
MB-3049,0.6019955484923876,0.10118746895572854,0.008521483110317522,0.28829549944156635
MB-3037,0.4908874072693345,0.05497185157847462,0.0,0.45414074115219094
MB-3063,0.09025285581700317,0.0,0.8036307688106745,0.10611637537232241
MB-3083,0.0,0.21303264369322386,0.1619388584626311,0.625028497844145
MB-3046,0.31323617512578866,0.14537957037335,0.5413842545008614,0.0
MB-3067,0.11660201293301252,0.0,0.8833979870669875,0.0
MB-3351,0.34285154318068284,0.0,0.0,0.6571484568193171
MB-3367,0.14606289582672333,0.0,0.8539371041732767,0.0
MB-3361,0.19526607701949125,0.003639203683624974,0.26504718332353644,0.5360475359733473
MB-3412,0.4619672954094994,0.03418215475335699,0.0,0.5038505498371435
MB-3371,0.253294359678949,0.055519301369983835,0.07833300568724871,0.6128533332638185
MB-3429,0.8078999414723907,0.07769145219669181,0.0,0.11440860633091751
MB-3360,0.19887826124941363,0.08007139726985964,0.2582762051307873,0.4627741363499394
MB-3403,0.44625114961604934,0.0,0.02162164319638173,0.5321272071875689
MB-3350,0.03170814725273145,0.13992857118518612,0.0,0.8283632815620825
MB-3355,0.24063925856052346,0.058595161212682094,0.5639597427387736,0.13680583748802091
MB-3329,0.2952505719924942,0.0,0.45409361985877206,0.2506558081487337
MB-3467,0.43061122830581655,0.0,0.39381361470819753,0.1755751569859859
MB-3341,0.3877945573815016,0.1356499880170932,0.0,0.47655545460140514
MB-3298,0.5595221883585061,0.10229400960652102,0.0,0.33818380203497284
MB-3357,0.0,0.10762502600982086,0.2880446382609379,0.6043303357292412
MB-3388,0.04329717805165946,0.08113986693163307,0.35704892801082055,0.518514027005887
MB-3365,0.2735093802597486,0.03449686003906831,0.0,0.691993759701183
MB-2749,0.7134917771150593,0.0,0.0,0.2865082228849407
MB-2754,0.5355350375015567,0.0,0.2028417775773237,0.2616231849211196
MB-2752,0.39707968428220064,0.1333731461979952,0.006680355184522028,0.46286681433528215
MB-2745,0.26525796028896326,0.1147475965464152,0.01949785617619008,0.6004965869884316
MB-2747,0.35754873247716673,0.015915239753576192,0.0,0.626536027769257
MB-2760,0.43242610938178383,0.048373012270289194,0.0,0.519200878347927
MB-2742,0.0912795237091952,0.0,0.7692158694986306,0.1395046067921741
MB-2750,0.5136186719772553,0.051259396960795046,0.0,0.43512193106194974
MB-2753,0.03957941337702548,0.0,0.8085572459374714,0.15186334068550314
MB-2966,0.324835597226018,0.0,0.11999451505544426,0.5551698877185378
MB-2953,0.3428802352003147,0.02014144753225945,0.3506640006746811,0.28631431659274464
MB-2969,0.5344629462633832,0.06279309207396627,0.10778992212275702,0.2949540395398936
MB-3014,0.0,0.028535973818200944,0.899849243677067,0.07161478250473215
MB-2947,0.5222089268970989,0.0699951944002677,0.0,0.40779587870263345
MB-2951,0.3823952213842873,0.0,0.16633108150159792,0.45127369711411475
MB-2960,0.3654083271168224,0.09306672405719763,0.0,0.5415249488259799
MB-2970,0.6341245924334298,0.048817338336919563,0.10467537101423,0.2123826982154207
MB-2971,0.5294687252414082,0.11345153073403591,0.0,0.35707974402455595
MB-2933,0.4826876207382043,0.10728924209331635,0.0,0.41002313716847927
MB-3479,0.8469124617193141,0.07512164416528418,0.07796589411540161,0.0
MB-3490,0.19998699777423026,0.27679701935514267,0.14337548926592686,0.37984049360470024
MB-3487,0.0,0.09949689654271689,0.2628674550034394,0.6376356484538437
MB-3459,0.49139658919286977,0.10668273816249146,0.23694109515463385,0.16497957749000497
MB-3476,0.05810294534354914,0.1965652072379036,0.7453318474185472,0.0
MB-3492,0.23138285137595238,0.2003081886791852,0.18126535754520234,0.38704360239965996
MB-3452,0.4968601755421365,0.04127924443712418,0.29874814236534686,0.16311243765539238
MB-3303,0.3235311625879866,0.0,0.21850389086695948,0.4579649465450539
MB-3328,0.4019630959670404,0.016818590159336885,0.0638365114875926,0.5173818023860302
MB-3300,0.13731850777109558,0.07767691077184226,0.14783971709818827,0.6371648643588739
MB-3277,0.04908684433893621,0.03387843152820979,0.8641531808096612,0.052881543323192795
MB-3254,0.5236966487533138,0.12484013334466866,0.0,0.35146321790201757
MB-3275,0.35447098608220273,0.01615901999814613,0.27087731706902507,0.35849267685062614
MB-3272,0.14430520342847494,0.015921006862957335,0.33035496130640957,0.5094188284021582
MB-3271,0.09954994104359978,0.0,0.8826779038924257,0.017772155063974525
MB-3292,0.25356861443771156,0.0,0.7464313855622884,0.0
MB-3840,0.025637603607503792,0.12993338213455422,0.050369725184523595,0.7940592890734184
MB-2536,0.6474312713616786,0.11471346355559221,0.0,0.23785526508272917
MB-2564,0.5341119697378127,0.14089307391081188,0.0,0.32499495635137543
MB-2513,0.44538826246312746,0.09437259583762359,0.28864286314973575,0.1715962785495132
MB-2617,0.390915320393535,0.0,0.1984123090252238,0.4106723705812411
MB-2614,0.4460776106183017,0.01058747850752797,0.036387346917899174,0.5069475639562712
MB-2632,0.0,0.0,0.6823214223493663,0.3176785776506338
MB-2556,0.7057493879805272,0.11351865748318438,0.18073195453628838,0.0
MB-2624,0.6438279562908907,0.08038291447816703,0.0,0.27578912923094223
MB-2867,0.6319875727608701,0.048473238480777336,0.0,0.31953918875835247
MB-2922,0.11139383532329844,0.15349483860734886,0.5342550418734249,0.20085628419592785
MB-2917,0.009616677801077365,0.0,0.866147975749804,0.1242353464491186
MB-2858,0.09633313275883487,0.05526740495708498,0.27189070522581765,0.5765087570582625
MB-2854,0.23236755624798594,0.2700951259213486,0.0,0.49753731783066546
MB-2853,0.22702005452487417,0.16440986030677987,0.0,0.6085700851683461
MB-3235,0.19293238692976847,0.08542652941830499,0.44005309493257366,0.281587988719353
MB-3165,0.0,0.08689547762683504,0.5814199796475237,0.3316845427256413
MB-3171,0.3897209935113505,0.10471824154022612,0.0,0.5055607649484235
MB-3167,0.0,0.4880986464224944,0.021449435386361584,0.49045191819114414
MB-3222,0.5760834935859441,0.0,0.0,0.4239165064140558
MB-3706,0.12463278129636216,0.0,0.832729667081073,0.04263755162256495
MB-3497,0.2543305720250945,0.06838359767020778,0.464554648016121,0.21273118228857674
MB-3488,0.09868512128456747,0.18089928265703312,0.4357038147627524,0.284711781295647
MB-3711,0.41639704437792346,0.0974807013110079,0.08937074772687657,0.3967515065841921
MB-3548,0.24763449794789402,0.2121909027863557,0.07725263048813866,0.46292196877761166
MB-3506,0.10524432892794126,0.11824251429475206,0.280566532923095,0.4959466238542116
MB-3525,0.0,0.10813920000157892,0.31622386737299113,0.5756369326254298
MB-3606,0.1759565162171262,0.20899891538944054,0.6150445683934332,0.0
MB-3453,0.24054012531153415,0.08609219683751006,0.5362442024457159,0.1371234754052399
MB-3545,0.6051827563015978,0.11648839201206414,0.02860065607246669,0.24972819561387138
MB-3470,0.2608369035087466,0.08323633522335451,0.44351054861307493,0.212416212654824
MB-2765,0.5136126463429062,0.010819027084390465,0.104778461021292,0.3707898655514114
MB-2763,0.23745787134308124,0.0678252352000467,0.05804586639184876,0.6366710270650233
MB-2767,0.32407713534640553,0.0,0.2593952462663786,0.41652761838721586
MB-2790,0.3324951092394617,0.01462148979762033,0.0005112981981378339,0.65237210276478
MB-2769,0.4538723741216256,0.031320449124345735,0.0,0.5148071767540288
MB-2842,0.06895370262068923,0.0,0.7741299194549733,0.15691637792433746
MB-2772,0.4601654408823592,0.0,0.20428690490083637,0.3355476542168044
MB-2779,0.1388297776638865,0.06606653387379216,0.21682290768041412,0.5782807807819073
MB-2774,0.4731727446312313,0.0,0.08244346286759736,0.4443837925011713
MB-2983,0.13382220940905348,0.10408993291578986,0.22642709639591324,0.5356607612792433
MB-3005,0.3947249119687211,0.11660046469844094,0.11230977541355382,0.37636484791928415
MB-2977,0.5693748338276208,0.0,0.0,0.4306251661723791
MB-2996,0.3219442002368049,0.0898871339654642,0.0,0.5881686657977309
MB-2999,0.1414430285282231,0.31170551048181777,0.10629462661710531,0.440556834372854
MB-2994,0.5384633617883228,0.15647817268206565,0.10298193352915953,0.20207653200045206
MB-3025,0.01250337894980011,0.26659884813369455,0.46451744944879,0.25638032346771533
MB-2984,0.12494095973664518,0.0729029414376849,0.37740884770067523,0.4247472511249948
MB-3002,0.43773325260960944,0.0,0.09769648710074738,0.46457026028964316
MB-2845,0.8506491899477963,0.09206795528722846,0.004334271212531152,0.052948583552444105
MB-2912,0.14501595258277156,0.06092405626773616,0.7940599911494922,0.0
MB-2844,0.043074790924997323,0.015015297430999787,0.558261934197198,0.3836479774468049
MB-2847,0.03308959547379745,0.33525099315161827,0.4080512127100856,0.22360819866449877
MB-2849,0.21845297302935954,0.16384884028525276,0.6176981866853878,0.0
MB-2851,0.5081329920075057,0.1856625302866105,0.05805488977150198,0.24814958793438183
MB-2848,0.504458416529028,0.21200416480465245,0.039882936875484803,0.2436544817908348
MB-2863,0.3868676624527662,0.21668941481840162,0.0,0.39644292272883225
MB-2840,0.5147647950635957,0.2799238887620785,0.0,0.20531131617432571
MB-2843,0.5345378978926179,0.057448013362047176,0.17611006789499933,0.23190402085033573
MB-3013,0.6428863719869042,0.0,0.009872425073991374,0.3472412029391045
MB-3058,0.4018953092039524,0.07056814433265622,0.5275365464633914,0.0
MB-3016,0.2049953829842982,0.051720690860030026,0.2530237099617559,0.49026021619391585
MB-3057,0.0,0.00787221916135052,0.9672228346423548,0.02490494619629474
MB-3008,0.5480188744076515,0.05941078776267282,0.0,0.3925703378296757
MB-3021,0.31025210556436844,0.15791825580486893,0.14650675021056128,0.38532288842020135
MB-3032,0.6146116502751787,0.03481381164772735,0.004425288658332169,0.3461492494187617
MB-3007,0.2220839861730585,0.13968476673252664,0.10573545144822141,0.5324957956461934
MB-3033,0.5528099361448297,0.011415946734808644,0.0,0.43577411712036174
MB-3026,0.302514922597607,0.09154616943624078,0.03758846746282703,0.5683504405033252
MB-3006,0.8323149171942589,0.021251739350519647,0.14643334345522152,0.0
MB-3439,0.4803702272169273,0.049007901661670995,0.004711331149658016,0.4659105399717437
MB-3437,0.06136076351680309,0.11797806988569984,0.01646233838296671,0.8041988282145304
MB-3395,0.44766124126083057,0.0,0.5523387587391695,0.0
MB-3386,0.11758949041652049,0.02455793153247105,0.5966138894464331,0.2612386886045754
MB-3382,0.328852818206471,0.0,0.2545722168406472,0.41657496495288177
MB-3379,0.43427054798622566,0.06554430359618911,0.0,0.5001851484175851
MB-3430,0.3239857226958904,0.13982105700579817,0.07662216620186421,0.45957105409644716
MB-3389,0.0,0.1580919371455814,0.3250758610332312,0.5168322018211874
MB-3378,0.680555114292716,0.025415623589974266,0.0,0.29402926211730973
MB-3110,0.3826681738423113,0.33436578232197456,0.07653532283498657,0.2064307210007277
MB-3079,0.3704574073828709,0.14747171117816563,0.0,0.48207088143896354
MB-3103,0.26511682336773573,0.12453465984274954,0.23071391812676706,0.3796345986627477
MB-3102,0.15532708247998595,0.1306734261321128,0.1437122876168974,0.570287203771004
MB-3085,0.6729675853395604,0.058559835751166196,0.08259709116067518,0.1858754877485982
MB-3122,0.03921137601262497,0.014632150920607647,0.5491819537833319,0.3969745192834355
MB-3104,0.16790384334106884,0.31386954762009706,0.014097474439423217,0.5041291345994109
MB-3123,0.0037425787218262293,0.024522226600629964,0.8479569709290006,0.12377822374854316
MB-3121,0.36446810185381945,0.0,0.0,0.6355318981461805
MB-2835,0.4185848750755039,0.11743108268954977,0.0,0.4639840422349464
MB-2838,0.4922322253179303,0.1023712585813696,0.09091563703344036,0.3144808790672597
MB-2801,0.23735832581415905,0.12186326184545221,0.1553694835066264,0.4854089288337622
MB-2834,0.20923208696214102,0.09791211595405641,0.6012930703317059,0.09156272675209667
MB-2796,0.49552217803921017,0.11938000267058464,0.16124428149205464,0.2238535377981506
MB-2857,0.3624578683835217,0.0,0.6375421316164782,0.0
MB-2819,0.35230493606810404,0.08344705064421468,0.0,0.5642480132876813
MB-2781,0.1776547220122091,0.05909579977022077,0.23473440562157613,0.528515072595994
MB-2793,0.15258597599019913,0.07573551173965362,0.017630966080694418,0.7540475461894529
MB-2827,0.125940701166834,0.06431670826597649,0.8097425905671894,0.0
MB-2814,0.34633410555235494,0.08961401421683567,0.0,0.5640518802308093
MB-2791,0.44527799998863576,0.0798354601815962,0.0,0.4748865398297681
MB-2803,0.24666452954090975,0.055750486811870725,0.08087157191796392,0.6167134117292556
MB-2797,0.3472819657834709,0.019472900136645287,0.009494044976614519,0.6237510891032693
MB-2795,0.4600591537462866,0.0,0.2635278710109068,0.27641297524280656
MB-2786,0.3999640478420275,0.0,0.11872172651618568,0.48131422564178683
MB-3850,0.6917393918427069,0.0,0.0,0.30826060815729306
MB-3556,0.1892231898829126,0.0,0.5617204721471031,0.2490563379699843
MB-3838,0.07767966750826111,0.0076951059710233275,0.0,0.9146252265207157
MB-3707,0.7661743539425855,0.0,0.17073596805238594,0.06308967800502853
MB-3600,0.0,0.0,0.37987958874207545,0.6201204112579246
MB-3824,0.04521681709592058,0.03626657443612204,0.2534888415973392,0.6650277668706183
MB-3823,0.5426710623402498,0.0,0.09873515553259408,0.3585937821271561
MB-3781,0.30316592451825614,0.011962359081493233,0.0,0.6848717164002506
MB-2642,0.14616771691828007,0.0,0.28113372351989185,0.5726985595618281
MB-2686,0.19865942581020007,0.0,0.48935420537655483,0.3119863688132452
MB-2616,0.7222575090038044,0.0,0.09568326568863772,0.182059225307558
MB-2634,0.0,0.0,0.15478925321890064,0.8452107467810994
MB-2613,0.07073681681781002,0.0,0.4271430500907605,0.5021201330914294
MB-3842,0.3063585278421358,0.0,0.3380950721318899,0.35554640002597426
MB-3866,0.20513214245343894,0.0,0.5619056853632777,0.2329621721832835
MB-3874,0.5146033747161217,0.08614025275988396,0.03126862529598627,0.3679877472280081
MB-3871,0.5622934435606641,0.024657224305215067,0.0,0.41304933213412093
MB-3702,0.4181126328209926,0.10650516550031028,0.47538220167869716,0.0
MB-3105,0.35587235891850294,0.12587951658344787,0.0,0.5182481244980492
MB-3852,0.33158792943258186,0.03904985869778282,0.3279083396871422,0.301453872182493
MB-3854,0.6009530213833579,0.2417656478305657,0.0,0.15728133078607637
MB-3865,0.8253205105597913,0.0,0.0,0.1746794894402088
MB-3228,0.5652723841773146,0.13997365279293894,0.0,0.2947539630297465
MB-3028,0.39864134211889996,0.10188001676396069,0.34982282503813655,0.14965581607900275
MB-3502,0.20630183859254844,0.0,0.7622748895008654,0.03142327190658615
MB-3567,0.3169244416481302,0.07112290584827552,0.6119526525035943,0.0
MB-3752,0.29594927799325704,0.0,0.7040507220067429,0.0
MB-3450,0.26305274271523654,0.07979917893834144,0.0,0.6571480783464221
MB-0444,0.48510650681737627,0.1715266150287127,0.0,0.3433668781539109
MB-0476,0.7599272208906486,0.0,0.2400727791093515,0.0
MB-0610,0.6361483920761992,0.043434281109305035,0.19599107314958084,0.12442625366491489
MB-0451,0.4709531659038156,0.1439633160943213,0.0965352347388407,0.2885482832630224
MB-0133,0.5321135794115633,0.20583126740375557,0.0,0.26205515318468114
MB-0005,0.3703680150605737,0.0,0.09149963649953424,0.5381323484398921
MB-0048,0.49248127071452796,0.0,0.22859323236341236,0.2789254969220597
MB-0083,0.3049723094292275,0.0,0.0,0.6950276905707725
MB-0053,0.11136818093836162,0.0,0.12534891735786227,0.7632829017037761
MB-0056,0.021124546877630972,0.0,0.1120704564654556,0.8668049966569135
MB-0068,0.35085816755612675,0.0,0.021872098761240515,0.6272697336826328
MB-0093,0.2904719996886681,0.0,0.22447785492688935,0.4850501453844424
MB-0079,0.0906571829262181,0.0,0.4547018134865727,0.4546410035872091
MB-0108,0.25585826799125033,0.0,0.3960139340079713,0.3481277980007784
MB-0006,0.23932009325413015,0.0,0.21774910512880116,0.5429308016170687
MB-0014,0.34115656963746843,0.0,0.0,0.6588434303625316
MB-0022,0.5096816930511695,0.0,0.1429947451027093,0.34732356184612123
MB-0039,0.0,0.0,7.338348098021926e-05,0.9999266165190197
MB-0062,0.0,0.0,0.742054744151781,0.257945255848219
MB-0054,0.1604079017291512,0.0,0.3584591938430335,0.48113290442781537
MB-0081,0.4007593659421682,0.0,0.24860957862643995,0.35063105543139184
MB-0071,0.17782496778868734,0.0,0.2133823879130889,0.6087926442982238
MB-0099,0.4696894500148644,0.0,0.04841097023024415,0.4818995797548915
MB-0064,0.06703756867461695,0.0,0.054280360834138695,0.8786820704912445
MB-0107,0.0,0.0,0.24448811985477795,0.7555118801452221
MB-4681,0.3960224348587245,0.37401430876415853,0.0,0.22996325637711693
MB-4626,0.0,0.7014243878877434,0.10722293445651068,0.1913526776557459
MB-4639,0.0,0.30548951072678704,0.11741494862224712,0.5770955406509659
MB-4673,0.11274988948235179,0.25436740188846513,0.24103779605256626,0.3918449125766168
MB-4711,0.33015933665230784,0.19508446016268263,0.4747562031850095,0.0
MB-4607,0.2422443890831905,0.5358554141356915,0.0,0.221900196781118
MB-4669,0.0,0.526043064842444,0.15630948589173943,0.3176474492658165
MB-4015,0.1343716502030917,0.12310497438735205,0.5048489114979389,0.23767446391161748
MB-2931,0.4776076067753319,0.0,0.027006098390825115,0.4953862948338429
MB-2927,0.287472017524491,0.0,0.11171919750184171,0.6008087849736672
MB-2919,0.3640118035693712,0.05728142627505642,0.04267526056011236,0.53603150959546
MB-2944,0.4770024245995587,0.015001033096171096,0.0,0.5079965423042703
MB-2929,0.38113157940374315,0.0,0.3617980119717586,0.2570704086244984
MB-2932,0.0,0.13424845242216563,0.06350159592497863,0.8022499516528557
MB-2724,0.3989487883069936,0.0487525376535218,0.5522986740394845,0.0
MB-2712,0.4389269008888869,0.09742222603432772,0.0,0.4636508730767853
MB-3062,0.39475900886561716,0.0,0.6052409911343829,0.0
MB-3050,0.0998171276025284,0.2475217705649668,0.15425699745687704,0.4984041043756278
MB-4722,0.12987607368535564,0.2667366518351379,0.0,0.6033872744795064
MB-4731,0.0,0.15935884889955607,0.5628668563998072,0.27777429470063675
MB-4725,0.3545244267624053,0.07484678984054716,0.2937711813457363,0.27685760205131105
MB-4707,0.0,0.028705885001796556,0.8461213039039146,0.12517281109428882
MB-4643,0.003930205080969272,0.41550768485488926,0.5021800385058174,0.07838207155832413
MB-3363,0.0,0.07105853131687155,0.6176304633794305,0.311311005303698
MB-3383,0.22753548583151345,0.051562193518693795,0.6697512346176208,0.05115108603217199
MB-3344,0.46720629020030546,0.06337894204564853,0.0,0.469414767754046
MB-3381,0.6053237636425117,0.0027768249012897297,0.08388430896305145,0.3080151024931471
MB-3297,0.058593238735668324,0.0,0.8011729653648154,0.14023379589951626
MB-3301,0.496805102304063,0.0,0.0691747841117895,0.43402011358414755
MB-3088,0.12139665896047808,0.3893444081641496,0.0,0.4892589328753724
MB-2764,0.9352889502779917,0.01911849531398275,0.04559255440802551,0.0
MB-2744,0.6757502429183682,0.035213405151406654,0.0035227183093008733,0.28551363362092436
MB-7114,0.0,0.0,0.9823030655582468,0.017696934441753236
MB-7118,0.3058055358262864,0.19505014743518123,0.0,0.4991443167385324
MB-7113,0.501241267801833,0.1587917795403953,0.004274353516390655,0.3356925991413811
MB-7130,0.0,0.30026021665016556,0.17088938342491655,0.528850399924918
MB-7149,0.02133483003005036,0.11003258633850158,0.41823608341511337,0.45039650021633465
MB-7140,0.1743993197839344,0.2844654956997474,0.0008678436168497754,0.5402673408994684
MB-7148,0.1372852960272239,0.1981941825170312,0.00647109508812977,0.6580494263676151
MB-7208,0.0,0.26580836593560514,0.6593484299835579,0.07484320408083692
MB-7170,0.17682666769609892,0.48388515612373356,0.10969023463692608,0.22959794154324145
MB-7174,0.13373373374330225,0.20808441615243647,0.3814078044872865,0.2767740456169748
MB-7252,0.22527132885570306,0.18116474098097438,0.5935639301633227,0.0
MB-7244,0.488216954158051,0.19445301981358856,0.07087096174270005,0.2464590642856604
MB-7187,0.42793708746205084,0.294058811290429,0.2780041012475201,0.0
MB-7251,0.19331446366653,0.2593942936743182,0.504534864146555,0.042756378512596775
MB-7173,0.3413400081973873,0.2142576166258261,0.03970281273816002,0.40469956243862665
MB-3001,0.0,0.019400084523642835,0.9186729502974778,0.06192696517887949
MB-2952,0.2917988924059249,0.17803767701517126,0.0,0.5301634305789039
MB-7097,0.14142291053890274,0.32256266987380533,0.044632508819258475,0.49138191076803345
MB-7104,0.2890428815232741,0.07206157541619417,0.5798271717707452,0.05906837128978664
MB-7099,0.15009479611703605,0.09194566744437158,0.0,0.7579595364385925
MB-7069,0.30201637548612736,0.0979408128848581,0.4850770059039672,0.11496580572504732
MB-7066,0.26637047725670154,0.18111316277870632,0.24676124998014123,0.30575510998445093
MB-7100,0.0,0.2739679462428918,0.0,0.7260320537571081
MB-7067,0.2510006973863407,0.0748971885537691,0.5611538920372976,0.11294822202259265
MB-7073,0.09230965525063568,0.17055894728065174,0.6225877031289385,0.11454369433977407
MB-7063,0.4574553634800401,0.10593465649816801,0.009312781346993176,0.42729719867479865
MB-7102,0.04130290000887151,0.14051301074826034,0.027922857762309673,0.7902612314805585
MB-7068,0.07589066025057131,0.0,0.6217888221268154,0.3023205176226134
MB-7075,0.0,0.20703095001139077,0.052836208532050746,0.7401328414565584
MB-7053,0.28733343527377325,0.1362133916587602,0.038329426889008894,0.5381237461784575
MB-7074,0.5871609174757129,0.1654888258410961,0.0,0.24735025668319094
MB-7057,0.47502706497270186,0.15190552640498903,0.09944985449679708,0.2736175541255121
MB-7109,0.032476906803086555,0.1741524452542518,0.08958800674929328,0.7037826411933682
MB-7051,0.15937354309631474,0.2093710772970353,0.2029950763049109,0.4282603033017391
MB-7071,0.36288138392597225,0.004980038722500319,0.4131016105012456,0.21903696685028184
MB-7106,0.5575110857726823,0.20915999636083438,0.0,0.23332891786648335
MB-7059,0.11698501542871864,0.12255747966429337,0.40789757866299525,0.3525599262439927
MB-7107,0.03466886543241374,0.28899748748134885,0.041154145774915905,0.6351795013113215
MB-7076,0.1456800834953805,0.1687696060119045,0.0,0.685550310492715
MB-7111,0.24213838802347984,0.1599797607505851,0.5047731264874213,0.09310872473851368
MB-7015,0.07918702464794672,0.10623265045741928,0.16292879906523464,0.6516515258293993
MB-7026,0.515301859715902,0.040219804402665954,0.00662286752832029,0.43785546835311184
MB-7013,0.12331781851325278,0.3359420092631746,0.0,0.5407401722235726
MB-7023,0.16338432217325727,0.0,0.8254980495625558,0.011117628264186821
MB-7024,0.01436433069927745,0.016409420213553818,0.4541415364635789,0.5150847126235899
MB-7014,0.35681827224471885,0.0,0.2875111591629725,0.3556705685923087
MB-7017,0.23556414261287498,0.0,0.764435857387125,0.0
MB-7019,0.5393809657133302,0.0,0.0,0.4606190342866698
MB-3510,0.2507076814627128,0.25989530238868436,0.0,0.4893970161486028
MB-3500,0.0,0.0,0.943208796011981,0.05679120398801899
MB-3396,0.37682604889407323,0.08889130243922085,0.4572918458887086,0.07699080277799732
MB-3435,0.09216104473861227,0.0908539174001912,0.42342437447696296,0.39356066338423346
MB-7186,0.023524234567187708,0.23722743754069717,0.11753587544422622,0.621712452447889
MB-7142,0.20423896088625162,0.3382424127836464,0.0,0.4575186263301019
MB-7196,0.05890346189349609,0.20115652253227917,0.4039300371015685,0.3360099784726562
MB-7171,0.0601679247299471,0.2682357469434932,0.10135226828771653,0.5702440600388431
MB-7145,0.0,0.08567027691567702,0.832329566635678,0.08200015644864476
MB-7132,0.22483455255840953,0.14657373829923165,0.0,0.6285917091423587
MB-7189,0.06080660187354003,0.15555620917367904,0.22070410694222525,0.5629330820105556
MB-7137,0.3589611563613014,0.10532463094466857,0.0,0.5357142126940301
MB-7181,0.0,0.2938067525610023,0.057988844827561885,0.6482044026114356
MB-7155,0.0,0.0,0.868377846053833,0.13162215394616694
MB-7138,0.0,0.15759811912800797,0.0,0.842401880871992
MB-3295,0.5787408455112123,0.08439527670607297,0.026517647238685348,0.3103462305440293
MB-3218,0.16824596640575934,0.0,0.8223073917085569,0.009446641885683772
MB-7232,0.08544765569307572,0.2338576771914528,0.0,0.6806946671154714
MB-7281,0.31062787079691834,0.1827237646491031,0.4720455077025782,0.034602856851400306
MB-7270,0.024085877611729367,0.2298327252405638,0.6306813728228082,0.11540002432489858
MB-7231,0.11766863040830645,0.24550654890597812,0.0,0.6368248206857154
MB-7220,0.33651173166401804,0.2275238351811568,0.0,0.43596443315482525
MB-7277,0.3199455753430778,0.14906738650091905,0.0,0.530987038156003
MB-7269,0.0,0.16672105404624504,0.833278945953755,0.0
MB-7280,0.3214559674369891,0.12810303392609798,0.014062151481677748,0.5363788471552351
MB-7227,0.32950155182834573,0.20001961041841873,0.1072715404906,0.3632072972626357
MB-7278,0.37116679795452345,0.23961520462456387,0.0,0.3892179974209126
MB-2610,0.5079677270676132,0.0,0.0,0.4920322729323869
MB-2517,0.28835860983455897,0.08274342980937809,0.47950994222896554,0.1493880181270974
MB-2896,0.6217328424657488,0.0,0.11473457083855329,0.2635325866956979
MB-2901,0.0,0.17823988013801867,0.0,0.8217601198619814
MB-2895,0.4192614720969117,0.06672006853027274,0.5140184593728157,0.0
MB-2900,0.7803500161274008,0.21482128821184066,0.004828695660758478,0.0
MB-2939,0.3285695170548483,0.0,0.23554943569458334,0.43588104725056837
MB-7008,0.6611437090481803,0.0,0.2497556878884294,0.08910060306339038
MB-7002,0.5309635560507783,0.18395788017131107,0.013790778188046436,0.2712877855898642
MB-7000,0.0,0.3699122804603195,0.0972134325760677,0.5328742869636129
MB-7006,0.5452735274615891,0.02376950107296641,0.0,0.4309569714654444
MB-7007,0.0,0.0,0.8434025454648775,0.1565974545351225
MB-7011,0.024995750874597322,0.0,0.26988645891518803,0.7051177902102145
MB-7001,0.4531514675730307,0.0,0.07772914268286975,0.46911938974409967
MB-7009,0.1845030091647684,0.0,0.7161099779390371,0.09938701289619449
MB-7003,0.6663320035430891,0.01902112276928415,0.05818961132217112,0.2564572623654557
MB-7005,0.4894368739284535,0.0,0.013237639914605054,0.4973254861569415
MB-7010,0.2904644824171322,0.14502313129791172,0.0,0.564512386284956
MB-3153,0.0,0.4051652761287788,0.5948347238712212,0.0
MB-3211,0.06234006840484977,0.036785442030383725,0.8287693568335475,0.07210513273121914
MB-3181,0.10782660301643841,0.13730172432423934,0.22300060548794606,0.5318710671713762
MB-3252,0.661349506244223,0.09981040842164166,0.0,0.23884008533413542
MB-3266,0.40229915574130015,0.04072211691670372,0.18671867605145162,0.37026005129054446
MB-7082,0.009738677857149169,0.33317924193813087,0.45971203839651337,0.19737004180820636
MB-7081,0.17114983818311133,0.0,0.8288501618168886,0.0
MB-7093,0.5252316487657057,0.14593742252603265,0.0,0.32883092870826164
MB-7083,0.08495020451750163,0.1713996069403011,0.27207506074385185,0.4715751277983454
MB-7091,0.4122316523872602,0.1604963631484339,0.0,0.4272719844643059
MB-7065,0.11383902963208048,0.20200491038723636,0.004443991605157554,0.6797120683755257
MB-7085,0.39513797501817194,0.21962718673466422,0.0,0.3852348382471638
MB-7096,0.4647210061153544,0.24801580542107446,0.0,0.28726318846357113
MB-7018,0.49026506386656665,0.04126513578571131,0.16560556658321973,0.30286423376450217
MB-7088,0.12855923712064576,0.20324459989497534,0.5406968019591475,0.1274993610252313
MB-7055,0.0,0.32347847301982874,0.5866601298103005,0.08986139716987077
MB-7080,0.4485358559113558,0.0,0.0,0.5514641440886442
MB-7161,0.20245655772392443,0.16854993849027639,0.2586784783015154,0.37031502548428386
MB-7115,0.0,0.28270657481701783,0.3693160156558188,0.34797740952716344
MB-7123,0.38523929456755956,0.1287653196854639,0.04047647394644529,0.44551891180053127
MB-7176,0.32147491882126233,0.12367343286418905,0.044491593827264024,0.5103600544872846
MB-7121,0.14164898618242167,0.12245670729113113,0.7358943065264473,0.0
MB-7172,0.22234376067465508,0.1798937681550347,0.03993465272867712,0.5578278184416332
MB-7164,0.3191453719555416,0.23146490023680977,0.0,0.4493897278076485
MB-7127,0.15251616767844176,0.1350261069227215,0.14833167892362353,0.5641260464752131
MB-7128,0.4876330554280562,0.15884526844833177,0.0,0.353521676123612
MB-7157,0.0,0.2769795254386367,0.08012379200846517,0.6428966825528981
MB-7092,0.11054272983315547,0.2020239385068014,0.31154177713879316,0.37589155452124995
MB-7135,0.03351716299990538,0.27753416829309946,0.2912382397923285,0.3977104289146667
MB-3754,0.357246974072721,0.11580385130576826,0.2281461649969437,0.29880300962456713
MB-3536,0.37939153939499887,0.06751704993644347,0.25978876531509076,0.29330264535346695
MB-3748,0.41890315761785124,0.23219174454077152,0.010180927338696575,0.33872417050268055
MB-3530,0.2900790699556847,0.16978782024317857,0.12245987477813633,0.4176732350230004
MB-3582,0.6052691448170294,0.10176344663079159,0.29296740855217906,0.0
MB-3528,0.22191375090448814,0.07706361015562337,0.45875452741871214,0.2422681115211763
MB-3547,0.4668451748925218,0.10250534308543889,0.0,0.4306494820220394
MB-3576,0.11165454964449045,0.17691853069678584,0.1615489694644871,0.5498779501942367
MB-2770,0.34374915342087675,0.06310691921263616,0.0,0.593143927366487
MB-2758,0.5265727670401729,0.0,0.47342723295982714,0.0
MB-2771,0.1693612014303107,0.0,0.6537907051343396,0.17684809343534974
MB-7152,0.0,0.26263991703493844,0.1858763891285818,0.5514836938364798
MB-7143,0.13459960106306648,0.11565755713513684,0.3768287393938379,0.37291410240795875
MB-7197,0.2124432820096782,0.2325574817427598,0.0025704588179707596,0.5524287774295912
MB-7153,0.037336716793032756,0.12741140875850368,0.21575839806669964,0.6194934763817639
MB-7144,0.0694317070617649,0.19579930803568066,0.22167881779113804,0.5130901671114163
MB-7185,0.0,0.3365336106237448,0.0,0.663466389376255
MB-7199,0.060393476828042664,0.3034138366205193,0.0,0.636192686551438
MB-7158,0.23065365355343065,0.18913402398544424,0.5802123224611251,0.0
MB-7163,0.5081022962481025,0.2785502606094068,0.0,0.21334744314249066
MB-7215,0.7295524372243921,0.15815601383689198,0.0,0.11229154893871586
MB-7200,0.26951698554115483,0.1456386308930809,0.0,0.5848443835657643
MB-7193,0.08431148006512117,0.0654096647900553,0.2514767147756618,0.5988021403691616
MB-7188,0.10995268598104388,0.30904674204298066,0.0,0.5810005719759755
MB-7198,0.10407696906257836,0.1148850191080799,0.4260156927333575,0.35502231909598414
MB-7256,0.29570126089545234,0.22605885096598852,0.2694249235124409,0.20881496462611834
MB-7258,0.0,0.28809627166180046,0.6653047424442876,0.04659898589391197
MB-7194,0.0,0.21491511784293144,0.08292779227421328,0.7021570898828553
MB-7254,0.32319012026325883,0.16923717973167435,0.020695750729277627,0.4868769492757893
MB-7262,0.0,0.2280168743971593,0.35811170406771003,0.41387142153513057
MB-2990,0.2352845922103358,0.23991664933792056,0.0,0.5247987584517436
MB-2993,0.46365997576898416,0.0,0.5363400242310158,0.0
MB-3031,0.1389043470196482,0.07408381544330649,0.620197611132242,0.16681422640480323
MB-2904,0.09989036422562506,0.07162257252674187,0.828487063247633,0.0
MB-2846,0.37229353252499586,0.11649521774571839,0.3773424447482579,0.13386880498102777
MB-7154,0.0,0.16868600457690636,0.8313139954230937,0.0
MB-7229,0.08145675784845208,0.27196153592424555,0.0,0.6465817062273024
MB-7151,0.0,0.1300753453475746,0.7062559119980687,0.16366874265435669
MB-7228,0.5866080660308967,0.1679077216912408,0.0,0.24548421227786252
MB-7218,0.2695585963544066,0.12001461801499202,0.0,0.6104267856306013
MB-7147,0.0,0.23369604128300356,0.17410061722469902,0.5922033414922974
MB-7219,0.306676128543183,0.1788195050690475,0.057330400640722784,0.4571739657470468
MB-7165,0.0,0.0,0.8589803517511391,0.1410196482488611
MB-7150,0.21909801749438226,0.1493094450857854,0.2302390885308126,0.4013534488890196
MB-3436,0.10789423356423611,0.0,0.1819029077082473,0.7102028587275165
MB-3462,0.5741161101294041,0.013010858141722325,0.0,0.41287303172887363
MB-3417,0.015607005687400434,0.13678770841915555,0.0,0.847605285893444
MB-2721,0.269053522554519,0.2707715589130811,0.0,0.4601749185324
MB-3092,0.03954004285436251,0.25180544418230916,0.0,0.7086545129633284
MB-2821,0.7422221100161982,0.0,0.25777788998380186,0.0
MB-2850,0.35597472338206093,0.0,0.6440252766179392,0.0
MB-2820,0.44915838845780226,0.16405370927623603,0.0,0.3867879022659617
MB-2823,0.632757752293494,0.239720127283415,0.127522120423091,0.0
MB-2792,0.375070247778821,0.1103572413242129,0.24954687482748758,0.2650256360694786
MB-7273,0.09738556489120963,0.007671183340327315,0.6195250631066852,0.275418188661778
MB-7283,0.06007628276717031,0.3022420393737385,0.08326693608997453,0.5544147417691166
MB-7284,0.40982612076027963,0.12511655956499804,0.0,0.4650573196747224
MB-7279,0.0,0.4462980396718898,0.3715926321788099,0.18210932814930023
MB-7233,0.31540893696246225,0.2562754744388701,0.027447268797065525,0.40086831980160215
MB-7287,0.18466435579708626,0.03091694732047439,0.381523940960309,0.40289475592213037
MB-7250,0.2691598518158458,0.19834477233962325,0.4823801309553188,0.05011524488921224
MB-7238,0.12083083870356821,0.1967898698385045,0.2718117146904865,0.41056757676744077
MB-7285,0.6835982315396391,0.0,0.09009238643987094,0.22630938202049009
MB-7260,0.11163662694717508,0.23860906913862825,0.31613758052179675,0.33361672339240006
MB-7264,0.41716303444791286,0.2803480103156403,0.2658322488082988,0.03665670642814813
MB-7268,0.2944779868746246,0.14568368181440022,0.028593559500497006,0.5312447718104782
MB-7276,0.3382658261035273,0.2311944122303947,0.0,0.4305397616660781
MB-7212,0.42132112673304517,0.17643594448657157,0.0,0.4022429287803833
MB-7267,0.0,0.08746216614323096,0.8811898142709597,0.031348019585809406
MB-7266,0.04236927430005578,0.22611171635110966,0.05165377762215691,0.6798652317266777
MB-7216,0.04552915142003909,0.2192936177634368,0.0,0.7351772308165241
MB-7195,0.18822843117884397,0.17803212332549478,0.0,0.6337394454956612
MB-7201,0.3430789062665884,0.24312171064985547,0.4137993830835562,0.0
MB-7217,0.6074395140487089,0.16402140828504921,0.0,0.22853907766624196
MB-2778,0.5318652099749793,0.006097477195977316,0.08384116131727463,0.3781961515117686
MB-2815,0.6204331109319872,0.11257400315875643,0.0,0.2669928859092564
MB-2833,0.373833866261897,0.0,0.6109551233195087,0.015211010418594356
MB-3614,0.30119901057184245,0.13822969185389453,0.21211745000317417,0.34845384757108866
MB-7052,0.0,0.06849405334358571,0.9070099317330172,0.02449601492339696
MB-7124,0.05021333032276011,0.221769399087959,0.0,0.7280172705892809
MB-7122,0.2803831567609732,0.1810485521333411,0.40283659618542256,0.13573169492026324
MB-7133,0.22065731135707148,0.17981756102548682,0.2752821816636334,0.3242429459538082
MB-7084,0.0,0.11296104013488026,0.8546171199749872,0.032421839890132496
MB-7101,0.41590920027271777,0.15423952847432126,0.0,0.42985127125296085
MB-7116,0.2657340643132791,0.2708698683904167,0.11957877338209966,0.34381729391420446
MB-7131,0.0,0.17164670402819698,0.0,0.828353295971803
MB-7090,0.0584012636258892,0.1580033780667895,0.595566731531313,0.18802862677600832
MB-7095,0.13280592366945101,0.1847369285109138,0.0,0.6824571478196353
MB-7094,0.0,0.4731176890226604,0.2655894479239311,0.26129286305340854
MB-7087,0.0,0.04982598562705598,0.8197632115247538,0.1304108028481901
MB-7077,0.5485360876489871,0.04838491541909461,0.055786416656030735,0.3472925802758877
MB-7072,0.0,0.16939907412210312,0.20511601643730173,0.6254849094405952
MB-7041,0.6052623117057955,0.04716301104675095,0.0,0.34757467724745356
MB-7044,0.866671249813942,0.034677609519348895,0.09865114066670912,0.0
MB-7022,0.34766743292261726,0.031888590063916575,0.15664746087778042,0.4637965161356858
MB-7070,0.3312070992263145,0.01191515907824546,0.3415217342045301,0.31535600749091003
MB-7079,0.851250843111093,0.13847496870477036,0.010274188184136583,0.0
MB-7035,0.3152995749811594,0.05991013757871791,0.3696055583616621,0.2551847290784606
MB-7025,0.5349507816277564,0.0,0.46504921837224356,0.0
MB-7062,0.4440923256416632,0.04069570538883384,0.008548644505414699,0.5066633244640882
MB-7036,0.0,0.01302385703389332,0.9424246064866276,0.04455153647947899
MB-7046,0.0,0.17623074769562302,0.18135226488864978,0.6424169874157273
MB-4839,0.41635808313232703,0.18759206920727378,0.0,0.3960498476603992
MB-5559,0.3639762055412115,0.25065395892011433,0.3853698355386741,0.0
MB-5463,0.06728020843820176,0.5382207383465317,0.13770065546482452,0.25679839775044183
MB-4744,0.02426303370064202,0.3881732532344734,0.0,0.5875637130648846
MB-4769,0.0,0.11551211808935093,0.762525600776956,0.12196228113369306
MB-4484,0.49704350353148896,0.2836753700064141,0.0036364292775217404,0.21564469718457524
MB-5558,0.4720175610981165,0.16144800386811461,0.2536057565486153,0.11292867848515363
MB-4750,0.28833734915746756,0.29647744802204123,0.031688694252029054,0.38349650856846207
MB-4793,0.0,0.29750232726882236,0.7024976727311777,0.0
MB-4843,0.4719280710918025,0.1944360394991275,0.04595619622799826,0.28767969318107167
MB-5563,0.35861553093178794,0.25006980550130103,0.0,0.3913146635669111
MB-5546,0.377665074829627,0.14410379863433453,0.0,0.4782311265360385
MB-5513,0.0,0.21480823804056495,0.4264511519720749,0.3587406099873601
MB-5656,0.4303717257772638,0.2018429097951708,0.0,0.36778536442756543
MB-5530,0.5083400414430451,0.2845191570915962,0.2071408014653587,0.0
MB-5553,0.35351976701369453,0.186270783261057,0.0,0.4602094497252486
MB-4836,0.13663046099631374,0.7088121570004038,0.15455738200328253,0.0
MB-4828,0.21470503413456624,0.15977938969933345,0.08528922706409595,0.5402263491020044
MB-4697,0.4523805267240878,0.31573605303598495,0.0,0.23188342023992725
MB-4679,0.0,0.3081730160541046,0.6918269839458953,0.0
MB-4033,0.6052845316891551,0.20836277462006025,0.05997354756543585,0.12637914612534876
MB-4692,0.0,0.6522651439023611,0.0,0.34773485609763893
MB-4675,0.18326583659068765,0.2744466719379904,0.0,0.542287491471322
MB-4653,0.4659092010196379,0.21769775935488808,0.0,0.3163930396254741
MB-4663,0.0,0.29413446656798187,0.6873460199625654,0.018519513469452624
MB-4660,0.0,0.5752431833319963,0.42475681666800374,0.0
MB-5275,0.07940967196347053,0.44141730102690313,0.18545056272970561,0.2937224642799207
MB-4654,0.16240674616855277,0.37803188707413915,0.09797303485051799,0.36158833190679013
MB-2618,0.11093525060329033,0.0,0.1653075228161104,0.7237572265805993
MB-2718,0.0,0.0,0.9570451892550378,0.04295481074496226
MB-2643,0.61831239605402,0.0,0.38168760394598006,0.0
MB-2629,0.164011777919292,0.034198640213506666,0.0,0.8017895818672014
MB-2645,0.08923717887727024,0.022126054789077945,0.44219396750443934,0.44644279882921256
MB-2626,0.4025124198965711,0.0,0.16122227325020752,0.4362653068532213
MB-6263,0.45016170867407757,0.19468181957951575,0.06680868068174234,0.28834779106466435
MB-6305,0.2808858151647398,0.0,0.7191141848352602,0.0
MB-6185,0.5203125467749204,0.20655515845103553,0.0,0.273132294774044
MB-6187,0.7698347603533323,0.1985809508390482,0.03158428880761948,0.0
MB-6248,0.18191712042070374,0.00940341580167029,0.808679463777626,0.0
MB-6330,0.31790501606795246,0.2764169174218236,0.4056780665102238,0.0
MB-6184,0.0,0.17646270938239295,0.3833105523607718,0.4402267382568352
MB-6329,0.0,0.18803408679510733,0.41280559947013695,0.3991603137347558
MB-6283,0.34381290710449064,0.14940447984913943,0.0,0.5067826130463698
MB-6359,0.3077811653763243,0.19764143671970336,0.2467959847493773,0.2477814131545951
MB-6337,0.10606536790680104,0.42319277370449676,0.47074185838870225,0.0
MB-6256,0.293634378569835,0.10730454256518618,0.0,0.5990610788649788
MB-6201,0.24478587740702532,0.1925574418690407,0.0315601057093221,0.5310965750146119
MB-6207,0.404384692473323,0.08206095039319475,0.025576889058792702,0.48797746807468956
MB-6194,0.5762239689116391,0.16331903965897415,0.09547772313465719,0.16497926829472956
MB-6281,0.012008085734876972,0.12176160600769338,0.1468334501227132,0.7193968581347164
MB-6322,0.40555835757983816,0.06623648426643289,0.1535326482316713,0.37467250992205775
MB-6223,0.15440904936406763,0.12444971584909827,0.6827894456458337,0.03835178914100039
MB-6190,0.28126149182133864,0.11252974210094674,0.005026632578122741,0.6011821334995918
MB-6306,0.02735787449526182,0.10857517951941328,0.161596288062916,0.702470657922409
MB-6188,0.06585752640063192,0.0,0.9108461502450282,0.023296323354339857
MB-6318,0.14633520011061812,0.014149581004238014,0.58333978587446,0.25617543301068385
MB-6228,0.5736770415402357,0.015579293148329022,0.41074366531143536,0.0
MB-6226,0.26246980466198794,0.035927845472516165,0.10030368533596364,0.6012986645295323
MB-6225,0.49606121737504,0.07016959153281646,0.016504328556304154,0.41726486253583944
MB-6280,0.0,0.015668561882095797,0.9274137526546674,0.05691768546323672
MB-6253,0.3858529346025628,0.10827626062120244,0.0,0.5058708047762348
MB-6098,0.0,0.11354416546974255,0.8547727273938837,0.031683107136373775
MB-6017,0.26196807635174885,0.2283690974720369,0.0,0.5096628261762142
MB-6019,0.2491765169831902,0.5864927552237998,0.16433072779300995,0.0
MB-6163,0.20171106918825338,0.2918304769971484,0.0,0.5064584538145982
MB-6157,0.37894765339686265,0.09927801263414561,0.3679141201958354,0.15386021377315634
MB-6179,0.14202575316455757,0.38054008135837303,0.05905008037495352,0.4183840851021159
MB-6105,0.43364223456875806,0.19772397873082023,0.12143064855707884,0.24720313814334283
MB-6047,0.05544477375959866,0.18388644193895415,0.4493152501544906,0.31135353414695666
MB-6001,0.36570560481715175,0.3026264422177787,0.1759341003456312,0.15573385261943826
MB-6050,0.37980492296292984,0.29304438638558145,0.0,0.3271506906514886
MB-6169,0.43704653255313697,0.052680314348953185,0.44965114854238053,0.06062200455552936
MB-4548,0.0,0.7292697422758262,0.2707302577241738,0.0
MB-4564,0.08794481224078075,0.5727495780630709,0.0,0.33930560969614826
MB-4591,0.0,0.34009159096432096,0.0735615512166748,0.5863468578190041
MB-4557,0.23248506766666036,0.7420553498179636,0.0,0.02545958251537606
MB-4601,0.2271239504897505,0.3476340910299694,0.42524195848028024,0.0
MB-4598,0.13005161633090537,0.3813548899859971,0.0,0.4885934936830975
MB-4578,0.1365235210894111,0.5850510037929599,0.0,0.278425475117629
MB-4593,0.11280251711915877,0.5140274978046643,0.0,0.373169985076177
MB-5186,0.25809435877160386,0.20210426745892635,0.1848481436304226,0.3549532301390472
MB-4974,0.013700855319605215,0.19179260102463594,0.7945065436557589,0.0
MB-4978,0.3774407520370089,0.384589393594656,0.11248636696575309,0.12548348740258203
MB-5086,0.0,0.4155890918316135,0.0,0.5844109081683865
MB-5150,0.1252613619289683,0.3631849367817585,0.0,0.5115537012892732
MB-5345,0.6040806353898812,0.27937224102238034,0.0,0.11654712358773839
MB-4696,0.16044690615461424,0.12592385588068408,0.6801184279625936,0.03351081000210815
MB-4695,0.5148409889952112,0.3313449087471907,0.0,0.15381410225759806
MB-4714,0.0,0.2981176520213409,0.701882347978659,0.0
MB-4705,0.5649476043433489,0.25061155760149106,0.0,0.18444083805516
MB-4882,0.49872689434146616,0.33914342327596575,0.013655884259624265,0.14847379812294373
MB-4879,0.13944537293828455,0.3405066101039123,0.4568197378539419,0.06322827910386122
MB-4881,0.018887532669647968,0.09401536399543262,0.8870971033349194,0.0
MB-4846,0.2612526087744794,0.24552335571346112,0.24324362705551916,0.2499804084565403
MB-4870,0.5168280215547744,0.3015515381928844,0.0,0.1816204402523413
MB-4224,0.0,0.8740448179413811,0.0,0.12595518205861886
MB-4845,0.23173881838069224,0.24005453148758063,0.0,0.5282066501317271
MB-4904,0.2130818364238624,0.19274441302813097,0.5941737505480067,0.0
MB-4865,0.16630523712196515,0.04477608632911951,0.7889186765489153,0.0
MB-4876,0.4445367203361219,0.08467903154717506,0.47078424811670305,0.0
MB-4860,0.4204593182591181,0.23863506913019783,0.0,0.3409056126106841
MB-5081,0.3778029852503725,0.26710037941311154,0.14096272364230678,0.21413391169420926
MB-4897,0.6961332080518489,0.18850171201662866,0.0,0.11536507993152241
MB-4925,0.3728493268063994,0.19758235338570823,0.15072111169763971,0.27884720811025265
MB-4883,0.4609871366663753,0.13328032586019145,0.0,0.4057325374734333
MB-4896,0.32821287416540673,0.1917245742480419,0.41307757769970743,0.06698497388684387
MB-4987,0.46663169369290736,0.2119276800184668,0.0,0.3214406262886258
MB-4416,0.0,0.4457930076692646,0.5542069923307353,0.0
MB-4374,0.0,0.5901855791502371,0.0,0.4098144208497629
MB-4407,0.0,0.5283420148253352,0.47165798517466495,0.0
MB-5039,0.0,0.33744408969168593,0.3180122452281077,0.3445436650802064
MB-4119,0.0,0.8169798715697697,0.0,0.18302012843023027
MB-4091,0.0,0.8067569900629102,0.020659178656300563,0.17258383128078925
MB-5079,0.22017418595722776,0.31274631924937313,0.0,0.4670794947933991
MB-5073,0.5966097334557172,0.1378683802219866,0.0,0.2655218863222962
MB-5105,0.26118723959909085,0.3399535969770538,0.0,0.3988591634238554
MB-4254,0.0,0.15077887210025598,0.849221127899744,0.0
MB-5174,0.0,0.7045494062248902,0.21440711591929923,0.08104347785581056
MB-4742,0.23830973638310776,0.23782501907335646,0.0,0.5238652445435358
MB-5239,0.2045605894275847,0.17123455832286474,0.03287528265722315,0.5913295695923274
MB-5251,0.3968958895101523,0.23702604594642135,0.0,0.3660780645434263
MB-4996,0.22421515970080177,0.39858447681953457,0.0,0.3772003634796637
MB-4282,0.19126832256562698,0.35128261925727705,0.11780788752926422,0.33964117064783184
MB-4603,0.0,0.846249367265614,0.0,0.15375063273438613
MB-4621,0.0,0.23529342440994275,0.617589270701001,0.14711730488905622
MB-4853,0.4725782126941901,0.22735540143040864,0.0,0.30006638587540124
MB-4362,0.09014405227519096,0.5447763040662349,0.0,0.36507964365857426
MB-4602,0.0,0.38514813636929446,0.0,0.6148518636307054
MB-4222,0.0,0.9463489702749476,0.0,0.053651029725052334
MB-4893,0.31465126461915244,0.07404801448108375,0.6113007208997638,0.0
MB-4859,0.5588893634794604,0.2896282396429526,0.151482396877587,0.0
MB-4212,0.36567362477854026,0.45870389002267176,0.0,0.17562248519878806
MB-4873,0.2573482122099252,0.3057015911276928,0.0,0.4369501966623821
MB-4942,0.008085600612263946,0.11891252475966023,0.8730018746280759,0.0
MB-4949,0.10696098488656453,0.24356803804827984,0.4912221443229837,0.15824883274217186
MB-4928,0.2440861639948224,0.20079015229384853,0.35419138103095016,0.20093230268037887
MB-5098,0.060012572016562495,0.28060942399875016,0.053488903792426636,0.6058891001922606
MB-5313,0.2802532541943587,0.24568672535572234,0.41920305785356465,0.05485696259635425
MB-4145,0.20609122593385854,0.3917493764050647,0.22519163746035625,0.17696776020072058
MB-5122,0.3014116241244331,0.21816412024328033,0.0,0.4804242556322866
MB-5278,0.6198678494246812,0.27116567274361947,0.0,0.10896647783169927
MB-4213,0.21040513381229997,0.29918003400299237,0.023099159921836716,0.46731567226287096
MB-4126,0.023167867194084465,0.7687140538611196,0.20811807894479595,0.0
MB-4957,0.0,0.6956592272451417,0.0,0.30434077275485827
MB-5470,0.34795626565556964,0.3348076805056166,0.16326597715845778,0.1539700766803559
MB-5317,0.06769363003156839,0.2388499993414731,0.0,0.6934563706269586
MB-5308,0.49880281366244605,0.36001130603636994,0.12419776127572064,0.016988119025463363
MB-4976,0.3108702287988099,0.35073007764647446,0.0,0.3383996935547157
MB-5277,0.3317104022187162,0.36194024162693234,0.1324729754297318,0.1738763807246196
MB-5110,0.5136384875345744,0.18362875358637973,0.052250173272264916,0.25048258560678094
MB-4046,0.021010583148431114,0.7700632292839161,0.0,0.20892618756765266
MB-4012,0.0,0.8042426301804866,0.12074214449611338,0.07501522532340014
MB-4141,0.0,0.8939614321035017,0.008681099667473486,0.09735746822902484
MB-4001,0.05629034591267262,0.6055009131370471,0.10446765012741081,0.23374109082286945
MB-4792,0.11349517204486548,0.1421832183570362,0.7443216095980983,0.0
MB-4738,0.5938111979745725,0.17854751026665383,0.0,0.22764129175877368
MB-4264,0.0,0.5684534363807567,0.26207461187289793,0.1694719517463453
MB-4794,0.18702960470804195,0.21500144301225632,0.0,0.5979689522797018
MB-4782,0.6080267222597765,0.18939797187144,0.09340708624145262,0.109168219627331
MB-5008,0.0,0.25265933017779774,0.45213152529847656,0.2952091445237256
MB-4426,0.0,0.8412469039394791,0.15875309606052085,0.0
MB-4390,0.32286433675030457,0.36260411151292266,0.0,0.31453155173677283
MB-4434,0.0,0.6958420462188585,0.09435698655419855,0.20980096722694294
MB-4368,0.12037541426564706,0.6845253354959483,0.0,0.1950992502384047
MB-4442,0.0,0.7173973922733721,0.03621137227116043,0.2463912354554676
MB-4418,0.0,0.7231906514233362,0.0,0.2768093485766637
MB-4381,0.0,0.9794968847226307,0.0,0.020503115277369248
MB-4395,0.0,0.6770579426855042,0.025654569712192613,0.2972874876023033
MB-4630,0.0,0.5840167870336913,0.029364295790479267,0.38661891717582947
MB-6010,0.18842493303208196,0.02345916263705081,0.5433816856804425,0.24473421865042472
MB-6021,0.4609087522349678,0.35092609941180636,0.0,0.18816514835322584
MB-6059,0.4154182997138411,0.06901240932118984,0.2787842564104928,0.23678503455447616
MB-6154,0.13628683925596868,0.30223536912075827,0.0,0.5614777916232729
MB-6097,0.0,0.7586359143206465,0.06705806478189257,0.1743060208974609
MB-6107,0.48197140073105604,0.2792410791404393,0.15852610219495905,0.0802614179335456
MB-6023,0.2393590909200949,0.2555556081904174,0.0,0.5050853008894878
MB-6152,0.20206723418586253,0.07870975316904903,0.7030688044395901,0.01615420820549837
MB-6018,0.44553068972613147,0.1728828689028345,0.001351696965705614,0.38023474440532845
MB-6082,0.44156029644586337,0.3012656460604661,0.11311116830485442,0.14406288918881613
MB-6029,0.2680158461890766,0.3712818025669829,0.0,0.36070235124394057
MB-5295,0.060542489744202864,0.29090287779151186,0.6485546324642852,0.0
MB-5386,0.10154650217973964,0.2437348401745319,0.0,0.6547186576457286
MB-5092,0.6244031342595034,0.1738053211524052,0.0,0.20179154458809137
MB-6068,0.3530596255253281,0.14029550630765653,0.5066448681670155,0.0
MB-6039,0.07170979782127404,0.19944991100555787,0.44131536582638264,0.28752492534678553
MB-6022,0.0,0.41324775024641186,0.026854603211326853,0.5598976465422612
MB-6125,0.5993615087523009,0.13099220007513257,0.0017958371919369594,0.2678504539806297
MB-6053,0.10672245826751105,0.2508643607453799,0.14273396054328158,0.49967922044382757
MB-6135,0.06142458845174625,0.21851924080452362,0.21198563472828996,0.50807053601544
MB-6042,0.5101483379866423,0.2524053940122077,0.1547793420373645,0.08266692596378561
MB-6058,0.21327417997309897,0.009553380133112662,0.7771724398937884,0.0
MB-6077,0.2050880318307795,0.48384352524380536,0.1190510998219193,0.19201734310349589
MB-6052,0.6261754861497113,0.07297724164847592,0.3008472722018129,0.0
MB-5368,0.38319167123552955,0.5997671707767628,0.0012003617142103701,0.01584079627349739
MB-4189,0.0,0.8776576599102925,0.12234234008970749,0.0
MB-5335,0.0,0.13859752661143804,0.7767055698193558,0.08469690356920614
MB-4008,0.17361396734422244,0.19040286583566288,0.04353018985122641,0.5924529769688884
MB-5134,0.44646719187831474,0.2227456551679994,0.0,0.3307871529536857
MB-4139,0.0,0.30517620121521727,0.0,0.6948237987847827
MB-5130,0.33361402710005494,0.24594914809911803,0.16045559569651746,0.2599812291043095
MB-5135,0.0,0.10964537912169452,0.7749417224590114,0.1154128984192941
MB-4880,0.0,0.4836652725027653,0.5163347274972346,0.0
MB-5054,0.33988367560956306,0.14209305825640478,0.5180232661340322,0.0
MB-5057,0.08283824457446713,0.07535345608298384,0.841808299342549,0.0
MB-4098,0.0,0.8921525862093832,0.0,0.10784741379061674
MB-4760,0.5865040417359316,0.14851358864898007,0.0,0.2649823696150883
MB-5102,0.0,0.27058364253739564,0.7072672161649332,0.022149141297671125
MB-5420,0.35034209359294793,0.20147573921490655,0.35397946089149906,0.09420270630064657
MB-5458,0.09768197140305926,0.12999712578434267,0.4722699429379597,0.30005095987463837
MB-5492,0.6060585944643309,0.19430471479721817,0.0,0.199636690738451
MB-5407,0.3848489167714085,0.2934185566796286,0.0,0.3217325265489629
MB-5394,0.16902680985163282,0.35650164391792016,0.4682944339061473,0.006177112324299751
MB-5410,0.10213303913072042,0.701118103286537,0.0,0.19674885758274252
MB-5435,0.15726181047929202,0.2620602999003481,0.03919412699684254,0.5414837626235173
MB-5406,0.11615609440291579,0.39813862967641556,0.2171418055275281,0.2685634703931406
MB-4329,0.34814833677958373,0.18587897693536734,0.0,0.4659726862850488
MB-4005,0.5808850884796117,0.14348838288982352,0.20418801507344822,0.07143851355711658
MB-6288,0.1294351256595794,0.21110501757954622,0.10073822518092265,0.5587216315799517
MB-6272,0.171326254993108,0.10841891209838737,0.7202548329085046,0.0
MB-6218,0.4125647524658213,0.15785109519949841,0.15695991152644204,0.2726242408082381
MB-6246,0.07636352288756358,0.3082380473937463,0.44242423525573404,0.17297419446295612
MB-6217,0.0,0.2849982620899457,0.1823226471448961,0.5326790907651581
MB-6308,0.42360395144689633,0.3741992854882845,0.0,0.202196763064819
MB-6271,0.14071842022168754,0.37824772938866447,0.0,0.48103385038964797
MB-6245,0.0,0.3898199621970972,0.6101800378029028,0.0
MB-6233,0.49900776237686095,0.15193583614094325,0.0,0.34905640148219574
MB-4343,0.14316847573036715,0.6515875340511874,0.20524399021844553,0.0
MB-4281,0.0,0.4378817169249084,0.30755392629150285,0.2545643567835888
MB-4283,0.28712923376476673,0.49923470252117813,0.012207789437861985,0.2014282742761931
MB-4341,0.02114322386850807,0.3213438285147027,0.5013982464594304,0.15611470115735865
MB-4303,0.0,0.5634313068339949,0.4365686931660051,0.0
MB-4274,0.011159102014044683,0.44571928922316084,0.09302633014810495,0.4500952786146895
MB-4292,0.0,0.670801850131391,0.0,0.3291981498686089
MB-4278,0.011122283994700909,0.5333721377332604,0.34331368938194484,0.11219188889009388
MB-5399,0.26856846351191294,0.3050077776694899,0.0,0.4264237588185972
MB-5364,0.6053296158124816,0.2921605690306235,0.06477284736580526,0.03773696779108971
MB-3526,0.393127099426613,0.16941271118507603,0.1601701705606983,0.27729001882761256
MB-6138,0.5777188250790825,0.09761486585815518,0.04112477612437791,0.2835415329383845
MB-6049,0.2378964192233961,0.11662848642262415,0.2607202488209146,0.38475484553306516
MB-6055,0.13423928235902496,0.0,0.8657607176409751,0.0
MB-6108,0.48909216675569567,0.09319600065967801,0.15728036799416106,0.26043146459046523
MB-6044,0.0,0.436354786025554,0.3413216746841475,0.22232353929029838
MB-6181,0.0,0.3420069173780432,0.0,0.6579930826219569
MB-6100,0.07032857891948543,0.18868869316040546,0.471004800730046,0.269977927190063
MB-6085,0.29692543545317374,0.10314898913110501,0.5352027878927246,0.0647227875229967
MB-6113,0.3583602069956771,0.086908879408296,0.2836033199173273,0.2711275936786997
MB-6079,0.11014671946202005,0.20312571983478883,0.02802951787207001,0.6586980428311211
MB-6103,0.4719564141685554,0.1179132778504286,0.1327647251515313,0.27736558282948465
MB-6016,0.15857714966494957,0.4089150215373098,0.0,0.43250782879774063
MB-6149,0.0,0.6897182990174444,0.0,0.31028170098255553
MB-6131,0.028893214840788963,0.3441795586326236,0.49241710921491655,0.1345101173116707
MB-6007,0.16890185299417065,0.45726998559311965,0.10140358561741586,0.27242457579529394
MB-6147,0.8532605192710161,0.11346623517932332,0.0,0.03327324554966061
MB-6114,0.25755259062523544,0.3474259072062222,0.3906088248811036,0.004412677287438838
MB-6167,0.3215391655013718,0.1449939062155661,0.0,0.5334669282830622
MB-6146,0.31368054236025017,0.07372281603151014,0.349968021861282,0.2626286197469577
MB-6092,0.395097148469379,0.2552285956136059,0.022090302831120942,0.3275839530858941
MB-6160,0.27896866482963967,0.17214651454433014,0.5488848206260302,0.0
MB-6075,0.0,0.443286050209293,0.0,0.5567139497907071
MB-6011,0.0,0.3411673028051808,0.0,0.6588326971948191
MB-6071,0.3997212928267345,0.1505892232466614,0.06527032266237613,0.38441916126422787
MB-6214,0.42461746367362485,0.2433724285332649,0.0,0.33201010779311035
MB-6334,0.004498653645371097,0.3843763138217872,0.30955241026434244,0.3015726222684993
MB-6346,0.11193738420496978,0.39685552897241416,0.053833361557657396,0.43737372526495855
MB-6319,0.6403809511563986,0.2626924148661979,0.0,0.09692663397740346
MB-6200,0.35007726318431764,0.17583811291329463,0.14061115306899954,0.33347347083338824
MB-6336,0.015386046948996736,0.2256316843034927,0.7589822687475105,0.0
MB-6211,0.35296316355133406,0.27244798943021203,0.08179870985056145,0.2927901371678925
MB-6232,0.4648894295668921,0.0808368152559525,0.0,0.4542737551771554
MB-6234,0.647460137030565,0.16964398072887943,0.0,0.1828958822405556
MB-6300,0.36513285364965165,0.0331294686004063,0.040850769739820346,0.5608869080101218
MB-5533,0.49006381358911133,0.2455822409205268,0.12766460480239755,0.13668934068796434
MB-5543,0.4514707024012023,0.16270755022963324,0.13465743396364355,0.251164313405521
MB-4236,0.03955008436803339,0.708495373585454,0.19517544264652567,0.0567790993999869
MB-4234,0.10157654412041286,0.6287888344567785,0.0,0.2696346214228086
MB-4270,0.0006456879118867501,0.4081462127506005,0.4622977020908689,0.1289103972466438
MB-4235,0.1734419972946644,0.3551422801163637,0.4714157225889719,0.0
MB-4250,0.33177560467679434,0.3104989728467975,0.05224962514611882,0.30547579733028934
MB-5467,0.2695164698059965,0.3899262510098059,0.06464101160298957,0.275916267581208
MB-4323,0.0,0.44367224759150925,0.021109455619942905,0.5352182967885477
MB-4318,0.0,0.3671372220317094,0.1922091690527636,0.44065360891552696
MB-4333,0.22667295192259604,0.37260275850864305,0.0,0.40072428956876094
MB-4339,0.0,0.5886746143521528,0.017228023795088816,0.39409736185275845
MB-4322,0.08067198960800369,0.4679943206420455,0.0,0.4513336897499509
MB-4351,0.0,0.5795704782707563,0.4204295217292438,0.0
MB-5063,0.04657649280884563,0.05313723476830003,0.41984509022748456,0.48044118219536974
MB-4360,0.0,0.6031314451675356,0.39686855483246447,0.0
MB-4375,0.20505030069362581,0.6374873745087507,0.0,0.1574623247976234
MB-4798,0.35141149424084656,0.6361093918950531,0.0,0.01247911386410037
MB-4746,0.39122146012864933,0.16726695251595694,0.04364784929505671,0.39786373806033704
MB-4838,0.0,0.31081114232646506,0.0,0.689188857673535
MB-4829,0.3502451674723046,0.2166360145145267,0.039076319943055944,0.3940424980701129
MB-4802,0.03492402356031638,0.3622579757503652,0.13304357575205883,0.4697744249372595
MB-5426,0.2714569499808813,0.0750413043955887,0.5940394636079006,0.05946228201562941
MB-5444,0.41047299399057674,0.2076022210598522,0.0,0.381924784949571
MB-5431,0.4699613965913606,0.1661465258419276,0.36389207756671194,0.0
MB-5447,0.2798070863870191,0.2156006323867401,0.16895821658678417,0.3356340646394567
MB-5434,0.07775491997997434,0.3423847781651583,0.03509911672427927,0.544761185130588
MB-5255,0.7337510340639493,0.09437793633671987,0.17187102959933082,0.0
MB-5231,0.17126325590597513,0.27508838134010005,0.4025615152446496,0.15108684750927526
MB-5339,0.36536692310092905,0.2832290463916723,0.0839210296166705,0.2674830008907282
MB-5208,0.03686510093435979,0.08638793046541239,0.7064900165792946,0.17025695202093324
MB-5428,0.47665440237241924,0.3073296401947211,0.0,0.21601595743285967
MB-5440,0.03430053206457495,0.1263378657384988,0.8393616021969261,0.0
MB-5425,0.436662971986956,0.1938545007241641,0.0,0.36948252728887987
MB-5298,0.0,0.19710102169162447,0.8028989783083756,0.0
MB-5334,0.22986275350198843,0.36307719615655604,0.10159870946359194,0.3054613408778637
MB-5326,0.4682591451006346,0.5317408548993654,0.0,0.0
MB-4059,0.6213610890254875,0.19727529656142506,0.06647120155464452,0.114892412858443
MB-6230,0.4727420423593955,0.2006235399241976,0.0,0.32663441771640683
MB-6150,0.4151483921740086,0.0401827355120369,0.2403310932882901,0.3043377790256642
MB-6014,0.7891852342503194,0.13108350601702964,0.024098834774559468,0.05563242495809142
MB-6145,0.04976147459702917,0.47675834263911404,0.12405552040546883,0.349424662358388
MB-6012,0.0,0.7394679327747983,0.0,0.2605320672252018
MB-6024,0.42643455198619656,0.34143249413829624,0.0,0.23213295387550717
MB-6124,0.09912203720875831,0.21931954449439844,0.07731608276357269,0.6042423355332706
MB-6171,0.307722640278019,0.26058899893958043,0.0,0.4316883607824005
MB-6060,0.1173834403548981,0.05035920782478532,0.5127866463561407,0.31947070546417583
MB-6008,0.0,0.44893654411915773,0.0,0.5510634558808423
MB-6036,0.1767774953291526,0.10471729371714916,0.7185052109536982,0.0
MB-6144,0.17658994811072762,0.1440968029943164,0.679313248894956,0.0
MB-5346,0.0,0.00805657894454901,0.8377292445889931,0.15421417646645788
MB-5373,0.4322559667073867,0.1150670332713713,0.1067367135687487,0.3459402864524933
MB-6178,0.20369181677833295,0.04660876839861109,0.7496994148230559,0.0
MB-6063,0.04251867862078133,0.6059139130902588,0.3515674082889598,0.0
MB-6020,0.30745942503231316,0.2034911261195197,0.23111409206442257,0.2579353567837446
MB-6062,0.02966564722634012,0.09699335349997712,0.8733409992736828,0.0
MB-6069,0.3600671834979381,0.15626973494445656,0.0,0.4836630815576053
MB-6141,0.10626745143280916,0.35708247530533016,0.0,0.5366500732618608
MB-6118,0.5470513095476711,0.242506719265216,0.14005709619568601,0.07038487499142683
MB-6065,0.1578599022862019,0.572843767288631,0.0,0.2692963304251671
MB-6006,0.5067949142820839,0.1132248137765951,0.0,0.379980271941321
MB-6048,0.2687345972869243,0.18573173587483288,0.36552850233329737,0.1800051645049455
MB-6116,0.3420154367774714,0.07422947812671223,0.3353080882972128,0.2484469967986034
MB-4310,0.0,0.7563114115577144,0.0,0.24368858844228564
MB-4300,0.0,0.7271431049078203,0.27285689509217964,0.0
MB-4298,0.07519068084465472,0.44791320120383327,0.030578715846487945,0.446317402105024
MB-4417,0.0,0.38744976768472,0.61255023231528,0.0
MB-4079,0.0,0.8169224845876355,0.16141374132068395,0.021663774091680646
MB-4317,0.0,0.6173077049765653,0.3826922950234347,0.0
MB-4350,0.0,0.7667695408045615,0.23323045919543853,0.0
MB-4332,0.0,0.48604694595182213,0.5139530540481778,0.0
MB-4324,0.0,0.6032882413038236,0.053192412779657514,0.3435193459165188
MB-4306,0.0,0.45367093926838387,0.0,0.5463290607316161
MB-7226,0.0,0.12733691414190343,0.20641626719190323,0.6662468186661934
MB-7205,0.18080544769376763,0.0,0.796715150943647,0.02247940136258539
MB-7160,0.009164974294439366,0.3009471750358898,0.4174301442105832,0.2724577064590875
MB-7159,0.0,0.1472490661998163,0.7058366779221453,0.1469142558780383
MB-7167,0.390671082744246,0.10386377446299674,0.0,0.5054651427927572
MB-7207,0.25325207793141186,0.17112632998183516,0.5530661184541333,0.02255547363261967
MB-7237,0.3990087607563709,0.20278488511370837,0.1947117584607864,0.2034945956691343
MB-7241,0.2887781443550233,0.12254475535705132,0.0,0.5886771002879253
MB-7236,0.031940029936324096,0.17240977355881318,0.0,0.7956501965048628
MB-7168,0.5108601904624417,0.0719985087113577,0.0099743059295867,0.40716699489661384
MB-7162,0.36877253795263454,0.16675886675240112,0.023346615260462146,0.44112198003450204
MB-7235,0.33200805691738194,0.20891886707641413,0.0,0.459073076006204
MB-4331,0.1648118149228094,0.2831950900760789,0.1341143408563669,0.41787875414474474
MB-4353,0.05988888900641042,0.3646950254868764,0.19702101486644172,0.37839507064027145
MB-4354,0.16756575919054562,0.5299921812614384,0.28198972501328284,0.020452334534733187
MB-4328,0.013037881641727348,0.3092553379977814,0.09636567515831775,0.5813411052021736
MB-4348,0.0,0.349764166466753,0.28065365347489296,0.36958218005835397
MB-6030,0.34157868669581026,0.26719458291432097,0.0,0.3912267303898689
MB-6133,0.3466567450913433,0.31393711867221497,0.0,0.3394061362364417
MB-6083,0.1745597009848055,0.36987673791305314,0.0,0.4555635611021412
MB-6026,0.0,0.4088822313865048,0.18631040976993582,0.4048073588435594
MB-6168,0.6433594388268415,0.09734598545613787,0.016173369839948822,0.24312120587707173
MB-6101,0.14607191003397738,0.22107621545907227,0.33239079996548077,0.3004610745414696
MB-6156,0.23726033519181933,0.12915649957116054,0.31466929394826265,0.3189138712887575
MB-6051,0.5187733913614274,0.3208839724304675,0.0,0.16034263620810507
MB-6182,0.04844854006413256,0.09997489007691154,0.5690523395009929,0.28252423035796304
MB-6080,0.2479251177530619,0.23541774958645026,0.4388959277325318,0.07776120492795598
MB-6143,0.3753725475549046,0.052870227706761086,0.5524084329097476,0.019348791828586714
MB-6164,0.4017083718064912,0.08321737879650506,0.07191159658460175,0.4431626528124021
MB-0551,0.8019713320353947,0.1114504654773414,0.0,0.08657820248726386
MB-0391,0.38879599690900674,0.07453502762026727,0.458610054260493,0.07805892121023289
MB-0367,0.82560847322337,0.08499135181574448,0.08940017496088552,0.0
MB-5171,0.7192645493323298,0.2807354506676702,0.0,0.0
MB-5199,0.4405990779136556,0.17659101705917055,0.3419548426789892,0.04085506234818468
MB-5177,0.2554073877151455,0.23018615623724062,0.4387869241033697,0.07561953194424419
MB-5178,0.3394181766215775,0.2483772683455684,0.0,0.412204555032854
MB-5280,0.28254695241307964,0.19513092092605175,0.07509612492660474,0.44722600173426386
MB-5148,0.4962935115353213,0.13966884079947148,0.27200543497473617,0.09203221269047107
MB-4342,0.6024487173457376,0.2617069765552139,0.05754264214845643,0.07830166395059206
MB-5225,0.08130167914222879,0.11403331231974989,0.8046650085380213,0.0
MB-4024,0.03834046371790342,0.14140336964086,0.7097393886418318,0.11051677799940476
MB-6314,0.0,0.14659346385097857,0.3152310247062018,0.5381755114428196
MB-6257,0.23077368606205848,0.17763916744786537,0.0,0.5915871464900762
MB-6358,0.3154169999350261,0.15393133957238045,0.3214292420939927,0.20922241839860076
MB-6242,0.0,0.04565350473813862,0.8674857402214202,0.08686075504044109
MB-6237,0.14139154302345586,0.06011717060008211,0.7563923274610707,0.04209895891539145
MB-6183,0.14548293306907437,0.289860069311848,0.0,0.5646569976190777
MB-6254,0.18519772216913777,0.1614375820357173,0.0,0.653364695795145
MB-6231,0.20232019931264736,0.6000091111506408,0.07978743297858591,0.1178832565581259
MB-6204,0.6138177293589385,0.09715099008668741,0.05988015815327451,0.2291511224010994
MB-6229,0.5609375923836719,0.1032404925176484,0.0,0.3358219150986797
MB-5154,0.5672472346800547,0.2242237135199305,0.20852905180001471,0.0
MB-5175,0.6394931563603253,0.1787687314811029,0.18173811215857194,0.0
MB-5173,0.0924173573068504,0.0988654112055549,0.8019349690935023,0.006782262394092402
MB-5162,0.6047084405155465,0.21853166070399574,0.17675989878045767,0.0
MB-5164,0.4232380329170137,0.32268851950107497,0.2188333979558297,0.03524004962608177
MB-7253,0.12935325563747907,0.06346474030303782,0.21841478663217542,0.5887672174273076
MB-7298,0.17023929913305208,0.0,0.23731840391504885,0.592442296951899
MB-7299,0.2512686213859708,0.0,0.45820133145662095,0.2905300471574083
MB-7293,0.636732080143051,0.0,0.006826600829406522,0.35644131902754245
MB-3978,0.17489999253555644,0.11602671184415929,0.2699696280741632,0.43910366754612107
MB-7288,0.26244646378793013,0.0,0.13842187858003163,0.5991316576320382
MB-2923,0.0,0.0,0.3848536580471491,0.6151463419528508
MB-0402,0.8778588265229995,0.07710550565447806,0.011350226960304806,0.033685440862217544
MB-0381,0.22503090992545827,0.05814540958964958,0.333437213774958,0.3833864667099342
MB-0592,0.01654419784742349,0.12875046140544344,0.0,0.854705340747133
MB-5271,0.0,0.26048151433430117,0.3554463309014663,0.38407215476423257
MB-5235,0.23990553191484454,0.2145760737415602,0.5072632215190173,0.03825517282457797
MB-4931,0.1654211410437574,0.10313403530703877,0.7314448236492038,0.0
MB-5332,0.05538671063003031,0.3826469265655134,0.40666812078875353,0.15529824201570275
MB-7045,0.327757635257856,0.0,0.42281990841944933,0.24942245632269464
MB-7049,0.0,0.2274439626634481,0.5968462637369691,0.1757097735995828
MB-7031,0.0,0.0,0.8559783745788438,0.1440216254211563
MB-7061,0.5061546689993444,0.05800425053106605,0.13764156465881383,0.2981995158107757
MB-7050,0.10697240660155484,0.22525479212606386,0.24520705369666101,0.42256574757572024
MB-7078,0.09801843776143547,0.0,0.737123143418186,0.16485841882037855
MB-7054,0.11662691320519068,0.13775205369688748,0.7442577568364498,0.0013632762614720617
MB-7048,0.2826720455791685,0.24096845030639702,0.21997759494268632,0.25638190917174813
MB-7058,0.5626798765267064,0.14849087205318667,0.0,0.288829251420107
MB-7056,0.20882756429643604,0.21497186598292406,0.0,0.5762005697206399
MB-7038,0.3118384856991757,0.0,0.6221276533739116,0.0660338609269127
MB-7086,0.080513432753946,0.0440628769470346,0.2466014386050878,0.6288222516939317
MB-0177,0.5889859705238824,0.027973870251456888,0.0,0.3830401592246607
MB-0435,0.5943014510707009,0.0,0.4056985489292992,0.0
MB-0159,0.39096461924242776,0.10513518200917085,0.4135573454885051,0.09034285325989631
MB-0399,0.3871212195996295,0.04559737180138533,0.36095566758648384,0.20632574101250145
MB-0388,0.6036734050926943,0.19358412717534798,0.15567017239428832,0.047072295337669275
MB-0351,0.20283288333079502,0.029507297830667866,0.0,0.7676598188385372
MB-0615,0.5583668386676647,0.0,0.2558058345729153,0.1858273267594199
MB-0265,0.6699719011646681,0.0,0.30640362545290356,0.02362447338242833
MB-0116,0.5241014543390945,0.0,0.0,0.4758985456609054
MB-0472,0.0,0.11367595769133701,0.0,0.8863240423086629
MB-0191,0.018109326215630814,0.0,0.8799097757922271,0.10198089799214219
MB-0231,0.45516411326069905,0.09095124281648756,0.0,0.45388464392281336
MB-0558,0.03442623621752967,0.03649210034792307,0.8775409250913442,0.05154073834320309
MB-0393,0.48716224037139855,0.042076589525821495,0.3400199510872596,0.1307412190155204
MB-0553,0.09258412352208972,0.2437356357663284,0.13850243278081076,0.5251778079307711
MB-0587,0.13876065272204235,0.056925385717881916,0.15084721826543673,0.6534667432946392
MB-0611,0.30690051384034145,0.0,0.3917171925266286,0.30138229363303
MB-0640,0.5799052427047161,0.0961075645357041,0.052770522243172906,0.2712166705164068
MB-0114,0.2058216372442792,0.18235243878302207,0.020246163983917796,0.591579759988781
MB-0222,0.6468111787492766,0.0,0.14602272662790253,0.20716609462282085
MB-0284,0.4520597782795513,0.0,0.5479402217204487,0.0
MB-0459,0.2926673617362221,0.07738418921646194,0.14386322482987338,0.48608522421744266
MB-0128,0.7415053508938206,0.18095745522292123,0.039175998322834416,0.03836119556042375
MB-0639,0.17812415128715284,0.0,0.7373741722988383,0.0845016764140089
MB-0318,0.36434628435278554,0.17063751367864713,0.34995294667436505,0.11506325529420221
MB-0417,0.2211167245104085,0.19490761268055493,0.011562698369448673,0.5724129644395879
MB-6238,0.48013856418006845,0.16909235058006197,0.0,0.3507690852398695
MB-6286,0.36285701237843093,0.2536109322472819,0.0,0.3835320553742871
MB-6328,0.12765670582827954,0.2885219791224056,0.0030241393713653945,0.5807971756779494
MB-6284,0.23319595509938737,0.09207273503000607,0.22853055492668592,0.44620075494392064
MB-6363,0.4311102224598326,0.1251146958212533,0.2533928859410779,0.19038219577783624
MB-6224,0.395437254860768,0.08444995795582642,0.5093811124527022,0.01073167473070327
MB-6297,0.45797163267275187,0.11723056769812874,0.036641049164174454,0.38815675046494497
MB-6239,0.4454070188013844,0.19757609036217644,0.05277718023651351,0.3042397105999257
MB-6208,0.33539100956014084,0.3757937436688826,0.16294463161425612,0.12587061515672038
MB-6273,0.3531226414515854,0.6149780619133902,0.0,0.03189929663502452
MB-6344,0.1692914525935832,0.20389434209656981,0.19295732073526534,0.43385688457458166
MB-6312,0.17686829558058312,0.298414750986006,0.26280439141419365,0.26191256201921703
MB-6212,0.5818566356324266,0.17963737053200124,0.0,0.23850599383557208
MB-6302,0.1825671552363324,0.2192695592100931,0.16640020728822758,0.43176307826534693
MB-6327,0.0699694905169308,0.2968588052067106,0.0,0.6331717042763587
MB-6287,0.17111657159481905,0.2066545634237503,0.24348994845819114,0.3787389165232394
MB-6213,0.2372760123151106,0.15947413131806895,0.0,0.6032498563668205
MB-6251,0.13484173486814546,0.0028762127431721015,0.7219293386789143,0.14035271370976826
MB-0489,0.623315351685399,0.04313910676876374,0.33354554154583727,0.0
MB-0876,0.8334812738489977,0.0,0.1665187261510022,0.0
MB-0342,0.7746342145198856,0.05087752702764234,0.0,0.17448825845247212
MB-7289,0.7599208376851877,0.0,0.08309526280447858,0.15698389951033373
MB-3253,0.09830290921981447,0.03407584721257951,0.44063202958563813,0.426989213981968
MB-7291,0.3532811411920424,0.0,0.5337647263806258,0.11295413242733172
MB-7243,0.35316080789756954,0.19525418204070846,0.014970461992174982,0.43661454806954697
MB-3466,0.11847928056155092,0.008684136885554436,0.4173315579333537,0.45550502461954095
MB-7286,0.37166209285901963,0.06780960527296383,0.0,0.5605283018680166
MB-7292,0.16143655190414313,0.0,0.25565518431848006,0.5829082637773768
MB-7275,0.48163921645559304,0.0,0.12270056114141407,0.3956602224029929
MB-7249,0.002439231866279774,0.23109890708392875,0.0,0.7664618610497915
MB-7295,0.5268919911417181,0.0,0.059666181233027665,0.41344182762525433
MB-7297,0.020778718866261918,0.0,0.3381042766750306,0.6411170044587075
MB-7294,0.0,0.04389760355267861,0.15192487793172416,0.8041775185155973
MB-7296,0.0,0.01073879785016593,0.38680656417560116,0.602454637974233
MB-3402,0.14214802365623624,0.07250827694702508,0.24089587726458844,0.5444478221321503
MB-5113,0.37317507547481854,0.2120064381809747,0.11981925416801159,0.2949992321761951
MB-5450,0.207478642801444,0.010011542904865205,0.7824120884676609,9.772582602987955e-05
MB-7032,0.32015250061585143,0.19647638254114896,0.0,0.4833711168429997
MB-7037,0.21344451120349756,0.10485803745148944,0.0,0.681697451345013
MB-7040,0.4271438810956047,0.0,0.08103318153767126,0.4918229373667241
MB-7020,0.2295893159824619,0.0,0.5332552933272853,0.23715539069025282
MB-7042,0.3019312201463428,0.05740057945926869,0.05101588207212254,0.5896523183222661
MB-7043,0.6030232085347097,0.17307885321528094,0.22389793825000948,0.0
MB-7028,0.0993665335748632,0.06305592570044138,0.19983453532550957,0.6377430053991858
MB-7029,0.6414164811831633,0.11646897415243786,0.00719257727232207,0.23492196739207685
MB-7027,0.33653240714177585,0.0,0.6272894732900233,0.03617811956820083
MB-7060,0.3137155759565739,0.26203553571784627,0.0,0.4242488883255799
MB-7034,0.08760006438232243,0.10092473388507013,0.0,0.8114752017326075
MB-5191,0.5815648783992288,0.3859372269747226,0.0,0.03249789462604858
MB-5214,0.507866370874042,0.34285194031488686,0.11977723291417842,0.029504455896892597
MB-5204,0.4303563474672449,0.28150492516833725,0.0,0.28813872736441787
MB-5155,0.5702321535834319,0.3700933925462016,0.0,0.059674453870366406
MB-5190,0.008354170897703395,0.6884019828063849,0.3032438462959117,0.0
MB-5614,0.5723435032686299,0.18173464638723658,0.07878744058848622,0.16713440975564728
MB-5592,0.18392874849973034,0.27380786162506004,0.0,0.5422633898752097
MB-0437,0.2612738846836059,0.025882990805850856,0.07417633643451996,0.6386667880760233
MB-0028,0.0,0.10025885467381632,0.15579470046558822,0.7439464448605956
MB-0309,0.4045927311736921,0.1472300776077642,0.0,0.44817719121854366
MB-0100,0.2094142236505989,0.08854074503793731,0.7020450313114639,0.0
MB-5648,0.13104510675346137,0.2951298445698981,0.0,0.5738250486766404
MB-5572,0.2805981840131695,0.0,0.7194018159868305,0.0
MB-5655,0.0,0.14585336169916133,0.7978847677306252,0.05626187057021351
MB-5577,0.4117543487683084,0.0834873661496671,0.43606188146572555,0.06869640361629889
MB-5585,0.20136398002152267,0.1884592964329312,0.10053111669238463,0.5096456068531615
MB-5620,0.26136350468165537,0.1598806618930325,0.0,0.578755833425312
MB-5652,0.5322222930475617,0.15381808019642104,0.18331109295624362,0.13064853379977368
MB-0537,0.8852275258032897,0.04022864582865691,0.0,0.07454382836805337
MB-0544,0.32629055136241963,0.007783832294358862,0.0,0.6659256163432216
MB-0468,0.2147714324424664,0.20872196322160133,0.16943364134038483,0.4070729629955474
MB-0333,0.12414864775702483,0.0,0.7941718513451791,0.08167950089779603
MB-0205,0.7459045361412268,0.0664061946653936,0.0,0.18768926919337964
MB-0233,0.47724187842595983,0.0,0.17547627407750993,0.3472818474965303
MB-0210,0.5588137053338552,0.0,0.44118629466614484,0.0
MB-0200,0.0,0.0,0.8415767956717415,0.15842320432825843
MB-0244,0.4284629087819749,0.024157465145637626,0.0,0.5473796260723873
MB-5588,0.4658426631706959,0.1854180801789224,0.34873925665038186,0.0
MB-5628,0.0649450480709622,0.16388738133837558,0.34979810155360846,0.42136946903705375
MB-5633,0.292538873361364,0.15369286393416737,0.5537682627044687,0.0
MB-0169,0.7152083922979826,0.13226659641378039,0.0,0.152525011288237
MB-0253,0.28898034388744764,0.12699230260507438,0.0,0.5840273535074779
MB-0226,0.5381684166109569,0.0587195485066423,0.0,0.4031120348824008
MB-0278,0.0,0.0,0.7443990726814962,0.2556009273185039
MB-0266,0.6093205861515095,0.0,0.0,0.3906794138484905
MB-0577,0.1435291114084997,0.042491305607804036,0.09634450542665456,0.7176350775570416
MB-0156,0.8803105252592673,0.023042212256829186,0.09664726248390351,0.0
MB-0531,0.8130599215576094,0.05124558718625941,0.0,0.13569449125613117
MB-0245,0.5249484380806633,0.0007522762495034239,0.041541893699534885,0.43275739197029833
MB-5641,0.011866479406251268,0.27137066045716524,0.15630085841714225,0.5604620017194414
MB-5640,0.3066220473769878,0.28479292806610357,0.0,0.4085850245569087
MB-0534,0.9116816725880533,0.02206022999712169,0.0,0.06625809741482494
MB-0230,0.08856953790552698,0.057681162991141365,0.46937483254801815,0.38437446655531354
MB-0109,0.0,0.023466323568706014,0.4193721755465342,0.5571615008847598
MB-0304,0.0,0.11361239426292934,0.13467072718604484,0.7517168785510256
MB-0369,0.015032030263547212,0.10852493826713536,0.06529377364250649,0.811149257826811
MB-0627,0.5175947871817319,0.0,0.48240521281826804,0.0
MB-0492,0.03148894662347749,0.06139504071125565,0.04922720351477346,0.8578888091504934
MB-0147,0.05036266200398327,0.5461387519315506,0.1419619796779404,0.2615366063865256
MB-0442,0.9740842197928969,0.0036912856644224696,0.0,0.02222449454268072
MB-0111,0.5624298160050604,0.05116801671195966,0.0,0.3864021672829799
MB-0634,0.9191895071011366,0.0,0.08081049289886333,0.0
MB-0280,0.26674362464156537,0.22901946658419214,0.0,0.5042369087742425
MB-0490,0.3791638782775064,0.17980010908431918,0.0,0.4410360126381744
MB-0885,0.7637323188395793,0.08783120058820662,0.1484364805722141,0.0
MB-0178,0.0,0.0760169156127107,0.3718167282235935,0.5521663561636957
MB-0242,0.5024869334260474,0.05204358619994154,0.0894571529995161,0.35601232737449484
MB-5624,0.026580426123924576,0.22822312562893166,0.7451964482471438,0.0
MB-5593,0.032675876689077975,0.42752815316216214,0.53979597014876,0.0
MB-4010,0.07487333424750547,0.4292744826891067,0.12800969572754212,0.3678424873358458
MB-5605,0.17843895661875964,0.145670470529212,0.06609358655599815,0.6097969862960302
MB-5636,0.0,0.33858839863196444,0.22834336035599145,0.43306824101204416
MB-4529,0.4494412989829775,0.34632047848179703,0.0,0.2042382225352254
MB-5566,0.10195204135735539,0.18379656455358587,0.7142513940890588,0.0
MB-0268,0.25120233168390776,0.016600322510004473,0.10208802731168568,0.6301093184944021
MB-0160,0.7941280673861837,0.11595157718122091,0.0,0.08992035543259536
MB-0275,0.7315682254539226,0.0,0.026907911358798893,0.2415238631872784
MB-0127,0.5731184239178012,0.0,0.1653704721307156,0.2615111039514833
MB-0045,0.5139526927270381,0.0,0.48604730727296175,0.0
MB-0414,0.06356188248428028,0.0095006839082005,0.9226728284129269,0.0042646051945923365
MB-0259,0.0,0.0,0.7794593946314617,0.22054060536853828
MB-0396,0.0,0.0,0.90673180281369,0.09326819718631003
MB-0874,0.0,0.0,0.8997591407351397,0.10024085926486014
MB-0179,0.7513364757336466,0.0,0.2486635242663534,0.0
MB-0526,0.0820382057261531,0.058089089242368386,0.09121675078675213,0.7686559542447263
MB-0586,0.3810045301589948,0.15755718931696636,0.0,0.46143828052403885
MB-0508,0.4762606128010647,0.07489740414893555,0.15089400826553806,0.29794797478446167
MB-0288,0.4411470680403911,0.0,0.08415428391306022,0.47469864804654877
MB-0269,0.6273175835371676,0.0,0.37268241646283246,0.0
MB-0582,0.0,0.08849944485749123,0.6875962307957285,0.2239043243467803
MB-0901,0.0,0.0,0.8991579261436792,0.10084207385632084
MB-0000,0.8903688035601527,0.013178889201180585,0.09645230723866662,0.0
MB-0535,0.3152157848259499,0.056139315572097205,0.038918691471204116,0.5897262081307487
MB-0469,0.12324698067586316,0.007158273499790538,0.3556673200567386,0.5139274257676076
MB-0478,0.7956435538699841,0.09223055874111356,0.0,0.11212588738890232
MB-0499,0.7268002231496907,0.0,0.27319977685030916,0.0
MB-0170,0.7465080465501327,0.09402128457032588,0.0,0.15947066887954142
MB-0403,0.750361905025399,0.0,0.249638094974601,0.0
MB-0464,0.18938943882275958,0.0,0.5517579891715008,0.25885257200573975
MB-0421,0.32866720509065306,0.08602776570740649,0.17739771923941788,0.40790730996252267
MB-0623,0.7308131202658569,0.08599675390130784,0.0,0.18319012583283528
MB-0241,0.4087947645812041,0.11305020596862184,0.3710003810488267,0.1071546484013473
MB-0163,0.1344967966921981,0.025551589471102372,0.6721113911741341,0.16784022266256537
MB-0149,0.0,0.17033751310588124,0.7672186802621986,0.06244380663192012
MB-0153,0.4945558825779521,0.09308011769299285,0.37714572764728227,0.035218272081772826
MB-0350,0.08901853490705942,0.06855790856778787,0.7153094936120934,0.12711406291305924
MB-0512,0.558662518141763,0.06730846468788108,0.0,0.3740290171703558
MB-0020,0.5289317767265894,0.11186191226761677,0.2035141748796061,0.15569213612618776
MB-0046,0.09966469990076057,0.08608895493309719,0.2064367430200637,0.6078096021460786
MB-0134,0.21126485191450087,0.0769216741220929,0.08031754501485476,0.6314959289485516
MB-0495,0.6848948745744718,0.018064801280895926,0.22867378665926294,0.06836653748536929
MB-0470,0.23010305702643755,0.3116999497831034,0.20482732855640604,0.25336966463405297
MB-0872,0.45590943633326425,0.1163096836263179,0.07791846109529277,0.3498624189451251
MB-0661,0.1607055118488313,0.17527030546272215,0.0,0.6640241826884465
MB-0339,0.26225768618493156,0.08799727801493694,0.0,0.6497450358001315
MB-0264,0.37543785668020047,0.08635258392267427,0.08611055383112842,0.4520990055659969
MB-0175,0.19234814036163522,0.11576055425864924,0.05817053211384115,0.6337207732658744
MB-0303,0.22800450635048936,0.0,0.7650499379743531,0.0069455556751576416
MB-0172,0.4550244668635346,0.0056854743905291475,0.07777426002938985,0.4615157987165464
MB-0125,0.10263903202297311,0.1246298375022077,0.0,0.7727311304748192
MB-0340,0.0,0.0,0.8843013739961614,0.11569862600383861
MB-0234,0.3001116565897226,0.10868551858728538,0.11419731093858618,0.47700551388440576
MB-0487,0.624093265725313,0.12491617865420873,0.0,0.25099055562047823
MB-0305,0.5217744246635462,0.10208842407496976,0.16000659425681696,0.216130557004667
MB-0390,0.29466435892521836,0.11404181825137488,0.5273551359078364,0.06393868691557028
MB-0502,0.5788085474628758,0.0,0.42119145253712414,0.0
MB-0663,0.23211127489381048,0.058138170000296696,0.4557745199518623,0.2539760351540306
MB-0130,0.5189479810896551,0.1416417678570448,0.07850553102220824,0.2609047200310919
MB-0289,0.7208728145418198,0.0,0.27912718545818027,0.0
MB-0129,0.3745421997269434,0.0181545494298847,0.4684954557945819,0.13880779504859
MB-0343,0.36470112427560425,0.13763297270260416,0.0,0.49766590302179176
MB-0458,0.7439676350283807,0.037698122490873766,0.05431868150877506,0.1640155609719704
MB-0570,0.0,0.09316439348724141,0.1871761404202376,0.7196594660925211
MB-0281,0.8784776519161819,0.06602939967529091,0.05549294840852715,0.0
MB-0488,0.630848084968562,0.0,0.19004725843914355,0.17910465659229438
MB-0655,0.5006253793211032,0.0012564101662017066,0.13743051450152383,0.3606876960111714
MB-0235,0.4423393782174411,0.02923843548833723,0.002699992400791618,0.52572219389343
MB-0484,0.35789596724851486,0.08221190951524132,0.15701289971886168,0.40287922351738203
MB-0436,0.3463041191249904,0.03635052706508217,0.4977805327036344,0.11956482110629292
MB-0299,0.0,0.0,0.779240042777569,0.22075995722243094
MB-0877,0.0,0.0,0.2879652893674703,0.7120347106325297
MB-0097,0.048391313209861904,0.1555730469246145,0.04683076334912869,0.749204876516395
MB-0897,0.3069959549353173,0.21373998549305914,0.0566164520389428,0.42264760753268077
MB-0095,0.06801568729634053,0.1986402866944451,0.0,0.7333440260092144
MB-0227,0.48199405164884684,0.0,0.10139435963827051,0.41661158871288273
MB-0353,0.22457530985440624,0.1197773258383327,0.0,0.655647364307261
MB-0522,0.25861775256627406,0.0,0.32152254505390365,0.4198597023798223
MB-0543,0.0,0.01892836006847581,0.5746531734614779,0.4064184664700464
MB-0646,0.3400662711847956,0.02050177900590586,0.12125534444637621,0.5181766053629224
MB-0293,0.9237146569036918,0.0,0.07628534309630808,0.0
MB-0552,0.445708519710666,0.0,0.3214184633498661,0.23287301693946785
MB-0260,0.5210817515049398,0.0,0.0,0.4789182484950602
MB-0256,0.5916861598167346,0.02261943758901837,0.0,0.3856944025942471
MB-0539,0.3049756925046482,0.0,0.5448245165806563,0.15019979091469549
MB-0626,0.0026698530242738228,0.0020272715838502973,0.34870842642006017,0.6465944489718157
MB-0211,0.5507580028093743,0.05989111969877412,0.3056831248748034,0.0836677526170481
MB-0124,0.5467544359281347,0.10932504680985161,0.01637220249594208,0.32754831476607166
MB-0510,0.35409262183120355,0.10499331380584258,0.14788296890049984,0.393031095462454
MB-0365,0.5136754847440574,0.028559993067392705,0.42591826456938753,0.03184625761916249
MB-0290,0.5522133916631242,0.01871429279163239,0.0,0.4290723155452435
MB-0113,0.27114335462601974,0.1057117225532371,0.22497823287603028,0.3981666899447129
MB-0620,0.8795340028812254,0.05048091528735618,0.0699850818314184,0.0
MB-0282,0.8332120968542741,0.053203385792594614,0.0,0.11358451735313124
MB-0228,0.7102835381387244,0.0740048618097273,0.0,0.21571160005154832
MB-0578,0.7634092989426513,0.09895489917295562,0.0,0.13763580188439312
MB-0479,0.1781451198912191,0.023496928061019946,0.47728664104349094,0.32107131100426994
MB-0263,0.5398878986715164,0.09380590814252356,0.0,0.36630619318595997
MB-0509,0.46531204300593376,0.08525938128101038,0.28800420283266936,0.1614243728803865
MB-0110,0.7030158138607514,0.22734021402870971,0.06964397211053885,0.0
MB-0279,0.7657744280967423,0.05218415701230875,0.10402066388012711,0.07802075101082183
MB-0168,0.6896021806913327,0.04745907718486773,0.1357208848787886,0.12721785724501086
MB-0588,0.4622636829884529,0.04966028010326308,0.24214758211999482,0.2459284547882892
MB-0462,0.43218637522681214,0.0024507075435252984,0.49481023753165937,0.07055267969800326
MB-0262,0.3536019677400922,0.06039709927231089,0.3208279608211069,0.26517297216649016
MB-0907,0.6494729106659315,0.11911935239304303,0.2314077369410254,0.0
MB-0554,0.45890597707982866,0.08017489505168944,0.04558968537006801,0.41532944249841397
MB-0418,0.11059756103962873,0.29573854212325956,0.12791063187093574,0.46575326496617603
MB-0193,0.3468131447214051,0.11363019782511577,0.0,0.5395566574534791
MB-0652,0.3763826949725462,0.032626433454338216,0.2786820404092741,0.31230883116384156
MB-0638,0.7806195841207919,0.06770514702683113,0.0,0.15167526885237695
MB-0188,0.3162937709143375,0.03292475736182986,0.2889096568572657,0.361871814866567
MB-0617,0.9650535083875084,0.0,0.03494649161249162,0.0
MB-7225,0.0,0.3436846384608602,0.6563153615391398,0.0
MB-7141,0.4451610375059352,0.2286783690867537,0.0,0.3261605934073111
MB-7234,0.026783957333081462,0.3580449554058709,0.006804884406987153,0.6083662028540605
MB-7089,0.20909134464736398,0.12410529028774293,0.6668033650648931,0.0
MB-7030,0.45370912431144234,0.06916199130932883,0.47712888437922885,0.0
MB-7004,0.5717305147693975,0.13849325233676377,0.0,0.2897762328938388
MB-7119,0.0,0.2000569231045109,0.7999430768954892,0.0
MB-7263,0.022968853658833836,0.2585744583789613,0.061290217135400456,0.6571664708268043
MB-7012,0.0,0.026709811667667824,0.8956130934742936,0.07767709485803846
MB-0174,0.32459027379720634,0.1505801283418331,0.5248295978609605,0.0
MB-7182,0.010208092077208205,0.250776076434976,0.3496070993414568,0.3894087321463589
MB-7039,0.7251074480851337,0.016999507926385025,0.1941490712183247,0.06374397277015656
MB-3797,0.08460484444661553,0.13520574318302975,0.03602875924888611,0.7441606531214685
MB-7112,0.27174287752131604,0.0735055283129713,0.18599480148794606,0.46875679267776665
MB-0308,0.6686553458427997,0.1834007106862638,0.0,0.14794394347093645
MB-7230,0.3124415905138541,0.148108409169129,0.0,0.5394500003170168
MB-5452,0.15557393174241832,0.3412968075370789,0.0,0.5031292607205028
MB-6195,0.6808704302061999,0.11054247801858844,0.0,0.20858709177521165
MB-6317,0.20492285077661032,0.10056307272474725,0.09757034573178928,0.5969437307668533
MB-5460,0.1819606152774266,0.1957110614949729,0.26788658080465216,0.35444174242294835
MB-5464,0.19421707936785138,0.18050363449678777,0.0,0.6252792861353609
MB-5552,0.10585831374507865,0.1930400212448861,0.5391513708935418,0.16195029411649342
MB-5547,0.0,0.3173208904308143,0.6826791095691856,0.0
MB-6189,0.16479041459350027,0.2507306500912077,0.0,0.584478935315292
MB-6122,0.3193112769497448,0.11636876731091456,0.45731106720573755,0.10700888853360312
MB-6192,0.20575099392953203,0.07547218323024282,0.3091135508105166,0.4096632720297086
MB-4820,0.0087012566959111,0.17609276521570488,0.0,0.815205978088384
MB-5527,0.3066472367496383,0.1339873295801959,0.5593654336701659,0.0
MB-5167,0.1772414257043756,0.19870458711090958,0.001545700758737644,0.6225082864259772
MB-5465,0.3019336820194676,0.0,0.6401080022048448,0.05795831577568758
MB-5453,0.5443804416483488,0.194537682714595,0.19310418109026292,0.06797769454679342
MB-5471,0.3812904758129487,0.12350674729176613,0.13797813879159682,0.35722463810368843
MB-5127,0.09288586425448353,0.2088680931064506,0.07363138287999521,0.6246146597590707
MB-4313,0.019396663920481123,0.9806033360795189,0.0,0.0
MB-4823,0.10569284298129526,0.16393767295988035,0.4981827313746349,0.23218675268418956
