,archetype_1,archetype_2,archetype_3,archetype_4,archetype_5
MB-0362,0.2370043032901593,0.0,0.7551604062350483,0.007835290474792445,0.0
MB-0346,0.0,0.0,0.4703373344434618,0.5296626655565382,0.0
MB-0386,0.40712961603154296,0.0,0.5041157540027378,0.08875462996571912,0.0
MB-0574,0.07781459960178172,0.03441548209211904,0.7892897520168753,0.09848016628922382,0.0
MB-0185,0.04875322229400724,0.045052830111313134,0.4373287536495792,0.4688651939451005,0.0
MB-0503,0.3611260485608821,0.0,0.6310531632040546,0.00782078823506334,0.0
MB-0641,0.7939342141498975,0.0,0.20606578585010257,0.0,0.0
MB-0201,0.3047425449017352,0.0,0.29190801587012405,0.40334943922814076,0.0
MB-0218,0.062039340669456204,0.18427014758457544,0.60118065084543,0.15250986090053842,0.0
MB-0316,0.14053096729537437,0.011208512366435488,0.0,0.8258273876929393,0.02243313264525084
MB-0189,0.6151786027493913,0.08123505614016897,0.22964256685920562,0.0739437742512341,0.0
MB-0891,0.5487168230200145,0.07543687626890834,0.3534249851610033,0.0,0.022421315550073918
MB-0658,0.2739432173280212,0.04743754524183476,0.0,0.6786192374301441,0.0
MB-0899,0.38955800847037275,0.12327249367320446,0.37474921654172516,0.05800080317577567,0.05441947813892195
MB-0605,0.497074392072352,0.1052204789402465,0.38586121345777014,0.0,0.011843915529631467
MB-0258,0.20864288394083025,0.16762862516561258,0.5431818284538602,0.03846546640638381,0.04208119603331322
MB-0506,0.04643459507918095,0.0,0.3627380378115324,0.5908273671092866,0.0
MB-0420,0.3071711975127388,0.0,0.06312341088422993,0.6297053916030312,0.0
MB-0223,0.22870682508669524,0.08340534421222691,0.49843296660264685,0.1523760317950962,0.03707883230333474
MB-0445,0.18706586734928546,0.10091130030104355,0.636491743668342,0.07553108868132885,0.0
MB-0199,0.34055409059456954,0.1053626754623714,0.554083233943059,0.0,0.0
MB-0517,0.18646922200729973,0.12634947986854558,0.6871812981241546,0.0,0.0
MB-0155,0.8238575035902626,0.0,0.10945296621453861,0.0,0.06668953019519884
MB-0428,0.29224524024442966,0.15689724266896998,0.2948707065293301,0.23615328989811435,0.01983352065915579
MB-0117,0.41905440354888757,0.07739261742790571,0.38162048297192186,0.020874401722216624,0.10105809432906819
MB-0906,0.4220270729619217,0.0,0.0,0.43166258688733855,0.14631034015073974
MB-0249,0.17939635799815026,0.0,0.26760918990511084,0.5529944520967388,0.0
MB-0660,0.22241123807885124,0.0,0.3498038936681307,0.42778486825301804,0.0
MB-0497,0.29720216729331334,0.06397590356305274,0.57595990445635,0.012853757087535082,0.050008267599748774
MB-0434,0.0,0.054096797905948374,0.5931364494900426,0.35276675260400897,0.0
MB-0143,0.1308335209890122,0.11952026752591645,0.6078198493675525,0.14182636211751876,0.0
MB-0513,0.014846360242090956,0.1659438203589409,0.7218775155370432,0.0973323038619249,0.0
MB-0541,0.12356531988615006,0.1659635704510314,0.5174729018607405,0.19299820780207805,0.0
MB-0653,0.0,0.1354649466015416,0.424746432252893,0.43978862114556533,0.0
MB-0455,0.26534837376966763,0.37712160580086473,0.0,0.3575300204294677,0.0
MB-0540,0.5446995075177785,0.1840401757580949,0.0,0.1646181004103106,0.10664221631381603
MB-0384,0.22432191614423205,0.2695311804400044,0.395806510112256,0.10490410108909196,0.005436292214415598
MB-0637,0.12456686043585877,0.15157367597051635,0.2981284131676852,0.4257310504259397,0.0
MB-0157,0.3621370373416672,0.0,0.0,0.5790577906359091,0.05880517202242386
MB-0443,0.4583452858006895,0.2383819100908599,0.22158281793021556,0.04452970845287533,0.037160277725359715
MB-0584,0.1709210343474227,0.22027361139453283,0.44804416531774316,0.1607611889403013,0.0
MB-0292,0.1279458339662783,0.021621353732256283,0.30784772825780293,0.5026540355890831,0.039931048454579385
MB-0322,0.10490726676831767,0.1849372130793133,0.6320114465929151,0.07216014938153968,0.0059839241779143255
MB-0501,0.17133714449347212,0.1698162607599057,0.6588465947466222,0.0,0.0
MB-0401,0.3048307500994321,0.011898399361235915,0.03889978112467784,0.6443710694146542,0.0
MB-0140,0.14249714476884104,0.31162976583691904,0.5419202487861162,0.0,0.003952840608123716
MB-0606,0.11971779048179744,0.23599515096477314,0.6074144986980656,0.03687255985536388,0.0
MB-0666,0.03714864874697274,0.22173018553540402,0.2867965021141288,0.36847688545778085,0.08584777814571372
MB-0598,0.26157923136777955,0.16437233048349864,0.2986712951901588,0.27537714295856297,0.0
MB-0453,0.18579720046339138,0.11896106205673818,0.2665266608843219,0.36386352721973253,0.06485154937581598
MB-0138,0.40593436771996866,0.0035745682087904786,0.5151063405509053,0.0,0.07538472352033557
MB-0579,0.26217068284500833,0.04561642148670183,0.6556001443962206,0.0,0.03661275127206936
MB-0405,0.036490995034156835,0.18794572121215122,0.6862674342592752,0.03363623643612023,0.055659613058296586
MB-0471,0.0,0.17169374401675722,0.7651020470106401,0.013959845851450749,0.04924436312115206
MB-0347,0.5203791981797885,0.05531507818046918,0.05639218164805685,0.34496533714672034,0.02294820484496502
MB-0619,0.36833019595838673,0.18001159104688916,0.2767221729203039,0.1338671765047423,0.041068863569677906
MB-0171,0.6074623934679324,0.05621177132597922,0.3363258352060883,0.0,0.0
MB-0310,0.5559128493543396,0.09544231156886773,0.27342094688971974,0.04116686594082236,0.03405702624625044
MB-0621,0.5501356405164926,0.03175987715537609,0.41810448232813124,0.0,0.0
MB-0614,0.39762111723781196,0.13299707043084633,0.24500413859070896,0.20776158510409617,0.016616088636536616
MB-0372,0.10193350911005686,0.06782495294882995,0.06182399763705745,0.7668926043244457,0.0015249359796101524
MB-0374,0.19631692278577584,0.08865439745582902,0.4403053258686123,0.2747233538897828,0.0
MB-0382,0.5469500322154438,0.04350882264764554,0.36157590728933503,0.0,0.047965237847575705
MB-0327,0.2692532420201221,0.28355193549836083,0.4471948224815171,0.0,0.0
MB-0066,0.15751350562616379,0.3234818240091397,0.3670108209849319,0.11820602682720904,0.03378782255255551
MB-0144,0.3489551814645585,0.21325448154173943,0.40992540207490835,0.02635419533471085,0.001510739584082833
MB-0596,0.5489807358585386,0.22228516201542337,0.20721518608594344,0.0,0.021518916040094545
MB-0164,0.24765384538547303,0.03765071038270556,0.0,0.7146954442318214,0.0
MB-0215,0.3803651239852986,0.2878721846803916,0.2920981533644664,0.039664537969843386,0.0
MB-0146,0.0,0.19360748689576193,0.6562942168971649,0.10970304960000761,0.040395246607065595
MB-0229,0.2388061384622314,0.22008925909491986,0.5361063713418824,0.004998231100966281,0.0
MB-0505,0.6322427728662174,0.10456563850693461,0.26319158862684805,0.0,0.0
MB-0102,0.25195719592186594,0.21199849215257208,0.281525620723671,0.1995094975116953,0.05500919369019585
MB-0569,0.3399536169332297,0.2370595780588561,0.1527499477128129,0.25161279617041904,0.018624061124682317
MB-0516,0.09651557214773306,0.09862382991345076,0.0,0.8048605979388163,0.0
MB-0272,0.19627360401991426,0.29761188649140635,0.4304293281905856,0.07455820875322831,0.001126972544865405
MB-0585,0.2478878291024637,0.24440923709467136,0.3117240494392294,0.09513622413654753,0.10084266022708799
MB-0494,0.35878474701643565,0.07734947795509406,0.0,0.5364834524933251,0.027382322535145283
MB-0306,0.39195798326748155,0.2532256536517951,0.21907706056218215,0.1357393025185411,0.0
MB-0463,0.3263109750162631,0.21044221865041648,0.4632468063333205,0.0,0.0
MB-0198,0.34380413018371275,0.27317415934896705,0.3136889473574694,0.06933276310985084,0.0
MB-0203,0.32787339255175085,0.3268076556880871,0.25854727672094274,0.08677167503921943,0.0
MB-0607,0.4385824823946993,0.11668715674870792,0.29169154585013374,0.15303881500645897,0.0
MB-0631,0.3984234657331293,0.17836864417223305,0.4232078900946378,0.0,0.0
MB-0363,0.29688140495349674,0.23942759057344845,0.17915841957612855,0.2157443144079842,0.0687882704889422
MB-0427,0.26115160020289774,0.29011324571476826,0.20854043238592845,0.17262105732851793,0.06757366436788752
MB-0519,0.5282102618877401,0.13382991583549841,0.0,0.28664638007632376,0.051313442200437605
MB-0371,0.4013229534272956,0.12586261274213603,0.2528466236964063,0.1467462601836448,0.07322154995051722
MB-0380,0.0,0.2730810698891691,0.3888133639812941,0.3381055661295366,0.0
MB-0221,0.1376513980459788,0.2180985455708204,0.2309405471341933,0.4133095092490074,0.0
MB-0348,0.0,0.24148727901148026,0.7585127209885197,0.0,0.0
MB-0261,0.16656721722164217,0.20993789360948714,0.6234948891688707,0.0,0.0
MB-0576,0.31307505039248845,0.2948221459432099,0.19315578359100935,0.09850452742426609,0.10044249264902626
MB-0385,0.024805892812019864,0.3469740080643437,0.3153638725439468,0.27479885454950975,0.03805737203017994
MB-0659,0.14837587406755756,0.17555141857611334,0.13717730068723075,0.33795221748594373,0.20094318918315457
MB-0270,0.0,0.12379823871725214,0.6267211941008621,0.2494805671818858,0.0
MB-0379,0.48234416574220784,0.0,0.45077314752625425,0.06688268673153791,0.0
MB-0432,0.7178276908080465,0.0,0.0,0.2821723091919534,0.0
MB-0527,0.5317867175429737,0.019465448180043983,0.4487478342769823,0.0,0.0
MB-0624,0.6470927186645244,0.0,0.35290728133547555,0.0,0.0
MB-0273,0.1999479860052399,0.1655684084094093,0.6344836055853508,0.0,0.0
MB-0050,0.5292693989932132,0.012330302645652531,0.45671479444214225,0.0,0.001685503918992006
MB-0460,0.8164314011420061,0.0,0.15308512393596763,0.030483474922026226,0.0
MB-0654,0.1641899061468515,0.27178905704952855,0.56402103680362,0.0,0.0
MB-0454,0.0,0.30850787049463013,0.6914921295053698,0.0,0.0
MB-0392,0.41883768695750756,0.18894755658241869,0.1814510250677916,0.21076373139228222,0.0
MB-0336,0.16937012299874707,0.23517284911732628,0.4897249495782648,0.10573207830566182,0.0
MB-0467,0.22881920781755677,0.08754736177565553,0.2788997409434605,0.4047336894633272,0.0
MB-0349,0.10955829466404532,0.3452098057686302,0.40395890767392745,0.1412729918933971,0.0
MB-0378,0.031564521114602916,0.21889543840811826,0.11051724343134849,0.6390227970459303,0.0
MB-0176,0.2671580884077019,0.21931726466581047,0.4331684991036779,0.08035614782280973,0.0
MB-0429,0.0,0.28602736694971953,0.5775839426150069,0.1363886904352735,0.0
MB-0397,0.385929250923026,0.23688737897526088,0.3537518456388091,0.0,0.023431524462904
MB-0571,0.27314891410950487,0.25618704454808505,0.4140599573206698,0.056604084021740275,0.0
MB-0426,0.46630707840493063,0.2664765356502552,0.2652323409018009,0.0019840450430133392,0.0
MB-0135,0.07944542129995695,0.37784755565922185,0.4943352478654949,0.04837177517532637,0.0
MB-0112,0.39128877223698866,0.2678318663110479,0.25789946432595245,0.0,0.08297989712601099
MB-0352,0.47590110672401426,0.1407185884056002,0.0,0.3833803048703856,0.0
MB-0644,0.7758732956169168,0.2075627102541127,0.016563994128970538,0.0,0.0
MB-0601,0.17063243915936713,0.011754082997861483,0.4352998052630256,0.38231367257974574,0.0
MB-0568,0.43876165192496125,0.0854358476636123,0.4758025004114264,0.0,0.0
MB-0328,0.09665231979584374,0.11946661057312948,0.5183969966648102,0.26548407296621646,0.0
MB-0325,0.0,0.09705543191753332,0.2670767656930695,0.6358678023893971,0.0
MB-0358,0.34701423197884035,0.0,0.2952348850347505,0.3577508829864093,0.0
MB-0413,0.32561128956756297,0.07379100358839728,0.48979711678155724,0.06709671829885726,0.043703871763625154
MB-0158,0.2996261208584021,0.013468712752010507,0.21532040370291686,0.47158476268667054,0.0
MB-0636,0.40452746528301814,0.01277594493075347,0.4265093324954553,0.15618725729077299,0.0
MB-0145,0.4936277408129997,0.0,0.5063722591870004,0.0,0.0
MB-0195,0.0,0.022338274896573886,0.6827059637797182,0.29495576132370793,0.0
MB-0422,0.2980728978952148,0.024634500156045853,0.6704548975029109,0.006837704445828376,0.0
MB-0483,0.03026542282181873,0.055247825678591544,0.5543878645064266,0.3600988869931631,0.0
MB-0317,0.3176773463626536,0.021876152407586495,0.6604465012297599,0.0,0.0
MB-0486,0.32054813470106563,0.03702441640464412,0.6424274488942903,0.0,0.0
MB-0139,0.5308502710249204,0.0,0.46914972897507956,0.0,0.0
MB-0257,0.24058110940133834,0.10574367384309588,0.6536752167555658,0.0,0.0
MB-0345,0.40849120544262385,0.08088312319252065,0.5106256713648555,0.0,0.0
MB-0375,0.35423825662984715,0.052130005844845395,0.0890816869222816,0.5045500506030258,0.0
MB-0419,0.21219936985230506,0.031187677457747132,0.6875130287517532,0.009180354720954196,0.059919569217240495
MB-0480,0.22540752489276647,0.06653170704668758,0.708060768060546,0.0,0.0
MB-0311,0.1533342628956603,0.12580883870497633,0.4695879859125792,0.1547272109652779,0.09654170152150626
MB-0324,0.0,0.35970827928876475,0.49535904813806325,0.14493267257317197,0.0
MB-0368,0.0,0.38715938618227386,0.40259306585071986,0.2102475479670063,0.0
MB-0389,0.3621757123488332,0.2310590823326867,0.19144178980930535,0.2153234155091747,0.0
MB-0248,0.03214992926141767,0.30836849158989915,0.5501592836159217,0.07217577531629975,0.037146520216461705
MB-0035,0.0,0.2727819722335849,0.4280837656148762,0.11689845241234639,0.18223580973919254
MB-0667,0.1565398418041887,0.2273564115160516,0.32157184608373657,0.29453190059602313,0.0
MB-0423,0.6480776344612086,0.21597948257327962,0.13594288296551177,0.0,0.0
MB-0904,0.3647455486000775,0.09409251036454835,0.5124293830713255,0.0,0.02873255796404855
MB-0119,0.0015409574355265707,0.2695922759344912,0.5304768634043744,0.19838990322560787,0.0
MB-0650,0.3591421613245227,0.2811194363626016,0.25825094704854307,0.1014874552643327,0.0
MB-0204,0.5048205379730177,0.08176319100639388,0.4134162710205884,0.0,0.0
MB-0184,0.0,0.2941571589149389,0.6526849194474423,0.053157921637618864,0.0
MB-0600,0.09577598257023119,0.22746751329122586,0.6566248386446198,0.020131665493923052,0.0
MB-0400,0.2138006026645008,0.0626096105225531,0.0,0.7235897868129461,0.0
MB-0511,0.4903671008919509,0.11591304757290456,0.3825112625134823,0.011208589021662269,0.0
MB-0059,0.06785187716883868,0.23579022772464064,0.5869359431247743,0.1094219519817463,0.0
MB-0500,0.08773138607193202,0.0,0.09182127191345274,0.8204473420146152,0.0
MB-0150,0.25535683563965367,0.03380146254261308,0.0,0.700969213739304,0.00987248807842919
MB-0895,0.08623007355032036,0.27277536478625686,0.26083203063488014,0.38016253102854275,0.0
MB-0366,0.13089384315542915,0.19656297359378821,0.5352871311775693,0.0587223644892476,0.07853368758396574
MB-0173,0.0,0.26057912732939104,0.4815852807274915,0.18903361811787928,0.06880197382523814
MB-0131,0.15988382674238316,0.033366821925433755,0.6661832599103253,0.14056609142185772,0.0
MB-0206,0.2641437012699907,0.0,0.0,0.7358562987300094,0.0
MB-0315,0.4609752723410219,0.0,0.48260377607313343,0.05642095158584473,0.0
MB-0361,0.10838854743839048,0.08868677374198272,0.299289720691509,0.5036349581281178,0.0
MB-0545,0.38217310410644567,0.13304707797972337,0.31706508516257176,0.1677147327512592,0.0
MB-0370,0.0,0.2969789527581686,0.3669576870890647,0.31918311529516746,0.01688024485759942
MB-0642,0.04737380635247903,0.20281839914805974,0.7317952927841906,0.0,0.018012501715270624
MB-0431,0.3581776496112527,0.16107030745761527,0.44138404614564214,0.03936799678548994,0.0
MB-0181,0.45619768780515346,0.09216298920316342,0.4128818636643383,0.0,0.03875745932734481
MB-0603,0.19319050323807813,0.15794150897633372,0.6488679877855882,0.0,0.0
MB-0295,0.4579413147796161,0.05694572803508698,0.48511295718529696,0.0,0.0
MB-0618,0.24871808182497313,0.06743610803157139,0.6838458101434555,0.0,0.0
MB-0496,0.5833403897894465,0.0,0.41665961021055364,0.0,0.0
MB-0411,0.5084385376913405,0.02029135300501018,0.41524419533983226,0.056025913963816974,0.0
MB-0285,0.8058998534650563,0.0,0.19410014653494373,0.0,0.0
MB-0360,0.016548917393642393,0.13115280024241735,0.7753968379455785,0.07690144441836184,0.0
MB-0359,0.47724676704314195,0.0,0.41002252191729205,0.037576689762103314,0.07515402127746261
MB-0344,0.5859590622233937,0.0,0.3406023327406379,0.0,0.07343860503596839
MB-0583,0.3014516373756553,0.0,0.6985483626243446,0.0,0.0
MB-0202,0.16245893921141424,0.0544849100693353,0.5674442378829885,0.21561191283626213,0.0
MB-0485,0.3040509038481005,0.15600669190932673,0.41973868041706264,0.12020372382551021,0.0
MB-0609,0.19506885217399195,0.09257897225680128,0.5066414838049962,0.17347445790434693,0.032236233859863565
MB-0538,0.3226796587783224,0.04209531658316421,0.45410858132447174,0.18111644331404175,0.0
MB-0197,0.2896962319651532,0.10473230558346218,0.20185747990032032,0.4037139825510642,0.0
MB-0410,0.6217612687384677,0.13913307089441457,0.1873682942473921,0.0019333155818304962,0.04980405053789507
MB-0528,0.2805920841608248,0.16937429430973683,0.3042744719394612,0.2457591495899772,0.0
MB-0165,0.4015616964549031,0.14429132684573942,0.1582847147573183,0.1885301426437209,0.10733211929831837
MB-0152,0.19551490258341778,0.15758241392044342,0.1254279883451386,0.48579347205203954,0.035681223098960546
MB-0546,0.510329438399647,0.11694685698069841,0.24942329776513328,0.05784829745915933,0.065452109395362
MB-0148,0.2927567353947229,0.1724117698274134,0.05849991959928031,0.4712819378588158,0.00504963731976754
MB-0594,0.03522672915689149,0.3819250915897612,0.30442642180347185,0.27842175744987546,0.0
MB-0521,0.5761215732970251,0.273949041644233,0.1247580524522472,0.025171332606494717,0.0
MB-0532,0.08533637548116876,0.09625405420208685,0.3284963427259018,0.4899132275908425,0.0
MB-0536,0.21834998278016557,0.11662887068434062,0.26674741312612177,0.39827373340937194,0.0
MB-0319,0.04076649682763744,0.11937547205447849,0.656500991154958,0.12294363118675312,0.06041340877617301
MB-0491,0.4189549995564052,0.0,0.43162325509266275,0.14942174535093206,0.0
MB-0404,0.14430034842035996,0.022041583573744392,0.6505595871297105,0.18309848087618516,0.0
MB-0243,0.36743601816793864,0.024740839808063436,0.607823142023998,0.0,0.0
MB-0580,0.36725574433337416,0.01307430793552818,0.3123663841108202,0.29268546765634257,0.014618095963934923
MB-0312,0.1263778595024428,0.1252866378950812,0.6489561448954076,0.09655788167663479,0.002821476030433447
MB-0060,0.0,0.2979020174133556,0.0,0.583187997255049,0.11890998533159533
MB-0635,0.7382711594225807,0.12547378187991548,0.0,0.13625505869750393,0.0
MB-0649,0.5014605582968911,0.2263103840499265,0.16588520301840143,0.0,0.1063438546347808
MB-0643,0.08761480356182705,0.2213696600950028,0.0,0.6573762956226431,0.03363924072052717
MB-0581,0.19304442131141192,0.13444208327891508,0.14689457662630215,0.4899239803609014,0.03569493842246947
MB-0383,0.26199467588015013,0.16669728318459578,0.25645921070980754,0.20268653847384321,0.11216229175160333
MB-0142,0.0,0.23440490615498338,0.6742419271325422,0.013003410525619671,0.0783497561868548
MB-0320,0.5320330687889733,0.08093975737665489,0.36238799461110904,0.0,0.024639179223262694
MB-0207,0.37945261929016494,0.12964270160572697,0.49090467910410807,0.0,0.0
MB-0167,0.0,0.21901312471243686,0.3129751231412744,0.3352563052712061,0.1327554468750826
MB-0591,0.16378959248865144,0.20295722005817818,0.55414145261748,0.07911173483569026,0.0
MB-0613,0.4472521473620314,0.10460838957645331,0.01694874444301015,0.4050743491677419,0.026116369450763195
MB-0313,0.0,0.36577383787628764,0.2516730651778022,0.35866192284984316,0.02389117409606699
MB-0599,0.47885567637905957,0.16665729847113725,0.3544870251498032,0.0,0.0
MB-0286,0.8225862181587699,0.14948675714153392,0.027927024699696195,0.0,0.0
MB-0575,0.4919303599171016,0.19602456545759375,0.12346444898946911,0.1238405837546852,0.06474004188115033
MB-0549,0.009609489257929486,0.14541056174523778,0.5203641468622512,0.3246158021345816,0.0
MB-0214,0.09083462612375405,0.12399448341300494,0.018472773606557535,0.7666981168566834,0.0
MB-0589,0.11676500955924958,0.2207756090928706,0.48909489743688767,0.1733644839109921,0.0
MB-0406,0.1476329786218308,0.21267530958632969,0.4703860203052634,0.148631337870886,0.02067435361569022
MB-0452,0.28910853360712285,0.12009585231240297,0.3476534875459443,0.24314212653452985,0.0
MB-0524,0.5373423360453657,0.07265326843037787,0.2749411111977671,0.11506328432648932,0.0
MB-0880,0.1654684232913711,0.18467646742253782,0.5931618168327316,0.0,0.05669329245335936
MB-0573,0.6055663797932996,0.1378662359455144,0.12070053442869372,0.03858480197067333,0.09728204786181897
MB-0664,0.0,0.0,0.0,0.8817719694003809,0.11822803059961906
MB-0446,0.3774832730115126,0.052434490068990376,0.0,0.5700822369194971,0.0
MB-0008,0.05089849402345681,0.23177092459921253,0.40633580432511984,0.3109947770522108,0.0
MB-0656,0.3480733638995482,0.08510237297767528,0.0,0.5668242631227765,0.0
MB-0154,0.4404353681541295,0.15497060276974506,0.4045940290761254,0.0,0.0
MB-0597,0.6767220576838462,0.1105943043838342,0.21268363793231948,0.0,0.0
MB-0550,0.2015880905661755,0.16093924724171588,0.29921165980342584,0.25623270702631756,0.08202829536236521
MB-0616,0.07957410721643718,0.17079147667125774,0.5688155659126526,0.1550394200933194,0.02577943010633303
MB-0448,0.0,0.3137705603306021,0.5783198634400878,0.08635885835304781,0.0215507178762623
MB-0412,0.0,0.2114627727476402,0.35053526795718964,0.36895417294873933,0.06904778634643088
MB-0122,0.2842900533127629,0.18261662130952508,0.533093325377712,0.0,0.0
MB-0425,0.3483007124865851,0.15747292377724242,0.49422636373617257,0.0,0.0
MB-0314,0.11060454963135695,0.10704708658182949,0.3364959086030407,0.4419300568479825,0.003922398335790354
MB-0356,0.33676981800953304,0.21818461521437707,0.34588719551830527,0.01372008117378383,0.08543829008400088
MB-0440,0.0,0.3040389964574559,0.40895656789184714,0.2343551125171823,0.05264932313351444
MB-0398,0.33321812776015414,0.1740063439757118,0.09195760629297658,0.24141440724562746,0.1594035147255301
MB-0438,0.35248755008940585,0.30113993682295775,0.0,0.3123419750091129,0.034030538078523416
MB-0449,0.2197044072742166,0.3275423646927347,0.4034845403935732,0.0,0.04926868763947543
MB-0162,0.28030266179129776,0.2801569044318189,0.3255442724137379,0.0,0.11399616136314551
MB-0593,0.3987068010690253,0.17331962701840117,0.02023053441254753,0.3368369394336666,0.07090609806635939
MB-0301,0.2919636429093025,0.29035553555483534,0.39713292198819494,0.0,0.020547899547667205
MB-0628,0.25274683028756484,0.1117364001753586,0.4293450009094084,0.10324294665851208,0.10292882196915601
MB-0283,0.022036933456758723,0.24723530566459276,0.35550218425576496,0.3476298495908988,0.027595727031984707
MB-0106,0.32429143527257753,0.13169545948857175,0.37198196648820514,0.0,0.17203113875064557
MB-0341,0.38648652206123424,0.1454488686727293,0.29652144861758056,0.17154316064845587,0.0
MB-0474,0.07820786649978699,0.2616019936329837,0.2837205404437042,0.35024997018534393,0.026219629238181216
MB-0394,0.2785574705593891,0.2922378091368222,0.3608373261074718,0.019900999598827112,0.048466394597489706
MB-0373,0.08653001249710013,0.2774880310178394,0.2262611838198735,0.3842314658557345,0.02548930680945249
MB-0247,0.6000378532044945,0.1332535144242932,0.20061722724890563,0.009176461452605294,0.056914943669701436
MB-0225,0.0,0.2994397991165041,0.5026944865299448,0.17296426197481027,0.024901452378741067
MB-0424,0.8493679970316935,0.0920287027618515,0.0,0.058603300206455065,0.0
MB-0209,0.7717090520191487,0.07569956718070474,0.0,0.15259138080014653,0.0
MB-0115,0.13724143802089805,0.08764655209346735,0.0,0.7751120098856347,0.0
MB-0136,0.5097894409281858,0.23654669279307883,0.23952951708504797,0.014134349193687433,0.0
MB-0542,0.32622296877411394,0.26192956428216024,0.07792993964765318,0.3060113434895971,0.027906183806475634
MB-0354,0.542601798241121,0.05229242824951949,0.0,0.4051057735093595,0.0
MB-0151,0.06258508525445876,0.17229657972379586,0.5756120972892729,0.1586948730906002,0.030811364641872202
MB-0590,0.0,0.13427648903988984,0.45587901748211995,0.3768378831203362,0.03300661035765389
MB-0608,0.18011371473600382,0.028740904399122934,0.0,0.7911453808648733,0.0
MB-0657,0.7266676575478523,0.0,0.19526349605582516,0.012832483609102833,0.06523636278721953
MB-0559,0.0,0.18121011553313765,0.6975970498533786,0.06551664055293002,0.05567619406055378
MB-0893,0.7228356388219404,0.028629163613999073,0.0,0.24853519756406053,0.0
MB-0514,0.22925480189428996,0.1361752407597494,0.4870859242466929,0.10079095592731954,0.04669307717194806
MB-0395,0.1396361990234911,0.08446943595511235,0.31211211089580126,0.4637822541255953,0.0
MB-0294,0.613619619698977,0.0,0.09246311354556311,0.09704223276833167,0.19687503398712802
MB-0439,0.0,0.2921142964677072,0.6310420468093851,0.07684365672290758,0.0
MB-0481,0.19437766360591716,0.07764664710586984,0.0,0.7240010586125036,0.003974630675709319
MB-0529,0.2079468326014404,0.1936182802661925,0.5208678919239063,0.003500472672399989,0.07406652253606084
MB-0224,0.4758815192631104,0.15823553149996272,0.3658829492369269,0.0,0.0
MB-0302,0.6370883972711097,0.10632460857959006,0.25658699414930025,0.0,0.0
MB-0126,0.21690237153059866,0.1985574615738758,0.5845401668955256,0.0,0.0
MB-0220,0.7696806132626492,0.04425614762606009,0.0,0.1745980714417177,0.011465167669572986
MB-0192,0.6027487607417495,0.14876753531814493,0.0,0.17121414529070747,0.07726955864939801
MB-0121,0.22415753818485212,0.2289682230768212,0.5341978079407436,0.012676430797583222,0.0
MB-0239,0.5004733731676272,0.12688953204974177,0.3536587431165245,0.018978351666106598,0.0
MB-0364,0.47708878402716365,0.11329642913656932,0.40961478683626695,0.0,0.0
MB-0232,0.2008612600074176,0.20689291441308555,0.5832661576954593,0.008979667884037592,0.0
MB-0884,0.0,0.34586394427859984,0.2749858131376667,0.2787644683784055,0.100385774205328
MB-0238,0.13053407902123376,0.06689673100077406,0.0,0.7173868028855649,0.08518238709242724
MB-0194,0.49148115461481384,0.07955730950239384,0.4289615358827924,0.0,0.0
MB-0882,0.04091349523517813,0.14843833759640043,0.46500861360113527,0.13963195811528561,0.20600759545200054
MB-0010,0.1748822622639902,0.2739635776772256,0.41147271777207295,0.1396814422867112,0.0
MB-0236,0.3358844458180216,0.17412851555554984,0.3172208631482616,0.1727661754781669,0.0
MB-0377,0.6966661787369253,0.07313893040060579,0.13870308563540665,0.0,0.09149180522706245
MB-0123,0.14578073747766176,0.3911149284406425,0.3251197599148803,0.13798457416681542,0.0
MB-0504,0.43798117408471093,0.16102045799722348,0.40099836791806565,0.0,0.0
MB-0564,0.36899017466670286,0.0,0.3061175380403011,0.3248922872929961,0.0
MB-0475,0.35604238075766315,0.01704639003747664,0.3897275479407276,0.23718368126413258,0.0
MB-0321,0.0,0.0,0.7783036427278602,0.18284643639948778,0.03884992087265206
MB-0482,0.388815280532408,0.0,0.19291245612559071,0.3920848705260766,0.026187392815924644
MB-0101,0.4080200052573374,0.09183122723201215,0.3768457557450644,0.085993387350577,0.037309624415009124
MB-0662,0.3864764621220713,0.0,0.2106647741665247,0.37558791768471317,0.02727084602669084
MB-0291,0.2600681458909071,0.017069933782769414,0.457097128283495,0.2657647920428283,0.0
MB-0465,0.20189122883399446,0.0,0.45122166939588015,0.34688710177012544,0.0
MB-0630,0.0,0.10149847303359677,0.5824938840714275,0.3160076428949756,0.0
MB-0036,0.19407760870767687,0.04784565478323119,0.7479199789970526,0.0,0.010156757512039245
MB-0166,0.2983126359628576,0.0,0.6089780034032661,0.019517893010034926,0.07319146762384128
MB-0180,0.1731385822225161,0.0,0.8211502416986555,0.0,0.00571117607882849
MB-0525,0.18064966591967963,0.0,0.2784541361639852,0.5408961979163351,0.0
MB-0307,0.48548287688951897,0.2888789339952061,0.0,0.18679257137129343,0.03884561774398147
MB-0002,0.11021380159246107,0.28019477174076346,0.5352205265428853,0.0,0.07437090012389021
MB-0408,0.2756577662146571,0.2555531015821081,0.34818148412635225,0.0361880002471058,0.08441964782977661
MB-0466,0.15547411208329853,0.2839372578305651,0.39990409314498876,0.11713702007190702,0.043547516869240535
MB-0632,0.48710721678393626,0.11654192695464737,0.2810912681501134,0.0,0.11525958811130291
MB-0120,0.23937517537286312,0.2568620294143009,0.09006592780620382,0.2874640323588608,0.12623283504777114
MB-0507,0.4477795279527161,0.24676878907560332,0.2604905320776794,0.0,0.044961150894001295
MB-0287,0.05159877766250567,0.3247238409356048,0.5117557568435404,0.10549907183142312,0.006422552726926133
MB-0869,0.0,0.057492771591102165,0.0,0.899859002593851,0.04264822581504686
MB-4633,0.29598893583658464,0.09144941998570183,0.5765230651285471,0.0,0.03603857904916632
MB-4627,0.18214243098616467,0.10325098764085044,0.5613384964701181,0.01800111630114204,0.13526696860172469
MB-4004,0.0,0.19917513474607196,0.5109985176586592,0.17506663003775738,0.11475971755751131
MB-4708,0.4326681670619575,0.04629729797991343,0.3713899785351402,0.0,0.14964455642298902
MB-4618,0.07860743066677688,0.14588807535917356,0.4395029897661616,0.11593979244054489,0.22006171176734313
MB-4641,0.2200508418533358,0.08449760090185261,0.5677921077477931,0.0,0.1276594494970185
MB-4622,0.22224397140656194,0.0,0.0,0.6049669008337566,0.17278912775968142
MB-4634,0.20090797348283934,0.04253709355060219,0.4897430163194689,0.037924363632186306,0.2288875530149033
MB-4688,0.02453160611452672,0.266709674437112,0.2598974328525635,0.3141264644221725,0.13473482217362523
MB-4665,0.0,0.1781852946852465,0.49797271506503693,0.0,0.32384199024971644
MB-4666,0.17245473554995103,0.11163668673727489,0.48625029326219704,0.017162376099490277,0.2124959083510868
MB-4640,0.14498553751264162,0.0,0.32806851951529425,0.37074994797591,0.1561959949961541
MB-4691,0.16610209242098595,0.037859793394223046,0.3207832283979437,0.07370889240746933,0.40154599337937796
MB-4671,0.0,0.11918583599553165,0.4665813862579197,0.029799309015612053,0.3844334687309366
MB-4667,0.3333749062220623,0.002617902715584095,0.0,0.23365639402903557,0.43035079703331797
MB-4721,0.23462233370332994,0.043075536190411254,0.4807101287249969,0.0,0.24159200138126188
MB-4723,0.0,0.10809168182812998,0.6344703238454926,0.16617474728255605,0.09126324704382119
MB-4718,0.5797775130766069,0.0,0.17449574407304747,0.0,0.24572674285034565
MB-4716,0.2930785278264871,0.07969355464310479,0.22323589812680922,0.103091856700208,0.3009001627033909
MB-4729,0.0,0.07974597894590918,0.441212042576634,0.19990821618763951,0.27913376228981734
MB-4717,0.0,0.0252251988917888,0.10927022467995938,0.7941980615506252,0.07130651487762663
MB-4724,0.225460735964712,0.02201922969595463,0.17722535560165725,0.5319682795241483,0.04332639921352781
MB-4770,0.18299379063683133,0.0,0.1439560171775247,0.6642657898562362,0.008784402329407864
MB-4752,0.09632980103567677,0.042417566079251415,0.6347495266747631,0.16076034967471153,0.06574275653559704
MB-4762,0.2166009292459589,0.0,0.604551183212174,0.0,0.17884788754186706
MB-5169,0.20428954983665376,0.0,0.6128267917081498,0.12610938492721777,0.05677427352797864
MB-4796,0.0,0.26507683585805764,0.5384817020137783,0.17480418502383588,0.021637277104328244
MB-4790,0.15088010421472053,0.11517857071139109,0.5646560296569267,0.0,0.16928529541696158
MB-4797,0.17189500382287193,0.21412485753481003,0.447360221731841,0.0,0.16661991691047695
MB-4800,0.07953706513146032,0.1493399847855298,0.5394976218661656,0.12980742947001328,0.10181789874683107
MB-5541,0.5860056072265761,0.1553464014110053,0.20457498689920603,0.0,0.0540730044632125
MB-5549,0.08297779095941812,0.170414793178759,0.1354255226052107,0.5724268723054103,0.0387550209512017
MB-5519,0.19926247158892563,0.12406633396680579,0.44033865452727866,0.04807573171494577,0.1882568082020441
MB-5495,0.45570586991269385,0.09803991536605575,0.33143482929465823,0.0,0.11481938542659215
MB-4832,0.32897370237345863,0.03635179517572428,0.5555110389970169,0.0,0.07916346345380014
MB-4745,0.16631462640071887,0.0,0.13463119750444824,0.5648798726949826,0.13417430339985018
MB-4825,0.11891573684259621,0.08791906661303427,0.653979306936606,0.0,0.1391858896077636
MB-4814,0.2400259167932179,0.026330579892762607,0.2904171330938424,0.2329603669037291,0.210266003316448
MB-4757,0.10729179436068755,0.054114246294054785,0.0010828607947525346,0.7931634040114541,0.04434769453905112
MB-4694,0.028364717218248587,0.0,0.01335317749005783,0.8112735056651016,0.1470085996265919
MB-4698,0.4361959875800515,0.019675328587400835,0.3864179293238813,0.0,0.15771075450866634
MB-4715,0.011503781134157209,0.0,0.0,0.7549436748543193,0.2335525440115234
MB-4685,0.0,0.06794101775566087,0.6265692446839604,0.08217234793591961,0.22331738962445924
MB-4712,0.13656076126296637,0.0,0.2989940295528388,0.31418846948075707,0.2502567397034377
MB-4672,0.0,0.07322863749754438,0.7526231156130745,0.03450864708371957,0.1396395998056616
MB-4704,0.4255433899658513,0.0,0.3130113241040647,0.0,0.2614452859300841
MB-4655,0.021512210715026195,0.26861725948882326,0.0409676590581778,0.16480975192304614,0.5040931188149265
MB-4651,0.044688257881336055,0.3118454745548082,0.1675300651773003,0.35142798680323195,0.12450821558332341
MB-4661,0.14345786897805174,0.21842056086477665,0.30119430368085703,0.0,0.3369272664763145
MB-4649,0.12331761822030814,0.25208174445018533,0.14918624520096066,0.05498646723249755,0.4204279248960484
MB-4642,0.0,0.2761403182726503,0.44704837103490475,0.21472340879844035,0.06208790189400449
MB-4674,0.0,0.2778368848202995,0.5003912875120039,0.0,0.22177182766769665
MB-4648,0.0,0.30946823561694603,0.3711428499368471,0.055239485679799805,0.2641494287664071
MB-5197,0.02745634656788048,0.24622156410881796,0.4570688207982219,0.1174394663605708,0.15181380216450885
MB-5152,0.12113159990879918,0.11028382460617683,0.578728778012862,0.03089185537298802,0.1589639420991739
MB-5201,0.04431836474171329,0.14462071632804555,0.6632149737763547,0.0,0.14784594515388644
MB-5189,0.2826343513304891,0.09517650415597002,0.4552419866006067,0.0,0.16694715791293413
MB-5281,0.3209368836005421,0.0,0.3335243602488808,0.11583719866446825,0.2297015574861087
MB-5212,0.040149456515373376,0.1728078991321663,0.3837742511694689,0.3513487597891778,0.051919633393813655
MB-5172,0.16602419287767248,0.16709001106786225,0.1906288216335182,0.33249820080916453,0.14375877361178244
MB-5183,0.23115751455761382,0.049978469473756185,0.4111141320563034,0.0,0.30774988391232655
MB-5185,0.2790925379005656,0.0,0.2837145257164453,0.021124966135709033,0.41606797024728
MB-5022,0.19020886147232396,0.0,0.5780312406728996,0.17557186530630156,0.05618803254847499
MB-5014,0.0793734026111089,0.11624233910281143,0.7016920564868862,0.013134012529828118,0.08955818926936532
MB-4994,0.14524022787866386,0.051857755458280405,0.7499145644113435,0.026671782943998627,0.026315669307713584
MB-5017,0.4065010479188887,0.0,0.06993364932041102,0.32285632107650397,0.20070898168419643
MB-4982,0.1982090115460313,0.0,0.10320498931829623,0.3429444780432371,0.35564152109243546
MB-5004,0.19373104987034134,0.0,0.0,0.12426039405281417,0.6820085560768444
MB-4986,0.05213487407947446,0.0,0.4940239178990969,0.2626888890007437,0.19115231902068494
MB-5327,0.2039993439147462,0.019501469181129223,0.23313602061337466,0.45972992308272237,0.08363324320802744
MB-5341,0.0,0.18900839755987206,0.6835535131996396,0.0,0.12743808924048824
MB-5323,0.445098955063412,0.0,0.0,0.42842621272738074,0.12647483220920727
MB-5328,0.08670913891939894,0.1621761772416549,0.4669419415187576,0.11460941356508492,0.16956332875510366
MB-5318,0.2505286670400796,0.019763840583403667,0.43351339453470955,0.2190024787452607,0.07719161909654654
MB-5287,0.2870428041100046,0.05299697253896835,0.41059441544880537,0.0,0.24936580790222165
MB-5324,0.3843573121915993,0.04665753808331175,0.4403244927897387,0.0,0.12866065693535034
MB-4682,0.0,0.16815384346675102,0.4642526321660805,0.13852105009931034,0.22907247426785818
MB-4710,0.3690487994119623,0.07214925182401709,0.3460122148212291,0.0,0.2127897339427916
MB-4701,0.21809819988348333,0.11537513729341821,0.5320988706072748,0.015372514857636374,0.11905527735818723
MB-4709,0.19279566978916385,0.05321034494962719,0.5956555858702408,0.0,0.1583383993909681
MB-4686,0.37513806859953824,0.04326614146975358,0.32935282914577935,0.09211944120618672,0.16012351957874207
MB-4706,0.28468687564557743,0.07706461990792365,0.3774641213286331,0.08587945259057543,0.17490493052729045
MB-4719,0.077769688584893,0.10140156786044856,0.7668847976225875,0.0,0.05394394593207087
MB-4702,0.0,0.08035161273006977,0.41051353851243083,0.25753724158852137,0.25159760716897794
MB-4908,0.0,0.1954971294309593,0.492134755546118,0.21684297224036708,0.09552514278255565
MB-4871,0.0,0.0363764392509637,0.1533294774738455,0.6024595034784854,0.2078345797967055
MB-4906,0.0,0.12257401196653547,0.6206012073750169,0.0,0.25682478065844766
MB-4911,0.0,0.04141823716905098,0.0,0.8835620004092543,0.07501976242169471
MB-4866,0.17099148496861732,0.04483523839361979,0.43260668389796736,0.0,0.3515665927397955
MB-4858,0.11763373584470574,0.059905147982653374,0.4589554633467086,0.2657888276601498,0.09771682516578255
MB-4862,0.09690362434005317,0.07105608708603052,0.31393508895161676,0.4923079369161963,0.02579726270610326
MB-4872,0.4612897004477221,0.05331351108117187,0.25273369607490037,0.0008222402581482065,0.23184085213805755
MB-4887,0.35678277616262527,0.0,0.2859074215084897,0.1711950790271233,0.1861147233017617
MB-4867,0.3730019520598996,0.05617454896323206,0.4872213323584605,0.0,0.08360216661840783
MB-4888,0.38580226706689286,0.0,0.0,0.5364582675225975,0.07773946541050966
MB-4929,0.0,0.01721832580900195,0.3743116377975817,0.22979853586608665,0.3786715005273297
MB-4945,0.08080862174989138,0.0,0.0,0.562744850343806,0.35644652790630266
MB-4930,0.0,0.10351210624042533,0.35439703363435143,0.37516394367498174,0.1669269164502415
MB-4894,0.04318975865119861,0.09408100485559336,0.4177606745501217,0.21879946177344903,0.22616910016963723
MB-4898,0.0,0.20230977266455205,0.6278938815504688,0.0,0.16979634578497912
MB-4670,0.034341817735918614,0.12729144902752007,0.451617124915472,0.0,0.38674960832108946
MB-5013,0.012891492710717089,0.11287503634761087,0.6404808895991311,0.0,0.233752581342541
MB-4977,0.24901778083453743,0.15626487932877575,0.4736869023867618,0.012651644767136738,0.10837879268278815
MB-4967,0.40889491655944604,0.0,0.3559915410310224,0.0,0.2351135424095316
MB-4981,0.5736533819128463,0.0061219340739871305,0.19073651273009584,0.0,0.22948817128307064
MB-4003,0.0,0.0,0.047973861720522405,0.3901437510982105,0.561882387181267
MB-4968,0.2546300947314186,0.1586724980190782,0.46256914365954466,0.0,0.12412826358995861
MB-5052,0.43260438792377237,0.0416350652006514,0.0,0.47754924536871796,0.04821130150685835
MB-5049,0.015423654206656404,0.04601972392386055,0.6840523911393211,0.17569148480575242,0.07881274592440933
MB-5041,0.3309483138982083,0.007772586303558113,0.0,0.4271952088177792,0.2340838909804544
MB-5044,0.06801690720497303,0.14622889014539237,0.5784492804422584,0.08886797845658759,0.11843694375078868
MB-5072,0.19620818396573392,0.0,0.4217839053131384,0.324763754286551,0.057244156434576726
MB-4171,0.07497431420363465,0.0,0.20865540732438342,0.1734738394584716,0.5428964390135104
MB-5053,0.3841879165164982,0.0,0.5174159434023382,0.0,0.09839614008116354
MB-5045,0.1800066725363258,0.0,0.18509451075072683,0.3808117400581983,0.25408707665474906
MB-5116,0.0,0.028194037707785804,0.7414998129023139,0.09799125766491154,0.1323148917249887
MB-5120,0.0,0.0,0.33116865460998707,0.46874774853174944,0.20008359685826338
MB-5074,0.20768739400706424,0.0,0.5152781585425248,0.08481375764676054,0.19222068980365042
MB-5119,0.27075618967318055,0.0,0.5392565898975683,0.006644729912337685,0.18334249051691348
MB-5114,0.38784595370603475,0.0,0.05975175244987765,0.5313016659075284,0.021100627936559264
MB-4230,0.2659465252655947,0.07888367442528126,0.17496830862658358,0.0,0.4802014916825405
MB-4154,0.2250241810599816,0.059434442829294665,0.0,0.40636813673055067,0.30917323938017316
MB-5115,0.0,0.0,0.0519202093184319,0.8605750714115715,0.0875047192699967
MB-4737,0.0,0.08177564073187138,0.5763272085739193,0.34189715069420934,0.0
MB-4764,0.532100091363481,0.0,0.3446975049519491,0.0,0.12320240368456985
MB-4735,0.09513130100371484,0.0,0.7334236297237452,0.06672837909221603,0.1047166901803239
MB-4730,0.07583589993234173,0.08762801413420442,0.7346551051439109,0.02830975335889503,0.07357122743064794
MB-4733,0.30519851670196924,0.0,0.0,0.5500637365286896,0.14473774676934112
MB-4758,0.08847197023937658,0.0,0.2819344508218584,0.629593578938765,0.0
MB-5033,0.0,0.07303539701986311,0.770314865205721,0.042153346272768254,0.11449639150164756
MB-4741,0.23337775982154516,0.0,0.6217418286496141,0.0,0.14488041152884074
MB-4732,0.14764091404796453,0.0,0.0,0.7301388033932397,0.12222028255879586
MB-5305,0.0,0.021488002744178114,0.7266699752380972,0.06867642861731237,0.1831655934004124
MB-5256,0.2192177822127081,0.0270992309211545,0.5539466891242523,0.0,0.19973629774188498
MB-5273,0.010373232988068493,0.02515134314088696,0.6067533953945132,0.17804931190829462,0.17967271656823655
MB-5236,0.0,0.0,0.0,0.8634773549675133,0.13652264503248673
MB-5238,0.47126435804943906,0.0,0.0,0.20442250863102782,0.32431313331953326
MB-5233,0.0,0.012206891225269564,0.6677365506638254,0.030599831368282263,0.28945672674262274
MB-5244,0.0,0.1445843600034743,0.7523343485641809,0.0,0.10308129143234472
MB-5253,0.463812249682714,0.022638241505480723,0.20646959427593647,0.0,0.30707991453586875
MB-5260,0.0,0.08683580093363202,0.7812265549501177,0.004734758493860293,0.12720288562239007
MB-4998,0.0,0.09747149404917221,0.6746397862739147,0.1595462861789773,0.06834243349793588
MB-4993,0.2466418673616095,0.0,0.23342806371874292,0.4009021484856265,0.11902792043402106
MB-5001,0.1739586985879475,0.09595768881317604,0.5956683931344228,0.004545405936182772,0.12986981352827087
MB-5084,0.2843844658815867,0.0,0.4913996031916814,0.0,0.22421593092673187
MB-4969,0.0,0.10245274148417909,0.7020096116468371,0.0,0.1955376468689838
MB-4999,0.07179504365224645,0.01891152476833742,0.6201123522015777,0.0,0.2891810793778383
MB-5011,0.2322469612094554,0.04381641988886173,0.44383674829045067,0.0,0.2800998706112323
MB-4959,0.3583497676920087,0.0,0.41920507172344,0.0,0.22244516058455135
MB-4599,0.0,0.10919070179535555,0.41673373397684227,0.0,0.47407556422780206
MB-4616,0.0,0.13142061382445142,0.5920729784168814,0.0,0.27650640775866725
MB-4623,0.2685324137061253,0.08125295799511408,0.2879152818533972,0.06264126770893455,0.29965807873642886
MB-4644,0.0,0.07021236325854545,0.5319962628638488,0.028999832577719084,0.3687915412998865
MB-4869,0.08260776372572856,0.0,0.6484560240608471,0.0,0.26893621221342434
MB-4878,0.30146933240241947,0.0,0.4165721800309713,0.07861204230172202,0.20334644526488724
MB-4851,0.062336437308993235,0.1030156003950254,0.6828741398925837,0.04054664424103732,0.11122717816236034
MB-4233,0.0,0.0,0.45002342932901124,0.2879970572416049,0.26197951342938375
MB-4937,0.15066421879022443,0.1315981899665745,0.20724206782119214,0.3930393257786475,0.1174561976433615
MB-4934,0.053746218477432134,0.21814567014424827,0.42545325880736845,0.12088793641253887,0.18176691615841226
MB-4899,0.3577088055220933,0.16947046686235015,0.3465117816657068,0.0,0.1263089459498498
MB-4912,0.0,0.2375431568576052,0.503560244837965,0.06017130964338057,0.19872528866104922
MB-4935,0.0,0.0,0.0,0.4743911752128321,0.525608824787168
MB-4933,0.2225078637357221,0.1757446369884613,0.1179620580616146,0.24679550057504213,0.2369899406391599
MB-4900,0.2719180529148698,0.1024125645420595,0.37161374550284376,0.17378834000092447,0.08026729703930248
MB-4941,0.3779104282179353,0.0,0.23759937964587396,0.0,0.38449019213619084
MB-5221,0.11866287196312092,0.21546161507904296,0.5122668365994149,0.0,0.15360867635842126
MB-5139,0.21142649287646043,0.26403019694748764,0.25699746557972364,0.1369405724691897,0.13060527212713846
MB-5222,0.2795331018069656,0.06721240802895101,0.0,0.6059067958001471,0.047347694363936425
MB-5097,0.2703016468613574,0.11872807278781516,0.2707071245742139,0.18754778377581477,0.15271537200079877
MB-5338,0.06393831588793633,0.09335321721496487,0.19438942355914662,0.47210897140355984,0.1762100719343924
MB-5315,0.2946921164438475,0.0,0.0,0.41974384457360064,0.28556403898255184
MB-5195,0.24222480371184668,0.0484989443060094,0.2545538538386497,0.29283034513753226,0.16189205300596202
MB-5226,0.14840588891868692,0.09987946229048723,0.46481607309420137,0.0428622215669236,0.24403635412970093
MB-5232,0.2936847508517699,0.0,0.0,0.48744550819186305,0.21886974095636702
MB-5160,0.0,0.19494746828168977,0.531070049132314,0.09919607530459697,0.17478640728139924
MB-5126,0.0,0.09077117072052208,0.0,0.8476108304234958,0.0616179988559822
MB-5124,0.21024868829333077,0.08344614274575332,0.5365644489556411,0.07284706367121996,0.09689365633405474
MB-4855,0.02340266137896767,0.10270640143532808,0.661678030504988,0.13959090132481103,0.0726220053559053
MB-5279,0.0,0.18879262113641138,0.7293302921548976,0.0,0.0818770867086911
MB-4173,0.10311780770863584,0.010057526139416963,0.6361852211403027,0.0,0.2506394450116444
MB-5145,0.38333115446865995,0.0,0.0,0.4903696649087236,0.1262991806226164
MB-4944,0.0,0.040625551977288926,0.8175557222509856,0.06924229835621429,0.07257642741551112
MB-4961,0.2776659447831802,0.0,0.5629152352277266,0.0,0.15941881998909332
MB-5121,0.0,0.12481950003684396,0.835736679900184,0.009253736369420985,0.030190083693551115
MB-4956,0.0,0.017923616311339322,0.6079329565801008,0.22671520652981367,0.1474282205787462
MB-4886,0.21676378787838532,0.0,0.24142046605906797,0.39787079352874316,0.14394495253380354
MB-4950,0.19970252777431183,0.0,0.5840713228524843,0.08593594978500496,0.13029019958819896
MB-4965,0.09546672582301502,0.0006376266421094818,0.7113623496859276,0.09123487066751204,0.10129842718143582
MB-4962,0.01349804284369548,0.0,0.7619157309546036,0.0,0.22458622620170085
MB-4952,0.3298617074014834,0.0,0.09650490290272665,0.49889443961818886,0.07473895007760108
MB-5267,0.46864653005453766,0.039349587390116486,0.37877295376130404,0.0037536792376416522,0.10947724955640016
MB-5266,0.0,0.05014832605892758,0.29026405272143024,0.33342125264313593,0.32616636857650616
MB-5396,0.09232118170580456,0.09222374335731656,0.3331323746074585,0.2266583947807511,0.2556643055486693
MB-4938,0.2104928052677351,0.0,0.10552925589345083,0.6830553991812212,0.0009225396575929018
MB-5351,0.5444789772565044,0.0,0.14545823449739875,0.09575147402814164,0.21431131421795516
MB-5347,0.0,0.17180362750850015,0.4871111551974725,0.05609998878417049,0.2849852285098569
MB-5312,0.19603982742741105,0.10289061485682932,0.06593474029947241,0.5541471851089652,0.080987632307322
MB-5311,0.6856231194694937,0.0,0.1083722011255746,0.0520262020700804,0.15397847733485132
MB-5284,0.35421100039918635,0.05224485762208768,0.432836753724791,0.0,0.16070738825393494
MB-4148,0.03322852294854273,0.1850178310989857,0.22777024378249303,0.18285302831143327,0.37113037385854547
MB-5078,0.08102118299220941,0.0,0.4169115127583527,0.37816276914656427,0.12390453510287357
MB-5088,0.19054838033058272,0.04567729912407075,0.48690954967133765,0.0020591408318858108,0.274805630042123
MB-5064,0.19226475423086012,0.048194707109899,0.6192265606238335,0.0,0.1403139780354073
MB-5107,0.0,0.10921181239913849,0.43219830253849884,0.22744429080839443,0.23114559425396808
MB-5066,0.30456412098585645,0.0,0.5531873253865941,0.0,0.14224855362754954
MB-5068,0.021137311948716524,0.10490032379387942,0.5462850643865202,0.0,0.3276772998708838
MB-5061,0.10244236204777095,0.05780035031095536,0.3612309975077854,0.17370046160135438,0.30482582853213397
MB-5070,0.2369956580340592,0.0,0.0,0.6372462368723069,0.125758105093634
MB-5059,0.2903261066644617,0.06456365161981482,0.532109414279166,0.0,0.11300082743655744
MB-4266,0.04692302554867861,0.0,0.37746945520766195,0.25040121756836076,0.3252063016752986
MB-4276,0.07142327037283916,0.0,0.3399594333098467,0.35575575060053505,0.232861545716779
MB-4771,0.23572452629533022,0.033037726965182306,0.556811467497144,0.05260902677026246,0.12181725247208086
MB-4739,0.38963612903314276,0.0,0.607987054129068,0.0,0.0023768168377892147
MB-5331,0.23432097636824675,0.0,0.5514295880364618,0.0439938523649393,0.170255583230352
MB-4743,0.5260508723295424,0.0,0.3914814772377452,0.0,0.08246765043271238
MB-4785,0.11478888251317956,0.10398130027880824,0.40212864934586323,0.0,0.37910116786214904
MB-4778,0.3792260950430982,0.14546815511022157,0.3682983685992024,0.0,0.10700738124747776
MB-4763,0.10071982098941745,0.10397656361134143,0.08016229387986255,0.5062815284195609,0.20885979309981753
MB-4779,0.41061150336998153,0.0805001568515176,0.35776822515298495,0.0,0.15112011462551603
MB-4849,0.0,0.21768913419494584,0.5072966541374249,0.028987842215984095,0.24602636945164513
MB-4787,0.14351296370797578,0.09900420817587363,0.37281331166797826,0.16022575949490667,0.22444375695326557
MB-4767,0.12579991429028778,0.21415699374688243,0.19189584417122507,0.25446057431261776,0.21368667347898698
MB-4784,0.15267575155631927,0.019273529475118234,0.28560613152871456,0.07741836652638491,0.4650262209134632
MB-5043,0.22852205097925424,0.011108666141221529,0.5450978352948482,0.01525420741716543,0.2000172401675107
MB-4992,0.32372271425675503,0.0,0.42165683621905603,0.07184631486428236,0.18277413465990658
MB-5020,0.21716716835625352,0.01316272777261292,0.5697923594899679,0.0436682422799971,0.15620950210116866
MB-5019,0.24528250689265033,0.0,0.28359981090250225,0.3350311986823113,0.13608648352253624
MB-5015,0.02925148019009128,0.1442671978900119,0.6593882214286035,0.04681497421890723,0.12027812627238597
MB-5048,0.09569348104543664,0.13362351885642898,0.6092847713857032,0.040769002945176935,0.12062922576725414
MB-5035,0.30416897420368916,0.12917726026561024,0.3819708900441752,0.09929036568391225,0.08539250980261304
MB-5398,0.1590406782966706,0.2393937039375673,0.5265920188917517,0.0,0.07497359887401052
MB-5377,0.1671750158560051,0.18808748363641478,0.5538852583777802,0.0,0.09085224212979992
MB-5291,0.0,0.3377792084921619,0.42780729770900533,0.06704845466525168,0.1673650391335812
MB-5403,0.019012227162555757,0.3665476175574905,0.49887857484801557,0.0,0.11556158043193826
MB-5224,0.35142108862159926,0.13073913342291155,0.34416996764050556,0.0,0.17366981031498366
MB-5369,0.09156996328170616,0.2371115856161218,0.5110106946299028,0.0,0.16030775647226916
MB-5404,0.15730052327696653,0.16044252716465132,0.39159435354564565,0.0,0.29066259601273653
MB-5397,0.19239866670017883,0.2139180770160523,0.3524040314068369,0.08391591951323474,0.15736330536369722
MB-5378,0.0,0.06331994790266704,0.09833953927796288,0.7939790508495405,0.04436146196982946
MB-5388,0.25062519774996883,0.17602404485892553,0.30825081614933325,0.06047307367699277,0.20462686756477966
MB-5395,0.3685779586299115,0.06486084774404682,0.2615327246995375,0.0,0.30502846892650415
MB-5365,0.17250751453081029,0.12006508534807804,0.5167581645207661,0.0,0.19066923560034557
MB-5389,0.0,0.29011610335368293,0.5949531248586564,0.0,0.11493077178766074
MB-5385,0.0,0.2655215905159368,0.5268481976589982,0.0,0.207630211825065
MB-5393,0.0,0.16766673620824843,0.3765482230652411,0.0,0.4557850407265103
MB-5289,0.13966495504084894,0.10695061071694642,0.41279701084239323,0.0,0.3405874233998113
MB-5361,0.07134610883864968,0.19114856452421466,0.3557478813488774,0.26072601363685244,0.12103143165140576
MB-5392,0.5394745817411966,0.06231224815851451,0.0,0.3384075381768361,0.059805631923452895
MB-5147,0.35294858776532745,0.14761427997449622,0.37068284104850824,0.034155361080802464,0.09459893013086558
MB-4140,0.0,0.16268027598636858,0.30106154282765835,0.0,0.5362581811859731
MB-5138,0.05573991064762644,0.004689312403108511,0.0,0.7213092948455693,0.21826148210369584
MB-5123,0.3879515293889555,0.2405209844310764,0.28426461321007923,0.024269358466603934,0.06299351450328494
MB-5065,0.3794003457587317,0.0,0.0,0.5489675545317226,0.07163209970954564
MB-4127,0.0,0.0,0.22439399806161284,0.24691474393112092,0.5286912580072664
MB-5058,0.30243223822036813,0.0,0.25503219882420614,0.3573694376181051,0.08516612533732054
MB-5050,0.32208749128200964,0.0,0.6207380784734583,0.0,0.057174430244532067
MB-5027,0.470605257689438,0.0,0.40367060393329507,0.0,0.12572413837726693
MB-5060,0.11860270407915285,0.0,0.659549534916965,0.10384388980228697,0.11800387120159528
MB-5062,0.016186210357771538,0.014196691206816561,0.45166597050419094,0.4305910608508522,0.08736006708036886
MB-5383,0.24812763686830128,0.0,0.591429269240077,0.0,0.1604430938916217
MB-5101,0.0,0.08262353250981933,0.5649311356090879,0.2657695056095862,0.08667582627150654
MB-5258,0.03881607505360295,0.0,0.1031851829427741,0.774545520754515,0.08345322124910799
MB-5268,0.3635748431033637,0.0,0.5388626042353203,0.0,0.09756255266131598
MB-5261,0.2005191559677087,0.07062739302793725,0.6450932628984061,0.0,0.0837601881059481
MB-5272,0.41181859085545397,0.04279638031688306,0.0,0.3721486333684821,0.17323639545918088
MB-5264,0.36368579474783136,0.0,0.49282667826673954,0.0,0.14348752698542902
MB-5259,0.26064055978686457,0.0,0.06814204715119182,0.4268313308279191,0.24438606223402468
MB-5306,0.0,0.0,0.4500302390957544,0.23964352003732078,0.3103262408669247
MB-5270,0.0546479987636077,0.05824290757391337,0.7865754248834209,0.05423286869317921,0.04630080008587882
MB-5411,0.0,0.1817857473389204,0.08612664891228822,0.5971319003334524,0.13495570341533888
MB-5490,0.09610554548628467,0.2864758510632936,0.46935877925516817,0.0,0.14805982419525338
MB-5421,0.12979012700812567,0.09490283621001558,0.0,0.6202418719666872,0.15506516481517166
MB-5348,0.17218119186413122,0.05126112747923086,0.0,0.7263893877332044,0.05016829292343353
MB-5429,0.20968700076818725,0.19394712692641355,0.43056355256020223,0.0,0.16580231974519688
MB-5405,0.3301238134674584,0.16104736100917894,0.0,0.24788729761407916,0.26094152790928354
MB-5414,0.0,0.23507584865723144,0.22979761662732853,0.4009997004998399,0.1341268342156001
MB-5489,0.40525976101444156,0.15776280687761607,0.33902960574670116,0.0,0.09794782636124122
MB-5417,0.1426734537435153,0.11185028890633748,0.0,0.3732220542719948,0.3722542030781525
MB-5481,0.09788393401986038,0.11007252147552282,0.5263453459271726,0.26569819857744437,0.0
MB-5409,0.29477195314567123,0.011161284122823323,0.0,0.5131903313890149,0.1808764313424906
MB-5413,0.3181646819130496,0.0,0.4239465726333553,0.0,0.2578887454535952
MB-5299,0.0,0.0,0.0,0.6955731629777128,0.30442683702228723
MB-5408,0.6089245864234383,0.008506635874198474,0.0,0.2423984325371607,0.14017034516520258
MB-5475,0.08182665336032341,0.2737957976480034,0.5221509765407755,0.0,0.12222657245089785
MB-5505,0.0,0.23014806754458353,0.4695786017457974,0.007320665522538002,0.29295266518708096
MB-5100,0.16823745539055376,0.04739942891007614,0.0,0.7753727212979628,0.00899039440140735
MB-5325,0.2025421715960382,0.0,0.0,0.6345133863958907,0.16294444200807118
MB-5502,0.0,0.08921612115084442,0.42405435429079336,0.25801372810291584,0.22871579645544643
MB-5485,0.0,0.18080590624960216,0.3346797684352635,0.25595064599568884,0.22856367931944532
MB-4293,0.1677627474598559,0.0,0.48243541357528363,0.0,0.34980183896486067
MB-4289,0.0,0.048105551227281725,0.3217455223739773,0.0,0.6301489263987409
MB-5293,0.182928350534465,0.19882370735898855,0.3247307186213321,0.0,0.2935172234852143
MB-5381,0.259788239516464,0.06903344320783647,0.0021148957511315115,0.32044872499865745,0.3486146965259106
MB-4834,0.0,0.25038305681008477,0.30342753143678347,0.31132698075722315,0.13486243099590856
MB-5498,0.26843153638371625,0.0,0.39108981508693935,0.2560092326205163,0.08446941590882812
MB-4749,0.08689828612463585,0.11226466424327511,0.6173572395107577,0.0,0.1834798101213313
MB-4818,0.013812519182570886,0.17158745618003715,0.6572666269216909,0.06093706364214354,0.09639633407355758
MB-4805,0.12632957669209824,0.024177762021584084,0.5974170430365319,0.19303366219598725,0.05904195605379859
MB-4809,0.024622554805309046,0.0,0.01622391461863111,0.868902673093574,0.0902508574824858
MB-5418,0.20064713674858628,0.15980309384425345,0.392560494958257,0.0,0.2469892744489034
MB-5441,0.24786229886853248,0.171751160353609,0.013487609605381248,0.08478972960499724,0.48210920156748
MB-5424,0.4219748213094044,0.19055267764759573,0.1752009855184326,0.00385278350792523,0.20841873201664202
MB-5296,0.4341158416486449,0.04551163927610457,0.0,0.2213657694723819,0.29900674960286855
MB-5446,0.3013180503086988,0.06585077423518655,0.29932408226634755,0.3000690600690786,0.03343803312068854
MB-5137,0.12960544741849858,0.0,0.0,0.8042764589518152,0.0661180936296862
MB-5219,0.1996843503383537,0.06037485472341976,0.6415352653569516,0.0,0.09840552958127491
MB-5093,0.1232789313152409,0.0,0.5086550747941512,0.22008001431621196,0.14798597957439596
MB-5350,0.5199813980796225,0.0,0.18160903433480405,0.17923650088385837,0.11917306670171504
MB-5230,0.43274537414233355,0.043829217659364005,0.4333801458368829,0.0,0.09004526236141958
MB-5206,0.23863270840041503,0.07107077268959025,0.6447650462305549,0.0,0.045531472679439924
MB-4687,0.39158839960238867,0.012337935050804195,0.09421397660835376,0.31364655901661753,0.18821312972183593
MB-5433,0.0,0.040140693958747725,0.7937407458645308,0.060379037374218306,0.10573952280250304
MB-5442,0.0,0.0,0.1051939853619379,0.7226490129688801,0.172157001669182
MB-5427,0.0,0.0,0.22691487959950477,0.6819666375374425,0.09111848286305284
MB-5491,0.0,0.0034954828384582185,0.7962494125964463,0.10745457692996165,0.09280052763513388
MB-5493,0.0,0.0,0.6293259114458847,0.23378381621244515,0.13689027234167023
MB-5451,0.27675973517991065,0.05569817544881718,0.566678165324699,0.0,0.10086392404657335
MB-5454,0.28591873368882725,0.03902310327826093,0.11230980592624253,0.36933078893466165,0.19341756817200767
MB-5360,0.18162238838734363,0.0,0.606382957630206,0.019002560355287516,0.19299209362716288
MB-5229,0.38414863161558505,0.0,0.1725232574207452,0.36636642036058775,0.07696169060308203
MB-4827,0.23519472506576994,0.0,0.6773765391076401,0.0,0.08742873582658985
MB-5455,0.35010900757356617,0.0,0.13486567652718126,0.10852715531849538,0.40649816058075716
MB-5349,0.2478951940227618,0.0,0.6410388891540701,0.0,0.11106591682316803
MB-5370,0.0,0.20520976824712286,0.7436345993963981,0.0,0.05115563235647907
MB-5290,0.060214414713366124,0.12335892820823581,0.6295312311833614,0.0,0.18689542589503663
MB-5366,0.12386872222192723,0.023718236342622753,0.26186700680037167,0.3347090066964428,0.25583702793863555
MB-5382,0.1641493895088432,0.11407695095489136,0.4892993649329561,0.026116845722239868,0.2063574488810696
MB-5402,0.08554986807706755,0.12170377272965618,0.5061931015178333,0.11669598452518644,0.1698572731502566
MB-5288,0.17061369735535103,0.20440743011690798,0.22421724151257708,0.15085824039105117,0.24990339062411276
MB-5384,0.11611023587918246,0.10183103439559955,0.42785842385471695,0.1843168836452601,0.16988342222524075
MB-5358,0.25100780714894305,0.12517892855304394,0.4910460361973872,0.0,0.1327672281006259
MB-4357,0.18706022935628508,0.07924983039203726,0.0,0.07492402729555968,0.6587659129561181
MB-4991,0.04535827879036015,0.21714292073406372,0.40759091033185013,0.27055975442268765,0.059348135721038295
MB-5401,0.1357113068479451,0.09469138474069183,0.4982958496282092,0.0,0.27130145878315387
MB-5387,0.0,0.0,0.0,0.6261532673300196,0.3738467326699805
MB-5390,0.0,0.04901101138818147,0.015500536835427849,0.8908972901176703,0.0445911616587205
MB-5412,0.4408607680718451,4.154760803473013e-05,0.4189895478419609,0.0,0.14010813647815917
MB-5193,0.023216647600347473,0.016807579724673442,0.8915396454643393,0.0,0.06843612721063976
MB-5182,0.21010555847022347,0.0,0.669383097764211,0.0,0.12051134376556553
MB-5157,0.32342320970869803,0.0,0.16779915972970313,0.27412845047105405,0.23464918009054486
MB-5205,0.0022854514507781917,0.0,0.17684301003820427,0.7723504247530496,0.048521113757967936
MB-5161,0.6469396163977694,0.0,0.3530603836022306,0.0,0.0
MB-5292,0.02537912091464304,0.13919216317852745,0.3456593103881894,0.3169247296571963,0.17284467586144386
MB-5211,0.0,0.2554008991175984,0.5030656503249884,0.11594935639953069,0.12558409415788246
MB-5218,0.0,0.20838457889608109,0.5129928378577697,0.27862258324614936,0.0
MB-5209,0.0,0.0,0.0,0.5641140542936974,0.4358859457063026
MB-5227,0.23447018878707526,0.16083426793099806,0.3604148300651104,0.13009798664454733,0.11418272657226888
MB-5213,0.13823437689637005,0.0,0.21670915517673117,0.6450564679268987,0.0
MB-5166,0.0,0.0,0.5648659955613827,0.3322861871278897,0.10284781731072763
MB-5163,0.23475749586669417,0.0,0.4598911705277605,0.08372587473518035,0.221625458870365
MB-5188,0.18861318011902134,0.0,0.15409992580012624,0.6572868940808525,0.0
MB-5143,0.33184368948127885,0.0,0.4968844323353598,0.0,0.17127187818336134
MB-5329,0.31430062123183977,0.0,0.4525629837833106,0.13387701906593838,0.09925937591891125
MB-5322,0.16942737890560677,0.0,0.6575374801654144,0.1508321082860232,0.022203032642955704
MB-5310,0.3445068654209785,0.0,0.5764531211176821,0.05780194003833023,0.021238073423009107
MB-4000,0.04373834743733436,0.0,0.7542581379735783,0.11383249577551555,0.08817101881357181
MB-5240,0.39361263275271124,0.0,0.5840406061043035,0.0,0.02234676114298522
MB-5228,0.0,0.0,0.6078014731761924,0.24886672565959128,0.14333180116421634
MB-5136,0.5205712984766773,0.0,0.3666590959006907,0.018721428481098316,0.0940481771415338
MB-5140,0.0,0.0,0.4467161273587547,0.2227425187590593,0.33054135388218603
MB-5106,0.12084982209864273,0.0,0.6048923726836034,0.27425780521775384,0.0
MB-5117,0.1688141418539517,0.0,0.6929831038056189,0.104524153230844,0.03367860110958555
MB-5104,0.20768689124923437,0.0,0.5422450479381099,0.0,0.2500680608126557
MB-5131,0.23442283875078862,0.0,0.5829587254873736,0.0,0.18261843576183784
MB-5109,0.4131940701657273,0.0,0.48340095022339286,0.0373640485581713,0.06604093105270849
MB-5176,0.3322320310314905,0.0,0.3418529806556827,0.3259149883128267,0.0
MB-5158,0.2314942830874237,0.0,0.7630205834293695,0.0054851334832067555,0.0
MB-5076,0.024141654649725168,0.0,0.11100690110621804,0.8062364934824795,0.05861495076157717
MB-5215,0.0,0.0,0.943107170761015,0.052659183779791265,0.0042336454591936495
MB-5223,0.5673472947242874,0.0,0.04611080587388306,0.38654189940182976,0.0
MB-5179,0.3039301731494303,0.0,0.49032897132544995,0.005661977465472712,0.20007887805964703
MB-5330,0.2306545356265186,0.0,0.5665266616017142,0.007521767329925684,0.19529703544184146
MB-5144,0.0,0.0,0.7262537239494372,0.1918900437165985,0.0818562323339642
MB-5196,0.1120983033887069,0.0,0.6272781612314051,0.18344598455381156,0.07717755082607629
MB-5200,0.0,0.0,0.6284327131122177,0.3169306325576316,0.054636654330150684
MB-5583,0.3290703040101565,0.2413749106655294,0.27490281601526123,0.0,0.154651969309053
MB-5601,0.264062944044215,0.40203207050531453,0.22121074138351168,0.06304413501648991,0.04965010905046898
MB-5632,0.014540561805626762,0.24053468301738692,0.2199147391902108,0.30613552219750517,0.21887449378927043
MB-5616,0.23460745744991687,0.07548969203190088,0.0,0.6899028505181823,0.0
MB-5604,0.0,0.3323768300459305,0.4351281560208669,0.13714247353856013,0.09535254039464262
MB-5589,0.18595350773012417,0.15702586977565552,0.45990135769729323,0.0,0.1971192647969272
MB-5582,0.4091175604434821,0.13270964595525087,0.25308909352583747,0.0,0.20508370007542967
MB-5625,0.13514086347833104,0.06899339060438237,0.014316204280786688,0.6965098381593071,0.08503970347719282
MB-5571,0.08460562373844453,0.33678531014742213,0.44638134138229935,0.0,0.13222772473183392
MB-5596,0.31300584053789754,0.3469767827885227,0.11780270084802509,0.0,0.22221467582555476
MB-5590,0.14105298609420866,0.37794129707854546,0.17653320760495314,0.11519961424301252,0.18927289497928032
MB-5599,0.31109502584908755,0.2619208598220028,0.23104344835902038,0.022001105395369477,0.17393956057451976
MB-5629,0.3138108845091697,0.30429842543147717,0.1642570481769801,0.004209288867823324,0.21342435301454982
MB-5579,0.4891391402964776,0.251658025735261,0.09187444246757474,0.0,0.1673283915006867
MB-5623,0.10243045340590488,0.3559669166044555,0.29862601376982717,0.029169709976894862,0.21380690624291762
MB-5654,0.0625372420623216,0.28243349987804206,0.49422998566000476,0.0,0.1607992723996315
MB-5617,0.0,0.3569612369270511,0.5088440978289133,0.0,0.13419466524403548
MB-5638,0.0,0.23746892701729433,0.3156045346455609,0.14428749227304696,0.30263904606409786
MB-5635,0.16731063380016567,0.06283450239641847,0.47226620566955846,0.06448619201065682,0.23310246612320065
MB-5642,0.0955546573459309,0.16379513434923973,0.5733938776953238,0.0,0.16725633060950565
MB-5647,0.05096383835340471,0.14855550472736698,0.49823081868249786,0.1550993997045479,0.14715043853218246
MB-4018,0.327723497231045,0.15349895850460532,0.32848472926050937,0.0,0.19029281500384024
MB-5584,0.07124589124986166,0.0969066522599922,0.30084489313560175,0.5310025633545444,0.0
MB-5626,0.20305697537119752,0.1183570659210432,0.49363672854804685,0.013648156235106203,0.17130107392460633
MB-5602,0.25889884107817374,0.09327608518750714,0.0,0.6063913523951272,0.04143372133919195
MB-5653,0.19258508712066794,0.24061804087897792,0.20515472772553697,0.14106450259712888,0.22057764167768829
MB-5576,0.12172792847574763,0.38375122843164383,0.10163335784048218,0.26673368646144074,0.12615379879068567
MB-5575,0.007058848626747139,0.34319493384670474,0.20585906190934763,0.2740631165036615,0.16982403911353902
MB-5646,0.0,0.36423632012516943,0.32041010999797753,0.09706535280497851,0.21828821707187449
MB-5634,0.04052109594531067,0.11204568323064507,0.0,0.6345926723468682,0.21284054847717596
MB-5591,0.3323140152748649,0.20494180806866524,0.33901069601107986,0.0,0.12373348064538996
MB-5567,0.15980150350176664,0.17721568221516243,0.5210096300684025,0.0,0.1419731842146684
MB-5651,0.427193427048204,0.0,0.0,0.35645745533638246,0.2163491176154135
MB-5603,0.4730471427226324,0.17498501487317472,0.13724262487521158,0.06001687486435614,0.15470834266462521
MB-5622,0.0,0.2198526461975591,0.5151663861783977,0.11446669337045517,0.15051427425358804
MB-5597,0.21973100281283175,0.15591347762257127,0.5548673849768369,0.0,0.06948813458776024
MB-5613,0.14027399977008892,0.1544990125036498,0.3481057752761439,0.3571212124501173,0.0
MB-5580,0.26802767416500084,0.17102097629921528,0.3629679666706061,0.0,0.1979833828651778
MB-5645,0.14184447160261252,0.2720795430656067,0.34786231992351513,0.028058274730768742,0.21015539067749694
MB-5548,0.21045969572394693,0.0,0.09889321549358956,0.6906470887824634,0.0
MB-5526,0.14545811154418484,0.0,0.0,0.7604499375417033,0.09409195091411181
MB-5531,0.38687190129583565,0.0,0.0,0.5807400666805196,0.03238803202364479
MB-5468,0.0,0.0,0.0,0.8466498294323668,0.15335017056763328
MB-5474,0.41911981160842643,0.0,0.0,0.3122976287836518,0.2685825596079217
MB-5514,0.0,0.1960267048077024,0.643912872611319,0.0,0.16006042258097852
MB-5302,0.09852252980603458,0.13393925001305743,0.21018017082072651,0.22319698210421937,0.3341610672559621
MB-5510,0.10023744429938634,0.23282244244227418,0.5075795967522518,0.0,0.15936051650608765
MB-5473,0.26150917672843704,0.1809934230583759,0.41920842700975364,0.0,0.1382889732034334
MB-5484,0.18595572673466615,0.05269950442963388,0.3218111470209701,0.0,0.43953362181472994
MB-5432,0.07617614367111923,0.166160566509829,0.4902598920588049,0.12716346785234564,0.1402399299079011
MB-5525,0.025710965278226163,0.1641761999580339,0.5488010640050022,0.10206820248127516,0.15924356827746267
MB-5562,0.0571312562325764,0.1993576056824902,0.6490959245698938,0.0,0.09441521351503956
MB-5497,0.0,0.21992494469956955,0.6256692641226913,0.1544057911777392,0.0
MB-5551,0.1400935263046448,0.0,0.1679381023222113,0.6505018176216306,0.04146655375151328
MB-5300,0.32518740511923006,0.13294624463579816,0.5075091595870578,0.0,0.03435719065791412
MB-5560,0.1354853784107667,0.09582459075845039,0.0,0.7389874228733349,0.029702607957448095
MB-5550,0.03287084060377212,0.16913389375943338,0.6167490443267116,0.0,0.18124622131008286
MB-5520,0.24298046577191296,0.18743913007427976,0.23482351757587488,0.3182056126476735,0.01655127393025889
MB-5529,0.11886507495242424,0.03209515747501046,0.0,0.7460618418701828,0.10297792570238254
MB-5554,0.3426246521065153,0.2186412727247589,0.30157292488882614,0.05907143299434694,0.07808971728555264
MB-5301,0.36308179525912454,0.0419902344039239,0.2458469376369826,0.18013279672718047,0.1689482359727884
MB-4421,0.0,0.06972937431262954,0.40126734877222947,0.0,0.5290032769151409
MB-4408,0.0,0.0,0.0,0.43188113211306195,0.568118867886938
MB-4146,0.0,0.0,0.0,0.363422877237771,0.636577122762229
MB-5534,0.5425400544126898,0.07764536431609759,0.09884341733113133,0.248232193837373,0.032738970102708334
MB-5521,0.39777918508560123,0.07650779456609538,0.08984172556442302,0.33627102341362386,0.09960027137025657
MB-5482,0.29960078750069824,0.0,0.08608359094913944,0.5186348545680122,0.09568076698215028
MB-5483,0.22446419553356778,0.04700972534399027,0.3406938282809415,0.38783225084150047,0.0
MB-5532,0.0,0.0,0.6628562782396192,0.09966130730889555,0.23748241445148519
MB-5556,0.0,0.0994294325065902,0.6349895629822999,0.2655810045111099,0.0
MB-5518,0.0299290942794829,0.02935357725158806,0.44715985861579916,0.3242200270594178,0.16933744279371205
MB-5486,0.10501940298253751,0.07231531810177612,0.655040081943156,0.12609730449142578,0.04152789248110454
MB-5511,0.1764015362580075,0.07519733036546533,0.316447632200385,0.37790343922081343,0.05405006195532887
MB-5422,0.19979093102373144,0.0,0.5137745774277147,0.0,0.28643449154855366
MB-5535,0.31258947216779914,0.0,0.03434848734254083,0.3948144423712658,0.25824759811839426
MB-5477,0.0055004433707581245,0.17284710456388316,0.66241519503839,0.1387059780393224,0.02053127898764628
MB-5472,0.177654298249238,0.11293342935123239,0.6681849490649548,0.0,0.04122732333457478
MB-5540,0.048881911525955425,0.19718051906917716,0.2565554734944581,0.41209177954838216,0.08529031636202725
MB-5184,0.6125828948837714,0.04137620912091143,0.29021795132590245,0.0,0.05582294466941471
MB-5294,0.14188697610588866,0.06537954851728503,0.016751735332387687,0.6471893114230373,0.1287924286214014
MB-5565,0.23792418600311893,0.038886150128192354,0.0,0.7231896638686887,0.0
MB-5040,0.04784738356255293,0.29056218041693066,0.18203600300351852,0.25146006413065963,0.22809436888633824
MB-4801,0.07759851472744916,0.35689469774685223,0.3596956331762954,0.0,0.20581115434940328
MB-5499,0.4184761490246,0.16731006717480904,0.2789994088891517,0.0,0.13521437491143914
MB-5459,0.0,0.28207596654744926,0.4199245914555047,0.11073350270409611,0.18726593929294996
MB-5243,0.18019657278987425,0.20470291355886935,0.319567997064958,0.12690939561477882,0.16862312097151946
MB-4120,0.0,0.22345476532498065,0.4554350653606375,0.0,0.3211101693143819
MB-4966,0.43432267463981056,0.1787884680965138,0.22019626157958178,0.0,0.16669259568409384
MB-5457,0.41618068026876004,0.23988839381862329,0.2377796039122135,0.0,0.10615132200040325
MB-4011,0.05805113550582702,0.2579849337859633,0.30613444519767463,0.11194206717735548,0.26588741833317947
MB-5478,0.40171813284040975,0.3628177366963401,0.0,0.050307130036801116,0.18515700042644914
MB-4822,0.36381972259351436,0.16415816525176935,0.3219079833546349,0.0,0.15011412880008138
MB-4017,0.0,0.38719937424709777,0.4514280840241303,0.0069555024866734885,0.15441703924209832
MB-5018,0.07450317330928924,0.4473997127211063,0.28853625356408447,0.021625011542740373,0.16793584886277965
MB-4791,0.23529812576980996,0.3540592674399646,0.0,0.18327145273474718,0.2273711540554783
MB-5118,0.2732499598708476,0.25109687022007565,0.2998355135903313,0.0,0.17581765631874538
MB-4806,0.2892403741858688,0.24768151765813048,0.35229436913970735,0.0,0.11078373901629333
MB-4970,0.0,0.3941659076724906,0.450240452431266,0.062425956738573325,0.09316768315767003
MB-2964,0.25960147831620656,0.1450268618131884,0.34141440258420486,0.2333064797911013,0.020650777495298926
MB-2963,0.6969048156926695,0.08220176291298939,0.09496533930898744,0.11632790584470334,0.009600176240650354
MB-2957,0.20594018283365634,0.08229431346368404,0.0,0.7117655037026597,0.0
MB-2954,0.044344286708656325,0.36766534129567224,0.5507584379826763,0.037231934012995085,0.0
MB-2916,0.49514948933655717,0.21088097175758344,0.2939695389058594,0.0,0.0
MB-2725,0.558993688140079,0.024252085818546695,0.4098835536315024,0.0,0.006870672409871938
MB-2711,0.2812789563718044,0.1580777533176537,0.5606432903105418,0.0,0.0
MB-2730,0.0,0.30525332806517685,0.4149031730187758,0.2798434989160475,0.0
MB-2669,0.3749683810335863,0.07353200080413422,0.4665054038342979,0.08499421432798147,0.0
MB-2705,0.09918950720843833,0.15620865450131605,0.6882313141671907,0.009804530859691095,0.046565993263363775
MB-2728,0.20044541908909141,0.23087017639351257,0.3112310210596872,0.25745338345770874,0.0
MB-2708,0.40770745393856955,0.24007357717730393,0.2447184580373372,0.1075005108467893,0.0
MB-2735,0.217837027900603,0.12871849071401248,0.4116308619621681,0.22564634193390704,0.01616727748930941
MB-3035,0.34477634115645484,0.1890999695153081,0.33398451841223675,0.0,0.13213917091600033
MB-3064,0.5850939584320067,0.06919803314837361,0.2669138612807195,0.0,0.07879414713890015
MB-3060,0.08723829075422107,0.22636578251368722,0.550895437329659,0.13550048940243256,0.0
MB-3049,0.4961243173327259,0.14335409882997,0.3023862055659131,0.0,0.05813537827139114
MB-3037,0.3579593282369331,0.2055358442232973,0.4365048275397696,0.0,0.0
MB-3063,0.13189085534463102,0.10452082537945355,0.0,0.7635883192759154,0.0
MB-3083,0.0,0.28501305292752666,0.4065565713694762,0.1363222068425087,0.17210816886048844
MB-3046,0.37065400512998353,0.022025749629367146,0.0,0.4481025869229328,0.15921765831771637
MB-3067,0.18347480171763167,0.06781916625906531,0.0,0.7466790505184452,0.0020269815048578246
MB-3351,0.21238454765692452,0.4540122147305716,0.31533066726006037,0.0,0.018272570352443486
MB-3367,0.21024117365937986,0.13126947497478422,0.0,0.6431703169611862,0.015319034404649616
MB-3361,0.13244631328918077,0.3520561336413758,0.27232003893770446,0.2317598260018208,0.011417688129918085
MB-3412,0.33894457092847374,0.3329830744388153,0.29522876703194445,0.0,0.03284358760076645
MB-3371,0.16519322930634792,0.40629719686112414,0.32393183941414977,0.03605597242159233,0.06852176199678583
MB-3429,0.6757770825565927,0.21240642128955844,0.0,0.0,0.11181649615384884
MB-3360,0.14676488112281416,0.3069356162114306,0.24425780236615577,0.21627476872811588,0.08576693157148367
MB-3403,0.33804367258254386,0.34946727689784046,0.31248905051961556,0.0,0.0
MB-3350,0.0,0.4368134634307043,0.45009651709706294,0.0,0.11309001947223285
MB-3355,0.24609443900282751,0.23745957070013277,0.0,0.4105139769525403,0.10593201334449925
MB-3329,0.29854038158491236,0.30413311989311087,0.0,0.371956291927591,0.025370206594385686
MB-3467,0.4095363218309188,0.14824987441203175,0.11125657703284067,0.33095722672420874,0.0
MB-3341,0.2766055280098077,0.2582365961344379,0.35992460959543465,0.0,0.10523326626031974
MB-3298,0.4356343568890306,0.29749054146121384,0.14063667007838496,0.0,0.12623843157137052
MB-3357,0.0,0.32179445135813656,0.32114928207871335,0.26433433289677155,0.09272193366637861
MB-3388,0.004466821131585031,0.3592921888836852,0.21268457916530856,0.32048773626607424,0.10306867455334692
MB-3365,0.13955594107214173,0.41109589397950985,0.42728856989293706,0.0,0.022059595055411312
MB-2749,0.558594938227373,0.08167991597815932,0.3597251457944675,0.0,0.0
MB-2754,0.4768734149583246,0.17580524077883514,0.19862495793799495,0.14869638632484536,0.0
MB-2752,0.2947758644729184,0.16315609467671582,0.486000877384276,0.0,0.0560671634660898
MB-2745,0.15665816194513685,0.26152788091392654,0.5064041894495007,0.02205701998911836,0.05335274770231754
MB-2747,0.21259523486141363,0.20946341961724166,0.5779413455213447,0.0,0.0
MB-2760,0.30254596571086834,0.23618372540886987,0.4612703088802618,0.0,0.0
MB-2742,0.12619521812990783,0.14753426985257556,0.0,0.7262705120175166,0.0
MB-2750,0.39140951094191356,0.18388555936772558,0.42470492969036083,0.0,0.0
MB-2753,0.07747712283397794,0.16269308987217196,0.0,0.7598297872938501,0.0
MB-2966,0.2521315048682845,0.4302689400386195,0.2357894591112762,0.06193914085042087,0.01987095513139889
MB-2953,0.3240428362556863,0.3117790496029871,0.03105899150677113,0.2568904448035141,0.07622867783104147
MB-2969,0.4832727560805959,0.31747056837604654,0.08510878712051019,0.0,0.11414788842284743
MB-3014,0.013414222692926305,0.16529901568118427,0.0,0.7659241816730132,0.055362579952876155
MB-2947,0.39332489155520706,0.3630631064728947,0.13420241448642542,0.0,0.10940958748547283
MB-2951,0.3400757036245093,0.495874792667878,0.02659311114079957,0.05355229482738321,0.08390409773942992
MB-2960,0.24924177812219614,0.3059588253764259,0.3753296544963702,0.0,0.06946974200500775
MB-2970,0.5690934199380088,0.31458643546273357,0.0,0.0,0.11632014459925777
MB-2971,0.41131414619103757,0.2582518566692371,0.2177424296209462,0.0,0.11269156751877912
MB-2933,0.35852335718715816,0.24598919428597707,0.3119087840584515,0.0,0.08357866446841329
MB-3479,0.8608519841013116,0.019101354743465287,0.023696068478487754,0.0,0.0963505926767354
MB-3490,0.13765782875020544,0.125558417145573,0.39524747882957517,0.13080912200560946,0.21072715326903677
MB-3487,0.0,0.2939695311948223,0.3957450557069184,0.2506519961362285,0.059633416962030734
MB-3459,0.4667898024982179,0.1994738098880035,0.06289574807898929,0.1362782998283052,0.13456233970648412
MB-3476,0.1777324709295793,0.0,0.0,0.5933562929464179,0.22891123612400288
MB-3492,0.17375887471625023,0.18218913164256015,0.32907622174783113,0.15381845119719267,0.16115732069616595
MB-3452,0.46246898332038494,0.10608155614694953,0.1753133003590596,0.23756672097812206,0.018569439195483973
MB-3303,0.24749534325131486,0.25229835244719945,0.3081960975502855,0.1920102067512002,0.0
MB-3328,0.30084504668287754,0.27245244888408776,0.389643498146858,0.03705900628617676,0.0
MB-3300,0.037037318388295465,0.2527369466628624,0.5311257117076537,0.17506214823927763,0.004037875001910897
MB-3277,0.09678366860131901,0.07594272836089702,0.0,0.7940091121708522,0.03326449086693168
MB-3254,0.4068199643293757,0.07908426140512621,0.48650723991785655,0.0,0.027588534347641455
MB-3275,0.30548663695432005,0.2517767350286435,0.20729270578225784,0.21742664094630842,0.018017281288470258
MB-3272,0.08868020657088548,0.2995866316693537,0.2946267095407696,0.3122641087201313,0.004842343498860019
MB-3271,0.12994168031371697,0.129671058841249,0.0,0.740387260845034,0.0
MB-3292,0.36096206490870647,0.004695417011600964,0.0,0.6343425180796927,0.0
MB-3840,0.0,0.4249531046006507,0.4576417097826165,0.009013563059606183,0.10839162255712666
MB-2536,0.5128566161521362,0.31548195458875494,0.0,0.0,0.17166142925910885
MB-2564,0.41358654016059815,0.25173841487908083,0.19003472503839972,0.0,0.14464031992192122
MB-2513,0.4312531964833962,0.25008474587784196,0.0,0.17104460528576063,0.14761745235300114
MB-2617,0.33772947043093604,0.3579759989866731,0.14708909776056542,0.11954820485575698,0.03765722796606852
MB-2614,0.34227714179324575,0.40002779140449135,0.21259267109863883,0.0,0.045102395703624114
MB-2632,0.0,0.3098523957222881,0.0,0.6339855340373205,0.05616207024039128
MB-2556,0.7496730605274107,0.04689342288701338,0.0,0.04523575481610308,0.1581977617694729
MB-2624,0.5235605707955767,0.26505920955413226,0.10714979516185684,0.0,0.10423042448843409
MB-2867,0.507156895420565,0.33342860102056915,0.06299788360938206,0.0,0.09641661994948371
MB-2922,0.12469667086460873,0.17139395499339333,0.06146709405241951,0.47551662837996383,0.16692565170961454
MB-2917,0.04428060978778943,0.21593610262939295,0.0,0.720441974393286,0.019341313189531535
MB-2858,0.03545043722132345,0.36542670110480974,0.29117794479270726,0.24641332384334286,0.06153159303781658
MB-2854,0.12543214799323252,0.3714466661015892,0.20430308865824337,0.0,0.298818097246935
MB-2853,0.1132824542365365,0.4077964700575949,0.2987232687530149,0.0,0.18019780695285373
MB-3235,0.18452700745905812,0.24352822255416975,0.08574708779093035,0.37527652120734867,0.11092116098849321
MB-3165,0.0,0.13224552574897003,0.23827664226764242,0.5837013150018316,0.04577651698155596
MB-3171,0.2682025805861141,0.31796555157685885,0.3180758659929959,0.0,0.09575600184403106
MB-3167,0.0,0.1284174681026527,0.47139925518435555,0.0,0.40018327671299175
MB-3222,0.4419069625231862,0.21457762658874716,0.3435154108880667,0.0,0.0
MB-3706,0.16300619347795106,0.08893350390279436,0.0,0.7480603026192545,0.0
MB-3497,0.25774525473475074,0.24448924633711422,0.005804180583311575,0.3790203480356945,0.11294097030912909
MB-3488,0.09733180550064126,0.23609199658498056,0.08875077126076043,0.37286935043731295,0.2049560762163047
MB-3711,0.3470087668342774,0.2750457932477085,0.2527143403198386,0.02581813684328194,0.0994129627548936
MB-3548,0.17699661836081393,0.2673689431242883,0.32413058854782767,0.03536800956720278,0.19613584039986737
MB-3506,0.04404860646285546,0.22418703646800603,0.3782985234450623,0.28106467179431915,0.0724011618297571
MB-3525,0.0,0.3834146026003408,0.2271086723329051,0.26012189799481494,0.1293548270719392
MB-3606,0.2111140187405684,0.07896620851426193,0.0,0.4877830190542044,0.22213675369096522
MB-3453,0.2566957906362407,0.17139970596579882,0.0,0.4577984171890834,0.11410608620887712
MB-3545,0.5105325302546935,0.20358022101753045,0.16863616579399004,0.0,0.11725108293378611
MB-3470,0.2513280483284412,0.16010533182515493,0.11874920067917971,0.38758252618093325,0.08223489298629093
MB-2765,0.4424423550472365,0.2794650500511592,0.22515152741494168,0.033609794982283996,0.01933127250437868
MB-2763,0.130507889515552,0.30453894235698525,0.485840259126282,0.05977466942288838,0.01933823957829239
MB-2767,0.2535872187474261,0.2137171435062561,0.2894956016927837,0.2432000360535341,0.0
MB-2790,0.20653532826146595,0.3574681427416868,0.4359965289968473,0.0,0.0
MB-2769,0.3281555559766402,0.35357839486129616,0.28079598235433617,0.0,0.037470066807727326
MB-2842,0.10605646196293586,0.16759450160469702,0.0,0.7263490364323671,0.0
MB-2772,0.41803084845246874,0.31069298204526774,0.12089353696542754,0.15038263253683604,0.0
MB-2779,0.06762623001257312,0.34130910969494366,0.33651833211649584,0.19691266023486517,0.05763366794112216
MB-2774,0.38861772258250543,0.29199212592717033,0.2786168955992496,0.04077325589107456,0.0
MB-2983,0.05480528140839778,0.2013070413774675,0.46591785460311663,0.24482466993063676,0.03314515268038122
MB-3005,0.32426362620122634,0.20780029725372084,0.3104499937365302,0.06843929055271354,0.08904679225580904
MB-2977,0.4322219206221769,0.21598342433111553,0.35179465504670754,0.0,0.0
MB-2996,0.20368364344770248,0.31189557412143626,0.4280950408813634,0.0,0.05632574154949784
MB-2999,0.0700478178649394,0.13702178857012365,0.45110408529414925,0.10605938648595571,0.23576692178483208
MB-2994,0.48252061693837806,0.11266806947466759,0.24272154429167633,0.03660415728366549,0.12548561201161237
MB-3025,0.01392722778265067,0.13564288609629685,0.17195186440206311,0.43047382945772367,0.2480041922612656
MB-2984,0.08904014814542376,0.26618677609216174,0.22823041896754337,0.34657668062442726,0.06996597617044381
MB-3002,0.3534709578831976,0.300522326835009,0.28810126995813007,0.057905445323663415,0.0
MB-2845,0.7377839263102024,0.13209091440892948,0.02572267443134182,0.0,0.10440248484952616
MB-2912,0.20741823653051458,0.029100103885298056,0.0,0.6991881911058475,0.06429346847833985
MB-2844,0.030959014976715445,0.24905956076009292,0.16914811058916351,0.5338987079137337,0.016934605760294496
MB-2847,0.042319746184781494,0.1698178959205101,0.09741322312523287,0.3456282779764954,0.3448208567929802
MB-2849,0.24819357225364866,0.10505599609884592,0.0,0.46114035081733745,0.185610080830168
MB-2851,0.44197667547513375,0.14476462748484284,0.253961130769121,0.0,0.1592975662709025
MB-2848,0.427803094406418,0.15747880360334712,0.22095721669384347,0.0,0.1937608852963914
MB-2863,0.2834432027709821,0.17679389283747501,0.37355376211493907,0.0,0.16620914227660386
MB-2840,0.4084339520751417,0.0969886412335777,0.2580763780483156,0.0,0.23650102864296496
MB-2843,0.4948322303506909,0.25742294138833305,0.08044103939427912,0.07220762008633312,0.0950961687803637
MB-3013,0.5389451068027132,0.2978308107616749,0.16322408243561182,0.0,0.0
MB-3058,0.4266313421798851,0.02967996246386052,0.017952654148600103,0.4593723363832831,0.06636370482437123
MB-3016,0.1464083800654209,0.31365124096230185,0.26992556270287577,0.21754640319423674,0.05246841307516473
MB-3057,0.021122238006472657,0.05753955580259694,0.0,0.9165664289485659,0.004771777242364527
MB-3008,0.41475612471846285,0.17818645735261854,0.40705741792891864,0.0,0.0
MB-3021,0.24279735506115896,0.17421925336578106,0.35089440197177674,0.11974473558317118,0.11234425401811199
MB-3032,0.4973980950646612,0.17277441182953385,0.32982749310580495,0.0,0.0
MB-3007,0.13477559459856397,0.23870093451936336,0.4386429808467458,0.1002631869591888,0.08761730307613806
MB-3033,0.41564867135256006,0.241373389886364,0.3429779387610759,0.0,0.0
MB-3026,0.19383159780394693,0.22424413364210574,0.5184255566019026,0.04520473166857089,0.018293980283473888
MB-3006,0.7943403542327241,0.07588164716616509,0.07487211413977564,0.03345097997848558,0.021454904482849566
MB-3439,0.36094283269661825,0.3407066302431412,0.2357581277646298,0.0,0.06259240929561069
MB-3437,0.0,0.3727462472297898,0.5557014253803759,0.007983480028754191,0.06356884736108002
MB-3395,0.5335304596229613,0.03087483671064075,0.0,0.435594703666398,0.0
MB-3386,0.12306071420011634,0.32174789040329876,0.0,0.4675850338057527,0.08760636159083214
MB-3382,0.28393034438354875,0.3348182121900221,0.1754439840469959,0.20580745937943318,0.0
MB-3379,0.3119548789384751,0.2611301055571473,0.40073310190148853,0.0,0.026181913602889094
MB-3430,0.2494298502298386,0.2866839286201932,0.3039081101761851,0.027583189901413913,0.13239492107236925
MB-3389,0.0,0.3909285182055071,0.1297035740317368,0.2713969121843373,0.20797099557841872
MB-3378,0.5424747942248275,0.3075395823690681,0.0884800183758905,0.0,0.06150560503021386
MB-3110,0.3395346556040518,0.17916320944232186,0.1376160458960284,0.0,0.34368608905759784
MB-3079,0.26116667970844604,0.2438675768343596,0.3865784949259494,0.0,0.1083872485312449
MB-3103,0.21252264703653348,0.21306783426730233,0.2777269845705328,0.19401139776019619,0.10267113636543518
MB-3102,0.07522683454546891,0.298369074094298,0.39384982604997754,0.13108522726166152,0.10146903804859393
MB-3085,0.6079607609186207,0.208660988505041,0.10421439284354968,0.0,0.07916385773278853
MB-3122,0.03357162938408756,0.32097990150520594,0.09213604004633939,0.5017596652638358,0.051552763800531365
MB-3104,0.08395534834224758,0.20701177149298877,0.4508759607405188,0.0020541605416073234,0.25610275888263745
MB-3123,0.04602682943225409,0.14231733218282847,0.0,0.7725342789840345,0.039121559400882897
MB-3121,0.22850883085141624,0.4056532665898487,0.36583790255873494,0.0,0.0
MB-2835,0.2973023545093798,0.3012829772574067,0.2907673086223091,0.0,0.11064735961090438
MB-2838,0.43069748726292567,0.37784911183388353,0.009906264224090626,0.0,0.18154713667910008
MB-2801,0.1806004948474876,0.3754799784936328,0.19941245826484347,0.08741781927304423,0.15708924912099198
MB-2834,0.22027780858577609,0.2097113760262209,0.0,0.42987101269595873,0.14013980269204435
MB-2796,0.46242018650176475,0.26968284135772996,0.052082163328553664,0.04813645160519566,0.16767835720675603
MB-2857,0.44049068043023115,0.14537377639112428,0.0,0.4141355431786446,0.0
MB-2819,0.22523587776055648,0.33498044927963955,0.373676725039852,0.0,0.06610694791995203
MB-2781,0.08300515133943809,0.14659780161587074,0.504291135458553,0.2661059115861382,0.0
MB-2793,0.012905655237579373,0.25733033987484566,0.6623871661403078,0.06737683874726719,0.0
MB-2827,0.19849284927000851,0.0,0.0,0.7412081816666829,0.060298969063308644
MB-2814,0.23025325504810218,0.18324139459838434,0.5791038795269575,0.007401470826556002,0.0
MB-2791,0.32640709382610467,0.1697340669723228,0.5038588392015725,0.0,0.0
MB-2803,0.13819555198147376,0.2657130910891239,0.5050187689561615,0.09107258797324068,0.0
MB-2797,0.20937113602496676,0.22615459361917356,0.5419176906601685,0.022556579695691227,0.0
MB-2795,0.43273200079506924,0.29166032076716025,0.08870033132107201,0.18690734711669854,0.0
MB-2786,0.2968054780143102,0.21318020827789771,0.38048882264388273,0.10952549106390934,0.0
MB-3850,0.5594213585250477,0.16773386475456084,0.27284477672039137,0.0,0.0
MB-3556,0.19706313126004055,0.2534145646380724,0.02131347379175996,0.49519109309006076,0.033017737220066325
MB-3838,0.0,0.41458121260973274,0.5854187873902672,0.0,0.0
MB-3707,0.738502817566944,0.20688466916299603,0.0,0.033647734239521304,0.02096477903053862
MB-3600,0.0,0.37921792676864496,0.26135426226670266,0.3594278109646523,0.0
MB-3824,0.0,0.3362628399862298,0.41561896000983234,0.2454228462513405,0.0026953537525973527
MB-3823,0.4671820591297793,0.24849956133420215,0.22797834117127447,0.056340038364744056,0.0
MB-3781,0.17493194195858525,0.37699112627764403,0.4480769317637707,0.0,0.0
MB-2642,0.08951723484836459,0.3936878271106002,0.2492641379922855,0.26753080004874963,0.0
MB-2686,0.20742156073053536,0.3874837746831333,0.0,0.3931198631976243,0.011974801388707181
MB-2616,0.6559588434323659,0.3440411565676341,0.0,0.0,0.0
MB-2634,0.0,0.5031293888327446,0.37775498456740997,0.1191156265998454,0.0
MB-2613,0.06231555732822371,0.4634329896861017,0.08497902842821346,0.38161677116456943,0.007655653392891632
MB-3842,0.2909933818037434,0.39775908604726423,0.014985859551031514,0.24770275495019448,0.04855891764776645
MB-3866,0.2137646570008662,0.21808066707606796,0.048956072656169115,0.5191986032668967,0.0
MB-3874,0.4198874653578567,0.22801005586611098,0.28426110635921686,0.0,0.06784137241681552
MB-3871,0.42943469787519517,0.18979385461807352,0.3807714475067313,0.0,0.0
MB-3702,0.4555734601056204,0.101034456493596,0.0,0.297263336329361,0.14612874707142248
MB-3105,0.2465624283694368,0.17105972501641337,0.5455215392467059,0.0,0.03685630736744392
MB-3852,0.3141818501201874,0.3490228231086794,0.0022423360862677275,0.2233135135961695,0.11123947708869593
MB-3854,0.49442705662567077,0.08484452249681401,0.2165558856930229,0.0,0.20417253518449235
MB-3865,0.6922120325624199,0.15895758150949113,0.14883038592808887,0.0,0.0
MB-3228,0.43882655789036823,0.0,0.5611734421096318,0.0,0.0
MB-3028,0.3433128538372349,0.0,0.317936386669716,0.33580445003415876,0.0029463094588903322
MB-3502,0.2353539152594835,0.006741774290266495,0.024877546368288244,0.7330267640819619,0.0
MB-3567,0.35691594264110466,0.0,0.013411342269646031,0.5895431030887076,0.04012961200054177
MB-3752,0.38040778898876215,0.0,0.0,0.6195922110112378,0.0
MB-3450,0.12883064921792517,0.16398694132540356,0.6842169377484465,0.022965471708224786,0.0
MB-0444,0.3547162475645375,0.0,0.6452837524354624,0.0,0.0
MB-0476,0.8332959743937483,0.08643795083927182,0.0,0.059450081118451875,0.02081599364852787
MB-0610,0.5332036522068189,0.0,0.3080694245160702,0.15872692327711083,0.0
MB-0451,0.3310768211066432,0.0,0.5521872734188077,0.1167359054745492,0.0
MB-0133,0.36322092254084376,0.0,0.631236380610432,0.0,0.005542696848724209
MB-0005,0.3437816145611366,0.6246740412969182,0.0008828237896730404,0.03066152035227228,0.0
MB-0048,0.37538988902248555,0.6246101109775145,0.0,0.0,0.0
MB-0083,0.16965000194293442,0.8303499980570657,0.0,0.0,0.0
MB-0053,0.08112074383954006,0.91887925616046,0.0,0.0,0.0
MB-0056,0.0,0.9711632736332136,0.0,0.028836726366786414,0.0
MB-0068,0.26943023443101405,0.7305697655689859,0.0,0.0,0.0
MB-0093,0.25760178589844535,0.7423982141015547,0.0,0.0,0.0
MB-0079,0.0790186861819312,0.6912930362421656,0.0,0.22968827757590307,0.0
MB-0108,0.22654058268591998,0.7499029370561369,0.0,0.023556480257943192,0.0
MB-0006,0.2270728815464188,0.6679555153914728,0.0,0.10497160306210856,0.0
MB-0014,0.1669632351083502,0.8330367648916497,0.0,0.0,0.0
MB-0022,0.3205959825610523,0.6794040174389476,0.0,0.0,0.0
MB-0039,0.0,0.9273682045549597,0.0,0.0,0.07263179544504028
MB-0062,0.0,0.5810677770555643,0.0,0.4189322229444357,0.0
MB-0054,0.13870130648327775,0.8157720594319198,0.0,0.045526634084802356,0.0
MB-0081,0.2552182424294309,0.744781757570569,0.0,0.0,0.0
MB-0071,0.1240269564666534,0.8694151005078374,0.0,0.0,0.006557943025509081
MB-0099,0.27047197183355853,0.7295280281664415,0.0,0.0,0.0
MB-0064,0.0,0.9191231302453184,0.0,0.0,0.08087686975468157
MB-0107,0.0,0.7958208601164208,0.0,0.20119171000308844,0.0029874298804907465
MB-4681,0.30861412069446165,0.027064735050448728,0.3718849559574458,0.0,0.29243618829764395
MB-4626,0.0,0.009722818062027992,0.2652764562483507,0.07766779833428239,0.6473329273553391
MB-4639,0.0,0.13443921024446526,0.5403748524576573,0.12501587465230182,0.2001700626455757
MB-4673,0.06014619368349468,0.12311914982919434,0.3905815484494346,0.24039852756350383,0.1857545804743725
MB-4711,0.4184921603573987,0.0032607748883922314,0.0,0.35004032392447454,0.22820674082973458
MB-4607,0.16721591602581928,0.0062156948108742045,0.37620421692050127,0.0,0.4503641722428053
MB-4669,0.0,0.12822981232556105,0.2722870413275921,0.10872540617465533,0.49075774017219154
MB-4015,0.1251336496918565,0.09587863150984094,0.21046820226826107,0.4846314687279599,0.08388804780208153
MB-2931,0.36885180392249917,0.2609861013376644,0.3661271386580935,0.004034956081742921,0.0
MB-2927,0.17939672002676144,0.2976518835718135,0.4187417161202274,0.10420968028119755,0.0
MB-2919,0.24539197639992633,0.1745991463151692,0.5263203622730847,0.053688515011819905,0.0
MB-2944,0.3404467715173232,0.19988091046182238,0.45967231802085434,0.0,0.0
MB-2929,0.35461976580425797,0.21158577406174447,0.11949154331591544,0.3143029168180821,0.0
MB-2932,0.0,0.36879265848935944,0.5138604962397714,0.033379020520197,0.08396782475067223
MB-2724,0.45780046745513525,0.1104311921054245,0.0,0.32689816759938883,0.10487017284005148
MB-2712,0.32471757023796605,0.17426125027580508,0.4780244863545626,0.0,0.022996693131666277
MB-3062,0.48206035067660763,0.0,0.0,0.5179396493233923,0.0
MB-3050,0.03415877370901784,0.2355117466150284,0.38153351631579624,0.14051498312207286,0.20828098023808458
MB-4722,0.018181839458768848,0.115096844316161,0.742196625275971,0.0,0.12452469094909921
MB-4731,0.0,0.07799962537476127,0.22091074886559706,0.5870170860800067,0.11407253967963506
MB-4725,0.30700756801798174,0.11061943059103334,0.29021949351319726,0.26696920582248873,0.025184302055298997
MB-4707,0.0,0.08662344285239276,0.012903585268032442,0.8691260095196532,0.03134696235992158
MB-4643,0.03709375877514649,0.037417851171618915,0.08021430999126608,0.44706945248705576,0.3982046275749129
MB-3363,0.0,0.280320235171498,0.01341150546500507,0.5864429631395393,0.11982529622395756
MB-3383,0.24462427448160995,0.16372446076740885,0.0,0.5107083008400334,0.0809429639109478
MB-3344,0.3358657765404312,0.291793647518571,0.32612923506479463,0.0,0.046211340876203065
MB-3381,0.5347139553423828,0.2845066819726048,0.15100261012668645,0.0,0.02977675255832598
MB-3297,0.08588844623704495,0.28282349567784365,0.0,0.6312880580851115,0.0
MB-3301,0.42579179376759935,0.35571538011526643,0.21816793377989369,0.00032489233724054497,0.0
MB-3088,0.03452041758937302,0.07521417431120825,0.6253555799288982,0.0,0.26490982817052044
MB-2764,0.8848806768937214,0.0,0.1151193231062785,0.0,0.0
MB-2744,0.5570656621250296,0.12396537784463647,0.318968960030334,0.0,0.0
MB-7114,0.0014247792800591386,0.0,0.0,0.9985752207199409,0.0
MB-7118,0.20024100370014286,0.0,0.7824997619586629,0.0,0.017259234341194207
MB-7113,0.36443027237070685,0.0,0.6069500999231449,0.028619627706148308,0.0
MB-7130,0.0,0.011570015021178402,0.6284977322994189,0.21507707276455465,0.14485517991484803
MB-7149,0.0,0.04346525093755742,0.5022308021497328,0.45430394691270976,0.0
MB-7140,0.0669731534519709,0.10606347874721699,0.6282725596628238,0.03769195655817563,0.16099885157981267
MB-7148,0.012185666270789552,0.15483416493180238,0.7013452634691772,0.06518853610192205,0.06644636922630871
MB-7208,0.021568987998221326,0.0,0.12461925514400671,0.6382668632729122,0.2155448935848598
MB-7170,0.09139814169132189,0.0,0.455263606533462,0.10809536167707914,0.3452428900981371
MB-7174,0.09360287693822664,0.0,0.40281960996594873,0.4009410928776635,0.10263642021816122
MB-7252,0.22817466666761868,0.0,0.09599239766796686,0.5525779781019655,0.12325495756244896
MB-7244,0.3726013132599387,0.0,0.5070522688279069,0.07435864566107105,0.045987772251083296
MB-7187,0.3937491750404826,0.0,0.16045130857495668,0.22578189289099748,0.2200176234935631
MB-7251,0.16874633671786954,0.0,0.18458193429795014,0.47344558195610215,0.1732261470280781
MB-7173,0.2501669080000107,0.09182066233639331,0.4984366467333204,0.04160220495590356,0.11797357797437212
MB-3001,0.023650977271186147,0.18604495130518434,0.0,0.7387111409290538,0.0515929304945756
MB-2952,0.1727242470761336,0.3050176003491271,0.365489422177747,0.0,0.15676873039699243
MB-7097,0.07385019325854206,0.32350202214527424,0.27049786228642003,0.0,0.3321499223097637
MB-7104,0.30015751499679416,0.1666418558801485,0.0,0.4298063491971099,0.10339427992594742
MB-7099,0.02062615276825301,0.30437601751066,0.6302744509172196,0.03471138335347643,0.010011995450390969
MB-7069,0.31263819593512693,0.16829146694214717,0.0,0.39153391454998454,0.12753642257274148
MB-7066,0.22019792097086618,0.12553381372513217,0.30109653072370196,0.2188311664005184,0.13434056817978127
MB-7100,0.0,0.2861336146279767,0.5099091826295933,0.0,0.20395720274242993
MB-7067,0.26021517070012024,0.07538704859311017,0.09378182599547485,0.512714170491889,0.05790178421940569
MB-7073,0.12000702831427444,0.08147046893493005,0.061660957344328936,0.5751114298457483,0.1617501155607182
MB-7063,0.34951709651946555,0.25523607802336734,0.3089377285400136,0.0,0.08630909691715348
MB-7102,0.0,0.35742317925588085,0.5478631629892385,0.01158155610857402,0.08313210164630644
MB-7068,0.08893503512234674,0.28246832698355956,0.027780197780178324,0.5667170647476024,0.03409937536631308
MB-7075,0.0,0.3012425248825891,0.5062615928971221,0.045624887628909754,0.14687099459137884
MB-7053,0.18374899667963487,0.19765772061463327,0.5148574778873863,0.04535124584996241,0.05838455896838313
MB-7074,0.4757026707363905,0.004273192208614595,0.46286319188366726,0.0,0.05716094517132761
MB-7057,0.4085657305529345,0.11735921350593975,0.3156887830675757,0.05439783911402538,0.10398843375952453
MB-7109,0.0,0.27271563533814364,0.5473827787128333,0.08276411301138406,0.0971374729376391
MB-7051,0.08884941754421319,0.10085939936603784,0.4735317051047823,0.2205635935122237,0.11619588447274297
MB-7071,0.34527781986236544,0.19461549332017872,0.09740628247865553,0.3456387646822534,0.017061639656546966
MB-7106,0.4370220058799957,0.065685611134197,0.361464153225952,0.0,0.1358282297598554
MB-7059,0.09069277253184273,0.19371662108454352,0.23114161453683976,0.38189271878721714,0.1025562730595569
MB-7107,0.0,0.23953825797301848,0.5195357932869391,0.025890640729596265,0.21503530801044618
MB-7076,0.02948620472219021,0.2690988932090722,0.614543154029938,0.0,0.08687174803879966
MB-7111,0.25342339475229153,0.1851588691026692,0.0,0.3644118895015362,0.19700584664350304
MB-7015,0.0,0.16434689075022224,0.6288725021793611,0.2067806070704167,0.0
MB-7026,0.39567082837801865,0.149679224947098,0.4546499466748834,0.0,0.0
MB-7013,0.029724961613440657,0.11438613762023409,0.6392943889308932,0.0,0.21659451183543216
MB-7023,0.1985721440425537,0.03676264425003532,0.0,0.764665211707411,0.0
MB-7024,0.0,0.26382613758991064,0.29603779238696215,0.4401360700231273,0.0
MB-7014,0.30242405845497117,0.21662856597813526,0.22040057380692635,0.26054680175996736,0.0
MB-7017,0.28765696776616734,0.03333265166768293,0.0,0.6790103805661498,0.0
MB-7019,0.4066943852749369,0.21058862768090242,0.3827169870441607,0.0,0.0
MB-3510,0.13943128050314316,0.1203926380642054,0.5888933199474489,0.0,0.1512827614852026
MB-3500,0.0,0.14110309513884253,0.0,0.8588969048611576,0.0
MB-3396,0.36877108489675425,0.009115105734822628,0.16444115052791133,0.41442102309366147,0.043251635746850314
MB-3435,0.06166011584964193,0.21194884409579193,0.25187211775012774,0.4055401325855833,0.06897878971885503
MB-7186,0.0,0.268927558774478,0.45457392022337484,0.09347208309130284,0.18302643791084433
MB-7142,0.11463113920905564,0.15716187467643566,0.46213970639745877,0.0,0.2660672797170499
MB-7196,0.04306799711555166,0.20223810515255,0.1938595712218445,0.3678350249880193,0.19299930152203462
MB-7171,0.0,0.28580200912229475,0.39787471445182504,0.0798351290589179,0.23648814736696236
MB-7145,0.0,0.13281900846209135,0.0,0.7597520760948722,0.10742891544303654
MB-7132,0.1090045303936808,0.31024879972244335,0.478223498060726,0.0,0.10252317182314989
MB-7189,0.0,0.2615611200067934,0.4080072549704671,0.21859842119074033,0.11183320383199907
MB-7137,0.24501650548223222,0.25750727156898573,0.4400058824592461,0.0,0.05747034048953597
MB-7181,0.0,0.287460069894802,0.4242420778971761,0.03524968939762464,0.2530481628103974
MB-7155,0.0,0.20788092793396495,0.0,0.7844258285071483,0.007693243558886788
MB-7138,0.0,0.37182928025108564,0.530169407913965,0.0,0.09800131183494942
MB-3295,0.48221473623982536,0.17607428680543266,0.28848321818265266,0.0,0.053227758772089365
MB-3218,0.20289037960041492,0.09387252553841952,0.0,0.7032370948611655,0.0
MB-7232,0.0,0.2515955736293233,0.6033671290270208,0.0,0.14503729734365597
MB-7281,0.3223355231245816,0.02872031966186081,0.07837627290685896,0.4076154627153888,0.16295242159130977
MB-7270,0.06181540361809824,0.1062059793562029,0.021505674656472008,0.5738822891307646,0.23659065323846232
MB-7231,0.004174201546375038,0.1872655498485846,0.6331108425095574,0.036944567597495745,0.13850483849798725
MB-7220,0.23251798351902747,0.17201087134249465,0.4317610278122782,0.0,0.16371011732619972
MB-7277,0.20958835882652815,0.23804446153984013,0.45905235268286904,0.0,0.09331482695076265
MB-7269,0.06233627978739676,0.0018811500447008958,0.0,0.758940249763457,0.1768423204044454
MB-7280,0.22026629904644004,0.2591772323831366,0.43764470934057204,0.0,0.08291175922985136
MB-7227,0.26052454913983275,0.1511584918967658,0.3614579693297679,0.07851305453452856,0.14834593509910496
MB-7278,0.2541604859451629,0.20753741797724104,0.3345044418059715,0.0,0.20379765427162463
MB-2610,0.3751840613271076,0.40707482101966785,0.18845503404032965,0.0,0.02928608361289485
MB-2517,0.2896556647838751,0.2369626494217804,0.0,0.3427476482061269,0.13063403758821765
MB-2896,0.5693100270185139,0.26561097546268814,0.133569675685349,0.03150932183344911,0.0
MB-2901,0.0,0.4356048901624073,0.39680977306736215,0.0,0.16758533677023066
MB-2895,0.4249927778637475,0.17238643872012055,0.0,0.291375761541906,0.11124502187422601
MB-2900,0.6256972791959516,0.14013038996771846,0.0,0.0,0.23417233083632993
MB-2939,0.27470601350063223,0.3310292771120129,0.20422101498050216,0.1805923303733937,0.009451364033458904
MB-7008,0.6160414625814096,0.06072562235403946,0.14061327622404174,0.18261963884050925,0.0
MB-7002,0.4402602134728433,0.04514766288275265,0.418405708746306,0.0,0.09618641489809797
MB-7000,0.0,0.13774097589104375,0.5050566559393688,0.08216094259353564,0.2750414255760518
MB-7006,0.4035512777945994,0.15737411092885392,0.43907461127654673,0.0,0.0
MB-7007,0.0179606311637872,0.10181024071210365,0.04076087209768364,0.8394682560264255,0.0
MB-7011,0.0,0.3499298164619196,0.3752929023273045,0.2747772812107759,0.0
MB-7001,0.3403994432054529,0.1879084650566954,0.41146275054239984,0.06022934119545188,0.0
MB-7009,0.21229452296236576,0.10531047546403317,0.0,0.6823950015736011,0.0
MB-7003,0.5749833325218618,0.09797964432721182,0.3193359171557077,0.007701105995218846,0.0
MB-7005,0.36860631849713527,0.22186655785837797,0.4095271236444868,0.0,0.0
MB-7010,0.1691532042378315,0.15434197444320225,0.6458248205748737,0.0,0.030680000744092648
MB-3153,0.023111079300269153,0.02297242650104169,0.0,0.5405785870097305,0.41333790718895863
MB-3211,0.10537614260963687,0.09920779064469412,0.0,0.7529764356674741,0.042439631078194914
MB-3181,0.03812573802864796,0.2464237667846109,0.3999670657170391,0.2226039235035665,0.0928795059661356
MB-3252,0.5346589932960026,0.09948658760198356,0.325212467096037,0.0,0.04064195200597684
MB-3266,0.3261687196583813,0.1522223550172046,0.3561586484832513,0.1654502768411627,0.0
MB-7082,0.022187178134450793,0.11286368300381144,0.13094346655253836,0.4135688280835031,0.32043684422569635
MB-7081,0.25168842504779343,0.03193417706352544,0.0,0.716377397888681,0.0
MB-7093,0.4073577080416088,0.08564326353064114,0.44876880476799935,0.0,0.05823022365975075
MB-7083,0.018561530255033293,0.1312813773426058,0.46873837409243657,0.29778639313095506,0.08363232517896922
MB-7091,0.29845217894922604,0.11938441682610959,0.5158135125944512,0.0,0.0663498916302132
MB-7065,0.0,0.08294807499021147,0.8079021827465972,0.08286690394986287,0.026282838313328425
MB-7085,0.29146987422802906,0.07723266684952668,0.5139345844321561,0.0,0.1173628744902882
MB-7096,0.362789145723111,0.04708619850094457,0.4338338737876458,0.0,0.1562907819882986
MB-7018,0.42327527093698863,0.15286914811296232,0.2981582444268409,0.12320129396191243,0.0024960425612956605
MB-7088,0.1428537176090004,0.05915713805530463,0.12069903959183231,0.4995401147022484,0.17774999004161435
MB-7055,0.0,0.0040185314767581795,0.11295401383598756,0.591189635162046,0.29183781952520826
MB-7080,0.31270033666671765,0.2325456352722471,0.4547540280610353,0.0,0.0
MB-7161,0.15294656704231804,0.16539756301241965,0.31786487116370504,0.23791448479029692,0.1258765139912604
MB-7115,0.0,0.06690151736435665,0.33093978025600146,0.3896978574774993,0.21246084490214256
MB-7123,0.2872958043998629,0.14452116264463352,0.48387425515683097,0.03745574346998864,0.04685303432868402
MB-7176,0.20398811024075816,0.079646352878135,0.6309973083128099,0.08536822856829691,0.0
MB-7121,0.23740997505419048,0.0,0.0,0.6353436638344192,0.12724636111139034
MB-7172,0.11771294307179149,0.17813298736936825,0.5562221166051727,0.060031519374032685,0.08790043357963497
MB-7164,0.21435860886843144,0.0,0.7199155531551373,0.0,0.0657258379764312
MB-7127,0.044134710588292825,0.08358149818662736,0.6596828052381175,0.21260098598696228,0.0
MB-7128,0.38252294920116536,0.11805170598772931,0.41287320752014806,0.0,0.08655213729095727
MB-7157,0.0,0.12323862261160562,0.6430924673492288,0.09139008598586724,0.14227882405329842
MB-7092,0.08025615180533156,0.2342330448662116,0.21760790153246592,0.2700897955501202,0.1978131062458707
MB-7135,0.0,0.10421156926078601,0.4009709213283848,0.29504992777661604,0.1997675816342132
MB-3754,0.31260036972943733,0.19535501323018484,0.21465521279588576,0.17173765496287413,0.10565174928161793
MB-3536,0.33916158142273295,0.2230448273569945,0.17061474912420685,0.19425640128410068,0.07292244081196511
MB-3748,0.3215856791597442,0.2455865708856372,0.19741674952748964,0.0,0.23541100042712895
MB-3530,0.22700801062133522,0.2578825616184029,0.28141442680685197,0.07321671502346938,0.1604782859299406
MB-3582,0.6155184008104714,0.08811199096482163,0.0,0.16665473694429203,0.12971487128041495
MB-3528,0.22437917594175455,0.27799504899487193,0.0,0.3666455025743531,0.1309802724890204
MB-3547,0.34485658845783784,0.21434165143148282,0.3842864934409524,0.0,0.056515266669726894
MB-3576,0.04053449146011863,0.2917601321160412,0.37061592965478796,0.14523946288045275,0.15184998388859947
MB-2770,0.2137481866470917,0.3020772834631783,0.46537891214173926,0.0,0.0187956177479908
MB-2758,0.5369837449779561,0.15813508340773033,0.0,0.28591316919937515,0.01896800241493842
MB-2771,0.18800044202579433,0.1561339760479349,0.04556503468637083,0.6103005472399,0.0
MB-7152,0.0,0.09319159988774164,0.5609399625584413,0.20505293423305387,0.1408155033207633
MB-7143,0.07441768030409225,0.0120058981839315,0.49197246914606607,0.4216039523659102,0.0
MB-7197,0.09553141205706801,0.0835919756946424,0.676401356532772,0.05266263026531421,0.09181262545020336
MB-7153,0.0,0.1735192066527119,0.5677666392028953,0.23779846764448587,0.020915686499906865
MB-7144,0.0,0.0942050434758986,0.565744932896813,0.2634227609208497,0.07662726270643865
MB-7185,0.0,0.13214354044589244,0.6711953467518327,0.0,0.19666111280227483
MB-7199,0.0,0.1443279911221212,0.660586304298966,0.018349361568613384,0.17673634301029945
MB-7158,0.33898195484253846,0.0,0.0,0.46119509639356887,0.19982294876389273
MB-7163,0.40805789333021264,0.03399614391605688,0.35759643150996123,0.0,0.20034953124376917
MB-7215,0.6224648964897509,0.029167403398877283,0.2472364350095334,0.0,0.10113126510183852
MB-7200,0.16137720655487844,0.19513642277995363,0.5909699956549779,0.0,0.052516375010190096
MB-7193,0.008029096214289978,0.28927842492481237,0.4183430279813586,0.260005479885904,0.024343970993635177
MB-7188,0.004319931599561354,0.22408746674167526,0.5365023227444314,0.0,0.23509027891433196
MB-7198,0.0703779639124018,0.12776257896080226,0.31629173892975265,0.4267340584719156,0.05883365972512768
MB-7256,0.26157467211518903,0.05653284753805788,0.27503552984820484,0.23652343496441194,0.17033351553413636
MB-7258,0.0,0.0,0.07377360296349339,0.6768239415340151,0.24940245550249135
MB-7194,0.0,0.2510730880927941,0.525840993289326,0.08479045782826426,0.1382954607896158
MB-7254,0.22444577001724186,0.17455527604701856,0.4896982203517594,0.017913441117612214,0.09338729246636791
MB-7262,0.0,0.26653266435769074,0.18057883841549263,0.31518889027378355,0.2376996069530331
MB-2990,0.1295404436019997,0.15472469475079303,0.5734500742611534,0.0,0.14228478738605393
MB-2993,0.49840620865036317,0.05804086092208627,0.0,0.4435529304275505,0.0
MB-3031,0.15904100183713352,0.2052725483467347,0.0,0.526810299451159,0.10887615036497302
MB-2904,0.16291623815872136,0.06112689328184187,0.0,0.6897178604209561,0.0862390081384807
MB-2846,0.37086296024228954,0.2044577837449908,0.0,0.2670628890348693,0.1576163669778503
MB-7154,0.06176174989403512,0.05022280851354569,0.0,0.7095219053830221,0.17849353620939706
MB-7229,0.0,0.2559038850672874,0.5455839294744038,0.0,0.1985121854583088
MB-7151,0.0,0.05260378670950637,0.10018661852747457,0.739340749714475,0.107868845048544
MB-7228,0.47847174679913473,0.10869074757978368,0.29425390030183024,0.0,0.11858360531925138
MB-7218,0.143481741477578,0.2651341985188327,0.5388788209406579,0.0,0.05250523906293142
MB-7147,0.0,0.2196342565716947,0.46453132534253316,0.1528200617747972,0.163014356310975
MB-7219,0.21236065923292916,0.1305139451426736,0.5048965777827792,0.06366891259936726,0.08855990524225078
MB-7165,0.0,0.1778457475483959,0.0,0.8221542524516041,0.0
MB-7150,0.17694708967117048,0.2963722935390968,0.18999352750393558,0.16915810068022563,0.16752898860557142
MB-3436,0.02986217495781416,0.4801502274201359,0.32386276000343406,0.16612483761861582,0.0
MB-3462,0.4432866895910787,0.33799435201464945,0.1825584040025707,0.0,0.0361605543917011
MB-3417,0.0,0.387314607832091,0.5371706219342435,0.0,0.07551477023366555
MB-2721,0.15415663944301183,0.2709653086957501,0.3231571974685975,0.0,0.2517208543926405
MB-3092,0.0,0.36555776518538013,0.4117153352340632,0.0,0.2227268995805567
MB-2821,0.7817872342445608,0.13663500654423152,0.0,0.06662211602239936,0.014955643188808364
MB-2850,0.42698086783677885,0.11850336639758988,0.0,0.4129424455532815,0.04157332021234963
MB-2820,0.33108635977744655,0.3271778011132944,0.14806091173730587,0.0,0.19367492737195308
MB-2823,0.5723808103455782,0.14809421814422113,0.0,0.0,0.27952497151020067
MB-2792,0.3404747752022422,0.21537063729011513,0.1473761543208457,0.1762844087820368,0.12049402440476026
MB-7273,0.06756013081142732,0.03068822545447446,0.268235043321289,0.6335166004128091,0.0
MB-7283,0.0,0.03321188737067648,0.6962805288279563,0.13071754602311408,0.13979003777825305
MB-7284,0.27552587280297525,0.0,0.7029578011874479,0.021516326009576918,0.0
MB-7279,0.0,0.0,0.3032228368519298,0.35923875112306647,0.3375384120250036
MB-7233,0.19754853857709462,0.0,0.6423500634130443,0.0682711891730412,0.09183020883681983
MB-7287,0.1040936457730527,0.03846711235180139,0.44223368014895276,0.41520556172619316,0.0
MB-7250,0.2564555945604077,0.0,0.16613215373255108,0.44350123339126024,0.133911018315781
MB-7238,0.03168071524804938,0.0,0.5993023790209501,0.33322777948354937,0.0357891262474512
MB-7285,0.5966969502944354,0.09164292262915859,0.26864415602388886,0.043015971052517164,0.0
MB-7260,0.0705308266107393,0.07863041214370362,0.3690823369120205,0.3185884964719379,0.1631679278615987
MB-7264,0.41846902215097365,0.10234173717194293,0.02290997640853064,0.15882753409628247,0.2974517301722703
MB-7268,0.18950899391936024,0.1836962459452786,0.5268175880543189,0.03774995622490342,0.06222721585613879
MB-7276,0.2326283166403152,0.22240665334389792,0.34891725305809107,0.0,0.19604777695769585
MB-7212,0.3158897109218281,0.12857661272916313,0.4586401360791679,0.0,0.0968935402698408
MB-7267,0.0,0.020917644969339823,0.0,0.8986747669322819,0.08040758809837827
MB-7266,0.0,0.261629489912226,0.5439901008831007,0.044305981008895025,0.15007442819577815
MB-7216,0.0,0.20861176079357568,0.6938226913597612,0.0,0.09756554784666314
MB-7195,0.06466462811753654,0.24715244280703508,0.5924975723806686,0.0,0.09568535669475982
MB-7201,0.37775468259732986,0.12787101814120339,0.0,0.2021080517219129,0.2922662475395538
MB-7217,0.4998019236353654,0.14213527273680962,0.22029912049881392,0.0,0.1377636831290111
MB-2778,0.41645500378124684,0.08738620882980097,0.4252683076698508,0.07089047971910141,0.0
MB-2815,0.5022125805189369,0.021800119179374473,0.4700153643628676,0.0,0.005971935938821098
MB-2833,0.3853094675261337,0.16606158300305834,0.0,0.4486289494708079,0.0
MB-3614,0.2484962993167011,0.1892201477516615,0.2778155997170573,0.17265221134178702,0.11181574187279308
MB-7052,0.029007753190049872,0.10667329288436914,0.0,0.78361633348572,0.08070262043986098
MB-7124,0.0,0.1641630373471948,0.7609440818806795,0.0,0.07489288077212565
MB-7122,0.2802882916534196,0.12244616384876661,0.08292471248322385,0.33161888821326096,0.18272194380132895
MB-7133,0.17560277879957387,0.12418798708984319,0.31621838386936235,0.255853829661055,0.1281370205801656
MB-7084,0.0,0.06083230729109054,0.0,0.8227237192096157,0.11644397349929374
MB-7101,0.2945101892096978,0.20258464710243332,0.40026986220155464,0.0,0.1026353014863143
MB-7116,0.2050847424646685,0.12921630579973123,0.3577739194143182,0.0923965477357287,0.21552848458555343
MB-7131,0.0,0.31409678676259006,0.6019221928169659,0.0,0.08398102042044396
MB-7090,0.06627432062531363,0.049716879896704334,0.19080927024554586,0.5821149376422593,0.11108459159017686
MB-7095,0.021858378073505363,0.2809875655978707,0.5714432545177333,0.011967283555203868,0.11374351825568677
MB-7094,0.0,0.160597101726684,0.15895897968934755,0.20936258089226556,0.47108133769170296
MB-7087,0.0,0.12982237913605374,0.0,0.8043548564985281,0.06582276436541813
MB-7077,0.45450744650555824,0.1299724506254722,0.38963231465526305,0.025887788213706492,0.0
MB-7072,0.0,0.1963614349834309,0.521616286446974,0.2044492623604043,0.07757301620919087
MB-7041,0.4852754521134259,0.15488461144817384,0.35983993643840023,0.0,0.0
MB-7044,0.8254905342337181,0.013266122275495005,0.1450840466613168,0.007665840848909073,0.008493455980560985
MB-7022,0.24972650338775373,0.1612365967541151,0.43326773364478127,0.15576916621334985,0.0
MB-7070,0.2792277642950648,0.14584401114350629,0.2611578447645278,0.31377037979690114,0.0
MB-7079,0.842251855278038,0.0,0.006311075766855659,0.0,0.15143706895510628
MB-7035,0.2754724187240844,0.07620900179899438,0.29440044648760433,0.35391813298931696,0.0
MB-7025,0.6141898455575779,0.0,0.0,0.38581015444242217,0.0
MB-7062,0.32722593233678726,0.20756200081863901,0.4652120668445738,0.0,0.0
MB-7036,0.022622280951903745,0.041830766870243695,0.0,0.9312490448874556,0.004297907290396984
MB-7046,0.0,0.1792252811384649,0.5627426243417172,0.1873053064379924,0.07072678808182543
MB-4839,0.31449451482651064,0.06938310753221444,0.5377090457108537,0.0,0.07841333193042133
MB-5559,0.32399255038913655,0.0,0.17331829471768936,0.33742400964653135,0.1652651452466427
MB-5463,0.031441164666263316,0.012647128346948375,0.37964738992891855,0.12257361094159944,0.4536907061162702
MB-4744,0.0,0.015818418739130157,0.7727410167119408,0.0031710719901122076,0.20826949255881674
MB-4769,0.0,0.0,0.17100734140864496,0.7877509136984105,0.04124174489294455
MB-4484,0.3977222553476954,0.0,0.4308322095512786,0.0,0.17144553510102598
MB-5558,0.44514461776464703,0.07129585805179554,0.1629958714562511,0.1840053400316368,0.13655831269566956
MB-4750,0.20759064615350023,0.09690748544141398,0.46112753213850355,0.02292711236244218,0.2114472239041402
MB-4793,0.0,0.0,0.0,0.7013109477556776,0.2986890522443224
MB-4843,0.39950340645987636,0.136909368867212,0.31034428902478606,0.0,0.15324293564812555
MB-5563,0.257923237944859,0.15223291782007659,0.4012129271198625,0.0,0.1886309171152018
MB-5546,0.2635558494521251,0.2033325799261859,0.4509303962024224,0.0,0.08218117441926649
MB-5513,0.0,0.2050577102344352,0.19356426768676965,0.3952960478615934,0.20608197421720184
MB-5656,0.32641825047948925,0.06878046660892279,0.5054290367245142,0.0,0.09937224618707383
MB-5530,0.5083038831330113,0.09463533141926002,0.0019725326405457093,0.08746569394466126,0.3076225588625217
MB-5553,0.24188373972504257,0.22406160312198375,0.39230904456793475,0.0,0.14174561258503898
MB-4836,0.13754118737984367,0.0,0.11770092513066623,0.08433208732351788,0.6604258001659723
MB-4828,0.11517441251233444,0.16367992100907452,0.5473715528907019,0.10850901918341695,0.06526509440447206
MB-4697,0.35110676466257096,0.06474468190097786,0.3347608894989071,0.0,0.249387663937544
MB-4679,0.0,0.0,0.0,0.6628873786056135,0.33711262139438647
MB-4033,0.5436004887938437,0.07683012216553911,0.2009100680114728,0.0,0.17865932102914445
MB-4692,0.0,0.0,0.4658460522916758,0.0,0.5341539477083241
MB-4675,0.08428044685355954,0.06498657514414814,0.7254782440077245,0.0,0.12525473399456788
MB-4653,0.36008111795955783,0.22986259199701264,0.1929294870463775,0.0,0.21712680299705212
MB-4663,0.0,0.09693015594353406,0.0,0.5886411686426121,0.3144286754138539
MB-4660,0.0,0.0,0.0,0.38050259370185874,0.6194974062981413
MB-5275,0.0670550695974482,0.24381574347107624,0.11832097207015888,0.10115315038200057,0.469655064479316
MB-4654,0.11854156728774817,0.21930927989030402,0.2523909695532556,0.039812763844879875,0.3699454194238122
MB-2618,0.04460827387317973,0.5806216949720476,0.2224768159698704,0.11828296056102483,0.03401025462387724
MB-2718,0.0,0.1401461520399003,0.0,0.8598538479600997,0.0
MB-2643,0.6828801011703685,0.09527551733851854,0.0,0.22184438149111307,0.0
MB-2629,0.03381394550297708,0.4989496685775248,0.42544867628267496,0.0,0.04178770963682317
MB-2645,0.07646101611038598,0.47113292015753916,0.0,0.3328310208875039,0.11957504284457107
MB-2626,0.3806744153456751,0.5164947460982432,0.014674268057530608,0.08815657049855113,0.0
MB-6263,0.3758967487519806,0.07929277321710876,0.384156790132559,0.03776083910359972,0.12289284879475197
MB-6305,0.3251567014467591,0.03910631058881531,0.0,0.6357369879644257,0.0
MB-6185,0.3991457604078795,0.030488574141595604,0.4674243738617474,0.0,0.10294129158877746
MB-6187,0.7595621689878993,0.016285900440630767,0.0,0.0,0.2241519305714699
MB-6248,0.24133983335365677,0.016815327439905835,0.0,0.7360196727678076,0.005825166438629752
MB-6330,0.3572990412752757,0.0451388146986882,0.0,0.3049590879992882,0.2926030560267479
MB-6184,0.0,0.20026209324491126,0.2769373589011833,0.37651059324765734,0.14628995460624794
MB-6329,0.0,0.22392079795428685,0.2229493282779907,0.37789660732579716,0.17523326644192525
MB-6283,0.2275227793726473,0.14559288768473885,0.5794737556289961,0.0,0.047410577313617766
MB-6359,0.26241496064734415,0.05846365989863841,0.32359464689673545,0.2247276487500079,0.13079908380727404
MB-6337,0.13915225266608905,0.0,0.05144352328363671,0.4138499149434471,0.39555430910682715
MB-6256,0.17312095583430767,0.18120352199937514,0.6456755221663171,0.0,0.0
MB-6201,0.14058908760529884,0.15295366190687845,0.5605393490176749,0.05155933882270129,0.09435856264744659
MB-6207,0.2915754660583057,0.1435711903489891,0.5305926407391107,0.03426070285359448,0.0
MB-6194,0.5142282161261804,0.03167203080196289,0.30898091721584214,0.04656169632177383,0.09855713953424071
MB-6281,0.0,0.2580056349299115,0.5662473545781661,0.14289508856614327,0.03285192192577908
MB-6322,0.3318549182521351,0.17413644355809743,0.34842864062188234,0.12530497783100003,0.020275019736885124
MB-6223,0.18497080816998043,0.11180217411439458,0.0,0.5633243013833428,0.1399027163322821
MB-6190,0.1616990180683279,0.1978748236046493,0.5938312178060973,0.030531411990285123,0.01606352853064045
MB-6306,0.0,0.25849325533969597,0.5535339763994144,0.16402340286558295,0.02394936539530664
MB-6188,0.10876029931327477,0.085113076211345,0.0,0.8061266244753803,0.0
MB-6318,0.14262767570988238,0.15222264979804942,0.15001071883170358,0.5551389556603646,0.0
MB-6228,0.6427101824294188,0.002669880020674334,0.0,0.3092990833410621,0.04532085420884479
MB-6226,0.155807437675367,0.2708806185983196,0.47010729550010855,0.10320464822620483,0.0
MB-6225,0.3938920863949741,0.1528990628074316,0.4531271049257044,8.1745871889886e-05,0.0
MB-6280,0.020752197506875326,0.07432684220573944,0.0,0.8890028366185773,0.015918123668807942
MB-6253,0.25545364085018607,0.182483651798418,0.540154953817781,0.0,0.021907753533615
MB-6098,0.0,0.019630692347363154,0.016103536539151996,0.863438451839456,0.1008273192740289
MB-6017,0.15151751691065826,0.1069431125405595,0.6346253196604361,0.0,0.10691405088834617
MB-6019,0.2989721185991532,0.0,0.015932938578216874,0.09804771461091957,0.5870472282117103
MB-6163,0.10533516864326051,0.07888440302182703,0.6423565252747996,0.010966081046913547,0.16245782201319933
MB-6157,0.35460962100945537,0.056737216899098594,0.2061641518131016,0.32594175568502065,0.05654725459332382
MB-6179,0.053618962501539226,0.0,0.6116265072301322,0.09889781038163643,0.23585671988669205
MB-6105,0.3681603066913935,0.041057827571238194,0.37579767061262515,0.09697573330926153,0.11800846181548172
MB-6047,0.035219910331944444,0.10797958432616007,0.28099726026823924,0.44370850686768787,0.1320947382059684
MB-6001,0.34014479234094613,0.10832164082444211,0.16347375952196558,0.09881005831322193,0.28924974899942424
MB-6050,0.2799203866257348,0.08766217431672459,0.4184524714133177,0.0,0.21396496764422293
MB-6169,0.435461493020345,0.0734323708326108,0.0689141692101002,0.37758115073912546,0.04461081619781857
MB-4548,0.0,0.0,0.0,0.19591726558900235,0.8040827344109978
MB-4564,0.02088815476321246,0.04450465190053334,0.4549384479960969,0.0,0.47966874534015747
MB-4591,0.0,0.17506411562300195,0.5020325465430087,0.06789312025949475,0.25501021757449455
MB-4557,0.16424708660070703,0.0,0.13963068653007227,0.0,0.6961222268692207
MB-4601,0.29811716958991463,0.0,0.0,0.3547233837492969,0.3471594466607884
MB-4598,0.043862837155097624,0.08209608520245351,0.613005464243179,0.0,0.26103561339927
MB-4578,0.057297334573483696,0.08207443142461289,0.3354691799560467,0.0,0.5251590540458567
MB-4593,0.035422440998889484,0.1497183208022541,0.34899196523823756,0.0,0.4658672729606189
MB-5186,0.19901014733817268,0.13238230379401025,0.35805336225943557,0.16573040853010954,0.14482377807827201
MB-4974,0.08396512092081006,0.0,0.0,0.7591248793328098,0.1569099997463802
MB-4978,0.3086873251747698,0.0,0.3337307649779895,0.07406690921517976,0.28351500063206087
MB-5086,0.0,0.015971556599206183,0.7436860669576942,0.0,0.2403423764430996
MB-5150,0.033462034631901484,0.0697582193557201,0.6688287616165891,0.0,0.2279509843957892
MB-5345,0.4900877551253958,0.0,0.32507002955139097,0.0,0.1848422153232132
MB-4696,0.18567690995147315,0.13937761674123603,0.0,0.5247485951332664,0.15019687817402425
MB-4695,0.41515339019144915,0.005963957393223686,0.32459372616009013,0.0,0.2542889262552372
MB-4714,0.027752369496354005,0.0,0.0,0.6767594179442114,0.2954882125594345
MB-4705,0.45447152822445797,0.0,0.39360139404528366,0.0,0.1519270777302584
MB-4882,0.41788401904982436,0.0,0.3226108965602382,0.0,0.25950508438993736
MB-4879,0.16652464522522262,0.07726645698752375,0.03148450882312913,0.38002610338020504,0.3446982855839195
MB-4881,0.07574209356436894,0.0,0.0,0.8611328011240464,0.06312510531158456
MB-4846,0.22361615673961463,0.08791479593428975,0.2828820625580985,0.20991169541406995,0.1956752893539272
MB-4870,0.418474126001214,0.01948677024742785,0.3374024863640205,0.0,0.22463661738733778
MB-4224,0.0,0.008798078221635157,0.15561481722824003,0.0,0.8355871045501247
MB-4845,0.1119381217568305,0.06341557035571482,0.7378725767089129,0.0,0.08677373117854165
MB-4904,0.27929697846153484,0.027726488549805656,0.0,0.48313765847481777,0.20983887451384173
MB-4865,0.22760838908293954,0.0,0.0,0.7421588225076418,0.030232788409418652
MB-4876,0.46936140244007213,0.08444224314473261,0.0,0.33770684348552304,0.10848951092967227
MB-4860,0.3178749664668479,0.0851615605663689,0.44381559550788197,0.0,0.15314787745890124
MB-5081,0.3274133540408314,0.04818581828691994,0.31781153241207766,0.10334495414278426,0.20324434111738673
MB-4897,0.5847693724685816,0.0,0.31047790479617804,0.0,0.10475272273524033
MB-4925,0.3157697073705599,0.10596259326321328,0.3185613310894236,0.11442125606812371,0.14528511220867948
MB-4883,0.34695374332520984,0.10924561031454406,0.5047732397202896,0.0,0.03902740663995645
MB-4896,0.3324758963606188,0.0636675220118647,0.08114514944747067,0.34193656677365225,0.18077486540639348
MB-4987,0.3520814088753636,0.05567257749934677,0.4808794065680935,0.0,0.11136660705719607
MB-4416,0.038458021031719206,0.0,0.0,0.48810903657189714,0.4734329423963836
MB-4374,0.0,0.05839288211953711,0.4521609514273742,0.0,0.48944616645308875
MB-4407,0.0,0.0,0.0,0.4471389401291359,0.552861059870864
MB-5039,0.0,0.0,0.449632456881321,0.3322230463015185,0.21814449681716042
MB-4119,0.0,0.0,0.2795640505834666,0.0,0.7204359494165334
MB-4091,0.0,0.0,0.30841915098866207,0.0,0.691580849011338
MB-5079,0.0930086871290413,0.0,0.7893919904313955,0.0,0.11759932243956314
MB-5073,0.47864280587168945,0.0,0.5160535478665461,0.0,0.005303646261764374
MB-5105,0.15647401018453963,0.0,0.6693570483484053,0.0,0.17416894146705517
MB-4254,0.023285826986842773,0.0,0.0,0.8184566021397345,0.15825757087342274
MB-5174,0.0,0.0,0.22681877944902568,0.15997676943853106,0.6132044511124434
MB-4742,0.12261490553404668,0.019253418223722337,0.7953983842978687,0.0,0.06273329194436239
MB-5239,0.08277004028842298,0.10001077007611724,0.6971108204405654,0.09258061761475513,0.027527751580139263
MB-5251,0.2940410866292845,0.06409105759872802,0.5087750506435986,0.0,0.13309280512838892
MB-4996,0.1231303257015578,0.047450768032307605,0.5449414736860356,0.0,0.28447743258009894
MB-4282,0.11573324909733343,0.0,0.5223809300207017,0.13834419863468553,0.22354162224727914
MB-4603,0.0,0.014509020633898091,0.18500951436586513,0.0,0.8004814650002369
MB-4621,0.0,0.11616907879921315,0.009750727820856122,0.6203207682675858,0.253759425112345
MB-4853,0.3613829584733604,0.09212291123876289,0.3927041918648781,0.0,0.15378993842299873
MB-4362,0.022849773243890033,0.03174471092914169,0.5079647786837168,0.0,0.43744073714325155
MB-4602,0.0,0.22939462695584,0.4442622304020886,0.0,0.32634314264207137
MB-4222,0.0,0.0,0.1582231857847966,0.0,0.8417768142152035
MB-4893,0.3913401061899792,0.0,0.0,0.54102340905248,0.06763648475754078
MB-4859,0.6134220269453498,0.0,0.0,0.0948446611794575,0.29173331187519275
MB-4212,0.23883440933297323,0.0,0.43759171463847124,0.0,0.3235738760285555
MB-4873,0.16775755707309234,0.025034284770016586,0.6410790602222995,0.0,0.16612909793459155
MB-4942,0.08041797087908531,0.06601236160441962,0.0,0.7160722074727284,0.13749746004376662
MB-4949,0.12223368593594007,0.12258979060433924,0.07864355817511999,0.432374625052153,0.24415834023244756
MB-4928,0.22995235665799282,0.12474912030448039,0.16013773482184834,0.2996148201247759,0.18554596809090268
MB-5098,0.0,0.0979247941487869,0.6753252169004975,0.08898140528990801,0.1377685836608075
MB-5313,0.2960196803513614,0.12460846272737726,0.0,0.30974737227463983,0.26962448464662153
MB-4145,0.1825177357218399,0.03044202571901008,0.2657795513808712,0.18592155802537214,0.3353391291529067
MB-5122,0.20102830717867837,0.1287273698167631,0.5505483840781452,0.0,0.11969593892641324
MB-5278,0.48370915739243764,0.0,0.3723316796703637,0.0,0.14395916293719851
MB-4213,0.1163189524676743,0.09387167076469545,0.5578666042105654,0.042060944244409953,0.18988182831265488
MB-4126,0.09831446896993433,0.0,0.0,0.14125767065275313,0.7604278603773125
MB-4957,0.0,0.0,0.45835711088732856,0.0,0.5416428891126714
MB-5470,0.2650676342894358,0.0,0.38052925685860645,0.1439339632528784,0.21046914559907934
MB-5317,0.0,0.2311209884387576,0.6290119194265736,0.0,0.1398670921346688
MB-5308,0.4748009858529594,0.0,0.162780719062277,0.0385687926920898,0.3238495023926739
MB-4976,0.20759190057546648,0.05836664851598908,0.48211610580747216,0.0,0.25192534510107234
MB-5277,0.25877057416137295,0.0,0.38050055358265944,0.11062740081754839,0.2501014714384193
MB-5110,0.4245736971696398,0.0,0.46245750561413373,0.042382767746610685,0.07058602946961597
MB-4046,0.0,0.0,0.32656057086741125,0.0,0.6734394291325888
MB-4012,0.0,0.0,0.24832212559753972,0.056832750302747176,0.6948451240997131
MB-4141,0.0,0.0,0.14656710180453017,0.0,0.8534328981954699
MB-4001,0.01574688876349758,0.0,0.38541328055539364,0.08668245950297539,0.5121573711781333
MB-4792,0.137262388593381,0.0,0.05397386564303883,0.7281469792363577,0.08061676652722241
MB-4738,0.451730463092485,0.0,0.5169357147516753,0.0,0.031333822155839644
MB-4264,0.0,0.022835488648749673,0.23180706800955006,0.22598207330528633,0.519375370036414
MB-4794,0.08110695000256812,0.19768176980019841,0.6001449838929421,0.0,0.12106629630429144
MB-4782,0.5616330040015751,0.07196763625062544,0.19331989475184747,0.010799120578093947,0.16228034441785813
MB-5008,0.0,0.033939137298516726,0.3062373206798191,0.4803045777445538,0.17951896427711034
MB-4426,0.0,0.0,0.0,0.13279728701685345,0.8672027129831466
MB-4390,0.2176881045204412,0.07137308042235041,0.4340880368954964,0.0,0.2768507781617119
MB-4434,0.0,0.0,0.3172821955610617,0.05995889801093135,0.6227589064280069
MB-4368,0.0608799098078233,0.0,0.3312600243676522,0.0,0.6078600658245246
MB-4442,0.0,0.0,0.35355545862428495,0.009442001745097415,0.6370025396306175
MB-4418,0.0,0.008223987239709163,0.3522805246669787,0.0,0.6394954880933122
MB-4381,0.0,0.0,0.06314023152742797,0.0,0.936859768472572
MB-4395,0.0,0.10115189270514366,0.24181852781883675,0.005171411914023969,0.6518581675619957
MB-4630,0.0,0.13725809359524496,0.3217266257691434,0.0,0.5410152806356116
MB-6010,0.19537469465642865,0.2746122942125328,0.0,0.4559347208937954,0.07407829023724317
MB-6021,0.34764940283973267,0.06205127352325582,0.2990226858287373,0.0,0.2912766378082742
MB-6059,0.3763787981239774,0.15099196270996543,0.1983769799644161,0.22299553336389843,0.05125672583774261
MB-6154,0.04036155881901559,0.20940054352258294,0.52172062017929,0.0,0.2285172774791115
MB-6097,0.0,0.0516904237126601,0.21556045989001327,0.005513193426295894,0.7272359229710307
MB-6107,0.4520820113018899,0.03136564506820668,0.1886963692569448,0.08469492290380796,0.24316105146915062
MB-6023,0.1384813608520258,0.16944078046654207,0.5190654088326572,0.0,0.17301244984877487
MB-6152,0.23483337297163465,0.07610729799722397,0.0,0.6052099096134806,0.08384941941766075
MB-6018,0.3404358923423289,0.19072744261453634,0.33556549021636245,0.0,0.1332711748267723
MB-6082,0.4152918063755455,0.15798820576902456,0.10135320587193088,0.009385808325516316,0.31598097365798283
MB-6029,0.18066135459664404,0.127988334607799,0.38127294274796647,0.0,0.3100773680475905
MB-5295,0.12597361764488135,0.0,0.0,0.595180396960502,0.2788459853946167
MB-5386,0.0,0.2776310972656952,0.5425419778810612,0.0,0.1798269248532435
MB-5092,0.49725495157170096,0.1481601574091711,0.2027470139570837,0.0,0.15183787706204419
MB-6068,0.41359444883038715,0.0,0.0,0.44226328677935206,0.14414226439026082
MB-6039,0.05251705875353825,0.08785408404088837,0.2814534620686313,0.43465258556436787,0.1435228095725741
MB-6022,0.0,0.11677856546952617,0.5619537493591118,0.019690655771008335,0.30157702940035375
MB-6125,0.4948925255463025,0.06744474598486647,0.3841192729601183,0.0,0.05354345550871273
MB-6053,0.030856781568215395,0.17103319057104577,0.4693190085654385,0.15255114711340775,0.17623987218189255
MB-6135,0.0,0.12760817197183946,0.5155649674583288,0.23747717476949956,0.11934968580033206
MB-6042,0.48515810685277677,0.09314964299367519,0.11483033092320803,0.05890933247269966,0.24795258675764043
MB-6058,0.27644279083327494,0.021648789037106216,0.0,0.6883839368912026,0.013524483238416188
MB-6077,0.18088470889294475,0.08851484507812249,0.22125710113073685,0.054228766994233374,0.4551145779039625
MB-6052,0.6739941161731617,0.021923165238613856,0.0,0.20255255297297295,0.10153016561525152
MB-5368,0.3131183411516817,0.0,0.1251789355264157,0.0,0.5617027233219026
MB-4189,0.0,0.0,0.0,0.059110407253130305,0.9408895927468696
MB-5335,0.0,0.04588696310631498,0.04855477477380381,0.7803868039137108,0.12517145820617037
MB-4008,0.06802691642787519,0.19643278009412443,0.5678916374457531,0.0681454244862175,0.0995032415460298
MB-5134,0.3302507964879872,0.05293341782433443,0.4990911572084438,0.0,0.11772462847923446
MB-4139,0.0,0.25404920934182934,0.5145090367331913,0.0,0.23144175392497948
MB-5130,0.2946722810754354,0.17588044812090559,0.19898848594793797,0.0918998202880845,0.23855896456763653
MB-5135,0.0,0.1464858238545437,0.0,0.7178266534261393,0.1356875227193171
MB-4880,0.0,0.0,0.0,0.5311665214869227,0.4688334785130773
MB-5054,0.34508170090295337,0.0,0.08987588084466748,0.46200533431558055,0.10303708393679861
MB-5057,0.09447433656952217,0.0,0.07631306624831881,0.829212597182159,0.0
MB-4098,0.0,0.0,0.2101617129157409,0.0,0.7898382870842591
MB-4760,0.47932307376411404,0.0,0.4881046773632717,0.0,0.03257224887261423
MB-5102,0.0,0.0,0.08016784092245999,0.7026230163944196,0.2172091426831203
MB-5420,0.3554935957658252,0.1619927133406714,0.0,0.24830187809547088,0.2342118127980326
MB-5458,0.0853318506808448,0.16828388753595513,0.19090046851231776,0.4430052895287862,0.11247850374209624
MB-5492,0.4995928875007056,0.11922798256237128,0.2173266881092161,0.0,0.16385244182770706
MB-5407,0.29375280507796325,0.0,0.533676152649346,0.0036829352481862376,0.16888810702450446
MB-5394,0.18487055053176366,0.0,0.08708551651658937,0.4075835653426597,0.3204603676089872
MB-5410,0.030518710019692422,0.0,0.36944680230247584,0.0,0.6000344876778317
MB-5435,0.05319545730288445,0.10765492023211189,0.6209104018296195,0.07883430100953621,0.1394049196258479
MB-5406,0.07955287834550841,0.0347447979322993,0.3608423288490903,0.20536835219858146,0.3194916426745205
MB-4329,0.23432538231858588,0.09092141494848968,0.6088585731476621,0.0,0.06589462958526246
MB-4005,0.5579148121057955,0.12119282731952283,0.06689937259031166,0.09940861203714613,0.15458437594722385
MB-6288,0.005683929344933707,0.0,0.7827451384545857,0.1940205208296872,0.01755041137079331
MB-6272,0.22382524655624358,0.0,0.0,0.7074681215354609,0.0687066319082954
MB-6218,0.33574221104382923,0.0,0.459079774812965,0.16064909591305068,0.044528918230155104
MB-6246,0.021307636518380243,0.0,0.34896095086075074,0.4519496046823372,0.17778180793853177
MB-6217,0.0,0.0,0.6867001134966041,0.21569703019924757,0.0976028563041482
MB-6308,0.28594962546803215,0.0,0.49998870837213505,0.0,0.21406166615983277
MB-6271,0.028829939086435278,0.0,0.779949778698899,0.0,0.19122028221466586
MB-6245,0.0012358611149782441,0.0,0.0,0.6390321051846095,0.3597320337004122
MB-6233,0.3722582169998821,0.0,0.627741783000118,0.0,0.0
MB-4343,0.21922246815820784,0.0,0.0,0.11487638243735347,0.6659011494044388
MB-4281,0.0,0.01258074667006115,0.31797429540282357,0.30729935403918823,0.36214560388792716
MB-4283,0.22224883454764038,0.036291741757002206,0.30479616115221614,0.0,0.43666326254314125
MB-4341,0.01411933006910359,0.0,0.25106593325302495,0.49349852847932907,0.24131620819854235
MB-4303,0.014921361601093006,0.0,0.0,0.40350777594963444,0.5815708624492725
MB-4274,0.0,0.11650014809274714,0.4519660172776575,0.06950027935989858,0.3620335552696969
MB-4292,0.0,0.07434155307905277,0.322967963218745,0.0,0.6026904837022022
MB-4278,0.03554406432345958,0.18848080977232046,0.0,0.1975985961698629,0.578376529734357
MB-5399,0.1567039241252997,0.21110065685067536,0.36881681551739104,0.0,0.2633786035066338
MB-5364,0.5316586795730831,0.1477676390587386,0.0,0.0,0.3205736813681784
MB-3526,0.3417427275063706,0.15647539232111055,0.2520593677399493,0.10567356896769954,0.14404894346486982
MB-6138,0.4936590917989408,0.13394028183147189,0.3202655212479603,0.0,0.052135105121627015
MB-6049,0.18647873083310101,0.20112970004410785,0.2925460100624896,0.23232787992195975,0.08751767913834183
MB-6055,0.20404590582258925,0.05932437603494364,0.0,0.7366297181424671,0.0
MB-6108,0.4316584435447984,0.1508231274898857,0.25069157301536377,0.10043878328951818,0.06638807266043392
MB-6044,0.0,0.07995114218340557,0.20198423752475098,0.3139926721839014,0.404071948107942
MB-6181,0.0,0.19699306125486432,0.5591421342416466,0.0,0.24386480450348919
MB-6100,0.0613154670125008,0.12099901205953546,0.21331876455348428,0.44853384806480245,0.15583290830967708
MB-6085,0.31462891943255683,0.12120464567828938,0.0,0.4428010874799906,0.12136534740916317
MB-6113,0.31701482414282295,0.15247467074454774,0.23049805328058615,0.2384651088435875,0.06154734298845578
MB-6079,0.007219311203838837,0.29354360140480823,0.5155441310043437,0.036748987213273875,0.14694396917373523
MB-6103,0.4229386084241813,0.23945323212802339,0.15661229786878597,0.046345101284925146,0.13465076029408413
MB-6016,0.061453519488176664,0.23946397411045334,0.31218890769727703,0.0,0.3868935987040931
MB-6149,0.0,0.009952825747191878,0.3951542641068031,0.0,0.5948929101460049
MB-6131,0.04972653776491085,0.06621088281412718,0.11431442921259129,0.4453000604562154,0.3244480897521553
MB-6007,0.13727768670890264,0.15600082696600343,0.22798906549836026,0.03679604192269102,0.44193637890404264
MB-6147,0.7314851262311233,0.0,0.21975772324783474,0.0,0.04875715052104203
MB-6114,0.2775684798683395,0.027709073456990165,0.04730558108012747,0.30845657635435736,0.33896028924018545
MB-6167,0.20470587546051816,0.27104043932423344,0.41965926442828827,0.0,0.10459442078696017
MB-6146,0.27770450192003004,0.1225671518789188,0.24580887985246397,0.318003868426584,0.03591559792200315
MB-6092,0.31119678313384513,0.16930583049455836,0.2974944143396062,0.0,0.2220029720319903
MB-6160,0.3074215924836459,0.06799160002709383,0.0,0.44254091374369053,0.18204589374556968
MB-6075,0.0,0.18142327827828064,0.4501941958705225,0.0,0.3683825258511968
MB-6011,0.0,0.2395977681923344,0.4885633496890871,0.0,0.27183888211857843
MB-6071,0.3312646441067756,0.2567490788256535,0.26277162917271063,0.0019964813783901855,0.14721816651647016
MB-6214,0.31510942619351096,0.05314866755244483,0.49126030309163626,0.0,0.140481603162408
MB-6334,0.0,0.04046480049657851,0.35783081804531575,0.298981937988219,0.3027224434698867
MB-6346,0.03711466769451303,0.10335463804583486,0.4942150968576099,0.06009087195206978,0.30522472544997237
MB-6319,0.5306031182655574,0.0,0.2768838279004275,0.0,0.1925130538340152
MB-6200,0.2761679957553055,0.06510528818450666,0.4360931391793784,0.13691441184884953,0.08571916503195992
MB-6336,0.10476406835711523,0.0,0.0,0.6694754840386301,0.22576044760425465
MB-6211,0.2902234398567838,0.09851799511301196,0.3512620836398282,0.04682332628858189,0.21317315510179416
MB-6232,0.33718192118607065,0.1090697132993488,0.5537483655145805,0.0,0.0
MB-6234,0.5340315408780786,0.050187242852680905,0.31251085123824196,0.0,0.10327036503099862
MB-6300,0.24368990142354513,0.2119184241972149,0.49988353574458855,0.04450813863465142,0.0
MB-5533,0.44645717724888473,0.04580332666420528,0.24251385764840003,0.06519983633147731,0.20002580210703272
MB-5543,0.37729202120323724,0.0,0.4365004018799686,0.1287448388661674,0.05746273805062678
MB-4236,0.061901671578312854,0.051050135503149664,0.07871544625710426,0.1020094568699166,0.7063232897915166
MB-4234,0.03186626547698663,0.0,0.4459556320608964,0.0,0.522178102462117
MB-4270,0.025304726139453514,0.07514209845772712,0.0963874901657595,0.4069222376132348,0.396243447623825
MB-4235,0.2320413781970964,0.0,0.0,0.4259773216195797,0.34198130018332384
MB-4250,0.2572604498182042,0.028944670038607893,0.458370663489632,0.044629930735110485,0.21079428591844554
MB-5467,0.2113150602944886,0.04925394255498693,0.387567236349011,0.03943700542899618,0.3124267553725172
MB-4323,0.0,0.26217054585131594,0.3236392215477839,0.0,0.4141902326009001
MB-4318,0.0,0.2038301104325312,0.27216511942830196,0.17704701670832887,0.34695775343083785
MB-4333,0.12720061804141622,0.23333880308842983,0.2847814188013684,0.0,0.3546791600687854
MB-4339,0.0,0.21262579144904706,0.20513194401908721,0.0,0.5822422645318657
MB-4322,0.0004536372694667163,0.21097236692465515,0.3573635030775018,0.0,0.43121049272837636
MB-4351,0.0,0.00900348400430684,0.0,0.3643334841178067,0.6266630318778864
MB-5063,0.003711821733129374,0.24269974685484746,0.3114152683206704,0.4191029588658066,0.023070204225546204
MB-4360,0.0,0.0,0.0,0.31294938128297384,0.6870506187170261
MB-4375,0.13526441471904654,0.17262759996752744,0.028744472603313094,0.0,0.663363512710113
MB-4798,0.26050242898511466,0.0,0.1661910425739295,0.0,0.5733065284409558
MB-4746,0.2967782152327175,0.08945940114120446,0.49861620156316133,0.04523524843381415,0.06991093362910253
MB-4838,0.0,0.10703823674255866,0.7225785690184432,0.0,0.170383194238998
MB-4829,0.2629656784275932,0.10837464975408247,0.4651655988211825,0.031271100307705885,0.13222297268943575
MB-4802,0.0,0.12048780873517281,0.4768032855267544,0.12966954529505154,0.27303936044302124
MB-5426,0.2870523401741682,0.14886866507808416,0.0,0.4633111431780695,0.10076785156967805
MB-5444,0.30073044360218504,0.21872341154134345,0.29858674532142443,0.0,0.18195939953504703
MB-5431,0.543849724727612,0.01247603001592277,0.0,0.24149035476826783,0.20218389048819743
MB-5447,0.22966361736214028,0.18540602472370868,0.2702301061667842,0.12251371493733591,0.1921865368100309
MB-5434,0.002416127019816138,0.27141994618354154,0.4027028542455182,0.013280043933684184,0.31018102861743996
MB-5255,0.817832581454526,0.0,0.0,0.05691919473159872,0.12524822381387524
MB-5231,0.15907182381801438,0.0,0.25238342026782395,0.3813879997736652,0.20715675614049658
MB-5339,0.29796717920493926,0.0273610697319114,0.41473033252848995,0.06717849180957912,0.19276292672508033
MB-5208,0.051524856323205644,0.014842788624303702,0.19860972405400876,0.7090740387298304,0.02594859226865148
MB-5428,0.36971215572849364,0.0,0.4408065973879306,0.0,0.18948124688357587
MB-5440,0.10914954600754746,0.0,0.0,0.7923421824979902,0.09850827149446233
MB-5425,0.3205731153381196,0.0,0.64732736285643,0.0,0.032099521805450316
MB-5298,0.0,0.0,0.0,0.8286119977560197,0.17138800224398038
MB-5334,0.14042315268547015,0.0,0.5190360408952965,0.11745837714098441,0.2230824292782488
MB-5326,0.4224234167607067,0.0,0.09187544443582105,0.0,0.4857011388034722
MB-4059,0.5591615956309502,0.0,0.30276348572631695,0.011478050246721326,0.1265968683960114
MB-6230,0.3595978172602891,0.1073566992798406,0.40560495251192363,0.0,0.12744053094794658
MB-6150,0.3657276659413675,0.2065030480972112,0.21202028394367417,0.18363410225854565,0.03211489975920147
MB-6014,0.6949230295445659,0.09118729165374727,0.0907007402556096,0.0,0.12318893854607733
MB-6145,0.014026943889910961,0.1692797666153616,0.2865915418515087,0.08077575343939881,0.44932599420382
MB-6012,0.0,0.08251862370673686,0.22367836989877818,0.0,0.693803006394485
MB-6024,0.33260998432929967,0.1273125876924912,0.22803655970852926,0.0,0.31204086826967986
MB-6124,0.0,0.18144493559934027,0.5875710983496735,0.11170797844915108,0.11927598760183522
MB-6171,0.20325224914513212,0.1434357883465338,0.4709683253326601,0.0,0.18234363717567395
MB-6060,0.10860941578224566,0.22892320890923207,0.13250860574902942,0.4713508741805701,0.05860789537892275
MB-6008,0.0,0.24189488539933213,0.3490284266052075,0.0,0.4090766879954604
MB-6036,0.251123101546887,0.029679841806002118,0.0,0.5971109974161445,0.1220860592309664
MB-6144,0.311185953643832,0.0,0.0,0.4931833426225857,0.1956307037335823
MB-5346,0.0,0.12265775415132545,0.0,0.8543278715254505,0.023014374323224056
MB-5373,0.3634396622441019,0.19477799062440082,0.2958952676902427,0.05746708693566593,0.0884199925055886
MB-6178,0.26454887884971,0.015709807486051237,0.0,0.6726650866084409,0.04707622705579781
MB-6063,0.11702899906120239,0.0,0.0,0.27642383048312547,0.6065471704556721
MB-6020,0.2682754387839657,0.12741194190641267,0.24787128410737364,0.18550569851603066,0.17093563668621728
MB-6062,0.13239550219726146,0.0,0.0,0.7565487072407365,0.111055790562002
MB-6069,0.2509388294753127,0.16484842102999228,0.5107732354856016,0.0,0.07343951400909342
MB-6141,0.012694139121744247,0.11300548581505908,0.6360377250075787,0.0,0.23826265005561795
MB-6118,0.516831851807895,0.06396442773582373,0.14421618013400506,0.05019942687512254,0.22478811344715363
MB-6065,0.07579176651350138,0.012945252073290238,0.4348893769013307,0.0,0.47637360451187766
MB-6006,0.39661123593908904,0.16092877501308853,0.38708763404251084,0.0,0.0553723550053116
MB-6048,0.2630712849531744,0.1640673196313086,0.08520389546744145,0.2905478559425967,0.19710964400547873
MB-6116,0.3161658845556134,0.19770476228324743,0.1359677215656301,0.2697509796672646,0.08041065192824443
MB-4310,0.0,0.1854039218352868,0.019370227163279324,0.0,0.795225851001434
MB-4300,0.0,0.08518424079854182,0.0,0.13962340135789653,0.7751923578435617
MB-4298,0.010611696832352083,0.2785979259159052,0.26144898607172956,0.0,0.44934139118001326
MB-4417,0.0,0.0,0.0,0.5287221546139628,0.4712778453860372
MB-4079,0.0,0.1377467877799909,0.0,0.0,0.8622532122200091
MB-4317,0.0,0.1069020563674528,0.0,0.23159457438826186,0.6615033692442853
MB-4350,0.05228681726364292,0.0,0.0,0.10646606226648173,0.8412471204698755
MB-4332,0.0,0.0,0.0,0.4479848542653192,0.5520151457346808
MB-4324,0.0,0.24049951430254513,0.12491593848102418,0.0,0.6345845472164306
MB-4306,0.0,0.3134037524019846,0.24597346781664506,0.0,0.4406227797813704
MB-7226,0.0,0.20200704047283347,0.5558852169967117,0.21476026940258358,0.027347473127871124
MB-7205,0.21781751710618685,0.013164353119654304,0.006601193675838974,0.7624169360983198,0.0
MB-7160,0.0,0.0,0.3919900404631398,0.42493342389463895,0.1830765356422212
MB-7159,0.0,0.0,0.14852590695166487,0.7545206030179243,0.09695349003041075
MB-7167,0.2726473025799932,0.11651508718596176,0.5938099203895496,0.017027689844495437,0.0
MB-7207,0.2788940676616389,0.04192403663409099,0.029946754434643865,0.48560169224905897,0.16363344902056717
MB-7237,0.3494074131439694,0.031575158661401787,0.32246453598491887,0.16457508651234046,0.13197780569736955
MB-7241,0.17446433699134695,0.14895737572116124,0.675764454049436,0.0,0.0008138332380558374
MB-7236,0.0,0.2011187046497608,0.7571676052062415,0.011827798321195047,0.029885891822802678
MB-7168,0.40298886659989436,0.19368229695988334,0.37977641292976916,0.0,0.023552423510453155
MB-7162,0.2724876493401192,0.1433452994804893,0.48032480595103066,0.017537437637723776,0.08630480759063709
MB-7235,0.22872109298476748,0.07528156039085677,0.6102140713574734,0.0,0.08578327526690224
MB-4331,0.11064038382136476,0.23146752294653297,0.3000383492314757,0.09374714406942575,0.2641065999312007
MB-4353,0.014080471131125153,0.12759768720230727,0.36787183991580236,0.1855209794497877,0.30492902230097757
MB-4354,0.19083841374360366,0.0542030336416788,0.03506013209508273,0.18472943168249104,0.5351689888371436
MB-4328,0.0,0.2505646808881644,0.42986978045073043,0.06146194764565632,0.25810359101544894
MB-4348,0.0,0.1851663095528839,0.2051247641133211,0.2686861543645594,0.3410227719692355
MB-6030,0.23771292700176228,0.2103019597218788,0.315153854387936,0.0,0.23683125888842302
MB-6133,0.24475970339821243,0.17274035918630173,0.3046246104708256,0.0,0.2778753269446604
MB-6083,0.06867163683367004,0.20840598593921839,0.40149653178199235,0.0,0.3214258454451193
MB-6026,0.0,0.16521907986322334,0.29440157332537403,0.16566967081352163,0.37470967599788113
MB-6168,0.5408198735203137,0.1576483727551214,0.22750371864957142,0.0,0.07402803507499353
MB-6101,0.1261986553260001,0.19612790247041453,0.1781030591539378,0.2817495902313617,0.21782079281828567
MB-6156,0.19978451836268318,0.16899330560578008,0.24847536696333847,0.2803772082489259,0.10236960081927227
MB-6051,0.4128113272114507,0.05872713310725106,0.25948936955687074,0.0,0.26897217012442753
MB-6182,0.0636413147714067,0.27291762901545336,0.015739045324760618,0.5023335703887934,0.14536844049958594
MB-6080,0.24857024625749297,0.2348660052195729,0.0,0.22568895584662693,0.2908747926763072
MB-6143,0.3898027976624351,0.0993091576703713,0.0,0.44426450080203506,0.0666235438651584
MB-6164,0.32500991714465466,0.2984886172933332,0.2784349268343252,0.013734584444402816,0.08433195428328429
MB-0551,0.6297295516360278,0.0,0.3702704483639721,0.0,0.0
MB-0391,0.33816612192274165,0.0,0.22920786023240422,0.43262601784485416,0.0
MB-0367,0.8127596804897146,0.0,0.09620614208076886,0.0385922993293468,0.05244187810016975
MB-5171,0.5842458769276838,0.0,0.240502416175663,0.0,0.17525170689665315
MB-5199,0.3609386658394264,0.0,0.2744183493665224,0.3110133724543932,0.053629612339658066
MB-5177,0.2588368958938059,0.012270405820777115,0.1468279651238215,0.3907380200436924,0.1913267131179031
MB-5178,0.21461283469105477,0.0,0.7291430633205849,0.0,0.056244101988360315
MB-5280,0.16896732335515102,0.0,0.6706889461314911,0.130886932429561,0.029456798083796767
MB-5148,0.4802947763024377,0.12575822833420874,0.06744600577705738,0.17697186592715497,0.1495291236591411
MB-4342,0.5449463925509597,0.03628187570915405,0.19393148119123135,0.0,0.2248402505486548
MB-5225,0.15248963084238332,0.0182118231780437,0.0,0.7126631210667965,0.11663542491277648
MB-4024,0.07370473599661748,0.06268271525984691,0.06419907022203614,0.6744479284174578,0.12496555010404176
MB-6314,0.0,0.13240870427985135,0.4566355379847403,0.35369932307692925,0.057256434658479204
MB-6257,0.11062388814905519,0.03803433648014291,0.8091095188082568,0.04223225656254526,0.0
MB-6358,0.25077510831594185,0.0,0.3864819866126316,0.32472400091671016,0.0380189041547163
MB-6242,0.022370030148721902,0.0,0.10936789364969354,0.8682620762015846,0.0
MB-6237,0.13221847916737284,0.0,0.12659528040444706,0.74118624042818,0.0
MB-6183,0.035014780480146085,0.030218939067079245,0.7708799100678467,0.04542664797369056,0.11845972241123741
MB-6254,0.06469407748792678,0.07069443217135844,0.8646114903407149,0.0,0.0
MB-6231,0.13171154385358763,0.0,0.34173288806782676,0.04145768867473569,0.48509787940384985
MB-6204,0.503022065112283,0.0,0.45070935135829715,0.04626858352941969,0.0
MB-6229,0.43962686175751853,0.00045241857089773035,0.5599207196715837,0.0,0.0
MB-5154,0.5296441889127781,0.0,0.15698278173239574,0.16261702059005634,0.15075600876476983
MB-5175,0.5718889058176533,0.0,0.20971598498368008,0.13728628723701813,0.08110882196164852
MB-5173,0.06612624933234725,0.0,0.1396801211261154,0.7941936295415374,0.0
MB-5162,0.6598646094533789,0.0,0.0,0.1466523899035174,0.1934830006431038
MB-5164,0.3470353294043064,0.0,0.2698431155300916,0.17245144910867682,0.21067010595692526
MB-7253,0.06766540991931913,0.42305931787342743,0.24130422732134782,0.1716394543089897,0.09633159057691594
MB-7298,0.10011821543273633,0.3793850183404525,0.2990601950645959,0.22143657116221513,0.0
MB-7299,0.25507137901371146,0.314235960820871,0.030482288334439958,0.4002103718309776,0.0
MB-7293,0.5271364611891473,0.2843927449655483,0.1884707938453046,0.0,0.0
MB-3978,0.12219803314596325,0.2397538445176638,0.29908773649940423,0.2455096894161889,0.09345069642077987
MB-7288,0.1836364425407311,0.41106335309561504,0.2918906079385959,0.11340959642505788,0.0
MB-2923,0.0,0.43585272520683355,0.20132191270368308,0.3369280242776101,0.025897337811873235
MB-0402,0.7689781654853638,0.0,0.21560394102002067,0.0,0.015417893494615533
MB-0381,0.15406234801028867,0.0673363197341311,0.42491466556915164,0.35368666668642856,0.0
MB-0592,0.0,0.2618821518312632,0.7381178481687368,0.0,0.0
MB-5271,0.0,0.0,0.49863883168080764,0.38437972961924977,0.11698143869994268
MB-5235,0.1587417446488344,0.0,0.27897166302756593,0.499079248822062,0.06320734350153775
MB-4931,0.22648601011385341,0.0,0.0,0.7040365311763225,0.06947745870982404
MB-5332,0.0,0.0,0.3564529108622952,0.4070221628913391,0.23652492624636567
MB-7045,0.28908597932804575,0.1098394775501341,0.2078106887619148,0.39326385435990546,0.0
MB-7049,0.016960210007404868,0.07158802099762931,0.14108750121612418,0.5719993541287415,0.19836491365010026
MB-7031,0.0,0.07773681592944075,0.011450327855050282,0.9108128562155089,0.0
MB-7061,0.4122172169820861,0.022065334734239217,0.43335568417503495,0.1323617641086398,0.0
MB-7050,0.04203302491064466,0.08042559495939668,0.481967002744515,0.2711949988321249,0.12437937855331864
MB-7078,0.13108311373713222,0.1532614654548674,0.0020958442848601133,0.7135595765231403,0.0
MB-7054,0.16437626406230268,0.022716115823721038,0.0,0.6848785994307521,0.12802902068322408
MB-7048,0.23358489321132364,0.03762633332153145,0.3614902528235061,0.20590396047972154,0.1613945601639172
MB-7058,0.4403004204202397,0.06911107690830029,0.4295826196937756,0.0,0.0610058829776844
MB-7056,0.10283015928902296,0.15269382761516367,0.64235301514968,0.0,0.10212299794613339
MB-7038,0.33186013478059856,0.09014627139463191,0.013772769779979297,0.5642208240447901,0.0
MB-7086,0.014182882260810303,0.41500510386183254,0.29078022724869756,0.2180995764504753,0.06193221017818434
MB-0177,0.44809053631338613,0.06025017890360263,0.49165928478301124,0.0,0.0
MB-0435,0.6476553483749429,0.0,0.0,0.352344651625057,0.0
MB-0159,0.3586658132753734,0.0,0.2286203214452713,0.38235212596152146,0.03036173931783377
MB-0399,0.3046787627423603,0.0,0.3382429578722817,0.357078279385358,0.0
MB-0388,0.571314816459842,0.04161612441801789,0.14996273685454847,0.06842506438986312,0.16868125787772845
MB-0351,0.07322196659698427,0.3583755378223703,0.5684024955806455,0.0,0.0
MB-0615,0.5267947485940606,0.20860773676303832,0.08796387332394268,0.1671545857763083,0.009479055542650093
MB-0265,0.6576252774092446,0.17256830221318162,0.0,0.16980642037757376,0.0
MB-0116,0.40038331019699075,0.325974653546726,0.27364203625628314,0.0,0.0
MB-0472,0.0,0.3531054867839762,0.621162900040585,0.0,0.025731613175438723
MB-0191,0.06096192138374559,0.17078465323784223,0.0,0.7682534253784121,0.0
MB-0231,0.3293862388818755,0.23917143612755906,0.3803901127233806,0.0,0.051052212267184795
MB-0558,0.08446494274297237,0.0691056885716427,0.0,0.8126914671257617,0.03373790155962321
MB-0393,0.4595934246208902,0.07827567121930888,0.1663665273445424,0.28151288118029083,0.014251495634967649
MB-0553,0.0019466867596588545,0.09807355574826535,0.5939301733539791,0.18357797589202052,0.12247160824607617
MB-0587,0.027478147715789013,0.23494456807098374,0.5519286982682388,0.18564858594498856,0.0
MB-0611,0.2788405338960509,0.22433764221347663,0.15610986958619041,0.3405315460300491,0.00018040827423302614
MB-0640,0.5009729777907166,0.1822681865626416,0.2365845054247727,0.0,0.08017433022186907
MB-0114,0.09799673273686274,0.2091992648533252,0.5568479335338055,0.03834511154683436,0.0976109573291721
MB-0222,0.6052021274018906,0.2750624744201326,0.05004253617343344,0.03117742170482037,0.03851544029972291
MB-0284,0.49277296308393226,0.06087502944443068,0.0,0.44635200747163706,0.0
MB-0459,0.17933527037124652,0.06468461648895504,0.5732010046571349,0.18277910848266365,0.0
MB-0128,0.658752407846558,0.0,0.22060664652530051,0.0,0.12064094562814148
MB-0639,0.18475997608151062,0.0,0.09250552499284032,0.7227344989256491,0.0
MB-0318,0.32127043186295,0.0,0.2710318567502433,0.32327690983268115,0.08442080155412553
MB-0417,0.10403524547499186,0.12062824414685169,0.6520695648639533,0.05559324151690319,0.06767370399729991
MB-6238,0.3728727665054628,0.0,0.6019489981440974,0.0,0.025178235350439837
MB-6286,0.24639720547544547,0.0,0.6571975173426913,0.0,0.09640527718186333
MB-6328,0.006706842797845078,0.04358624295352455,0.7527091559430032,0.07635049089762515,0.12064726740800202
MB-6284,0.10362969063799683,0.0,0.6077664961161929,0.2886038132458103,0.0
MB-6363,0.34767334068320777,0.0,0.4017977389503409,0.25029820101632705,0.00023071935012438524
MB-6224,0.3604962218906037,0.0,0.16710798392935444,0.4705672291709411,0.0018285650091006806
MB-6297,0.3184523325779873,0.0,0.6120255147816294,0.06952215264038338,0.0
MB-6239,0.334476461266805,0.0,0.5467865189591827,0.0670455313333192,0.05169148844069298
MB-6208,0.2930644946328013,0.0,0.28728803411714704,0.11943027191080839,0.30021719933924323
MB-6273,0.22098026724812736,0.0,0.2853450845822696,0.0,0.4936746481696031
MB-6344,0.06996180669338138,0.0,0.6361737264709684,0.2547423605231733,0.03912210631247702
MB-6312,0.10430205420119742,0.0,0.45137105086994084,0.2794067898542335,0.1649201050746283
MB-6212,0.43827081821785374,0.0,0.541513355961827,0.0,0.020215825820319205
MB-6302,0.08109785544309668,0.0,0.638718685393196,0.225474320510351,0.05470913865335635
MB-6327,0.0,0.002779311718341908,0.8823339932192995,0.022044798528590218,0.09284189653376851
MB-6287,0.08451136364190186,0.0,0.5684583574188982,0.2919657508902361,0.05506452804896393
MB-6213,0.12509734889355284,0.062305162477506316,0.8021124606626409,0.010485027966300173,0.0
MB-6251,0.1360863885344119,0.0,0.1503649973870123,0.7135486140785758,0.0
MB-0489,0.7164571532625331,0.0,0.0,0.19717789690477686,0.08636494983269001
MB-0876,0.900517369254037,0.0,0.0,0.09948263074596295,0.0
MB-0342,0.6525726872339092,0.0682268887236063,0.27920042404248463,0.0,0.0
MB-7289,0.698458069730417,0.16559105788515882,0.13595087238442416,0.0,0.0
MB-3253,0.06452548616733085,0.24505347338035108,0.24751699552737624,0.4233940129220201,0.01951003200292173
MB-7291,0.3620899807058265,0.19596969530149805,0.0,0.4419403239926756,0.0
MB-7243,0.2577452094183914,0.23919410276533443,0.3349075637983249,0.0,0.16815312401794927
MB-3466,0.07185933313329908,0.24158535059828193,0.27975751768144513,0.40679779858697396,0.0
MB-7286,0.2547410830578991,0.2219637068823351,0.5232952100597658,0.0,0.0
MB-7292,0.07831320390822326,0.2978923209651352,0.3571321606202274,0.2666623145064142,0.0
MB-7275,0.40546626009913445,0.26118026510352493,0.2485989207573334,0.0847545540400072,0.0
MB-7249,0.0,0.3122324439762882,0.529054891593624,0.0,0.1587126644300877
MB-7295,0.44204551361369987,0.2781827316247828,0.25839020413478697,0.021381550626730344,0.0
MB-7297,0.0,0.46410146134683816,0.21222724997829567,0.32367128867486616,0.0
MB-7294,0.0,0.38133659301811146,0.49508467519196697,0.12357873178992158,0.0
MB-7296,0.0,0.385179377128434,0.24860349995691663,0.3424942113481254,0.02372291156652401
MB-3402,0.07491631226531496,0.3049930811160459,0.34055310354979174,0.2250710031677297,0.05446649990111756
MB-5113,0.262580521979283,0.0,0.5400891478488707,0.14072905082106354,0.05660127935078276
MB-5450,0.22233124229505163,0.0,0.03303911633197102,0.7446296413729774,0.0
MB-7032,0.20587535374638308,0.1277354616060152,0.5743835229392925,0.0,0.09200566170830923
MB-7037,0.08208085506843088,0.18917448940685413,0.728744655524715,0.0,0.0
MB-7040,0.31572749463963373,0.21019673576109932,0.4053231710634058,0.06875259853586109,0.0
MB-7020,0.21280876672681168,0.12399362944644454,0.1490292944808228,0.5141683093459211,0.0
MB-7042,0.18635338931489442,0.22827036233151465,0.5229951321814634,0.06238111617212755,0.0
MB-7043,0.587296566054292,0.02254667482244136,0.10030888220156406,0.13448147697648993,0.15536639994521276
MB-7028,0.0,0.18785851321928637,0.5698994944210414,0.24224199235967223,0.0
MB-7029,0.5357639076484689,0.12953053187916633,0.25412821422505444,0.0,0.08057734624731033
MB-7027,0.357397171579701,0.06531127583655905,0.00910994554994903,0.568181607033791,0.0
MB-7060,0.20004359647056844,0.2797615708917822,0.26240612332403757,0.0,0.2577887093136118
MB-7034,0.0,0.2932819864953403,0.7067180135046597,0.0,0.0
MB-5191,0.4038355667619785,0.0,0.3848942317970666,0.0,0.21127020144095496
MB-5214,0.39276845371230573,0.0,0.33397289989988777,0.07645911571627739,0.19679953067152917
MB-5204,0.2704523070138209,0.0,0.6529466507842819,0.0,0.0766010422018972
MB-5155,0.38447299291607245,0.0,0.4472899872246371,0.0,0.16823701985929046
MB-5190,0.08559820342823615,0.0,0.0,0.26640248366903563,0.6479993129027282
MB-5614,0.5182814749097473,0.14560981946542406,0.15816869112142856,0.0,0.1779400145034001
MB-5592,0.08211979861343387,0.2643542119196038,0.42020321395123905,0.0,0.2333227755157234
MB-0437,0.1504291992226988,0.31259957458594595,0.4647168829328095,0.07225434325854578,0.0
MB-0028,0.0,0.3244964554819809,0.4873973140616738,0.14278271769358486,0.0453235127627605
MB-0309,0.27563200277614647,0.15842167413257202,0.5020216429217873,0.0,0.06392468016949421
MB-0100,0.23580748216146263,0.11121163972103455,0.0,0.5466617414908449,0.10631913662665796
MB-5648,0.028994183479969224,0.28045899198963176,0.4354175728643225,0.0,0.2551292516660766
MB-5572,0.36669032664032425,0.09088553197491722,0.0,0.48766989694771035,0.05475424443704831
MB-5655,0.0,0.1285589426491055,0.0,0.6992187952316264,0.17222226211926803
MB-5577,0.39790792021303156,0.25177722517082896,0.0,0.20796066003823105,0.1423541945779085
MB-5585,0.12152141812629572,0.24081763428737155,0.4066366964545461,0.0857012204357025,0.14532303069608413
MB-5620,0.13681278926587412,0.31638942408710236,0.4169047776431375,0.0,0.12989300900388606
MB-5652,0.5117143286908686,0.2312414721962218,0.0,0.050292874666730256,0.2067513244461793
MB-0537,0.7613299901997975,0.05004640102233245,0.1886236087778701,0.0,0.0
MB-0544,0.18296870755222644,0.25508386545281997,0.5619474269949536,0.0,0.0
MB-0468,0.1504724923320107,0.16044860730083077,0.3810237956256293,0.15563048410115982,0.15242462064036938
MB-0333,0.16042550257831914,0.12599896258341964,0.0,0.7135755348382612,0.0
MB-0205,0.6183338196073858,0.15378869466677997,0.17761813451348651,0.0,0.050259351212347855
MB-0233,0.4170818373846059,0.2685974312343433,0.19827476508111014,0.10599213739975341,0.010053828900187209
MB-0210,0.6139908887319522,0.055647523633470856,0.0,0.33036158763457696,0.0
MB-0200,0.0,0.1762561617256699,0.0,0.8237438382743301,0.0
MB-0244,0.3004544227786582,0.3623083570405665,0.3116779935338298,0.0,0.02555922664694547
MB-5588,0.4980451851216805,0.18263026843551716,0.0,0.055422493908530567,0.26390205253427185
MB-5628,0.053400395061458154,0.4078041517963,0.03607046878408338,0.2617877761182163,0.24093720823994214
MB-5633,0.4195788295409972,0.007885584740791042,0.0,0.3587015001914001,0.2138340855268118
MB-0169,0.6015997755658339,0.0579053997133212,0.262582137119057,0.0,0.07791268760178793
MB-0253,0.16530062505058374,0.2124873478425594,0.5837529655055523,0.0,0.038459061601304585
MB-0226,0.40883954840393955,0.23211676629422912,0.3318894248853755,0.0,0.02715426041645585
MB-0278,0.0,0.2520325800128402,0.0,0.7435259330335448,0.004441486953614995
MB-0266,0.48415548801134867,0.3098066091616531,0.20603790282699833,0.0,0.0
MB-0577,0.03504734460713001,0.3563258367196501,0.5000287518801763,0.10816321832843578,0.0004348484646078783
MB-0156,0.832690527642708,0.10924273865340627,0.0,0.0,0.058066733703885785
MB-0531,0.6890947336655299,0.17683464318209655,0.07130575753057103,0.0,0.06276486562180261
MB-0245,0.42270237302753494,0.3954600323939105,0.12961591617977836,0.0,0.05222167839877618
MB-5641,0.0,0.1133914877163997,0.5706779951792719,0.1635977066597516,0.15233281044457675
MB-5640,0.2027989120225907,0.07290619303553836,0.5499043543863981,0.0,0.17439054055547276
MB-0534,0.7571931838621584,0.0,0.2428068161378416,0.0,0.0
MB-0230,0.025030251603319467,0.010784863285097916,0.4480357186371441,0.5161491664744384,0.0
MB-0109,0.0,0.363390377370533,0.1900634535791045,0.39832521513936864,0.04822095391099381
MB-0304,0.0,0.23045975775935712,0.5997771683772402,0.15894727449526155,0.010815799368141076
MB-0369,0.0,0.25259238413246193,0.6758317030851155,0.07157591278242248,0.0
MB-0627,0.5348420350425018,0.11361941479873292,0.0,0.35153855015876534,0.0
MB-0492,0.0,0.3086530656751674,0.6434534311350353,0.04789350318979723,0.0
MB-0147,0.03026730477224892,0.12419926519792793,0.2374897968174776,0.08702634208564518,0.5210172911267003
MB-0442,0.8399366786820669,0.0,0.1600633213179331,0.0,0.0
MB-0111,0.4298194426418659,0.17865317021113425,0.3915273871469998,0.0,0.0
MB-0634,0.9171754047949434,0.0,0.03726980606447389,0.04555478914058258,0.0
MB-0280,0.158280922722276,0.03147399998313042,0.7090342768671211,0.02891084028806344,0.07229996013940902
MB-0490,0.2529447106232757,0.0,0.7470552893767243,0.0,0.0
MB-0885,0.6809823258394999,0.0,0.23334924261581397,0.08566843154468616,0.0
MB-0178,0.0,0.07856457949103303,0.5274322561495387,0.39400316435942834,0.0
MB-0242,0.3904305335200372,0.026860379824561572,0.48795963760790867,0.09474944904749265,0.0
MB-5624,0.11094321619415654,0.07557888090299458,0.0,0.5468543066439264,0.26662359625892235
MB-5593,0.08856841396467073,0.10972362776766934,0.0,0.3335454333957926,0.46816252487186727
MB-4010,0.0454856918719981,0.2652178788416886,0.1861657479599063,0.056048474832424124,0.4470822064939829
MB-5605,0.0911010258564696,0.35782678685626274,0.3762101684186911,0.038562327994070125,0.13629969087450658
MB-5636,0.0,0.19674928609617678,0.2984242880502698,0.19752253042449006,0.30730389542906333
MB-4529,0.3592172180030473,0.05923340609979155,0.2933578921006068,0.0,0.28819148379655446
MB-5566,0.19283075286599421,0.0,0.0,0.623471582522019,0.1836976646119869
MB-0268,0.13160026606070596,0.2566968310793969,0.4971440366777004,0.1145588661821967,0.0
MB-0160,0.6821815947055112,0.028950428292494473,0.2259825704482438,0.0,0.06288540655375043
MB-0275,0.6340017927103305,0.168391561375172,0.19760664591449748,0.0,0.0
MB-0127,0.5040131486610059,0.15447842809808188,0.23624836295753768,0.10526006028337466,0.0
MB-0045,0.5782119386384877,0.0360218044367032,0.0,0.38326115596034704,0.002505100964461989
MB-0414,0.11092398411899453,0.06608238423492374,0.0,0.8148489844953842,0.008144647150697553
MB-0259,0.0,0.13263517164963348,0.028852228919043186,0.8385125994313234,0.0
MB-0396,0.0,0.07284446142937642,0.0,0.9271555385706236,0.0
MB-0874,0.0,0.11631163540635577,0.0,0.8836883645936442,0.0
MB-0179,0.8380996491130669,0.017739785228517633,0.0,0.14416056565841556,0.0
MB-0526,0.0,0.29744292535868266,0.5921022379768597,0.11045483666445763,0.0
MB-0586,0.27095513639210583,0.00906542687704849,0.7199794367308456,0.0,0.0
MB-0508,0.3889560518481714,0.0238837156930967,0.4387114672231252,0.14844876523560666,0.0
MB-0288,0.3118658449288995,0.11086122180853716,0.4808818386815839,0.09639109458097934,0.0
MB-0269,0.6692825204937247,0.0,0.0,0.33071747950627534,0.0
MB-0582,0.0,0.12765143803141443,0.07649157376702143,0.7076402769240027,0.08821671127756142
MB-0901,0.0,0.10282473834184636,0.0,0.8971752616581536,0.0
MB-0000,0.8410825854362972,0.03522822662663359,0.12368918793706915,0.0,0.0
MB-0535,0.19660011260967483,0.22396242622257692,0.5289661993411106,0.0504712618266377,0.0
MB-0469,0.06761167769625567,0.29299525391166104,0.29729477342561944,0.3420982949664639,0.0
MB-0478,0.6448372330757713,0.0,0.3551627669242286,0.0,0.0
MB-0499,0.7639650589474658,0.0,0.0,0.2360349410525342,0.0
MB-0170,0.6256832879643865,0.0,0.3743167120356135,0.0,0.0
MB-0403,0.8022254073718609,0.0,0.0,0.19777459262813915,0.0
MB-0464,0.1616232758895685,0.0806508110132837,0.21451929410239295,0.5432066189947549,0.0
MB-0421,0.22357640682296862,0.0037853432548822386,0.5571889819314301,0.21544926799071903,0.0
MB-0623,0.5856399402083938,0.0,0.41436005979160606,0.0,0.0
MB-0241,0.3472761948558623,0.0,0.29439372107695666,0.35164445068022543,0.006685633386955686
MB-0163,0.10599327681844432,0.0,0.21797366034644486,0.6760330628351108,0.0
MB-0149,0.0,0.008379091832522462,0.0531036216897642,0.7891519837304859,0.14936530274722729
MB-0153,0.4757718758309188,0.0,0.1576385363033417,0.3204362616620723,0.04615332620366729
MB-0350,0.11242421247402426,0.03732202308517387,0.12241872516078409,0.6964085892126494,0.03142645006736845
MB-0512,0.4399888998083289,0.06810862772706575,0.49190247246460533,0.0,0.0
MB-0020,0.4751635232112324,0.005215757159317336,0.3133728984587765,0.16973184071277045,0.03651598045790316
MB-0046,0.00044670265978294594,0.1804229592913225,0.5667802801064613,0.2523500579424333,0.0
MB-0134,0.1007851925814452,0.2446809869533063,0.550736104376577,0.10379771608867135,0.0
MB-0495,0.6418673722398185,0.04758256616329695,0.15867841277094077,0.15187164882594387,0.0
MB-0470,0.1917303620458194,0.0797451574548096,0.2987391339659514,0.1719118548233089,0.25787349171011076
MB-0872,0.38918008110874697,0.24391529120758793,0.24291550962374184,0.009621640039904298,0.11436747802001898
MB-0661,0.0371484086226404,0.07503866397183052,0.8878129274055291,0.0,0.0
MB-0339,0.11642451615662384,0.11478667696405437,0.7207148193351628,0.04807398754415896,0.0
MB-0264,0.2571200232457512,0.04162522382755909,0.5821623802207442,0.1190923727059457,0.0
MB-0175,0.09190545997330758,0.31556915199201196,0.4626472004280898,0.05407207773141343,0.07580610987517718
MB-0303,0.25064059952909157,0.15346948518825165,0.0,0.5958899152826567,0.0
MB-0172,0.37285325239160555,0.3260396374490692,0.27009145181453376,0.016961958230376613,0.014053700114414865
MB-0125,0.0,0.30335553248420327,0.6604558348321862,0.0,0.036188632683610514
MB-0340,0.0,0.15728527877717946,0.0,0.8226340509308714,0.020080670291949133
MB-0234,0.21029201178289572,0.174424400689708,0.4637093903887458,0.11570277425477155,0.035871422883879
MB-0487,0.5064251763502293,0.10227335083541621,0.32415967423947295,0.0,0.06714179857488152
MB-0305,0.4711900617202337,0.1455479323757138,0.2077601125782622,0.09078100324491033,0.08472089008088003
MB-0390,0.31398074635818296,0.11155655707041774,0.0,0.4448011812644,0.1296615153069992
MB-0502,0.6522853111726026,0.026639690084884128,0.0,0.32107499874251333,0.0
MB-0663,0.21415510448179167,0.1462958298089281,0.1818536363284765,0.4197413127426216,0.03795411663818218
MB-0130,0.4503191590619998,0.11722307280240653,0.30829411009908847,0.028090108799073733,0.09607354923743151
MB-0289,0.7844128355607273,0.035859401496228446,0.0,0.17972776294304435,0.0
MB-0129,0.3646113213615386,0.09883448703875329,0.12021745285501957,0.4142338199228498,0.002102918821838707
MB-0343,0.24967479081248686,0.24726389546542657,0.4087672199709888,0.0,0.09429409375109772
MB-0458,0.6593909162687778,0.1773563254107663,0.11798486936276692,0.0,0.04526788895768907
MB-0570,0.0,0.29583572886489246,0.489065330037978,0.183997044085252,0.03110189701187763
MB-0281,0.8038308255767588,0.04188797426287411,0.1067458854708316,0.0,0.04753531468953541
MB-0488,0.5751962331879962,0.12982893232285142,0.17747440396418043,0.11750043052497201,0.0
MB-0655,0.41162040811820005,0.16393687668842682,0.3237299074646997,0.10071280772867343,0.0
MB-0235,0.3176068242932957,0.21599072984794518,0.4664024458587592,0.0,0.0
MB-0484,0.2665868614539932,0.0815478089960437,0.4826861363482803,0.16917919320168284,0.0
MB-0436,0.3413114897357626,0.07128762502003663,0.12604740578709622,0.4492521242417342,0.012101355215370469
MB-0299,0.0,0.17661797727580467,0.0372563995704896,0.7861256231537058,0.0
MB-0877,0.0,0.32701967359305467,0.3787631847342634,0.29421714167268187,0.0
MB-0097,0.0,0.21243809823086274,0.6847815111753207,0.07073339440695287,0.03204699618686369
MB-0897,0.22251972019159785,0.14293417489582583,0.44731752503490124,0.046503574307197974,0.14072500557047704
MB-0095,0.0,0.24288714699069877,0.6631136956105775,0.0,0.09399915739872372
MB-0227,0.4047012326183824,0.2909911295469345,0.26099364332047387,0.043313994514209204,0.0
MB-0353,0.11131489855064805,0.3044309657785465,0.5183943389751601,0.0,0.06585979669564529
MB-0522,0.2210451442238475,0.3343031673194012,0.16558163527454928,0.2693265374384156,0.009743515743786438
MB-0543,0.0,0.3314229058453611,0.04427823070225865,0.5527609985943419,0.07153786485803822
MB-0646,0.25806059536541676,0.3308213437325841,0.31321006630201537,0.079842537650011,0.018065456949972896
MB-0293,0.891194318315694,0.10351316248534546,0.0,0.0,0.0052925191989606005
MB-0552,0.4299047765728094,0.2671338669453883,0.04970635799187514,0.25325499848992705,0.0
MB-0260,0.3915803168631928,0.303028067087117,0.3053916160496902,0.0,0.0
MB-0256,0.4535752735400295,0.14520176561450282,0.40122296084546766,0.0,0.0
MB-0539,0.32120629966243086,0.20717946134225584,0.0,0.46931460581051887,0.002299633184794388
MB-0626,0.0,0.3127849965117415,0.3646112088201285,0.32260379466813,0.0
MB-0211,0.5093192523438838,0.0,0.23049470030817007,0.26018604734794604,0.0
MB-0124,0.4458966228741412,0.176790362656534,0.3028425315764551,0.0,0.07447048289286971
MB-0510,0.2793209790377301,0.16416896437260206,0.3781980439693807,0.12831360227587232,0.04999841034441473
MB-0365,0.5140421529381557,0.11629335142845552,0.0,0.3216299797960708,0.048034515837318034
MB-0290,0.4179199247595589,0.1840472272989058,0.3980328479415354,0.0,0.0
MB-0113,0.20597204735665664,0.1588622543368225,0.37205909573781737,0.2143758316043333,0.04873077096437016
MB-0620,0.8139620920794687,0.08986684449866948,0.03630172818341916,0.0,0.05986933523844278
MB-0282,0.7102931458307616,0.08094615507185192,0.19046781875065522,0.0,0.018292880346731176
MB-0228,0.5854660500774441,0.051162230522886445,0.36337171939966945,0.0,0.0
MB-0578,0.6445069587497602,0.07092080831746413,0.23081007020450883,0.0,0.05376216272826686
MB-0479,0.14251598639278928,0.12065991951791281,0.2667267621723662,0.47009733191693176,0.0
MB-0263,0.42190939974121544,0.15353981657606816,0.3916679139033118,0.0,0.03288286977940461
MB-0509,0.4493638940010056,0.22114153402188594,0.021012450126178372,0.18200155130083848,0.12648057055009168
MB-0110,0.6914018284519674,0.04443652604092257,0.0,0.0,0.26416164550711013
MB-0279,0.6907408678146766,0.0,0.26766078240511365,0.04159834978020991,0.0
MB-0168,0.573648357560351,0.0,0.32997312610934987,0.09637851633029894,0.0
MB-0588,0.3839768721273207,0.0,0.3806022167428434,0.23542091112983596,0.0
MB-0462,0.41875956345444043,0.023811407554381266,0.11460696856669828,0.44282206042447997,0.0
MB-0262,0.2902036092808403,0.008195989719940061,0.3775598173711914,0.3240405836280282,0.0
MB-0907,0.6892120671161874,0.0,0.00408050043276726,0.1844474234571156,0.12226000899392966
MB-0554,0.3168815371689185,0.0,0.6038949142621581,0.07922354856892339,0.0
MB-0418,0.007774207373268424,0.0,0.6730093191326955,0.19339558630444983,0.12582088718958623
MB-0193,0.22069752824533842,0.009361725349232453,0.7699407464054291,0.0,0.0
MB-0652,0.2790850472063524,0.0,0.4282614763638419,0.2926534764298056,0.0
MB-0638,0.6480562906249113,0.0,0.35194370937508873,0.0,0.0
MB-0188,0.281601660386069,0.33034081790714015,0.10229894945132748,0.20829625607937646,0.07746231617608693
MB-0617,0.939355779569358,0.060644220430642035,0.0,0.0,0.0
MB-7225,0.0,0.0,0.043687682780503126,0.6751452348374402,0.2811670823820568
MB-7141,0.3011669159155792,0.0,0.6677815420920821,0.0,0.03105154199233871
MB-7234,0.0,0.0,0.8149753839943971,0.045508540143864976,0.13951607586173803
MB-7089,0.27479768978294644,0.0,0.0,0.62572887353708,0.09947343667997355
MB-7030,0.4314193670700447,0.0,0.13441756315545417,0.42555878367440125,0.008604286100099912
MB-7004,0.39939767856768343,0.0,0.6006023214323165,0.0,0.0
MB-7119,0.062378717106467876,0.0,0.0,0.7552738758690052,0.18234740702452698
MB-7263,0.0,0.04330186762856033,0.779389776454046,0.10413687142870459,0.07317148448868906
MB-7012,0.0,0.0,0.09376000930200276,0.9062399906979972,0.0
MB-0174,0.4263523406274525,0.0,0.0,0.41028233887358834,0.16336532049895935
MB-7182,0.0,0.047055845274420006,0.44477784435328543,0.36252117046523197,0.14564513990706265
MB-7039,0.6411824462153416,0.0,0.22623309910002293,0.13258445468463548,0.0
MB-3797,0.0,0.22122359736954492,0.6882578384033163,0.07465598211754938,0.01586258210958936
MB-7112,0.18327549105458532,0.14092225499303723,0.47522202733739327,0.20058022661498412,0.0
MB-0308,0.4837865970638017,0.0,0.5162134029361982,0.0,0.0
MB-7230,0.19283935603491345,0.31151999348228354,0.3681478151025178,0.0,0.12749283538028522
MB-5452,0.056610302139625535,0.05691494345610366,0.6532982580177297,0.030112787323797064,0.20306370906274412
MB-6195,0.5590581645072767,0.12779435901702446,0.2364197018225692,0.0,0.07672777465312955
MB-6317,0.10832665213960527,0.2743526226536211,0.4687043696902753,0.099833826444901,0.048782529071597365
MB-5460,0.13193539889566303,0.11585312224818527,0.35980369621596703,0.2606032194713428,0.13180456316884198
MB-5464,0.08039550129116854,0.054138957246856766,0.8398492143644437,0.024632460391921344,0.0009838667056096073
MB-5552,0.1097798046038758,0.027596770209208553,0.2007997602456596,0.5209905797756673,0.14083308516558868
MB-5547,0.0,0.0,0.0,0.6956674200653097,0.30433257993469026
MB-6189,0.05362799970226688,0.12893696143377661,0.6555033615227402,0.03560939476435346,0.12632228257686287
MB-6122,0.3180581641901449,0.07178431730201768,0.1121758579662779,0.40042813935220617,0.0975535211893534
MB-6192,0.13879679516622678,0.10451260860036292,0.429874882932533,0.3268157133008774,0.0
MB-4820,0.0,0.4690141681365428,0.3599778927079212,0.0,0.17100793915553597
MB-5527,0.3621251606274271,0.11910660523818437,0.0,0.3311918306516194,0.1875764034827692
MB-5167,0.07355184907480478,0.28070446455043124,0.4998571795033022,0.0015244135567053408,0.1443620933147564
MB-5465,0.3175058157239979,0.14577023533061859,0.0,0.5163943484103873,0.020329600534996266
MB-5453,0.5281052131336365,0.18662890516009847,0.0,0.046368415822370765,0.23889746588389432
MB-5471,0.3179337338707587,0.20821918690588648,0.28213679249908935,0.08939841853309866,0.10231186819116686
MB-5127,0.0059446277791868896,0.3237470836027855,0.42753159133536445,0.06310010755697203,0.17967658972569114
MB-4313,0.016176751261294045,0.0,0.0,0.0,0.983823248738706
MB-4823,0.11788339197079054,0.2269604748912265,0.030549915729880476,0.4262790195450419,0.1983271978630607
