"","ACH-000570","ACH-000075","ACH-000376","ACH-000269","ACH-001611","ACH-000098","ACH-000887","ACH-000368","ACH-000760","ACH-001610","ACH-002680","ACH-000231","ACH-003438","ACH-000738","ACH-002681","ACH-000819","ACH-000571","ACH-000102","ACH-000634","ACH-000137","ACH-000445","ACH-001609","ACH-001329","ACH-000027","ACH-000370","ACH-000289","ACH-000543","ACH-001623","ACH-001624","ACH-000244","ACH-000215","ACH-001608","ACH-000464","ACH-000622","ACH-000558","ACH-000631","ACH-000479","ACH-000863","ACH-000283","ACH-000623","ACH-000609","ACH-000504","ACH-001605","ACH-000152","ACH-000328","ACH-000595","ACH-000469","ACH-002409","ACH-001622","ACH-000455","ACH-000036","ACH-000673","ACH-000200","ACH-000323","TCGA-27-1832-01","TCGA-27-1831-01","TCGA-28-5216-01","TCGA-16-0846-01","TCGA-28-5218-01","TCGA-06-0178-01","TCGA-06-0238-01","TCGA-06-0125-01","TCGA-06-0219-01","TCGA-06-0174-01","TCGA-28-1747-01","TCGA-12-0616-01","TCGA-06-5415-01","TCGA-28-2499-01","TCGA-06-5411-01","TCGA-06-0211-01","TCGA-19-1787-01","TCGA-27-1835-01","TCGA-28-5213-01","TCGA-06-2561-01","TCGA-14-2554-01","TCGA-06-2563-01","TCGA-41-3915-01","TCGA-76-4932-01","TCGA-06-5412-01","TCGA-26-5135-01","TCGA-16-1045-01","TCGA-06-0141-01","TCGA-06-2557-01","TCGA-06-0157-01","TCGA-28-1753-01","TCGA-26-5139-01","TCGA-26-5136-01","TCGA-28-2509-01","TCGA-06-0168-01","TCGA-76-4928-01","TCGA-32-5222-01","TCGA-12-1597-01","TCGA-06-2567-01","TCGA-27-2526-01","TCGA-28-2513-01","TCGA-32-2615-01","TCGA-27-1834-01","TCGA-14-0787-01","TCGA-06-5418-01","TCGA-12-5295-01","TCGA-12-3650-01","TCGA-28-5220-01","TCGA-06-0190-01","TCGA-02-2483-01","TCGA-06-5417-01","TCGA-14-1825-01","TCGA-12-0618-01","TCGA-06-5413-01","TCGA-32-2616-01","TCGA-12-0821-01","TCGA-06-0158-01","TCGA-12-3653-01","TCGA-27-2523-01","TCGA-27-2524-01","TCGA-76-4929-01","TCGA-14-0817-01","TCGA-26-5134-01","TCGA-19-5960-01","TCGA-28-5215-01","TCGA-19-2619-01","TCGA-14-1034-01","TCGA-15-1444-01","TCGA-06-5856-01","TCGA-32-4213-01","TCGA-06-0646-01","TCGA-19-2620-01","TCGA-06-0138-01","TCGA-41-4097-01","TCGA-28-5204-01","TCGA-32-2634-01","TCGA-76-4926-01","TCGA-32-1970-01","TCGA-15-0742-01","TCGA-06-0645-01","TCGA-27-2528-01","TCGA-14-0789-01","TCGA-08-0386-01","TCGA-76-4931-01","TCGA-27-1830-01","TCGA-06-0184-01","TCGA-12-3652-01","TCGA-06-0187-01","TCGA-14-1823-01","TCGA-02-2486-01","TCGA-19-1390-01","TCGA-32-1980-01","TCGA-06-0747-01","TCGA-06-0156-01","TCGA-06-0649-01","TCGA-28-5209-01","TCGA-28-5208-01","TCGA-06-0686-01","TCGA-76-4927-01","TCGA-28-5207-01","TCGA-06-2558-01","TCGA-06-0644-01","TCGA-06-2562-01","TCGA-06-2570-01","TCGA-06-2559-01","TCGA-26-5132-01","TCGA-12-5299-01","TCGA-06-0743-01","TCGA-41-2572-01","TCGA-06-0744-01","TCGA-06-0130-01","TCGA-06-0749-01","TCGA-06-1804-01","TCGA-19-2629-01","TCGA-06-5414-01","TCGA-06-5408-01","TCGA-06-2569-01","TCGA-26-5133-01","TCGA-32-2632-01","TCGA-76-4925-01","TCGA-19-4065-01","TCGA-06-0745-01","TCGA-27-2519-01","TCGA-14-0790-01","TCGA-14-1829-01","TCGA-28-2514-01","TCGA-06-0878-01","TCGA-06-5859-01","TCGA-19-2624-01","TCGA-02-0055-01","TCGA-06-5416-01","TCGA-27-1837-01","TCGA-06-0132-01","TCGA-06-5858-01","TCGA-27-2521-01","TCGA-14-0871-01","TCGA-32-2638-01","TCGA-28-2510-01","TCGA-26-1442-01","TCGA-06-5410-01","TCGA-41-5651-01","TCGA-06-2564-01","TCGA-06-0882-01","TCGA-12-0619-01","TCGA-14-0781-01","TCGA-41-2571-01","TCGA-06-0129-01","TCGA-19-2625-01","TCGA-06-2565-01","TCGA-02-2485-01","TCGA-06-0210-01","TCGA-02-0047-01","TCGA-06-0750-01","TCGA-32-1982-01"
"ARPC1B",8.40864818134718,8.01612298405899,8.45280132163711,6.6983990816685,6.0355183428167,8.29557151156785,8.33215742077235,8.48068116194074,7.64578090319377,8.40062758291738,8.37531316979598,7.55187741514632,6.64009595851639,5.99208180917845,7.10885895597765,8.10591898181838,7.74303018243616,6.58949235706344,8.05520650218499,7.76056693884051,7.55501852663502,6.55763830786968,7.80826276136478,7.68073926893495,7.89508445538674,9.0309291698658,8.13398985178918,8.42353615338948,8.47531596161269,7.96008304517164,9.07651634037762,5.97690660648672,7.82491420239767,7.75078736629791,8.96850840480597,7.85073067648891,8.53515482294189,7.65986748864067,7.6396518268865,7.33185745950677,8.070255142425,8.12192716138066,7.76272751325338,7.48203347229618,7.51843285004011,8.79884113559571,8.28101661039615,7.07007799849687,6.83640388251507,8.38730652915425,9.12374636923879,6.32564005856365,8.5254542517506,7.60207526333775,8.44967680483862,7.86948201208652,7.34650254141719,7.81670341934134,10.1601283963437,7.94268804615688,8.07773099537001,7.20480449819766,7.72732180956099,7.26396088936563,7.99888661776645,7.48265467296472,7.1185655716981,7.3245037584516,7.74756438716378,7.68503423306201,8.40078035026384,6.3375163445585,9.00315878970394,7.96690519379127,7.73111151587019,7.3116557297448,7.98502183858646,7.62444514804544,9.00639390484593,8.33977532187188,8.51835367771018,8.76995320389645,8.31241549095669,7.58858158589986,8.53434438969778,7.64736824962303,7.81679585120254,8.23643650105033,8.76773483922766,8.66411872282251,7.7122554161854,7.44078303984114,7.99962607265605,7.9074715070397,8.77272615973245,7.88085113101411,7.58359026539506,8.18245629410955,8.12847608716878,7.80209918527175,7.42340584993555,7.72796883258939,8.81894209033243,7.5040064329019,5.65111734328765,7.1318757597109,6.44298109818765,8.15611321366757,8.6907390988481,7.19870399535846,7.52369441933749,7.53266030987389,7.16579825277128,8.66208522187611,7.20184667863926,8.78501959727205,7.1146834335277,6.55473121837839,7.64866229567983,7.33393180829399,8.0879909319632,7.27985916949202,7.38902119756916,8.27692165625591,8.14289545751598,7.1286406445689,7.97263596918566,8.06414351177362,7.72501101303099,7.14028705908009,6.90430851743661,7.24852476854524,7.57712003511107,8.95518665374116,7.24039076475964,8.40170466887584,7.18067978242447,7.21894657296125,7.59163183731946,8.94030512408797,6.57774675181718,7.77862149252696,8.15953319253197,8.51299262976059,6.25395794203375,8.20685830546634,7.37534128211157,7.84956294599793,8.21425285436234,7.28558994488642,7.8927748411089,7.7018106158698,8.41621647108424,7.73037206098059,7.5123253004099,9.8528848897151,8.02264160609484,7.99389529726165,6.79117191932787,7.5057626382647,8.18273358969316,7.5070566843215,7.68563504015981,7.41906155245915,9.91231857646667,8.2837616139847,6.67748073005193,7.77557124110737,8.03234695152083,7.63119267391304,8.22894952029313,6.45425778525404,9.8493724789895,7.05062815371614,8.46991938244141,7.94657018432728,8.43146772818223,6.24868932594535,7.98160185972206,6.98574098715377,8.11119132912439,7.33189830734759,6.44640107705205,8.96128715658036,6.38206850165688,7.79803218337895,8.74619821556807,7.83787031555613,6.61259356348956,7.59662315782426,7.8993375032541,7.20508179378126,6.61462706443596,9.76664596321554,6.39112682405448,7.87826303890051,8.43525743449143,8.6721602947469,8.52075690610138,7.28503535371922,7.73129637959259,7.36535864110197,6.76473640702468,6.79644053541627,7.82659362848974,7.56094445940107,8.4897922325994,8.43137529632103
"S100A11",8.97695069956976,10.7686144220255,9.55953961162868,9.1206733421931,8.8111916354474,9.92435973504787,10.9866029215215,9.90858176506025,11.7541776685473,10.048309761747,10.6908099138348,10.1360042069441,9.68196221356361,8.27613371295415,10.1760983315215,8.65894335768384,9.48269906997309,10.4056733322819,7.40182669416668,7.855049098318,9.46671683709267,11.0589725842813,9.26025388265486,8.91544321875863,8.7444167744594,9.79293504448975,9.1478129169437,9.22131402248727,9.18637427272269,9.70371846760204,9.49479359626238,11.0466261100875,8.23981330656747,10.0875026208961,10.3824619169011,8.35508235567873,8.95449877925063,9.84775111400213,10.2986124975402,8.57113069083472,9.33891239177238,10.1331165185825,10.7661396100004,9.2489071693249,9.64315631294604,9.49439360817026,10.1118138122945,3.39960315388697,11.1438232262717,8.80693622211982,9.8625707224144,7.22313290060335,9.83143709634813,8.50479515764871,10.787078694144,10.9743113354005,9.79008563037913,9.70044162987886,11.585218598069,10.6328103811138,10.1283850132194,8.86056272042991,11.1563266009666,8.24894399743998,9.97376097002849,9.42071914683635,7.88443915942698,9.26455360628231,8.90799340852529,8.46771804627992,9.31471155894318,7.50807664939013,11.0141531134007,10.0558160604335,10.5081862481432,8.28617708759485,9.94672547781412,10.5838381956553,10.9254577266623,9.90142917068303,9.81795115963516,10.9871176211863,9.36498808832428,8.71364616405447,10.4722575019109,10.0457370392132,9.70127166692053,10.8037980116976,10.9794101343708,10.8509915463526,9.84925541377812,8.24918115088045,8.9777165200255,9.60060003143808,10.8090153873881,10.2308352995055,9.17597679626419,10.5002416078872,9.8350262073495,9.69783294203361,8.6332511477328,8.92151115463247,10.6064863492209,8.91996965726937,6.68586567125671,8.11163215540385,6.97104268343019,9.62336676172387,9.92633028193311,9.0218270599542,9.88470985312941,8.58095881410764,8.7359385874593,11.9341898857308,9.00285478471605,10.8715053189538,8.95803278446592,6.58033239024449,9.13625359498431,9.49091656521752,10.0274762242965,8.700484148108,8.50945705180385,10.6344704551971,9.7801251858791,9.75451261430759,10.3835621151726,9.86941345621865,8.76190688919152,8.50791555444075,9.12937614521048,6.97981736072783,8.67937749190556,10.800477863531,9.19720202918687,10.5737591744351,6.7419524599295,9.07257789621626,9.5121417981402,10.5991345925661,9.12546311344261,9.43174678181853,10.6456166668996,11.7807516097422,7.05665507544235,9.88577704361156,10.4998858777265,9.58050127735767,9.89289164682587,8.89791438730502,9.72664708505156,9.09653039370443,10.024748959731,8.36005038430341,8.93858620234681,11.5510685026404,10.1185431454396,8.92649137688249,8.24953688104117,9.24700425168702,9.98016411292136,8.89186697457286,9.02514720812088,8.23210610316612,11.3941915017649,10.8698452448705,7.51210825787824,9.0927359386568,10.2441158921722,9.50479004148541,7.72839219559318,6.44396916197027,10.2862106278568,7.39637737892551,11.2738361307229,9.95858314983797,10.0599662456418,7.46894633171144,8.70072130154848,8.08590100711211,9.49245806258062,7.748194507873,7.53404495112235,11.7964037368137,9.2451070241632,9.42807090349114,10.7386993922867,8.93597751450156,7.44700963846733,10.2977125697199,9.21107550545477,8.13262023488606,6.80954119046542,11.6320564025632,7.21092338847257,9.26704371740732,10.4544709938752,9.64826787297394,11.3860097080684,8.54645298851825,8.67771741782222,10.4708345812681,8.94759803308493,8.38257996114871,10.8265647419834,9.15166856861531,10.5860911533399,9.4510747872174
"CTSC",4.60571358976929,5.95979565248848,8.39336471395707,8.32239238763554,8.25895698071388,6.94607579151515,5.9713895049811,6.62341185200168,5.95388679583221,4.47063447309241,6.5461227588578,5.75707659962745,8.19835172369132,6.98327866412136,5.10458827072853,7.58572121888376,5.72874500492152,7.95843671518645,8.1905012810333,6.12795512658408,7.14473980632359,9.75171141539587,8.07457500909968,5.97584796800678,5.07666170137189,6.94860084749336,6.50575598825375,8.37825149853489,5.7530963802609,7.02556040232443,8.58005124175493,7.26274320752655,7.04483123344781,6.84934879955491,4.85467393350317,8.7814908616581,9.24041928348853,8.37937403464722,7.40802397166946,6.3542881765844,6.67788873884176,7.55860438688641,7.43478666521272,7.92921105786885,6.60660360432682,7.72193994599855,6.28335509958031,6.68924324103974,7.94857164757349,7.37875436401617,8.98969251722578,7.20518721464066,5.36959560152171,7.6073525088872,8.25499312163733,7.09032914138902,7.60092128657597,7.00812960432152,8.42177973419338,7.69755974647553,8.2487400448203,6.27731546286935,6.83463514572537,6.83383929958503,7.14751637118841,7.05656252657706,5.81004008617855,5.66462762710616,7.26268667692753,6.90347583686559,7.02791206552449,5.93487423790762,8.87268341885414,6.75141237790599,6.55665745813194,5.85574439309575,8.17154296920642,4.71143133557924,8.43610496471967,6.6745563792094,8.77900095890445,9.30380464231192,7.761454822315,6.67353314845753,8.44133481078482,6.71878268615167,7.68437143900689,8.42814650331618,7.39343282855634,9.91546924732324,7.09305775672737,7.25313652324334,7.12148083316841,7.18389790903295,8.72977219050856,7.29963667630089,7.16377437091269,6.66273237940993,6.36838299978646,6.89443729855734,6.38884761482401,6.36645023058847,8.1128777394321,7.4227654434435,5.34003609414941,5.77820624056458,5.61903701249472,8.1934855842189,6.2977800779069,5.62096978169271,6.18431515675424,5.81754377835898,5.62028762785813,9.75891494228595,5.97546239106543,8.33025742805322,7.07282052630134,5.79184931725628,7.57443097933292,5.68747978056476,7.60808390183912,6.73981576271805,7.07463960319357,8.15562604639943,7.93665466549761,5.67508731923646,7.69949251567352,8.65848711479442,6.24218454038821,6.65795730256783,5.46839470735717,5.06831148337301,6.28959423189188,8.78968803564628,5.97443916031356,8.24567035256466,5.73238824134161,5.60402962813385,6.69604422499883,7.94222558848006,4.52963733866231,6.46320238279379,7.56601774870637,8.86745357278899,6.06391500494997,8.69486865263896,7.75599759163832,8.0405125868132,7.8900408201343,5.28944301808435,8.05125650970791,6.96162945126397,7.48791113464638,6.02855669785731,6.92308775960991,9.95605740048105,7.89629389695133,6.96322114354467,6.17294592617782,6.48434915166592,6.88943483710371,6.46797745963588,6.30289623166628,7.26439206151399,9.14815987572076,7.50951267274157,5.00725871517764,6.72605899372058,7.03177760392047,6.47877822868348,5.493065937708,7.39604775158892,7.37342298274184,6.15009377271922,9.15282126025709,7.58216205612489,8.19268973807855,4.41469441753472,7.81579974447028,5.4826062455777,7.72473220755317,7.30122836858159,5.16608686633021,8.86085941905466,6.80564360775551,5.75580885632903,8.68452265281442,6.78881714650241,5.93032654567705,5.07695209861109,6.93798145166502,6.32790853893441,5.34663024788373,10.8128426167199,6.80211914627682,6.90671606757987,7.63605220905711,7.93313020401892,7.24597390798019,6.29789377021266,7.38968098246612,6.21933238692961,6.42784407570113,5.51898778342224,7.69858297722741,7.01290468116362,7.98883943384337,7.14990390960946
"GLIPR1",5.7829091226169,6.61721618856674,6.53715626428625,5.10037219410711,7.21691072820759,7.01409860255343,1.22982168807171,8.28609103376118,4.29566425776097,6.8503618886121,6.20194941619727,6.63549902442323,7.77824800812162,4.74630739124763,7.07809742302666,3.80317536305105,5.88358416198262,6.50463310331708,5.11856737669264,5.67188776720572,5.8890548860648,7.07740324199979,6.7019648391759,5.23458179163882,5.12363722970683,2.94311304095968,7.1320215367519,5.49184989033713,4.40494398339731,7.41513330006555,4.65359318820104,5.30216183030245,7.59686062109065,5.85186395280819,5.70861214481934,7.09167868009549,7.37246461858944,6.92599941855622,5.08266853097165,7.6523789341213,5.4804784079739,5.86463931500547,6.55121606583773,6.87619767659286,4.42855112347434,4.7269510734241,8.51564859410748,6.45322123989691,5.61394707512974,3.94563579276463,6.20484694161554,8.16451981021994,7.22081361006558,5.99905517627452,7.86772637406835,7.11253925382848,7.3924719815689,5.10396730534931,7.494806452291,6.26387936673687,6.04670692531119,5.95299137205204,6.81731098242141,5.36022835836753,4.79502160192374,6.07547711458893,4.27740098133175,4.56048993236846,5.60604959586725,5.52453405958031,5.93393263907058,3.21727413338852,8.75086193101178,6.38126659471821,7.53717268038355,4.09591814179492,7.81941187899433,4.58319046146102,7.86044278184614,5.91548087210764,7.3312898069023,7.52248410273541,5.85745492073733,5.84822903725586,6.30066150745905,6.74993775436593,5.62377300360797,7.68648632093893,6.21289422118137,7.15223483143954,6.67115356516232,4.94227155801617,5.34784625158977,4.7185438835905,8.69829867380813,5.43622050388597,6.30454608997756,5.83730364892254,6.34934018214417,5.47093896014518,5.12824594609003,4.77499172331265,7.97224592245712,4.93923672792357,4.23709843770216,4.69669310692385,5.56429033379323,6.59054847790316,4.2385551561466,5.23871376146027,6.22928230368135,3.70236137538796,4.34501699579463,6.14649213875552,6.35820188601453,6.39389148790338,5.80282797907073,3.11481826946271,7.36722219519856,5.17983805766404,6.93579074923609,5.26639141190468,5.86036835762622,8.09121126208661,6.90410712306946,6.81111992903253,7.02902072968043,7.75907945675366,4.26683977260954,6.63000126910681,5.6349411783487,4.05682953020237,3.962385617721,6.86295482701395,5.54838782410806,7.8453900245869,5.74480202770043,4.44856539855377,6.89840164249539,5.859639998404,5.48708425623776,6.33902175982937,8.38182659175294,7.79719692271658,2.54718364894485,5.79651553247814,5.7134825811449,7.01208637776378,7.5936205201057,6.23935793958875,6.66338440012529,4.7900444805719,5.50395791155255,4.89517099497918,5.6007082949043,7.46470093777252,7.87658807793871,5.30232380020094,6.78708407469923,4.54616553433144,5.92883412451503,6.44293434219962,5.76458911990411,4.6539626992202,8.28774685888268,5.10590959660857,4.28541293277618,7.79209840816103,5.51075593095995,5.53066441636734,5.05504584425678,7.54142144251317,5.38827018842306,4.83641668438666,7.24983496721721,6.11675080384815,7.22300706919872,3.74982611803606,7.91774037399422,4.81626541257187,6.41246464807003,6.7964313513844,3.91419251585068,9.00979363451148,7.08121980727296,4.77414197088673,6.81973884649548,5.84932157608919,4.43011363159083,2.58870012461147,6.68377845834749,4.95076908227542,7.24728570993944,7.5048820881984,6.13459560479257,6.30126847347756,6.39389148790338,6.71655462334745,8.66940709132669,3.53933030281408,4.59205216533138,7.2937793069579,5.34990993605273,4.39903697144272,7.81030738871656,6.49610456542178,6.61227786136609,6.0641875466445
"NNMT",4.83874003516231,5.47707176069567,5.73528658285736,5.17260752175225,8.68809641345423,4.6548536693279,2.36756956235673,7.80871324961366,7.58152449274969,7.55690451301289,8.03364874912894,6.8051247506147,10.8937414023471,4.29783703588664,8.27565428933464,5.39253037632909,7.73759888843988,7.35107173549114,5.48705538017091,5.99737370938675,8.90980909907785,9.11078865121458,7.67179579356179,8.58702363075234,6.70120248019052,5.54917319756315,8.9033396037483,7.4236790082108,5.17950706931944,8.83796846361183,6.84666881563522,8.48384398610938,6.9928703764082,6.60254150526023,7.52392258474053,5.10248177252984,8.34450452872951,8.7061264474035,6.755488499898,8.55349874474601,8.43403184603248,8.44629345491209,9.01361578922852,6.59755650012304,7.22265968159858,4.88633553169398,7.58324075935156,9.28959473366128,8.58559729714185,7.18939959296239,6.69692580914804,3.73032475646862,5.88013694220893,8.84383941661586,9.62263182670776,7.92278389518184,8.50658952632872,4.49079718681889,8.61543055965344,7.47215791957176,7.5290283635525,7.39793717064775,8.58193483205461,7.2375271754083,5.08608936244211,8.06158633472804,5.57197822633968,7.53192008104304,5.75961856128177,7.4816764896448,7.74116797167838,3.21040894239383,9.39274028620936,5.83191149854542,8.4035319279851,6.44744569660246,9.06268286485788,8.81206734901056,8.81399516067093,7.02755635540032,8.40080086146625,7.64766910615073,6.763687134388,7.0208893400749,6.86200552906656,7.0980821319753,6.81670195504801,9.34125164978047,8.34874994663642,8.81367385872753,7.2264422583612,4.29817667175419,5.71728703023962,5.44803600167545,9.33771732840314,8.68394819908221,5.98661838428963,7.06514868277742,6.31065139420247,7.43408363927957,5.58282216692923,7.31961982194546,8.32344741859414,5.86588917905934,4.15784804797687,5.83094759271524,4.17969658012766,7.3976961941902,4.59522031842194,9.31482456493631,8.14408060869445,7.1330237183194,5.29935352736988,9.20775069230027,6.70384464743087,9.88417160863047,6.93622627799058,3.91213238676631,7.81330025797033,4.33858039113599,9.28550576260161,5.33011818844985,7.74454164208402,9.46157922758152,8.63832332312026,5.83295572986145,9.2536968702056,8.01130258058688,8.34039609610818,6.22526540274552,6.10252806036901,5.66049691174473,5.83030498882845,8.95633192159447,6.37394787705109,8.45855488579132,7.44822092478891,4.99170691657013,8.48441969223454,7.58943312891057,9.54881270521299,6.9670712645564,10.7056603524031,9.07738242876815,3.39756732442083,5.60201995804702,5.32634289061497,9.62146710716296,8.51269426325321,7.1919826249322,6.43121994846107,5.24537480087969,6.16132631601011,4.29287518968819,5.79849609643245,7.76108869216881,6.49548033713987,4.33135109740962,6.93759181125,8.40513843770207,6.26325935755186,8.60555052489407,9.71637166869296,4.86599753121723,7.83249804908812,6.02686145269973,4.91700421473102,8.02407433283679,9.24807408619621,6.95285365356122,3.22864282768144,4.81402694187325,6.36671858332472,5.90404378483737,9.94200595844139,6.39491282885755,8.56257638996513,7.36733316053947,8.29444991820284,6.737179724058,7.03261686100878,7.65602295667897,6.53387591937545,10.8206061226523,8.59534918819131,6.4880903924418,8.43429658906507,7.98937372295024,6.31330213523547,3.84032140241775,8.35164166412697,5.62443076859875,5.44739339778866,7.0286809122022,5.3060205426953,4.98319241507019,6.91574327909921,8.75029705039307,8.31830658749984,6.85638274505717,4.53802857249781,8.18078935572721,7.67522074779676,8.52988391722479,7.87563283498877,5.48113010184503,7.64188567116964,7.50083411801967
"VDR",1.6713160205776,3.17894883107994,3.06641472908522,1.43704126332272,3.56543876314111,4.27258313280605,3.88922041593323,3.87737126016216,0.428197074034946,3.12422555441439,3.40533755419725,3.25396506988464,2.24543785650415,2.11225975168109,3.36812436955289,2.36680338208853,3.52029651798988,3.93944287172183,1.87994488884875,4.49684579012695,4.31658746380779,2.82285249145293,3.60914031502232,3.60872646271635,1.3052701552402,1.57325817538004,3.80451826988807,3.65347281194971,1.37721261307463,4.14746952198919,2.81631707854682,1.87380532551337,3.29199983220291,0.102445826275055,1.74240295135862,1.53243167209598,3.21200584629029,2.06239460972654,3.1018903932061,2.97173298863895,3.57992834006649,3.22573456913344,2.57698643444653,2.54364435211954,1.8764599743338,3.95878700747958,4.27650410986801,4.12670860219697,3.08363717745667,2.5639683508251,2.56416839545606,3.03866970516091,3.97451095746838,2.52294711151993,3.78228241098625,2.24652508895751,3.12318850029359,2.32268439138389,6.18179929747708,1.44735127353998,2.86112068233728,2.64720948879731,2.10890622719314,1.72391929056087,2.56592855642608,2.51597603579533,1.62161972101346,1.97534476057987,2.78642470275227,3.04616450709729,3.46008532718412,1.677891135732,4.08612144459651,3.44598421616719,3.19269633525916,1.62361516125171,3.63215879039554,2.39764642966734,4.56396286698182,3.16928316979707,3.86170093246844,3.7827480137085,3.05235037183585,2.88100857004513,2.87628602814795,3.34501494011194,3.22342611492815,3.86323076998443,4.49199398905575,3.35193246627119,2.60916309492141,1.6260096895376,3.54735258027008,2.10784199239941,4.00237946926478,4.02552657602844,2.92065131611162,3.27464241437646,3.34907233526304,2.50340476229438,1.62161972101346,2.72855693584313,4.1330808048699,1.7209261302035,0.881377907298798,2.21799029355059,2.00487727610591,3.40547677933079,3.05201779846281,2.66197574656033,3.46354409026375,2.7039465062381,1.54845357894444,3.51150117065626,3.06299271977317,2.4322340604636,2.8605220502658,0.851246759701283,3.74197451817368,3.13476205367542,4.00863184867795,1.96949146921435,2.66317301070327,3.25156182228742,3.94584199584781,1.82701703620358,2.61501638628694,3.14360850539831,2.45750963681472,2.6204040749302,2.65745274868697,2.64873932631329,2.36385697496637,4.42468113835225,1.79056699451829,4.39115774234971,2.59971801112705,2.47952599411003,3.67466166747018,2.61867469339039,1.37651314508224,3.70332949222631,3.04696268319259,4.02293250371872,1.57798609447048,3.0705753926785,1.63179646622852,4.18858730083044,3.57808235993907,2.23295609533743,2.62805326251014,2.18593022038943,3.1419456385331,3.34182223573074,2.59665833609507,4.44902550925885,3.7202242195768,2.5935986610631,2.80152353388833,2.89431150496677,3.28834443734575,2.53426757131258,2.21353381035184,1.43325016252304,5.73375644931624,3.2287472888968,2.21958664574118,2.40130473677079,3.62204855985509,3.44232590906373,0.773291561060472,1.30900075035492,4.38809806731774,2.15406969125211,3.95741554922964,2.48464762405486,4.14651676914075,1.05597892814532,1.75272014466622,2.62253254451766,3.96453261941272,1.48360177120145,1.66518683288183,5.41767871557807,2.07079331864264,3.11088328549107,3.6610261591755,2.94945217021697,1.20197863891033,1.89000643305755,3.28841095202036,2.92983034120755,0.607736535960661,5.13771845015216,1.47302593793874,3.04270574401767,3.76472253688968,4.52172604860561,4.53163673512223,2.01638431481313,2.14070024165586,3.07968790309982,2.9934848848076,2.27226626803088,3.89928172362207,3.71157731187773,3.58566503284441,1.68587289668498
"RGS2",9.9168453325007,4.02265188500572,2.78134292570287,2.24255982652205,1.98668761489777,1.54156935456071,2.48605786822046,2.62871061441531,0.675974867223024,2.48233718428517,7.32755264408124,4.54715365881257,5.6647132208224,2.04548141415751,4.17488574575302,1.86865911208535,4.82087843608077,3.0365420160856,2.6019555603722,3.74070094120553,2.72172262643712,4.99024241054373,6.19962327274191,1.91004952221805,1.14287084509664,2.65602721817585,3.29652054684124,4.78681065936793,4.6502648130629,4.68284855168359,2.17058528405232,3.17679827294636,2.92356566644585,2.5104378980266,2.4459544235809,3.94265524920949,2.15951939733014,3.35845252821671,2.80630962005505,3.61656942730662,3.16223743307796,2.61720678320793,1.33023712799008,2.92905621000629,2.00666426215005,4.0419175543234,6.29756928566505,7.69245509647097,5.22401711432997,2.47705815680953,3.35606631964104,2.13982635911316,5.06168980607549,2.10603334472996,6.8169924883,3.8999265277345,4.11393527019515,3.38069008063983,3.43257490876965,5.25954192421364,4.87357573391127,2.11281120072937,3.16810461276628,1.83617837643622,3.02901186902674,4.65348572730573,2.52607838538433,1.65658700126368,3.44823092922777,2.20610038048398,2.050834061891,0.880384796897636,5.47652660444732,2.40522943407947,3.37357370770432,0.836522061895121,3.7214996499514,2.50524682097311,8.3313566489768,0.431276970367459,5.21153875404864,5.44107412836859,2.00541866370256,0.631182355555913,3.66806215863566,3.07817953658118,1.90333105922768,3.5962514862864,6.63753050172628,2.8715459442537,3.44965420381487,3.44473743705943,4.22313924760554,3.28701273508873,8.19627495180091,3.1352399086641,2.24362307414395,1.84782335033069,6.20407869565423,5.95591136310313,2.1812577695091,2.03828336780474,5.35438376715418,3.04570299827548,4.11005361223032,1.8158643664203,3.45418280477383,4.13140273103686,1.40026818698645,3.6819067387102,2.92407771537766,0.579297527426094,0.0852918571027814,6.3772006408854,2.20985264984998,4.40609472634759,2.83337630759959,2.48195687318416,3.63506806593465,3.1352399086641,4.16426743513903,4.28964498740286,2.73724057867078,3.70338524611556,3.10017559838185,3.46893310504017,3.85735767872026,2.54264012603425,2.96082407744466,2.29382585048901,2.85951280456274,2.48053359859706,2.0936616881029,5.50123982682337,0.834063678517398,4.39936651920856,3.48691812027719,2.77799798730143,5.98191847146745,3.6249757552261,1.66603236897808,3.05256059401334,7.60458088936285,6.46841960305877,1.03215762332227,3.17224504792876,4.25936805527723,5.27047526081456,3.91183027882662,4.1960970304506,3.50270352933414,3.05333692560631,3.1691397215569,2.2565619340267,3.11246751527046,3.96591471313651,2.88940157089189,3.35390664068254,3.01594362054517,2.94141578762054,3.86550916044639,1.6656442031816,3.04337400349659,2.76234196684331,4.56278431952767,4.55877327296402,2.71408001948066,6.05398792101436,3.37616147968086,5.75445331472874,5.12601289022368,2.22201517813976,2.75160271314063,2.8008997692939,4.53509515937859,3.87857740892796,2.59517189715821,1.5935747536347,5.29085396512989,1.35795811516986,5.29059518793223,4.21912820104189,1.83604898783739,8.09535184471548,2.72585438197396,-0.65351704220212,4.68855003758798,3.11427895565405,4.00938928234254,6.00494964205874,2.11074098314813,2.44935094627964,1.96427308927542,7.55631894200021,3.64684242842795,1.42304058038008,1.64985879412465,6.79189110012746,4.34605841649164,2.41765073956691,2.3648601912453,5.49140629331248,0.30447614351653,3.08943634467917,3.91532377099497,3.14597916236678,4.20838894733921,4.56161982213822
"CTSB",8.83964157016325,9.67912993955976,8.30916709055314,6.81113703468603,8.83331390174457,9.4755064723223,7.92749946839966,9.40994244940016,8.33479618145655,9.55938091476294,9.84622689173391,8.33157534947191,9.47924268926333,6.77090831281314,9.54666878004486,7.50899902550456,8.590542140421,9.67963491700758,9.44284399620795,7.54701017944768,8.26899105476443,8.67507139085198,9.24920117349219,8.19124185383964,6.1423317427498,7.74847465086427,9.49098120466534,8.84953646232048,7.83728101396743,9.40163259963672,8.29828714771881,8.18834157601082,9.00241843088723,7.53704751940466,9.49981998210542,7.72819263549805,8.67176749279937,8.75238064655289,8.02927066004012,9.22509172743802,8.14925936549962,8.80828850734017,8.50692638388673,6.60664209506491,8.6557775612019,7.97667294791938,8.64958312738796,7.95782756083374,7.71858767175419,7.35807972334892,9.76155289453458,8.34565362171546,8.62219827852364,7.68533048940075,9.14866722740851,8.48891383490977,8.64946485807294,8.61938034405111,9.97047586877152,8.71254205580538,8.52621863229684,7.47306007810596,9.14335229659799,7.94388272254761,8.23941293195539,7.78232888225038,7.57464545378634,8.07665571109729,8.77060516786751,8.36576789084708,7.94398300426102,7.50515022639592,10.0595260302761,8.43145241312807,8.49142087774493,8.01779034532791,9.04437424546617,7.69187477675808,9.8255687928997,8.71093754839088,9.74764990158316,10.2599891753749,8.58608681520028,7.97216216572813,9.93698177649388,8.32705914947232,7.61084715232595,8.96996521411884,8.75084967032651,11.0737752796654,8.42132396007406,8.70732740670826,8.60664456644854,7.96133174068027,9.49453885694616,8.63843386959827,7.98198977364193,8.55038652522771,8.74052065384568,9.10053200497359,8.03112781321092,8.26779265684932,9.66090621948688,8.76689474447148,7.11926619320924,7.80168325293776,7.70571365320812,8.77571953525122,8.12549290552606,7.83076494982553,8.19137799123387,7.35312314887227,7.92342525301277,9.18647343336261,8.99924747443342,8.81432799491257,8.17092052169902,6.92060811895175,8.7276845945297,8.0357407720276,8.58458258949919,8.2197577161278,8.76990319587367,8.91089928492265,8.78735221400633,8.78574770659183,8.93526774128033,9.24694330654649,6.96593545341131,7.48128317860526,8.2066208116716,7.60071869927193,7.9288404655367,10.0643395525196,8.06652725804327,10.137043794739,7.35803695282917,7.76327535670322,8.55961244286107,9.55851859009925,8.53524398650339,8.11355938163073,8.90367900155741,9.56724309916558,8.19007432895959,8.88161702460807,8.08026585277991,8.61000400384764,9.72007243039648,7.58818348509617,8.41179719730048,8.24573067989997,8.76308403936205,7.86786918378579,8.20772391051906,10.3968737141743,9.3291743115395,8.20541743111072,7.72526858732231,7.84330016400129,8.86105927335982,7.58186573715158,7.9436821591208,7.73970915405279,9.12179172821568,8.81533081204663,6.8737765587911,8.28092956130552,8.94178605265173,8.41009240817258,7.44658570576675,8.07946359907266,8.56903892392125,7.96303652980818,10.0746685690005,8.87600124865732,8.8722908252613,6.82864978775835,9.0794728451583,7.12789042056216,9.09150665076704,8.34882028128145,6.98087742870882,10.4931441590441,7.12598506800745,7.86024777356692,9.26088246470994,8.05138471931895,7.59560433188822,6.5072468962918,8.670223172748,7.96724836177123,7.8155221293878,11.1590147360606,7.02700701687562,8.38191324670546,8.82836743478943,9.13402609725122,9.38563291618713,8.43395945596323,7.62679194475752,8.5238118711751,7.62057447852634,7.33356821475808,9.51720252417594,8.94830436402312,9.03454663755237,8.42914593371973
"TGFBI",10.7538017328395,11.1902382862282,11.4868852888072,8.61910483492851,8.8565935998108,10.3840498067952,7.46458659037983,12.933473054168,9.35538853993234,8.87413607103369,12.5474344051067,11.1749256825007,10.6118916297677,9.69201912261079,13.3312808662689,8.57596272817342,10.5475018840525,8.89720411567893,10.9876903613957,9.51559537707445,11.7210607277225,13.1035795967631,9.11373695775444,1.92330513907371,3.93300602371912,4.14122022953747,12.6053452430193,9.42334285670154,8.16328738452155,7.3207825009809,9.44495067866488,12.2369469766306,10.3168698050643,0.778550912968878,5.71355010848198,8.18629255305888,2.2703824229055,11.0960957825871,8.75362793389129,10.9175958514248,10.6626060739547,11.2623297928572,11.7924283552774,12.5726599668716,11.2814200687101,8.45413887099725,11.5723496933183,6.97537797688847,10.3566830470304,4.17427857103612,13.0722615899455,10.8586570999783,11.0536747791697,12.720607665621,9.31824732237213,10.3023296865406,13.2252156968508,10.5817460780264,14.4490478249037,8.85721999863308,8.79305339516033,11.4182452542076,9.22705296773965,8.77069230607134,6.66622215641812,8.45608150480192,5.47272333182498,8.63788688130804,8.10160963167822,9.80698295215624,7.120443931304,7.32888817046396,12.6473273770901,9.57219151672186,10.0242744048253,7.76560996258455,10.4331906687744,8.38335935419947,11.9603558314258,11.1022733431675,11.4553841065206,12.7725494759885,11.5362729157468,10.4118018009501,11.0643567138427,8.76330342445933,9.84052458578972,11.0993566793733,11.9195225383068,11.498550730675,8.50313701401527,6.89994414846128,7.81383213731559,5.67941757270842,12.1713278458741,12.9673826174421,7.45741582166241,10.4683850785579,9.63538589892987,8.76660897675944,6.40625019022701,10.2789963761868,13.1258546835945,9.42538610574633,5.51627884448528,9.10008087056478,10.5947738429739,10.0575243720794,9.15899747920795,10.613051602751,8.75513676583552,6.73116653690266,6.66797215469465,12.9996603634314,7.48113802052203,10.3381074290829,9.7777190920876,3.97375258585098,10.2165797709906,8.97835876821951,10.5267183544422,3.42250312874418,10.542662783184,11.9341058572779,10.531385016513,5.82622298368395,11.5528006772474,9.19360855623264,6.81905533923503,8.72713679341105,7.12958281119255,4.92516831552419,8.496720353668,11.4602452128443,7.90366538217744,12.3047166033962,8.54610919391672,10.9352457298854,9.48935826496613,9.16794191484354,7.78952660569712,11.0629956040721,11.6513839134919,12.6648273598554,7.5396657406593,8.24977615242438,4.54989090733509,14.5206033099885,11.2059121299886,10.4557462021163,10.1415242893528,8.75358121181194,10.6223849268925,8.77341452561261,10.7139681700309,17.0557674799209,11.1024677874205,9.01938650559148,9.74116357253343,9.41799722413431,9.41255278505178,7.86691541837032,10.9239679632144,9.28285846833564,17.2017951138847,6.19080595796093,4.48202986305633,4.46122432799092,10.2191075462789,9.47302494771852,9.96846890422932,4.76708513787769,8.01722082589891,8.06427633511226,13.7817151487871,9.72930247310362,10.9587734844921,7.79399882351492,10.5294405739835,8.6666646307443,11.9292447509542,8.57935916117078,4.70252964589905,16.9702120086239,8.45277595250181,7.42649918544372,9.24474739475789,7.74558220453094,8.39035934730559,15.9227408179945,11.4516896657146,7.62949898552115,1.1475053692558,13.0945491588699,7.0519995542664,8.57994249392962,8.07847076557744,11.881411464729,12.5644941253344,9.40710834596924,6.31233361605326,9.75846911104578,10.0063855335541,7.84863765859323,12.0202446613337,12.368688762616,11.2451898690841,9.38746947642152
"PLAUR",6.75628944095446,7.98654177311217,7.11696769451173,6.65010681134181,7.04511528660211,7.48024896274532,5.47984492118148,8.17289749563215,3.54484391347089,7.2753609711006,7.57864440950704,7.80168896120568,5.44087248891937,6.2462541560917,7.08042316371117,4.91618998780713,4.4899603217414,5.70991092740223,4.72926452893184,5.64523763001962,7.04046508070515,7.11761193572305,7.64259327900988,3.14239709921904,3.88976555650658,5.22827613515371,6.62728435507975,6.20173970719465,4.92191232640298,6.85608932750367,6.03502119476288,5.90916105278187,6.42356808687125,2.60810191223,8.09930046503064,6.52788668891655,6.81813476081085,6.03479676208744,7.99563149442772,5.24575804395116,6.66156434933973,6.24561355010124,6.04286755268532,6.61478933736614,5.58785100847268,6.03181862582636,7.1897949141568,9.28871153260711,6.79230877344294,6.50397198727003,5.92977443124342,7.20149664180061,7.6659114590099,7.27872821293894,6.55337222790341,6.16048729658858,6.52717220457543,6.27463629690303,7.90434699906677,5.63648683002885,5.9732783193287,5.76529399317437,6.74115829818814,6.04068278463065,5.27811206159978,5.90448883076711,4.64884982730823,6.00998143570887,6.0968916452506,5.87701920278446,7.16324413656016,4.09472510485156,8.02357441799986,6.0035179938306,6.45792104159396,4.99452854919069,7.47245057927239,5.70435296975068,8.84062272257614,7.32540727654175,6.79967553090748,8.4548937447694,6.67560053056569,6.02083078457597,7.39004169532445,6.47996599514306,6.53040392551456,7.38969543950954,7.36649629991075,7.74760853351873,6.73954243771858,5.59089648106605,6.57518634424257,5.86997866788135,7.6640454635211,7.5392779515495,4.83224999060413,6.41279236705104,6.80971694953979,6.33246101799255,5.73667017914203,4.04648012797448,8.89302276923212,5.68727101621525,3.53494487075141,5.01657350273979,4.83894426969234,7.50799950960287,7.1100361596694,5.98516643564051,6.29252618067324,6.00467217988029,5.51368143434172,8.91679900185575,7.04078499668794,7.67962697519193,5.3658302013763,4.2260714773064,6.91647915913621,5.70827720231963,7.03697618272396,5.19177894508289,6.0886969242978,6.45688227414924,7.40262232326608,6.0274096450592,7.15204853187815,7.06559999675629,5.29380899187558,6.76608871686147,5.63163924862015,3.76093449928091,5.89941041214847,8.12156481361863,4.74672480432203,8.79964911781211,5.3845280153813,5.867554877177,6.74969927495586,7.24530676469319,5.16130843337105,6.81629581002303,7.33094736958027,8.25556581398776,5.40657296893039,6.6617502979694,5.43058003876397,7.19307984594467,8.13102913922609,5.62390620208722,5.29265480582589,6.41417739031067,6.59284539080285,4.08733831413354,6.18680273852154,9.60007714327285,8.32066190719033,6.29541164579746,6.24093406425205,6.50512725102633,6.94256376385923,6.031910970653,5.96773822629018,5.68334678364631,8.69277148961072,7.22499309021863,5.11271720067906,4.47953073381855,6.95572148482571,6.14259741281837,6.92975229870766,3.9447963369967,6.95145099644185,5.48528845751932,8.39614567484012,6.74173539121299,6.39420997165102,4.0572140582366,6.21900452930792,5.89456283073977,8.06085462740488,5.32739580592159,5.01576557250501,9.87234963239496,4.07302640711737,4.86572138604517,6.99761843842949,6.31976497144594,4.07256473269749,5.84308613292355,6.91232408935733,5.75767636524641,3.13686610221297,8.92533997862347,4.45610075700982,6.2026150874023,6.43633776246474,7.49922769562522,7.59179341681044,6.16464236636747,5.10371454949147,6.35046632036773,5.20863006140838,6.05972685445056,7.85171611520086,5.98482017982561,7.78511958013369,5.59389736479525
"LY96",4.47533136554104,6.21945896673517,4.51383179779548,4.24997620372416,5.29627017525519,5.38586585102906,0.181982851009923,4.72990619560214,1.65422929587252,4.55068522908162,4.79588121201774,3.75112089575175,4.65906256458043,3.25751909368269,3.60528097178348,2.69242942998006,3.78282789207489,5.55073755210543,5.09396152622572,4.60540543682512,3.78610492554058,4.35220766512436,5.40811061282698,4.75322477341643,3.76822667850505,1.78260985716883,5.34101437554894,5.20810752243124,7.67573831931625,5.45603072223086,5.14086861695439,2.98842293315614,5.20805288198796,4.21854095688375,4.09545188108566,3.72080378204004,4.4514551127586,5.05737661920567,4.50853006865372,5.88682324832402,3.54063487905469,5.02225239280831,4.55907570883265,3.02465655242066,4.88266261119588,0.250551741441855,4.4138851373514,4.2837810508361,4.59516347472757,2.48862297567992,5.06998136536754,4.22322173258082,4.88423158427282,4.63846777239997,5.95917108866686,7.0347329237028,4.41400896326449,4.55027068380532,5.64235512337726,4.63089303124,5.60731923905997,2.16852728656535,5.66664136136993,2.46732764088498,3.69945608396382,4.5941650729642,2.9369279312514,4.22827896287794,4.51841987988051,3.49048495008838,4.40903227515124,2.54456584040264,6.59170814786114,5.09422269458372,5.63946864427157,4.19463655123236,5.43094541232633,2.71009048704939,6.15664607300068,4.00761261193636,5.62493671498088,6.1577409443856,4.80219063609812,3.24259611516732,4.38484557092083,3.70632391356011,5.09601430230449,3.98710865690976,4.07081655097466,6.64854192611448,5.15842197124467,4.14238132604321,4.30302881833898,5.59019943195038,5.72437094348365,3.97566227424928,5.12637209979533,4.97040269432602,4.91277264597457,4.94084116693331,3.79033040891179,4.60123197008502,4.77949693830169,4.96353486472973,3.00281928187085,2.77409069618581,1.46651566131007,4.98533275866578,4.06693473424632,3.36412683889292,3.00918944265582,1.97393878133721,3.60360507090259,5.61986049310536,3.4996918230979,5.92582727830807,3.53223936335856,1.65423633694192,4.64642029815334,2.45598079198676,3.70224302930724,3.80287166295719,4.30541762863334,5.93777132977988,4.21285122972686,3.90748164709774,5.43174168242445,4.77680952672053,3.61694259504611,3.36173802859856,3.40463708013479,2.45767286594527,2.63504203030156,5.84450819453754,3.82904904243289,5.1603131127277,2.43617357329602,2.82992913681649,5.05978401284002,5.01389894843584,3.38264011867422,3.21860847846145,6.74100879125869,7.27480835828606,1.24097215601751,5.4589143995228,3.56120368817769,4.66577961491389,5.7820009918351,2.64380100138088,4.81244261361142,2.96698712745544,4.72545010539178,3.51133727328291,4.32233836821839,5.81415039704671,5.30145198761952,3.85214087527838,3.3940865013347,3.65984164658234,3.92768700083754,4.04493777278575,4.94870433415224,3.85512688814633,6.01928948107494,4.65010304735715,2.75279047106109,4.32462764475049,4.66264430140254,2.60757071191641,5.18967557259589,4.0846517439295,4.50687396345776,3.20805789966135,6.56931305135151,4.65388533032322,5.59965513936556,2.55093600118761,7.50124766743901,3.1014572402755,4.94233417336728,4.25366007225552,2.26338296200393,5.85038068651118,3.7350891708547,3.84587024825568,6.06049645865266,3.35855294820608,3.53920672671712,1.6981307261008,4.28919362538414,3.25842198336746,2.35286381428019,7.4796488410275,2.66838584066034,3.77261339922862,5.00772785517541,4.84230274229093,5.24431960807939,3.54030159810203,3.94152219379238,4.33786563513174,3.04293138806366,2.30488854086844,5.3148890455253,3.67029269162016,5.39720346691848,5.13911242136525
"BCL3",5.61337547036875,4.7742177744584,5.42080238163181,2.21841541140305,4.98809385602591,4.72558302933437,3.16048137698648,5.01830924633088,5.00213090911998,5.17133895096483,4.44796263006535,4.97807662074066,4.73358753938495,3.81997467254783,3.49905497779734,6.06517806698733,5.47076460682039,4.83154287002814,4.30136083594434,4.39790561677573,4.54310608039436,5.20670963768352,4.3666928955284,5.07012309174226,3.82275053924975,4.79925830505002,6.13794200361326,2.69977592573832,5.20967560153103,4.00030654012745,4.98458023665685,4.68750306192439,3.89900156830004,6.52182968243578,3.7726669147247,4.88432928315994,4.08035067429398,3.89744374410543,1.79586251485305,4.55078371790356,5.31993941244883,5.96636816944433,4.94382289370938,3.4541758931858,5.31435212266966,4.7358145858455,6.23561602011863,4.1162566170559,4.46330202579744,4.89530262133331,5.23322851438268,4.07495920424675,4.30573710351174,4.93227854219142,5.90312461415715,4.6087600909947,4.80720252829307,3.8573121886184,6.52666649059706,4.08157522740928,3.96264656291896,4.77223356799362,3.99676053641402,4.78950430144225,3.40690514006699,4.61200904085137,3.97324839929336,4.15860953848461,3.85782518070103,4.33674603917877,4.64287406448977,3.49565277036243,5.50170830949716,4.60696461870549,5.37175031523023,4.34679213413033,5.43698580840501,4.9245922165355,6.09258969000946,5.22375209939073,4.56053883522724,5.40979722802548,4.13441341192043,4.47384317326233,4.50291272461151,5.78419594966683,4.44802257176982,5.65329746991508,5.49845935964048,5.48358258924414,3.42742482337229,3.76078417840303,4.79617319851647,5.13953589915855,5.44083324902476,4.91741032737864,3.84671035224399,5.47486172383938,5.64722706360393,3.63441712871454,4.45161351634825,2.89245957986694,6.09387217021604,4.01830620388459,2.41819839947312,3.25865042818617,4.12757351748533,4.88235586839875,4.70870804842762,3.8562007057727,4.57344913597349,3.69289822613466,3.78412531816282,6.91765195624353,4.11320973917162,4.96238263328943,4.43887421296288,2.93067749002307,4.3001953532912,5.45049459991434,4.83011617465066,2.8692039387876,4.31336215007877,5.08037081229492,5.53471080014652,4.61123955272742,5.02265920299876,5.13508996777573,4.48769395949341,4.67715903534571,4.16724490520892,3.26745679227136,4.37928163269706,6.01093845019044,4.17562377589192,6.53684083356928,4.24017527962319,4.36885079368353,4.96229713460899,4.73247668158959,4.03643192413761,5.29386101735052,5.35362459497721,6.83882217287899,3.87911435213028,4.36303688341369,4.63688915685905,5.09529033203149,4.84584793185139,4.62004591681262,3.63732408384946,4.77078009042616,5.31130274816003,2.19196889103215,4.17622226665499,6.32241014302886,5.55659846233884,4.10414687904511,4.7529963648949,5.06130460655708,5.79077934806062,4.80617654412781,4.42707539506233,4.76069124613438,5.82386733739042,3.85594420973138,3.67990242670796,3.12151054476239,4.94117896054061,4.9462233826865,4.30942921077859,4.94613788400606,5.21058530260316,5.05685867517426,5.27411082216916,4.33533531095153,4.23017193401185,3.71119494374855,3.78215884851273,3.82046225734929,5.77932252488182,4.15604457807144,4.5410451360872,6.51640664894441,4.70041467642505,3.93391900629153,4.9382720054057,3.64125702314964,2.95906305192874,4.24120126378845,4.41681555340967,3.60774154041765,3.08782406466952,5.90825453498348,2.83526096265341,4.81797536202836,5.14278484901522,6.32728356781386,5.46443088482585,4.26505539563087,3.10398331527245,6.10079756333158,4.01428776590397,3.82148824151456,5.56292536469131,4.05524163383414,6.29599105077328,5.09302461699986
"TNFAIP8",2.4416401702769,4.08616383107124,3.3891028170909,4.39349171070255,3.95161576820645,4.51023406057081,2.79682406582981,2.98450914777715,3.02977796353528,3.66450559562751,4.18798147554054,3.98360473735193,4.39897963343286,3.11729442310553,4.8175055860959,3.5247657903867,4.12321093746157,3.27958272504665,3.0197606172388,4.6630940901885,4.56632808613291,4.94241128444056,3.69988472869748,2.53662986287173,3.92561021805856,1.58576537751394,2.98575725087995,4.3655525716344,3.54551127858188,4.63685659305545,3.08072246379482,4.16844949223392,3.03931213868659,1.19310937069058,3.7125627664528,4.45239775559947,2.99010350991209,2.89887390935257,3.1458909908613,2.88352111440286,3.9380881488889,3.7001622501066,3.53815322806152,4.15876518292203,3.50878357777259,4.11657269475024,4.83531271889878,3.31183003892385,4.10411856152164,3.39321710909794,3.5988534854384,2.96454095384169,3.93705243345715,3.50697000740066,5.00352154778412,3.8507556079342,3.66061352901844,3.29476754564399,4.95018708913388,3.72207439187129,3.90858720289074,2.73830610058469,3.60570112780459,2.87377246967115,2.62303739631252,3.45816349810646,3.28640445005682,3.05018644828346,3.27780466308511,3.27314973252245,4.06077976315154,2.37806181331108,5.07807933391499,3.80254946261573,4.06369895689423,3.02170458501018,4.27293414082976,3.11259407667448,4.2776679685206,3.39883285771449,4.60225075385648,4.74742146970918,4.29857570748852,3.65832551230119,3.92097405201513,3.73919506868653,4.25644464103996,4.08713140396393,4.27632671734153,3.78905805369681,3.29871240205303,2.60781025057362,4.17155133111741,3.45690114405557,4.32153477178914,4.1440162333823,4.14946013522678,3.62092827354349,3.84657406014062,3.72302115740946,2.7292329308439,3.57098639140503,4.42859817473051,3.37587379341387,2.70927195741415,2.51841980434475,2.26910487929337,4.60903590688003,3.40593359925076,3.31464962194556,3.07338220396862,2.70232901013424,2.6156999633917,4.39198990725461,3.88097320802746,3.98464403445705,3.27172958421519,2.90556801232802,3.50487059798951,3.05673490992247,4.40390337360991,2.98588528881609,3.70440143515879,4.85645730085507,3.55441799448706,2.74603801914641,4.07174646396867,4.12760563072069,3.08939832098932,3.68388818183178,2.97783778174165,3.41437559196611,2.49822213953047,4.58670801960486,3.25050625673455,4.43696127031767,3.33027125332536,2.91724478729878,3.80239166835937,3.81241160363833,3.28451091898048,3.79584320672036,4.98292939732892,3.94409091057211,2.15557191184118,3.96239504431006,2.30500307261565,4.5195271149589,4.4434308348285,3.13492196394966,3.68964767218898,3.07519683791678,3.3963081496127,4.14827667830406,3.66455838542748,4.68438266429271,3.6184035654417,3.35054781526783,3.48609308148247,3.57169646555866,3.53911195161998,3.35125788942146,2.74548573924914,3.03574827382637,5.55035754320536,3.15598749717393,2.76276421032074,3.5715386713023,3.42297537893782,3.67323706952737,3.51733634424207,2.41609022909424,4.4820904276371,3.13287063861696,4.91854934073338,3.48743433266154,4.6770452313719,2.12709004856791,5.01354148306308,2.56946624627774,3.8659827536731,4.02314583300929,1.32699427168624,5.52747737603292,3.5974169293456,2.64891565435583,4.77795465831516,3.66069242614662,2.86099113490586,4.85440597552237,3.68901649516353,3.16080022199296,2.46532203707907,5.3918532126901,2.52504716311194,3.40672257053257,3.68483494736995,4.60146178257468,4.13738887461511,2.47045035041082,3.14683543030496,4.24500455745375,3.16932111183649,2.70714173495327,3.92783810216686,3.77817025000785,3.9412506139576,3.68507163875449
"IER3",5.07316898880082,6.74250481412612,1.25751155084574,0.602621256142902,2.86277272590034,5.01077088900439,6.78455632940518,2.73098333624145,0.580473551677282,5.90453467563898,2.68277553014106,6.18059545056845,4.09016747926839,1.65227997110509,6.28564819589229,2.40484319021508,5.63799561665443,4.62524710676963,5.88137830305535,5.61252648459676,7.96098077848873,7.72914486459171,2.31078216910458,5.11468768076423,0.4648323903643,0.499155523871437,4.88956602001846,5.1367901970407,1.24685192513356,0.943697827437481,0.672416289738918,6.33246627093191,1.22769795450603,0.795607378216257,6.28850622045497,4.04773903993962,0.343252031249553,0.916592819705008,6.23905046356953,0.734825356301063,5.94932715129347,3.2501141960195,3.96517476153647,9.19816752618473,0.661405756038555,4.46830309156961,4.91097724704367,4.30525556067116,2.11811382882851,6.83814500331236,8.01991314439894,1.32527702820741,0.433762818103006,0.808357040887324,5.83355174340827,4.37641163058388,5.48958672918571,3.71018166391041,5.1265865730582,5.01427923581896,3.99075965558947,1.4594664850684,4.00732022904678,1.72938479728068,1.51752366787852,2.26522404190519,2.44605789000228,4.68763620072991,4.20528570485832,2.40284811787803,0.838349804709681,-0.0526851878613153,7.48751522352991,3.38962987423095,6.75332980025575,1.35344074465779,6.1263122259065,3.41551766722169,6.5787775489873,5.15304542030609,4.36346773408851,6.69736648305518,5.60779496041549,3.66411662050042,4.06042827496161,3.36507454117356,6.09338143041092,3.4547300595459,4.63700272326273,3.82515392101635,3.57712602199477,2.72168674478604,6.44343769004307,0.27452890148488,4.31587987932612,6.99050766839151,1.72881374302353,2.95010844764551,3.68657808794827,2.51667826646966,0.79970846664262,1.12235412193163,8.08788359921223,5.68831361067345,-0.899177948374716,0.476111054258366,0.379793236219288,5.45894015071873,2.72796834161468,2.16224392419938,2.51934318633636,1.61898097423193,2.51991424059351,7.43079050065314,2.87453893428284,6.62312942962585,1.17355865365596,2.3293724701249,4.87170602295084,3.33652182831612,3.54362417224205,4.48529264228023,2.86559241758751,3.79641085673986,8.73755299242838,5.21947806555438,7.54423994640668,3.49222928909867,0.731943361460976,1.59423528975549,1.2009692579991,-0.244178715425174,2.83437478486338,7.99518245813509,3.51697497357511,6.92331361746701,1.62488186822247,3.30834981829679,6.23785815746954,5.07595309559102,1.99549608111196,4.31949655628806,4.54506298786179,2.94496895933118,1.98350394171184,6.1451570163924,1.6764671027849,7.02229635537278,6.03265932773411,0.249212162751289,1.65400563533705,3.17605558205734,4.33738958967872,3.22745046520072,4.05243351536153,5.4526585538901,4.19862340519159,1.80076657942426,3.8883505921408,2.15596232737075,4.45426536097515,4.79290053546432,2.75709210872926,4.02102553121835,6.7754105648655,4.51651027500436,1.73490498843312,1.25312554681868,2.47975009117405,4.39316255546024,1.77506913785257,0.485818976629893,4.79499440107386,2.33831898682023,6.00106099217188,6.278022306889,4.18967688849626,-1.7540461713263,5.16332439693476,2.28673375225779,7.8607943562861,4.09526258464768,1.67304077724201,9.5522570659605,4.01721850283735,1.24950886985673,7.22178464253672,2.49326504192657,1.31365729807644,0.763732048442253,4.24354634008728,4.14703817062916,1.98312323887374,9.37427848914916,-0.0132824441180563,1.92240113619693,5.88342381519926,6.55936170424425,6.78150181027509,3.82591532669255,1.46498667622084,4.91510614649414,-0.242084849815629,2.78811939003434,5.18768937857311,4.46149871489903,6.13316487699228,6.61589607570197
"PRSS23",4.63732042621168,6.5875135136666,6.71435543310108,8.97091690887473,9.10372317430881,8.68444357123897,8.16982481080781,8.22552559024016,7.13999125615275,6.55156523452977,8.6045124587009,8.13711410748008,7.49024118671689,8.54788934490136,8.24822646203247,8.8762222383301,8.81136505945413,7.47429001409673,8.20474230130426,5.28716197297284,8.20780014301539,8.27220519461734,7.50947416411999,7.75288236627309,7.10084102240715,9.9521355083979,8.20598380448895,8.82302643076723,6.25844920030374,9.26819341897634,8.5480512380126,8.44184447336366,6.37109008481,8.24255010915919,7.46840410933844,8.75137668336632,10.0801646369894,8.42895053085626,9.11015701895407,9.31871904046283,8.44827326870024,10.1659496132795,7.74625901374597,7.49937553966102,7.91021098153797,7.69436485253978,7.74746125128744,5.3649540656972,9.22007113276184,6.35189859711121,9.02371832012026,4.18590617924606,7.98548904535592,10.0509097648361,8.18745660089519,8.66682011604662,9.46742578311739,7.6479837145739,7.76738859695579,8.20094342305322,7.25674960628271,7.71111599415848,7.53543850897929,8.27000525375901,5.9185313042228,7.23477538742178,7.35476159834496,7.99038622539636,8.12165021002065,7.20181405913038,8.72286018742741,5.2730240919694,9.49788739868122,7.74773969226004,7.72855585039732,6.34348246790907,9.74344057452402,7.66658622789533,8.81005946862159,8.17606256148582,8.4332423081545,8.65577487376203,5.65356175510078,6.48009467511328,8.41650004616522,8.377783565315,8.1059543394057,8.52381329488818,7.91876654910888,9.35836854877055,6.92446221207878,8.10758205932133,7.44719283641079,8.2561696344762,10.0953768734237,7.93969437659548,8.70693178539594,7.69669904633438,9.11072259017909,7.32499757703069,6.25872476658834,4.6326325708794,9.31755928517167,8.68507383224327,6.75517934085383,7.54194938864179,6.96550400709418,9.1474625539889,9.82668682163739,8.14850758862846,8.36813351152952,4.2204706351016,7.90132669287004,9.83505795263203,8.43335857386276,7.59984971135472,7.67553868743126,5.41451945892048,9.29291095502079,8.26256424843044,8.11234895335994,7.19443118665594,8.09583922278718,10.0987485789632,7.96248245541422,9.85993881419943,8.48498054832971,9.66368229865841,7.64821624599042,8.40475720963107,6.58915190946012,5.26418789814173,7.47230622939471,9.06607655820768,8.88551591328161,8.9924803648798,6.93446106298905,7.08560648372562,9.00643224987086,8.4306844625728,6.25442293538276,8.05026306514969,10.001666712567,9.57776194025509,6.56194573372754,8.0157321497968,9.13467332608043,8.10473354946898,8.03259067749434,7.66728382214488,7.39719858185946,8.18931685222733,9.24454442038509,7.08549021801736,7.7263468019404,11.0958432929915,9.99283051873935,8.10467541661485,8.1059543394057,8.24977502052196,9.06061206991951,7.17722386183363,7.07851427552182,7.07049194165196,8.01038392721689,5.84609776797751,4.62972592817292,7.55799405638152,7.69204841800403,6.87935111727433,7.64716985461609,7.88365430521469,6.54241309474005,8.15536726541573,8.47672568304333,7.81238342605199,7.89783872162227,5.38952233164482,10.0359650965034,7.16408583680037,7.79006041006628,7.070957004485,6.19477862704594,9.86563583390412,9.27547109878195,6.95155212210311,8.0485190795258,9.57183238913388,8.62601085244775,5.82400728340832,8.31674406847908,7.40405825864674,8.78599246701199,9.31174599975873,8.34360144708689,7.39894256748334,7.56136576192102,7.96701681803632,10.3983653091464,7.9308581827678,5.86237496713376,9.47230894286427,6.52776361549943,6.31453230655261,9.1395564858273,10.0150372690168,9.39743382674554,8.69960704577563
"IL7R",2.07656593577466,4.19713411058744,5.48711971210293,4.31276680912166,6.51462569499003,4.43964973076899,1.61331476089008,5.97359750051697,6.63931755298487,3.12907195583242,4.11875008462364,7.26250832736125,8.31589223444723,7.17458618490154,2.76844478051635,6.51925095858091,4.61377915289491,4.26190685982807,6.45073618090023,2.03881541872162,5.3248861917493,3.46337396549482,5.64722239519128,5.26128633369092,4.55174363172508,4.87857331597805,3.40291859698929,5.32876108259296,3.66192057913509,4.23131719715266,7.31910305857317,6.04907527547636,3.57231975194293,0.731566460859501,7.23270871792925,0.730233879287075,6.03925685852634,4.4378003347102,5.87686069676784,5.50554799490683,6.56572968082116,6.01846059167508,3.84454634525501,5.6922765375078,6.23314988561345,3.7146521629532,2.82788404602714,0.292469622253029,4.41366854391403,3.0427721433225,3.72382064728623,2.47813829469886,2.70386261001112,6.72847837022492,4.77320916308187,1.96774278491745,3.85379030970146,3.61274493214892,7.65810631498293,3.62018838077892,6.33776088607942,4.96867616340684,2.67762346111069,3.46020521775864,4.98478664126356,5.64388872269319,4.16610925701256,2.43433485246417,5.81427232078553,6.51079557546465,5.08685365603941,2.33298159303641,8.26306495500799,6.1002842852673,4.96663686241231,3.38260981491707,7.58897401126862,3.11637907008217,6.87634027873278,2.93865398840955,7.64128208177812,7.65627094408786,6.18766833288258,5.28752087390041,6.45338925246884,4.30386403919255,3.59694034944137,6.08876223464824,5.8882989468867,5.11081544272504,4.86324430199003,2.71259747316675,5.949987801971,4.29264788372267,7.10749504646189,6.95413961167381,4.17824309792997,2.78305532252749,4.03712346910902,7.04713173702403,3.75151936482616,3.45082443318384,6.51446631725479,4.7350742344843,1.08258418824502,1.08258418824502,3.54157332744009,8.07840624995399,5.20227809232937,2.64499464519833,4.50585680269999,5.67927059494815,2.22897724231577,3.50557966488677,3.04316816437882,4.90831285396897,3.4787628568088,2.35531193892643,6.05807075468068,3.81300428981101,5.89513060521834,5.45046102336274,2.8857341276017,5.88523999539491,5.79285966034305,2.03891438962628,5.1157097651119,7.10790290666079,4.73191331794279,4.24788522689291,2.86279199141332,3.42574103095122,2.74940685611787,6.62713769720215,2.87400814688319,7.39432273134146,3.02348890978168,2.86228216616469,5.87534938557148,4.51584937757315,4.80604190909368,6.38527659925179,4.6757305755437,5.48227411887729,3.21324586732199,3.66209601621636,1.63299152666661,8.66032078874094,6.40526174899811,3.89987851217767,4.55255679547455,3.84726454651899,3.86357895447517,4.14530838686843,5.26427284256285,8.61341686586693,5.37194793507363,4.35627407475177,4.45783126427898,4.35188957761355,3.64415016746456,2.98708738702946,3.68901478934405,2.16004886870091,5.24928398025311,3.06335724422459,2.6195033827668,2.27465758459307,6.31818359653201,4.57182818987278,3.38260981491707,3.45398534972535,4.36137232723808,2.29882330137816,7.66004365092772,3.74050713945574,5.35257457562567,2.72197825774155,4.53930133901015,4.43315572224526,5.89992296255547,6.64212655951189,2.5164167174937,8.5656972225951,3.11393190888875,2.22571436072453,5.89400898967136,4.1943535757867,2.57728985218019,1.08258418824502,6.88674071380484,4.65768276174218,2.13771852281089,8.37961100684494,4.19812628262656,4.61026901361953,5.02750999709881,8.72333518947168,5.54936712159708,1.08258418824502,4.80247313235326,1.08258418824502,4.79564147402161,5.3460488124432,6.44400846789404,6.11037882519018,3.82615778122568,5.89492667511889
"RAB27A",3.95602876499646,5.72589381456884,4.4346015417013,4.11578237063467,5.43579525437006,4.19626080609667,3.50982249967816,5.23257250412842,4.91647664443772,5.36290466568325,5.15993590350321,5.27204559098403,6.83629025813694,4.46735774389088,4.82936756643806,4.46233376088332,4.46093255198863,5.53340760847874,4.47175323973218,4.84489277703093,4.98587380683764,4.35919081953874,5.07597752188837,3.87643836358858,5.06539566886212,3.45548504497519,4.1413673907597,4.96230377168345,3.92850297853291,3.96043757177831,4.90395894804546,4.54846745118381,4.84931376646821,5.01302000376371,4.46876576012785,4.59206229778748,4.32374474638863,4.40746152706114,4.84040784137352,4.64289214746142,6.11106053334654,5.73682131744816,4.21312950000748,4.99080513899198,5.01101698687022,4.7028846779552,4.30796761351548,5.31682999105423,5.08133962745194,3.18045183922984,4.8823789386384,4.6705627806942,4.98825749492067,4.84017114038484,5.86359040399032,4.45685866537802,4.66131211307903,4.27231858090246,6.69916087608203,4.3334245691394,4.118690937535,4.62443285194309,4.63047156136886,4.01042550425873,4.20589277721901,4.26663931846632,4.52910751029346,4.17181720260217,4.54477939904129,4.51720981493674,5.38049364992886,3.83228357619856,5.76229824231285,5.27977660343479,5.17445863547348,4.31343931651602,5.17352407330044,4.20574899842316,5.87782450477963,4.49064668240315,5.33714434297959,5.35835171536771,4.46670751289386,4.65635174462215,4.60868907379734,4.82924574663373,4.51846787940044,5.54878673047318,5.35180978015646,6.04467979736544,4.70279229568222,3.7053987888595,5.11385587302202,4.3994190364353,5.09811209487627,4.8227757008204,4.88007155096728,4.91795726367418,4.78560888209276,4.53097663463953,3.92588357229797,5.39997567676675,6.03662818479775,4.19065222485874,3.71359418022305,4.13048079879483,3.44753151849961,4.76476095669427,5.31708720095829,3.89152044008943,4.85620427085591,4.05851951147109,3.34264488692585,4.64420243637269,4.4019351653627,4.87884943120254,4.23105406649304,3.83472781572804,5.0455609449925,4.31099507698655,5.51126046475591,4.62206050181154,4.18590752459563,4.96957385138491,5.21917384098333,5.0787019574363,4.79933975709659,5.84295814678561,4.15779877000664,4.81026694558131,4.56462087286881,4.33500613589377,4.04263195452949,5.35439779848179,4.3618208813201,5.42815632075367,4.58920704695944,4.20833701674849,4.85943929376257,5.38861715189447,4.10301904878717,4.54851764773343,5.67746875276039,5.89464662389427,4.28684023928347,4.68460427800699,4.80566602411406,5.27567890775302,4.75455266218881,4.43493239901065,4.65570474004082,3.9524107601326,4.50624668175305,4.88079044494653,4.29431673666776,6.1476254151952,4.80171210722814,4.28892503182332,4.44233700699701,4.73528630354469,4.81709643838427,4.67382086831812,4.10237204420584,4.15355729552902,6.79218575699803,4.38978585711324,4.53263009079183,4.26211028639699,4.97575633960653,5.04541716619665,4.71472593573791,4.98395173097008,5.40860240451785,4.77784482711677,5.57790193663314,4.25513701479819,3.97361813252071,4.0877784964269,5.05080887104108,4.44952594678959,5.24102821795278,4.89509643513377,4.05521259916651,6.92273690363131,4.28094530865356,4.2401121306317,4.82320703720796,5.10364757851655,3.68203473453361,4.95613053397279,4.8751111825104,4.35103747163122,4.23579876675615,5.93964938699583,3.57844211212252,4.83887892595579,4.99746693778013,5.2784107048742,5.36180240646815,3.60504118935507,4.31006051481351,4.99178767534399,4.45642732899046,4.16541904618678,5.65791483652457,4.70768077474118,4.84204205946452,4.6141526680397
"RUNX1",5.30455849810314,4.86961975137447,4.432571964921,4.88194353949796,4.4634001244954,5.00423619961552,3.4401974419038,5.34270407033918,3.65294533090546,2.16955947239632,5.34351442144131,4.98427033640553,4.6773052697166,5.52308202332191,3.85650769920684,3.56776446366637,3.5066654084096,4.1638287754249,5.41071760540099,4.41296439058484,4.55503693841664,3.45112801020462,4.64511367166792,3.77094530248705,3.96667040430712,4.23990207185387,3.28581647180462,4.59747158212024,3.9814508341617,5.45537654236883,3.590542140421,2.74417401516964,4.48705538017091,4.25398170491621,5.66012999085402,3.44877147270324,3.99536692765566,5.45457073742698,5.34152327085316,4.75979499575751,4.79480053374097,5.62586077459252,4.75042964059091,4.41349253779953,3.91329155860633,5.20490365936005,4.68162916930134,4.57176780973175,2.09515140085711,3.92293994123311,4.12283006504122,4.58467393285523,6.29918969833393,5.08941764105695,5.42524786494651,4.65379833892108,4.41639961841725,3.27263246257213,6.4050473228909,3.23464558519193,3.64572061728798,5.20156448759415,3.71545312038956,4.65395244390031,4.36354161054136,4.43966947028098,4.5881496177691,3.71075291852304,4.03784073693874,5.15421573272573,4.5973959165229,2.57908300354747,3.70250830213424,4.98288952206677,4.58368057337143,4.90352545776331,5.09446152702929,5.13884376104753,5.38024921101134,4.91670143348748,4.79233871524886,4.88233602311918,4.55771388437117,4.3283286227873,5.278848134678,5.09970109632311,4.39366913398083,5.25634880771042,4.19803286284833,5.45121455394676,3.85083434464312,2.5376287641346,3.87926671331106,3.23241106299309,5.32908635790698,4.99151940090365,3.72076974217299,5.50553655912534,4.53760318458165,2.20368327414317,3.89822162575635,3.25444807502298,5.50345614190574,4.23309174562316,2.67447398569085,3.06620884289353,2.65490265332863,4.35391004933948,3.65072902911295,4.37856684601628,4.42549181219182,4.28248239146637,5.2501075560516,4.91724080091478,3.28187876132593,4.17422364355729,4.85143797478357,3.30476335074158,4.76598676380053,4.32170210868041,5.50353319439535,3.61782761604735,3.62969369944806,5.09669604922813,4.90522061253484,4.17699753318343,4.34643595784683,5.22953454132439,4.21436799064671,3.59424955422515,2.95818125245329,3.57737505899947,5.31490869981782,5.3245402610197,4.55047095034736,5.74832895390222,3.82016745377635,5.18677040958807,5.17028117681046,4.170679229035,3.68887001147238,5.01740903741429,5.0996240438335,4.78255304906775,4.25497465267382,4.45091913376477,5.11526569922534,4.76228824429901,4.38280473294511,4.92587067975166,5.08182491873243,3.70751671395921,4.98350594198368,3.68740601416969,3.89683468094328,5.79502276260891,5.69030842922212,4.28024786926754,4.20034443753678,3.62491644509193,5.2279934915321,3.98467451910438,3.71930574487031,4.33718965909303,6.85850122427521,2.93660655536109,2.94808737631373,4.21660251284554,5.37185048964331,5.0780493467413,4.12714457240253,4.43882189289522,4.44706650928402,3.84567182783891,5.44435688237103,4.5866085679768,4.43150190638179,4.45692922795475,3.8666301050142,4.64247162294768,4.62752343996236,3.3433666480387,4.0242794987665,5.97840768789262,4.58175426113105,5.67397330142374,4.58992182503024,4.07251435726549,2.39870312535874,2.83913515599811,5.26867720604882,3.6021859606555,3.74488717142249,5.41014557698197,2.88051234292137,4.79249282022809,4.78594335861081,4.38550157008164,5.50938918360609,3.49200090050604,3.53915702415043,4.32663346801577,5.20865331663873,4.79341745010347,5.86005506384398,4.99830001998977,5.16658265730894,4.42687875700489
"P4HA2",6.07110405773652,7.70031486412937,6.94626298433245,4.06821506027661,7.46652108360563,6.60931173334709,4.22390902993664,8.02151304048891,5.38247013089597,7.75767668630902,7.74777675660324,6.48037823215086,7.66033111512216,5.02992546107165,8.42802511027675,6.5301175741035,6.6670689526629,6.64498249483676,7.5951977953517,6.29621326656175,8.21260338262822,7.64036063644823,6.9621556752755,4.95103287712607,4.18320064672543,8.3271034862193,8.50992935850181,6.05284189234642,5.68220246358303,7.77751177151486,6.88112619981759,6.62016702960222,7.21007709890321,2.42971236380507,6.2817612970906,6.05486583784232,5.48099210369791,6.73012364497473,6.1169136482994,6.55790936521155,6.92082920856346,7.27435485560099,7.33700633972834,6.82010235710489,6.92090064797194,6.52549888466192,7.44367295027579,5.52638186256192,8.37042586738464,5.22980323429107,7.5038495839977,5.78575977442701,5.99228579030444,7.92464625756202,8.86235292659001,6.05117870343783,7.68710635279961,6.18247452850741,8.70035266773452,5.08398903918178,6.30437571338878,6.22543782205113,6.02070340721749,7.0018704629731,5.18927775055957,5.97842752637048,5.2081815997188,5.42918478170766,6.29841813668405,5.88889202262538,7.6058770858063,4.45798521005419,7.08710963736382,6.87194946329691,6.44117084003195,4.49762600889719,8.31414130097225,6.05461576692133,7.64288280264529,6.40107176605782,7.19354403656945,7.75309797168276,4.8842956507906,5.97739640732543,6.76666075191912,6.43441128184774,5.86981632029197,8.17024290979651,7.15264298111583,7.61332405668721,5.9946962935257,6.29715788007343,6.18235995972463,5.19156912621523,8.07618193913147,7.71208234744636,6.600765154449,5.99045724856272,7.61550086356009,5.55337734224468,5.68490230487983,5.28769233497037,8.97944222259448,5.07997913178436,3.3462097419257,5.12798345177054,8.42000285626395,6.3492866762398,7.26526409459175,7.03841790468095,6.80813465128665,2.93513694929946,5.00837364254484,8.25044105774477,6.65507075748825,6.02253650774202,5.6789447281751,4.8891075396675,6.83895365385534,5.75398728089812,7.09730625903153,5.46813816785396,6.76998324661983,7.56360120495929,6.09127777741196,6.73824769378888,6.38629239307879,9.33002269791117,4.5112596940484,6.2160431818629,6.53007621547174,5.52668281585619,5.55383561737582,7.04231324329558,6.50796444039458,7.32209021085223,6.28043083778708,5.94325491005602,8.08649312958196,6.65243567548424,6.32156103080626,7.02638818248871,7.23169544123626,8.73919148509804,6.11109817683346,7.02065974334955,6.49249765471884,7.12594845472734,7.56715283722557,6.26656801507031,5.85171445261222,6.84250528612162,6.26358922671794,6.26347465793516,6.38125136663632,10.1991414841048,7.29413542785312,5.71778354553862,7.58170307263904,7.98865138908508,6.8583157781457,7.36883427422779,6.75463102972688,5.05019124826072,9.19769575379654,6.64418672312384,7.12182397854714,6.95294959272466,6.27103619759885,6.07672754199849,6.22543782205113,6.05175154735175,8.16508731457126,5.85148531504665,7.28210570566088,6.53294043504132,6.49158110445658,4.72630529933252,6.53041992182009,6.38869833751723,7.13179146264928,6.76414023869789,6.26782827168092,10.3368531610102,8.01167971442451,5.77197457979509,6.97758188102305,7.69501159881165,5.90304126729911,7.04987478295927,6.33874634822374,6.64819663052126,5.60321476275539,8.31929689619749,6.04751250238877,7.11918889654313,7.00610950793607,8.48335939314308,7.97364287854048,6.8419324422077,4.05424481952608,7.19652282492181,4.3506342605863,6.234488755891,8.46812174503291,7.94030336275056,7.41374523707882,5.14516876918802
"CYP1B1",4.06582215950031,6.18617962372364,2.68922534634319,0.0832092827351163,1.63070367219461,2.99526561060888,4.61105431506248,5.87584148440408,6.45218686802996,2.83908282344165,5.65747709264755,3.6483043676037,4.80241038049522,1.10660292969605,5.39840509977223,5.09950561709114,3.94988039143635,4.53393705500093,0.420661329931822,5.49202620934801,5.11953878510788,3.92917554377284,3.74050666791477,4.35845956134493,1.23353838507447,2.03985429846198,6.80128801677891,3.71623369224843,0,0.737325068981694,2.95637453085877,6.46261024063105,1.21950620713331,3.45937915604558,0.853661174536361,1.47638168756723,1.63126263245301,0.282272543511687,0.686922684822664,1.49207878030081,0.822466666360476,5.31665986426955,4.59362268244061,3.37014474681941,1.3236525271512,1.23443387467864,7.83453425539226,5.8330697070927,3.72318719171475,6.0766638389243,4.90973950805756,1.41479582761893,3.68604103268369,3.80875571696419,4.17461459064452,6.98598180340842,6.02894193176343,1.69694840974474,9.55956338593103,3.59122195641191,3.17028464279337,4.04131221112694,2.29936834522735,0.207255373867151,0.552417294788295,2.27221827794664,4.25161396178489,1.82724647853863,4.24671804801296,1.73494737686098,4.00637319011815,1.20513161720075,6.82931256270662,4.01405087307868,3.73732047419703,3.80853376542512,5.54702823753085,0.263224569941727,6.09659455843011,1.61216008487629,5.92857569943884,6.61611777209253,3.4930811394382,2.65921800746429,6.70769361378115,5.47425715555714,0.512693630775126,2.38927512540282,3.71784808987685,4.5855375351841,1.27534347152094,1.44725680737625,2.14770628906503,1.50400489882363,6.11194992435117,5.84723676836426,2.98279339948192,4.91823713014033,4.57251885538146,2.59635002380199,0.644549490314635,2.20534454665277,6.57884206496533,2.52357894182829,1.43034365070958,1.92438585860445,1.45693736415257,6.41794453509686,0.15117490702503,2.4878610254467,1.06648824084106,1.84148913678425,-0.257300080628587,5.46435405724573,2.83903156781522,2.85783632753013,0.626634896740069,1.67335900702543,4.91879348397805,2.56864360268356,3.91034651772778,2.08795388689396,2.48530179779319,4.91434265327629,3.72374544055668,3.26130413064428,3.13356528950389,6.05253133448273,2.68392011785903,3.50810269305662,2.42554939562212,1.33832272595078,1.11566992009546,6.06254570356168,7.12651678281635,4.85314373112715,1.52737176000785,1.01552622930596,4.17650619369276,1.67068850860438,2.37414230101685,4.03619375581992,4.42230331919721,4.38947844277177,1.76560247331932,4.96497085250876,2.30393044669665,4.95490084804604,4.9133412163684,2.71897040963536,4.29823641338578,1.92727889856059,4.77336259079818,4.80073519961398,3.26464225367059,5.78036303707038,4.64851678961394,2.02987054623605,2.60413897753007,-0.112202999751355,4.70059150882448,1.53727485831926,1.96488841799042,2.86328859513978,6.81673896597416,1.42934221380169,0.921502430731375,3.13022716647757,2.46805482882389,2.95375172915296,7.39723856025063,2.60480660213533,6.44120012551354,3.5767567566312,6.09002958314502,2.64697822303446,2.68136089020553,1.32630548305604,4.79027574746486,1.67135613320964,4.17194409222346,1.21458963244198,2.66889856424061,8.0515106734087,3.53525276033733,1.24162842895514,6.0932564354038,2.52680579408706,2.25697418279313,4.063010010798,4.65641701410956,5.74553528682914,3.37112837821009,7.09869909093038,0.448490397902302,1.49543704972275,3.87852307821023,6.16747403735557,6.31958117658807,2.32774239095105,0.879108268297153,3.45814211842941,-0.00560560444430891,0.958110513253314,3.83301333428478,3.08048913338545,6.25448777757489,3.07470305347317
"BACE2",5.71580827757724,6.30486692596442,6.35289973729944,5.74854710515316,5.33697600088385,5.29974652402108,5.57369565517398,7.08364951541793,0.887047152573275,5.77218126901038,6.62805177556695,7.30875766953146,4.97685392207502,3.98260119952779,6.79882817809111,3.99722916977414,5.97018183507204,6.87054966863063,5.21564365470102,4.74880469093707,7.63487637827936,5.74475043453633,6.53681135943431,6.55344037776613,6.68759264005857,8.01464540977527,7.82299138973507,6.46172008102791,3.40540563513779,5.4947196068251,4.81358112363303,4.48717117558319,6.07834724645108,0.147494269508139,4.72347664989013,7.32876467228402,8.10257415365535,6.88862149734404,7.02699919062129,6.76727076992564,5.12374481754974,7.88567807265198,7.96555920667917,4.45831637788899,6.4245257627938,7.32455861371799,5.94613663184498,5.6913108202263,5.03573386705259,4.34991722367283,6.10290583712713,7.01147327546012,5.86888427302877,6.50801499107418,6.46237165136346,5.79544394902854,7.15639417359858,4.91585013424785,8.0390926031595,4.73267786221426,5.15984463220322,5.31606320319026,5.45266625352039,5.21149413263796,4.42405092928865,5.85612505609668,5.50234009000408,6.27665923996424,4.98979641355879,4.38362037771883,6.68844405490569,3.81004279707129,6.70058027631931,5.80376996139371,6.47239108997239,3.77631539104969,7.75685489586584,3.64239359893885,7.30174659285481,5.77328828900599,7.31162491261009,7.21947430117871,5.21784448105207,6.3648585234935,5.68268998496473,6.96038008588313,4.71913045226417,6.94866722103044,7.52132752912928,8.97894416844739,4.45326253199354,4.32611444485774,4.75187002631023,6.11394920170944,7.57678723861248,7.19350843210769,6.36118943329869,2.81995291988512,7.19943542396086,2.94639541275268,3.2884675139926,6.20370079262882,7.84717096219981,6.1291900379033,2.29075721870951,4.42800225719076,5.87884519153382,5.85965302743785,7.73328804730682,6.3338123756912,5.21572769824737,0.562474618096778,2.64595337333858,9.21588272372042,5.81590618280733,5.02126591792203,4.24073753840141,6.30234287132796,5.6928505424273,6.85312975711154,5.80292324827183,5.20669609161397,4.68088724292588,6.75392320299782,6.6809647556624,6.03929732813027,6.21047449760387,6.84550933901461,5.52999938531886,6.05580823400695,5.19780560383422,4.64461969753864,3.78435916570756,6.52573401665089,6.61844910349686,8.62501808350114,5.7130305384988,5.64924481665043,6.80938291248102,6.08628990639466,6.79174305577517,5.63442733701751,6.4431794872675,7.56436877949156,3.75331301790526,6.41170998290425,6.750254112803,6.56411834484283,6.21132121072575,6.66755846456596,5.48512358985916,5.54086553704966,5.86332211763267,4.70149059555831,5.63668523867586,8.8918738357473,8.25923801484856,5.68071432101367,6.61478001330204,5.21318755888172,7.33265162180347,6.19029450153238,5.6280769886034,3.1525700579307,8.36535939279097,5.02789850404343,5.08688618486781,6.71596223136682,4.12149210706984,6.61238099279004,7.21693416181307,3.07086224166919,7.83983278181018,4.55797272139949,7.83037781861584,6.9485261021768,6.81728556828524,5.49810652439467,6.23488805928477,4.91175768749209,7.30936701095174,4.56968558625217,4.0433122621495,7.74937559662256,5.73250494030206,3.30286163706458,6.15826052175454,5.96252867174639,4.789125403673,3.4822237000497,5.28882726443642,4.35363262131888,4.27700508378865,7.48760012310769,5.20853063671138,6.87853115076797,5.5436879141226,6.59177764015761,7.44879243835481,5.64557572645561,4.44662994587214,6.83097409708898,7.02656482824349,7.01033616007411,9.12373211228904,6.42793865107364,7.59174583709905,4.57490698383711
"FTL",11.0906615980998,11.8323560232735,11.1993594816332,9.41864957350468,11.8625366288248,11.4670756495153,11.6191103386428,12.7771176155042,10.7744246934243,11.4733303159884,12.6383182489945,11.1964361486499,10.9773085481175,10.2286984608995,12.1763882280569,13.1093458664709,14.046876737372,10.6068215815816,10.133437658424,12.0121915257159,10.3275414168388,11.6286961444828,11.0400293821931,10.6264391366973,8.84469007433161,11.5952807956602,12.7239445925153,11.964261437951,11.4379704883477,10.3884263498205,12.0198269885461,12.3301409969122,10.7995325735793,10.3247431104944,10.6302398182376,11.6781291398035,9.43953171965243,10.2944599299718,11.8397273787732,10.7812941349869,11.7756349701383,12.1422794043798,11.8603226957685,11.5499627080507,10.7782660806347,10.9575736705892,11.8025971408577,12.30914377942,11.7290598696853,11.9485314967186,13.0114421758118,12.0240661413007,9.9619054387933,12.0491134043297,11.3801125963306,12.6728702855028,11.4966805476085,11.8871513352224,11.7459533614523,13.3645280291963,12.4474843469208,9.67363422762286,13.1944534773319,11.1935826415079,11.6857584357924,11.2691713312255,10.1689949386089,11.2465584226442,11.9821680168196,10.8096409331322,11.3535716238174,10.0888412016191,12.9520813163415,10.2720800758501,11.9503188498038,10.4845140198457,11.9914042752542,10.7751907508101,12.5202066116069,11.848083023683,12.4146797048945,13.4862980110868,11.8718637350549,11.0198985173816,13.2895763228191,10.4455518721963,11.3513421821263,11.0349737897691,11.4965743837184,11.3191745234403,12.3837860128892,12.4218988494181,11.241993375372,12.2335641084645,11.9872638835422,11.5755603179177,11.5303345007552,11.9997912225684,11.8715452433847,11.8032818620808,12.0169897727569,11.5007147754305,11.7435115919811,12.1227290072495,9.38964582173178,10.6212531102336,10.5261302647463,11.7596485032691,11.7419191336303,11.2511234699165,10.8359164959202,9.81631849585374,10.8355980042501,12.9123760214617,11.6114437127555,13.055909600813,10.6265613047362,9.92492415537769,11.0695832179263,9.40726902748054,11.050792209387,10.8035365094541,11.3701331906656,12.2381291557368,11.3007020065711,11.3087704622151,12.2712522894333,10.9429296970934,9.94413981947724,10.831351448648,11.0826413764028,9.29760172905606,10.6437598549248,12.8150237342834,10.2449021199966,12.4209433744076,10.2430973338657,10.3317441820598,11.4725813445665,12.5724392455129,11.8505247931543,11.1142782156385,12.7542979891732,13.4817329638146,10.4397128582434,12.5319908034028,10.11081712686,12.0149195769009,12.0709210289037,9.95868427241446,12.0988421319876,11.0256313674445,11.9116751938246,10.0355469288126,11.3865885936238,11.7529601781958,11.1987846721205,11.4962558920483,10.891864865978,11.7431931003109,12.0152911505161,11.3857392825034,11.4168453022888,11.9079594576728,12.5961137929946,12.8842425905978,9.41639912202507,10.9443098276641,11.1685279634555,10.7772078647211,10.6335681214797,10.8970668965906,11.4427492914617,10.7189238890821,12.2248586694802,11.6653749689023,11.1822231052723,9.98979029219991,13.0602623203052,9.65250761350236,11.2753288368485,10.1144266991218,10.2972409177926,12.4484398219313,9.6926375639423,10.6563933578411,13.0534678313418,10.6604275856631,10.642167396574,10.6915336054485,11.4869134697236,10.6711501385584,10.771050359098,13.7460810500459,9.74646265619904,11.5960499486978,11.4740676390272,12.0771846984168,11.6470086159232,12.0524485120346,11.2368975086494,11.8352371929867,10.529527509228,10.1996763028342,12.2366428612761,10.6740165635898,12.4967443919053,11.4955127448179
"SLPI",1.61215902544778,0.72586241194374,4.86010367685531,0.625415453067944,0.207779180281302,2.61601651056825,2.4523951196951,1.33104590842259,2.51770402814457,0.0882175976162307,5.82232991023863,4.03926124591803,8.71355835640479,0.909877534972964,0,4.10127187370181,6.06092717662853,6.24373381192518,0.363439121499777,5.28703634741056,1.35762519314417,0.91360674595957,0.55896505382326,5.79541111253556,3.99878221223276,0.651241396692499,2.01628592638613,0.239587455418386,0.41151085242839,1.61859106247932,6.13042435543579,7.04809447297243,1.98788109771044,1.43048868131502,0.780507484861311,0.200038487740395,4.7805673252266,1.12363309155264,0.241583952813202,1.64787167600698,5.64782966578931,5.97731885284086,1.7763524893194,0.695884270994496,4.39000038108919,0.901949280229644,1.36540139357272,6.62119327034592,5.86898301674333,0.663009355930625,0.67722497491512,0.860534592471138,1.95713083711959,1.418940116247,4.79239312224957,3.82794360786734,2.38498628168411,1.91606427641551,0.816826584465454,3.60893727290772,3.43707745579113,4.82193305666574,2.43448034398405,2.97177458156027,2.17869581253278,3.31373355745077,1.30971310606505,3.54819456008507,2.70131789725329,3.80803838715975,0.410799207771677,-2.14567670580783,4.81127129225725,1.52148117894919,7.85329765100851,-0.106149644511293,5.28674685913474,2.43438252963168,5.71488027946446,1.68336393212389,6.23163350304269,5.44520610997645,2.5979281267967,1.7233700022438,-0.606861314300608,3.85611414135031,2.62316422970852,2.59880845596804,6.42256711887171,4.82330245759894,4.74622474793026,0.212725144219546,1.88456805495191,1.06273186632721,7.64622466703821,5.52521825021627,2.42958962636548,1.36752138831656,4.38440945850836,1.63475019899529,0.118725551590608,0.330493624474739,3.73345494347654,1.47228055970636,-0.329655439679995,1.81257669160654,0.361989845938337,4.39996194053542,-0.911063950175733,3.01530196836556,2.96531883430376,-0.0582206118492956,1.14655876630952,4.12040852145789,4.60791525367707,7.2190693902322,1.36566291562151,-2.95215604111022,3.59211320429984,0.755203542471458,2.19082479222683,0.882655643611422,1.61763268733029,4.30449513262091,3.84320264683728,4.93549551976896,5.80672795634123,2.03256117008987,0.114226091381522,2.13663564101306,1.49957076401799,-0.294833530235768,1.89356697537008,6.54825856166898,1.65734531439309,6.80345620700603,1.86334234048731,0.450316206129732,4.30879896412526,1.86119042473514,4.6669951225094,2.73711795022123,8.29473382326074,5.50927451077973,1.44880511513722,3.72201066424909,5.21847244117949,6.0084211509311,2.4527716278775,-0.0648719878105521,2.96571009171325,1.35147983452765,4.25578358513994,-1.14757905420983,2.82270550854623,1.31049562088403,2.83503011694502,0.909750219218305,1.51365603075947,0.210768857172117,4.3014628876974,2.86055966291397,4.25187101104509,1.14743909548086,2.68742825921655,1.06361219549855,-2.38874537145082,1.34834977525177,3.4351211687437,5.24674078901483,-0.9899023181871,0.906326716885306,2.4561951302105,1.09452153084792,2.41804753278565,4.03061494598093,3.33994780388631,-4.42211012854796,7.97302241831113,0.99934816599053,4.51460036151473,-0.420329344328305,0.99250116132453,4.88678397228799,3.0052270900713,4.90566214229568,4.30742956319205,0.227788554484745,2.08459840555147,-1.59967699087055,5.10960506699009,0.283053663574599,0.127137585894551,5.27246596368851,1.30002948518028,0.270239983413942,2.07687107171412,4.49855880772581,4.43263193422748,0.714610586237317,0.63577221822595,4.35741269725385,0.831792180378282,-0.191248131074431,4.84941888968211,1.75594218158349,3.15595900707566,5.38847378560102
"RAC2",1.2114047525461,8.67404746162118,6.00681414168101,6.85148670937772,4.65071286927624,1.74670832454444,4.84867301140567,4.07554118805207,0.330803895435563,2.40554042592254,4.96900770120296,3.20465564947018,3.5785402569329,4.61171535454687,6.48710523766833,6.40732215643447,5.3343716221289,5.71567376554819,1.17571620253877,6.29559263251236,5.11716307546576,5.75380507492183,1.89937674284868,0.434327715486851,0.603052535232545,0.432907041839095,3.46006102097734,0.455565265897602,4.88343509155532,4.08748830034995,0.6592614968141,1.2618617396529,4.81288323490954,0.187285079123334,5.75042964059091,0.972486802574285,0.481387815438667,6.30643906550006,5.5634174748543,1.41053106323797,1.55866927930756,3.51553585051161,0,0.558678094656561,5.41024272335296,2.38373470105504,3.76886183526484,2.02979209568896,7.13374845371527,0.304602156514207,4.93873744565338,1.70183734536304,7.62227150248209,6.83847280545364,6.46451777001975,2.83649058183668,3.60618840443546,4.63046218276359,8.80495350372248,4.51895194419873,4.67502363565089,1.68450240025739,4.99889371668345,2.29770210601753,5.57733975344536,2.80003121129252,1.32182760905502,2.00368180203865,3.46738694113579,3.9498872659394,3.99274301728078,-0.785353438242424,6.29885150737176,4.70188843499921,5.02725100488446,2.29407749023243,4.72491540586921,3.28210511070966,6.14256660322636,5.88415281901868,5.24813935508179,4.91552755362635,5.25538858665197,3.28317117417586,5.50932490430159,3.26952556180846,5.25965284051678,5.69119533163588,5.65132455799987,4.72768717088133,3.5801764558601,1.91860993743563,4.57097584134945,4.92682782636811,4.69101458764394,5.34344542896036,4.55178669895779,4.18570050466357,4.24753218570337,2.21497558104015,1.92799129593822,2.68212459193044,5.33427728315101,3.4842307439018,-2.23839794267752,1.46894436739108,0.875573442102322,3.90447296227914,3.15140572975313,1.40412770864592,3.42346512632821,2.95887466775681,1.78044811221568,6.57709407205082,3.16526455481377,6.74702458856363,2.65419372911591,-0.345282439393702,3.34223109020352,2.38789107525833,4.83578600635435,2.7742324754104,2.92710597646396,5.61017450820442,6.1003504899647,0.81054357066392,5.83511389957332,5.0935601524823,2.08704796509575,1.0186391592668,1.34954525917631,0.96874738904849,1.62906710001481,6.2785963015139,-0.829701678436483,5.9818042325229,0.768753882788749,1.36809476348825,3.78550027945086,4.91638040439932,0.359811937153162,4.64069639203914,5.97540785172568,7.27707134395991,1.41286942906879,4.54176570237548,-0.163625224752658,5.05081100748755,4.11960456975897,1.91669102319647,1.91860993743563,3.13328265082767,3.56930260850483,2.08384977469714,3.2010842872782,7.44145833044846,4.91041044898858,4.2387904652805,1.92202134052748,3.07123775709464,3.82835603079223,3.97184817334319,2.72711247020422,1.10989419197381,7.79411212506851,6.01506541266844,2.4066537922635,3.99167695381457,4.21171245323893,1.69686873646535,2.77977600543466,-0.568942554603155,4.72662110741513,0.745940124611999,6.50289605480307,4.86243759300943,5.28907619218399,-0.965944589417262,2.93115701763553,2.37893614214222,5.48096761610059,2.53372855743494,-1.58809922829351,6.05706831323685,-0.323961170069634,3.63518533071619,5.12596848185488,3.02518381535466,0.586457030067985,5.11253608218072,3.76289973396735,2.31582518494298,1.21287592280905,8.35997861292922,0.235722149687098,3.74733520736078,3.69424524674385,4.75135377983105,3.58380107164519,2.8885144789874,4.8014587627426,2.46144945442635,1.52907034688494,2.14589466843018,5.76240837117826,4.31362812060797,5.05774042001787,4.56500588593871
"RARRES1",1.14693539313697,1.50913334721864,0.536811856653805,0.081150073779961,0.939295042986919,0.487343307585162,0.0572478474359626,0.658510389624688,0.488790565157101,1.84404412252612,0.186035219793799,0.581202751616129,1.49512718150861,0.227861808715455,1.27499512435109,0.186287560580292,4.18844048897516,4.24621044425123,0.239797614587477,3.45032048804348,2.18275585096396,5.04148831767009,0.0971873641731639,0.561177520822442,1.10863819520799,0.561046491712073,0.260181061086152,1.45862873220906,0,1.52484099668951,0.553682923163967,0,1.59332508413255,2.90413337681381,0.198163458838402,0.391986526771857,0.393913671490054,0.92652932182655,0.730066024082788,0.981693400187046,0,1.3311433903357,2.12195367669687,0.158159911259135,0.842012556076858,2.69156766364114,3.39241222533797,0.286874052549202,0,0.0544637070131046,0.0618218102178225,0.290282840579247,0.35519109157099,1.2089604256053,6.49136362351862,1.88710478369993,1.74184430752484,0.226318890966417,3.50183403469103,0.058892458224598,2.10684798424623,0.326672544471718,1.5159687385912,1.10663314873635,-0.366604477484387,1.38048172453344,1.18999503150174,-0.125014714558193,1.32637634928265,0.771684464996662,0.724062791738735,0.285917846230864,3.61298321171155,1.46805961056512,1.99314365373099,0.421149344939154,2.31394317499364,0.837703243416604,2.33380949341513,0.898963048452623,1.34905333654833,2.77961989940717,1.17070362261657,0.130245119564778,2.6483488886157,1.74721012986377,0.690909675144686,2.02125034217296,1.23617943091888,1.22928051648312,0.863957445574898,0.497931707455623,0.177770974566652,1.18539575521123,2.63027117764053,1.24965786560355,1.21746293157002,1.52401747209959,1.51954595348382,-0.038331132249666,0.640956424322824,1.37945966313555,2.90086193273185,0.15688259474728,-1.85855860305398,1.87170998389421,-0.106809245908281,2.02929907568134,0.0203096404542593,1.11640661085367,0.776762832567427,-1.07565957227042,1.3505225498078,1.30076093549804,0.164611934068822,2.25811307113392,1.92900930101341,0.86759853930488,1.75168164847953,0.731728252222909,2.58855829683915,-0.719215659756359,0.21098796999807,1.36495916705299,2.15003007830707,1.17172568401446,1.92179099239081,1.80246532418718,0.630416416157085,1.15613924769664,1.88819072393519,0.466694955982617,0.862935384177008,2.02661616451188,1.02812605761094,1.3180721004248,-0.455140546076588,0.430986685893843,1.62596809653909,0.595666328628833,1.11129630386422,0.630671931506558,2.60190897384909,2.66451023446984,0.337851341011138,1.61996348582649,-0.315309771077794,2.19806696400789,1.13461207950358,0.317218476541238,1.21803784110634,1.0556578365166,0.762709488346442,0.603076273763533,0.932243922721408,3.01124456370394,1.35039479213306,0.0984334585554586,0.656351224128538,0.742779291087592,1.3342973251163,1.17702762751601,0.372282034352549,0.516328812617639,1.85152427128589,1.23522124835836,-0.417004880167827,-1.68857701681744,0.878841214681668,1.44876820167995,0.34219510195217,-1.99615361874489,0.982324931218007,1.01477538060101,4.10938565689913,0.758940636941724,0.0918539383065433,-0.286308778912672,2.98537363456986,1.2092864403869,3.39426207256313,-0.13727945133287,1.19842703803433,3.57293118068174,0.961883703260212,0.831698632704002,2.30244498426738,-0.185699610057898,-0.518061200884178,-0.668048711024502,1.20954195573638,1.1944665501175,-0.592607804092763,3.66223379532236,0.421404860288626,-0.128719687125543,0.741757229689702,2.2691641099986,0.843005186918158,0.406648848856593,-2.52449548261654,1.34668981956571,-0.949051716606821,0.390487503002461,0.308083802797599,1.04613988974875,1.98943868116364,0.334593520305364
"SYNGR2",5.84840761542678,5.1449069970671,6.0424670536123,5.90329621558367,4.04238168697705,5.38372502566698,6.10229489262168,3.26287660243367,5.05088909219731,4.0590177554923,5.11168655454385,5.43851908675208,4.77229741655442,6.54046130236645,6.59479783479157,5.55186357605735,5.66289762210382,6.81000601312611,5.42291919425148,6.11907391909991,5.87226979158055,4.0976697841196,5.28961686439326,6.01384633181632,6.41678739598863,5.45591568696697,5.93583216021893,6.40070698550341,4.59806739242064,4.64274777429728,5.35529470907396,4.85437971609808,4.45573489873236,6.61660618287554,6.81860773995722,5.95943864959706,6.46113561515862,6.57223939986425,6.10443730944613,6.63550918192268,5.67637179223302,4.40403113962183,5.65916820078375,4.3138262963904,7.08492528653376,5.75248903278707,4.51509425229897,3.68530105106485,5.8110445298566,6.27527529229954,3.79184532053546,4.20026892799016,6.26514430655096,3.98893003766326,5.85079288559987,6.31386343398935,5.32985216728668,6.28722131802447,5.12872602955185,7.21838510879681,6.26210784805758,4.07057543194694,6.74068323442662,5.07041910362873,5.71124934378384,5.47125192210026,4.19516008078269,5.1882340344734,5.9443678584765,5.41059743268023,5.83703507161801,3.92546325113826,6.99978873108501,4.92148530782508,5.75940169272036,4.57819509227768,6.4719691057809,4.67952248414409,6.78665180336601,5.8387820956157,6.00693315539401,6.59622618761707,6.40853029686453,5.54801178899906,5.98291157542568,5.28268251934888,5.57192417996753,4.70605541110911,6.8072885243388,5.56111446898178,5.49167026507334,6.75924536440215,6.09406597727913,5.74979306073303,7.19327163882992,5.41043364918044,5.5948538699373,5.03045592968141,5.29010737133908,5.93847165248427,5.36118941024537,5.5650452729766,5.77446977470049,5.3752747912268,3.98355179906167,5.23081774441725,4.37652300954357,5.80635296265846,5.23605881641034,4.3118831216288,5.5983479179327,4.5567940483059,4.22311246474583,6.43582754682854,5.64781053486748,7.12404581292118,5.09520500659605,3.96837452808168,5.74684495773691,3.89598222117713,5.30735923331634,5.81552483864636,4.81426170996645,6.39291626988512,6.11535783225106,5.75798223572223,6.28623861702577,5.68897478781321,4.96810901076361,5.23027179941797,4.56465565629554,4.58889561426358,4.61946853422327,6.96637689712906,4.12833641287079,5.89359497354344,4.13434180786287,4.11163049589281,5.44078819114043,6.66195796553041,4.87431565988727,5.02008297469509,6.56696353565565,7.383588065579,4.42172725548397,6.40831191886482,5.38237207621744,5.96391268945073,6.17202692317634,3.91334327215424,5.22404802642618,5.76977464770668,6.00201965040049,5.05152940665363,5.63405272088562,5.93192031249291,5.40027907219383,5.59507224793701,4.13816342285783,5.23256476841495,5.21225561444173,5.46251680211178,5.14685140352796,5.99197426241373,6.54807383868056,6.65715364953675,4.334485244599,6.16132640119045,5.40999689318102,4.6869473361343,2.61595957586473,5.07238450562614,6.65333203454178,4.54369136832318,5.83823615061642,5.60610033692247,6.16623990618397,4.26787995468681,6.77038264238746,4.30533178163743,4.86274162590253,4.91941071682782,3.24128497804029,6.11142702825624,4.33011768460475,4.84527138592557,7.41558044253682,4.90445182384754,5.06266668463895,3.27076600800142,5.42124336016619,5.44220764813855,4.69197003012768,8.01961398974045,4.51366439336276,4.99038356673425,6.5199030767177,6.38942222188973,5.93246625749219,6.13282807222803,5.27853333735434,5.11540497156942,4.36746032255552,4.38864298852759,5.99295696341243,5.64955755886518,5.8432588446098,5.82829995162952
"THBS1",8.44662843689956,5.20407027096655,7.94304222407007,6.42388234185307,8.16892779468315,6.75451342162181,6.47503947366722,11.4718936340781,6.14267687313594,9.89410381634089,8.22994355398802,10.8353398817123,9.9272327751257,8.69039963445855,8.97558146744778,8.96104446737123,9.24989089968753,10.0005916090701,7.26209484537018,7.16960436691696,7.33679216953464,7.17284750429357,9.22993154084954,10.3314320343568,7.80039519185774,11.3594366130748,9.734475925342,6.92059105164972,5.83704001371034,10.3720379390212,9.45675071674748,3.14974549393189,5.73648040638194,8.10234843933939,6.17916864823678,10.4348888065304,10.0926382325823,10.0961353249095,10.0838781740489,10.5233267148617,9.94984713299128,9.58182197466784,8.48251354027789,10.9450414058779,7.83645437936635,8.9371501520173,8.38749179026414,3.14482299633491,8.26972514484173,8.04902080393777,8.60382660237792,5.91615892991913,11.9277372283311,11.2086672238594,8.6563310325309,9.72850099620394,9.38071437984539,7.93680100201239,11.1558924445187,5.90006014065372,8.81969161064231,10.2163109652294,6.61422054407881,9.68482114504014,4.67774714248385,7.64952595251432,7.47811093376278,8.06174809399393,8.41975765424188,8.69810053559415,6.37465256606461,6.28832548433191,11.2395347127047,6.98833898560702,7.67090119882852,6.60513348284379,11.6419469585329,6.41967482400176,10.9349116372125,9.31421361353456,8.60604240955982,10.995629728192,7.21644487501796,7.48936649824707,10.6543486215812,10.1844029888473,7.11514479465937,9.57856448582609,8.87968686720535,10.3341329751062,7.90055601913179,7.39415887939832,8.02756835230311,4.07294126005748,10.3643887585365,10.7552356537019,7.12629709708417,5.57230636383601,9.77558849533087,7.58354149650093,6.20416690584847,4.93146202264803,11.5420925470071,8.17327111824192,4.90657586631121,8.9024045202929,7.32590265807617,10.3188501903019,6.54142079213915,8.33890346166208,9.9322370395755,6.91130548922832,6.46356119928454,8.77539218712158,7.05194841425217,10.1570385430828,8.4669484154283,4.97772342529904,11.0207224086478,8.72964709476801,10.2158979169915,6.26571109330384,7.60429717045819,10.0271348722458,9.87337766566684,8.37948545104122,9.46105226212774,11.0218582913022,6.35317405769092,8.42347508838348,5.89479377561979,4.71543779419729,7.10234029928275,11.8554928975559,9.42945407192415,9.54903153681227,7.97511122608276,7.41099059509501,10.6102557221795,8.48254098641112,8.13289565298177,8.82867540981784,8.91985580834652,9.32133869563929,7.8521261132315,7.58034037265677,8.40695315886526,11.7136108278182,9.44793798057265,10.06668424103,8.39497475996455,8.58972700416057,10.2100119796006,6.02211589496958,9.07247713227109,11.1480445279976,9.03963979735362,8.18194513123899,7.74194549575687,8.20930957700354,9.30967008291705,7.53697030767144,8.12577057087704,6.29576035261511,12.8041614380802,5.08573553952441,5.54618106278533,5.50766431459598,8.58631935619744,8.86244210327071,10.1024129136132,6.71675976915127,7.1074001401977,8.83693637457695,9.32815399156555,7.6738957985537,7.87804489016321,4.77295476133259,9.8152411261746,8.89713815525897,8.6238034837919,7.26115734677665,8.10439532456284,14.6881777134548,8.72056003353299,6.90232169005279,8.44608947941154,8.94753004028954,6.84325579202515,10.6420604365021,11.2118604807617,9.67191338760404,5.33501015113057,12.8104604237091,7.9376270984883,6.99484449535482,7.72831490390434,12.253877923064,12.3565204101959,7.75299453612218,4.17826856073613,8.1567491887237,8.94185062701765,9.41437781123877,9.32433329536446,9.65353274101502,10.0112325150845,8.87328461951704
"IL6",0.35139200625015,4.60762622084549,4.23522156857009,1.33496293206104,1.56774986363256,9.53878451505424,4.46616376500809,5.20502099933904,2.52432700880004,0.565998735070094,4.6695484005332,3.56963690955979,5.5335290869151,4.88182121272557,1.3015583827153,2.49723168403692,5.08051696813879,6.43658163128031,2.49132208684289,2.66546781470226,4.48580033378251,4.33653333812398,2.359816313617,0.736878452754039,1.40681418952079,0.448174664703065,4.90819804649072,0.966130674549574,3.0668211186617,5.0834984744938,6.12485333260016,1.0788557276676,4.12877180013815,0.623117701747125,0.811954314066369,2.97943457031782,2.37639596963412,0.966270240996805,0.365144914553216,2.62508107937537,5.0875477031686,4.19110462970862,2.76548382681589,3.57150692839173,2.49069334468973,1.66447828926905,4.69749027810316,7.62549698874473,4.86042156159288,5.63483137478888,3.95474536078335,0.582601282214639,4.18403426933817,2.45382834084133,6.72205404141223,5.99386172438718,4.71248073116994,4.60580107504566,0.970116928739279,3.71523327436147,5.31278939681632,1.56806959491295,3.72428031233668,1.89178392246323,2.57596616933807,2.14378162606424,1.68549260863279,-1.50076107825953,3.102673411457,3.6233492949258,2.03672501002432,0.49778615445048,6.31173317324514,0.818767522612422,2.85510498686469,1.50426912919197,4.53408445109638,1.75325115346791,5.21638189839305,3.92680202701078,2.99335503592328,4.88154725333158,1.90167912024861,3.20850490777111,3.21472474637907,4.26710259084894,4.47292270478484,5.23984765314124,6.80008474394837,3.8437766055925,2.89902081703599,0.873426710379282,3.34958215619696,0.504571432931883,4.65150746481622,6.22399575288144,2.67048886818317,3.30887048530854,3.90098027278989,-0.0384393255381998,0.761752335372852,0.523042468797926,6.94870119068688,4.36709120847073,-0.0492769231126635,1.85512457066787,2.29560223208564,4.61560203285213,1.96265238660233,4.1519413366229,3.12642188614191,-0.282238150974178,3.49904676274565,5.67288035622524,1.36969443931081,4.58337196006546,2.79384900057424,0.654130279459482,4.4690588656496,3.87336795896973,4.09633974906696,2.53619689823873,2.41736028483527,3.77809134029336,6.84729897338147,0.295358679755281,5.52784502868524,2.16413746150845,0.539440225127984,2.99118751640839,1.25509862495822,0.362928744632589,0.651114600134414,6.96472198710131,1.34990404374005,3.98636169368088,1.92721815453278,1.33642772675615,7.18571473764146,3.32687032128004,2.93228752959065,5.43907096855355,3.56501474798151,5.24154397276159,2.03823284968685,4.1676794131006,1.75730347256097,7.96762384264428,3.76150510400548,1.78877962551637,2.37372717460069,2.48502458969148,4.26125971215662,1.91572087710596,3.62627073427196,6.53630704298381,5.62283892742489,3.19418043097704,4.91528516578078,2.09411715717952,4.27275698958344,4.64142378707303,2.56644793146832,1.50181888974036,3.15855771894967,3.05630734183408,1.22946535069514,1.02534155637959,4.97531603234541,5.43303960990341,-0.0588894009613186,1.14870168877066,1.16010472621857,3.92256122795991,5.66091187890388,5.06258225281457,6.03617547491704,-0.793301556594321,4.38980304338765,1.6586342146439,6.49107185310779,1.65420493563521,3.00051727432032,9.02754088542683,5.126948158409,2.08007540032217,5.61850388839511,1.76276939133766,0.793511208264976,1.70707356380281,2.34733998050634,4.00615208925164,1.38665763551432,7.75162581098628,2.28881695360424,2.80892739719958,4.92998660249048,6.04757851236496,4.83178854446795,2.29484831225437,3.34081783815848,1.84975289187009,2.09854643618822,4.20038068578181,4.60335083559404,1.88490440400292,5.43888248859573,3.38972838721193
"CAV1",6.44389171470218,9.42267031861935,10.7484947774206,9.50798487315604,8.60376356138221,8.58385375437195,7.36762442370692,9.31411416468906,5.9692495127741,8.09380311190696,9.6800781661513,8.67022426102623,9.43435509043816,10.0092967791809,8.5939176804117,10.8116636852728,9.16654724792708,8.43447811282867,9.55853551202004,6.31288114057247,6.93807403049597,8.21554270666029,8.99334319670492,9.87714606997547,8.18594085804579,9.18245394714956,8.83609770750987,8.95512096768163,9.49890902678594,10.7008211495755,9.79693837611882,9.42204794164275,7.87617925501552,8.13863530840258,7.50700173276412,8.63710302298732,11.3536761577516,10.3935835189549,9.62609959614049,8.29058106578842,9.20714613400712,8.28316708543644,9.50918514010479,8.52797345795011,7.4440789639593,8.99733757584117,9.81835688857272,8.29813590380788,8.87531624756457,8.01840606466748,10.0334230015375,11.1863680820011,10.6164477596935,9.96054646115477,11.0003553757769,9.05622024578786,10.0473560170121,7.40164240264047,9.3121616000952,9.04948062117219,8.48737949011636,10.0051922678921,7.91459358832836,9.57130838562218,7.49123009570245,8.87022304450414,8.57450146685553,8.6998420465982,7.96941468123876,7.93090841133093,10.4170490843449,7.61205019551998,9.89168712649887,8.98487885351466,9.37454422306221,7.16230353824003,10.4278160456211,9.92522086848904,10.3327215861049,8.31831354091591,7.71519932835739,9.59234916491013,7.13896142371746,7.8235264654727,8.79058040727749,9.95669984687687,8.31494372860807,10.5574305336567,9.03904242207231,10.2732978227253,7.83380028348439,9.54402112498312,9.16446519235908,11.3434187068234,10.2638459101545,10.5747727384604,9.42788588617893,6.81134991496055,10.6433196522344,7.45309368324304,7.95577105091923,6.16681166817887,10.1135194050074,9.1233699203123,7.98864726855665,7.88410089646965,9.86029033865513,9.1386573615137,8.26423216290235,8.68932165695423,8.92972899842788,6.07516921151456,7.5900231297029,10.4846919021339,9.73231966150146,7.94483970855479,7.85903278052112,7.22748063970623,9.21230008902153,8.96605721891723,9.88831731419103,9.15419137434738,9.14473946177662,8.86636008893175,8.49535197289343,10.5532388159079,9.06994606665149,10.3997068795411,6.56042218384292,9.01011135055138,9.64108815755761,8.14974073498003,8.79074478836568,8.51926942122466,8.62899379758955,10.6987160789535,8.31477934751989,9.02202897944494,10.4757331328277,9.64371825496861,6.78143255691049,9.85272880859852,9.26481984669731,10.547156715645,8.06615295163688,8.99654991077594,10.884548899149,9.15513656560446,10.6227720162111,8.72606083016405,7.83453999838124,9.7088953564348,10.1058756844067,7.91747025737163,9.18106768226598,11.8249731046675,9.92415239141582,7.55205109833168,9.78196275013397,9.3529281099656,10.8947405266166,7.81473207725469,8.61140502115353,8.53266647991191,11.3662676780814,7.76549994134265,8.96285178769758,9.82149640184297,7.71906228392979,8.32677916695755,6.93225220532217,9.72714165722357,8.68266422288265,8.73781407796942,9.83300307801607,8.90951012458087,9.16742405194645,7.5887902715415,9.89908427546729,8.46337985124104,9.2930112033214,6.57373705198608,8.7369099819844,10.9641915363757,8.96761883925501,7.40805326507977,7.80708835665399,9.42887217270805,8.97600227475255,7.61862543904746,8.28921808830679,7.68536416085143,10.1612721111257,9.97174071644599,8.40814780561017,8.1742335171199,8.28338255967615,9.60196545856908,10.6424155562494,9.77029169287268,7.23956264968798,10.2700923915056,7.50059981772911,9.11161667250692,10.6655110991397,9.37331136490081,8.17217875351757,8.50028340553905
"PI3",0.115018589459588,4.37999517145709,0.250340717389094,0.262027774939424,0.636626940453407,1.94008779953858,3.56270645465873,0.208539733460649,2.15251119328937,0,0.243097494801336,0.505025052916396,1.67240271128355,0.234009506430691,0,0.366369778680045,0.55876624518415,1.01208233001166,0.20848230009063,1.41939326634714,0.317327225399834,0,0.311705380851378,0.786054308544269,4.1163897108413,0.16855731966173,0.413504181944234,0.135868417491236,0,0.336943733930317,0.0980731939181284,1.5973118631423,1.98562064988255,0.395017817450039,1.17428496367989,0.313060060181775,0.839081613743878,0.264751393058291,0,0.542260031149305,0.62112679206057,0.369450849134988,0,0.379989074007737,2.03314104274175,0.0891333632150403,0.92055322871429,4.86210419020702,0.605702924036293,0.314007347319361,0,0,0.191005425316221,0.271527270758016,0.906280284641846,0.866847218377361,0.145800364482878,-0.630912602389207,-0.156949440203191,-0.413682389292632,0.41350629579256,0.970341599889537,0.565072789888647,0.315585492550984,-0.814736180726381,-0.182030542420884,-0.569115553313946,0.169035218898436,1.35439597759796,1.5296153444799,-0.218467810364922,-0.360001863573931,2.17601108441255,0.548003706434939,2.53505402963167,0.499583245209115,1.92760366786482,0.55869800974165,3.24996994742849,0.765512598445043,2.80154074069466,2.79203082277045,0.00757562337203688,-0.051260462246968,-0.291621025166526,1.83083241514155,1.35937736317731,1.06446540293427,1.99936348809877,1.92903189729666,0.954073718312227,-0.755133728095169,1.42908192642398,-1.0146883011841,3.53164465927886,1.87430632565222,-0.793138564927813,1.49035645253637,1.07951406426488,-0.474155713528625,-0.703821973141473,-0.266609592677216,1.80101377139385,0.569218138727404,-1.0146883011841,0.0104320822357185,-0.105428676064347,1.07930505507974,0.0523732587219718,0.383060624489416,-0.0909373725607908,-1.0146883011841,0.0102579079147623,2.70187819424352,1.84093452575701,0.116957096932531,-0.0262838646218487,-0.150226311414282,0.70671134769023,1.44946032197586,1.34871789473479,-0.0470106088156368,0.890743935212552,2.66634663276845,2.03562658172186,1.56215110763452,2.01064998409674,1.66825810396104,-0.159805899066873,0.811529454041672,0.964977030804085,-0.560441672130327,1.49972703100382,2.64938205390732,-0.336453495380652,3.50806145622139,1.01489539119013,1.00458427138953,1.93147033779005,-0.0450598564209272,1.85476396684094,2.44772302510423,3.23662819444325,1.33983500436602,-0.52905545949402,1.86187027913595,0.432003608678108,3.26648167305514,1.16269971995357,0.516234310292528,0.930142166612845,0.565386303666368,1.77763957752153,-0.228430581523616,0.96623108591497,0.633000775061565,2.03639294873406,0.489411464865273,-0.186384900444789,0.499896758986836,1.56873489696666,1.43476000928715,1.41128131082226,-0.357110569846058,0.586809745143981,-0.514320311941125,0.0246795416899357,-0.710301257881043,2.15772278071215,1.65850434198749,-0.820379428725362,-0.665503622531108,-0.523412211495039,0.751230304126635,1.2743106248223,0.706188824727361,2.1901540392742,-0.582039287928896,1.614333734193,-0.414135242527118,2.1098248424492,-0.42570041743861,-0.609872344417697,2.25463337289218,-1.0146883011841,0.216027450692419,2.8900561306046,-0.010120487637113,-0.307540558101923,0.303637134133388,1.86566727933279,0.340109236941617,0.0820177281487174,3.01577515547078,0.118454996092755,-0.247694261421372,1.92614060356879,1.85734174679109,2.59044146369574,-0.00364120289754255,-0.525258459297175,1.58423641153176,0.932859286019762,-0.568767204672034,2.84205368774907,0.614642801632781,1.09856873497749,0.196728935930472
"CDCP1",3.6134255685,1.31002595119646,4.48048487069137,0.549422745746663,0.412005376955143,2.69651024111516,5.04945216217458,3.42142394950564,0.0528012106047287,2.23965160608535,1.85246633842113,3.35543073980304,5.77370628050685,0.0945076898984682,3.81809384721999,3.89140946514863,0.232136379987135,4.8471951865894,0.287436833109104,1.60791970073053,3.8358028342828,3.33803641100501,4.07864398900422,0.348100950071894,0.336588464180998,0.0849745086920466,5.58827988794233,0.299615103228862,0.0271059136727769,1.44620858045914,3.36265784066365,0.934416103879363,0.258289763726023,0.206134315447332,0.48144775055317,0.233019237314488,0.236316269705863,2.81549755401713,4.56449401854485,0.258173963279205,4.87970576628229,0.176654681989198,0.798810348374537,0.455692558140754,0.581587458597287,0.0684424375234933,0.730701683468786,1.90155623937944,3.29375597543651,0.103959496744773,0.497862692043091,0.192615863072016,5.98462352624574,0.188352812865007,4.87742161008714,2.14155981292415,3.2590044969635,1.56638358509607,2.15420672123179,-0.220443888654817,1.18065288171304,1.48043622863802,0.938038722341981,1.26956839012083,2.64575849412773,2.2476389826066,-0.997970649405147,0.133411443789565,1.03895588863356,1.51431187589063,1.48030717855325,-4.93825688774371,2.92334522647195,2.32481093330016,0.746270296371028,0.755045702135514,2.71905894227813,1.50276189330355,2.52883911732444,2.30687297151688,3.50174770641933,3.29604187129302,2.00605722391372,0.927456615390691,2.30855062261891,2.02877003883356,2.28596685778384,5.18765801387864,3.86463654479775,4.66952192351971,2.14285031377187,0.762788707221824,3.74023226307769,-0.572105369658079,4.29708337886818,4.20958742139287,1.21420590375372,1.19291263976636,2.94592899130702,1.31847837224936,0.904743800470846,0.162189612693685,5.29063998152657,1.14516410840078,-1.36602149117443,0.267365431782734,1.07960666533669,1.83300106023469,4.44807197805123,2.39501417941604,2.00024997009899,0.28891679593963,-0.755743640288406,2.0904559793545,0.916358308100312,1.86139207888449,1.58354724637072,-0.494675318794976,2.40920968874095,4.48588365288938,3.64886480305923,2.11407214486775,1.70937107902326,2.0221884845102,3.89238231302369,0.321695517471678,2.19614799878264,3.76759088104932,0.631415720924092,0.778016617224901,2.60175241522053,2.2549948374386,-0.298002989602693,4.40535639999175,-1.43132083406898,4.10441160230382,2.11316879427435,3.15292532728105,1.6271661750236,2.8030705474646,-0.326781158506813,2.29435511329401,1.43023574566178,3.34946860638856,1.22982096401111,1.88371774355002,-0.531712693124493,3.34224180164134,2.47812243400911,0.819699794606204,0.32105026704782,2.64291939226275,2.50651345265891,1.43410724820493,1.60922821324032,5.64101096168211,2.08929452859156,2.35500865313677,3.44161036691566,1.51153729906803,2.57865245004637,0.174578420831782,0.587409642016894,0.209421943720179,4.75805028167319,1.60406620984944,-0.126108276686604,1.14632555916373,2.19937425090194,2.45179621671565,-3.07116026126474,-0.688250445952735,4.51027411891125,1.02256652786754,3.37579482368202,2.30777632211028,3.90902977395926,-2.43326569223754,0.143735450571312,0.423903184610975,3.46780753412434,1.33925543589763,0.883837686737809,4.86051604898203,2.87572574519114,2.74874046177565,2.69750757812123,6.29374629045807,0.239361563387244,-2.08186231140382,2.25667248854063,0.520303597935538,-0.607594142970335,4.11125125679673,-0.355559327410933,3.39153893402418,4.37593298066377,5.74502533000821,4.75701788099501,1.73905259852079,2.13510730868556,0.726138483146622,0.49513883140503,-0.141465236774452,4.22339578046346,2.59517086089717,4.09266804458959,1.30479906326355
"ITGB1",9.42265139895223,9.41704657416276,9.47899404371447,8.71001772849807,9.74928619933326,9.49015492686372,9.43332045330171,9.66538388777447,9.94258487899067,9.18792854110871,9.13208839044768,9.50340041809187,9.40551379212568,9.52873148788417,9.20755858466559,7.14928985495654,8.44180298441991,9.51524054667907,8.38330252803778,8.57553168353795,10.662481462757,10.1734647759502,9.68265229790655,8.42726255323522,7.60414547344098,9.3952856320646,9.34341226408605,10.0682274233307,7.76063346632365,9.51030923689771,9.10073854492726,1.36090922295332,9.39956846396775,7.48833022573106,9.64733789702159,10.3924247621665,9.04958448487228,9.8064126762587,9.11938471107397,9.55593116124297,8.67882193971212,9.77053175681052,9.2810467577337,9.08043648857539,8.4196905687665,9.671995651892,9.77176510686541,8.60992852302476,9.09292888010712,8.5401512920421,10.2789604674013,9.76707706169294,8.90231782765216,9.17594369621402,9.13575574530268,10.3600618989638,9.554492964819,6.61161571737027,12.3666838221905,7.93199889987437,8.23392952522514,9.21362680807972,8.35542280372449,8.97803079176124,7.14049001873096,7.78815374224457,8.46015217287601,7.84511498260925,9.00344704141763,8.87276065134044,8.85455468527451,8.02537207237091,10.2982337171756,8.73324166386491,9.2372404868385,9.15612479644575,10.6097179682837,8.31180058800217,10.2082854293845,9.52060463194381,10.1298735953382,9.86381413085,8.2387964666487,8.77650336540771,10.157993701341,9.03048560488188,8.74640043141752,10.38565840571,8.33523400967119,11.0136741064396,9.86273258831143,7.68432565854186,8.37651288322661,7.85629092217448,10.2697530969932,9.56638993274327,8.3370365805688,7.79536402583504,9.33944625673335,8.92846009207678,8.14578380833169,7.69712391191494,10.3472636455907,9.92005434285563,9.450124109847,8.81327581171909,7.49559648556141,9.84668970732264,9.54890499503639,9.48311115727339,8.68222890746237,7.37662680631872,8.99191058767289,9.76701607364799,7.71244576454468,8.90827129802348,7.69838571154327,8.0879212825182,9.82577988491029,8.86591088192949,9.29167812794651,9.66372876121457,10.1374443931082,10.4981388297213,9.06239110976969,9.37477664632663,9.41767783368991,10.9915024843989,8.82318995165598,8.99209084476265,8.16939748709047,7.03449884995111,7.73245430150822,9.95286113319225,9.95376241864106,9.67887035675454,8.58038365174703,7.58914991514771,10.0714702982554,9.24949796894229,8.26024706033034,9.53015825770118,9.26986702008535,10.3764652941321,8.51404904271475,9.11682875087771,7.9130719054494,8.54766698995529,9.04616797169114,9.89734194954567,9.35675093735047,8.72837472244135,10.2218047111166,8.62454663873864,10.0875131792442,12.0964784446378,10.5030057711448,9.5079866356605,10.2686715544547,8.76136176986773,8.99425392983979,7.6277249323567,8.52576575354925,7.6315103312417,11.3896903956824,6.79655949146573,7.51091833819115,7.84295189753211,9.34269088434906,8.62761100926459,10.9799660306541,8.28187791110174,10.5940356014745,8.41328532953798,10.6619925243146,8.62076123985364,8.11225598963602,7.29298751666931,9.96493835820628,9.33457931530979,10.2677702690059,6.74428493543485,7.26630946738459,12.8328286563142,9.48239012891434,7.98481422717454,8.75613431426465,10.8811851454648,8.31937138577216,8.05295140710444,9.94853496303798,8.61787712641746,7.99238502494453,10.2674097548263,7.99923479435547,9.7462865083254,8.80354192887196,9.7509731926592,11.2285405574355,6.46218258995786,7.60699536703411,8.5852505931706,9.14188448635458,8.82841740725907,9.25833056634061,10.8229621054717,9.37063073326212,10.4574007274351
"LOX",3.37190729759515,7.21530972268128,6.40990342616233,6.70639240967011,8.84688502694667,3.62082097594152,6.61458617924028,9.14092177319186,1.61017560811217,4.59058405599226,8.82133712197715,5.16110164277132,7.55256920039113,2.48194986765749,8.21266174152058,4.19746441231862,5.56689428701162,5.44817413597714,6.01633362421452,3.58616424593091,8.81933927386318,7.46097185676835,8.33339689763034,8.76161771455508,7.28896755513983,3.46794458433195,9.49338714766826,7.6428531681309,1.14584046237516,10.4145161187844,5.01899462484446,8.15785216914174,5.66372033157892,2.02571630347152,8.28022791778772,5.90506202354978,8.30131327434824,4.11428372606685,6.84994923449892,6.06389980142422,7.11583437894915,6.45545545416455,9.1195092166197,8.78979770735253,5.8679656326447,0.764444675571166,6.04757982987985,4.91934961773794,6.23591465925663,1.39254274040842,8.08467553684051,5.85564342887391,7.09571348425126,8.2370856469616,9.24975755774993,6.76963217905914,6.90816455737733,1.48838211077457,7.22758064109956,1.84276112807234,4.06732725266566,7.9512473983141,5.83869459676091,7.31993555997835,1.84487209764672,3.03862539195431,3.19127487930112,7.95982321220999,5.63379861244839,5.55965080614856,5.75953323772195,4.02563560357181,7.42825468626333,3.49683772519152,6.14412550705292,2.76156063531793,8.91991856175424,4.94535866000619,9.01860638935615,5.5490959582767,4.87345375887913,7.38761852195667,5.12980462656698,6.07182479913066,6.43491156592272,8.54297855713036,5.62100085940376,7.3394620285413,7.81627728115266,7.94636578117336,6.08264351819932,5.73380579603428,5.72905611449194,1.80687464530801,10.5224083398997,9.6422659629848,5.00776419804857,5.47402460278808,7.72774849462742,1.94395573204382,5.0361303517042,4.65048259758604,9.56152137676505,5.02043001549481,4.81315919041112,4.19583252550559,6.11404419061811,6.76831282307516,7.50873540128628,7.73117882018577,5.28720379545612,0.792949571617265,4.3860836583959,9.3892134852569,6.13357065918106,5.22558987100413,6.22368267288708,4.41867175120027,5.95545760134339,4.46484921063967,7.31307490886164,3.31160014504034,6.82267028961525,7.7830295103563,7.03732950820924,8.99683701562043,8.59588473208807,8.66000543290964,3.37743600864108,8.46856687963374,7.63341454177265,3.03347990361678,5.31556994911175,8.50537691158685,5.40805680358894,11.7722342635266,9.06900578794429,5.01937453070762,6.61381623735078,5.83579201359615,8.06035813818947,7.1860209276041,7.42561597429537,9.99836014306174,3.72099630687019,6.69917856951446,4.17300766698268,9.41335769976379,8.00890325481415,7.30515877295774,3.7277250223885,5.77365034675056,7.85638570306574,5.06146198659667,7.17243156096908,8.83033429044181,10.3167207419968,3.90267162586462,7.76930820812288,9.12006486452442,8.6015579628192,6.16629068758383,5.07188489887013,2.75562353339001,10.2031241917759,2.79665550449187,6.5353145563038,3.27597753347281,4.93097767978078,5.84040975954009,6.18871973931154,2.92423722814301,1.5323166650412,9.04974319057814,7.6220680803104,6.46433320436554,6.21391943860561,3.47691544983338,8.65736672094167,4.50139537139599,8.86265851204939,7.10105440223561,3.97048652344133,10.976662605185,4.08632597883502,3.7129482353679,7.33524008939255,6.85473064002603,2.18592561950626,6.83533610706149,9.53064844673986,4.35178040281235,1.9608434886388,7.44237179529195,5.36596934769989,4.69666005702544,5.68274671945415,8.63375024882838,8.65235316820253,6.83137803910954,4.11917794283619,7.41730403159628,5.85927655011104,5.36451805611751,9.11109324383334,5.60450890960397,6.97347267858448,6.25112527735392
"CD72",0.765774892666984,0.976650313098667,0.177267237168349,0.16527781750724,0.286163169251785,0.287524304490308,0.279857547446875,0.333097372935653,0.092666158425312,0.644403617523323,0.224870079251932,0.82127754570807,0.13014936307127,0.0936413001255591,0.470555606340803,0.236504864016681,0.487756957916182,0.479741726988048,0.580666497571873,0.791078890645894,0.431704251082386,0.515297656609924,0.53744318714552,0.42818635203034,0.285867357534028,0.455464265713844,1.32055977130069,3.44495854447557,0.125291374827419,0.526554637562493,0.650052224907405,0.227700418616928,1.045205297932,1.13987546193917,0.451936398995968,0.675647042431079,0.986780800306461,0.785196477835273,0.134983164906772,1.38454167641847,0.0477840517623601,0.824644857384657,0.445759539647566,0.379016478173583,0.289329285961017,0.191256898338901,1.63088535803408,0.893438324026046,0.171404127457699,0.684031435024813,0.84624376881772,0.812799670894658,0.177619338662287,0.111716429830652,1.1197559618872,1.00857269744535,1.07073719542429,1.1477600730393,1.2806523095974,0.851333084910391,0.746074657208155,0.403822759921285,0.387992336757625,0.210386097930235,0.0537482266266421,0.873088344813669,-0.0267462350154819,0.461173328049285,0.375726073195138,0.0462496051280659,0.732604911182934,0.294491006960563,1.30953588870302,0.132668903509805,0.434557850508043,-0.325533900282826,1.53305961226244,0.113922349763365,0.98376244359821,0.388270063479794,1.69886246539762,1.97515426616924,1.47904176480047,0.527920316944019,1.29412205562262,-0.0230894998402505,1.17173714671993,0.867580098157307,0.117671660512653,0.625726410934709,0.403128443115862,-0.0569258721579,0.975199202997985,0.607859325141804,1.44469622682551,1.3786435547362,1.16974677187771,-0.389966499826148,0.424698551871026,1.28014314394009,0.349897488033376,0.059858214514371,1.27528292630212,1.05111117372431,-0.546974673425967,0.36221003938289,0.354618842310258,1.04773216527125,0.574809845203635,0.199184453469399,0.190898939591343,-0.174913441292905,0.14498145485932,0.0597656389403142,0.780327619609058,0.626420727740132,0.307266436180359,0.610821743511613,0.482558285656336,0.17113405453028,0.109200995486484,-0.496798712287346,0.512784210585782,1.29398319226153,0.990289021569194,0.252091394042686,1.15275915403835,0.879522347210595,-0.211341929684137,0.736539373080335,0.360312240114732,0.0295397140108681,0.463071127317443,0.769959155314731,-0.202500962361742,0.219458504187771,0.795185999245126,0.320551031057466,0.684234173738415,0.639473883682098,-0.0118415675923861,0.110219326801105,0.58314164686872,1.47793085791179,0.858415116325714,0.837122734292719,0.366283364641376,0.975916663696923,1.22325545368237,-0.47819102190199,-0.0831247596158887,0.44413942242289,0.653730522086799,0.472513835871206,0.694602638032742,1.0527312462703,0.379290232796314,-0.189679245354917,1.04176104074461,1.29222425635446,0.410210474531184,0.489270014775432,0.245888830580901,0.738761186857691,1.81833124371753,1.30953588870302,0.81596921562081,0.0657830512539864,0.594852456986867,0.174142760687116,0.0315300888530827,0.217144114836359,0.994316059040651,0.0297711529460093,1.27782875458867,0.910442588945465,0.775235963035951,0.447425855301896,1.21557168103568,-0.319470200182125,0.489270014775432,0.73061453634072,0.318792095150393,1.71913651611599,0.504313545559613,-0.636078663455345,1.22876370033873,0.184788951703613,0.0120892183012185,0.911599783621171,0.605035770133082,-0.0466499834376288,-0.431255205855346,1.96585042097656,0.279632627324495,0.621051344444855,0.293935553516224,1.22057076203473,1.10147228601105,0.704832238965985,0.55592442809611,0.792362444236403,-0.205417092944521,0.426411199991071,0.793288199976968,0.67326396821272,0.649009167809918,0.536298406396133
"COL1A2",6.80678803764624,7.91877381125676,6.63248634845977,0.801599055876408,11.6526926306999,2.74251720963342,1.16046201459467,10.9278223975902,1.26282399746435,11.7414585594195,12.4969785725995,10.8448155901966,6.60473408740953,1.04858495757305,10.1419027674352,4.55214955692152,12.4960922927443,10.0945132003171,11.2310891476692,4.82865696672371,10.7262011262323,11.7224916402778,10.2355595397409,4.76182777789028,7.03611865169552,11.5198917484135,12.234404318209,9.75007383660279,0.128285481344672,13.9402677091693,11.7808268016022,1.19909122409657,9.45318625137648,1.45883343196945,10.4776874451735,2.14434989116771,12.2243303444481,5.5397667867007,7.67007551387871,12.1430866082616,10.2714980443493,11.7201715658347,11.3488443174832,10.5144181874989,10.2360500793901,1.77503789545223,12.7763877932935,9.41351580907053,10.2593195716165,1.16488923218898,13.0863419304455,11.577782849151,4.98069255236269,11.8162676961681,12.6572499523767,7.21378015490309,10.325326862962,6.54321541674979,21.6053416121109,3.73926528088616,6.67122275138,7.52263995737433,4.37909141565787,7.17083032552059,1.46313486199281,6.97081886516089,7.06956136506478,4.91449051428388,6.94344887584851,8.65891559059674,10.8217763614127,6.86218106142868,10.8803060308653,6.80449354549335,6.12761265596027,8.53932979113957,12.9111592378439,7.49548050644128,12.6898834011723,10.5181800184246,10.1975300667111,10.8297768198271,10.2244789792649,6.76238586962816,14.9390649075119,8.57996369834949,5.79601470852183,9.55180885731829,9.02335752521004,10.7253497836814,5.64947999651093,4.8239590111737,10.2449012020595,2.35750189736964,9.83961482185693,9.5210702539367,7.88055520222853,6.64406330044694,8.89008673109668,4.55762796132631,5.88823051866662,0.265592560386535,15.7037403012239,8.88166519592364,3.05269962590409,5.87959844511425,4.13149828157049,11.9831060617749,5.28735398407022,8.12141110817747,6.42552446270656,4.81764285979392,5.7844350976589,7.45968898195586,4.69321467761225,5.7002197459285,6.63100992092873,3.63273286094721,15.2451877110519,9.36358754620085,7.87318635895212,4.94986096201064,8.0123522276866,11.3910721391102,7.2956795844609,5.49031298174048,6.95797602402201,13.5425638374426,8.07193458903586,6.04466053450583,3.14870512687674,8.66165258952797,6.69627681851979,10.2945882595804,13.2627583313183,8.32858087343425,8.13656987148894,5.36946395200736,12.4905035559506,9.97583315328085,5.77917163817575,6.66174852431033,4.42604147424757,5.8160158545578,5.81706854645443,8.3711096260581,3.81884878827139,8.16236082295637,11.7925688284849,8.2083634588391,6.85481221815227,7.92118910943844,11.0727381095693,7.8851870465737,7.88287112440111,18.5165330490192,10.6013426782584,6.83944291646147,7.06598221261624,10.7478773902693,8.16078178511143,6.44763099253579,8.66481066521786,6.66848575244876,20.6134953071062,0.837835875394597,10.6586091174351,4.31256128779085,7.92645256892159,7.85718544212334,16.027337790248,7.40600169522773,12.2789124847279,6.74827979821331,10.3973309886915,8.32121203015784,6.85712814032485,8.17404570300897,6.3335191909411,6.70911965965868,7.77254901363429,1.89347530933515,8.28415727539646,18.5361131182966,7.4681105171289,6.26383098738419,9.08357150169727,12.3416529217671,5.85559706987109,17.0305531677364,10.2876404930627,9.99057083983367,2.82973948219785,9.32905925199139,4.64647515740188,8.51006495641326,5.84507015090479,13.8867940876406,10.5809204554638,5.93791757618755,1.16753897741911,8.19173092687235,6.83165299642641,6.81691530987359,10.2604810421296,8.20288946097663,12.0711111043332,8.03656414130909
"ANPEP",0.31921443180936,0.31789908629283,0.235001547962287,8.02655110658897,0.0718395377777236,3.32175928969228,6.71066869967463,6.64670414232416,0.234500094301561,6.40902767071443,0.414467882976037,4.05215501683373,6.73825442699758,0.123149673467184,2.65378233059105,2.46543906655825,0.260095530104284,0.234672986766484,0.531670407294734,5.1880724984333,0.387360334878589,0,0.679188659747275,0.105620422572645,0.366613731599935,0.332295471537231,4.14463377288515,3.59570654014585,0.0439267853534601,4.2661718591516,0.626595196319071,0.231751879641244,0.300670819671928,1.38575681479097,2.60596361936245,0.350293558111742,4.4293548495916,4.14598715309114,7.34259030041776,0.365876151423888,5.12940254958207,5.70827553905911,0,0.842015775388422,0.108073429085735,0.253119152543816,8.75939222356277,1.04716143806031,8.05625836513877,6.54880495813707,7.44581772955691,2.78821587089713,5.81809640435341,7.78293925536463,8.59791426190443,-1.63277937406502,2.46317975604551,-0.72260840672915,12.1755921343431,1.30667811406369,1.59001532303627,4.56135536381561,-0.084767576617419,2.52068221707612,-1.43370319709769,0.714573564837687,0.845519763224207,-0.116080797970716,2.53377683691477,2.27112533174528,0.813826987672688,2.24854185695108,6.35038407713406,2.34437929200209,1.09014244397816,3.45647309279196,5.80989889886621,1.57179672152162,5.01093731160933,5.14605860617629,6.15472388795072,6.50068753962989,1.43952208344132,2.43262564308866,7.10076272701855,2.98905209768181,2.18306875775782,2.40055331333892,6.62594042504308,2.61462188113601,2.6632048185084,2.06559673340818,2.9696948335725,-1.46596530394654,6.52820521900097,6.81742551804598,-2.25031405457189,1.78548573512049,3.16004126398073,0.869811231910404,2.79282257720114,-2.00037761504283,6.38587239466779,3.07255402129061,-2.12582027755514,2.02915953037889,0.415674633738022,5.19483132064779,0.624619219859121,3.02966439689154,2.21533086460668,2.12252986314145,0.857855274666416,6.72386540818431,2.36316722481407,1.84887128622353,-0.39106781458241,-3.1768058524313,2.97405970685205,3.09551705028303,2.09634062346414,0.84779708841354,3.41737901037511,7.08406234229679,2.29826345691814,1.25600762860108,4.36569517463227,3.28187816160993,2.07223893187706,3.33292820127076,0.381894310096281,1.68964830006949,2.99569429615069,5.4927813662519,2.83950774358242,5.54060519522785,2.30642387217991,0.595393546596044,4.61392362026933,3.1490341922323,2.46374908734284,3.03991236024354,-0.482540376353863,0.284728435351502,1.1030472867177,1.74620187560453,0.866395244126406,6.42686424807575,5.21817390383843,2.4838654598486,1.48127304524572,3.52763950495855,4.07476688169527,2.1409382417552,3.88480000548526,13.0950621795354,3.04579545031597,4.73822762018697,1.25942361638508,5.08419127186614,6.85006717909305,2.50550004914724,3.47753835079327,1.58261401617094,6.20083972303467,0.929970572328558,1.16529417522607,-0.692433847970517,3.84969124214974,2.01075115176513,5.34779166253118,1.31275098123524,1.61734322530824,0.37733965971762,5.73512672181652,3.07350290678616,1.61411701462335,-0.540042837384465,1.03150132035289,2.54402480026676,4.35525743418118,-0.930224553156474,2.4508442446033,7.69002061975789,2.32767890728033,2.34760550268697,3.69843889415835,3.40940837221246,1.00322453258536,5.18534246569225,3.03004395108977,4.58109218212314,0.272203146810183,7.64409456177306,1.51068849560791,2.60873879106357,1.60994191844291,5.6389097325673,3.96963036878783,1.13170362868344,-2.28675125760118,2.46052287665796,1.08160247451817,1.99405076704337,3.82388155667066,3.45818108668396,6.1213231185072,3.75651068648629
"MMP7",0.0985947296031836,1.45432857910653,1.78786286841175,0.238004168646509,0.0345791610781641,0.526907134546113,0.207770435959549,1.49378053120364,0.0463415793257304,0.917584514480793,0.342938123736314,1.41420049339995,4.6698204830827,1.83323824377947,1.00655655466854,0.0936696924350267,1.19103828357752,0.277475400921176,0.784939447780711,0.55010376180455,0.425125179585767,0.890717500909209,0.958470031411392,1.01036451191737,1.6169034275067,0.3299398876427,1.36674464345178,1.37323058358799,0.583367922698483,0.551833929206605,0.347850445481064,0,3.94809618972935,1.37390429655262,0.342476237065344,0.199103791345488,3.06896482224419,3.51303588385945,0.0576693025872597,1.44608150761681,1.82365562283954,2.01741598548268,2.94959095892102,0.182929973067373,0.202855243987321,0.327493075825733,2.37579569199012,0.67526584116103,1.4208057494599,0.737325934382801,1.10011648182583,0.112250408808367,0.595478835622671,1.43304489778254,1.39159053234036,0.965570372241556,1.67292676518773,0.370771419924775,0.787000650767337,2.91285616552917,1.95919670848062,0.594700680843934,1.11021605367559,0.510636374182907,-0.31126624189783,0.734756864189101,-0.419769625882058,-0.401947074970303,3.50643125168892,1.7264326637404,1.90282237362241,-0.626067564976497,3.22035253748306,0.665187722325404,1.61766155903432,-0.0462609730833385,1.65242700705747,0.411617952915665,0.615276930609007,1.28721769663611,2.53972997090452,2.67638227650045,-0.218979084494256,1.07269690679912,3.06300924466984,2.0031793984989,1.57383185228567,1.08451486437795,2.94563283104714,1.04167954888188,1.56449987283832,0.541080044839038,1.03923181656782,1.21623345952835,2.68051282478042,1.80774327154811,0.536949496559061,2.69286622380295,1.27769448810172,0.459654699579109,0.468068779408693,-0.16386686161048,2.86768785517126,1.78819965885303,-0.908971876337559,0.92480033088548,1.14616712203836,0.95321697321903,1.88607070559806,0.59229119434728,-0.024996298604935,-0.414453457262457,-0.179203434390767,3.85297660321556,1.38176135726671,0.837140917388177,-0.293826149160147,-0.0588438470103074,1.03265353597379,1.61246012786694,1.89463776869727,-0.186508385515542,1.31085361179376,0.53067718250428,1.55069313275432,1.82916092929614,1.75075700361138,1.81122364093216,1.60416078548958,0.388402741749494,0.554351343479337,-0.689058426246156,-0.283767499182053,3.16707611383483,0.057117471368324,1.49095316596427,-0.0603736797065957,-0.324843507077387,1.46525197666663,1.23359706063122,-0.452928749574101,0.168336308388463,1.1054735723171,1.26706215086252,0.28682185071597,1.73190181562963,-0.552635595554672,2.586925309585,2.01052259544109,0.625603301308952,1.76165706157243,2.15126720349958,1.48999702052909,1.10968061223189,0.659527341349138,1.73626183881405,2.36972731252951,0.318948337338018,0.993413327313998,2.04173118244536,1.08872190429274,2.97959511690473,0.335700005362372,0.54570778874531,1.94179486156035,-0.254356465595916,0.347709192028233,0.472964244036815,2.45000528326723,0.790557511786207,-0.695636706840195,-0.0776607891746499,0.909043054113714,1.69040510374282,1.9850891268653,1.59739127580851,1.83386516483723,-0.43395882414013,1.70115217843424,-0.908971876337559,1.96317427349097,0.697428946399674,-0.371159191957507,3.37130877878928,1.93448991043557,0.241883015262509,1.41882155433429,0.82903280409785,1.63758762990348,0.538441083437942,1.7147294436138,0.907666204687055,-0.387451910172974,2.0350381643991,0.687867492047874,0.654402401816573,0.799545278876899,1.85616247638563,2.21674404290071,1.03632513444488,0.0745575641060077,1.93636395548852,0.25389220192837,-0.53982324672326,1.95808757977581,1.02986159130306,0.985955392919594,-0.908971876337559
"SPAG4",2.50160729054344,4.79164218750664,0.779263923410801,2.60339727578421,2.72420713697687,2.34118592535121,2.09990111000794,2.40380760924408,1.00835063038982,1.59786007834998,1.42633453919302,3.70352157195803,5.0583597931116,1.68283844122891,5.02357473282204,4.43610852365669,2.50457971672767,2.41008869231853,4.23276818752733,3.3041751526519,3.75402162534991,3.86334381070646,2.49054959371582,0.859400306650139,0.71213439641012,0.440345235106312,3.14512309297923,3.81914700263245,1.04963773724903,1.20674948443614,1.75823920756232,3.79294903081718,1.8145094080944,0.883951542603478,1.63697952336544,1.2099087174928,1.22339165677675,5.58929009990839,2.10460839770607,2.23471590012609,3.75572081858552,1.88531664751728,2.57906909302979,2.44517314036434,2.96456682899488,1.02794667889092,1.24304751594886,2.45413113735346,0.70350651127628,1.4965134808768,5.55115914486849,1.82457235828389,0.986215771378982,2.50422375563622,4.69463232320945,4.26991769492023,3.35610993980667,-0.438885800265223,2.96383473629743,1.69160886369181,1.93936601284698,1.47679149034152,4.51192080728923,2.26417721983433,0.0995752943476842,0.913729803671801,0.98828210637955,3.1372897582573,2.42003656408576,2.07683745693392,0.344830688378436,1.21135527164043,3.30657518834313,2.10623307964587,3.646396926077,0.444066974980474,3.65990640374887,1.5360830867903,3.00753205913732,2.50634711587829,2.58857146763427,3.37770842571417,1.20743585527884,1.52565910710521,1.47428973521709,3.04289019822914,2.51368559757659,4.9982620034767,1.74631390907915,3.24936838783137,2.94490478918931,3.03905417370503,2.70131723190818,2.46615225021259,3.09684471707916,3.69142851831658,1.93010951888662,2.8624302619209,3.70010126941457,1.83579335069595,1.61113574052293,1.78692573393226,3.47319207962958,2.21055626833423,-0.486502539466705,1.4660339433065,2.39518579651651,2.71966343615393,3.76297871487502,3.2699661716891,1.34845145245871,-0.987770874563219,2.77044906517968,4.26558131937123,4.68862811091084,3.0283800185075,2.11840828791805,-0.0436084906066849,1.77625157873472,2.15718549234658,3.38696491967453,-0.428211645067693,2.5992456228318,3.33784712739839,2.9640015199724,3.02112492864668,3.23310697952263,3.93826835725946,1.41508153060579,3.21376007322711,2.69598015430941,1.07584353573429,3.20542088947904,2.84491797604995,2.58590292883488,2.7089892809564,3.19141106078228,2.50593015669089,2.76452824471855,2.7275856607146,4.83648183876413,2.89553682140074,3.6222132932076,4.06986067680402,2.24357943597659,2.63802282726032,2.17778327620432,4.0081507170683,2.97000573227101,0.0744743512659922,-0.265263994630397,2.65111534574479,2.73475735873794,0.696827634384489,3.0806667006079,3.797669719267,2.97600994456962,2.01108299308039,3.10635138655196,3.1653928074883,2.80255492260975,2.27026482397042,3.29940349031979,1.22036159008835,2.32847232653195,1.96104789059197,1.8705677469254,-0.504348392687576,2.60633392901766,2.92789285434325,2.39685363326613,0.454574346503043,0.722512320328546,4.1183113343803,3.80192270297851,4.67753699652591,2.65503476210639,-1.34218618385621,4.56937778331343,1.90267360435547,3.35744420920636,1.71279039041191,2.06603821398017,4.50574981131566,2.73767607304976,-0.0584522376782504,2.86668324563241,3.76889953533615,2.05319587100814,1.93819852712225,2.43137785398314,1.55709782983543,-1.24078170947968,3.59853001136307,2.29294740376517,2.21272445610873,3.35544280510682,3.08833874965613,4.02766440703878,3.99655925165848,-0.00616555557784837,3.96036719419185,1.58436696069162,-0.175450985663678,3.91475185908991,2.03301504633781,3.60536814203649,3.2863943636728
"BNC2",2.00577363868964,2.7053962843897,2.01966277791801,3.13888489848055,3.60063846913746,2.74839467857268,1.18998897721937,3.99679546402985,2.09023693607922,4.04117287872882,3.64235500618135,3.32990000227976,2.76309707941915,2.89925105090398,2.4049003980205,2.62056764356506,1.04374344834134,2.64821691912765,3.04044360029,2.85016933138088,3.91623776786777,3.4013765255412,2.6161082858853,4.35270909748443,3.13434252852408,0.999531769484721,3.71658490788315,2.99928929766754,1.43600188642988,2.6004243876649,2.03057621325081,3.3075684161107,3.25276835679217,2.20529553760069,3.03432666051961,3.54101915313356,3.93035887611242,2.92816942144608,3.31812302266669,3.34350589379968,3.04541675876722,3.73165030366155,3.3012525395691,2.80391514945342,2.67774500748467,3.75714062076708,4.21356503058917,3.34090260806477,2.81656694090996,1.79716242914951,3.06736680931593,2.52997332704812,3.07267693289581,0.0954127209171741,4.52732177808505,2.91035126634977,2.68258989044234,3.12858583025178,5.47106424143709,1.68315674209563,2.79908751132347,2.92240680006033,2.03429621422144,2.78373875864806,2.68229585303476,2.74933638196181,2.29757730896391,2.01894746154604,2.13368085798172,2.3557379081822,4.4021206499397,1.41481820394288,3.14593403729869,3.56376119346247,2.94328345599815,1.88445475132133,3.75200394179185,2.28287543858517,2.92375937213518,2.76727266382388,3.19886077066215,3.85232950525636,2.97786225512894,3.20979896222393,3.42956252064533,2.63230949374705,3.57669883939576,4.47016090605251,3.95330195101755,2.74721931262728,2.68453053733233,2.35485579595948,2.73933911010427,1.93250046371905,2.90470574812433,3.79081687959172,2.8817708303335,2.80279238265891,2.1285057996084,2.28505131540122,2.14750061613774,1.88504282613648,4.32325981722815,1.90891866363155,1.69544750573225,2.27805322510094,2.41877952836624,2.95298669044811,3.09694740519673,1.88639539821132,2.88782800092954,1.47721294183025,2.07804898046857,2.21018939143268,4.13872194023421,2.23800533018926,3.10088750645823,2.26076382553554,3.66196968759244,2.07440291661464,4.15177720113053,2.62913388974524,2.35420891366281,2.36808747930034,2.58197028957024,2.97892078979621,3.36169868697707,3.87279450882357,2.18484336689973,2.99632780432464,4.26415829830561,2.51957555168287,2.17678674193218,3.09000812237796,3.40404007366784,3.84521379999305,4.48145194250338,1.70644450477555,3.50912904313507,2.74733692759031,2.06187692305196,2.41236951288111,4.00440565245404,3.538356361448,2.01994718873179,2.60331740536017,1.98283966789585,3.11035551098214,3.58287362495483,1.88839485258283,2.66571214324754,2.26117547790615,3.13346685121752,2.76586128426752,2.65853763050272,3.99876013422861,3.50183691542721,2.80920239814404,3.47413859163367,2.55221370392367,2.54992021214459,2.39131643449875,1.97966406389405,1.88045584257831,5.37650181116104,3.27972105774522,3.61751123156714,2.03817750800143,2.60625777943592,1.7380829298306,5.58026973461037,1.05309338514437,2.74868949966515,1.63170019577004,3.34423286496713,1.95772887328897,3.08083415526163,2.14938245554621,2.64583521449549,1.4679801672324,2.58526350853508,3.1565781914529,2.09345654062549,4.53831877712835,2.35873708973946,1.81706137750519,3.1310557444754,4.23669520443813,1.65363538637512,4.87140435242907,3.10159319623641,2.77532928879143,2.36056012166643,3.38363387758215,2.19354687416395,2.7555699750024,3.51353960424869,3.40845063478146,4.35448658991259,2.0467045928211,2.65342137961092,3.17492612568556,2.41095813332475,3.61133644600807,3.62974318772225,2.72598981180038,2.84301670001514,3.87020697963691
"NDRG1",6.73112892221223,9.07793992662783,4.10948593301561,5.16074677691328,4.65981041662132,5.86940013435535,4.48587116033593,7.71644909635079,2.56539245460096,8.27519799075409,8.1237799887582,2.51370296532616,8.09871114815763,2.52379026016337,9.27826359181454,7.07699725832199,8.80570518483851,4.50318969917099,6.76484505816952,6.45247188843743,5.2456896012999,7.89017914181974,5.09667931723511,5.90352037372338,3.27203214987198,9.04930947965937,8.21503786047663,6.76516341676755,0,4.37613754737728,6.73803819977708,7.55132374801476,4.61621652619166,1.14786022273159,4.43116159791695,0.466884968133267,3.82650781161504,4.9653594927096,4.02361908563644,6.17570821965308,7.33385304336707,8.05665397074039,3.6206802412243,3.57487655161118,6.0343191763908,5.3837941341582,6.41529896406047,6.15073431658685,4.01032333075912,4.07906231366832,6.85057442194896,6.94664899282656,3.1164745517212,8.36116740371352,6.11875466343894,2.89914864309527,9.15689169977554,4.44503561844008,6.2703910120854,1.9760372525584,4.49434448206722,6.86828030521946,6.30795230945655,5.73896821224184,2.82155287650962,4.87892270371084,3.13564570061727,8.17102357371322,6.43794840447354,4.82157603159276,2.62215339663813,-0.73533195397328,5.42255678953103,5.20538138703533,5.97902045428869,3.26378691675174,8.29870107012706,6.39806850849924,8.08090737467052,4.86547483181253,6.86565256013588,5.72304716850017,4.0522650150653,3.76661366715637,4.96316511962554,7.92896187954364,4.04206318121141,8.74495401461466,5.53261293656088,8.41246697492196,6.08150251254822,7.14002006150945,3.79706459547783,2.65399548412148,7.95462103741858,8.77942384718159,3.55778521963204,4.32879654180181,8.84248972918746,2.25272335253512,4.6108927051859,3.62347884672148,8.29004496867527,4.74815374249279,4.01130310640953,4.71492049584754,5.95892593306133,4.55864694999477,3.45282998952914,4.87181233466116,6.6028780517781,3.034091081799,4.62387685736358,8.45543833570047,6.83010071488748,4.99377062118722,5.60603522566085,3.16656034865936,6.86348853477294,5.74793346017405,5.5122092688531,5.27710337049299,5.74515114185026,6.15430650868735,7.88908198356934,8.42730600598217,5.39535189925399,8.35651146196578,2.86545167672939,5.62674803984905,5.25128963937784,2.74333881696312,3.81422222514119,7.55551293119517,6.44675907916554,10.1579080033785,6.23143855555237,6.14905101852019,7.53696414236991,6.15739797349156,7.35456771892157,7.47513484628573,6.0161180319392,10.1334854314252,7.83127159173063,7.77160632100939,5.32038387775192,7.5057403478474,5.61051784962695,6.26065289795214,2.3572148629174,5.7944600054774,6.83381047265253,4.272377309125,6.477210007487,8.27010502068813,7.77160632100939,4.99748037895227,6.79995893304644,6.13498485366104,5.91641829200345,3.38358117791485,3.86832285921485,3.27847137457174,3.82519692519614,5.70264350079238,2.12458213640065,3.85302010843402,5.64777000051767,5.63030322437389,3.23117196306733,0.292116373705648,3.58468096342866,8.23934494588624,7.94627408244721,6.22942910342963,4.33312459252771,-0.234360082451179,7.74857490821803,5.83217587608875,9.24515301993571,3.29006436758752,3.72441517257891,7.07108039637559,7.2352371774791,3.67495173571157,6.56778992625033,3.95859363149776,5.12376671620421,2.65925097428863,7.79958407748748,7.13028194737619,3.8601304774837,7.52459828315308,4.43637951698829,4.36079320252538,4.75000862137532,5.63942304554631,7.16954355038965,7.7968017591637,3.08293622570551,7.23693748312141,5.04802582850109,2.67424457858905,9.82603925664662,8.28432575878749,8.40582032559291,6.00297930652131
"CNN2",6.4287939629424,5.78716339686292,7.3291056522118,6.37116154405433,7.54640833635113,5.18760149187937,6.47802371409681,8.18972079968364,8.26176115418322,8.23957943638444,7.03867760567106,8.6344879954922,7.138292281944,8.1070653426581,8.85371189423746,7.10001048252718,7.09099100484454,8.81128156160874,6.50593379085175,7.2441354597104,7.72394757798828,8.64003158960256,8.1619733146668,7.09417271826276,7.18491500408245,7.30055390577565,7.37601248772974,7.74480020785256,7.29175088456027,7.72995376545307,7.08695356488773,7.04088147453725,6.6784804230126,6.92457500339273,7.21233587416207,7.55866560622958,9.06307144984268,7.72058629125287,7.54349588342577,7.93588400748807,8.05343177906011,8.0357393646987,8.59581318969334,8.12716379098296,6.77226838054503,6.46387253980429,7.76136506623467,5.21455226479625,8.38915807057413,5.87802638210484,7.22002033044637,7.02733101501709,7.77843857959362,8.34112293121706,9.27027441009391,7.43432489814006,8.05953363829462,7.03395083954109,9.43018356863344,6.64666090050417,7.12511532665186,7.2183308379102,6.56829763307304,8.42779856023859,5.93608712082852,8.38126152958003,6.57883565369329,6.52275075200295,6.71561774684475,7.43775505921444,6.78365516856745,6.96039687011114,7.19654754696364,6.550545665451,6.82064432819424,6.84667111737715,8.32241835403607,7.64338791125057,7.16627725954439,8.78793011056291,7.72359002791745,7.71531520635658,7.01513799735997,7.86256459515769,8.64534856982178,7.52428706075054,7.22257433614654,8.45976624695238,7.233253806708,8.27729582278962,6.8115208069861,8.67356783309346,7.0884797918781,6.69468315554546,8.5268842440572,7.69530003967516,6.23907289490342,7.56361014440732,6.47607227140318,7.26543366833361,7.0822559944648,5.63204047219453,9.16050925571384,7.93958408814732,7.42279672793133,6.64772177506326,6.37818891208487,7.70244326170634,7.4261208015498,7.11563818059069,7.36027585391587,5.88403354246271,7.0106115992412,7.86900056748281,6.14592810861568,7.19973017064089,6.95601192193359,6.30824191615581,8.07721488094604,6.97284446493775,8.38430270331607,6.62530195938125,6.84907576637774,8.73375478307893,6.94045242840033,7.80068024587769,8.33472449892147,8.17856376382404,6.58965657419596,9.29502814980591,5.74802942398791,6.88132635297395,6.96626704267142,8.94451519548397,8.46174654612934,8.64223667111513,6.42663551694978,6.45025765713209,7.61106659968375,8.68856152686188,7.72210480353473,7.2616145199209,7.67952837123009,7.03798216286561,7.60470135232924,7.16747958404469,6.0397699277365,7.16974278310407,7.73851299671526,7.37555244756671,7.43503214784612,7.61134949956618,7.86793969292372,6.24367001799279,7.41770453004772,9.49334096738435,7.84983410044866,8.02509057760963,7.50950554189394,7.62386781936339,7.26083654524423,6.93500660566369,7.83646708100418,6.70182637757663,9.9836771885938,6.38299821008605,6.56858053295546,6.01798663678994,7.98279704518741,6.45237940625026,8.89521989097179,7.81404726532217,6.57423853060392,6.62169498588035,7.4731529070026,8.44993547603818,7.17243033198709,5.75750657004908,7.03239489018776,8.2214230960111,6.91683028821802,5.89676403717174,7.42626225149101,9.72058029794052,8.56436847847823,6.53831024553621,7.25022779965338,7.18721185084368,7.24230660294554,8.51259779999485,8.37235018328371,7.27314269012963,7.18388777722521,7.87890206336761,6.62579703417549,6.9661255927302,7.41600713075318,6.98911120817706,8.30537363612009,7.40157923674961,7.18883852516761,7.62464579404005,7.56502464381943,7.10304913582288,8.23479011545558,7.27201109059994,7.76178151204454,7.54218047831378
"LUM",0.557141451591912,3.63704214421326,0.183461106287767,2.13652609471458,6.22911681666569,1.22645304047077,4.58025404434691,7.75994143049906,7.85556619220377,11.4573090503621,9.63417394604674,8.47337699683937,5.97078694655436,0.162266763154179,11.4157417682901,2.79853582585501,1.99899697835617,6.65453005993848,1.09920092946961,7.20397438085915,1.12496992534368,7.66397075204048,9.02928446582677,1.97030517876622,0.371559977738133,1.10362520221154,9.8577664404721,0.316020587415543,0.0319569192213869,10.0877677905072,6.63298066109954,2.2475508449393,5.60089710853965,0.32427028351062,0.379961358004078,6.80080932429426,7.79195729189963,4.87154305572963,0.830283723396843,5.80133975780538,5.57810847186878,8.57338588835182,7.43369392606959,7.7847722385428,3.75807927122788,5.95153184640413,10.0676629150253,5.9092066655625,1.10249688984609,8.24816003436593,0.416646288933992,1.21667214550676,3.15858424203029,6.5053463238708,3.98629415924613,8.52915050217402,5.35443933855428,-2.31164164829749,16.4915844057837,6.89222823699593,6.35868826848655,3.9583692672077,5.28567429190963,3.80059362719053,-0.496174604648638,4.34949228632105,5.80472822267406,0.546121990686002,5.39126528992996,5.58255080039326,2.67068268308529,2.66946096905861,10.048264629065,3.2225483619949,5.30295281885841,6.9337665139031,8.96198632876978,4.46363528252815,8.64259537608017,6.31610280812793,6.85208620469067,9.77686958456641,3.53216560247106,4.90484857673545,9.7295717986763,5.73055272819697,3.25169496806001,3.36217282218708,4.50656980403725,6.29864975060391,5.46997857936331,2.53734132360176,2.6446776273745,3.21539260841005,8.2401278695762,7.22017118787231,3.20945856885188,3.36775780059476,5.83998339887259,4.80222459849419,4.14476792156426,0.90548044510563,10.6238664662072,6.08519885708511,3.05552260149,3.91875082662816,0.692029551586832,11.5092600744009,0.817517035184556,1.81146866117765,1.51214872464066,1.74479798143589,4.02992680305619,5.90176722250763,0.530763300064862,5.8942624077723,0.359025214028478,-0.0423951090240466,9.26287704048394,5.30452359403557,4.31790225220256,3.21643979186149,5.74486423536667,7.31546488195348,3.45013623210815,3.00455967351985,7.16170344516684,8.84993769946556,5.6907597570422,1.98512658354168,1.4802096293717,0.976688919803643,2.90978957116441,6.2023088730713,7.1971331519406,4.4673004246082,0.611920017551568,3.21137840517952,5.55340419432814,5.67749543332394,2.06698142332935,4.63275540993594,5.88413963440837,3.43530113321273,0.578410147105445,6.35868826848655,-0.318327948478847,7.00288062169823,7.87535896732413,4.46712589403296,5.26961747898753,4.18176840351519,7.64969093353851,4.47777225912261,6.87599689349858,13.1322198935598,7.3016769665095,4.28282160657928,3.62641211310078,3.91142054246807,5.89094632684274,4.65335001781428,4.68040225697652,4.22854259767957,15.7526219502166,-0.971072299877298,0.197060840205546,3.08641451330752,4.3288976784427,3.63391692783611,11.3991312814243,5.31918416235575,2.46403848200086,4.16693330461977,8.79565869056585,5.71659028217775,3.6555587191659,-0.0937070981446739,8.55236306868097,3.70529993310937,4.64968487573424,-0.83493845118992,3.3180165866513,14.9112100469834,4.29992560295282,4.39260133840538,8.21918420054738,4.63921304121982,4.5905190107278,4.89158425301719,5.84731368303268,4.82613528730211,-0.584487075720194,7.89752435037964,0.505456366655029,5.71920824080635,4.71251588282072,5.38463312807084,7.70554071761539,2.89669977802139,-1.26899599181237,3.04138562489554,4.0056670530978,3.60983170845296,2.75341017574916,3.25954884394582,8.15495694885897,6.04470776362938
"PTGS2",4.12159567880332,2.74457016004575,0.587561817764475,0.469626580345986,0.814234575050277,1.90160643720086,0.183458565445993,2.53931020857892,1.73938584790493,1.41631552151884,1.21571586704252,0.568623658744124,4.36879628096013,0.396204435558928,0.938963219525654,4.0618107527427,0.144261778585891,2.93525983111227,0.208364929137156,1.88601159674167,0.066950243924627,2.64766909491719,1.2485166201772,0.265548514558756,0.697066529957101,0.178448223854615,0.820255767922595,0.197962238598351,0,1.90482317568375,0.958882754703082,0.544468570357702,0.881118758431327,2.23384818922467,0.0130634312685538,0.246625767272051,0.0918609331394175,0.127355938691248,0.594117587530344,0.113137711675693,1.02373084868154,1.44174904700924,0.178193232975666,5.92021230118791,1.05846889710109,1.45563364742436,3.57855233297902,6.31201707847079,0.525920527056962,1.69536138224052,3.78318422434742,1.39867871576503,1.60574558649518,2.25697741772893,2.8987022729331,0.453072201365006,3.02448712375762,1.05480880260758,3.58997352116017,0.293554521967136,1.66921619269238,1.5037407251634,0.359677578971618,1.66141232936571,-0.621175737431175,-0.349634858666573,0.640448833714005,0.857782231736354,0.860551344529689,1.93895295251587,-1.40584160805163,0.578605314662858,3.78297229160472,1.62700820072125,1.80809139490357,0.227851027507098,2.16278956997711,1.21457821953212,3.31994306755557,-0.268155812535414,2.49474745514175,1.47193788429449,0.759185033791852,-0.312293792210995,0.835797154407452,3.60860209813351,0.500147118851701,2.43793868662394,4.17719325836496,1.21659211974545,1.47596568472116,0.448037450831671,2.34672578946167,0.342643339667165,4.07330957236045,2.89433882247087,0.417912860140542,1.07041652926092,3.94802819658926,-0.566464781635588,-0.0202782612774919,-0.520816376800006,4.20807306163609,1.64823806547015,0.215180238664868,0.590353065907309,1.36939679843221,1.43828896823002,-1.14353110526481,1.62516212552569,1.49853814961228,-1.47070597742278,-0.723968560820123,4.65742454673635,0.512566170167264,2.1446644680571,0.398445158078308,-0.18793545403759,2.0627658593815,2.97363614337092,2.1757960088549,2.7864273360397,0.891598972818596,1.43216335508113,3.55926154290682,0.938422152778623,2.53779457220178,1.53697007868342,-1.80425820025631,1.76101647741688,0.422108485584989,-0.27713445098653,0.945302978507516,3.70644408349801,-0.252380260864294,4.67580138618302,1.70789985929018,2.26138676792162,2.81957277705083,0.829419803731893,0.277695057787127,3.53400387773125,3.3052583785,1.74096138779242,-0.310279891997661,1.78274981721911,0.143015481020382,5.54274347176909,1.07973081774759,1.54821435487453,0.752388120571847,2.26491109329495,0.637847545938447,1.36469769793443,1.07595475484759,1.73450012460798,3.0405144129554,2.01887961723259,1.90979335567697,2.44918296281506,3.09774274401766,0.74189905696073,-0.0802757051330818,0.400291233273864,1.1661607019032,0.957889854840856,-0.182397228450919,-0.234339071453171,2.99763512091316,2.42241487247949,3.85312314903588,-0.37430513627992,-0.505040825128885,1.82932125965248,2.7629318335508,1.61165221159457,1.71897631046352,-1.61814025554065,1.55014434257898,1.39012318812778,4.18524885921829,1.16221681398542,0.199656424520415,4.31976061096726,1.50063596233451,-0.705927371409002,3.11796565865989,0.862984807287468,1.20215916821655,1.3307970443433,1.3413700204633,1.09835939472094,-1.23180706461598,4.94734226494763,0.651777022414011,-0.0186839236086016,1.25678621150325,2.4056323707017,3.06593990314875,1.07956299272982,1.38114454967666,2.77115525942191,0.488651105133917,1.36192858514109,3.90481325451146,1.3246714311944,1.14828733750986,1.97423816250367
"COL3A1",4.43331335846983,0.585348129651983,0.67916343189913,0.31173560197927,10.066735028732,0.21695021662779,0.506855790315276,5.83421820065774,0.402262667508188,11.1342722876168,10.9575664159256,7.00140819439281,1.58193929370708,0.352246655973509,2.61295634608447,5.802989323543,2.52698272992705,1.63476052774,7.34838292822635,3.13252749079828,5.04765616566266,7.10941279973306,3.88284843539138,5.85107937559247,0.852928895722775,8.04112248973182,9.5782594603609,0.846869561080187,0.0107884304599129,12.1481524160389,5.43520185588707,0.0600792125619385,2.36692364897852,0.105004841922513,9.36053986165181,6.79672752432003,0.541606027196282,0.76140698232255,0.820604609560348,9.64022324139696,0.770904296734329,7.77942389245864,4.52577448187632,7.98596713587408,2.34291878662003,2.8528857619338,9.47639181426575,5.96963632700472,6.03559312017874,2.56255505060476,1.95420747959557,4.48781431423931,0.0922155583089881,11.3059876155065,3.460733409494,6.43575419259345,7.65973449222223,-2.79247811839886,16.9165710744984,2.43221563030508,2.4417503873997,4.80336846407815,0.64074071397016,3.31471037028555,-2.57706323589062,1.73070470554668,4.46453144806723,2.27842352976026,4.2337550124621,5.90039523868773,3.67791398776051,2.62449989838005,9.04739478864211,3.460733409494,2.97657963257794,6.14847549272385,9.36574973385716,2.98876293330997,6.40962189537114,6.69954913887813,7.40529773345635,9.01614197372083,2.7357387311507,4.04959294487513,11.4725779126181,5.19676547901942,3.39399010983161,3.61028784021899,5.26792301807747,6.37960506748065,3.71446388995658,0.870810871271992,3.07104435564508,0.531620716109428,7.39205501526937,7.58063132225199,0.906831064740583,4.32539462231601,4.26659695356581,2.76169445879718,2.3114420404398,-1.48957121837566,11.5059495624493,5.14326489754401,1.06150601316453,2.86551736938312,0.735735145764776,9.94507451214366,1.44042432288804,2.8807023529042,2.66652345742674,1.18280931175729,3.65690220823716,4.12781326696624,1.43777577925065,3.66431813042187,3.10282687929384,-1.60628370799693,10.3725494552194,6.12234319550154,4.71013972804179,1.72999842724338,5.06345544927047,8.18644153691246,3.52765327873222,2.49101329905527,4.12534129290467,8.68472087989463,4.56623552374325,2.91601626806948,0.0492326349516352,1.31223481083806,3.35726363805972,7.38569851053962,9.5597996976904,5.64189737967784,3.57638648166031,2.23481084453113,6.14565037951063,4.46982853534203,0.112797682249147,4.11827850987161,3.55837638492602,3.09399840050252,2.45004915746354,5.67756443399478,0.317618390207801,5.76373038699807,6.05418733923254,6.00015704902966,4.30826737346085,4.0400581877805,7.64172439548794,2.24169705798836,4.79312742868021,11.4240212792658,6.9338569659998,4.06583734585116,2.80866196596701,4.90012859163102,5.9897394440559,3.91010297997226,3.26015037135518,2.94002973038187,12.6448233265297,-3.80775317940081,1.00094264865607,0.460816316203033,5.02196159895126,3.95671734799043,13.0710622825747,4.77423448406679,1.49109979115023,3.73565223905575,7.31630666723983,5.30535576815267,2.95945238372278,-1.13078184029637,5.34949816210928,3.43195256863429,5.50611537586732,-2.25164550764252,2.52438494888647,12.9977859086067,4.90224742654094,3.20258868963577,7.17805268936774,5.37686644636237,3.67950311394294,12.2729677998393,7.47786782912101,7.30059197499128,-1.02360410776973,7.22095909629356,1.10759067245523,3.40493742353285,3.32495140568348,6.9840027255345,6.52368584135501,2.76063504134223,-2.22533664084438,1.87708088390679,3.99185469357989,2.41296954653999,2.51114223069949,5.28275486244689,8.33069888036265,4.21539177657615
"COL5A1",5.94967032522746,5.49717163448149,6.38050089287943,4.173167418931,8.68318763214527,4.33714017995587,1.37606807113369,8.49495156101033,6.3919841904422,8.43614934363394,8.12687479887548,9.18464479074374,4.40851486944455,6.47340378690648,8.5313580652719,5.20125745684324,7.24270729375996,7.17283750581798,7.73467575374757,4.67777319123233,7.46019375047135,7.06507679551769,6.78953364497036,6.8903007619981,6.55456429495731,8.02467428041162,9.26563848569358,6.0434254398287,4.72591016983204,9.41172282195135,7.24304065895903,5.35988306382315,6.28928302312349,0.0720563946199844,8.12979302253518,5.62829242224141,7.81971926952684,6.92351765307601,5.48936310133479,7.87826553789574,8.04448701718448,8.44805847252355,8.58849353030906,7.40815138333604,6.79152758702528,6.22536748646258,8.9366173289262,4.76588476960709,7.61855435744509,7.20448311271352,8.84494109514256,5.59082953702862,2.23287867936867,7.96302321131583,7.78382039782167,4.78240352829112,8.48924181461679,4.58403973769507,11.8345241470012,3.99439159393385,5.28297115184272,7.07557268955104,3.89128429380873,6.06522582578691,1.91486913273014,5.81274378730794,6.41924500246017,4.62538733520718,5.92966851242444,7.78120346127027,6.3381199693668,5.57837094976464,7.43388364216859,5.44647734757413,4.65406895981051,6.58243716580541,8.99022814801661,6.18759377893033,7.2636780888656,8.32898062020911,7.4217410565701,8.56607507176586,4.91251761362668,6.07004098904149,9.9198686885356,7.23656662619311,6.23564073401402,6.9948663663059,7.17564434327654,9.07533092466811,4.4879458275277,4.937430849596,6.05559549927777,4.61429152422925,8.47217938830166,8.86806954979731,4.92235729505994,6.68554446593053,7.67035002895301,4.2595396053216,4.21986684720239,2.42548579263912,9.85727156622613,7.22055097449855,3.55338544629209,4.76586448928628,5.79840297500627,8.07618454934397,5.43286927750686,5.87083977874899,5.62369629083487,3.18984062057174,6.74730416854355,9.1226451375174,5.44867557427731,5.40000055442129,7.1327265838336,5.07769864875098,9.99439904151944,7.60722951933326,7.07002478406208,4.60476587518215,6.62231927884873,7.81731718567958,6.5672589338073,7.8624331718257,6.44206468918837,9.8804052853405,6.99340088183711,6.65361784000347,3.9163022072401,4.33857108917385,5.63856049044682,7.89216157104959,7.83186735290536,8.37974918930625,6.7393486814273,7.38677878424341,9.00676718702145,5.80573039735019,3.25882306806662,7.9582130496069,5.89093785146374,5.90485995391718,5.78552764717339,7.37672974788604,8.30720770810147,7.2079373403208,7.73933247644789,8.41282726731593,7.14319433003919,6.86747389498379,8.82117404679624,4.5459371415067,6.90662326579272,11.4344468870233,9.24155873441297,5.66169420956119,7.9249256166731,6.70522382879705,8.36446627984608,6.74562932915065,6.90086600537964,5.25156791322593,9.60164920388548,3.48660122550039,7.44927122909082,5.9342743207549,6.12122826798685,6.88474567622303,11.750049435122,5.23733177838632,5.59313047191453,7.12278222493828,8.12433618188971,6.69391866289501,5.36189795823292,6.31655641218327,5.51211011628322,6.33403754834662,7.38667410678136,2.17206165700164,6.75295675149457,10.738132409427,5.6495516239627,7.33632424753244,7.00313588580832,7.32522843655451,5.26130291719714,10.6548091496305,7.90262931725519,7.79072911031736,4.1428242351292,8.27465301740207,4.01040724562841,6.45263711285602,6.96492861215789,8.22692009470455,9.02477171049508,7.54013126615539,2.1785516596491,5.81797766041073,7.2275643644563,4.58519118977769,7.61235871497401,8.88502729865037,8.32908529767117,6.02523903528154
"SDC1",5.89021076405243,5.69079141012868,6.48194793081307,6.78366618090783,6.6831630637754,4.55609828721748,6.68080255012165,7.50742995690227,4.88956115293006,4.28804104574733,3.40651082010016,3.78518433900956,4.22707871323618,5.99324185067136,3.21828210424269,6.52534383808971,5.01877213504696,4.84727537863749,6.60551655725349,4.9594502419877,6.03194871724059,5.92381236341475,6.09247385869859,4.7001067500954,4.70466174050733,3.72497762378389,5.43701795217912,5.22886100892975,6.80255513803915,6.03927879535137,5.95102821304775,5.86099258478477,7.09358130263372,5.52819309316971,6.71304964627422,6.36089272308797,6.571725343891,5.96123204374434,8.50086577492907,5.96670039362665,6.2286013080665,5.39657395769444,6.3313773917204,3.84538968605923,5.58705289336177,4.65987890277362,6.08434495055018,3.02221510122508,5.2763068248557,4.94433373402111,5.81026828344818,5.23748341340072,6.74336685639487,5.39803905724378,6.79805535101521,5.540567608937,4.95382146585651,5.26177764758995,7.37005544412381,4.54215411498374,5.28247099948421,5.73552505414549,3.94343189816917,5.72591160720249,4.12747237820511,5.44801781463827,4.62272783554839,4.7929999042846,4.60064949553522,5.24585028422252,6.9385909101396,3.74741534439916,4.56178835831648,4.11883656993428,3.94489835617743,4.98551325281268,6.39917877277,4.58443698755508,7.67874485486137,5.55441749012607,4.93891247610592,6.63462675298419,5.81642465426753,6.11403416005384,5.74856023644109,5.11252481030538,4.99333436219003,6.3957570374174,6.71495606388079,7.02022373926577,5.17118313063556,5.70130770061956,6.14523712767393,5.15529650221281,7.48981618146459,4.94176392223308,5.1475568627248,5.91182589469342,4.89247463917786,4.90624305047759,6.02914253535378,4.41383903926147,7.9290203549368,6.14939209203065,3.33265213773118,5.29452854310763,6.21187949716016,5.52574008907576,7.49388967593196,4.14278871740243,4.76546308168516,5.80493739986954,5.87874911961835,7.52753674023247,5.87043919090491,5.84241354896938,5.76640214220819,4.07736839625642,6.73597529533244,4.73393423450768,7.13517775313505,4.15843093615715,5.09451996475959,7.09427986868262,5.20377108637455,6.09969545952869,4.38426546942834,6.62770181238965,5.63352475268246,6.63731525933265,4.10221671250739,5.77283826346664,5.48557543362745,4.78615643357941,5.52370334184207,5.678903481049,5.72933334255509,5.35245363443369,6.13977864508765,7.11798760648273,5.20116404991543,5.20124551980478,4.55266373070956,5.61446079857515,5.69299777190611,5.75972161128169,6.69475153132262,5.94486193482382,6.30581427957779,6.49482442286393,5.68745781943049,5.56777855197905,6.07118099825707,3.18950954214768,5.17647867344315,9.24329260989021,6.65002456207086,4.62867513747075,6.13448310228006,5.77104592590099,5.22829352306814,6.06898131124469,5.77129033556903,5.55580247824497,8.43152663243201,3.32059459410776,4.89703695298132,5.99419195282371,4.5659433226732,5.04987446539718,7.69072092859545,5.53242062000225,7.34211127207762,6.10629452056583,6.06278959965429,5.27114668486491,4.97125602217687,5.03406930686377,5.21208101508799,4.5709129859234,5.8029821225252,4.44365701876265,5.91394411181646,8.54517712807173,4.91479738885907,5.61853429304252,4.58639226489941,5.05891762311475,4.41335021992539,7.86734764870077,5.11496890698581,4.93858659654853,2.91137133991541,7.19644310992435,5.89439133837306,5.40760874952192,4.31860073861428,7.89341801329196,5.61348315990298,5.8304374752353,4.95349558629912,6.61768101599991,4.7399630063194,3.77552245622404,4.94600035647915,4.83137222216726,6.00307217076259,5.29151415720178
"COL1A1",6.94139979814985,7.29668682536344,4.94166505920975,6.95819308430915,11.8169196442296,2.27933756900032,1.76348381365018,12.3530971906406,6.66210578387266,8.55998501679509,12.0417926016001,9.99404223377791,4.50255974439609,4.66883393960749,11.6675018864453,4.24783639298454,4.61551635015637,10.9639653427364,6.57118531205206,10.1404463641957,12.0314220778221,10.9094281071194,10.0281132654505,6.4850145696904,4.39496679950532,4.64189856773137,12.715852626052,9.05556714984758,1.2524519923992,13.3452389002671,10.3717766443379,6.5030958597093,10.2860609916486,1.38607147922932,4.39900014826113,10.7718525735844,6.27236478059584,3.99944986764002,9.36114985379985,8.74443022998792,11.5957656458515,11.1326346747464,9.89124904768191,10.6903035947742,6.36895862424727,5.98698198382207,11.414864900925,7.7553349354019,10.9458973507508,2.95264294840973,11.6072517032243,10.2182241660408,3.42686854719007,11.3067566594332,9.30796738920056,6.64941209154274,10.872186774998,3.52807638922205,17.839371245598,6.42304036206801,6.33919326172369,8.72567012327342,4.19437517004295,7.38025615402833,2.30094396484575,5.6046432500516,8.32357463653932,5.9071413523988,8.19371200046275,9.12629867178786,8.66436754714691,5.58117223853717,10.6634183041591,7.19526752380274,4.80801858950582,8.85877546488816,13.5139108867671,5.06882476350501,9.47241888435103,10.9141875324448,10.5584164105419,11.7983652425214,7.0430147780578,6.80120159363936,15.2520010552307,8.92532813569553,6.99020500215032,7.90634652396039,10.2878821199281,9.70527602490211,5.67135033540841,4.59693390042536,8.11789445668916,2.53210254535302,10.3130516914864,11.3403716888911,5.6971375651644,8.24636736182079,7.60492932345925,4.82129824075741,4.56944811062557,2.12383047664144,14.1070171711549,8.76180312784169,3.26649814247567,5.60031964266736,3.23129162520402,12.4771716018467,6.9630280414494,7.17380390143099,6.5913522209544,3.83180980796474,7.25641568537981,9.44261687630968,6.11035089945797,6.67380959035379,7.5959732795919,2.58877268499642,14.8851120857682,8.9918808065029,9.0277049819723,5.61452578121557,8.36109737205252,11.5486769160817,8.3297512185168,7.22120916810816,7.51938366307112,13.1215435166476,7.04239711986005,7.47027983635013,3.73761693280813,3.78100742119995,7.76289540753336,11.3053195861689,12.7957288173354,10.00484025081,8.81461290374916,6.38644411385143,10.8220020464309,7.71193860621913,2.277009709683,8.16529972336633,6.07823267317506,7.99791435177656,7.61203239273336,8.91390145903719,3.8066402364065,9.64783381251153,10.5165700676444,8.83901040256022,7.57574497361565,8.13750510446766,11.766401430788,6.06587950922009,7.94942818325333,15.105152818716,11.0318514191159,7.2117898805925,6.69542762727498,8.03312086904821,9.7281293782188,7.6842984018699,6.13196893637915,6.97599886360211,16.1703043807329,1.4615464741059,4.32470104976783,5.59321657339326,7.75841738559969,8.10801192552518,14.8441922301674,8.03651798913583,5.53577436100267,8.2414260962388,10.7010954542217,9.4298004687064,7.02726449401522,1.66352070476957,6.70006006375809,6.08070330596605,9.0802059287809,1.57179846240396,6.732178290041,15.8151509170276,8.24235258353542,6.98047688553579,10.4480100076944,9.81274855131031,6.63026468741254,13.1910300638943,10.9422909804424,11.0446678267192,3.63477684288305,10.5405043228072,5.51106803309274,6.65512542987191,7.56509036970449,10.8189137554422,10.7594641539089,8.11496058024985,2.51079333753071,7.56107559141913,6.50765953515952,5.13367887426857,7.97861253309693,9.64860588525871,12.4754730418029,7.45530162505474
"GPRC5A",2.73861653500466,5.14328320407679,5.00007664113828,6.97611155453936,2.70141819934465,5.88633797068731,8.43379823079932,3.07255346396271,0.779613573324575,1.10212058954172,2.5584782668512,5.18552564851832,3.70355479349421,4.15737523313165,2.36375981209615,4.65487657697597,5.22287796107869,4.87734671797929,3.47561671383739,3.06366169905387,5.41262573295545,3.53424840339346,2.2381448397234,0.579539328682973,4.19290428891977,0.993888078518754,3.80197602069468,6.57829871478061,1.15337732710064,1.33345235834282,3.44779075867719,2.59909875406153,2.77791411879101,1.21798134284852,4.26524934550597,1.9975272668599,5.23092925148179,6.80339496215158,7.07438769024345,4.06276932831266,6.3321690598033,3.84899843040002,3.44981753753394,4.66711438132447,3.94195139251363,6.47214492819132,1.91918369459618,3.1996943285933,1.75648533684602,4.82973795464577,4.79841866099062,2.04046113534675,6.58769652064882,2.00961232283738,5.8484745055389,2.46525221816277,6.89212008866228,2.80329708812949,4.59148455584316,2.04155895974371,2.61813237268005,3.24718206506971,4.01402359483996,4.260429126903,1.2001633923569,2.90458851126031,0.138766847896254,1.99374230764142,3.77360901222825,3.16780198483958,6.45433700468175,-1.33633803923124,3.61562545632651,3.10717135752196,3.53663367837564,0.858124556089297,7.14030071685904,4.23091815367978,3.50457100446018,4.61267476593954,4.81614516026804,3.62316961489485,0.540493291660445,2.7518193002514,2.83058919118555,4.79484400666331,3.13801365284547,7.18822831246968,5.32903699940691,5.11358470617575,3.3229564812782,3.27713681232636,5.16151230178639,3.10273361718764,4.88348786984133,5.50466057313757,5.98548973836099,4.69321975300742,6.63428737523837,1.44412816723607,2.81982767087483,0.417900714924894,6.32841612269546,2.54102663437126,1.16477241319071,1.3429476876136,4.338533356787,2.64819806344506,6.05549509213487,2.73817324872337,4.21516417549295,-0.648266400395146,4.07226893672789,5.46782732836273,4.22293022107801,2.3395532231932,3.56991673088303,0.294420590122479,5.42200765941089,5.04457784397709,5.74341100312391,2.28652222619809,3.44610377555554,4.50439390178216,3.86857665538267,4.92298375881676,2.3081562103279,6.42449320093345,2.16858927681358,3.79646337494999,2.56443571463479,2.41521669589333,2.96283385314824,5.37774119957606,3.14722196403918,7.32158240951596,5.00031138414226,5.10204658130652,5.6053972787266,3.50124269920945,2.70688717936642,6.53576953981649,6.4167271553484,6.23000923078194,3.08997511372647,4.30813483549692,2.76879365703016,5.24627314217187,3.28834210667051,4.14238523401012,1.22279586806193,5.68461094369419,3.5681416347493,0.697034581953533,3.89952989421454,4.33509410802791,6.48473552597183,4.57595246467305,6.1562317977239,6.10364457476222,4.07115950164431,3.61052205494204,3.03361581148063,2.43662879300642,4.40598700986865,3.34814065767545,3.20003107401757,3.09751927229481,4.07537535496191,4.25610233007704,3.33593687175608,6.84752079830237,3.38175654070792,5.92424892174739,4.77365379656694,4.95504643273221,5.07419976070867,-0.113518690109757,4.04974740453122,4.19663660959717,5.07542013930061,-0.258189025008543,2.63898975225134,5.74795968696659,3.68884817184276,1.67910651793824,2.73894985328187,7.12898447900653,4.22315210809472,1.09887196922608,2.9225613596143,3.31763119287701,2.09314769113016,4.60535249438791,3.58156579926061,4.01879416569935,2.94641421391126,4.66337594925912,7.01793002714021,5.84392582169623,0.0555592166277807,5.84192883854578,2.70400264814911,2.04000575062669,7.25057856416686,5.20522404407942,4.01147189414772,1.7942658796138
"COL15A1",0.556597158082994,3.08676169083719,0.511914289798394,0.0401265296974135,0.131581582736214,0.448776229259763,0.0404618367445876,0.369818215468716,4.99925591851954,1.44789123982099,5.82070232319775,1.14375257827114,0.386595767494438,0.375250779379847,0.201337764673797,0.193307483546677,0.0738216040226503,1.06315775866032,0.26080010602231,0.590863541839262,0.349802323073228,1.04857100831498,2.82059153973191,0.0211186531259856,0.0304716888627323,5.89826156965411,0.202131818641269,0.702168140782415,0.120446170358575,7.83508402563264,1.62522840041272,0.037004014122757,3.21600933807304,0.006894011238874,0.432490187926343,1.05684013879599,0.019955208819602,0.199852601755181,0.0224587221470324,0.0487593119198554,1.472414985012,0.648533549510954,0,0.189724633965773,0.0166018616935531,1.56702454265229,0.800010667004104,4.97671647542264,0.0380694910418682,0.0542539155300183,0.09338168738455,0.0555871699305901,0.101963320691688,0.105092031618841,2.58616177499392,1.07563962013349,1.76701803529788,-0.796688927743167,5.55367749309142,0.273199145341822,0.102063940005849,1.6682636445475,0.0690481298440017,0.190171220378593,0.627191145420339,0.616641714954423,0.848533825381133,-1.37954496098503,1.62157264674465,1.35309940937826,2.55451348359617,0.0608430172594003,3.52017709087438,0.0508796662638127,-0.181891563368392,0.866799968873043,2.29673619656328,0.00750978545949099,2.6972238346212,1.52994888954993,3.1121680996139,2.94660064924605,1.64159702864755,0.278669220398222,5.10386149961417,0.681891895984348,0.374200174061796,0.547386657543918,1.57478396903008,2.55392740412584,-1.88093594785121,0.00448170819612592,1.68750658715662,-1.95829843793459,3.7147554750235,1.82699350109485,1.18533416099668,0.341282043811669,0.258156438936719,-1.14872732958725,-1.49851909346175,-1.16162107793449,4.35436353697552,2.05566217443475,-1.64787167848384,0.146410619927385,-1.2004000028879,4.23284972679404,0.969070836445395,2.01131549451322,1.48042517430716,-2.6588587648008,1.72052239731847,2.26801830251717,-0.90442987037192,0.990169697377228,0.79901011013836,-0.623307084437601,1.66543092710758,-0.13988920132817,0.732099370609171,-0.697739177169342,0.327509176258945,2.11661443934893,3.10591658526373,0.102845379299621,1.38909445684761,1.76906931344403,-0.985894916747605,1.35842296456708,-0.58736087692411,0.491709107862694,-0.247532464045203,2.65590523196303,4.44882001161016,1.20828894025121,-1.93749261673792,-1.56171799634552,2.27563733563144,2.03759139076628,0.133126151933269,1.11051134861805,1.85522299558235,0.159792767833223,-1.70091187054858,2.05107121858384,0.468656648696433,2.20662647800024,1.01908295124678,2.9554895212127,2.6142935895697,1.33126794910851,3.39758880166396,3.20935961177674,1.51138970632286,5.33956312659801,1.77854426488101,0.213907438926904,2.61273071098215,0.00428634837268316,0.808387381663619,1.06342963116831,-2.11585613554128,1.93424604416499,4.57521781737771,-0.87942381297123,-1.74809126791004,0.787386200643508,0.59212405711234,1.37209815220808,3.25605060957959,2.52354895158047,0.707093313208481,1.67656643704382,1.50279387409137,1.60135290501831,-1.54647993011698,-3.63106692616434,1.06948578569504,1.96218249891733,3.06518406207589,-2.3277238640651,0.457423458848467,3.09243675744617,2.67514817457216,-0.693831980700485,2.67837161165896,1.61258609486628,1.62987543924097,2.99798028281153,2.81834692515579,1.27217160251704,-0.718740358189453,3.82347321676946,-1.27365993667898,-1.08191426996979,1.19979078793145,2.50264545047208,3.10855394288021,-0.833025854903545,-0.268240605330148,-0.632879715786303,2.71060598252704,-0.547116753294875,0.335225889284939,2.70806630482228,2.34088751666137,0.16086724686216
"RAB33A",1.86667064072638,2.07001830146116,0.601004237074286,0.0876977268268313,1.45377040730958,0.877502406510894,0.123467555651125,1.30904227494438,1.39797268070756,1.09403333498712,1.55817945305617,0.905528818430526,0.622476861212353,3.6028725346363,0.505109427616482,0.325169936593425,0.206199345706142,1.72684429275911,1.5300607512276,0.301478781937002,0.279782682100125,1.32181267466722,0.648459920739077,0.154075046208946,1.06648878317284,0.117233572394594,1.17958748242119,4.03951569180968,0.47556639287316,2.24789106595058,0.88862519874272,0.521378447819759,1.73592070466094,0.743053024881908,0.048418952654173,0.438179986888194,0.572413379210153,1.33759692776637,1.31564158004078,0.89894354290607,0.259302621345141,1.29525282326769,1.16257743196667,1.14379828307674,0.515429879267416,0.186335741239762,1.46176951237817,1.53263613744614,0.17895679605447,0.272838992077573,0.790042166470997,0.26709588130127,0.394396702129035,0.998244615339973,0.0355662057223279,0.561952235322503,2.40881903112479,2.20243137163445,-0.271244290571243,3.0690850715679,2.86582760780827,0.275359724568264,2.268473370084,1.92430578375836,1.60112590323371,2.16599794591637,1.29144178462998,-0.19945504750138,2.25785123047323,0.400259665691955,0.717076525386972,-0.934743156113284,0.548045955928698,0.732676189356406,0.874971808393381,0.181453852647001,1.90449831569191,0.474460698914987,0.111768511625648,1.436559711293,0.538655368736572,1.14524624960065,0.811495544149335,0.524800404026877,1.12215464175115,0.401850420899365,0.969082939051084,0.294192213636627,0.830430662585918,0.537269872265602,1.1660800113493,2.2505132306455,0.221120103464016,0.795074845234142,0.197925866246304,0.46763584592836,1.11656134118317,0.639488723012682,0.535473858321753,0.578732137026466,1.74834773194524,0.889185975891845,0.246623501466676,2.01621038299933,1.4036669987785,2.49938944857891,2.03139952949589,1.62447408450375,0.225841054402134,1.22196170234507,0.888467570314305,-0.238556836793186,1.05108380425883,1.08556727198074,1.391300159908,1.86549915576832,1.92312554602383,0.335859737133931,2.23527276946484,0.828583333957958,-0.672679064363616,1.4241928724225,1.36533492974835,1.25680437285574,1.18296254242148,1.12995447373587,1.6720427966737,0.617731296950051,0.529008208123895,1.53918907951296,0.758692734200166,0.707942511615395,0.675255057837338,0.890828045783364,0.442081133241589,0.0854440786772281,0.556358934754515,1.02014104974051,1.52861825458631,1.18937687793523,1.31078742053944,0.26119687175391,0.726723685999648,0.564723228264441,2.24055818192817,1.68861743964122,-0.114375301247033,1.69220946752892,0.686185085552764,-0.109346462204256,0.609880150281224,2.73702775069222,0.892931947831873,0.745196972279241,2.07424729072772,0.0931412812937259,0.302915709935323,2.20232874226623,1.54693759681357,0.486519649680832,0.714921308654353,0.720719867958781,0.407135833362693,1.20384761885424,0.190998383891457,1.95622351727477,-0.273040304515092,1.87730153311362,0.151537391810882,0.878769095017519,-1.0201821051564,1.79909795453001,0.0278176884217211,0.365622253917719,0.629841562400006,1.11702317334016,0.706608329828536,-0.53474519347599,1.82768023357927,1.47386548664096,-0.172720097080081,0.745145657595131,1.53980485572228,0.537936963159032,2.37484871024399,1.44102408881057,1.70247240435092,0.661964554652853,1.95499196485613,-0.66031222549311,0.175501349290243,1.75953433308122,1.40500118056536,1.20959486347456,2.09713363984077,0.474460698914987,0.797486635387311,0.490573509725521,0.280491192979263,2.33256541053736,1.76969464053499,0.279464899297063,0.495961551557068,1.08007660078097,0.760642692196345,1.50798975157409,0.734934035457245,0.475589621965406
"HDAC2",7.73536647263918,7.38404116994555,7.70361292934179,8.44886792203443,7.51574713898538,8.05243763179838,7.3392888456922,7.94924309625241,7.84956773707495,6.94430796200791,6.7141493347906,8.47669355726512,7.08779165338176,7.82686622653697,7.35996913189887,7.74063753543782,7.38717295405991,7.94497554292549,7.40513295163607,7.34244807539822,6.92746983824813,7.37218598500432,6.6320093215887,6.93253367488182,7.60164452385708,6.54748838851579,7.30029764305622,7.12335580817925,6.11010846056573,6.95130803106205,7.21944928613475,7.02989454966334,7.3945398649408,8.39778585200011,7.92441466864354,8.19800295652124,7.68251711654028,7.35983739296312,7.51074834663809,7.61679141669113,8.27779417254608,7.98393985471064,7.07825757122474,8.44571429024041,7.6852884344513,7.10823170634491,7.92270332166944,7.50314993743243,6.34117809572151,6.78290650234822,6.60110220337641,7.94332359515088,7.68252413926084,8.22989069543045,6.59269329151816,7.39036262003941,8.13184097990655,7.59304837908296,8.00188313098542,7.27295899369894,8.71401058426745,7.68724833886058,7.60378440391056,8.61504867799372,7.43789550415514,8.38093407207584,6.6717416033536,6.28178147574482,7.7470757030208,7.60434717940556,7.76300657857143,6.90559646673533,6.71217485814785,6.54758467107319,7.3802326611295,7.44516829516738,7.59356786415527,7.56923864660241,7.37962659521182,7.41902087986146,6.69702321020568,6.83191616731369,7.43772234246437,7.77945693919436,7.86084293385516,7.57832963536771,7.59062411541222,7.1258581373918,7.00126830088447,7.46975725525639,7.91997765125232,7.41434551421073,7.15486272059539,6.86299869080649,7.04975357429942,6.48013819251918,7.38274350564564,6.76819266511119,7.20343457485572,7.74291982244238,8.18872459532373,6.75719689774744,7.68075477545679,8.99842866135334,8.31573869550182,8.14344281318799,8.46509065378893,7.462224721708,7.31131430820397,8.23556483267639,7.19581546046194,6.83918895832593,7.89088648720335,6.93243652880432,6.96802125625708,7.53174914055121,8.0089827603069,7.50629437200836,8.18448213389993,6.51191336277505,7.18481969309819,7.83850507574613,7.39131500933863,7.68153400306524,7.53564527859348,6.99641977354297,7.23798033216387,6.69347339554494,6.8297516461791,8.71461665018513,7.45616406253112,7.20611858106262,6.8163316151446,7.39650986006166,7.70387186117427,7.14334746815934,7.82257420019551,6.9047306582815,7.76898065690291,6.84897259385431,7.69027866844901,6.53347199327562,7.20378089823725,7.44741939714736,8.34647489561308,6.79156949336483,7.37183431912727,7.92937167297646,7.30464758310942,7.04923408922711,7.97556255398874,8.2344392816864,7.29668214533411,7.41642345449995,8.21894131036269,7.57434691648006,7.18404046548974,8.12933013539042,8.0143507727207,7.214776665601,6.75321417885979,7.06187489265315,6.42031082835895,7.6769452182599,7.34308947845984,6.99001279098457,6.74438293263064,7.55122983076257,7.29737479209718,7.43460543203055,8.98968399596957,8.16127846733706,7.2811841740104,7.6801487095391,7.46473556622412,7.66213989369926,7.68361194335445,7.48819897532314,7.57426033563467,7.58101364157461,7.56897890406626,7.60499653574593,8.21920105289884,7.91893868110771,7.93097341861606,7.33269977701378,7.09607432657977,7.53529895521195,8.16413563523473,8.59426927510161,7.24880293783685,7.14733018704699,7.27867332949427,6.99096518028379,8.56457204513495,7.39391243470015,7.0423076215964,7.96049748689195,6.95633284213026,6.58299623683517,8.13487130949499,7.23806691300925,7.49659731732538,8.10084503725914,7.55010427977258,7.57417375478929,6.72083294268623,7.27555641906045
"MYT1",0.0215053119232358,0,0.0217426577180867,0.0293440390422787,0.0138566914124613,0.0162295785084206,0.307379560165994,0,1.59378400526066,0.642288456048405,0.0491497892100976,0.109367246271889,0.0082028828658567,0.0170310805278413,0.012663062358471,0.0288604906002782,0.0236840156974796,0.0047602451309366,0.261036092129149,0.0239139084878165,0.11708991463302,0.0053554305949864,0.0475467643270941,0.0375663691299753,0.0078901246026771,0.0291758051914706,0.0196022921099375,0.0989207620777119,0.0084754150553382,0,0,0,0,0.60018315114148,0.844482070501831,0.191563914005843,0,0.0198442201282908,0.135888112780536,0.0329119106374026,0,0.300669648383696,0.19602657618847,0.0160897692062822,0.0192891485576999,0.504064053121833,0,0,0,0.0084610725393209,0.0052361256504578,0.0160969026619478,0.0300139523557275,0.0451647498338327,-0.151754521457492,-0.160900773365535,0.326377692449777,0.430687259007977,-0.248747086489257,0.304098903120013,0.469492743981985,0.342703487763093,0.09012947697995,0.537132713294991,0.339245887330804,0.474991068828439,0.35576200927342,-0.378211489219981,0.442847015879941,0.169062159631441,-0.0142012369815048,-0.233298908411048,-0.276608790278497,0.114248090392951,-0.0554069522250225,-0.324158726498692,0.189945220346336,0.00429216716550895,-0.309440133832801,0.508594292601572,0.0699760016773725,0.134264107574367,0.3099144390153,0.39595264916067,0.503455473610463,-0.111214949416525,-0.198141350498629,-0.304396478156343,-0.018991123818896,0.0729260644315274,0.129061846373492,0.57838072334502,-0.14926970157496,-0.176634441387694,0.0647314456699862,-0.100651821490358,-0.00472720032300031,-0.24346023567536,0.132498299402525,0.138631046346647,0.516640879540324,-0.00186172718186779,0.0747764622163915,0.337606963578496,0.216178574084896,0.48749975785412,0.527299170781141,0.376835396617616,0.0292883978136167,0.175142038067423,0.287339586039958,0.0118523638293826,0.445289540955962,0.00690387146757436,0.379732590863632,0.196236572814875,0.529424484808328,-0.0241087954067488,0.492532839828951,0.157304203421333,-0.469420239461342,0.26128598522907,0.352029492598808,0.245964691570395,0.416698251754404,0.144763793290768,0.402466049363392,-0.000243950832815198,0.298759183797977,0.262755729755334,0.0175515890067641,0.29173824591712,0.327329325596279,0.247117225047825,0.226826291624086,0.0130471921133233,0.11933404087592,0.412859998063514,0.246556818861552,-0.332543671889534,0.227714482560821,-0.292353032002284,-0.378687305793232,-0.517562302972694,0.684857898736917,-0.0284968815822838,0.126080062514454,0.334540590106435,0.0924662650396929,0.125096708263069,0.162992854897087,0.385442389742641,0.236617539331424,0.255322417510994,0.362222540968003,-0.22144578888629,0.0718052520589811,0.470740440774065,0.403523419526171,-0.14174122601597,0.092508559846204,0.14700541803586,-0.26695500069232,0.30123342997888,-0.375155689449548,0.105165280694675,-0.1568933404486,0.275095239554971,0.0379376857451532,0.34842386034373,-0.428415424548753,0.334952964469919,-0.348742582783316,-0.171368737977052,0.0983769642496304,0.360118374344072,0.262047291746272,-0.0839559466200694,0.121269028273807,0.507663806858325,-0.149629207430305,0.1612481941285,0.551312047177864,-0.128534672682854,0.515625804184055,0.439505726165558,0.0625532631346604,-0.0166754831624087,0.380208407436883,-0.285088898983989,-0.0107542102508434,0.35341464751205,0.355465945627842,-0.313997399234381,0.61189935750513,0.0917895481355139,-0.0756873119471337,0.105841997598854,-0.106625962910062,0.543413492061901,0.501065817042581,-0.301552152418466,0.31312884431015,0.412035249336546,-0.0787008169110553,0.386489186203793,0.209612305374035,0.190177841782148
"MTSS1",1.89570202192747,4.17679348681137,1.6342726339204,0.766138854493346,0.141759747313899,1.68875329357474,0.614218890961345,1.31749510280955,0.891495402684064,2.71167110291812,0.743758807497141,0.894782847240741,0.293681239384339,0.307167359179613,0.708829075961463,0.475864142941533,0.668739105180298,0.92413638023157,0.482442516422345,2.62687830331775,2.44875033226226,1.92086492870989,0.532599236086932,0.829005204317137,3.94892784622502,2.34547586053169,0.958169322295895,1.49152989644078,0.071305491780878,2.39112980217131,1.06065616246713,1.42339530149349,0.387896283375797,0.218678269430706,2.39664176849749,0.291700205931572,0.941050706003504,0.488675413744011,1.08643731472046,3.83429658868852,0.270327997595953,2.36514099421441,0.187072197861616,0.360959774557533,1.27089965989692,0.44435114458157,0.688354948818591,2.0118426740274,0.286288575111848,1.2862660975048,1.37246740465355,0.734465547056545,0.599844305108168,0.263137795273647,0.745410576581687,1.25006951224036,2.33638803345514,1.8030338915757,1.61402222434547,2.68283556184255,2.62234296494472,0.752168907004339,0.381457864476583,2.86819108310643,1.47641818524819,1.9171499626467,1.32740253904382,-0.925226545437445,1.73910673331553,0.792663493389245,1.03734829237985,0.090960448604565,0.40660771703301,0.506431581144637,0.28218796187501,1.2422032587976,1.14692187906841,1.07667955959364,0.289057084599673,2.04378556384492,1.45725111700034,0.873154100800007,1.93808970772672,2.16887007281498,2.21163590139111,-0.130180986208764,1.37504322890842,0.100820963483516,0.0645918807260233,0.645143543262015,0.456575045239829,2.28841496668451,0.6698502266104,0.822522018781125,0.648578104624348,0.240640848621002,1.24918317382428,0.26435040125129,-0.121760771255951,0.372926857221761,2.27866524410757,0.726021923729817,0.692341063918568,4.19071879220799,1.22203905983166,2.91439147304489,2.75961462713596,1.702545273652,1.15622843243731,0.101928886503623,1.18292937722188,0.857643178518512,1.61280350902335,0.619439729195537,1.91526649351252,1.36961440610989,3.01044839888815,1.1882474077184,2.88181853625374,2.08189811573659,-0.686247550000396,1.81577500630693,1.63108423885511,1.47187570086575,1.86208618854739,0.795377904788506,1.78054305426753,1.16841558565849,2.12643662114489,2.05386766332789,0.273324577714155,0.758040899010906,0.751614945494287,1.34136236909717,1.03723750007783,0.37913122613436,1.20542021453006,1.71295975004101,1.4256753109273,0.657441488785203,-1.63130588615155,0.672952411066697,-0.419238102154643,-0.161313623073768,2.86409176793203,0.985719079642866,0.0245958597001648,2.21218986290116,1.41448528842422,-0.308113423237924,1.30092317886327,2.45560055041863,1.33704146931875,1.01939993945411,2.15280518902343,-0.48504872954899,0.556509701653469,2.60029529684459,2.76016858864601,-0.484494768038937,1.18381571563797,-0.0213829456342702,0.0239311058881,1.38922464356578,0.860302193766769,0.783190751567331,1.05485347609753,1.82674344420598,0.190119558904131,0.783523128473362,1.02316687772248,2.34447587150192,1.05706932213775,0.824294695613297,0.689792840972323,1.42611848013534,1.42179758035693,0.775767667332614,0.931209267053607,1.46290152440289,0.468651406158993,1.28928998715214,3.20422413510484,0.295372245814281,2.59409092793199,1.37293817517021,1.90662469395569,1.33803860003685,3.48652292062807,1.86751501134591,-0.0515184517811773,1.87427334176857,1.38678721292155,1.80015329172342,3.65769702723458,1.45747270160436,0.926999159577201,0.840027202498813,0.283406677197126,2.00744568878541,2.60262193518682,-0.543768649614653,0.0358966745052545,2.0021276582889,0.621433990631729,2.03049048760363,0.608582083598489,0.632070051624756
"HOXD3",0.863133646059855,1.17562679169591,0.493604298396042,0.207214438125395,0.0401349484012792,0.203253787879226,0,0.949222642118245,0.213515262319576,2.69394408697579,0.599197802190159,0.593037227849667,0.769717584284294,0.220698940412332,0,0.172135439601837,1.33350388122339,0.0653530990381124,1.11812047524784,1.20221709386665,0.857169673939404,0.688507138450294,1.21560405285009,1.71163146063395,1.80920862427109,1.15927395754716,0.189008513728679,0,0.0369646410618811,1.28878968195987,0.646867700000934,0.489628220648956,0.354072958982066,1.0256241821027,1.54496505081108,1.41124182931092,1.37226122137579,0.56871703983416,1.77096009809107,0.971280511147293,0.478506962388181,1.35137391295321,0,0.876753062655178,1.70081698904928,1.5772910478571,0.430276707786992,0.6040447474628,1.10796232347003,0.75357201965522,1.38852571344841,0.488448168366227,1.21883695297993,0.893065486036019,0.337541607030736,-0.594232785784968,1.30393016303362,1.53591525671872,0.88137817092798,1.49166204808861,1.453483868099,0.944342467770815,0.767383633504976,1.51966118008948,0.253652211537302,1.36716446114937,0.261266247433391,-0.10501747939761,1.26993700277414,0.439710088700241,1.12621532520363,0.681604229101165,0.2691232844751,0.812905848117762,0.226922085519118,-0.443626075755238,1.13477436555491,0.431961052167696,-0.151025696301637,1.40191362497301,0.208588999088464,0.172570829282143,1.35458240183172,1.2976391333748,1.36848746738663,0.821005886305091,0.745486530271897,0.750400553438876,0.0759373737073119,0.940319448804442,0.982763648906044,1.53456525035416,-0.0566602514192578,-0.594232785784968,0.65757411581209,-0.203324942864488,1.18712761237235,0.491550333099144,0.814741856773557,1.07766909633424,1.41525168785481,1.28675808207649,0.740545506977626,0.647260067186892,1.36697546025833,1.50980613362823,1.70069703357627,1.30004214470371,-0.0250431023613853,1.32296525277385,0.619935938368303,-0.594232785784968,1.43188376626613,0.830131929329481,1.60325357418271,1.19379664381325,1.61426962611748,1.22398278612469,1.34872337420955,0.98389765425227,-0.285837331866076,0.734416478082548,1.21491074335488,0.870497119629669,1.36532845249358,0.697534304202911,1.19622665526944,0.722698422838213,0.57103870784413,1.41171467117968,0.143761693462544,0.0262301393644052,0.492117335772257,1.03044587370212,0.698911310694757,0.86806710817347,1.23742884951566,0.39777889101717,1.36549045325732,0.314888500233507,-0.272283267965946,0.85991306973156,0.503700390380137,0.476754263343624,1.86545181030654,0.123052595830274,0.884753186839367,1.39772860524289,0.865907097990183,1.16069448775436,0.905327283835182,1.58591949246183,1.08701114037696,0.891017216370901,1.30868218543686,0.525435492849469,0.560049656036653,1.78952745236398,1.23345983080387,0.310325478721312,-0.594232785784968,1.25384492690864,0.445380115431371,1.01359779427247,-0.318156484233517,1.03684490387011,1.71117308296522,1.43655478828749,0.591855805985564,1.181808587296,1.10950224641045,0.934730422455185,0.168115808279112,1.25557293505527,0.655792107410878,1.46709193225371,1.14587141787155,1.17198054096204,0.693376284600083,1.347373367845,0.648853074697066,1.18161958640496,1.76525433792928,0.202270969302348,1.52336019752836,1.2030306873468,-0.0526912327074668,-0.594232785784968,1.49560406667311,1.5092931312097,0.537990552039828,0.583728767670944,0.897956249084713,-0.433339027257331,1.63416871993101,0.278654329408857,-0.25192517198846,0.931544407434836,0.336812603593876,1.54641830623495,1.75715429974195,0.698614309294555,1.25673394052879,1.11754828434319,1.14171339826872,1.05288297948102,0.68443924246673,0.967292575968246
"GPR17",0.0386946355124652,0.0568983899421298,0.213614797141979,0,0.183478892054889,0.103451983012183,0.465990131695461,0.573980369918875,0.0181156792065599,0,0.295382143895164,0.291476255792952,0.0299616707362043,0,0.170207100890372,0.0352579113966468,0.0998634166339997,1.24716800037477,0.142021259081668,0.113884491050562,0.602369458745147,0,0.185430182979756,0.18775128072244,0.585286589802365,3.18731802222617,0.105936828056477,0.0236428581836758,0.0091550868091883,0.527515790186242,0.266279222414256,0.686267436068163,0.588167491861516,0.536511504868543,2.12453989120996,1.98088078961061,0.434499596883396,0.110065184788122,0.0661415571840692,0.168916686227933,0.138818399946084,0.504137294686172,0.0724954985132214,1.06475871378374,1.1524495384764,0.190154641362473,0.947126003418403,0,0,0.365978024847476,0.105912697879169,0,0.0883302342167821,0.331068845935915,0.625156169014568,0.0372696879941905,1.4656877562279,1.3427137005085,-0.590524615566975,0.9878904696748,1.5121750823868,0.641350363931757,0.288916119530826,1.2113390285624,1.35258295593566,1.09519904058919,1.19796462091011,-0.73783891830218,0.84570661321324,-0.175634041434031,0.551410899294938,-0.541707048543332,-0.239559010366515,0.49436895274866,-0.168006908519587,-0.266993190631305,0.932904618009181,0.0734373760377796,-0.198730840593432,0.573597142150047,0.66435904473913,0.985697301802097,0.419605426516703,-0.292665003855531,1.25496740374438,-0.139574053598476,0.227566164663168,-0.542314086079527,0.636004517242044,0.549119822142204,-0.0648301092225256,0.849211765438363,-0.095221149744264,0.153840476799544,0.188911580906781,0.153938386079575,1.2185059878607,-0.0805739214515706,0.00492046187182466,0.100009954638294,0.702328263535297,-0.312618915125925,0.204674974991832,0.55082344361475,0.559204477985435,1.62340002450244,1.05930549852968,0.910326738033946,0.140701051419333,-0.158999254756701,0.714410268691168,-0.564735311206711,0.708104911057148,-0.42492085932191,0.991493531179954,1.05971671750582,1.54685454937391,0.0633135564825356,1.54260528662055,0.000632035406450404,-0.564989875334793,1.09443534820494,0.720558971477138,0.825556883382783,1.38056542816863,0.530791204920331,0.770061903461001,0.156053226528253,0.705696342768376,1.04602900015743,-0.0176965818154224,0.885849418026103,0.622179726901615,0.180863438088202,0.180902601800215,-0.0301506422354133,-0.343088283071689,0.84938800214242,1.17752116323956,-0.267208591047374,0.0994616626701189,0.144362858492506,-0.515780671191025,-0.420514941720499,1.40590434984075,0.394305668556596,-0.298030432401251,0.936282488170263,0.569367461252692,0.216854889427735,0.544596413404755,1.49071336820392,1.02707376354336,0.715487270771513,1.39439021850906,-0.486231650477556,-0.101506925522278,1.25956913990585,0.0849123436574566,-0.4361216809575,0.399494860398259,0.0607287514897074,-0.135520609405177,0.232246228248667,-0.287397484589844,0.641154545371695,-0.25393209267512,1.15165353145528,0.116674114099634,0.503415770223559,-0.257104353348137,0.69715865354964,-0.146329793920641,-0.415032022038742,0.311004453105904,0.354574082719865,0.458769138529252,-0.682598502508479,0.473749258374053,0.736576929690271,-0.362043519685763,0.145518187996877,0.637140264890408,-0.581203652107989,1.05697525766494,1.135185190554,0.394364414124615,0.65237494886329,1.17947934884019,-0.148738362209413,-0.334942230973078,1.01017462180994,0.57862967914366,-0.0763834042662278,1.36115980886641,0.21930262142852,0.333778151641201,0.294242384364533,0.00464631588773673,1.13553766396211,1.22199155822981,-0.266542807943161,-0.0902473583186703,-0.404986529907523,-0.159821692708964,1.09161556094004,0.447294170909576,0.175380518406446
"PTTG1",7.8824168463899,8.00463059978975,8.86576419645901,7.41238354400096,8.27315218624355,8.74800495148818,7.47801724034487,7.99812779059549,7.88307701522153,6.77678831609328,6.93984951067013,8.4824288340058,8.84999300644006,8.01588332955329,6.91854127766534,7.22776995101132,7.74545920608353,7.86180652272848,8.49322700969157,7.07696520211272,7.4545131627052,7.60844704528203,7.81518473144468,6.72293045379415,7.94028422900907,7.29153909794262,6.22970519462331,9.03353863276549,7.65806863458683,6.52321535398625,7.80265206577531,9.21050819436225,7.47566858928271,7.34189682097711,8.0643817090505,8.12271412738719,7.92010270703537,7.46220777324849,8.18385865319585,7.63595749172932,8.31594203414708,7.90546523036567,8.40219774728693,8.60033294735422,8.33645300169164,8.38639280085795,7.89158930594785,8.89864673069475,7.89180800103544,6.90613298182103,6.74642026577657,7.22070721983562,8.07911139483591,7.62726392386121,8.20709342562961,8.35055654742743,8.71406891210402,7.83691509771798,7.24002156369252,8.69008593568226,8.75420960375856,7.40862695986601,9.14829845196983,8.48380335600631,7.61404006607652,9.04671496875743,7.60860585691751,5.94247732876561,8.11065432708775,7.57766709277223,8.85137326352162,7.33095399695326,7.13343860805384,6.73275625272964,7.16952175686965,7.50144325230187,7.91299402594409,8.07529573949314,7.69388671265288,7.96088752266548,7.14568369269214,7.62751690479086,7.76974827251264,7.50281991862216,8.2099192143923,7.31689750926196,8.3565704055634,8.36475794736297,7.96045278593276,8.41294126857284,7.9450920880433,8.60719613197686,8.29643182420371,7.9054585892436,6.49596964564112,7.27132260844841,6.72580046500611,7.636646376178,7.38051398448341,8.31056076801713,8.92795938460258,7.90915385147173,7.9609599787876,8.65400278686645,7.85742018027797,8.6938536540325,8.11159625667531,8.38019110137455,8.36867057795746,8.1983986909752,7.06909757161118,7.46883799734782,8.04457434371421,8.89187623578676,7.04511459518943,8.29527252624979,8.90615009184443,7.49637132375347,8.22535236840388,7.62208269563186,7.72040565334884,6.98801917095878,8.44489441842781,8.30715533027748,8.0632680232212,6.75391344038871,8.1061620475163,7.40725029354573,7.97936383380611,8.19745676138764,7.76214037969002,7.71576846153316,8.19528307772404,7.25668647178015,7.81938071616491,6.4789424569429,7.58926007231145,7.97581348382223,7.58071024990127,7.35428486827593,8.70667838764776,7.63215409660655,7.59723024574466,6.64979399290211,8.35178830150347,6.97628127917532,7.35711065703862,8.38754539776975,7.33595346937955,7.90451665965604,8.07471609051617,8.90361412757022,7.85234825172956,7.43174046282233,8.39410267682162,8.2625223590515,7.32450540208457,7.77981967348733,8.52474106500417,8.52350931092813,7.89270631175046,7.35486451725289,7.40304783846277,7.39761362930376,7.94856998190507,6.76101414035648,7.23712331880772,7.05706985533925,7.24096349328008,7.9184282351031,6.86426411437764,7.24291980857732,7.86843351084023,8.53640650066551,8.06696328544932,8.7428339925857,7.62780672927934,8.0650794262742,8.34041269033061,7.63497988536923,7.77192195617624,8.47525353359614,9.11040390010101,7.87285333428955,9.35204506737157,7.99088435722321,6.12716798404977,8.43496792969736,7.58744866925844,7.85292790070652,7.08496546235549,7.26929383702905,5.5378098867248,7.08098037563888,8.61234051664738,7.28921927061208,6.46343684680919,7.97979857053883,7.65164479345686,7.93893331766309,8.32497953631903,8.08080240477426,7.2377754239068,8.06993398645625,7.24523840448517,7.62461865990606,7.60730164671935,7.27204716966961
"KLRC3",2.61728202436156,0.182935056608672,0.0984518987826289,0.0718354199273908,0.465361221435404,1.50635312768713,0.252114056769411,0.087965151126287,0.0313330828231813,0,3.2890022415449,0.401034043929987,3.59282775478428,0,0.618173803350998,1.09624835725121,0.0701997040819007,0,0.144759054635109,2.56187597894583,0,0,1.51642368460269,0,0,0,0.0628373543360689,0.951504990396332,0,0,0.366764782682364,0.350579846082682,0.0821003189628417,0,0,0,0,0,0,0.320417668403547,0.0718203210422786,0,0,0,2.07683611523439,0,0,1.25463032158054,3.11861554739321,0.881235466280361,0.329515152312789,0,0,0,-0.880936416735775,0.17618647882901,1.69235430540275,1.23067026590542,-0.339319379234356,2.12676755718684,1.60698314445291,0.921054856427861,1.37898016565387,1.42052613109971,1.05384999718402,2.06898707588823,0.276192695941676,-1.25217101076776,1.81663232331005,-0.775931888092089,0.161911301096415,-0.249309785183732,-1.25217101076776,0.653585209779874,0.27675250683315,0.0168802937123141,1.26309931111868,0.852677954683496,-0.835271842588368,1.46671052964635,0.298705091077394,0.308621741154939,0.667740428035725,-0.861942832917896,1.11422960047876,0.22309063423611,0.159672057530518,-0.722869812878772,0.086136898286139,0.941767859412412,0.471926575496452,1.62453721454986,-0.208963414505332,-0.817717772491423,0.424942447104856,-0.125711537644649,0.533985611465607,-0.937397343790186,-1.25217101076776,1.66220449024763,1.33571478104135,-0.323444741811833,-0.0536158921212041,1.66348405799957,1.70626960470511,1.78304366982159,1.42212559078964,1.50437780534412,0.14675642053436,0.280311304643237,0.34568921946899,0.0587061646038965,0.508474229411277,-0.981422471755418,1.06876495879259,1.01918170840486,2.48720579831181,0.0233181189642688,1.68855558863917,-0.903368838886996,-1.25217101076776,1.43148242997571,1.30912376369632,0.44557547710491,1.63093505330957,0.649506587570561,1.79571938786426,0.0430314596426152,0.202497590728304,0.64494812745427,-0.666328912839864,0.578890442260299,0.572252684547103,0.616877609896057,-0.866341347065194,0.364242951872139,-1.03508434435246,0.709526312435059,0.710725907202504,-0.0616131905708375,-0.965827739778633,0.413106445399399,0.636191085651921,0.0398725267550098,2.08478174032626,0.522869366620617,0.418224716407164,1.95644509345577,1.47378813877427,0.0706221392938503,1.11223027586635,1.65252775912358,1.0205412491413,0.901781367164245,1.46914970567348,0.128042742162218,-0.574160048207839,1.75437335487966,1.11754847933535,-1.25217101076776,0.445335558151421,0.301464159042517,-0.445163624215253,0.609879973752628,-0.53181435291703,1.09559589509111,0.60284235111695,1.33063649652583,-0.918043881542074,1.23678819921939,-0.118513969039979,1.30128641121568,-0.27706041080396,-0.591514185843544,0.395072537395476,1.56123859732101,1.23390917177752,0.552699289837749,2.06838727850451,1.25546189109928,-0.427089729719082,0.5177910821051,1.86677538458925,-0.506782808769678,2.14380180288455,0.998348745943568,0.566894494585848,0.240924609778793,1.83898477247678,-1.25217101076776,-0.802802810882857,0.798216352241493,2.44785908993961,0.275033087666479,1.4601127584254,-0.129510254408225,0.429460920728899,-0.425410297044659,0.0406722565999734,1.77608602017041,1.88280996798077,-1.01361159801519,0.0467502034216948,0.242923934391201,-0.105998196966302,1.66524346365849,0.661222629799274,-0.400098847451569
"TCP1",8.80935334449841,8.93132552975959,9.03062299958585,8.98168999851704,7.73373394725748,9.62970814308756,8.83990921317989,8.73141068168114,8.84638675217633,7.416071248126,7.79915208079804,9.19137758429416,8.70263676710305,8.83679203163373,8.60719343618862,8.86642893672117,7.95292757719695,7.95613798762999,8.86945195711504,7.98624594886193,7.7351159559674,8.16956428259035,7.14360770079165,7.29791588435672,8.46510515841214,6.73167202380007,8.18986408423011,8.56667057289634,7.12151279625707,7.33199177823206,8.1348575240422,8.92483921993324,8.45716332970591,8.83042013333083,8.68459435073562,8.26355559797284,8.43639923668283,7.95537674303093,8.57127482568663,8.64791167089943,8.73248290119478,8.61969544714364,8.43355205953414,9.68007992480522,8.63429921095772,7.95446969846149,8.41267992351859,8.66132562615805,7.63949989380531,7.97827572632625,7.38042643133395,9.21855597123682,8.35871273112857,8.90099658433349,7.33071060505403,8.1765673992674,9.20451483228318,8.27358915723265,8.37963915217762,8.22132710936408,9.44993028821099,8.34200030505087,9.20273461654069,9.41445313162868,7.14925575758823,9.38800421202609,7.22059154555482,7.44833200232513,9.24698569356809,8.50724247343335,8.61945964434335,8.17440570872296,7.63296580647393,7.48775106519437,8.38040210178154,8.38523411593971,8.3099564216862,8.61818806167015,8.54125730994148,8.47767817628143,7.16960108035945,7.71854332038037,7.41883128430687,8.45733285351021,7.58451850662497,8.25515120847123,8.2391292667889,8.26608681946076,8.29215426426138,8.01749240684995,8.59796989716625,8.11184384120147,8.49497170063696,8.32457962242801,7.82637353106782,7.64021382771118,8.44512565984748,8.42795929375926,8.36984796559397,9.34731356648366,8.94740081576191,7.7503328872104,8.6406950749858,9.6466441277552,9.76782595651126,9.05484955164741,9.05942724927093,7.95276884878401,8.32419814762605,9.20286177480801,8.25362530926339,7.46842300856171,8.5477423815748,7.80806274057372,7.55743379568579,8.67032295127139,8.50234688014153,7.76508324621953,8.71431971176415,6.96716511878584,8.04673880833357,8.51938608796242,8.16664905441644,8.73936989042621,8.51379112420034,7.98964474630684,8.64400118993613,7.21016456763457,7.20558687001104,9.34400745153334,8.47831396761803,8.06288790828323,7.40090196861473,8.34810390188223,8.68532762681516,7.9862114730892,8.85152348220255,7.37915790490299,8.58334669642444,7.65559997805691,8.68583625988445,7.32066510193574,8.51875029662582,9.09833767907088,8.82914362715421,8.27435210683657,8.08653934600477,8.9062015371502,8.06415949095643,7.10881942858044,8.73199471092165,8.99813696442264,8.22005552669088,8.00871848640486,9.15886501431526,8.77980621943401,7.99612981794017,8.71241233775435,8.85215927353915,8.76263985334579,7.4114561048023,8.21547782906736,7.2325444226829,8.38230947579134,8.29202710599407,8.42719634415534,8.32292656495285,7.85460266641289,8.11591290575571,7.73977875102283,9.62032236641994,9.28513317376412,8.4439812354416,8.8145204264124,8.3061416736666,8.87542923645873,8.63281126241196,8.27435210683657,9.04874595481604,8.28096433673721,8.51620713127942,7.48724243212509,8.72322079047656,9.48171985504102,9.0036047699174,8.05271524689762,8.70974201414063,8.45377242202524,9.17374253159171,9.28640475643733,8.24205390693726,8.31847602559665,8.90327689700183,7.8907156143318,9.31158209336671,8.25642279114443,8.08603071293549,8.90887186076392,7.78619151859467,9.19459648743221,8.488232312469,8.69918787795306,8.39858573400832,8.76302132814775,8.98580261249258,8.25947458956012,7.50135699979762,8.40316343163184
"PFDN2",7.82186962709005,8.09472167291688,8.01593906671195,7.98866196698633,7.08362824300506,8.01584431226094,7.78826155647396,7.33331638635055,7.54810519834616,6.65995309243667,6.43880183083798,7.34362989495905,7.26747961726143,7.44560256744778,6.99102291044492,7.10914112936416,7.18742136049232,7.30675438138992,7.3327079336406,7.86556626111637,7.31694219135877,7.631686366312,7.37656822542571,7.09287339737442,7.30355245558372,6.62775856992004,6.51702367206458,5.97513260362335,7.03539297207242,6.7515440590891,7.27387017925956,8.41571642057036,6.51501538124943,7.47674620393947,7.81598522720104,7.57883307255957,7.07629185712929,6.90446001264126,7.88239850405388,6.65975334234416,8.01730952320542,7.31787384063902,7.23612902872582,7.90186246718289,7.40473285446948,8.35541276756642,7.15274115872319,7.6866966083292,8.41797906153226,6.78830724060412,7.05415387176271,7.15703360154065,7.45591075667925,7.07282396718041,7.16096650708738,7.46736624602698,8.14653428926657,7.70566512426233,8.11318760389788,7.97178899645792,8.30482277630887,6.70699685854544,7.86330400055068,7.67004480125486,7.20535657527298,8.2359640363917,7.06774736389764,6.84092494231515,8.0565631998465,6.64241472275835,7.26349673775021,7.25115413342543,7.38616490178504,6.97279592536406,7.01859348351651,6.59905320493315,6.91822862203347,7.93757616341731,7.68466104321841,7.72428729920848,6.34700423240616,7.22863429395567,7.457080742423,6.76210550417097,7.21834879035169,7.2575419725058,7.74204332648272,7.34480635045114,7.53438442214132,7.70198399665669,8.18994994132127,7.76932697814801,6.48028270542194,7.49248452851248,6.8474210498545,7.13519861384794,6.32589188290326,7.0912416194983,7.34783786730284,7.63388313595245,7.63832214277101,7.49540777690519,7.08496204887693,8.2610823188772,7.96117868747697,7.51327207263842,7.81155167715382,7.58321349714548,7.26338846929122,7.64330249188451,6.49554855813942,6.88444886282883,7.46704144065001,8.32745088423762,7.22246299179328,7.95868851292022,8.21344419692193,7.15512001030196,7.20860462904266,6.81255860605996,6.36616774964726,7.04620194055877,7.4952995084462,7.27843778509073,6.98860312037649,7.27140033525643,7.43986605744371,6.85478330506577,7.39601733155306,7.55820348311896,6.81797202900942,6.85164351975508,7.457080742423,7.2514789388024,7.19485453475102,6.68090415992903,7.15468693646601,7.34426500815619,6.65784297816432,7.31654828265494,7.69115715075777,6.77715481997047,7.25072105958948,7.6363733105092,7.13736398302773,7.35487531713714,7.18640959494986,7.13936694951903,6.65156340754294,7.22863429395567,7.63280045136256,8.06013605899315,7.21704956884382,7.25202028109735,7.45069290334263,8.00188762805693,6.71619967755952,7.45837996393087,7.23502213303604,7.10834803601861,7.48901993782483,6.82262757274596,7.40922608354975,7.37533805588611,7.58992614160281,7.61937516244789,5.9295210545436,7.85161100697984,6.8352949824477,7.57985717491681,8.30785429316057,8.01574599080755,6.96110293179322,7.68054684177682,7.57715046344208,7.69234810380665,7.69267290918362,6.84503914375674,7.53849862358292,7.16064170171042,6.74153449696301,6.73114072490004,8.18377863915888,8.34997072370738,8.70119360466853,7.23480559611806,7.29435324856215,6.89040362807324,7.52907926765085,8.45369190741909,6.62915183653216,7.37988533116366,7.27378224135419,7.60432584664838,8.27310011782501,6.40622707947329,6.79058010888514,7.36786753221585,6.96500059631683,8.06988022030218,7.13703917765076,8.18486132374877,6.64853189069124,7.41128318427054,7.0560543703268,6.78419226980478,7.52583121388117,6.79599353183461
"CA10",0.278256007956736,0,0.0165405342915966,0.0140038610880245,0,0,0.0334688146372928,0,0,0,0,0,0,0,0,0.0246359876782165,0,0,0.0248940894030939,0,0,0,0.0264105676197728,0,0,0,0.0448864752417854,0.3126442647831,0,0,0.232368504706102,0,0.0149408226219282,0,0,0,0,0,0,0.0207276243314572,0.0788434340143486,0,0,0.0200861075841195,0.0177038842733208,0.0345312703655344,0,0,0.0636658403004394,0,0.0179532551045043,0,2.50410423471821,0,-0.0572265270865706,0.0236206517918981,0.589759482014822,0.566306036400658,-0.457557376433472,0.437393199218064,0.677060993505489,0.336580463623585,0.274945642861857,0.609284707242029,0.272465881319648,0.64633049065531,0.478680070128768,-0.483838213712585,0.554162157446289,-0.371582653244595,0.116658060307768,0.0449767289988664,-0.188978343604872,0.158744480500773,-0.164690585696133,0.00200964582825414,0.437312085522758,-0.353152462904018,-0.344473297506287,0.392908131178155,-0.00726049077813475,0.334355630838052,0.0896240244293866,-0.316975754797586,0.467138750053814,0.133645585638976,-0.351715591730028,-0.484069967127745,0.242905733216026,0.178304468740254,-0.0707841018734143,0.112741427591569,-0.227333533813806,-0.637455964951206,-0.299188680184077,0.0257527832113674,0.073389697697448,-0.187112728612836,-0.454625695731702,-0.301981308836752,-0.117667817760226,-0.561858000926105,-0.134180248590356,0.332362551467678,-0.0507026684498244,0.625437920278661,0.590744434029251,0.119775143741666,-0.132511624001206,0.0337019253513459,0.071002637521303,-0.487627382050446,-0.251748756100882,0.204284026579658,0.0798672056511623,0.307194130581333,0.725346817554017,0.219035131454575,0.599133907658033,-0.208109588026307,-0.186046662903101,0.190564224402203,0.291191557264554,0.430266781701902,0.416454278158383,0.175245323660145,0.566398737766722,0.151780290375224,-0.325168238023482,0.458575461363662,0.171977600506393,0.327530492761598,-0.16073918996766,0.201908554074271,-0.307728793532713,0.166913788385153,-0.110495049561032,0.0163435945558828,0.368655136281691,-0.0865201587627593,-0.334021218482583,-0.520941935479656,-0.440384448370137,-0.50417457589285,0.68649335750249,0.461171099613451,0.12291540251708,0.482486619972766,0.119079883496187,-0.214204702845008,0.258943069545079,0.696806384477097,0.3091060962564,0.42406737784638,0.363313220062259,-0.414903160373326,0.0409789825873611,0.642332744243805,0.0418828209064841,-0.52425600931644,0.0989057487065334,-0.360580159859887,-0.341251925035567,-0.00405070597817268,-0.224425028453551,0.421645554657961,-0.0877368641923479,0.42889943655246,-0.17909406044831,0.393510690057571,0.337634941662562,0.478170212615417,-0.174771859255581,-0.259825362619199,-0.0946894666471395,0.120400877962597,0.0302719748069821,-0.451149394504306,0.266869036343541,0.287900658769286,-0.329768543314403,-0.287114327254256,0.227644770827758,-0.0649323281406313,0.436558886923489,0.311794435872253,0.433928485661426,0.141884419547904,0.40387006771521,-0.397753407651507,-0.178781193337844,0.485621084912802,0.412885275564923,0.160957725615549,0.763667244750677,0.172927789508548,0.267529533576746,-0.229338200854937,0.250194378122799,0.550326638425396,0.268398608883595,-0.160032342051423,-0.446919894677641,-0.171480960760313,-0.457395149042861,0.493732454443392,-0.0604131365450168,0.00486021283471856
"EPHB1",1.67078596192824,0.303942028815066,1.13857203383558,1.98596303862846,4.32306737401364,1.150501187753,0,2.50565977521141,0,0.103202188478448,0.100287410320636,3.06629589016311,0.372361530434818,0.0367157222008906,1.36795249995744,0.0908263373320996,0.0854205769960881,1.30832592294511,0.263949024959053,0.331748777550857,0.521813605230592,1.02747257020065,1.47155166563934,0.115912179887373,0.178248059818,1.79676385790444,3.98672037607907,4.43228465599497,2.23011691646422,0.0823279031566672,0.012778894786943,0,0.973118967124774,3.1171963291633,0.096748967174971,0.0183493098788918,0.402011567319124,0.26684529653282,3.54248093822006,2.67617712414928,0.238647473841543,1.41002083201889,1.79666835052392,2.09434756187564,0.169996813808144,0.784406822836625,1.30634974384972,1.18949566597627,0.271584638702395,0.0731484183962232,2.08390433454,2.09654523585014,3.22513299822637,0.737781063430882,0.941501470894913,-0.639652077925589,3.30183170778048,2.85043952485408,0.0446092845014299,2.94990207594441,2.46917708657927,1.63876405538976,0.51399823295029,2.44637691388889,1.84691169933284,1.29003669499898,0.942013834326157,1.18026282985485,1.60738179522603,0.00224323328040055,1.30124464505745,-2.50465496765554,-0.572532468432561,1.09437790969249,0.800473436444866,-1.01117961100675,2.53463151492075,-1.31603585259722,0.612372011749232,1.73918728791368,0.250131065859377,1.26102411570476,1.56498372129055,1.4169747350898,1.78293031585618,0.0881601761572111,0.585536977037801,-2.7333611942773,0.518097140400246,0.0379485598952511,2.02098717509815,2.80496727033113,1.12191744412188,1.05390119862417,1.44675585953089,0.303673044424426,2.68673940857146,-0.545825524578941,1.77735836354139,0.302840453848653,1.33762244867581,2.12192277105332,0.901024759826598,1.99549709439374,3.67733005745378,4.4249323490684,2.7988189091562,1.80444957996845,2.21831114155619,2.33762777560725,1.2592308436954,1.09168800167845,-0.127096510394381,0.915434981330349,2.04711771009162,0.656947630267503,1.28286360696155,2.80893808692327,3.23631323401009,1.50375629125684,-0.383534407732248,3.47917350041997,1.92415048659294,2.15490616693968,1.95860692734413,1.31033909596204,1.38303065776985,0.88539767517364,0.406145730673324,2.79010873082504,0.77530358288498,1.10295999716583,0.0204001123751278,1.1451659348146,0.923824932516978,0.950275694654975,1.3674676185458,0.106605259682013,2.76570742241202,0.803099299029994,0.994531086028716,-0.505412858939533,0.541537767379681,-1.25839496658222,1.51541255931765,1.31719195685494,0.159442738529101,2.29878422297602,2.6698954607693,0.621018144651483,0.545124311398393,2.52675392716537,1.12153317154845,1.29509628388252,2.85434629601732,-1.7591021297659,-0.178012626374301,2.94099976132654,1.54980495463993,0.645675634780124,0.843383873811593,1.0783665524661,0.772165356868608,0.998758084336484,-0.534105211089223,1.24923975678614,0.55684462488811,3.19551629579724,-0.827305184618884,0.647596997647291,1.2062652739905,2.91442090833073,0.31558549420086,-0.511240992969938,-0.073298350113709,1.92568757688668,2.25219117344723,1.2189462689138,1.93920116238575,1.51297883301924,0.869578454233966,1.47442348481809,2.44938704904745,-0.102759247410267,2.21068973551642,2.00491177244285,1.04006738598057,1.80316867139034,3.46809364121931,-0.40761548900074,0.95783305526583,1.48543929858985,2.958996526849,-0.114799788044512,2.71037217183761,-0.959046631877624,0.318211356785988,0.516752186393228,-0.695435646502333,2.10821704926752,2.7493117926122,1.89673904302136,0.646764407071518,1.02098184816671,0.579900979294113,3.31752283786234,1.0852834587879,0.408387320685018
"UGT8",1.71453128038056,4.66284351749806,0.0945184995887171,3.65330082845122,0.041824709871916,2.74398451611779,0.0402345660003289,0.0519789849505158,2.55247052598053,0.315487398705385,0,0.224976240098308,3.80747857633314,0.101947189583832,3.25538591724664,2.64818009713082,0.0469701328085273,1.36937155719662,3.56371947610304,3.48843788492343,0.390487199833623,0.542370984220124,1.27707422357338,4.51765364239942,0.0833114171110228,5.28253247257496,1.09509399863787,0.322965308223546,0.0439309836381168,0.188662978795116,0.144344017163014,2.35409948376433,0.061047582216286,2.92231394451327,0.0764168024017837,5.28910039217241,0.391284908137357,2.30567582516684,0.736465469388402,1.20666197639671,0.0667092007513376,6.25738029916945,0.76657565712369,0.0374721899481933,4.11544947301776,5.50138500326946,3.20219514851826,0.330544632696333,0,1.67486285068811,0.0980111900577024,0.334210131653718,3.71488291065154,0.169995531475813,0.292242413669809,0.674847649095927,4.3136339737712,3.160831893924,-0.389307789527189,3.65511606753511,4.37782363987186,0.987010464263615,3.19826927008382,3.90245602630768,3.17935271003689,2.33087771546346,1.93370910326481,-2.97739396933658,3.83905784807509,-1.07798138353684,2.61098527197422,-1.73998183639245,0.592532910816415,2.04950377836378,0.0596241292433808,0.926382493569282,3.47291556030488,-1.67856237783005,0.0858223776765716,2.66528133972397,2.71997315140776,2.32209220012785,2.99050370471485,-1.11621024756473,2.88507752068763,0.848974980071817,1.61291907033514,-1.52533032657126,1.7998685047738,1.69673763556398,2.31283179207141,3.7493031238357,1.93932866712812,-0.222224700577141,0.0942912978649444,1.76741750218283,2.72005230019457,-0.421363048184115,0.124446985638496,0.631236667565146,2.95235398947377,0.934059925889582,1.7264975794035,1.58830379763809,3.20040628732761,5.12039755769723,3.34255750843338,3.02358789760027,1.64924836347965,1.01613721780867,2.69274596874608,-1.73444142131595,2.9669173662463,1.02231082317964,2.91531235724799,2.52954117034959,3.71503169914817,2.34409556286026,5.11778564773259,0.671048507329179,0.446503399157088,4.58835941277907,2.31758071927984,2.64652307725066,2.79864704549415,3.95936400402207,2.46812171178718,1.18583221672336,-2.36976873301753,4.24746558800036,1.82495867019169,1.89231428776463,-0.47106848629905,2.05480674707986,-1.33434430400543,0.965323696678436,0.305301963493001,1.30415965300016,3.29831333660814,2.4486511102326,-1.93967422550708,-1.56609195177698,-2.46466812839939,2.363091271694,4.79470029998551,3.69508620487275,-0.634669028629581,2.72060634170222,1.51683244315117,0.372657581065949,1.62336671019369,4.32218204274638,3.46824578188325,1.32268046911305,4.36927557089668,1.53424517624876,0.0716547448380789,4.23021115247639,2.22109834816184,0.128166978618436,1.24171126020926,0.154444375838434,0.29026369399963,0.90532891627856,0.780590428270376,2.03319912828149,1.70995548296079,3.46428834254289,0.818265250790615,0.924482922685908,-2.42010736142692,2.96232673661148,0.0597824268169955,0.382551179416851,1.13185274412083,1.39351863330551,2.08599136908191,-0.873619216000588,2.97847308912016,2.90597280040474,0.000262539137962925,0.905882957786211,2.2897203463237,0.137031642740845,2.76975773830951,2.79318577920445,4.05560892877966,3.15655785943641,2.88491922311402,-1.71734528336559,-0.397460114568333,3.79877111559022,2.99390710254756,4.00574519309111,4.01706346960454,2.71079189213813,3.11967452478424,0.407166452113898,0.561110842453947,4.1372113279779,3.99680138018189,-0.732655226696924,-0.171965220954555,-0.88438345100637,1.48137378666153,3.59338001382547,1.28025671938438,0.998882782284698
"SLC1A1",0.947891285675488,4.43455484012651,1.85282185765363,0.0549151415077993,0.257955605900352,2.56862317236846,0.050847136710342,2.68267891134294,2.94700590029103,0.170431458794913,0.486882184352955,1.8902832493243,3.10293018556738,2.15313732711576,2.16649050838324,1.25869378624001,3.9273845000115,0.492851993085758,1.91464488357905,1.45677987039294,2.41856238240558,3.12836599591458,2.06987055141248,2.30890252687258,4.2117987619576,3.20817542981223,2.74125987063932,4.51670858371055,0.0062204556349603,1.07747545239117,2.00419933847759,0.568905729006709,0.0086403437419999,0.493528470680531,1.96493457564312,0.0863055054707654,3.17601153826058,0.230838741424823,0,2.0265522131407,2.08808730816966,2.07906743525949,2.46008724011683,2.84374069528668,2.76287391635024,3.71829586076291,1.10713880431927,1.87542229323764,0.570474589120682,0.510809036123656,3.48722906980423,0.257989387103304,4.95656317997465,2.58727617003843,2.11073520231554,0.882190933953596,4.45184357247204,3.23763599664933,2.16293546745839,2.59266863613436,4.27088878010185,2.07544488221897,1.46245937429151,3.56976937380822,2.65222105129733,3.3900093058163,2.16091362620285,0.486093851619667,3.71350390670155,0.217510621197182,0.924741502195037,2.56693611106394,1.47679606683075,1.67842878113252,0.879709583321805,1.26588126312857,3.10345925878215,1.85056099347856,2.49617166712029,1.76536795512043,1.13997569403403,2.22138506011833,1.22057363862959,1.00065245115277,3.29884264556682,1.38406707470199,0.781925988054218,2.26751980149458,2.16449779933766,3.50580566863318,1.79918784521298,2.84935057371178,0.048640925422565,0.523773620472778,0.74939272421519,0.756469168609555,2.0498042590238,0.0976246249316102,-0.17219928080677,1.94724176624314,1.94567943436386,0.876860625189009,2.98527344720873,3.79474516442387,3.13920908825498,4.95675247510374,3.27145588674188,2.39452819309214,0.165632012617714,0.00912311906442431,1.25797770185695,1.82850454341821,-0.293325952388236,1.04164068751493,0.943581386621593,2.4751261376877,4.61083381665712,0.764648435506938,5.07374356229889,1.0085560124244,1.88088861231156,2.03050486522099,3.6207749145728,1.76472464199367,2.95329159462122,1.94227906497955,2.14786355991714,2.0624867178085,1.21744897487104,3.7748024574943,1.59314384089914,1.78659728830353,0.509528829808796,1.20265277295555,2.06864414345036,1.10597200019098,1.47826649683477,0.820800481285599,3.11329275943406,2.56748752231545,1.87592591104798,1.24189487368793,-0.476394487889208,-1.11299877775629,5.11041241052423,2.57520727983658,0.922352053438498,2.03404308741817,0.774390034283596,0.0914671992897604,1.08731591951493,4.65687665615812,1.55197180078647,3.22807820162318,3.4233696865326,2.3607083029996,1.01250779306021,4.20894691618235,1.03291000936604,0.761799477374142,1.31844913577243,0.845062576351993,1.76647077762345,1.2088101985974,2.44976122011829,1.93409979808217,0.43150413772028,2.13095361487087,0.726141549776563,1.41439469353499,-1.37933041223511,2.49120896585671,3.61231994204966,1.74101395817879,3.34084180255676,1.49784159626334,1.7697792451325,1.91461660052885,2.30492386472194,3.32457517063724,0.744981434203119,0.524141227973784,2.95457822087474,2.65470240192912,4.70916882317622,2.478158899571,2.79944785545022,0.604279663193085,2.35537799423501,-1.98551518139395,1.08979727014672,3.29838313619057,2.76415753535365,2.12194723109622,4.44651326370746,1.10560439268997,1.61906016972006,1.523298415708,1.84863105409828,3.41004391462113,3.93884730481821,-0.445607359679958,0.126114206259573,0.78633727806629,0.53866172426352,2.67482891260919,0.743602906074347,2.24086825767165
"NARF",6.30705869611074,5.91741027234569,5.46445916561299,5.49886037316747,5.34250141142364,5.55922258290372,3.94102177555723,5.62564455952416,5.70700842482537,6.05276800371736,4.13873256972024,5.25731240568561,5.57857950371324,5.30130961569897,5.89165248793397,5.98702292682768,5.88083243173657,5.70364061225537,6.41462266481928,5.8027825848378,6.14122840555475,5.98742547117199,5.07221301223991,4.45718713859371,5.29998823669318,5.3424729657888,6.18088183493299,5.71508066502285,5.1614644834989,4.65730844447882,6.17990909001493,4.80126731984873,5.92153630290953,6.17891975854971,5.95752230678602,4.72225288332356,5.20811142524086,5.6602754878105,5.75464970505069,5.84864797613473,5.86730098237395,5.67106687196445,4.13995238633994,4.70317269963309,6.05797223406414,6.11817696857585,5.36123847868078,5.41772426962683,5.18610433258889,4.97910618083275,6.36371951944433,5.04866777851511,4.74293859352616,6.45784870430743,5.53917195405294,5.43474848687064,5.6270872995851,4.80296091643064,4.95089416160557,7.11294621803332,5.97516552352612,5.29961223522295,6.31236630296898,6.29547427151302,4.89023641228644,6.147029146597,4.8207487374335,5.69030444760969,5.89748777281575,5.41465720703287,5.0217895057465,5.08449477402999,6.08880282604804,4.57824571009225,5.6558805350214,5.22910080088784,6.33540089131802,5.39622953635363,4.86182708665596,5.66906143835446,5.48542458123852,5.43218908816519,5.35118411913774,5.32981313994724,5.39085479907219,5.03944935681409,5.6906883574155,5.62081677275676,5.10100289568013,5.28387193318444,4.88626934429299,6.56830617351385,5.17586530781451,5.2237260636064,5.37537043690423,5.83017558686245,4.55393142239048,6.3934992419317,5.98079620067811,5.47185976809964,6.04234973954415,4.97904754736551,5.5988059438899,5.58357752159248,5.83913348233152,5.8118758861185,6.79122980075842,5.70502099016602,5.82339318029302,5.98885830660027,5.45522367651423,3.95336851615696,5.43346878751791,6.7973723576515,6.15739471135407,6.43892856895342,5.26877148082229,4.31258012446667,5.19557267784646,5.42502277178993,4.96740228325571,4.65425985164407,5.73253452624959,5.1610207953229,5.64026820291816,5.10471402380303,6.01458026359003,5.42182352340812,4.97712799833642,5.77975543236512,5.04763943267153,5.13197162001606,5.8489871673475,5.62312023159166,4.55226781323194,5.19646846739337,5.6595916631443,5.95430642407671,5.56783721955397,4.58617984607914,6.47130496257734,4.73897594879442,5.42220743321394,5.56591767052488,6.6418888862955,5.51946458402099,5.49515029631923,6.52972323802921,5.49451044664286,5.15922921622909,5.03241101037411,6.40962345377603,5.22219042438313,4.85478874021597,5.96108883064615,5.03061943128029,5.29282982865351,5.88430686948269,6.07511004297389,5.96531183851014,5.50474804146466,6.35165307309762,5.80253408084361,6.39912991908369,4.49007442468954,5.49873345450685,5.74955452764082,4.96292333552118,5.05506168891733,5.43743585551136,5.48555255117379,5.39814908538272,4.86425851542613,5.33058095955888,5.33275644845851,5.97554943333194,5.24765644150234,4.61087804358672,6.00088748051588,5.34337795308612,5.31253719868546,4.87539189979483,6.32631502591368,5.55337661686818,6.92777372169411,4.83392964076657,4.48815487566045,5.15103914037165,6.25413998242002,5.55862338421435,5.08334304461254,5.20721794195625,5.43884352479936,5.20440260338026,6.40693608513531,5.31714411635527,4.87807926843556,4.8012973072721,5.35758261590136,7.02349523327789,5.80202220110252,5.69555121495585,5.37588231664532,5.10893703166702,6.0509237252074,5.5263749605257,6.03428763362198,5.39866096512381
"DCTN3",7.12149207487649,7.50948999937917,7.23267034914563,6.43639007470212,6.25217152049633,6.21451341008002,5.08117769016336,7.33254682966605,6.90583223113078,6.75219998473219,5.8696296210173,7.2556140293573,6.14584046237516,5.68049314904134,7.26944464495927,6.40826179767923,6.75448669787116,6.03274664855142,7.61205018531072,6.27843830691137,7.02516171481539,7.56303606982142,7.41059550780311,6.94647354722343,7.27157507753675,6.74997666206717,7.30501290432785,7.59562300492444,7.7831292081978,5.7722446233754,6.73226919950145,8.14424525687767,6.5327486433659,7.61593855579361,6.82587464856595,7.0638264769831,6.74990964133229,6.60759515345206,6.23730366714935,7.62510241847319,7.17717034634152,7.64399323929386,8.12227410062072,6.86732816738682,6.82732364814735,7.17767865165201,7.1211190391239,6.59316699741597,6.25505123718958,6.4229931760258,7.25702005002039,6.20347721568035,6.59464259634789,6.30026103038016,6.06075238143033,8.66158097398582,7.43312960170479,6.68964932428544,6.2241852634912,9.6610296017944,7.94416471687507,6.24164323935829,8.60666621421612,7.21510980918627,6.67079798884211,7.96178661739819,6.81439598752348,7.09446126234895,7.76737197534784,6.90918541987222,6.55424755840552,6.51211892180607,6.95733828758073,6.20762887323228,7.66852540776238,6.90521024696352,7.15962131312047,6.80988805948268,6.34827622810513,6.97840260588045,5.9473984817863,6.64137351308491,5.93461235861604,6.78095535769357,6.6322756946753,5.88633654741551,6.62334180092172,7.30862882545079,6.97799279424038,6.15123879155832,7.20838889828908,7.95867204893364,6.79783959726455,6.5185119833912,6.88742442178438,6.67661731413113,6.84808250433743,6.11927348363267,6.33868663572743,7.87146413192623,8.01235737378312,6.63416082821963,6.6911246461897,7.28272872979822,6.99643431804364,7.37403476320635,6.83480460719908,7.3256769896778,6.84365653862465,6.52031515460752,6.67628946481908,6.04313048090721,6.313606163355,7.77474858486914,6.87119588083751,8.1243179138509,6.97143580799922,6.64088173911682,6.92275018515862,5.80068591464038,6.60727718463088,6.03788489191429,7.202241723688,6.69186230714183,6.87250727808574,6.16689359620908,7.63819934639702,6.57727897257758,7.22043736050721,6.89406337035355,6.834312833231,6.15033720595016,6.8473448433853,6.76062870034598,6.95971519509315,6.27819843765274,6.76784138521125,6.81914980254832,6.63489848917176,7.12872151545901,7.22158483309942,5.94338232771359,7.28338442842233,7.1179024881611,6.89234216146525,7.03831706765904,6.03018043308093,6.60547401341457,7.26551664091518,5.64102329966817,6.25319992760833,7.21183131606569,6.85373790497043,6.76325149484244,7.35469165379493,7.01905592057563,6.02362344683977,6.95692847594066,6.85603285015483,6.97569784905597,6.95987911974918,7.10241160816636,6.44343449092994,8.55421032428685,6.50441446297271,7.29502307900039,6.31377008801103,6.58326222252264,6.66350334164882,7.00364700290891,6.30934412229825,7.40845894097243,6.89652224019399,6.95397783213214,7.24674726779986,6.82382165524514,7.13822914550869,6.76669391261905,8.34094434679317,6.74399034775904,5.86822287292431,6.10279905570176,6.8847196649599,7.03553034850654,8.34356714128964,6.78062750838151,6.91619319891746,6.32967077964584,7.42181880043879,6.31106533118655,6.02952473445681,6.77734901526093,6.2037766438156,6.70850065972877,7.21937185024302,6.33835878641537,6.23049636274832,6.67784674905135,6.60449046547839,7.44321096805057,6.64506181784556,6.41261665559649,5.95534882760371,6.98454978048154,6.04083553572281,6.65334001297502,6.51482367863055,7.24658334314383
"SMPD3",0.489955955865646,0.378863376005588,0.771128334572994,0.518038544865161,1.22504659821534,0.458531095939472,0.139705231663073,0.344677403699553,0.498260059891721,0.229970539937558,0.0778199615639811,0.721456659289996,0.496886684437343,0.550624901357735,0.0391004831742078,0.394170576099748,0.44810698620968,0.618086389191273,0.514724215093615,0.831312210085104,1.08669546289579,0.154491182626983,0.226676217947986,0.562197967155582,1.22267474973893,0.310799615608688,0.4226861941308,0.182359231671241,0.0840111835227331,1.19637412949818,3.3216626145749,0.425484011914878,0.763900180762868,0.923715115658226,0.286315784378141,1.01023559306717,0.385221175379071,0.188169213857634,0.265565316597333,0.508909301770407,0.347155379218447,0.298815478658615,0.0591171163597373,0.349196538086811,0.440963888328829,0.686792734378661,0.54868814959651,0.18762461041128,0.419804215137152,0.56829677732221,0.498413257334377,0.980383643853175,0.145544427689486,0.317148906619136,0.0242490054570198,-0.496420909095411,0.232161227931553,1.16051960534319,-0.427709740514632,0.998096416334644,1.211443606602,0.507796443024533,0.167205128007633,1.41889468029411,0.803491630152841,0.625389382541973,0.663269461098011,0.111274368539674,1.36105344729898,0.285094520313773,0.0639078007452545,0.507071780652156,-0.145881956057708,0.605691741692833,0.138778599491233,0.45792649612554,0.171684859036869,-0.113963872474403,0.0420361727789857,1.4371429963985,0.510398639725339,0.314212772003806,0.501570934461845,0.990191008635993,1.11318597674751,0.230151936808145,0.490371606888755,-0.284457165175319,0.565736493615899,-0.0758861587258987,-0.118970630683549,1.62769626113474,0.403247426209868,0.0052760269802562,0.146420493599929,0.43529726658815,0.784979800458499,0.306406181901387,-0.235871847027357,-0.479325464947077,0.963905528037977,0.66732098254357,0.367541334770959,1.51494538383273,-0.123450361712785,0.897862434555493,1.44060161226666,0.874706177838193,0.159069145917771,0.666135171388772,0.617879245228254,-0.076544942700786,0.361315826208271,0.105938218343085,1.18492755161277,0.555031254023975,1.04892159999722,0.702104776417637,1.08426536024994,0.469455215686073,0.492216202018441,0.785605645234642,0.900266996063833,0.402753338228702,1.16374764682014,0.921084569670281,0.830501773123234,0.835541470531124,-0.0855044047592578,0.876320198576668,0.79693672960271,0.873882697869584,0.3573301831602,0.553252537291779,0.0924660860566328,-0.101974004131449,0.667222164947337,1.00524422246217,0.850001778779907,-0.193676733435805,0.0757659122932316,0.0404880304379996,-0.336863430377629,-0.142719792978248,0.556282943576262,0.887256012559802,0.599597989925123,1.09508588703747,0.931262782082295,-0.297138756691906,0.225869840971376,0.898323583337914,0.277913774987498,0.78731848356935,1.33476796670096,-0.362094856615825,0.262498229975128,1.19335998649134,0.974248436443713,0.388721239563595,0.177811550003324,0.7846833476698,0.149977927064322,0.928462950189023,0.482696773581315,0.736690935099236,0.817984877600369,0.66761743533227,0.146618128792395,0.784057502893656,0.579142747504862,0.53882516824174,0.310589460141924,0.136374037982893,0.56702112236693,1.28674261493166,1.11759982937926,0.655792262983037,-0.100689375380417,1.07141907273964,-0.0388624993372142,0.447320074129849,1.45397492695688,0.0372270497623058,1.22349935334244,1.0288616279619,0.688204434547508,-0.249838067294975,0.695978085451182,-0.0733498404225812,0.209597876791652,1.20297823252469,1.12902973134356,0.154885867677235,1.36747659105413,0.568964535092848,0.505062489528749,0.718409679796105,0.0866687870776216,1.45252560221212,1.44376377534612,0.219084366030033,0.592021974213915,0.86182695112914,-0.00717499014511969,0.748581985845958,0.588201027159567,0.737613232664079
"ZNF804A",2.09234276899545,2.98225801190541,2.17410915565425,2.09701404466748,0.8382450665098,1.27489377360775,0.0115342819374569,1.11346047447879,2.8201769196597,0.104421205976966,0.612355329876702,0.501140511411705,1.46053813475039,0.0976269762931631,0.126859232943312,0.521817624548685,0.797301072913185,1.11873181487175,0.660879343032434,1.70490294223815,0.0888471641208799,2.56671531849473,0.961242510250714,0.473910528791504,0.0125086046523274,1.75450273218095,0.47176182226198,3.60658435857268,0.23530919974674,1.27387987438227,2.07161509779771,0.253169994203524,1.82631458649181,2.76343069695796,1.17729275465747,3.48476973606149,0.755075574591011,0.011671671242846,2.44128161563913,0.0646566369225284,2.25151308679568,0.218034678308387,0.0990729751511939,2.37927161235342,0.0901759497902069,1.7922265084019,0.942604582997934,0.838168405810948,0.815389341990075,1.14242650866428,1.16064917349772,3.49234032437183,1.96809812682534,1.61540688016268,0.444670592857809,-0.14996769375992,2.24392504263299,2.93610112014917,0.286446695216154,2.99116474771778,2.47988582625386,0.137267655377113,0.952771591309997,1.20162740869,0.417597133354042,1.90523178626758,0.882001690394958,0.218854717312844,2.26287035289522,1.89062556319444,-0.290346331412635,1.24874622872928,0.790575289903682,1.2545520496161,0.120339103949249,0.136167605103822,1.12321826976599,-0.282034840458883,1.14558595865624,0.813126320506143,0.799742375514438,1.36034021756422,2.40153780123393,0.828527024332213,0.975322621912458,0.318164811429371,1.2687915892648,-0.172763179978667,0.910847453116805,1.30759891835034,0.59812760598187,2.81589007084012,1.88292521128141,-0.187613858668093,0.783119393606933,0.654107942111556,2.62753701849111,0.456954487576222,-0.401512522919074,0.247517138322476,1.92863841152705,0.471560710649361,1.27850870001221,2.56654534222755,2.98389219313325,2.57449014975687,2.41394392376049,2.1696105352818,0.502667687821861,1.59868444344389,0.526868793834258,-0.331964900085469,0.372433958245049,1.47590661016383,1.98577991183409,1.28162550911986,2.95327412719332,2.6787504701032,2.34390738969431,0.458176765657657,0.569281843260024,2.68797866961803,2.4113160258854,1.4945463509057,0.890129839636496,0.313581268623993,1.62685795322095,1.71803989809594,-0.000971995633093137,3.52603363615338,0.919831197015347,1.3956029402136,0.0831818502736499,1.79620458140365,-0.432986183516004,0.19190348561722,0.853339269385327,0.692609701676732,1.94837820254221,0.491239387760451,-0.511273094631863,-0.329275888306314,0.449193021759115,0.469605065719066,1.46203375393955,1.81459986652924,0.0712035250755951,2.45889320020523,2.0670002903454,2.86679795293185,1.07017140103175,2.23665248804846,0.153157270435757,1.34011151531649,1.98357981128751,2.28438244712846,0.501078726315996,3.21746953449532,2.29067717924785,0.385084536387893,-0.800952999931764,0.810376194822916,1.3867414241232,0.246294860241042,1.99323580813084,1.28443674870716,1.41253149164146,3.14437730522555,0.370294971602539,2.39200403219874,2.09150696587815,2.63260947252906,1.35050087900868,-0.574709327058297,0.570809690861816,2.04316586775743,2.07683962890094,0.370722768931041,0.388995826248482,1.16440904111033,1.50353009480424,1.98290755834272,1.32464969758635,1.10855093278878,2.35680242345344,1.99659707285479,2.14296487310653,0.309792206571547,2.69855137502244,3.26519949357532,0.350982977915879,1.81191085475008,2.26794280693317,1.85560729616135,3.14003821803646,0.299402842879357,0.599594339679591,1.09412805142786,0.353060850654317,1.75733613841405,3.39628881780914,0.71076053118603,0.199664951434327,0.0757870678809736,1.90706520338973,1.96445115931307,0.646163134582234,0.584315863661664
"RASL11B",0.183118052166676,0,0.184242202958347,0.0350791015279444,0.085918161185575,0.355208009222667,0.0504571186131015,0.690933735925012,0.391411400657711,1.29146211040646,0.584825919125655,0.568439797057701,1.75779987322566,0.490564996291013,0.772202387441184,1.64601976335228,0.144919555979585,0.0229444206769913,1.08094412753515,0.979039762060984,0.937788809371003,0.142895671624969,1.2235214035959,0.136195324484792,0.162900920496375,0.0710473215552858,0.0937792003948683,0.463009259626748,0.123104634493108,0.734306855670472,0.158327977976278,0,0.226020150372119,0.0550831779633368,0.216637382847816,0,0.233924863149774,1.10375946635199,0.124670899799731,0.395172505995779,0.0910254598844852,2.04137266473291,0,0.412431443055822,0.447487157339126,0.0222030256486705,0.0567527576665626,0.0260733953329749,0,0.575164180570031,0.09229540462502,0.199968155319421,0.479682755563268,0.71729892902164,-0.0168097126900917,0.659289439846913,0.90767755360253,0.952461383780091,1.5022492307355,1.66685861730078,1.24568692894628,-0.265090623979694,0.554820636715774,1.14955311754777,0.51311887743613,1.53406156252531,0.466619807802337,0.502720238232722,0.872702749065296,0.309313589234296,-0.794751207940879,0.172804649073071,0.442204446167532,0.0654145787430365,0.192663905902259,0.0610996794859527,0.503577857960838,0.319136015182876,0.00339795215364325,0.171116210233342,-0.153090847611036,0.182640475329902,0.0772068500046326,0.753895616104717,0.740361304770385,0.0445100978702074,0.352770788894928,-0.545371471374628,0.208985481352968,0.0808785344656296,-0.366450555596413,0.202365729076572,1.24635694435887,-0.236521166786828,-0.0152552769328813,0.313615088183129,0.448502591045884,-0.127951869330634,-0.123958577471593,-0.462905974392967,0.589581036320978,0.455041941472769,0.546941255463707,0.213595187391592,0.974652294245094,1.04998882723679,1.07708425052196,0.758237315978304,0.430304972439922,1.03098719013572,0.0713911162233456,0.595316368252754,0.18306928519396,0.36121298309357,0.311739045027874,0.215069221299291,0.715543933888026,0.4988609494562,0.759282540021946,-0.138913321480617,-0.110558269219779,0.57725275272931,-0.20543245164262,0.750652741507778,0.51711216929517,-0.153305252543065,0.813848595223331,0.230854784419927,0.134184960691344,0.826525286829546,0.266151196355205,0.672100134535646,0.426177677498363,0.0797797091889809,0.196871602693328,-0.106752581676265,-0.309847653540752,0.558921131040829,0.419450722755953,0.585051732131865,-0.156655329606018,-0.432219268496314,0.373836073466779,0.286037253800896,1.07847788258015,0.789701239753563,-0.0622635582802434,0.5025594345337,1.14438059856257,0.0978433247124257,-0.0101899604136959,1.14598863555278,0.183176487659975,0.763838644827562,0.846974157221814,0.292925012242328,0.383350292325567,0.88181495867653,0.957044289202212,0.350841144506667,0.103900264042245,0.624797046406744,0.00262073427503828,-0.0425383045335739,0.671135312341516,0.561011579128111,0.328918240206699,0.0780108684997415,-0.379127247202628,1.10806576320015,1.36864815746492,0.361293384943081,0.74719546197881,-0.421177414496819,0.423738821396533,0.959536746537049,0.471363516923478,-0.166383953396835,0.876026025511746,0.831510201499221,0.0713107143738347,0.325487761294235,0.792381301403925,0.931530102290758,1.16166699620741,1.03133559815027,0.778284177123017,0.0543459241270386,1.24780417765006,2.10724634768838,-0.0755030628330352,0.851262255862395,0.59335992324799,0.176127925519521,1.08324839231779,0.249910022754007,0.320208039843021,0.299491163285717,-0.43765979364655,0.719162017116016,0.86120528458524,-0.101848068856101,-0.112085904360486,0.615497232479986,0.134560169322395,0.917245373694325,0.390184449533991,0.311176232081299
"MYB",1.10858467235799,0.319257215348204,0.778849444892746,1.61237609128324,0.175472225598669,0.706470434387639,0.331024117447146,0.286428165041116,0.904095601764647,0.362208398495226,0.0998203372864181,1.57775993009393,1.28596439046212,1.80741675052018,0.115942799854717,1.4607215980418,0.567628190937889,0.473659128104858,0.527462743248676,1.13717560124804,1.05536921154049,0.669028580219233,0.530563212632362,0.539627347187701,0.59831184177247,0.260814555260669,0.265279655325462,0.968361381781232,3.11356882389961,0.509134360919879,0.870648002549313,0.836789431697628,0.569727309071479,1.15492015713418,1.30667637901884,1.00327840344648,0.778179133341711,1.02972849990719,0.731698521926246,0.416239845110887,0.421416678103624,0.589036684112944,0.252523445350823,0.688037089281557,0.631400476025165,0.807905514286865,2.3078656392816,0.715052541610096,0.652501179930124,0.184930233683608,0.123164244598942,0.614582645802371,2.33808206392489,0.616255114250257,1.42768472104406,0.228523511177221,1.09053844719138,1.43940570532105,0.712816664074106,0.741969812864954,1.91783836607944,0.931931879698024,0.559697308965194,1.91518807982573,0.758020842288853,1.36859453597887,0.652942591525423,-0.651632820883489,1.18012558816198,0.780529611457715,1.47434469029958,0.608298332941743,-0.651632820883489,0.267120637745386,-0.439721904512623,0.369772570107529,1.34197968951553,0.498479429301953,0.339499582054548,1.09636161135447,-0.0840236268839489,1.01412808153855,0.658131180106637,1.20547128346158,1.5024153278037,0.492357641335629,1.29584231191567,0.561713019637032,0.274884856629505,0.29690836211811,0.398851062947568,1.0441771017391,1.25649862583942,-0.119671843395166,0.233861411660052,0.636518282347481,0.690158583003626,0.713301927754363,0.309935825534251,-0.20593679455477,1.62570963056449,0.496575702556328,0.93950945870512,1.82033769432311,0.963921954619608,1.76942233587149,1.7864812206313,1.18292518631731,1.2774769480167,1.00845422927708,0.706396252304546,0.380784322851831,1.15298815004297,0.728755709571791,1.2724376713371,0.905205049308462,1.65684116205177,1.51189663355643,1.79301361632708,0.796020721250548,1.20076795856062,1.02823805624142,0.900315084530484,1.07698839211958,1.10472307784506,0.426959028427093,1.12846367020227,0.461898013405626,0.394222393997421,2.12161178381215,0.776572846064847,1.11248729672918,0.68892675981528,0.708561274878002,0.590716856526263,-0.211722630742454,1.23843188574368,0.943951487778246,1.29957510945611,0.206798629491851,0.199370362386372,0.0259445886574586,-0.016795943180597,0.0135517008231928,1.77733586665722,-0.138821094777631,0.312511455837155,1.48709219390019,0.767875427795618,0.651337488583034,0.85234863613581,1.8675575832097,0.947311005564643,0.827189580713234,1.34690698226891,0.73263781901385,0.345845337873298,1.59330894791345,1.56053498550838,1.05425565509829,0.198623802878284,0.118592623611218,-0.222062479929477,1.22021583374632,1.0289099597987,0.323896488335502,-0.0889882476127363,1.04798455523035,0.0596144224722414,1.07866815101278,0.812407702453086,1.4060344953095,0.857201272938384,0.811922438772828,0.948841452556224,0.687956232454765,1.60999455291923,0.225313305292441,0.32277664907337,-0.299928636623087,0.715354966401606,0.831556953835551,1.82179348536388,0.670710707817925,1.36060634924233,0.810354663805843,0.09705438180287,0.989342305870015,1.38300313448498,0.966198961119277,0.28727774446377,0.462009997331839,0.178392040209091,0.443980585211506,1.98790297591353,0.898971277415925,0.0695436639298158,1.83302920596061,-0.160919256217045,1.0720984273416,2.22452501200212,0.818828114222645,0.392617291055031,1.52746239930007,0.252152119608216,0.853655115274965,0.436850941909263,0.143789007009198
"PDGFRA",3.270633590039,0.978263002699229,0.911421614472931,1.31372763728216,5.24873974985835,0.762795269709461,0.0761787043321622,1.6299161023847,4.21182211882069,7.65125264962565,5.57025343358147,0.99511470738822,4.76429837870882,6.42901332070046,0.616954226395996,5.04842366104007,2.92429755363251,1.56390491624737,1.00092302948823,1.14371340157102,1.88376156015592,6.02797895861201,4.61273582957833,1.05201934198342,5.63191913414743,0.59076487778336,1.26155488503287,6.02632867245852,4.01464094688175,5.78144364970346,5.7145367752627,0.0958447742843997,3.09658908773727,7.48393666843153,1.61747246099594,0.0469184620756627,2.05233241854193,0.654793878652798,4.22649311631779,5.26152329335184,4.75267367206362,1.5503096787551,0.0749300988927967,3.92219784839637,0.509318842684836,1.76689617763584,5.86764199362481,5.47675430325731,2.21232653478864,0.754840480225478,5.78883707082157,7.96400001068294,3.98965675839033,7.33794296067956,1.27331053774662,-0.167134716045742,8.82172086094026,6.89653037281569,5.50238162706634,3.39944757141962,3.58824538790711,3.73840805702064,2.58001032385915,9.39468119097621,2.58854726860467,4.77586573962058,3.26821940795963,0.386781660327114,2.99799227236101,6.47460829596973,0.23804181533784,-1.5992619211117,2.0268600835532,1.42850781529981,0.108127027992538,-1.43104033042111,4.50410633188815,3.40448217985929,0.354603945517072,9.84845263860353,1.8571062207288,2.5525388734601,2.61404865483168,2.2164240361076,4.92646620077234,1.89169179174912,3.88495894181875,0.892212568465791,2.71802426391174,5.15641646885362,4.17948353553923,5.9594365149804,3.09868444115434,-1.24366533805787,0.971343479376197,1.18268758583263,6.7277615420773,2.74319730611007,2.18534080139313,0.956458550076315,3.63268127978765,4.29582676969935,3.26121473534792,5.23904971606988,5.85874434618707,5.51660986830888,1.23029746999034,3.40338769976371,4.74292188874363,1.67607921291993,3.61199560598119,-1.55219927700177,4.30863218681763,4.15584276547471,1.28918049913252,4.35273973466949,9.30482437512912,1.46703351466422,5.49001400198629,4.65558237711638,1.29903081999274,4.10998404946993,5.815184038383,3.08697350413164,4.12848076308522,2.79671738278392,1.37870897095094,1.99238396054244,3.9694528051975,3.3901444906072,0.430670312159856,4.08623383139585,3.40360659578283,3.33115201345546,1.18071752166058,4.49403711500882,3.2898901138521,3.06322328605756,6.88908790816574,1.91587980186143,3.25519509482223,-2.33573757742724,-0.798211939156961,-1.58984939228971,9.8990176190193,1.19976147532367,2.48095987520919,5.87237062337704,4.10188489676264,4.65645796119284,4.04256407558222,4.60250009248076,3.17387522372066,3.0823766877302,4.85149431422513,1.9451024204134,1.70978919986378,5.08921539098503,9.66326660643145,4.62384245434457,3.63114900765384,5.0840713345358,0.949453877464605,3.20244115421529,4.45299411142458,1.62047962406448,3.38270202595726,2.21335949183997,1.93514265154363,6.40992452232098,4.1707276947746,3.54041660773028,-1.05957378598138,2.91371730500138,3.28562164147934,1.96250465393312,-0.653302774502216,4.19929362526922,5.42018617188831,4.01410759309715,0.876233159070327,3.55114251266696,3.7103893665738,4.49009698666473,5.42861366862427,3.90192338330024,2.1065382345114,3.69046982883425,4.65415955299212,2.81849753668595,2.82418883318297,3.22695750835627,4.68994905211757,1.36283900956503,4.14489796451892,2.24805451086985,1.29881192397363,1.7271914333835,1.90778064915414,2.96800351774213,5.27637148732915,-1.6323152199982,3.89601319078411,6.89269969248116,3.96671660495855,5.14404884377357,2.25746703969183,1.89574136810276
"ERBB3",0.375911320438748,0.547590982273328,0.54463672032207,0.636841284019248,0.0992063167708966,1.04197886342146,5.89720653636708,0.44541313202668,0.262832414388338,0.556652087103937,0.1532450077227,0.540530239608371,0.1876271439265,0.611125155210832,0.055255360308618,1.20012137512066,0.293392851396339,1.55090066464752,0.5907581722143,2.13491090221691,2.97481195023694,0.285972673458524,0.532097483410927,0.768039465628211,0.630365396063471,7.3962622609901,0.53224912488563,1.14334770105942,0.230603911269233,0.488202374022205,0.324329048787662,0.40547507438752,0.257098746675755,1.11111813864414,0.496995048754129,3.62912343840125,0.891461183826292,0.686583892938454,0.798534166949889,0.712437306384307,1.17974033457378,5.7793726727728,0.250765159662203,2.00548981651762,1.06882212235282,7.27712928790039,1.08260722389995,0.229682663781725,0.338710785928886,0.673612502582063,0.277644409607478,0.48912157428204,0.797873771206173,0.339424754834919,-1.5819546741674,0.283755460126367,3.04509972711596,3.73234844257189,-1.8362833330035,2.99544302802233,4.49576621646362,-0.322919863582841,2.18210947660691,3.36713421567278,2.32676160005359,4.08599049959526,2.6286743305429,-2.00027997922753,2.46821842286294,-0.84241529557896,1.25961754666217,0.577982197190747,-0.412301921951386,1.32628706266267,-0.480439549055523,-0.471803601387065,3.33449033348601,1.76957025648465,-1.76201418305476,1.85877959589982,2.08616409801033,2.58445827848039,1.78537404071793,-0.588129816481201,2.03503928781306,0.0569754743526476,1.21367430506597,-1.41752623055995,1.51757330351903,1.47258001616636,0.75605543811436,2.3227890641261,0.833260810270378,1.54192667594408,-1.02415881426167,1.30556078825837,3.07584370081567,0.773240973974593,-0.656353803062023,0.254565957006977,1.11617445588908,-0.831577181255045,-0.0391426231972953,2.88706188478317,0.239539408063859,2.90459285855014,4.16328223122796,1.17507161898796,0.501899498231627,0.734120131036475,1.40461510801559,-2.15926777580385,2.41692089371229,-0.861198481757857,2.9933704005819,1.39097031069943,4.07424561076616,0.888703594301883,3.27041160178604,1.05434107058292,1.0163429008417,2.70121629095795,2.33237496603809,2.65769111470892,2.16146956167929,2.59257606928874,1.61818209385657,1.1395778740706,-0.973293082494449,3.90567191227785,0.571591595916087,2.6510414350042,1.82294041307572,0.45146556384783,-0.323438020442949,0.446456714200124,-1.02467697112178,2.0504976341396,3.97501857205557,1.7412443481321,-0.661103574279674,-0.208234478545713,-1.02994489919954,0.699662699839326,4.53402346463489,2.61502953322673,0.476768890516413,2.69400527465478,0.248779872069109,-0.669653162471448,1.01081589433388,4.5866163859358,2.20378570525474,2.17088274463791,3.45401184921747,-0.769571076995513,1.46385770902122,3.97277322566177,1.23301882784332,-0.625523469885625,-0.387603111619595,-0.145882936379442,-0.780193292627717,0.332548564453157,-0.64106817568885,2.44438320729799,0.313117682199125,4.19393984545099,1.17843963857866,1.6247454140846,-1.70078531408539,1.89556873296746,-0.87311608954033,1.12213325978031,0.552851589475532,0.775572679845076,0.64888332754879,-2.23016890616189,0.956150345592543,0.623752719833576,0.601558334325638,-1.94146917560533,2.62116105607134,-1.24316644713378,2.35491478945276,3.18007958917397,2.31069873739025,2.0353847257198,3.54969814938399,-2.20987442914102,-0.662312606953259,3.23215435361477,0.787576647104233,2.17632339166904,1.75005301475393,1.61982292391358,1.81819064185807,0.435748139091235,-0.25037790316779,3.20426024264565,3.0521812042041,0.43073928944353,1.90722726231987,-1.76115058828791,0.801048725467028,3.16652115133449,1.14303225313798,-0.410056575557587
"CLGN",2.7484547923868,4.93375674008264,1.95935100810972,4.42427044470019,4.2925903586197,3.27875645707852,0.0400549687310053,2.63279865743927,4.75922509002394,2.60592807277357,0.181217071062802,1.25159185719662,4.00160410611432,0,0.560788309984484,1.92683062699141,0.611897559321183,5.14742881790971,2.30942942285612,3.33507587543402,3.90969631194271,2.26283000955792,5.16808840422363,2.25333884828745,4.55414676674651,0.240957826254527,3.01376595311173,6.16742015305822,0.0974907917676098,0.570859253403563,1.27990507898406,3.59337767625102,1.28420021224106,3.48124726816369,0.0919367382105851,1.81752912114683,5.01891898216305,1.86625520627343,4.08846389395355,3.13821485931881,0.0863449136218383,0.0250202871738147,4.99156266044647,1.55802757314348,4.11572411909653,1.29541741114545,1.82453570004839,5.86427530416779,2.54083570601893,2.47695968676133,3.88838283448842,5.81166111671216,3.93476180493605,0.538139815551414,5.19526137475887,-0.244325749416672,4.28934736836676,3.73937605710876,0.406328975494864,4.59857800951741,5.02798172198025,1.27665660292322,1.62549780336391,4.26812178978305,2.23938256686279,4.38087774441543,1.7218414147048,0.0536214057210866,3.65084408993065,0.0767012634747397,5.40246720881388,2.9715466697556,2.72812321276408,2.75203157823197,4.1725672334081,0.224688522336199,3.75160640908078,0.953617499868672,0.5246083148888,3.71286381025328,-0.0520330542178593,2.58017540665092,0.37413553288464,3.48940344389996,1.63717581685977,1.29756655952055,4.72103934023081,4.31278230085508,4.52977241648772,0.981550045662837,1.88785857953792,3.48837767244425,4.06202063268035,-0.538012007738373,1.01942468402781,3.80171139941777,4.32327673190204,0.0817117625084389,0.0431269746741263,-1.09666292362167,1.83262473192234,4.73090252730502,3.78301079672507,5.32411405069636,4.57435402206315,3.51725708419754,5.28489801888929,4.80215419072912,2.83054254734268,4.09421407529057,0.429921718976376,-1.04166579249587,-0.156898459190868,2.3892241048942,5.7171423292295,3.13922085001718,4.45741607611131,6.06140701086776,3.98169483714797,3.3877731642873,3.74568849683626,3.75681417185597,4.40289237796507,2.68985404691614,3.52538435034668,-0.922439587142811,4.31680648118136,3.01462907089575,1.16153348339303,5.05851814916201,3.99597673203143,3.04855843443104,1.01137632337525,1.85156205110482,2.17389100469003,1.91224037798536,0.292310532916987,2.9678381114157,3.84297897413627,0.75430221547302,-1.66249423969499,-0.406082017433729,1.32147492498844,-0.256398290395507,3.81283707443748,3.28038278342329,0.8020400409122,5.01007017425348,4.3075745380799,2.9940347362848,2.369261014256,3.60239611502212,0.736785195229222,4.16586026619764,3.84976484684333,0.990860894260891,2.58561988591588,4.91301641344325,3.3065005027958,1.26624107737286,1.85408702699582,2.06539594687371,-0.754449784894854,1.33867632324586,1.09927704658062,3.20755301006732,4.55257610500329,3.53714126933914,-0.159028907598898,3.95328885837425,1.53396742731523,4.16388762878279,2.46252731122973,1.89993112051675,2.54908664099301,2.68464628414096,3.86104833285623,1.28217998768478,2.97209900823176,1.68743861818995,1.75222003089337,5.23960626384452,4.3937393403602,2.71968032462856,4.38048321693246,0.711851058305617,2.80118970260983,4.17848514565263,5.05070650499923,3.24448078247316,-0.283383970230547,3.62504199254451,3.58708844868295,1.40550927886071,4.74510551669189,-0.269259886340277,1.70740170882816,4.68150768643737,1.61871193065685,3.96733403676792,4.47209249847773,4.33779534327528,0.612509038094166,4.49963051678893,2.15448025252798,3.80699806768955,3.04769047396851,2.58025431214751
"SOX10",0.0700760229510372,0.0661277766509096,0.0690916929446258,0.0303671569012274,0,0.431879653694719,0,0.056260272976765,0.0237464593383845,0,0,0.070539085603591,0,0.0647283673631999,0.0154333403470429,0.11379649785884,0.0441254907650028,0.247754987173762,0.011117740647816,0.141223499949943,0.0742135796423589,0,0,0.134297180399734,0.105796062998928,8.24288827299754,0.133617444967486,0,0,0.165520951771198,0.068094305293893,0.044213640035851,0.0839118210322666,0.0986984752010383,0.235288364844409,6.73675368276945,0.117265494399068,0.141792438877352,0,0.0831330176858889,0.0767971304361207,6.9732094505776,0,0.15819094043443,0.010453315979721,8.09426774459409,1.37360923785975,0.029869820059812,0.205942959414211,0.0261045658247419,0.0531113364595625,0.0116029782256167,0.0754285753882119,0.0424048021339067,-1.12778747500527,-1.4862793799917,3.60303916359487,4.08332684631074,-0.984109266961639,3.48180627796354,4.25120941457328,-1.9852128634576,1.83555797551653,3.00890655403541,2.02110128335739,3.83030684820844,2.02870032668193,-2.80337652806648,2.26363741613231,-1.64628145888064,1.46482316739611,-3.79455915133318,-0.664034747671497,0.720750175201507,-1.01767170831169,-0.251786647315167,2.73013424244439,-2.76889938705699,-1.15164002766285,1.69905664172385,1.012961535635,1.75154632987299,1.81550494452121,-1.81782282578092,1.34422353537516,-0.0407724720346353,0.571091238615415,-1.97747309710854,1.11695585076158,1.43140144907058,0.611689831191895,2.48323569590908,-0.324329366459624,-0.932745363008725,-1.19160536662896,0.784568066825196,2.26180801681344,-0.923598366414371,-1.17239667378081,-0.571931528117573,0.999170679231204,-0.963211897819152,0.783020113555382,2.96668964667685,-1.46904080948696,3.8656283273651,3.90355318247554,0.925783621939575,0.413903620217047,0.17755930052138,1.43104964150926,-1.99295262980667,-0.847819017705757,0.368520444806595,2.36727992369758,1.74134391059467,4.10415385394096,0.65679156055329,3.7055558869639,-0.251716285802903,-3.73285210507742,2.29839600319086,1.59548449567085,2.15774334017459,1.85652570617128,2.48900533991475,1.51527237168959,0.80708375074976,-2.50870251470374,2.59968399870644,0.683599296725975,1.80790590119667,-1.73416298769871,1.30545434211755,-2.21993886837119,0.678814713892005,-1.45722007542656,0.185369428382713,2.67497081682921,1.84808232469956,-2.66673447124928,-2.89287637166663,-2.87570816267414,1.31495314627323,4.81459404327325,2.50751041764026,0.311246173823484,2.18965228598644,0.800258684060126,-2.58223029501989,-1.45405380737467,4.64340448393429,2.24400655421058,0.975740295647202,2.77600994844069,0.506429008844555,-0.533584503933549,4.04617596783521,1.270695755059,0.0614628052853423,0.101850313325031,-0.908611364302082,-0.447884181995673,-0.115848205620606,-0.0272630616798962,2.60643870388381,-1.39706098244061,2.78705670586618,-0.0658211704007137,1.3624471670516,-2.43637088009607,3.45584287993802,-1.12828000559112,-0.451261534584358,-0.133860752760258,-0.878074467979392,-0.952446586442719,-2.24006226087877,0.197753054541223,0.63054671647872,-0.960327075816317,-2.0165237364152,1.61047149778314,-0.742980364432002,3.37373099512563,0.719272583443957,2.64161946001595,1.57887917877648,4.26654822424689,-1.84251971658567,-1.18583572262329,2.61234907091401,0.213162225727098,2.5190497056516,1.26021188973163,1.31685290710436,1.71256605207859,-0.450206111900394,0.700626782693927,3.91776620795292,3.12035918946201,-0.31370477810772,-1.45658682181618,-1.57781970744751,0.498689242495486,3.06786950131286,0.385899738335868,-0.00509918531665254
"BCL11A",0.202120531836662,0.0158129638890085,0.0961889741997002,2.18613286442864,0.873791941577057,0.067072816148257,0.735839275409532,0.0178748860592717,1.71358584914028,0.99957867153111,0,0.0584314909484699,1.05094044683802,4.36686771213727,0,0.504465818733756,0.244610668283329,0.296903729462817,0.236161946930148,0.933930623920861,2.01631445611787,0.616089460655192,0.0094876364732342,1.39703624087218,0.0402345660003289,0.320815059230093,0.150985923487417,0.292476690026092,0,0.510124406895841,0.0063626609358565,0.212244345695361,0.0417602407757001,1.80209806832487,0.0086188323738393,0.898663440849485,0.501801907094864,0.686414467156905,0.696611724195416,0.113997807709418,1.12201664861985,0.217501234958985,0,0.543701755918585,0.0200818393334686,0.260222017789045,1.29692134460765,2.15407115651735,0.565763855990113,0.0468849449350734,0.18435901358529,0.598846341067123,1.59887015550045,0.0439043942956211,-0.674218729966154,-0.977445336626188,0.872165784045407,1.35740970322102,1.15856341572146,1.55737453286454,2.04307603746268,0.373397673492936,1.00806865453539,1.83111230118406,0.705350476122608,1.54923968090853,0.434815805760763,-1.11080606587992,1.54237589957065,0.747778813355639,-0.228530528426606,-0.352587020755661,-0.81357891253744,0.672150111577168,0.604579997517613,0.717908653829688,0.636661819919102,-0.198177362065768,0.426935167928384,0.853455624546598,-0.743619185715809,0.0961517502673878,0.922144280750104,1.5408506148289,1.05118336990221,-0.468457818303988,0.16885698962417,-1.06169189719555,0.725230020590092,0.982545556523431,-0.74575458435426,1.95654154978069,1.00628915567002,-1.81635194458906,-0.0548514391659289,0.0133796316150511,0.813493164312731,-0.0817981362701907,0.140995121674858,-0.405260187170785,1.26091002189293,0.571277947322723,1.10904250443929,1.91962965903032,-0.586565700140215,0.846744371682896,1.97270956804324,0.875724781776158,0.0559859187346201,1.87910792772448,0.273135623135191,0.343654621028797,0.34802710395515,1.09597589848496,1.43514838222558,1.17539239070544,1.05275949746869,1.34205517015407,-0.0182446053639127,0.346705190512299,0.299878948940553,0.828085055008812,0.60818983807309,0.775106831645339,0.774344189274463,-0.0844419631558923,1.37535722034895,0.592021819810533,-0.8925378193354,1.62509717539827,0.866522230500929,0.291337354386749,-0.747737454518536,0.962259269458147,-0.275560141297252,-0.25781599546822,1.26294373488193,0.299523049167478,0.840541547066443,-0.375517134706646,0.447984097364544,-1.86546611327343,0.447068926519493,0.142672934890783,1.39747384910434,1.8634991805339,0.11369252479752,1.29469507892271,1.27778983970164,0.491607240978613,1.01483075022382,1.81952013714675,1.09195931533168,1.39615193566149,0.910908016485874,0.33851949573157,0.511283414147196,0.58520888129738,0.882893620062386,0.113794210446971,-0.569990939279858,0.324995304354714,-0.719214629847799,1.33656414508376,0.718366239252213,1.59301535299678,0.73219548757742,1.47638191307757,0.379142912686863,0.775869474016214,2.24380350947706,1.31017671905148,0.0724589939455276,0.781614713210142,0.472795395830355,0.188482319968029,0.740330339533423,0.433087149720112,0.347925418305699,0.662845874652489,0.742516580996599,0.348281318078775,1.74203567226582,0.425511568836084,0.274101636804967,0.961598312736721,1.62077553529664,0.716637583211563,1.26040159364568,2.20226492167672,-0.292490801930685,1.84636514860156,0.377363413821487,0.352043687108426,1.58457544409242,1.25928305150173,0.480930247786359,0.933685601962684,-0.231174355312307,0.536196398262458,1.48288979464238,-0.538061645352544,1.12510883705239,2.12284842945624,0.582666740061129,0.949345191977991,-0.402311303336733,0.966428381085598
"NMU",1.8203627985656,3.9461319519107,3.74816064022435,1.71200581655457,0,3.22452037214883,1.88541427295435,3.12353542766805,4.92932232970885,1.43961781885592,0.370426564886153,2.70159119499913,3.80383664263332,4.0690920367525,2.1658090578495,2.04848033484985,1.23065186398785,3.25847822114223,0.651150451399327,2.22762710951778,2.11846604686553,3.08060138690915,3.89012562569305,3.89948502251277,0.144648128637556,1.74404050706472,0.879841404602692,1.20830499135015,0,0.636242712545827,0.457876867469601,0.376215912564685,0.657679330115131,3.92569566130889,4.40839937911218,0.0723157565137219,5.80779796749881,5.11972137006552,0.0880628775884424,0.55675899652308,0.608429834947012,2.89357578372252,0.481678167546909,2.60956586786181,5.66180944487923,3.82035258606067,0.431472130697985,0.464468575826809,0,0.0500892906670389,2.72827972255319,3.36294953842297,6.21395184258933,1.57000624820089,3.81063201024457,-0.601977181414105,4.40425019282724,3.36195927781249,0.559157036123496,5.03825565254165,2.77724125444959,3.10849171818383,2.90490992493827,2.79003055887464,1.47632218328379,5.16629827930007,2.72511175044806,-0.601977181414105,3.17819716686306,1.77847884923239,5.33667275579286,0.315187965746192,-0.601977181414105,1.82155861150624,0.864604517245787,-0.601977181414105,3.22180046791455,-0.16624333591497,1.07005609184004,2.62975290166478,-0.0793358988277757,1.44184341521392,-0.601977181414105,1.84975491424452,2.9856096879478,1.94885332572518,3.75685709865619,2.39169234034935,3.827160877367,2.28975186121867,1.64699582479238,3.53622289951056,3.27295768561476,0.66887580566473,-0.601977181414105,3.30250023092409,2.22558096533157,-0.601977181414105,-0.167140830962343,-0.065649099355352,-0.601977181414105,4.4377566745958,2.83415739870377,4.65165966088614,2.82271433684978,4.26887802318195,4.65846566499537,1.87570747936436,2.39535711179278,2.33380390979385,2.55301707511447,-0.601977181414105,-0.601977181414105,4.87221906877782,2.84724586814461,2.48278808765761,4.89345978489896,1.41805979645856,4.15863571486309,2.02222354584785,0.513160414945678,2.82645389954716,3.22479211807246,3.64788624165444,2.6340160031398,1.41678834514145,2.61187779197129,2.0560291926322,-0.601977181414105,3.63577005851491,3.05778324800731,3.08164165801662,0.173982078292987,1.37146484524916,2.86250328394994,1.44805108929157,-0.601977181414105,3.31461641406361,4.01010028452301,0.734916482900524,2.8892785528632,-0.601977181414105,-0.601977181414105,-0.0882360580475487,3.0789491728745,2.63581099323455,-0.601977181414105,4.61639558464981,3.94645292741354,-0.601977181414105,3.02308010617559,3.8899107394291,-0.601977181414105,3.7325499411232,3.13107867687603,1.50324703470495,1.46989013544429,2.79728531050757,6.45181035215264,1.79605479391009,1.35493597812672,4.60326971958199,0.2587205690157,3.41827709203508,-0.153229657728076,2.11257138061663,1.56480023670389,2.84096340281301,-0.601977181414105,4.97662765928877,-0.601977181414105,3.20639346960133,1.66636675956483,4.88298900934629,3.33810086780318,1.67003153100826,2.19663675005382,2.97880368383857,3.48222361416034,3.08530642946005,-0.601977181414105,-0.601977181414105,3.44811880236021,2.39887230072832,5.47316679424736,2.40814641621783,1.04903974948075,2.75375680071002,4.51060335594083,4.25885599515296,-0.601977181414105,1.70518342036367,2.1264825538509,1.43832822627838,5.26367649193993,1.76898035998103,1.08030249363087,3.25433466338179,1.56420190667231,0.878665272987949,3.89312676334885,1.66449697821613,2.84432900924065,2.96182606919244,2.90042244970141,2.66595186857546,2.44382184435087,1.82140902899835
"CDKN1C",1.12088936692404,0.0970646264413747,0.667006485917438,0.318164102827662,3.03211847991791,1.07766685653243,1.08814159686902,0.718303314322757,0.859008226188993,3.01700612944047,2.66953479505867,1.75524652825225,1.22776571602223,1.47174413699327,1.93280954538816,0.942407906177255,2.97787153614664,1.47303355282339,0.934505178885997,0.172730717776507,1.66023041385157,4.05062358566258,3.1823522390069,3.63160488869634,2.41814406168621,2.46887260895691,2.06416891331485,4.33234990037387,0.433443430408264,0.156365548806013,1.30062162474743,0.610682111004239,2.72338599565119,0.0517368190428659,2.99400216857671,0,1.49329378938853,0.521870879456299,0.281838284857006,2.31026158467193,2.9712897092573,2.77216226215835,1.29332928057562,0.639175658516757,0.552871821304893,0.578561993743149,1.13984927397327,1.34801140817713,3.00893143271928,1.17699289565179,1.35888570493244,1.54909740030935,0.741694779401766,1.84477530079399,0.44656508159439,0.46291663997508,2.31863683220135,2.52993530327626,3.25376428759479,2.74404987607229,3.12912907593753,1.42039122515546,2.59624995670906,2.51458300679661,2.78574634994305,2.025943937187,2.03966107782858,0.73771366276167,2.46471075373551,0.781408660434513,1.38132916902382,-2.09464877474679,1.10535120035418,-0.164801517861394,1.23825303319278,0.476542938625655,2.97315337738395,1.2885794962089,0.14424293553364,2.09198606464679,1.06583493426751,1.73370525212768,2.65130020325738,2.13077559480542,3.33388692366017,0.789493597633854,2.23860503812697,-0.273993591048,1.34190374492815,1.02559193225281,1.23798050721977,3.42781754235813,1.17402774555307,0.71400390310967,0.882697480403785,1.31783061731214,1.19982687099816,-0.238383530574497,0.574561446918789,1.84435079717034,2.4740674788089,0.58573501181226,1.69364393409499,1.65667124375643,-0.964937774623141,2.60515247182743,3.01421395731768,2.07409019241903,0.811295675474774,1.44446435277148,2.64294274008503,0.869979601663249,3.04037645072679,1.32364450473638,2.44454383173266,1.64858630655709,4.47177370297416,0.580193650361027,2.96797538389673,0.657500184705287,-1.22401913296607,1.9667149590525,0.883060848367801,2.73905356656708,1.89022600262728,2.72224779823137,1.84889289672054,1.05820420702319,2.03602739818843,3.73913304552826,0.862530558400935,1.35298646783062,1.58626870072846,1.44691708652858,1.69791350767217,0.821924188422221,2.62422928993824,1.57564018778101,1.14523083440486,2.89993473263486,1.86551698107424,1.02659119415385,0.795761695013119,1.82772671281664,2.8629620422963,2.2298842069906,1.87914327972481,2.68545679187482,1.22798788820935,0.152146188750974,1.76186626933887,3.62349119098038,2.32108956595845,1.06965029788967,2.67719017069347,0.74198323633885,0.105090037410988,2.52766425350116,1.34526489859529,1.55656336967021,1.56046957528337,0.909586709740919,0.837821536847892,3.69153184224225,0.692746877214774,3.17127975976331,2.55246411704521,2.11042698882057,1.47798504745189,-0.375282411017272,0.503886377917809,-1.16015721329037,1.63132632826636,1.04639474819269,0.811295675474774,2.16865670505402,1.15840292310041,2.28457108557491,2.27339752068144,0.944560876277394,0.686569621826513,0.205742963443234,0.98689324408518,1.409399344244,1.74060924344397,2.30664568938884,2.30464716558676,0.70001423649508,2.17210870071217,3.5599926392687,0.409592391255831,2.33344407673497,0.656864290768261,2.64058084831893,3.05627379915246,1.04148928067848,1.54557148875874,1.42002785719145,0.331014069037517,3.78546246094021,0.972085999551556,-0.36528979200685,2.11560498230778,0.547490533599648,1.1983733991421,1.62878275251825,1.31810314328515,1.16031060491149
"JPH3",0.0605468779205396,0.0327708881753868,0.076160913818238,0.0812182614221626,0.0234398918924288,0.672609090014332,2.15724425022616,0.982516505489479,0.0621880411894758,1.83087592278654,1.00629802390037,0.19987772288256,0,0.0428152096143088,0.126019993007312,0.216910495463202,0.0899753544774321,0.0068882679575413,0.189906770391959,0.215018750520348,0.11893775140736,0.0792750151186454,0.0392759874563794,0.365979144295688,0.0290089656969591,0.0457840327592799,0.0721730446274204,0.318786526624736,0.009916111160677,0.0262476580764091,0.0479473386798075,0,0.112010142725984,0.140413519406305,3.14493390888856,0.0256808728719443,0.0929529536652689,0.0321093088343573,0.0284772128186147,0.326148435338487,0.0464980449025714,1.34117738393489,0.0283046338576859,0.0506994994041811,0.0755901324572255,0.0708138299726164,0.564942940796868,0.0604638714674545,2.08676338894956,0.293195066310024,0.0785497211506216,0.0829069225988991,0.0323110592065133,0.0405011144792399,-0.424615395698114,-0.853056148049495,0.772183599428079,1.09773724242838,-0.722436591707311,0.704614339639865,1.1504853787519,0.122744026049642,0.518395396362077,1.31593861002471,0.504300534845745,0.189802212614935,0.910603747067468,-0.528040476862797,1.48071937653052,0.036574390806193,-0.441265623329048,-0.579820263921838,-0.0217014059020735,0.960097153918708,0.0457871581141001,0.456501739207347,0.302050031522664,-0.611775789649703,0.0595592365422712,1.31497026076023,-0.29324267881689,0.0418868624654971,0.140927473349336,-0.495466283549291,0.167072903490317,0.546208539125219,0.125164899210844,-0.505338066328858,1.17840611587776,-0.121253090008833,-0.11767557744839,1.03482143882781,0.289542186856454,-0.879443665506596,-0.172118324984753,0.604659176672905,0.512665996547232,0.331477089726607,0.040380541387416,-0.919119086759628,0.375160400990963,-0.165528170268148,-0.0209213467723527,1.04625333986682,0.214602713221915,1.20850563884871,1.06796050254559,0.78719301302753,-0.124696109615876,0.405367518324626,0.920556225619076,-0.988705740848843,0.127370583646605,0.297934547148621,0.215786251211836,0.237170630802453,1.16237455583247,1.30055261615574,0.794724618417936,0.574532755111281,-0.859969085854261,0.658563952395668,0.732965454216608,0.0383631470864143,0.716046240678874,0.663674684624872,0.862670458475671,0.900436079790421,0.0470244932853814,1.06341464072067,0.772721571241679,0.704721934002585,0.234615264687851,0.61060376521319,-0.0350969040607242,-0.474781267316354,0.463360879830753,0.702919728427023,0.414432343383794,0.0828265174804897,-0.316456162573748,-0.526964533235596,-0.414797410099906,-0.739382703835725,0.834373141080288,1.51479989092211,0.23426558300901,0.738197230103872,0.590779503882014,-0.711381270937823,-0.0392661856161274,1.02989899673336,0.5984725008165,1.13558355951517,0.952646244300342,-0.774996437896073,0.617436007245916,1.23174602119624,0.921820459381037,-0.0695808973125115,0.566705265223395,-0.227368030241517,-0.254428012465619,0.386215721760451,-0.789467879681925,1.20705311495198,0.541205401258735,1.17394094982488,-0.660569833143262,0.910899631564949,-0.392659869970249,0.0864309286316127,0.0399770625272157,-0.842458103321567,0.248710126204182,0.729307245884124,0.253686365479986,-0.612475153007384,-0.270620964054992,1.19112914926941,-0.385370351895963,0.00541237350338819,1.21361637107791,0.553901536059705,0.7998891478285,0.852717979924063,1.31136584960911,-0.49484761596365,0.967655657899794,-0.420903390184271,0.23388900273949,1.62433095217116,1.16662453315991,0.470731093677079,0.97615561255468,0.389416654051374,0.994823234486615,0.050413715711064,-0.315434016127907,1.39410591454085,1.26348635819867,-0.454499729943618,0.511751444464111,0.552556606525704,-0.540548321529007,0.806075823684905,0.319803101371478,0.763683644773192
"IL1RAPL1",2.0744095275225,0,1.00775524461125,3.64271312258796,0.95939700896165,2.89358743224737,0.0450444970482102,0.0768600527464067,0.0341480874228296,0,0.122921814808836,0.202935462928526,0.0642592960473926,0.0357857639973124,0.0628635970207063,1.679910169645,0.203837618797556,0.128005625266439,0.0398444747251834,0.207939067105862,0.034628458680651,0.209523237167028,0.251144626584447,0,0.0224203705612097,0.805210721205897,0.252696613246767,0.844057785297627,0.2478157382137,0.253261988843121,0.231901760972793,0,0.145106132659316,0.106314814818818,2.09010140749131,0.106030663798437,0,0.942563298102506,2.5656191085513,0.164391123784271,0.0880588057846843,0.241183653711035,0,0.671447372523761,0.0373780046179898,0.904697572070843,1.22039806333817,0,0.0881728119461281,0.020485844419742,0.696197735218439,0.28906482256609,3.50566231557223,0,-0.856051158634361,0.596109787269674,1.45992968748809,1.20471297092562,-0.120270726015696,0.676665642786976,1.85679660870636,-0.552427024306913,1.2016336186505,1.69420680857969,0.916424010928306,1.28914881030959,1.09533437811314,-0.856051158634361,1.66723168264959,-0.431962763303974,0.469486821716482,-0.856051158634361,-0.856051158634361,0.746320591250332,-0.061147162333272,0.440725671466803,1.01853533237149,-0.856051158634361,1.03694985897675,0.0895563380114065,-0.137083989437885,0.273824778154961,1.04292380239049,0.710969627131883,0.925970002981197,-0.856051158634361,-0.0389758259523629,-0.495212659035067,0.20306126287256,0.174977570123408,0.379384974146289,1.23027159480917,0.156378282381646,-0.856051158634361,-0.440277014446815,0.0356060861511946,0.733880008058822,-0.856051158634361,0.568641964975548,-0.856051158634361,1.36139041468405,-0.454257273775889,0.881073046809857,0.152313537378479,1.384547143793,1.69827155358286,2.25618859879023,0.614462726829426,0.809632074026928,1.18882351318597,0.712570890314948,-0.856051158634361,-0.856051158634361,-0.856051158634361,1.36410024468616,0.568395616793538,2.37332715933603,1.12083141495119,2.2358648737744,1.3674259451433,-0.152603924904521,2.13399990051322,0.707890274856756,0.990759574849853,0.936870910035144,1.28040344984823,0.711585497586908,0.789431523102099,-0.856051158634361,1.50759806070704,0.69163129484409,1.12772916404747,-0.217085561545665,-0.220164913820791,-0.856051158634361,0.912297678879637,0.975116465292212,1.1845740070463,1.07753572196291,1.29832528008946,-0.856051158634361,-0.493549808806499,-0.856051158634361,0.0680008720855227,2.1384341677894,1.03781207761378,-0.523604287011731,1.05761231274284,0.762517984217496,-0.290189384557162,1.67597704311095,1.63680768217134,0.823673920401503,-0.000237574331274915,1.6431511478581,0.605163082958545,-0.287787489782564,1.90526561351685,1.93125534671891,0.101011528474876,0.69113859848007,-0.856051158634361,-0.43282498194101,-0.856051158634361,-0.0253035018508025,0.570735924522634,0.599558661817815,1.23938647754355,-0.164859746959524,-0.106290466686623,1.1869143147754,1.52268688685516,0.810679053800471,-0.856051158634361,0.537848442224285,0.368976763456362,0.712509303269446,-0.856051158634361,0.174238525577378,1.24788548982289,-0.856051158634361,1.00597157508898,1.36212945923008,-0.187893301977468,2.25113846105903,1.55606706551753,1.61180334169731,0.919996059567452,1.47452581727219,0.921043039340995,-0.34062917482373,1.7796896277372,1.55939276597467,1.62621471034491,1.68478399061781,0.57406162497977,0.824905661311554,1.11652032176601,-0.243937513384766,0.931451250030922,2.02930192315893,-0.856051158634361,0.0266759645533285,-0.0676753891565396,0.45797004420751,1.83493320755296,0.0054284338549575,1.13949228973845
"MAST1",1.94178617105032,2.14456851766471,0.372896394325232,1.54767685189626,1.57906909302979,1.6745329652888,0.947497100058213,0.526645774299108,0.27452408113813,1.15357837743494,0.0088210265726076,0.562164745596901,0.142643466490019,2.69242273429864,0.361855928911771,1.46531628878144,0.951895845198284,2.16407827012316,1.00926833431061,2.86306821119366,2.16693070856684,1.01416958760437,0.87263179113525,1.50465089840788,1.89681045775215,0.456736772063142,0.751723357199839,2.43336811297378,1.42558820697748,0.322283531157487,2.11313704473564,2.45654071097151,0.526413414323677,2.8364796271292,1.50435598000863,2.00427126177516,1.73426522881049,0.984075247400544,1.9613343899502,0.673588986018582,1.08795836432059,1.32151831130373,0.7667672996406,1.07518346698643,2.04751744964129,0.685548202290899,0.701667040398656,1.33084518962342,0.729128110792007,1.38629777437769,0.620802212105753,2.24801255401325,0.318761079615749,1.99084960333427,1.077964880597,-1.07118877147816,1.13977400357794,2.180745622191,-0.686525070420347,1.49809366788295,1.99384054132201,1.48943121866056,0.886168063696531,2.53789330807181,1.20723919634526,1.59368634283121,1.51750774525784,0.596995126419663,2.26110257762459,1.50204272561669,1.56148241395739,1.32092110349323,-0.0356694003168314,1.41916346879187,0.367542133193629,1.18930283089655,1.36092123666721,0.666600453700755,-0.038013357165243,2.25784142027028,1.11964654803179,0.705020963781242,1.57039964109808,1.94232444624061,1.8673687826751,1.23750681303997,1.31098476467931,0.991493255124071,1.60204305855164,0.260586363088933,0.433784391953087,2.42523051259707,1.59271818674165,0.358879683971237,0.808664620947965,1.24856417469443,1.09508595670713,1.29070444238218,0.911645855527093,0.0474901122181202,2.11119125049357,0.625530253269891,1.20744301867991,2.00041381161429,1.08637255190108,1.7022217360294,2.73442899425276,1.28698468477492,0.427873544248397,1.18364676111016,1.55985183528023,0.682600506970348,1.52815746224301,0.885352774357954,1.47292160955435,1.15205429924027,2.1053823139562,1.79796727772865,1.46797891793923,1.42889598527114,1.43552021114709,1.49992806889475,1.62339344810565,0.978601492457807,1.90589120392291,0.79663910320394,1.36785119604512,1.53360970969475,0.82527614122149,2.2531025509898,1.32025868090563,1.9209740566866,1.6174316448173,1.39322707670836,1.016614357869,0.949302031852662,1.95908883326512,1.94079577873078,1.55067983022123,0.719543305124661,1.33625873417522,1.04306030578913,-0.302880481035757,-0.173453298536506,2.63328216068543,2.12367536849055,1.72168676898795,1.94178941261217,1.18757034105207,1.37687033435314,0.485045709116177,2.24566303577527,0.774932024564302,1.40713795104785,1.9083880275223,-0.714397774682981,1.28117574823755,2.25111528322701,1.79169974093833,1.803929081017,0.886066152529209,1.81544504292442,1.09793946939216,1.97748379896679,-0.641327467712931,2.04540759198706,1.92882121657041,2.05748406531475,1.35378745495465,1.66115153559854,-0.0543700995204641,1.95643914291474,0.953225611794568,1.47506174406812,0.594141613734639,1.76617099352411,1.07781201384601,1.08107317120032,-0.0696567746188004,2.21728077567603,-0.0206884587204619,1.0617100494091,2.35103918278647,0.607390065486531,1.84866808347147,1.56494739364634,1.76866781712351,-0.671646039991299,1.79022202901216,2.26303888980372,1.27480630027991,2.46171471049843,1.96836274949145,0.240356996375467,2.7833973101511,1.17355755554526,1.53610653329415,1.37146904248506,0.112356570218729,2.68602118977469,2.28658036945516,1.20367230548898,1.57671813347206,2.06171337875862,0.88433366268473,1.42701062867568,1.01834684771348,1.23480616710593
"VIPR2",0,0,0,0.104680181639311,0,0.0195880597865511,0.0176226513240536,0,5.62735002489398,0.020935238270659,0,0.92874854854922,0.0945063386814923,0,0.284477413937662,0.0183364896645761,1.67478603479832,0.0145895333528273,0,0,0.0485989066962434,0,0,0,0,0,0,0,0,0.0875293734169068,0.0057017902536013,0,0,0,0.0535284409892993,0.0490912243536114,0,0,0,0.311506603042719,0.0035072531318763,0,0,0.0274796475952503,0.0717283516930561,0,0,0,0,0.0115557498788952,0,0,0,0,-0.892326357773239,-0.616222446605766,0.933805443344733,1.26783657233238,0.317576966342408,0.980231628847241,1.01790014753905,-0.201947876539351,-0.0777050732911621,0.853377352664535,0.743009648038118,-0.423421884197907,-0.0821894207544726,-1.49481162872624,0.555563924071742,-1.0889649940394,-1.1536055437973,-1.12909990383603,0.858362891903157,-0.570376588422039,-0.366919106160195,-0.552993147373089,0.284867608374732,-0.564283151574835,-1.06966911068992,0.665984385727139,-0.338113768337049,-0.0459717203596183,0.475768917739307,0.930138829830614,0.22377496881575,-0.162221833717319,0.790385460062269,-0.925220365342345,-0.0954314350284835,-0.904935287699488,-0.427035740683046,0.761712014811572,0.422642589556323,-0.0972251740138077,-0.376098829202737,0.105994901617626,0.981814339716644,-1.0060177552254,-0.12386747364877,-1.49481162872624,-0.135236613393986,1.45876426021144,-0.937539131609204,0.366983923982293,1.21840323617801,1.19592874183247,1.38532647587111,0.795977705134162,0.281913214751845,1.43138336217076,0.968545946928144,-0.916119777843274,-0.678792282976192,0.0734701932513798,1.20452813755623,0.27101888826745,0.898959425703361,1.35528134786693,0.782867583432602,0.0111905205403448,0.140366105998176,1.07901916561252,0.353161582389501,-0.827857268359529,0.641584259823833,0.152526601178094,0.995293760621066,-0.573858552334727,0.269884612144377,1.07007684920039,0.147646575997432,0.734040953111498,0.0443219347398621,-0.315085325187225,-0.198043856394822,-0.581824863710726,1.35966018127228,0.229340835373153,1.0005167064901,0.0383340119506181,-0.776049865901048,0.652742371453128,0.105968523103136,-1.22184676078309,0.402331133398976,-0.232230411173942,-0.782750008581524,1.03181481393256,1.01106811228612,-0.0296170413757802,-0.0762806335086987,1.35522859083795,-0.371535346195956,1.56018964842573,1.21012038262813,-1.23134302599951,-0.641677713088675,1.45457007640752,1.00534397464178,0.121162547449411,0.0932540791189259,1.00486916138096,-0.437112333218249,-0.430438569052264,-0.567554087371603,0.82523147770364,1.18374186813806,1.25775997979718,-0.992591091349962,0.424568221114097,0.272153164390523,0.705499400433251,-0.258054976859712,-0.560088967770915,-1.00295784754456,0.250364511421732,0.944884419430558,1.4827687083974,-0.245182261788562,-0.0374778386938185,-0.920815153422505,0.934913340953315,0.250786567653573,-0.97866323569921,0.508293626105552,0.365348456083909,0.372787197170107,-1.49481162872624,1.4519849819875,0.13385061291913,-0.953709160991612,0.5716020608817,1.25055864534139,-0.778450310719644,1.42842896854787,0.150258048931949,-0.230040994471267,0.140920054802467,-0.877739039260235,1.35686405873634,1.6521187714236,0.111376118573598,-0.346343864857948,1.07055166246121,0.280778938628773,0.971896018268381,-0.45022245491981,-0.786917813870953
"SIM2",6.53436514171986,0.0709594232770812,1.56693689529116,0.147182940850298,2.80669937739689,2.97790999172877,1.68397935197684,2.30466289645363,2.88311246018702,4.31305715699808,0.847830987084695,0.520247228629868,1.72222118271942,0.0110891079631193,1.98326543721823,0.183222247599206,3.05257239790131,0.611304601353579,0.921272552009917,1.28864205270917,2.38754727779927,1.8141812431704,1.41964135967207,1.44218978103781,1.46819228975389,4.63835192026579,0.173202925081924,2.63137439852164,0.259273692421982,0.102065480186497,0.487811485057101,2.01551897844266,1.87057777881007,1.79339235965095,0.542865216102805,2.09086697681982,2.45574147324693,3.4211519202485,0.0854232965017628,2.22725434597089,3.0360126812511,3.170529203827,2.82433609997916,4.07156533191087,2.57300604920858,0.733584285707914,2.97782026044257,0.371651415151097,2.47669015541392,2.87061131304454,0.645710879994176,2.42196381604921,2.55917117867968,3.44292359646955,2.45977305163735,0.798793659733865,3.32232743494929,2.90991742931804,1.61370363389247,2.6533999304365,3.77837971936499,1.39072779905487,2.05574846201709,3.37921485947837,2.94212504990569,2.98348039705079,1.75701801662569,-0.283592027411549,2.20582835085009,-0.0569952174782977,0.801366457828145,1.80685406860008,0.844722870157678,1.69832010454879,1.33784250489467,0.363895492982244,2.91020329577296,-0.532200554373639,-0.0103036965080321,2.74239968673492,2.3260828395531,0.104614618369806,-0.106164247724538,2.38687710563275,2.49083720640533,2.0844303963274,2.420514058495,0.792790464180545,0.00875406715330085,1.44275549385031,2.18534125491415,2.98557675105353,0.726088291365879,0.129008555856313,0.87835982301993,0.441937035175402,3.25514881804309,0.825569817678038,2.65511512916602,1.48191919817435,1.22502054401958,2.4948393367742,2.35867161541398,3.24257069402661,-0.23613819589483,4.23081102868504,4.25434736680678,2.15694518705877,-0.624249552857879,2.763553804399,1.90033239935892,-0.0917756361602311,1.64314787874923,0.436124417258695,3.4497285850253,1.14554966955182,3.58827852684319,3.15271333836342,3.86223387947485,2.30921671871282,0.00884935597160763,0.713986611440933,1.99123793202348,2.32732159419109,3.22837266009892,2.53638526155591,1.67735656452132,1.72967012577168,1.59817155650848,4.19412483363697,2.88457060364847,1.84563661765089,1.85630896530124,0.0524916347560602,2.97204573885399,1.01576629901814,1.59226364977347,0.99470747017237,3.40484755160286,0.00589540260410093,2.12902556329492,3.03055307329428,0.227537193985405,0.258696637571685,4.2616846058164,0.433456330346109,2.62748137185708,3.51886062270679,2.62872012649507,1.91100474700927,2.35066735467622,3.93532040311607,2.42318214540759,2.82044122892808,3.63201609444595,0.12796037885494,1.96998852554109,3.74502863295766,3.23418527801562,1.72071297685085,-0.0152587150599797,2.47559099547626,0.858349171175531,1.07970509610192,0.129294422311234,2.32570168427987,2.32103253218285,3.2509561100376,-0.349341312043149,2.7420185314617,5.03981309610863,2.93250087925672,2.78823360834043,0.911996775882184,0.300147273535084,2.67264827173444,1.09399841884791,2.88895388929057,0.736093617288079,2.97376093758351,2.05470028501572,0.229061815078311,3.94875612649731,0.900276251230464,-1.09240351719853,3.23914029656757,1.2581810527903,0.167695816088819,2.77089104340861,1.08894811147766,2.042979760364,2.09129119124548,0.960403495581969,-1.2879361723638,4.3732678120535,3.00330047125857,0.503779478256428,2.31369529317323,1.77474173683073,3.9243621890108,4.29341578231252,0.777925408524705,4.04280619016599,2.94241091636061,2.55468071467079,2.86694217226173,2.6048979219184,2.48168947984789
"BAMBI",2.81991133681466,1.56668366188845,4.55371068918472,1.73265126226617,3.2046321762942,3.38617911183606,2.65127676275829,4.53576682027496,7.57522911915683,2.6334777106551,2.9805097742522,5.47576909265024,2.40954028977553,3.88323956600584,2.48663457859164,4.55051901394689,6.5236936743737,4.70947812977558,5.02890945371961,2.63072696652966,3.61432114737943,4.07577220475696,3.61265917156098,5.41728544961462,4.02792368467651,7.94739732110542,2.31767743027899,4.97906501253284,0,3.38797869811995,6.61202658744993,0.68947272084778,2.90049008863051,2.05877365183255,5.11765764513618,2.6842285254009,4.79847050502464,4.89926748816529,1.71562544796196,4.11455859413759,3.16658691407045,5.9273607940499,5.21946283895715,5.52914003366234,2.77382546952916,7.06495827732352,3.95634479081621,0.0673606133566443,1.36087552089976,4.22896487618674,5.79419489613398,3.85226856789397,2.88109682570117,3.45633699997977,5.39709457271179,1.48677609166797,6.36018946858079,6.77801805681029,6.315063981052,7.24501114225479,6.12759822113303,4.56840120605661,4.23427761166909,4.56436219637039,3.27508244929023,3.98302335394708,4.84709287440569,3.57104436595279,4.68887511566279,0.215462973881673,4.49918093660659,0.696662231325982,2.93789477858902,2.07521802009118,3.48079339089522,1.16936564080962,5.59152414243458,2.35892363149901,1.3715946775127,5.3543367805163,2.87034582349192,5.16129997275427,3.00377241933321,3.50767369673799,3.27424679211377,2.96003969376519,2.33190404946017,4.78344365279873,4.58023968272311,5.72411508109941,5.17731673530307,4.48511404080287,3.23302103807513,5.48288870949491,1.72772391088031,4.51937598503769,5.51979690145518,4.78469713856342,2.91616769200109,1.79945115185971,1.71574615801773,2.05237672393464,4.67787229617274,5.97286236729204,4.27132507982544,5.64403126835542,3.96784224857474,4.87355535166023,1.23914301504395,2.16978655722713,4.50099152715559,2.3945783376946,4.28413848986447,5.97912979611548,4.45948722072479,1.14415664931978,6.2493256165039,1.29346073151379,6.05141414187919,2.40530260479249,0.805854769049957,4.50572691782219,4.03998731814237,3.99249413528028,4.78873614824964,3.07522110792045,3.69444307567657,5.41965731647618,3.99110137331952,4.16881779951313,1.37061974414017,3.07786735564591,4.2353918212377,3.21909341846748,5.1333054573429,4.53413926182179,-0.991922369905508,2.18385345303085,4.56645133931154,3.05878651678343,4.25238351715903,2.0952737923262,3.7363652106956,4.1150571878276,8.01743692569506,4.7136662785644,6.21325308172008,3.72487492451929,3.32522187987777,3.59179651916819,3.77954083147932,7.329133964685,5.20391848875368,3.36895460544579,5.27675993930169,6.20573216713195,4.09416575841613,6.25447883575872,2.87828456666828,2.67856250149458,5.23511635667482,2.40418839522388,1.41769509841402,0.911565401872022,1.95028727221056,4.34096317786369,2.10014845918888,2.14833802303134,3.36157296705374,3.60279933865824,7.44668307417357,4.21658953476737,2.54471807706506,2.12438251730619,3.65558501697123,4.55015602437059,3.64750699759879,0.582177198151098,5.6951456323155,3.89179744551697,2.33719654491108,5.21255361291043,3.44708855144471,3.54513899348256,7.5146498578589,3.80488909916524,4.2033582961401,2.72215595086653,5.29611933055633,5.49444863376926,2.82563816455136,3.81798106159643,3.68357953238261,4.66840151483954,4.47592181186182,2.539147029222,3.72006989575465,2.35934146008724,3.23928846689857,5.91172011721446,3.54862089838448,0.89290239159777,1.27563337841599,2.2558592464024,3.32884306097576,5.55461595047431,4.19945856264996,2.27145818036297
"PKMYT1",4.93783399667457,4.67725452211736,5.98830749199214,6.44448320691127,4.94413223146445,5.68771859990021,6.22493936243398,5.33490788683283,6.42539887788854,5.45423512671144,2.5095742400362,5.39243764235642,5.24293018074153,7.13180552671368,2.92640369617485,5.75944881818155,5.4411912989402,5.19472534128537,5.75576353978899,4.30016766385038,5.08306866591455,4.51644385630168,5.10649070574198,5.71855616448963,5.26014236195662,5.1957058651024,3.56139946089503,4.53072625022253,5.67955891776437,4.09790570997703,6.04238387592823,5.20145743386928,4.23486148951304,4.96538258244316,5.81754907447624,6.51006628453615,5.00481596433226,4.90923067170993,5.15208198867283,4.90029203003456,5.19484351199952,5.84849024393706,4.84469195715026,6.18639953059141,5.84916862033138,6.33880411523757,5.00036513597165,4.13276600920691,6.12776120181828,5.61029847029809,5.09279941707818,6.80618225587671,5.63279458680736,5.4063836036244,5.11514301304761,4.00518576747879,4.91010823185696,5.3728131053654,5.08833949307363,5.29078299740879,5.77105996709353,5.39670143887695,5.35969476628448,6.53289536260761,5.29191668103307,6.16833510000085,5.38131573254748,4.0104492985915,5.43500374989716,5.49346943394916,5.92305455014837,5.25920181073251,5.10607354405339,4.03271808406837,4.27556931186883,4.57631938190914,5.53776407269769,5.2142593527701,4.5638488620421,6.361952067547,4.3461006287792,4.11199496036602,5.36171920132783,6.0296208108304,6.18582621877541,4.8189276775044,5.41605503789139,5.19765898541462,4.99068074658235,4.86743314114311,4.42440577625604,6.23781371068868,6.55152016500644,4.74175621365184,4.03263710666664,5.36374363637119,4.43412306446413,5.95139664075529,4.36262001873295,5.59161404485084,7.0009447446305,5.62513868916875,5.08566723881641,6.36988785291694,4.02842628177646,6.12177309400376,6.17384156331877,5.53339129300405,5.59801125958783,5.71105571240859,5.49023033787979,5.83786632352413,6.08897724630147,5.31297080548393,4.88913508480783,5.95066784413968,6.72392105329826,5.81940347592877,5.90272922231312,5.82984956075246,5.18178741467474,5.25693444348396,6.42430466688223,5.52650821385666,6.08282296376968,4.32747582638036,5.59971178502425,3.9434000099557,4.93415852017197,5.57104578481039,4.85374796025005,5.99844451116278,6.1259029414922,4.99918337376443,5.52505062062544,3.21897617404276,6.34292237813949,6.00103578801827,5.24713617787413,4.06770032161749,5.25231873158511,5.47249628690003,4.36229610912601,2.11695471384388,7.01689729277211,3.44717049212935,5.5720175136312,5.58039867471067,4.78815626484546,5.39362429761106,5.30916486760243,6.4473022489747,5.7823968033363,5.42480059727867,6.10306731420319,5.92653657842293,4.45388155048724,5.69890910214848,5.99229022863099,6.6094190072463,5.0732776963511,5.18186839207648,5.07765047604474,5.50375356396938,5.25539587285101,4.634218224149,5.06906687146093,6.31126021406147,4.60166530865191,5.52837069409654,5.0259868937384,6.04039080526103,5.94653799665125,4.79058558689748,4.967035345276,6.2557097164719,5.31669576596369,5.47257726430177,4.0251871857071,5.25928278813424,4.47444981052769,5.81405896741432,6.7425458556971,4.42894051075315,5.93520116040848,5.98330173703851,3.38052609050222,5.73534893292881,5.77567567899237,5.32398373211976,4.68798721890042,5.16316261227591,3.0208244719995,4.09085985851343,7.66082959136139,4.65389573277038,3.60612913173332,5.62829680783637,3.7111568217824,6.23222626996903,6.6248856909775,4.86516577389455,4.28423389385437,5.73421524930453,3.95619443942968,5.22260002514871,4.84824149693213,5.07570701840312
"PLCB4",1.56415863782489,1.56271866397075,2.22227597053703,5.41161606153371,4.10178452416693,3.53864989988248,3.12031046394563,3.50226694451209,0.0814159873614201,1.98527817985967,1.1154927540521,4.0328678425988,1.43577792259398,0.108503046188544,1.4866114116375,2.8647348835807,3.73983730404334,4.55672981790346,3.38874335959663,2.42731384993508,5.12859448103311,1.64771974285653,1.44289573687757,2.42304563353064,2.7146543607244,1.96959811069205,3.15034520596636,3.31853521774017,0.102115213111925,3.20914139783859,3.13738220111127,1.48680188443786,2.39835037034596,2.56258924000583,4.13051084609237,3.04415277563867,4.08644410868532,1.78382959049298,5.70108046535959,2.0791869338921,4.03770727500709,1.83197449825322,3.10222643392323,4.24837543867675,4.26293672004996,2.54637345261798,1.32408475388952,1.33821901401728,1.68566211981599,2.37193516875874,3.96449105044997,1.80607654022582,0.241374053720092,2.64342908882856,3.10491372046755,2.25078163417598,2.8332525193232,2.69961716078047,4.0875589338998,3.21504169561159,3.48999575980012,2.59195883291956,2.10223692351658,3.52164383239135,1.50723486511792,4.65164466705038,2.6351319261654,0.231158967082615,4.41181447533305,2.08220533999785,3.08259542650149,2.95938746759864,2.35093955176961,2.32002322652153,1.220572843439,2.69980009761626,3.21769427973051,0.919916153822337,2.98664505613097,2.32578573684883,2.88731035429839,3.53948017388062,1.56467703155518,1.73800968346378,2.11110936005227,0.562000234604205,2.98536449828046,1.48930705521075,2.26441042844215,1.6721524225803,2.02897072078371,3.10912126769066,4.08252817091565,0.148014175217221,0.934825505939014,1.32676767661361,3.45660978726891,1.31176685607904,1.02839769744429,1.73005193110703,2.98015079846052,3.35087229618377,2.8128550621329,4.47620824153022,3.26754456748259,3.19180871746659,4.60197731613409,3.45221930321001,0.298571191070288,3.21824309023787,1.95634479697609,0.80448301044046,0.808690557663571,1.88417621525795,3.77034646064438,2.00207900592295,4.13631160063716,4.00112127899024,2.9017623643256,2.83874062439682,2.28133208575249,4.0817049551546,3.42743136196081,0.985499009452135,4.09140060745134,1.97463848055484,3.28025867756982,2.76584029533553,2.78788418404791,4.59731242682151,2.6279059211518,3.38087393725291,0.779329195519687,2.63696129452328,2.52637597728977,0.80667825246991,3.97560159039789,1.1288300202916,4.02975089379097,2.92819673709688,0.137861180831018,0.770273822148208,-0.110201168496754,0.24506216660246,4.07319839229049,3.40630215742737,1.79188458160318,4.07004273187315,4.16100807346846,1.28844240951614,1.70581280036519,2.94813685219771,2.32825538413197,5.76929726529377,3.70256836298513,-0.529126522449998,2.51174103042677,4.25174474401903,3.39175867898226,1.16431976643436,0.105298424060854,2.50195390971214,1.9081409407461,2.64565079422318,2.55116391853896,3.08762618948564,4.23271931309714,3.39578328936959,1.15517292464499,2.97109542508904,7.29608809677576,4.14317173197919,4.60508724234248,0.107768071343985,1.42207776805887,1.77697522948651,4.14765368445598,2.72660034405912,2.71461798131504,3.1509223346681,1.65870656514992,2.07699164017791,4.06743588196318,2.09949287097977,3.86272956271704,1.4084489737927,3.07527795306999,4.02078698883739,3.39331364208646,3.752601587573,1.4129309262695,4.24698838628856,4.02316516770262,1.65952978091097,4.81079971418546,2.75184562739779,2.29395472742182,3.65655974878459,2.41560772322047,3.4378587616007,4.72198388041065,2.63247934204648,3.01939074973692,2.93889854199045,0.0488624102204276,2.63037556843493,3.11643874112216,3.76677919234652
"KLRK1",1.66970712158962,0.239360155811791,0.154112646020389,0,0.0362824728400801,0.282268984545787,0.106419346866928,0.106475630217376,0.145969550992728,0,0.805213198073775,0.201193458340102,2.23254410864581,0.2767860689292,0,0.408457533046893,0.0257871620603909,0.340419843927242,0.0856245256974899,0.491153251576436,2.41103840151039,0,0.483271480360459,0.056269985567463,0.115852269375925,0.0242359805950738,0.0657570309051839,0.522777920564474,0,0.114990614208131,0.103735299728842,0.0263822368466791,0.666559372216964,0.0922033779739999,0,0,0.0559008611456965,0.0302414259953123,0,0.223520167966938,0.173293765670395,0.0866397611451492,0,0,0.486498145617298,0,0.649896843370732,1.75710007437519,2.34134820265384,0.285472058408638,0.0717475696535661,0,0.0259742120148298,0,0.666495378385065,0.177612875063459,0.957537215284495,0.905711715943355,1.27579803038012,1.01254002725554,0.386397618321978,1.22418435188098,0.291184149845781,1.02433138745986,0.547346154763572,1.89198485973998,0.403131464839486,-0.4102252649429,1.44730230544774,-0.500866933579398,0.0112629071510232,0.256163103969479,0.211539513256126,0.0194180095677831,-0.290052240585105,0.135107492770044,0.716308579727265,1.06185897996642,-0.195191806845565,0.863418154491933,0.186756474742856,0.862923905860614,0.644501314291379,-0.0982484681597524,0.903593507523417,-0.000740273895289967,0.734878206875385,-0.459791341969441,-0.673200840278157,0.427773289458093,0.00868575357343243,0.277168670800527,0.435645964085528,0.262094087545305,-0.0258057401978852,0.135601741401362,0.112513269624042,-0.361012222653016,-0.644958061345655,0.496085511001082,0.588015756426375,-0.230142245774536,0.162361774439908,0.91923294635729,0.678498559431378,0.77124078475098,0.560655564335514,0.416405570937761,0.0171232837795174,-0.350703608342653,-0.277342990065479,-0.205429814208597,-0.326450121934367,-0.29001693711144,0.0781629897473868,0.469501995330865,2.12445823382814,-0.0989545376330649,0.921386458250893,-0.643475315451699,0.00480237147021356,0.456933958705901,0.688065800794763,-0.139518228874871,1.32395196846004,0.38622110095365,1.17765437358968,0.400095366104242,0.41464039725448,-0.359705994127388,-0.831784043984155,0.338702625399716,-0.0590263089172405,0.733395460981428,0.0221010735663709,-0.266646037544794,-1.08865211837526,0.52185704677699,0.565068498543718,-0.229824514511545,-0.475466084276979,-0.571350318752823,0.558502052441911,0.4864123592167,1.6603587690198,0.19116940895106,0.46784273206858,1.65077387591958,1.2835294911129,-0.459861948916772,0.348163956342104,1.0807816418512,0.30968317004657,0.416864516095414,0.439741167030741,-0.254042697446165,-0.457496616181175,1.36451565970185,0.138637840136606,-0.00903659020671244,0.132777463508112,0.57368254611813,0.34230357971361,0.478045435957946,1.24120062618781,0.489377851004613,0.230673995982897,0.249208319657351,-0.429430354617001,0.469325477962537,1.23615222945363,0.822324911145143,0.365533265385592,-0.631895776089373,0.818123797778934,0.153571209497167,0.329876756983309,0.193640652107653,0.996971195369001,0.24267717702921,0.012533832202986,-0.00871885894372165,1.45711667112679,0.202431217050395,1.73378999424431,0.417323461253068,-0.0474114660812492,-0.550556572763768,0.725981731511646,-0.550027020658784,0.0627706752291733,0.2305680855619,1.59377641768643,0.21288104525542,0.737596574347638,-0.0062123123134622,-0.249312031974971,0.0204065068304207,-0.165042640335119,0.891413809108776,1.2550748913384,-0.504697360472119,0.274838641538596,-0.0815499251159107,-0.235649587666373,1.20462622747022,0.370263930856786,0.676592171853434
"CENPJ",2.86235219953202,3.07021241515282,4.06177619758669,3.3975538222327,2.78489339521388,3.58504665547738,3.26556291631809,3.81154295797672,4.59090137723583,3.43454683399046,1.9275741336826,3.73116151407364,3.56265761637737,3.69716219002182,0.734054474398408,3.68488604679365,4.39495994211714,3.26448238521931,4.16163780852536,3.36620189720609,3.1295517453918,1.15710193433105,2.30177784740697,3.66506298748081,3.22788275114528,2.60527148829245,1.68890544119314,2.73192829674247,1.93721254715349,3.30610471893257,3.93495990412039,2.76838972875067,3.65614165965332,4.27993181478557,3.75714062076708,2.87529056441561,3.90937950090871,3.10447756733266,3.78671135473861,2.34446209681223,2.77178629740255,4.10624780311177,2.71624686437788,3.04981719090811,3.93013175157781,4.14087679496456,4.19259661159178,3.08472761587621,1.86770277412276,2.89174385391231,2.97410892405999,3.49080114852119,3.59485902997223,3.44360665147561,2.92231591974335,2.20190833885197,4.25474478550435,4.08831160650202,3.88470594227149,3.77142219139244,5.01497429441558,4.01075519023756,2.36850209014469,4.56344501380339,3.35104393511836,4.09593879029615,3.40435393553204,1.26681560569227,3.34213217300102,3.11038621487743,3.15578802998877,3.8115652639931,2.01074702712764,3.04218313452891,2.4606705848358,2.79185093379122,3.50294532183925,2.90385010634705,2.26541467970621,2.91364501606161,1.89561669490896,3.01946215543694,3.13619821055965,2.87984454893186,4.02408269034097,3.15016799982468,3.54100095466467,2.71252822233232,2.29463883655949,2.82468796717856,2.74873727381811,3.14607340641941,2.72754173148497,1.43019791117695,2.4908581754315,3.37665521543758,2.75499959314382,2.45143767813765,2.89180718456685,1.75575822996827,3.60860188892418,3.1086600627556,3.37802007990601,3.73930773331192,3.59238408759351,5.10071989749058,4.23403096004241,3.8178275833188,1.93102288494274,3.54822670773279,2.66347338761432,2.45063481668564,3.69474892272519,2.92825709448825,2.39893053917599,3.475728318616,4.58158968261889,4.26638627655854,4.74850457849242,3.51643339423307,2.27954504126164,2.6071927998282,3.58307089475016,2.04061347314253,3.67202794363322,2.84893438302935,3.02050587532456,2.36834151785429,3.38468382995771,4.03885534105801,3.26481661517216,2.93933658252603,3.08184449025836,2.69406240893602,3.15707260831199,2.41434547905464,3.62650569930407,4.15254052266307,3.91762326180403,2.00416356322113,2.09649263020265,2.85230640112781,1.96080904481243,2.39146392767227,5.62466728107435,2.81047731947792,3.62088566913998,3.49431456123011,2.86266331385878,3.83420595693987,3.78426797462465,5.28345116396877,3.27677925080715,3.291873046105,3.33924187177377,3.561072490965,3.00685723064034,4.28107864113038,4.33005318970318,2.63440980305144,2.71180564702551,3.53008203891729,3.07253129741501,3.86599927043959,2.90320781718544,2.70730962289424,2.91195900701238,3.55456931320369,2.75652502990264,3.52759316841605,5.03006808971343,3.13740250273767,2.83592802750674,3.94467969273687,2.97241447434897,3.2006679851563,2.19524458880026,3.34743105858431,2.36513007204624,3.28039212734121,3.3590725496385,2.94728491090096,4.49142834155782,2.86314503072999,3.4937927012863,2.93299397705513,1.77358175420296,3.59415038278794,3.38074980884285,5.25254099806627,2.76696222877881,3.49652243022314,3.18083730729158,2.46797662404912,4.61217870394059,3.27766239840436,2.52939552512813,3.52068855992874,2.48604100671942,2.74070865929798,4.68138536110412,2.36954581003231,3.8241701887897,3.98811449729078,2.7415918068952,3.25205111808515,3.02355674884221,2.77402740955653
"GABRB3",0.229849983410241,0.0165234192025076,0.018799369641111,0.22764004668832,0,0.0790824584886919,0.0061744872873842,0.888122500837791,0.009156520377417,3.19857901555734,0.486705106806212,0.0641709832117731,0.312273664539849,0,0,1.06017192750619,4.42788771218516,0.0274301051039287,1.49998106366671,0.540301097348432,0.559295035271297,0.0074567419268623,0.538699061092229,0.0714771219486078,0.0626149629511912,0.0838709851479394,0.0174787010047364,2.54265427210204,0,0,0.0610752403720562,0,0.413376362000264,0.128685370106221,0,0.0367888553612297,0,0.182533401647217,3.37997299879047,0.0287954395536599,0.856582594859663,0.0970295566000114,0,0.0666926706010291,0,0,0.147724791789267,0.0243367020453184,0,0.0120122258134014,0,3.49172485107061,0.0169769004749877,0.0145181226340457,-0.77364340795884,0.0707318723922749,0.574472635415896,1.39498289665989,0.894461335853959,1.35304742243749,1.6617045310693,0.456435220767383,0.945882725944475,1.82038973905314,0.463131161380171,0.503349727753137,1.08237689997439,-0.769136524854079,2.08269033575025,-0.494817573210932,-0.412148460260737,-1.78670488451674,0.527558128430142,1.07374943803099,0.288349942307899,0.61666564581571,-0.33647574679698,-1.04585914748643,0.376770696553694,1.77420491790339,0.466049904724207,0.793206695433652,1.54555571505516,1.94658246598646,-0.573022725752603,0.65469515468065,-0.281963922577485,-1.90079341111156,1.36047304888629,-1.08629232734058,0.509273059833681,2.01783414173793,-0.00712989857950858,-2.00260604658293,-1.45074894107895,0.267918738899647,0.250577969620374,1.38601205314661,-0.377638612487135,-1.28236320374582,-0.017774727245993,0.318867979331569,-0.849015662548946,1.67737131519537,-0.295527494588005,1.49709599100492,1.69595684266549,-0.892195894962184,-0.66912664262461,1.39116277669491,0.966957769796264,-1.52049832246216,-0.581907723873418,-0.0754628309869394,1.36772698455015,0.79599667068898,1.99418373611199,1.70406923225406,1.65342045069579,-0.4735708385742,-1.31635797916459,0.912746404450419,1.72634611160045,-0.101388139513376,1.48035613947295,0.322602253904086,1.56886273911121,1.5421218993563,-0.179679137447518,1.13697456958636,1.13710333767507,1.05022780049376,-0.33205470908469,0.509916900277218,-0.0007344168403709,0.802091693554467,0.472960458818175,0.858449193712103,0.931718236186653,0.962536732083975,-1.12848533774039,-0.172382279087428,0.0535627938979453,-0.843435712038289,-0.930697553485718,2.06831123251125,0.124428165383289,1.14487234569375,0.879910541830015,-1.02177951489813,1.43661791200864,0.789944570519729,0.06266240549994,1.56371201556292,1.13388413545738,-1.11573729695835,1.61908229370713,1.68089097628671,0.958459075941571,1.31248547449464,0.657485129935979,0.626881247519837,-0.579675743669155,0.0247187420274722,0.837245381771606,1.59285652630704,0.518243903346968,1.13946408596804,-0.412706455311802,1.02365865152379,0.331744788202316,1.01005215681703,0.0143314495384029,-0.566970625583352,-0.470008254786627,-1.16505547493331,-1.37576299075497,-1.25141593975979,0.967429919454858,1.64414914830885,-0.951214602286441,1.72969408190684,1.57367008108963,0.525969988669416,1.66749909506114,0.343333916185988,1.95456608748632,-0.359267698498203,1.61388864746259,1.78094378121242,0.049570983148014,2.1805111604717,1.5001864251339,0.633062115777795,0.625035571581696,0.264484923200781,1.13169507794935,-1.65278607226097,0.00742089544443547,1.4835324189944,1.3398701546931,0.656841289492441,0.307708078310255,1.64642405120935,-0.111088668862673,1.25702935095796,0.339213337347349,0.558462469719935
"KLRC4",2.09770517545786,0.104808981238325,0.161781934596724,0.0469072897819862,0,0.253122784150357,0.0450053428153974,0.0716967787735954,0,0,0.54394520181931,0.238854102280413,2.29531160680813,0,0,0.254500923918914,0,0.20532869766064,0,0.472466975708671,1.22735293743399,0,0.276129766505202,0,0,0,0,0.916464414917987,0,0.568998119343214,0.177780052083135,0,0.234335765946256,0,0,0,0,0,0,0.202129310470098,0.0626964643947996,0.101874597366372,0,0,0.814859641795762,0.0586656097936449,0,1.77446027522407,2.95864968447797,0.219000577111677,0,0,0,0.128834475166721,-0.287353501159264,-0.287353501159264,1.05737368920361,0.152462288612172,0.0541158202622077,1.0925943500344,0.651185666054537,1.19819733644498,0.532898522058329,1.3635338556716,-0.287353501159264,1.59789579059675,0.137270797550315,-0.114170503054093,1.91871648339046,-0.0271807804494004,-0.287353501159264,-0.287353501159264,-0.287353501159264,-0.0971796314975302,-0.287353501159264,-0.287353501159264,0.975546123755858,1.10781533913715,-0.287353501159264,0.719680117016929,0.244820654660084,0.253817557133611,0.335615624540464,-0.287353501159264,1.01560446329373,-0.287353501159264,-0.287353501159264,-0.287353501159264,-0.287353501159264,0.428917927897074,0.103997007418713,0.68351551887744,-0.287353501159264,-0.287353501159264,0.458828941366439,-0.287353501159264,-0.287353501159264,-0.287353501159264,-0.287353501159264,0.235292787450414,0.739030831845236,-0.287353501159264,-0.287353501159264,0.713603520592186,1.38270758225453,0.665964184543838,0.710329238052641,0.689857597670255,-0.0526375897433473,-0.287353501159264,0.207889107457278,0.0940561676364882,-0.0403959027711712,-0.287353501159264,0.338299946262074,0.554904060567349,2.11316756898223,-0.287353501159264,1.31896231587652,-0.287353501159264,-0.287353501159264,0.889146361969102,1.19135379095692,0.28045428806343,1.71004734208642,0.526497447183721,1.45813407282767,-0.287353501159264,0.436557920489348,-0.287353501159264,-0.287353501159264,-0.287353501159264,-0.107415451688723,0.808174239707359,-0.287353501159264,0.249038874508327,-0.287353501159264,0.669415455328765,0.258271761309029,-0.287353501159264,-0.287353501159264,0.00924930005815988,0.378505776004426,-0.287353501159264,1.60518180669827,-0.287353501159264,0.153111245511902,1.69972302777254,1.11934907312781,-0.0163255013993743,0.493784119829159,0.845312273196443,0.234643830550684,0.502633532098202,0.626908778396462,-0.287353501159264,-0.287353501159264,1.42311989828316,0.414050915285082,-0.119332660211035,0.127536444054368,-0.287353501159264,-0.084642964116386,0.155500586824543,0.486173625277782,-0.287353501159264,0.479920040607659,0.129778295162525,-0.287353501159264,0.704164147505207,1.00082594480442,0.82546009167289,-0.287353501159264,-0.287353501159264,0.640743359577066,0.0620507932634496,-0.287353501159264,-0.287353501159264,1.40925581906165,0.994926336625063,-0.287353501159264,-0.130482919670029,1.18250437868788,0.132492114925032,1.32674979867328,0.45337180380053,-0.287353501159264,-0.287353501159264,1.0481997984847,-0.287353501159264,-0.146264371549822,0.289480688577854,1.7380114848566,-0.287353501159264,0.872479968862405,0.0482162120828457,-0.00564721059472911,-0.287353501159264,-0.287353501159264,1.55757196869081,1.57606724033311,-0.287353501159264,0.537854192928993,0.16644435999726,-0.119362158251931,1.30943444866685,-0.102046808245504,0.341220252310858
"KCNK3",0.0731113909288253,0.319326591363032,0.0535826557218237,0.187079801304747,1.26412803495781,1.40595969451266,0.114331040423689,0.101266830333398,0.0169612163957213,0.137506146829443,0.220537985173757,0.0048364540780144,0.858690825427225,0.0059043936616647,0.0098659618365164,0.726916642970969,0.0747780566753774,0.158916057350105,0.176807845168713,0.0203976557790812,0.0180216464289239,0.132304399274576,0.0704044417602776,0.195913225482358,0.945568002304298,0.0895781476882823,0.253919095708914,0.573656638818852,0.0115958225148871,0.250356484620916,0.151931533996333,0.200932415432409,0.713701972674904,0.108235387004803,0.609204628836284,0.142311481643137,0.162244846230457,0.168358346099098,0.061694644136858,0.330451699752133,0.359154546619691,0.0997611010830248,0,0.0195154727532264,0.158214211877949,0.0555219246937856,2.89027741171912,1.59579007053066,0.540849589319138,0.148633498189759,0.15329689912126,0,0.0264587286572625,0.0991618709336647,0.0309525643401488,-0.32108928572155,0.577540363228852,0.910194016342604,0.376454217828653,0.539261953843607,0.769098404991961,0.466423419419299,0.108073765556042,1.21077746697054,0.241566813377438,0.26995193048445,0.216036807464816,-0.61778845716642,1.25460010390768,0.14248449524191,-0.221492383591684,-0.0759149116451971,0.18868085834648,0.260490224782113,0.211986533444868,0.0769663331241471,0.726670124684638,0.363274227780134,0.284293884391151,1.61192058978226,0.242894772072503,0.0635539503039916,-0.078039645557301,0.141007141193651,0.486973580225428,0.311284644868345,-0.231883660380567,-0.152504929383064,0.601410420772643,0.0606656401422256,-0.285168003020045,1.06261047556867,-0.158746335249869,-0.938224890285575,0.670663466720277,0.0599020638925633,0.282003155642164,0.374628274622939,-0.0695407099088855,-0.726880263966,0.912252352319954,-0.997883434661365,0.532290170694516,1.39433455759588,-0.0216345999844205,0.471436463493168,1.23023206185324,0.465394251430623,0.191735163345129,0.130947854078534,0.215040838443517,-0.431044265672922,0.349695850123096,0.4823257247927,0.535477271562672,0.221249045342946,0.856776877833619,0.233964249848192,0.803857723835284,0.335619487955408,-0.911499721547394,0.323767456601954,0.395610022004964,1.02077977667413,0.718669173546872,0.168263493409857,0.273869408634891,0.304711249327773,-0.0681463532790677,0.306337998729227,0.434585609705118,0.685934991713523,0.587732446213475,0.605493893759968,0.220053882517387,0.131611833426066,0.511042831573478,0.668804324547186,0.448894364644442,-0.31066480996529,-0.363982351572145,0.0407462597162522,0.788486601939908,0.517151441570777,0.0981140753430551,0.949202803010135,0.0198973082037335,0.624317708262512,0.0799874391554193,0.169857043843935,-0.241511360919787,0.549188445089217,-0.0571906940447823,0.688922898777418,1.08478738577626,0.838185456102711,0.157872216620974,0.794296421230817,0.505963389564855,0.757080378801623,0.179152754709389,-0.0133016591728882,0.164678004933182,0.315334918888292,-0.161037063998856,0.816606127307907,0.21846033208331,0.782377991942609,-0.263787868029501,0.569174223449944,-0.703441792998104,0.14130593190004,0.0692309737253939,-0.742848967274155,0.159963751565702,0.652603228467394,0.931706947202655,-0.105063605001871,0.371972357232809,0.902923442487124,-0.183313571108569,-0.504745973249022,0.681087942476536,0.600713242457734,1.06835389692483,0.185460558510947,0.737492988049417,0.307367166717903,1.1567295480814,-1.64466571709271,0.10189875762399,1.09418269354384,0.968922989631848,0.368984450168913,1.26714931357604,0.0300893911883567,0.257801108424607,0.739318931255131,-0.157285580685297,1.45482307615609,0.338275405345538,0.268258783148242,-0.186865860617868,0.659807404388121,0.3467079430592,0.777431345803493,0.625844860761837,0.27536336216684
"GRID2",0.0813737171966476,0.341126134375007,0,0.0126473313114112,0.0076232221951851,0,0,0,0.211880665028952,0.22240025308827,0,0,0,0.0303671569012274,0.0157758622329732,0.0790169014313035,0,0.034905902337623,0.0765317322350207,0.220497124447617,0,0.0410761303001543,0.0429664566483678,0.409028078166142,0,0.0077566795711375,0.0938035343682772,0,0,0.118815521654742,0,0,0.0067331907184705,1.52903630680152,0,0.754069101691895,0,0.0224970727133708,0,0.0363359327196885,0,0,0.0653269015989856,0.507124820569989,0.216287226503468,0.105214088341895,0.0385977207421626,0.172254514888068,0.0151192904974428,0.164580348008331,0.0634104411898324,0.0299051479350868,0,0.0084094383010169,-0.10803502949613,-0.0554216465208902,0.454659674419301,0.103046892429506,-0.109463188643123,0.329019753727794,0.233066501171793,0.308320967157369,0.19628664260622,0.385451082155997,0.0743313725139572,0.249299910142618,0.306835681644496,0.116185956581846,0.234123338940568,0.27741084268594,0.151204418866126,0.295410408468548,-0.25467841070942,0.370979069466463,-0.318717066860608,-0.372768130043821,0.10867383946866,-0.317298428774594,0.351127657323253,0.348138044175547,0.328467532190957,0.0583645532505702,0.226839727290901,0.368989167721652,0.017024106475599,-0.210157929567144,-0.181775646785893,-0.151479630747672,-0.089202370877776,0.118004479229018,0.280938395779014,0.337541103304855,0.13282877117481,-0.372768130043821,-0.0491567883960788,-0.167522618498898,0.365199785451629,-0.213985396081086,0.166304821580337,0.108321560212402,0.333104288888196,-0.209310555139928,-0.0753206639689994,0.238845785186626,0.40655927434856,0.422573698916847,0.385022634411899,0.338531293646771,-0.100570517687844,0.281252590791353,-0.179538197455604,0.221546017386045,-0.26572284144617,0.0786824973817974,0.334618137584009,0.189555252493391,0.457944440457386,0.279196041619682,0.532941837796503,0.419536480464241,0.181452829599448,0.37814842838437,0.319593903357637,-0.046043401455633,0.345138909966861,-0.0976570730279774,0.201199510071878,0.305169495973003,0.27957688405888,0.450603702441839,-0.122611773856443,0.341463780428598,-0.242634268569775,0.115509961252269,-0.280899412648221,-0.0677514204899339,0.0778256018936013,0.177968121280784,0.314976188782359,0.293201522321198,-0.225201205915475,-0.0862222787910496,-0.372768130043821,-0.372768130043821,0.612061854539942,0.056441298932619,-0.210072240018324,0.237032023069944,0.230305393487605,0.452317493418231,0.0996859579035816,0.271207871457498,0.0350665170326166,0.372569086650116,0.345672089381738,-0.22855261938042,-0.128352973627357,0.414528402388784,0.288507639258079,-0.318536166701989,-0.0509657899822705,-0.042539651015009,-0.0544028929960349,-0.240453945605365,-0.135112926923126,0.0556034455663828,0.375549178736842,0.232114395073797,-0.293210144495304,0.19207833365308,-0.251603108012894,0.447890200062552,0.00739831382486295,-0.28772601337085,0.246538802458431,0.208597374453304,0.266333088235761,0.390887607975552,0.0918882089609971,0.265457150625605,-0.0492710411278383,0.357582936667664,0.236408393575757,-0.211186204152979,0.528571670806703,0.0200041985623254,0.126135465305901,0.153498994562296,0.407920786068694,-0.372768130043821,0.222955134411079,0.278986578278123,0.270331933847342,-0.0933154692211172,0.554345182879446,0.0839762072866533,0.238245958344889,0.0366184499723495,-0.0881550541699807,0.201009088852279,0.485650727909059,0.083128832859437,-0.156544835189008,0.305121890668104,0.144225481167818,0.42850531990736,-0.0262967209832032,-0.0642667121712698
"DACH1",0.0886341734468928,0.56677911662139,0.0386398583987686,0.263140199591069,0.0895767918464362,0.0127474350472888,0.0361305234181295,0.319399432588261,0.0122153755509588,0,0.134219625231524,2.29833279276628,0.0401209172008774,0.171211952435828,0.657763463526178,1.02252405953784,0,1.30604053886259,0.258587665909397,0.553979721622178,0.0676745084839262,0.0701131284036331,0.817339192566141,1.63594008423949,0.0178378373923048,0,0.295641925757275,0.0578869137889892,3.43453615907328,0.0845065327350966,0.0352213064559502,0.0221589844546393,0.0565807539501595,2.94720980777787,0.0098100791074882,0.0620332681215455,4.89506021268939,1.64044971929953,0.455773556448187,0.88836101191446,0.075576441881797,1.47049521700266,1.8938941428917,0.434712018265689,0.275107198059506,0.0319047079666439,0.0570134983862069,0,0,0.0059647381135603,1.00115369461637,0.129608781922922,0.795704618021189,0,0.95344251032,0.280191646005738,0.123311866931918,0.0462969521521218,0.279793978631659,2.30796386432577,2.23446167801699,-0.773693173196968,0.920369840375837,1.70264784308318,0.263953561564215,-0.0522582787235728,0.550671738274541,-1.04748716024976,1.99413802828245,0.560944812104893,-0.696877092104211,0.705960847852049,0.95357506611136,0.183160806730676,0.891273844172453,0.990027908735187,0.773961968819407,0.54464044976769,1.01448445224099,0.671894009472689,0.396509352923589,-0.823799262330812,-0.0191193308837294,0.660030266146025,0.07850800945245,-0.321147701496064,1.33752291578379,1.84640459881243,0.728097665009063,0.227633274731746,0.334672076254441,2.21027024609391,0.694494771899462,-0.0586872346045031,0.0838765190025044,1.06498820874891,1.22451910364992,0.828906344337867,-1.1533992375459,0.499505202809823,0.0343006530340988,-0.62277840473432,1.00049981625258,0.630271490985845,2.3773568211024,2.32552750668088,1.90333731120128,1.17109911973209,-1.01262498712224,0.0754592262511841,0.167187833871872,-0.28177863146233,-1.17155938096213,-0.115156001723596,1.2082810192084,-0.0146124339775104,-1.41910732132576,2.3310285720223,-0.250230353118799,0.560282033148096,0.636700446866775,2.15492820320137,0.315252652820293,-0.0357550826993308,0.618540303450541,0.0966681528686837,0.428919243910956,0.814656596766735,0.246986420270215,3.05279485597409,0.109923732004622,0.672225398951088,0.0466946195262002,-0.240222390871166,0.132723328118434,-1.05351844875661,0.737244014612861,2.22312815785577,0.707949184722439,0.040133107853911,-1.09818975044472,-0.0246866741208231,0.832087683330493,0.424942570170175,-0.861643940763913,1.638954785335,-1.51799394167986,1.77396285883453,1.09229470176894,-0.471532246793274,-0.119662898629815,1.47538093879754,-0.21815185160983,2.18859737420665,1.15989815536223,0.471270819250276,1.13709855924841,0.954105289276797,0.363701794562144,0.484195008907815,1.89584790898947,-0.0946098540628935,0.338781305786581,1.70118972937823,-0.407043854296939,0.148828856768598,-0.107335210033393,2.92176345621535,-0.00977414759289386,0.842559590847883,0.995065028806844,1.60004966057103,-0.129737138773127,-0.946545925129593,-0.78807547655946,0.412150936303995,2.01892596126665,0.494468082738166,0.0673733229782619,0.951851840823688,-0.335463726962877,1.55113657355942,0.261236167841347,1.10057943872891,-0.0702195884527679,-0.112571163792088,0.734261509307275,-0.40697757640126,0.211461468185902,1.73094850453841,-0.700721210053633,1.07035671829897,1.73466006669647,0.412946271052152,2.61940369612462,2.29245483673672,2.16599661177988,0.94721238812611,2.37715798741536,1.63398394315903,0.66526621990472,-1.4193061550128,0.656583815570681,0.432697083964698,1.91586383348474,-0.375694409640447,-0.16088774974258,0.562336647914166
"PTPRA",6.36442535394533,4.16432772168213,4.92552476974757,5.03561951126353,6.01865197628786,5.42856117281481,4.9002871989974,5.02480280183167,5.8421617434997,5.13848684427481,5.43002762585844,5.00666605720662,4.55005720473611,5.47873564952196,4.39848034934348,5.59401998207661,5.74770157861955,6.69499159352052,5.82166430109556,4.99117260925272,5.38884734980287,4.62771188491495,5.65225989082408,5.24946051130094,5.73729737587218,5.04198762165136,5.89278443455309,5.20673307708305,4.01658546043445,5.63431155531674,5.25290002870008,4.42799495084098,5.50805461895594,5.11561593142811,5.73615836083358,4.41468354473511,5.44894058507985,5.69124101791836,5.01958628073626,5.56892287029249,4.86978259184778,5.50357453616437,5.20773670736488,5.78312658832882,6.14149410089584,5.9835864974389,5.21170143762425,5.80311335254725,4.60942994101555,4.52443358231249,5.38065326731859,5.44909910993136,5.71091385711103,5.57821718517593,4.1424038548235,4.51680613172172,4.88273726451626,5.22782492431884,4.68801241255401,4.78665665639293,4.5920432668531,6.10759782445509,4.47679112207407,5.00657201582139,5.59754577947556,4.52438557644606,6.20445866953534,5.70689041586649,5.25034033364705,5.82420461546024,4.86624082599856,6.61129651135687,4.72278868834807,5.27229843086317,5.57748254344053,6.17414089063796,4.98662024220877,5.80854414511067,5.2202454795945,4.98138150835518,5.56432997759533,4.75567010296104,5.82035916188686,5.85424373830158,5.04970797329671,5.81991331219719,4.7891088296861,5.49232525271405,4.98160443320001,5.39145176042679,5.5257639794391,5.78268486310996,4.88106532818,5.9158824578981,5.6698848916241,5.41619641820333,5.49210232786921,6.17035116827578,5.34608655450313,5.39334662160788,5.09306685561687,5.02741548881334,4.7811949976945,5.1058850341948,5.68615840529696,4.94192381081961,5.07166607051283,5.02663525185642,5.33627786133045,5.17454588640359,6.05309269989325,5.90573937745817,6.18205472262956,4.924647135345,5.81812991343852,4.68366537807975,4.40656979595145,5.69507539909031,5.04335461521895,6.17101994281029,5.66564931957226,5.48028731109303,5.14679174322179,4.60831678052596,5.03165106086518,5.58361297667345,5.01337122358881,5.15035854073913,5.96448007407185,5.60746593507066,5.77488249354078,5.54917108814664,6.37767127397114,5.4087284359014,6.14125947602499,5.51495212446467,5.48240509711895,5.51171971421458,5.42812289740194,4.91093725738772,5.61705170339851,5.60913787140691,5.17967315783476,5.17387711186909,4.7090788103908,5.64023588726122,6.08307609152339,4.77160922936665,4.92832539528475,5.60824617202758,5.63711493943354,4.73460370512426,5.55730784498307,5.60189281394982,5.18245971839519,4.77584480141849,5.858367847931,5.02407161614083,4.95262420337163,4.76514440886648,5.51662406080092,5.82314572244728,5.66297422143425,5.34876165264114,3.95347504882693,5.20419489076647,5.26427313644916,4.7983602107467,6.19598752543166,5.85758761097409,4.59438397772385,5.24320673861237,5.25457590569889,6.43195347368815,4.6258163808454,5.88980025105256,6.20000017263867,5.84019947307706,3.74492885648499,5.32959011598544,5.36603832811575,4.98929534034677,4.77417286508224,4.4075729577532,3.87545135313513,5.48106754804994,5.06096567796081,5.30707470665723,5.3988082803063,4.54355711310176,5.93928956660564,5.64670070776139,5.68013943448645,4.77885428682375,5.52431496794768,5.47638612630844,5.99691563899516,4.73449224270184,5.25758539110415,5.39657903185797,5.05673010590897,5.24487867494862,6.02723341789254,5.51985647105101,5.48730944370529,5.64491730900272,4.67051281223456,4.66170728086363
"ELOVL2",0.554801986451642,0.0298132936599266,1.62819966864109,0.0249210314269967,2.11598207233979,4.4875377997521,0.423980402282102,0.409982828856796,0.0426205257404405,1.13241232986512,0.776405553530859,1.81370937527646,0.104131312790851,0.189756256522638,0.720113826602667,1.40808682949794,0.0534394688079965,2.05857626122623,1.05540392049481,1.65367457978407,3.55911242875224,0.0331473874206805,2.41274630418454,0.336356520650482,4.31552275753538,3.29431637245593,0.419686659064212,0.0355591629394351,0,2.01125946406928,1.00872351801449,3.56415863782489,0.476064337530327,1.17016863603176,3.11087434397266,0.0636589382162157,0.498996280149186,1.46474144533072,1.19985134568733,0.158252996782986,0.180639286971302,1.59637703339131,0.619655278502812,4.73315365102978,0.637318107416806,3.80499315305262,1.71082516451099,0.866597058198529,0,1.41186549576251,0.24178284063487,1.2637856138908,1.6199153425627,0.281653151266183,-0.145604294564907,2.80031316209698,-1.26488600495973,0.974712063371415,0.189276626367296,-1.45946871926452,0.636382317300878,2.21580627765218,1.96204172397359,2.23994805362052,1.97211229337752,0.675285064861283,2.27940261320306,2.06543750162083,0.597824452254306,2.79582968941715,1.68227302875196,2.71616182872164,0.424831383315488,1.02665136995472,1.48217219422584,3.30577297437117,-0.0468989191057956,2.89412120585966,2.26271029953352,1.70731149925626,1.54073324507474,0.783440221199427,1.87395872994055,2.08840667704214,2.30113021157456,2.64932359754073,0.819239026135332,1.99397784475456,2.00335864913083,1.56673738661778,2.3254789170512,1.64254256315835,1.47223957782744,1.84050512609871,1.81684618564974,1.05976009128272,0.0310445290205457,2.27071157385445,2.19849317545775,3.00282817421994,2.25664036729005,-2.11433163653132,2.05315968412837,-0.132360806033706,-0.626508471854158,-0.181334122998044,1.46954949421954,0.19334624003053,2.62290559698109,2.3463787973895,1.76428609054153,3.58830072970347,2.17697250659455,1.34690927230039,-1.52216836027942,1.1337029022486,-0.394057657530467,0.973608439327148,-1.21329158089026,3.11325955514938,2.62435410353919,-0.219202223016948,1.87589007201801,2.4084576498795,-1.18728743934722,2.03336342783433,1.57998087514898,0.572854958252771,2.21946203229882,0.73591541079319,2.85894318944865,2.85266632769688,1.73800604298743,1.4298880051287,2.16172869948311,1.36318772695332,1.96342125402892,2.05736725079713,-0.757012015088706,1.46582476307013,2.91322769712602,1.51203901992381,1.10749183119726,-0.198371319181412,-0.273003895174954,0.742606131561557,2.45591348378298,0.241146956447835,-1.71254350791544,2.3298244367255,2.52854574119628,0.0715337361445829,2.19635490387198,1.02030553170019,0.397240782208819,1.25841241925075,1.91037832340135,-0.728386766440536,1.93776199499972,2.37155522089933,1.78104738071384,0.929463477556477,2.44315283077114,1.20985296130301,-0.929936107524758,0.503878455486098,1.61364140849912,-1.74116875656361,2.50323136468091,2.15627955576454,0.493600956573862,-0.275625002280087,2.58538237947602,2.61683566473763,1.88644347694131,1.17833069953864,0.897734286283807,2.28871444107656,0.70584165558692,1.61715921014022,2.35189691761083,1.21813014163501,2.65753180136996,-0.687690629808198,-1.32199854925053,2.52399329201368,0.738053682378956,2.85232144518305,-0.840404606933615,-1.75986138881338,2.26146872248372,0.922910709793644,-0.3898500908617,0.759367421733859,0.443386062559724,2.95040603211726,1.7968429998474,1.65551014567849,1.94810847041472,-0.437719783781772,-1.38607772032077,0.875523852392939,1.98397625185339,2.75996190797847,2.28305836784969,0.712670329360821,0.458284987157325,2.49847198599001
"MLC1",2.33178545952184,0.0082860823619392,1.09872946269887,0.554884481782486,0,0.257723942054843,0.0193218894743825,0.0286384564703615,0.656953933209056,0.10460772681134,0.136848916329657,1.21686456650331,1.21527477183904,1.76912428506996,0.059837018553054,0.370217857388277,2.23210198796328,0.208589673663084,0.0648331977461866,0.143488767953283,0.326348657980752,0.0763634390096735,0.439092234483314,4.2607332764124,6.00465868685745,0.0172178435347772,0.0069356493447826,0.0256525277657813,2.85929772388088,0.279817144408969,0.223135836008253,0,0.727532780266088,4.46467480093358,0.131927895228553,0.0935493592892406,5.03670113028536,0.191642236760859,0.109097072148295,2.92849918854464,0.103235765528604,1.19959382868402,0,0.080305643739622,0.172120074332865,0.0713260884791071,0.147452589231627,0.0842398273702838,0.0238954616527813,0.0123484088219068,0.0536479887181827,0.104270898262946,6.09130843415338,0.0576471238063948,0.83810955679962,1.18070718318629,0.728602939271513,2.86784759928583,-5.01512877208685,-0.570013998200905,-0.48727822921497,2.43674462448603,-0.109716951499511,0.292191951398696,2.77507276209658,0.184993165641466,2.38562615076111,1.25478858303144,-0.0232886516801725,1.42158712427157,-0.346615882780024,1.75431876983774,0.44935529499541,2.41366630677726,0.801184248465591,3.08997640723273,0.359811422285387,2.50528722808108,1.9321372077838,0.666868439400556,1.39879728553416,-0.723830985729849,0.648867351587716,2.52848093737839,0.90203649685291,2.79226610878961,1.01246624708937,1.36971860522111,1.63731169905428,2.08791585231799,1.11574171883611,0.275344779471294,1.279943949334,2.80703623212323,2.84361536569163,0.94853930703608,1.75835747543677,1.04500667505873,0.6904083234635,0.795299277449855,0.48628060332944,2.06310666078107,1.62669567290825,-1.10589253539852,-1.40337205066454,0.419468873562555,-0.575091228096835,0.239573387022703,2.91088866181269,-0.0672528469153771,0.873419382894036,2.51867265235216,-0.0182114217842428,1.53899806561493,1.70008472322213,0.772797917683804,-0.0935621291033735,0.84768705864876,1.7428950025719,3.27818008814774,0.970232925682323,1.4607625685822,0.360388380228107,0.793106837267521,0.508205005152771,1.30302226704277,1.52284324321879,0.912883306176031,2.40512732922502,-0.0944852618117252,2.85550069931164,1.69085339613863,0.442316408094235,1.20597794107739,2.27750423229553,1.76355009692125,1.30383000816257,2.51532629628439,0.934923099587904,1.90582792559581,1.46295500876453,2.52894250373256,1.66408254759645,-0.0891772487387071,-2.20822838075786,0.684523352447764,2.45532267024159,-0.0734262969024736,0.321039848534656,2.4785163795389,1.30648401469908,0.558515737757886,1.30659940628763,0.473241353823986,0.0439846444408872,0.705870796328375,0.209225399235671,0.00348219686199747,0.641251506743822,0.790106655965381,2.45047622352275,2.55767500927998,2.3071598705513,0.398236821270488,-4.33951102116265,2.23550169406557,1.82401528931822,-1.24551635753657,1.85297857804273,0.343425816712163,-5.39695953857843,0.49101165845974,2.80126665269603,1.21417074386401,1.36371824261683,0.470702738876023,0.961232381775901,3.46280662981789,0.348503046608092,0.389467060541155,1.09554819084094,2.48059342813269,0.261382397257491,-1.89528639262695,-3.24063692345962,2.34662379383329,1.19640043922826,1.89786590598628,0.237727121606002,-5.31214672099871,2.68529810620947,1.52492029181258,-0.169605185953766,0.526783050908329,-1.03134956919919,2.19684551190338,1.77520464736418,-0.184029134521748,2.53701991493063,-0.617093766326792,-0.832529862138148,0.178415845094466,1.38921978368502,1.87594150416295,-0.328037837024466,1.03289055826163,1.57950051319382,0.784798642892365
"SOX9",6.17544076745368,2.95844924366213,4.25988258411917,5.90548328176661,5.63107226093414,5.1577268876623,4.54111830402469,4.97594653208647,5.77978237935218,2.24678505418872,5.72735415368084,4.78640294415595,4.16309613843601,3.66009575414344,4.75983227146555,2.68785350468901,5.13147424849271,3.86509729339475,6.59504558462592,3.97160792775144,4.28157956593358,4.9557173188939,5.09679315013947,6.20645373279854,4.45095387698514,0.377072649882388,3.34218207698128,6.2682734363654,5.01428833466084,5.02594126747559,4.39774136540825,4.07254317440797,4.80587540125668,4.06409819005249,4.2943193135983,0.0099003501323538,4.83814500331236,5.44626284774155,6.0112004143356,6.16098672418082,3.95544300470294,3.57335028741435,4.38567261661414,2.32913508038549,2.72988553620694,0.968825832198318,4.29785904054435,4.9938554797021,5.91955461135827,3.18100074729143,5.84465932127918,3.98357737739591,4.82107239061079,3.77204399167449,5.05439515011603,4.14650633181328,3.6110352434413,3.98120174357112,4.26855514745122,1.67304798906923,1.35867982757758,6.48054922902624,3.62116577754564,5.79279852483197,5.04378220962577,2.47223456841118,5.4631541611195,4.50477347442372,2.66809156109499,5.37294416695233,3.78984721048924,6.1586233674885,3.16400532582146,5.31280417084088,4.58131528765647,4.80836789329647,4.47856272745536,5.69872927957744,1.45998516862092,5.02512916270351,3.91864971553007,2.89852101143644,5.26102588541873,5.39111480748867,5.14364033151136,5.6342476259927,5.04185258408209,4.6293951241199,4.02638714171902,4.25311814310175,4.44109583148218,3.96624714560758,5.69229719443183,4.72458998427491,2.47721943439903,5.37021053076544,4.27257520066722,5.54001757860953,4.32419268396074,3.92508180067568,5.02207392225934,3.07250891462517,4.54063234911049,4.52246170857414,4.08089906332807,2.24325233722749,3.71282299087057,4.47679390404032,4.45990968053309,5.02850600740495,6.02628321561759,5.47328469522383,6.33840014730828,3.90128308563693,4.12737087850509,3.61907534987332,3.20710029629705,6.85827342920215,4.04021612478208,6.30559651306567,6.15396010575793,3.96496072857846,4.64933458807128,4.04922104398594,5.15135883368609,5.2968847601055,4.99907921786379,5.07353060342421,5.756135639502,3.18297997700101,5.22355898944555,5.27389005570994,6.03062487309088,4.55237090450122,5.77864793751163,5.31312577509816,5.10536942489498,5.34689422211261,3.17301024502531,3.9831313691148,3.98506099465849,5.59726313640545,3.0398660825112,2.06347555740771,1.92615053954895,3.4571476063326,6.01229343042589,3.86952466523048,4.45347759538748,5.63858928346599,5.45012918869964,2.39022548280467,5.14669557195552,5.14444434215456,2.91990769454559,3.2077435048116,4.96643638574982,3.33783242688155,5.51461084228437,5.57539404691038,5.45061159508556,5.16792145293603,4.6893743181027,5.48357603145681,0.465102398723807,4.26501750062113,5.24751850661294,1.59554136306464,5.17773038278309,5.56976597240797,1.41287014492934,3.89308217707627,5.20876519361065,6.17727641441077,3.57388995172541,4.92929109403393,4.51458240427077,5.52731421044695,3.86060014709095,5.45752608661709,5.40413977990853,4.63759603268055,5.68602591141486,1.01150803184332,2.59187135211952,5.77044702895098,2.6793477100998,4.50268304675139,2.24695078618622,2.82165759394641,5.60160479387874,2.25579490326143,3.82474127240418,1.76952926625337,2.26319180117888,5.81949167818625,5.13125856760606,4.38899594180275,3.90305190905197,1.53524056482455,3.93280030285041,6.04397144976801,6.08192075212711,6.26137592768961,4.32789113291946,4.76977538242282,4.08572312718727,4.70947458418273
"DENND2A",5.11941843238692,0.318739102292224,1.77005940342107,2.60230246373394,3.29517934047378,1.59374098760578,2.34813325179646,2.22835079671868,4.67301927059965,2.02971790033767,3.94586985135882,3.57800881080692,2.85089941238573,3.05061313850472,0.944714543852906,1.9516996851273,3.50066185503109,3.91299469102502,2.86096875529265,0.80545591049992,4.83749422146766,2.54376559021976,4.28557237285819,4.90590922927833,4.80476605451967,1.44101064857834,1.97214120020094,0.206320644317124,0.505270030879121,2.68910231429554,4.21301281770103,2.89705257251435,3.35392311302108,4.2824620457657,2.80155601520866,3.20057026569042,5.56590785796983,2.88329431583087,4.71851506702348,2.2949382906349,4.25675404920397,3.41875665787643,3.62579649782177,3.08033361743118,2.35976853262552,2.45098685837497,4.42148588959264,3.73147653078029,3.78280692861191,1.96743055650704,1.96576581804738,1.63033091167245,5.12946849438407,2.66978647557006,3.47235947866292,1.53179213969659,1.77546115175826,2.29376184585398,3.6954347148825,-1.04531008893439,1.74665866806303,4.35630770326962,1.19307493144065,3.6549672252907,2.98286126826243,1.93013048920167,4.26169154433078,4.17614816775594,2.17034320321991,4.43371437820056,0.746636434164538,5.79945614881928,2.43042963098786,3.72826954629507,3.87761042425485,4.27162840120564,1.85898835447444,3.90194852297732,3.21371317507973,3.94486422368322,3.79365118428324,2.25977491509361,2.41156400416749,4.54770020742445,3.57662446963966,4.32966540585153,1.76710843148665,3.32978718437152,3.08554212263594,3.24453183263363,3.06062797423956,2.60281249590383,2.25487849286542,3.75044745874039,2.93101679761102,1.99003965528775,2.32602062759264,4.44933972560522,4.21099917302717,4.87979284443048,4.30575934438449,2.98775769049062,2.80255772033027,1.25183199817892,1.92364993037024,2.23212453074618,2.72133471630972,3.3189862529858,3.64459833116041,4.21575158283688,2.41156400416749,4.93480558828838,4.88425722940324,2.5220215291387,2.47377736894919,2.31161938574503,1.52703972988688,3.87962659811352,1.74781076741084,4.74125289785641,2.99380621206662,1.62381607510286,3.95264089428093,1.93905925914719,3.32129045168142,2.79593314908037,2.93216889695882,2.20245797254009,5.87391056917145,1.2139567321197,3.99166825968797,4.98232968638551,4.60256893886387,3.11088830828775,3.26757381958981,2.0979049567264,2.83856082494932,3.53558093037396,3.00734337940338,1.70374296735713,3.13393029524393,4.02723932705159,2.57501809913793,2.40378733356977,2.83884884978627,2.04346826254241,3.60326676705775,2.77296316833342,3.04910698076147,4.41636088177418,3.47624781396178,2.68187531364725,3.67872927433926,4.12286357291976,2.52951017489946,3.20593650448201,4.366100547726,1.72044840790037,4.16837149715823,0.799200966908338,4.39115870854085,4.53070674204426,4.2513226502005,3.50274609896139,1.74133020857941,3.31697007912714,3.41461049885398,0.961358950112499,4.24858641424945,4.78258446195907,1.52775979197926,2.21556310262142,4.35832387712829,4.91032347714743,2.35323897468464,3.72668540969183,2.95549890875196,3.46328669629892,0.854213710766233,3.76758493653906,4.33384176598734,3.54062136502062,4.38439012487247,-0.54457890989276,0.87163921340185,4.50478450671855,2.30686697593531,1.32887864206367,2.12296311754125,1.17924973926694,3.88020264778742,2.84302520992208,0.21292641129187,0.43182528737564,1.76826053083446,4.89736235948457,2.79290888829237,2.49696336832385,2.76641060329276,2.40162714729263,1.54316912075621,2.87888430212264,4.00002097995959,3.71919676393107,3.23301083915553,1.92667419115824,3.16618907698259,2.90091820214949
"BBS1",4.07783260567283,4.70430207588118,2.8926630235787,3.49300679094604,3.89754055238328,3.63293123745639,1.88154324773947,3.46247118939265,3.35713250644204,3.46690114734736,3.56755761607287,3.33105020923412,3.67060243470466,2.62082801231702,3.00077163545279,3.6658247871489,4.37933677526335,3.7372216498117,4.39055763597413,4.66893035578012,3.98494473998205,3.82259759743482,3.22088556410083,5.20737360658639,4.30722449328488,3.06022554723586,4.09771191656672,3.04403908526059,3.04131483478741,4.33141859783481,3.61155012306924,4.07747374331124,3.00570538276039,5.14429115004445,3.76712507726907,3.78066705365336,4.83231788480662,3.79738657709496,3.59051818811922,4.2564521448908,3.3455468257067,3.31474147324381,4.19541059673016,3.43957393882284,4.68759823850728,4.0135515880033,4.7746025936481,2.77207989623915,3.73904878375803,3.21893147297128,4.3866799118134,3.51186016018668,3.71316790300937,3.44964984839255,4.41351299090885,2.29602596536159,3.80474689471002,3.68354201047903,2.0662964439775,3.22876666257746,2.50062346551023,4.00991557715947,3.34585903424265,3.25332750151211,4.44241481532962,3.21974198222473,4.11272839130451,4.49404969532246,3.57947259527222,3.46495054396066,3.41097381653451,4.18743903624991,4.14288681678706,4.49816220788826,3.86620611027673,3.96490641185597,3.78235654851844,3.48374244165717,3.24521671284066,3.79537950497681,4.2104005647423,3.38984007140469,3.76122280338862,4.44412836223204,3.348943418667,4.26671913960175,3.80703162391325,3.54919993332951,3.83787546815676,3.55502599279773,3.07237694861683,2.86732250262755,4.08462622210487,3.2548125754942,3.97004705256322,4.41282757214788,4.95373721101097,3.95325429291953,3.46523613511106,2.9318661026186,3.10242113763922,4.95853514233774,3.74488698958558,2.87109230581287,3.49310983139038,3.27800257690692,3.21905656346376,4.02533749928122,3.88094261363752,4.45029713108074,4.36062150985423,3.55913850536353,3.43439229086755,2.76508087078331,5.18757924496086,2.78518648777167,3.52623840483712,3.95816646070646,3.57273264412271,4.37592919551582,4.21976795447552,4.26934657818546,3.24681602328292,3.38412824839663,4.17258829642896,4.60348822415685,4.06851888122214,4.3445141689715,3.7512842313546,4.01368538034478,5.06591741488923,4.48274028576651,3.93417680407262,3.36962021795617,4.28579662844867,4.29402165358027,4.1821841590825,4.10073356298759,3.54668673120596,3.27868799566788,3.07489015074038,4.03344828795267,3.09396763958729,4.26386322809773,2.86035407855772,4.01631281892849,4.77450020501811,3.87962889434566,4.54122935336902,3.8177698511684,3.85958039558738,2.52107179187907,4.06269282175392,5.13457352744608,3.40126371742081,3.34494514256136,3.70501846498933,3.55662530323999,3.02645389163204,4.22787874314696,3.76362176905201,4.4621777229375,3.66172284658825,3.56724929403498,3.11167429091227,4.46411974276024,4.24295795588823,4.11878292369305,3.88059990425704,4.45669437284976,1.89814037462027,3.94091675522213,3.43130790644319,3.70239102640563,2.42317114552096,3.66812008835728,4.17635809961428,3.80566078639131,2.71584495645385,4.07537306883181,3.74328767914332,4.74239975971282,3.36505075954972,2.74851658405994,2.15300191723982,3.73437723525075,3.60837441969299,3.6857125032221,3.50613278784875,1.94920407231231,4.21588391483004,3.94902754389357,4.4509825498417,3.11281665551388,3.23379306682455,3.71564245578432,4.04155907662411,3.60631816341009,4.11318533714516,3.21825690824263,4.0071739021156,4.49496358700375,4.19143731235555,4.32212382277992,3.99346552689626,3.86700576549786,4.3998046156895,3.92332434035731
"ABLIM1",3.38444359221162,1.08524787788685,3.69148949874663,3.65475630776546,0.0909035513800159,3.42956240608312,3.98873012527049,2.39826006225331,5.31591034362789,0.228353259714779,4.02846306777885,2.98382906942177,2.61791436521676,2.51623960481927,2.74799958261139,1.01558320367852,0.454251711662811,2.80836651484056,2.72298617526731,5.43864549683952,4.44619004970006,0.277499206159451,2.29776075047466,6.37680434913742,5.17308344820524,1.99093671317543,1.49431319717669,4.58767102106788,0.771397134063216,3.62392537360583,2.15609885607452,3.7637727342044,3.89329424910066,5.51083536152995,1.79310931095407,0.168812735816041,4.72259170833699,4.08573906424146,4.49045460753492,4.57381075939012,5.4366182739885,3.29163891776981,2.90045144518586,1.77451931271877,4.39484336153086,2.06599961138768,3.20170285797822,2.81104144626014,0.73945670778407,3.52495379879343,2.60428011968333,1.9923877700532,2.69657700710287,1.23935526725484,2.59155971836792,-1.05732647341894,2.93916727610483,4.16744083856013,-0.0260606229070031,-0.0970267372917308,0.546002100682883,3.93792956277643,-0.541061534421631,2.22986728296687,3.91246843776817,1.46350547775365,4.18838757970168,3.47294802450499,3.12479874070407,3.79482359420163,3.87833969573582,4.57806919507635,1.15183241559578,4.34566871361796,2.5308863991993,3.99517195020636,2.75678616788962,3.36424166099454,3.07008440823951,2.49621593110294,4.45419450177374,2.33423983796527,3.474031476633,3.64214713182939,2.75317466079625,3.62842340487458,2.84201773529316,2.7809832654152,3.19594543044347,2.1751529505023,2.53305330345532,2.15366448329675,2.76798183987907,1.99511932189779,3.00598015733218,3.54337241282571,4.36715718082352,3.27557916185229,2.42994477593959,2.85050477696258,2.49621593110294,1.87088347788584,1.56751688204272,2.52583028926858,5.15356285040494,1.97922869068695,2.15258103116874,2.04116603733826,2.29559671206621,2.98972837541201,4.41193986878131,3.88195120282919,2.76870414129774,-0.386489030825376,3.43791640569929,1.10506339873663,1.6135635974832,3.87129725690375,3.49461706706521,4.37835285281296,3.16687279834184,5.50171213420585,4.01864674631326,2.07529477937061,3.18998644373941,4.25014435099831,2.52420511107656,3.35521289326111,3.46229407857954,2.46118431229724,3.75049234463051,4.3918960044131,3.20876628062494,3.21923965119571,3.74074127547841,2.59119856765858,3.79220525155893,3.21887850048637,4.12753368517838,2.98846434792934,0.325700167987284,4.35596150883407,1.15111011417711,2.80030482836473,0.675113479270878,3.98487915499025,4.08347329863927,2.30164598644761,2.988644923284,4.26549325614514,2.86458965462673,2.17876445759567,3.15080159177634,5.75993489138184,3.20768282849692,-1.12955661528635,2.858991818632,4.31497090332431,3.3288488914795,3.21635044552101,2.09569979444816,3.74832544037449,2.58957338946657,3.38500782678141,0.269360657330703,2.95108524951295,3.86443539342634,3.56088822222855,4.1997638270458,2.8297386111757,2.83876737890913,1.01585917353038,3.75879881094526,2.26020394255118,1.46549180665501,2.5182461243725,2.93122196049941,4.27885583239061,-0.799826017661626,5.09415355871899,3.92872021968834,3.66237157155227,2.87921625835488,-0.249974062695971,0.909680864985289,4.15895379689071,3.87852027109049,3.28370505281237,2.61358991163748,0.670779670758834,3.95400076934193,4.8778242838261,7.14223923136939,1.58882477389361,1.99150781480441,4.75051865878479,4.478572174654,3.01699525396696,3.36586683918655,0.796821268317462,5.15843838498099,3.79473330652429,4.93885875370406,3.75843766023592,1.99421644512444,6.01147636043509,2.41459587079277,3.75193694746785
"PAX6",2.42071953058522,3.0545585199751,0.81658741951276,3.17136697561622,5.47632659708213,2.92198276041168,0.25634163211722,3.89470137313086,0.395429186559107,1.67965349399145,0.970057007881483,5.21099661354133,3.10928867361939,3.09661438629662,5.07804190083475,0.739239796443259,2.8659722467124,7.19037781526427,2.64534197739846,3.67915352083809,4.91912075323983,4.25430680566283,4.74332107335224,6.66163560233596,4.19198106001477,0.330975946754497,4.79663928180527,3.8274938736038,0.427865727276132,2.57023460768375,2.84221656574981,4.07757628452355,2.54576084324959,5.09125976619268,0.849407653225508,2.59722126840031,4.28832164526686,3.72886742271376,4.34828908328912,4.18326417778389,4.30383918527371,4.72074907046319,5.27747897173196,4.65211932103077,5.70564620952314,0.235836100183201,2.10583226103982,2.44770613754874,3.52580579641062,4.07456537615173,3.17801821940485,4.9244704909115,4.79627587339486,3.28226186658765,3.2401445687895,5.18080768860721,1.23126440819195,3.46679010226211,-1.7998403760815,2.80060000880246,1.55997775582886,4.40516103349325,4.1505069920934,3.70219903392053,5.20280209974026,2.86469309749487,4.60946849315885,4.3637496812818,2.5468051240875,3.78665413604471,5.77706242791724,4.64056996515167,3.94602770109083,3.83382183804488,5.6901157714069,4.07988431259588,2.10949437148116,3.76182450785154,1.61565110900939,1.65173568977455,2.95284257336404,1.99385188169567,5.06791450021336,5.72327921944345,2.84338601170972,3.66577079048142,4.42904558933304,3.47331969306723,4.50877532969035,2.29163558867673,3.82385562050022,4.08469559003123,6.01642348032614,6.29633672826159,1.67647940229923,4.03692647835164,4.38436944171904,3.26987139008652,2.51278251936607,3.20990225348156,3.09271328166328,4.57218109303484,1.12850926867973,2.21156218564547,3.44548301647696,1.80243177230334,2.91383685987027,2.85403955460229,4.09552096426078,3.19873321657806,5.48494915505642,5.31844458952575,2.10519858805673,2.44611196061901,3.85323877912328,3.42555058138764,3.1269077177217,3.85736273121072,2.48460218010185,4.45860057929308,5.80575826119239,4.37079476609786,3.71044693809543,1.23074891418102,3.17948810683664,3.91578538578288,4.16373800504063,3.96200801542969,4.09930125367427,3.65666372962164,5.27497126127058,4.53850215098736,3.82574576520696,2.72482238919563,3.70133987723565,1.72527950200069,5.73651023239068,4.17696901798786,2.34576245982446,2.75729851188427,2.67842792821185,4.92993393662086,3.94860517114548,4.15239713680015,0.820415681480055,2.44387815323831,4.47028511020751,3.29452918694271,3.87660784095214,4.11339142330638,3.16917822661802,1.74882039516653,2.49422473497255,5.06671168085452,2.67292932542858,-0.802187633593313,3.15869651506243,2.07959571884717,2.86417760348393,4.98732560317116,3.61336223270345,5.84923158944756,3.61714252211694,4.54829653719505,1.8608544268755,4.49227952134056,7.03246217587086,3.28585170442537,3.16058665976918,3.8269485845658,-0.407491052557251,0.576587014309758,3.5764184952534,3.67023840524282,2.55161640152286,2.08715629767415,3.84945848970978,6.33328046571164,1.98560397752077,3.03807091650461,3.3535532511943,4.86171689584101,3.05886250827882,2.77619995895173,1.28710959270946,2.63667291332645,3.30251934411214,6.04511931360129,3.79894007663856,-1.93971108438074,4.99471435066117,3.2260543991574,3.86715711741841,0.233611665703761,2.67344481943952,4.11889002608964,5.02444117195819,2.55161640152286,2.34438780912865,0.539986939533667,3.87385853956051,3.74240756677314,6.03687140942639,6.10027717277089,0.843612911971943,1.56805382866678,2.40349778904872,2.77843376633243
"ZHX3",3.45559682700501,4.27425420544946,3.29876534079989,3.3907749758237,4.0462989674564,3.6691968846114,3.02973379966275,4.04247799768741,2.22084687958169,3.69024946049838,3.99155359068609,3.21685370471118,3.39075571918435,2.53591857410388,2.66603165431745,3.97028308813351,4.19341693869573,4.92901927136371,3.95243607981692,3.15158934131753,4.15465611314582,4.77412287175753,4.08896415994785,3.41429928175869,2.9217219470096,3.70521489567602,4.4070807754505,3.91244867825466,2.88798530013222,4.33807493075139,3.5278585464876,3.0645017835711,3.69195842460198,3.23130797985156,3.88983368459698,4.11833480585573,3.9337897815127,3.73067255882616,4.03989289106612,3.82936249196671,3.81307313512634,3.92984779561789,3.57092432534868,4.57240464739033,3.70553562852121,3.89437154996128,3.74357959382556,3.86843984265891,3.66895871225172,2.35859599724812,3.62212212166422,4.89163304761757,4.39962912805871,4.29316445429027,3.80432629304327,2.41054686951744,3.46321296449841,2.98136754180963,3.69815414645771,2.23849482289874,2.70646642048597,4.13372579320897,2.58716813997199,3.43895453976994,3.66874496031429,3.27994555028264,4.86289084061233,3.4333053175729,3.20243489866736,3.92682303024234,3.129908854873,4.53158057411528,3.11096734515351,4.1849011001704,3.85957236305845,3.94896299664692,3.7029726006846,3.94921222703797,3.81379704790302,3.08621045964295,4.30910091170828,3.47949601671341,4.05222745533695,4.08803355485055,3.28193939341101,3.60519121059758,3.28659169404387,4.19545185339134,4.0389351678145,4.25535022403938,3.7436802312221,4.10049507440285,3.96906758152463,3.68934800597408,4.14726731112246,3.84603084514495,3.82102472924335,3.47999447749551,3.34291776242025,3.0979242880221,3.57445279570191,3.50832366527773,3.48605908367762,3.05314589443085,3.93051994770952,3.1977825980345,3.69707414809651,3.28833630678119,3.74127100410865,3.49544676174035,4.13746424907466,3.98069833310677,3.8782646423869,2.48930367308795,4.48347910864342,2.59206967099589,3.44260991883862,4.74849409112225,4.17651034367185,4.21921181733772,4.59363894148572,4.35329776772043,4.21239951998247,3.34840083102326,3.4240837931042,4.33427318120392,3.50367136464487,4.08005818233708,4.16404882411956,3.89712307530937,4.45033146663431,4.77075867272235,4.04724284751603,3.40547459057278,4.55384515571538,3.91157843799003,4.35662083960104,3.64639730191717,4.03054441131596,3.90983382525271,3.74725253349375,4.17958418516142,2.50168211584323,2.70613411329791,3.998227537277,3.51762826654344,4.17111035186586,3.37419617649651,4.22627334508402,3.92736302942294,3.18955799512999,2.64249728678418,3.24746252264966,4.23059333852882,3.18814568958073,2.68287261013362,3.70338798466967,3.93915993459912,4.08130433429231,3.7339602459713,3.1386319185596,4.49020832920166,4.05579975760861,3.29506552733943,3.18415800332399,3.75522790600722,4.73528488039682,3.64515114996194,4.17867034039425,4.30154092317989,3.14918267178055,4.00030445720238,4.35279930693834,3.9776244916172,3.33444392912469,4.00678444736958,4.06070128863251,3.9146522794796,2.36070079130826,4.53357441724365,3.44634837470431,4.94895840232019,3.97355372856345,3.48439754773732,3.08845353316236,3.49802214244783,3.57378818132579,3.55476359480928,3.51895749529569,1.67315721920956,4.10772275574318,3.90135999195715,4.3140855195292,2.79602320766847,4.52111289769135,3.94065531694539,4.24197485971992,4.03021210412789,3.76677558079235,4.05879052230116,4.58931894804092,4.16454728490165,4.43047611214765,4.04292285407124,3.2319271616078,3.73636947308475,2.93949683611391,3.65636651755901
"USP8",5.91289891425653,5.55080218380917,5.92425906751697,5.53549312547653,5.98327410313398,6.15331895240048,5.00566047578258,5.50184355264567,5.54577999123041,6.52774284406735,6.41149403995316,6.31138322497026,6.36061184536974,5.75875887823225,4.28745751938751,5.51110744696335,5.15101044834624,7.10322485307302,5.53815633279146,5.82478567036793,5.78492008494876,5.42223636517316,5.91019298919486,6.0394937585865,5.89363887877378,5.03524559252991,5.30269557958246,5.71215553172805,4.65068989541925,5.93561060998684,5.873072470705,5.06368844439512,4.83433198833865,6.40241351130851,5.52745823917358,5.78162986566432,6.07361246681916,5.96670962098416,5.91739595013836,5.99201380906025,6.03228601829882,5.83710815399083,5.18439138876989,5.60328806937257,5.54096027906766,5.96209319254347,5.96622741251769,5.80102152110212,4.45063061945758,4.43122847108791,5.50280475949547,5.5000244195108,5.58228502065123,5.98763693251951,5.85992860991013,5.92499931004726,5.88003927034327,4.63306274497997,6.08276397379005,5.05423082899368,4.72448534499502,5.91702439297895,5.80029009966011,5.60172622250985,5.76619443973035,5.35681536355676,5.87206435327496,6.76513948641818,5.49215779670167,5.97758753129486,5.66887733579524,5.84790844505354,6.13824165774355,6.27450871895436,6.4983842894084,6.08079913915003,5.44361482324235,6.07571368478762,5.93077823545909,5.40408697342548,5.41217746900203,5.39472511425832,5.50371564752532,6.12356318719752,5.62576655222303,5.93586368982149,5.88685840232923,6.11015608024209,5.30237788617738,5.43737358379758,6.10125653510788,4.76031468254832,5.94684364810396,5.81531530573085,4.85428000974458,5.78145080281756,5.62183688294299,5.72308365615814,6.16228198745674,6.03491447138015,5.26030730917931,6.2908052886157,4.97864248460702,4.63803262083414,6.51086676829794,5.17974908893848,4.74228443526344,5.37819738758051,5.08497471218458,5.2625033008358,5.86328038664898,6.04739695026969,5.95851707743584,4.48153932068195,5.71002328472742,5.19384966694333,5.34074995091189,6.38615755791079,5.82860683417804,5.87876790675267,6.22388533234678,6.41066020165692,5.71325948295804,5.79370212469063,5.42477552639981,6.0049796377469,5.6636763029246,6.14032207089181,6.03029133105069,5.56439436434947,6.68712399335856,5.45944907887075,5.31821214180578,5.6529275016586,6.38384598774606,6.1459854177954,5.83172745390043,5.80456650446486,4.98627066615063,5.74585262228073,5.70112373959321,6.06669856114518,6.41747933364287,5.93285864860734,4.86838058774943,5.4269715180563,5.94557228451336,5.63189221315957,5.10219590991181,6.00058765443391,6.03167827314953,5.0207130616051,5.9067379057459,5.87391360940674,5.31000606772099,5.42003680756211,5.53330374563386,5.6158268005147,6.03375868629778,6.02821091790243,5.78422468701524,5.32503127379173,5.37681044548167,5.51527349834897,5.80653133910488,5.66124915425163,6.01769327365291,4.40571981927883,6.2857198342533,5.89263732774105,5.09456772836821,6.27393082641317,5.49077085460283,6.00671331537045,4.77441526055317,5.19893512130574,4.83809901859147,5.94765269766161,6.10241232019025,6.22388533234678,6.06924128832638,6.27554892552848,5.43309717899283,5.76365171254915,4.45900151157584,5.85738588272893,5.63108316360191,6.36512226941175,5.43910726142113,5.461529492019,5.95424067263109,5.25129218553686,6.1032213697479,5.99469315051385,4.17352259623175,6.4381678866172,6.12911095559287,5.23661371499083,5.77486282784808,3.49565464542484,5.58820353704618,5.58311808268378,6.34963474930806,5.88847650144454,5.79474233126476,5.98290414267374,5.37681044548167,5.50452469708297
"PLCG1",7.13720634714912,5.71442687364341,5.39714237387744,5.74742231180574,6.0239361685372,6.44815430861508,4.82505290233587,6.85299758761332,6.23173575418501,7.115387046162,5.38919851960184,6.13942856461704,5.56833010121454,5.21522040217917,5.00531015337406,7.21499901883646,6.75696989141432,6.57106544611475,6.63191477009598,5.58515184202002,5.70659961901207,7.2709773789095,6.82640865985027,6.59832202626333,5.88020797587788,6.17825053016446,6.52035781299528,6.84016106714085,5.36276092329291,5.87730254099799,6.62213090919933,6.77234756828515,7.69038217317329,6.05434275066426,6.33614946812417,5.85396322109358,5.66750330568669,5.84796184062433,6.02664073452969,6.69805174728359,6.00058146924384,6.38471123585009,6.50588934225655,6.64183644627229,6.95341657900709,6.53053431086135,6.44122284401802,6.65824005068758,5.62189655661027,5.78700140961111,6.40617778851287,6.64775197243763,6.35478359819413,7.28846007887172,6.32518734658023,4.08337922404849,5.75618608532034,5.74312907854463,6.68092416383684,5.05563770137455,5.25593396177746,7.42233120844132,4.90907946205535,5.78389891602797,6.25101999516718,5.79242594086109,7.07156848900402,6.1049058717247,5.65270708604345,6.7139219734775,6.20092372427261,7.90561810549331,5.07340233644354,6.87686808864785,5.77714835470175,7.05637972602003,5.99005750600365,6.45735623149355,5.90789606880955,6.00657861661781,6.67532830379011,5.95141942472859,7.4782009857333,6.51926598470899,6.20332195000693,6.42733399822695,5.98863633519813,6.97537299010542,6.13288517195837,6.60533564161827,6.11094584764816,6.53285593053677,6.55133115100853,5.54229987908965,6.26185642255926,6.60879974545672,5.93987241193374,6.32438793800212,6.16637150906342,5.97815520050742,5.98463929230761,6.18662319304207,5.97655638335122,5.74748141413653,5.67207053826865,5.81356585659319,6.1066823352316,5.70164865565853,6.5571934805813,6.67834829175183,6.71139051298016,6.72240458672294,6.36657894629099,5.7630254698219,6.63367023455331,5.51130059089425,6.05214490556979,7.02164986446015,6.30671212610848,6.74736389899488,6.74061333766866,5.96483172420568,6.86292285011869,5.67349170907417,6.08012420580345,6.14150101996683,5.48420952241404,6.72435869658053,7.08062845288921,6.62842966720796,6.15491331944392,7.10896304582426,6.99855583887046,6.15304803276167,6.82828181173415,6.31355151061004,6.63544669806021,6.81709009164068,6.29463217426156,7.11216068013668,6.45051684699198,6.71751931207897,4.98875385033979,5.29066382333735,6.59760802536326,6.0191915075168,6.95592071470487,6.000316582756,6.36329248880322,6.50638662428397,5.83053108308408,5.61549017557391,5.79500181294609,6.23218948199404,5.67109348333986,5.67873227641953,6.13803691612837,6.2117601516647,6.48178260471341,6.66999891326941,5.64284771358016,7.16669810979849,7.38342665764022,6.50665309381001,5.74028673693359,5.97486874301966,7.13703116923327,6.0016045187985,6.86079109391041,6.84213822708796,7.50351559070662,6.74274509387694,6.70037643923739,7.0737002452123,5.56921330121918,5.76808839081657,5.91455780696042,6.50203428869207,4.19671759578867,6.81158305476929,5.98401753008019,6.15420273404116,6.44545392599732,5.36696293095867,5.56459449610124,6.07905832769931,5.21463118524205,6.19097552863398,6.00435803723419,7.53700192781168,6.65649779061697,6.26079054445512,6.38159006292429,5.68388402058953,6.74514331961125,6.48569082442859,6.52050950916382,6.58925864688083,6.5500876265537,7.00726051005426,6.56953990195425,6.51677893579933,7.33759389916221,6.27340343535411,6.23707475663802,5.83586047360478,5.64338065263223,6.26540934957306
"CDH4",4.2671162618804,2.45653808262575,1.08301588850995,3.11571246850665,4.29603151086245,3.28934463279474,1.80903159561378,4.57992230781223,0.0096123228373821,1.71124378978179,0.756387979378976,3.28093998694294,1.24206587295735,3.30095541452432,0.630900264574478,0.284220352620129,0.472578229505031,3.45964144992861,4.91794248023196,0.0205854057612524,3.93041565165958,0.382679425000843,3.78340426796829,3.08376650808239,3.36529919942788,1.53203263186196,3.48601924098538,1.2826829520251,4.18982455888002,0.0470650904108509,0.0756654282998881,2.48825534161511,2.91539851983895,1.97488902365155,1.36796367909028,0.0396241247657653,4.459149609773,3.52084965040808,5.44761556099766,3.80216219090841,4.35186856983266,2.9118027753445,2.08946425253106,0.530529254552482,1.26281197320203,0.228662332352637,0.245646556813852,1.85843064791532,1.14274670604622,0.0572644861578001,3.54826398419108,3.92351052224124,4.82309205077452,0.125268888921835,2.4391620519534,1.21209839692857,0.163730356611357,1.82603890509212,0.0498106251082207,-0.888009299077698,0.440100646939597,4.72613897568993,1.46915852649081,3.85789693235929,4.20353859305446,1.0718187634274,3.84859944754603,2.2833525537092,2.29244569819689,4.23183972814537,2.62643996033479,4.5239442235422,0.230856153559843,1.5265781579749,2.127543055465,3.75429638729724,2.42393869769872,2.69274839598101,2.23523040703836,3.46668737906286,2.76559572204535,1.32203349208317,3.85248191373178,4.87530741335323,3.34592224665326,2.80677029764693,1.19738589348781,2.6704753004943,2.74557037013986,1.59155838150494,3.31567987846947,3.78658215873669,3.79056679508524,2.47972360657828,2.57188109340862,3.6905422057206,0.643930121691847,3.41979127434543,2.0423331397039,1.85045757399727,3.25499080177631,0.952994864110673,3.16354850608546,1.92902642917746,-3.2590722667847,0.779305587379432,2.40616108937446,2.41852367907122,2.9972154810746,-0.373480359302093,4.44792962243159,3.39465741430079,4.48113492533609,3.09131420099781,0.918461349089991,1.12903405458592,2.37561221070232,1.98348312594085,2.47624982104366,4.34627031046242,2.37050370256317,0.245568657000607,3.37269082930243,2.4506051101851,3.10480066248518,3.6162644973773,1.37311857347471,1.8454512360209,3.4640309548305,1.68412454898642,2.2483081878746,2.95869732970537,3.58377438561228,2.21908752131864,4.45824880887268,0.810467487028273,3.0449289470943,3.68655756937206,1.8690525436238,2.53387379285332,2.52212422413326,3.55935571670712,0.836316538212393,-0.408422554973907,2.29530646275482,2.74628556127934,4.28609208458319,2.12912669298813,0.95319920443624,3.29207857086657,2.2350260667128,0.958818563389309,3.00477607312054,1.69393288461359,2.08871839360742,1.09623743233256,2.96411234833288,0.118366804335669,3.5461757657081,2.74362913704698,3.75889404462248,2.98137910584322,4.10341183352704,3.7424446484144,-2.06909638085014,1.21128103562631,2.86888975661904,-1.6966861375058,2.48217569048508,3.24978012347438,-1.2050433141936,-3.20022225302165,3.66796259974554,4.73349522741031,0.421096996661943,3.71761729885812,3.27603785530963,4.23786776774957,-1.46036655098853,3.17652411675891,2.46593063460257,1.82103256711575,3.42152816711274,1.52606730716099,2.17597171262418,3.81835707936223,1.41756259428535,3.29575669672677,-0.357643984070715,-2.62827368176195,4.357304688043,3.3414267594908,0.358568857038697,1.38497031235755,1.99226975994019,3.25161918640447,4.2606517140502,2.56483135217659,1.74695919909801,4.18851957912534,0.405260621430565,2.10097881314139,3.94198297632977,3.56293167240453,2.29571514340595,1.79467266511771,1.91237269264382,2.77223678262625
"RASGRP1",0.118808878436696,0.29614607469835,0.0536730090822238,0.0490633354911023,0.101830233657504,0.223464563568481,0.0358322057819551,0.104425231861109,0.0254540964277491,0.837820557152349,0.0582957123192854,1.79645655073257,0.27875794359686,0.205045874188538,0.0512412264640186,0.0902084761318384,0.139971043980787,1.00109603179173,0.16429199642772,0.816221218220638,1.91441909862743,0,0.124639141234027,0.044650109438534,0.10251838975635,0.185663602504875,0.136935514718362,0.0509961515000131,0.0043403047676304,0.223536231060846,0.1018920736044,0.0579423508870936,0.0858991310669601,0.10819255692676,0.284794827385061,0.108796076047558,0.0678947449933925,0.208575940279745,0.367679702269421,0.985040589063259,0.0890221456672478,0.538157698870517,0.0515001809028898,0.935305852126346,1.311712355014,0.51177364976818,0.34001072084639,0.125357507812666,0,0.269182795855391,0.0604279005212361,0.123349682512038,0.221567788538409,0.474412160383641,-0.0967046231780492,1.12789642913757,-0.0332184083737791,-0.0347867760066175,-0.38195148640053,0.123879749515532,0.141915977293173,0.638892470948835,0.349038527804892,0.047977290951291,0.72479327317242,-0.33143697889286,0.843303052428771,0.859444169316732,0.616543232180888,0.787462629834587,0.159788833442394,1.06924601453455,-0.0474644143720612,0.459837166199786,0.743875079371954,0.983769978544858,0.162794871405334,0.688524771663032,0.426378656699234,-0.390283439449984,0.430789690666592,0.127245205060998,0.227065270026023,0.424908312043448,0.0883300831711953,0.562140479916807,0.715905856586336,0.345771095236478,0.464346223144197,-0.15979874607411,0.413831715636527,0.166650441836062,1.15354577479961,0.581810423978655,0.17462297730299,0.475324796574065,0.606022099310597,0.926067119386679,0.764459904552957,0.00576206216739139,-0.121667808000727,-0.632236821140988,0.0815338234288956,-0.286869198659703,0.326035802523262,-0.330750818053493,-0.0509605672202634,-0.160713627193266,-0.479615045870403,0.296008097219544,0.66035950292331,0.914794477025653,0.364820227110328,-0.0365838639192448,-0.0987957800218339,0.207231954335755,0.156488726548297,0.38151680753492,0.519337113270593,0.933778260248134,0.989847403122106,0.731066743703774,0.117475581681442,0.0663075876600896,-0.0995146151868849,0.904632761737888,-0.183683678149211,0.474900030340171,0.605760704705124,0.276860942368642,0.268496314993504,0.746325653798264,0.554004572821458,0.257289021283847,0.138027732536761,-0.0412236181663915,0.66699239103719,0.668952850578237,0.135740529738872,0.500255307071059,0.283428481831153,0.376288915425459,0.510220976404719,0.0579102859592676,-0.293600109750634,0.641212348072408,0.8636264830043,0.0465886321097155,-0.308303556308494,0.706855068371832,0.33930157875102,0.288002887426932,0.721591189255375,0.539497172217703,0.280945233079159,0.0134078543774785,0.561519667728808,0.38262773460818,0.199096047240406,0.744005776674691,0.718585151292435,0.467254238130085,0.689178258176716,0.421804251103456,0.00968298124948735,0.471795969400179,0.996578314213038,-0.608645957997043,0.799617478989085,0.130577986280779,-1.0543564346543,0.389064576767954,0.314501765556763,0.578510317084557,-0.116766659148107,-0.446810022883533,0.441180126234146,1.03245472381422,-0.29356743542495,0.0462455516900321,0.480977454917421,0.0663075876600896,0.275488620689908,0.0662095646830373,-0.0817724563404006,0.330512185141988,0.738581838611124,0.743515661789429,0.578477642758873,-1.08866447662264,0.692674411024918,0.772759183276727,0.533975211177084,-0.0512219618257364,0.111724900361035,1.0071647957347,0.272874674635178,0.0648372430043035,0.335511356971661,-0.346989957918507,0.109699092168618,0.671599470958652,0.455883572792007,0.826083682793232,0.283820573739363,0.530773127260039,-0.542219053881201,-0.0188743793984447
"ACSBG1",1.56327529884605,1.03309521923209,1.33570619440169,1.47600832733546,0.748635548123483,1.67123448576792,0.730224312934953,0.880939370242288,1.79607855620167,0.593839448346091,0.760203059066553,1.11741578434565,1.48517948681917,1.36497577025102,0.786643196447867,1.18983720710986,0.988888240089787,1.1198806980565,1.31740827210555,0.886275433595854,1.3385898552476,0.426673751093129,0.61826967085578,1.83995958748953,1.89368449963037,0.726026395895194,0.415386589240557,0.817700199195185,0.681527526305907,0.978361127335643,0.988140040438428,0.641071526348677,0.683249093354611,1.54324840164441,1.01494082262193,0.594056420625546,1.00089419375392,1.96602802182586,1.39449767900496,1.05401491057585,1.34637827746596,1.18513074177298,0.578702067553712,0.69670340891042,0.601840065814321,1.44407333026546,0.861976796044058,0.796197365154872,0.184103795517198,0.585998945172762,0.49195260679564,0.773657969231406,1.77065992900966,0.958286643432094,0.21613143452017,1.43299718251594,1.00167528263366,1.43392682020602,-0.465203027367156,0.759849529963793,0.840248195999,1.50182035989408,1.40711726875675,0.304716909890556,1.44772144399423,0.635068161305642,1.48415724378266,1.15794437950403,1.15209665855033,1.54107506106532,0.814998036804056,1.89055885590841,0.58549748060583,1.47141221093485,0.856951686107769,1.91472943585036,0.63650760030963,1.64126601340535,1.24212157292471,0.678521226238509,0.785759432035564,0.981403183327506,1.1829846205109,1.02656558207761,1.39152334621356,1.43986450609746,0.798474476570786,0.654320657983973,1.27867732596347,0.730251065444303,0.862379570685305,1.02407655213321,0.390993285192045,1.65958887239361,1.01076174134633,0.815687767993467,0.498291467614265,1.2972101031398,0.89995492635189,1.07325738476945,1.03406266022337,1.2035266146303,1.2150421266622,0.554099717331356,0.479008982623352,0.696124365724771,0.659808519186674,0.645324164209052,0.866398004571436,0.697203944977762,1.11329178206784,1.78278086048486,1.13725244382171,1.25603614996325,0.694774891658533,0.89194804689221,0.844836407824209,0.983532353520903,0.842437342817564,1.49210414661717,1.26761163862032,1.1487979441662,1.31115466849093,1.11038291574728,0.515114910973367,1.53222850885332,0.971267133674428,1.27960696365354,1.54245452344414,0.831821480163158,1.09550871270608,1.26041444360038,1.05223557764871,1.04926673470299,1.68774789790911,0.848345040396429,0.886790057127923,1.3133438153095,0.584657807853504,1.46790357836263,1.51354579011406,1.25780546040565,0.387364699369494,0.75415175057301,0.734689335706598,1.31109469186576,1.2995192032087,0.497691701362604,0.683559262752465,1.23774327928758,1.48559668278664,0.977234807878459,1.21540198641319,1.1808554503175,0.925624921922997,0.67207373903315,1.59169533270554,1.21279300321846,1.26068433841363,0.903973360238021,0.663347140071477,1.56344634225229,1.66069843995918,1.6112477125097,0.0947987218090732,1.4128750247727,0.895816539215427,0.632279248235417,1.78158132798153,1.10510497273266,0.0167091558427621,1.76811657563174,1.54665288720577,0.997986720185942,0.826333618960456,0.916148615146747,0.174147796903873,1.66903519085728,0.631109704044678,1.20400642763163,1.03985040455191,1.10603461042274,0.698193559293003,0.590415563869453,1.351069112539,1.0480072255745,1.0938893438266,0.738018038403318,1.51009713416701,-0.524999722657795,1.42556008099534,1.36351426226097,1.20076768987265,0.935401111825078,0.75592106101541,1.37257073266106,1.34135289926208,0.370031454696479,1.28845351586555,0.793256510181331,0.90112447054263,0.707849795944751,1.74538543469377,1.00380445282706,1.05718364922492,1.58296873374387,0.691086329210815,1.22493826981461
"CST3",8.3809934544366,7.13447766076793,6.65157699492044,6.74539869838917,8.17529005426184,7.69915598090133,7.07165542406756,7.11084344924102,7.7306535405519,6.76075320806299,8.62452498229251,7.05173099055493,7.60986574810549,7.37118420112447,8.29646199608863,6.31626161675958,8.59063195801113,8.39749067492917,8.22908316034438,7.9003113540214,7.71480874577328,7.04882468936785,8.70948019758883,7.6815476530871,8.19341201023824,8.68831675901077,8.48067712329524,7.90744953165,8.34430034697065,8.80840114058066,8.15691229275658,7.96169856314939,7.38669887809276,7.32297366981688,7.53891834189489,6.33312850922296,7.61862776657973,8.15319733085508,7.38386842209426,8.38179383285479,6.99707783935045,8.38741424199678,8.66005652358037,7.40679174508974,7.90003958668085,8.19742312873756,7.88540963589553,9.63822411008757,9.56399129942639,7.64801956525888,7.34335451977224,4.62614122153868,8.42358657435341,6.88266750161294,8.36985062307922,8.62246170146605,7.45311002701862,8.15111432256118,6.59004574912588,7.97763868558388,7.3871991857374,8.2632759043981,9.56593437693041,6.89117060124545,7.92509388400454,7.04866356640992,8.33823887838748,8.38151938789832,7.47842771068673,7.71615227395586,6.59690556844377,9.63792711987492,7.70275087436059,7.88534936383281,8.20832663006816,7.6757359158097,7.41987172723088,8.40719067050034,8.61843067361945,7.9876101755202,7.53783233158397,8.86743504288038,7.55416860233071,8.30790008985782,7.33720029648222,7.87813594558101,7.28684780829313,7.73613061372189,8.40103804905027,7.48366097490863,8.0113720238791,7.76943963329642,7.68238357576725,10.0017097030837,7.70770125943536,7.92834699419653,7.37800561345568,8.23187631906671,7.43875391030179,8.24842474917379,7.94984580937839,8.16165157079176,7.54101472198918,6.02619688910959,5.81424968812265,7.31655011874175,7.37496466262404,7.6850002078782,7.29936521055362,8.17402753347868,7.87997466003735,9.03645533329038,7.65586365572384,7.90508018434511,8.22925968695576,7.46428375333024,7.60261165627667,7.38804782317879,7.49858284991972,8.99190186761745,8.90746244219923,7.87947962152987,7.63620355499832,8.17820000089884,6.80984284644566,9.16424598800623,8.20563927817043,8.44651087195137,7.90302931052842,6.91670044427391,7.89029974890758,8.20563927817043,8.46511017587515,7.5545929210514,8.10210551032095,7.63662787371902,7.43401568458736,7.67884758642813,7.32093474552226,8.7776209136667,8.82259869806032,7.97431485560511,7.29158603400755,7.09555078504667,5.72584995464462,7.65558077657671,8.71517534193781,7.1018448460703,8.38703553126735,6.90934558644854,7.44398717452369,7.28797932488165,7.79921266353182,7.65324702361289,7.21499650492219,7.13310299182814,7.51279752706299,6.88112839152235,7.05835217719911,7.87438779688154,8.09156826209037,8.29099806081681,9.08397903000817,7.49723917397085,7.0185369372406,9.07648273260923,9.08051376045583,7.57701109346143,8.31171895834407,8.13958699731564,4.78357951555556,4.53004907994056,9.09883018523248,8.95767349081476,7.7671058803326,8.03987209795242,8.07968733791092,8.94706552279739,8.06992800733495,7.59370096314208,7.1320421950264,8.95491541913024,7.64702368237603,7.9622924918521,6.59089438656727,8.09418489420132,8.20047673373531,7.34908122066167,7.81109358771127,4.9729671045589,7.64419489090474,7.93619689052938,7.06294896333997,8.46086698866821,6.44075627922817,6.52109395701301,9.06113653887745,7.6604604418647,8.60838846389635,7.03055930099362,6.30660084370191,8.24941482618875,7.14158936624203,7.0121014366434,7.70784269900892,7.52934595717008,7.63287972501955,8.21589364725388
"BCKDHB",3.83809456560225,2.96494196657459,3.58820491820984,3.56562154549707,3.94519565978064,3.31300489869254,2.86897116785442,3.85762276430072,3.61293040471548,4.70243591422681,4.16978072472427,3.96640277969976,3.92344396608369,3.36515079504145,3.80003013908041,3.57831079284873,4.06502076994841,3.56376827845203,3.7755457571882,3.67067041047265,3.71298088790203,4.07292898249556,3.42665523604575,3.82485948224027,4.07251745020003,3.46508637888607,3.69730678040546,3.66614303204624,3.71167110291812,3.84358192315399,3.4843443999286,4.23565813963895,2.91428322794101,4.22560656351429,3.15699518819596,4.18184994992202,4.46787939162527,4.28080788077975,3.43563392748046,4.77973248541395,3.72890006570409,4.67524573948328,4.13202565091494,3.67735037719518,3.96073410228465,4.00232447215102,3.75821788374213,3.1154228378897,3.17935658127499,2.98775379140741,3.77365881311036,3.92805758675175,3.74467778931707,3.44951119304343,3.53425773813943,4.73480624193216,3.71154006717403,3.72511123660053,2.76405815958178,3.36654665491089,3.66904087870684,4.00817725995433,4.60045166460981,3.61297052081314,4.49823933066601,3.47390174779526,3.81996656817102,4.30517158877216,3.489615733447,3.79857411952241,3.55240024884644,3.76103912197701,4.1761026248054,3.60604208168487,3.97817783280101,3.9663209163547,3.69396897412709,3.81575236292806,4.08489008081781,3.12283702289395,4.04481941740588,4.16810277756451,3.71703996215214,4.68245009882888,3.41890279801418,3.86275146546825,3.9888919139272,3.70889726049624,3.57054275955345,3.29176236865012,4.09124710228601,3.86075150365803,4.14967455802747,4.45095451929578,4.02317697353099,3.01055345269153,3.85882296905532,3.51697235392252,3.80910963262982,3.6850405731886,3.47918736115085,4.93987375468734,3.56204292186001,2.70713067519799,3.7103258046464,3.77289603842332,3.64061285011869,3.41933136125923,4.05339068230683,4.434811970399,4.0793187586322,4.57580927801959,3.89817936039217,2.74327284219698,3.20683541892323,3.85789441535772,3.50597256396631,3.53704339923224,3.51475811048978,4.23231583711411,3.80789537010219,3.99124901177496,4.32952826653236,3.62289890265673,3.97203509295533,4.00567730769155,4.20424494456351,3.66011247776835,2.76670096625957,3.69732605287996,3.98367772777912,4.01760565134537,3.24104905131952,3.25647732814122,3.81818088798332,3.20119266953011,4.41666945969199,3.3096191705271,3.76875326038786,3.5240436474658,3.94110711210441,3.75061074968085,4.54116708237826,3.66904087870684,3.63511295514058,3.39426041142396,4.1816025197835,3.78775289758496,4.05153357491162,3.50482972864618,3.71339717456924,3.26790568134249,3.26033439734665,4.12160366547687,4.04667652480109,3.15662209204518,3.79525275437329,3.57132845883603,3.52597218206852,3.43633103664611,3.2164780919368,3.82010942258604,4.36852752183167,3.44490230154706,3.18169304188045,3.7039687831782,4.12060368457176,3.21090676975118,3.91275051072378,3.40254596749487,2.94969747189481,3.88153682104283,4.08067587557484,3.64682701717188,3.79582417203335,3.68489771877359,4.10217546503472,3.79432420067569,4.97101601716078,3.65068408637731,3.94424990923476,4.41181240958146,3.30376213951145,3.65082694079232,3.44825938029993,3.52890069757634,4.0015345296561,4.11303240057592,3.73632530817927,2.969554235582,3.87282270172687,3.72261128433776,3.76768185227524,3.30804777196192,3.41426002952617,4.06231908324532,4.38345580820082,3.71296861132419,3.90596492601053,2.78541489462664,3.34390423013089,3.61775614371617,4.118246586724,3.57789976192676,3.69068332258173,4.37838447646776,3.55825727986209,4.00467732678644
"VAV3",2.39998315040381,3.05951449141208,3.26857811693184,0.0992251721669679,1.92264314990293,1.4883607567659,2.07959998149323,1.13399087892873,3.70983099366724,0.850933807089327,2.57957842762046,1.68566211981599,2.17091531206931,0.279830216103875,0.979432741056976,4.21979581117292,3.94686183818013,1.84765623000551,4.02833929276469,2.71546950289445,0.291920586075735,2.55236969281974,2.17235309666684,0.598327088702792,0.262597924562804,0.244653287063978,0.674226510997844,0.150745525316775,2.07110019528361,0.655250149379029,3.7748292199361,0.834682903597326,1.23121119463441,1.57839775195432,0.233735931248062,0.387293051557321,0.129341053338116,0.17990590613271,0.463675811519442,1.14282511089975,3.08359122825895,2.54262208309857,3.80430142341962,0.117322686224046,0.956845457059646,1.91071347700087,0.765040750907284,2.80944531469822,4.77469219434261,4.62718657448414,4.67530785050462,0.500565492851348,2.70594473589807,1.04219605183326,1.60810843057093,3.13793290059491,0.0147420386620905,-0.278072789360217,0.606294243507979,-1.8421275838119,-0.08152447490438,3.51055156415981,1.65980525485323,2.28669198814062,2.40554449289839,0.320506168300741,3.38728224334685,3.44660811354266,1.20507396553508,3.32489471656733,0.865782186750235,4.14817919103595,1.09595853253534,2.62297230143329,2.62909561460071,3.18159915023142,0.388264141874638,3.55652660400699,2.52791037406369,2.14786342895144,2.87563425622663,2.73650455048822,2.15067413007746,2.93425745114093,2.55240362673337,2.4608550757713,0.906738117443792,1.79481929108567,1.92551689344598,3.8959187649749,3.67417452256788,1.69624398730853,-0.42141854678766,2.65820644769172,1.24271728418725,2.32142422348368,0.210788442202565,3.65148814919351,2.06083207622763,1.86538796578559,3.17397010431792,0.991460679956929,1.79311279397343,0.1986421980508,-1.35487246717828,-0.434769377136296,0.969075453131775,2.80717360737122,2.81108851251105,0.649960493144489,2.51917712413639,3.27605878450259,4.33900572105665,0.863874925271858,-0.021797075976278,0.808664724582016,0.365678150683339,3.80838550133574,0.52117015226255,3.26411330471697,2.83437717898385,-1.13915115575561,3.33407968631846,1.97480454533455,1.56805593952502,2.88426712397086,2.3964097142388,2.92512267248134,2.87181973326987,0.942976085532941,2.14756228240222,2.62297230143329,3.96618629312561,1.59937518064363,3.5746957791431,1.10348719626577,1.10459140027957,2.8404001099682,0.596256025200734,2.61062529291538,2.46617533147414,2.4040387601523,1.35634991542525,-0.240529852891125,0.412155101445879,1.11382656112223,3.44249244403669,0.407537521024547,0.806556698737496,3.47310900987379,2.80988392631418,0.280654441620982,1.54717644544596,2.52148591434706,1.4923677734884,1.51916981636875,3.43928021417837,-0.78751236845285,2.48143342330115,0.945987551025115,3.21181418733623,1.69513978329473,2.46717915330487,2.465974567108,2.03202238968584,0.307858013233615,1.42330483153457,-1.91671154583473,3.37563791011045,3.14425697812848,2.73188697006689,-1.39863909899786,1.89660682472112,3.38115893017943,2.46055392922209,2.45975087175751,1.53121567833744,3.01988345330172,1.37331450436449,3.66945655996348,2.66924848782969,1.68741035519816,2.84943450644472,1.33657462535998,0.440864405804598,3.46778875417095,1.12446707252791,0.726451716645688,-1.51086637967285,2.79502736321946,2.99970663450416,1.72605749568104,-1.56798384184107,1.16341535956002,1.24552798531327,2.48263800949802,2.56003267264687,1.42410788899915,2.50000412716956,0.491858554805396,-1.00534170572004,2.79482659885331,2.04025372869778,2.40142882339242,2.24794446547466,0.783569178813908,1.76651151545924,2.51787215575645
"ACSL3",6.98299357469431,5.62122551179743,6.34588244368818,6.49658697893801,7.26534312382523,6.45369370763482,8.63729868736343,5.70775944166907,7.02051331336903,6.69973206916408,7.1907037420236,5.65064681845131,6.37023055369347,6.24072646904252,5.13205856379693,6.40962344589548,7.20072208779512,6.10250906756898,7.44870276513741,6.3822401213591,7.33721155633391,7.02562683953227,7.36427475819377,6.67525138605026,5.36690267291721,6.54616289748729,5.6413523851473,6.68444006455154,6.25276949194618,7.19124678971627,6.6923574497762,6.48393022115833,5.98814840438651,5.80619256918401,6.41381237912053,5.77830583936669,7.34138983665096,6.23417172550632,6.23978371692496,6.32631083068814,6.77473435744986,7.00701605056239,6.19795186241882,5.68362066872438,6.35355795705769,7.90586230902127,5.68121591891486,5.02591912690557,6.44687652156844,6.36201919533428,6.28034949734466,6.57007579234989,6.09769927696177,5.93813756217614,5.95375094961383,7.34986590149208,5.8249932514969,6.256665356443,5.79733419041993,4.3107073455691,5.65016891027591,7.2772847101832,6.45657360477862,6.19600617421902,6.67364954619649,5.72027032369513,7.23179032351522,6.75958338768046,6.21794267093523,7.02215371576632,6.14555223177172,8.64850650709218,5.89318714346253,6.93898578039005,6.39476990968249,7.76532407408271,5.53667138378765,6.66525645180072,7.01910168144059,5.75441495771428,7.41367249411447,7.21862842548549,7.0777579661383,6.55309419032997,6.80135810751395,6.77074238818393,5.75136292338855,6.14021117170168,5.71359399860758,6.78867308984762,6.97770846589781,5.72894954630893,6.09824569972283,6.45314006616216,6.05656635596201,5.92962080322599,6.30826381176245,7.2924495057392,6.67679695659491,7.71038745621949,6.92906666883141,6.13820827417542,6.72925379656847,5.79485441253027,5.96920187338786,5.92723640140901,5.97978861745525,6.88338153001807,7.22396948555553,6.23339359470927,6.22690802176708,7.9695242456889,7.15739698682544,6.35347207021239,5.68116613389665,6.25771449324247,6.50130498286516,6.31751529081233,5.98904009650513,8.24287206998751,6.77379442250966,5.96662671942552,7.1791427313963,5.9818868910542,6.12676314545391,6.46487132310171,5.4414860632538,7.46870448805038,7.08672331697015,5.61516589160264,6.87994799140162,6.92172271123511,7.45792699183763,6.25409020248066,7.15653860217132,6.17502343822959,6.01641302936407,6.71294448814033,5.85370144937334,6.99516228719811,7.32802478084854,6.80593615900256,6.14660136857119,5.95804287288439,6.54374733520741,6.34155006112749,7.1690328676923,5.63843765333636,5.59799819852038,7.47623919779203,7.28548705243362,5.5180730496152,6.294720409442,6.6795628627026,5.77349017225012,7.18639131291992,7.09463953100252,5.29126874878405,6.44846663860088,6.19409865276543,6.55910288290876,6.08994798139974,6.77789559363487,6.24913064670134,5.7350536149604,5.72809116165482,5.98379441250778,6.35909925850047,6.54079067695436,7.79918257988383,6.55414332712945,6.0369188849901,6.61299036397252,6.66697322110895,6.71284911206765,5.63357347362972,5.82289497789795,7.28586855672433,5.88240964724978,7.26517194895295,7.05000352898865,6.70102247905543,6.2873764518457,6.15127479613247,5.41726054079328,6.82663276677394,6.18007837008159,7.03226357947032,5.29041036412993,5.68364591178631,6.80326562896754,6.91542789043829,6.69262938465966,5.91540976839679,5.47563069727295,7.14223219126945,6.58247002071517,6.64084017719485,6.67908598233921,5.27600857715537,5.43929241358218,5.90758893043709,7.21881917763085,6.91724003581919,6.55872137861805,6.28976085366268,6.25199192888171,7.19898095451357
"EYA2",0.0141667304119237,0.0352804370523736,0.0857128945151,0.0857577566125212,0.0192692189402705,0.957429533899801,0,0.0885432697639125,0.04952343279649,2.90518335852819,0.0731319618613706,0.158733842999641,0.293675354491394,1.50003717098169,0.531883961156067,1.35183182972405,2.11615845252177,0,0.337419955149742,0.408324916913657,0.0937345870442492,0,0.0100622506776099,0.0570786762036406,0.0300577544161522,2.59353544110422,0.114321710955019,0,0,0.276213160866028,0.0250217050635833,0.164394985751223,0.073184073577778,0,0.0241295770591279,0,0,0.326761673229142,0,0.0417448238258569,0.280238943898241,2.7763082676522,0,0.0487063104275646,0.022249906732753,0.779112606312737,0.364945523815511,0.0235818293639766,0,0.0299955833539524,0.0228492820887818,3.95583353798957,0.0118820232638917,0.114335038748936,0.50730491169417,0.0634221622365136,-0.0924608791024059,0.194259101155458,-0.837140615287546,-0.780771649987116,-0.357669243413185,1.46222565359443,-0.0983720030312067,0.450996885815686,1.11395685717069,-0.0167131776230164,1.26679292741229,1.12133052722621,-0.538598387172079,0.72897205902424,1.3633209717754,1.9415751466249,0.359100237520499,0.179328942778587,0.85112513031582,1.30506288439463,0.208945501844544,1.15771136212821,0.274150683327203,0.517786492268952,0.969164790626017,0.236246362876534,1.10755821786632,0.763616120400775,0.883423023947418,0.377321124682476,-0.0949593954022086,0.888115359437292,0.934124623006832,0.169395817001322,-0.109462977825454,0.680068172912245,0.587562130397593,1.45375507394388,0.914441189718141,1.08446217694863,-1.21368530349442,1.05307837464623,1.06873980608645,1.27837141758211,0.383597885142956,-0.0552268922931482,0.422172539235035,0.640335669803184,-2.74661646255639,-1.15359903345526,-1.10563970838343,0.577629004620328,0.543990443705909,0.458004919339524,1.12193992144567,1.58843119644545,1.01773350991731,0.652401675348574,-0.448468982113338,0.257636099979725,0.376346093931333,-0.861760141753896,0.0171691409791875,1.49610797219663,1.09543127289898,-1.56969340650535,1.08299963082191,0.0416667886016455,-0.0967875780606003,1.16331778894728,0.660689436733286,0.603162622415874,1.32754953109286,2.12902480853206,-0.534820143011402,1.09610160654039,1.31383816115492,0.435883909172976,1.5773402216512,-0.0498032837399181,1.12114770896037,1.05649098227522,-0.208916114441996,1.21103335633132,1.6409000387413,1.3616146679609,0.460198738529594,0.189383947399744,1.0187694800904,0.169456756423268,-0.113667797939756,-0.413428814494152,0.0585470084808014,1.17721197715106,0.578116519995899,-0.0377982176164744,0.940827959420937,0.469095894133771,-0.0352997013166718,-0.761392913808157,1.00719098992058,-1.82295764411463,0.336430772556434,1.12584004445024,0.855086192742337,0.890735754580987,1.32767140993675,0.974588399179248,-0.971572980101328,-0.58052470947121,1.18111210015564,-2.50334629014631,0.712122308856057,1.12553534734051,1.28239341943057,-2.2735437299864,1.22571975702041,2.08271084785278,0.674827382624854,-0.49886588406302,0.392251283059346,1.50549264317638,0.247337337670781,0.249653035704745,0.87507432314076,0.936257502774956,-0.208367659644479,0.11034551713525,-0.78156386247242,-0.110803645108275,0.0887120223442748,1.0798307808807,-0.763647672420175,1.77386985742837,1.45034246631488,0.717484977987341,-1.16206961310581,-0.794178322815327,-0.071436778530893,0.250201490502263,0.258184554777243,0.99713598529942,0.0347806339217004,-0.136215384059928,0.0465419423573578,0.954356511093039,1.08562002596561,0.888541935390917,0.433629150560959,-0.0168350564669096,0.653437645521662,0.790429466057194
"SLC4A4",0.152510544305061,2.37089520966416,0.460803362735486,1.56193217326347,2.4789459268629,0.847169524192559,0.0132549970867252,2.64798676622724,0.0099791535521797,0.0173418636233544,0.0613213746015259,2.17480906409834,1.23614357407151,0.972775721441898,0.472893228763988,2.72525472379887,0.22195501233771,1.8266400033688,0.577550160384487,0.717000548909792,1.27411253778378,2.43012466718795,1.82767678006591,1.05561215668669,2.71065106877014,0.579243880235286,1.52619904909121,0.746826970834679,0.714829292573217,4.02798559134196,0.0793077881558019,0.562575075923691,0.660722385520999,1.82625763099097,0.0115757863360245,0.0257659048491526,2.32650858599039,1.37508949025817,1.19981994363562,1.71833751251545,0.951619870924953,0.478453117926653,2.07587144501889,2.52760086139117,1.10027798959235,0.208497282929326,1.45334900253421,0.215408978456494,1.34850438638364,0.171427186740179,0.151091166294975,1.02133047537581,2.7572643869151,0.123096686292899,0.164763253037698,2.6948577690912,1.50910000437306,1.52791111601658,-2.7396460754748,0.327551719183549,-0.176993866192134,1.57441271018431,2.06073914197518,-0.0247948719854689,1.60914091629542,-0.570843294588637,2.06376470538638,2.57278286276122,0.673452544824367,1.11847345874066,-0.0571552458617339,2.96465909762868,0.314725961244784,2.62191538163433,1.50429856678573,2.36586063468249,0.786911172744201,1.94616237105556,2.31468914916271,-0.497374722190693,2.11815907367026,1.95392359893645,1.05756755181094,0.941214906715176,1.0946635901569,1.73660921827144,0.279076931486785,1.80350047890592,0.657535450356772,1.58914588853447,1.94182134529167,0.370961976822441,-0.251909447178042,1.99476870498759,1.74081869780006,0.552758873964716,1.50081259155109,1.58605455200565,1.43365823844608,2.01739465745392,0.836767195911294,1.68530618651639,0.796777140389404,-0.344386450572411,1.7410817902706,0.884386933078807,0.360109412412719,0.854657483907928,1.01192100817246,1.66090435987392,1.24955928218659,2.22971028117869,1.03520469181514,1.37729067663315,1.67820268981184,0.90885453283891,0.721203828227149,1.40774363009801,1.04342633151948,2.51069303971407,2.04225689591983,1.52797688913422,2.0275894906873,1.60572071417842,1.16990803673098,2.15400542278116,0.42818458916462,2.45498320907749,2.30587555139966,0.95318561412469,1.3523626650496,1.69971049927838,0.865970460141095,0.103725799872709,1.97727305569676,2.30679637504654,0.162066555214677,1.46713675532213,1.18806141719815,1.64439530734761,2.76832634148914,1.36301791010642,1.25113783700982,0.595906039133071,-0.540982299182491,1.59881453682677,1.63709449129016,1.00675781843814,1.53659316754436,1.64794705569989,2.36382166803582,-0.144699265433502,1.1026221373907,1.44253760932676,0.983835886942453,1.31592435787999,1.26291122506643,0.316501835420922,0.217644839615988,0.415885016166933,1.15556949708662,1.01336801676043,2.12716999078621,-0.0948432422664103,-1.94681691550629,1.15175465626381,0.649971541828783,0.360438278000892,1.87486431153955,2.24207562729401,-2.39690235948045,1.95859349028851,1.3828813916321,2.18353755259914,1.58158198000649,1.35716410263693,1.6779395973413,2.31824089751498,1.28639222806201,1.64807860193515,1.97832542557892,1.07756257957188,0.369712287587383,-0.74376082085023,-0.265590255646056,1.43767039862179,0.827493186324803,0.500271926092235,1.0867050429231,-1.11373460754534,1.85217258595559,1.0929534890984,1.67530867263592,1.19010038384483,-0.0457764965109342,1.64992024922893,1.77311329855869,0.695420766114352,1.98588933410691,-0.358724990216773,0.431210152575815,1.00922431034944,2.20511113518332,0.752248739750721,2.1785387956589,1.88815048130176,1.14432229397109,1.70615626480658
"SLC20A2",5.27560307933685,4.62463317780462,4.457948815616,4.17612327114794,5.28112328276138,4.72946032189944,3.44926157982864,5.45313891261581,3.34069898389484,5.74328336857911,4.3941436801116,5.25516834626571,3.81878922051655,3.75003831839357,3.88444162870154,4.17372709890289,4.31866391417984,6.97354239919169,4.27026729002069,4.97487801341583,4.14452773165303,3.91792816330712,6.05417341210619,4.59816865570553,4.01560461145512,4.40130961965484,4.4051755086353,5.03276207381379,3.40423010704142,5.54374332276107,4.21988097776913,2.86455859671773,3.93730672338064,4.71892051082171,4.93736793463179,4.97602446170812,5.96738536448039,4.20041018787406,4.40542742036024,4.75659635050171,5.00517089904707,4.67972217046107,3.94801206293668,5.85464900215162,4.40947919242886,4.51247342594959,6.05056046626497,3.70425226909591,3.48639259427596,3.87116352949449,4.6018034668442,5.48122466047625,5.13557591079784,4.68973525823448,4.62611671778271,5.35729377790045,3.99348318496515,4.93163575051961,5.19123600006243,3.08329106660312,3.56907542148316,5.1811202285172,3.7663897967924,3.93869889412468,5.75828750836764,3.34266399543706,5.83250771981749,6.10108713736113,3.921763501313,5.13235993646208,4.78558219506317,5.42685391481823,3.86209181523157,4.30820870641176,5.14861336714712,5.10962786557392,4.84616316398012,5.47106779269571,5.22760731348349,3.69807992377348,5.54358309882894,4.07565962122585,4.54666813002858,4.92777129846862,4.11350851925465,4.39197638763464,4.21818970569463,4.5149568911396,4.3509449996815,4.29263723785337,4.45710377072922,4.5130246651141,4.85048225744887,5.18646226517591,5.10974152592836,4.01928408542321,6.2430489200577,3.82310631365837,4.73761752548915,4.74091367576793,3.8407236685967,4.1103260293303,4.94834382262241,3.43654744820517,3.83560895264686,3.57509942026852,4.01132786061236,3.52452056254236,5.013471205717,4.80820060559689,4.90856269856813,5.49811895705262,3.81480910778419,3.75036368681625,4.78035381875889,4.42311932475142,3.02123251307844,5.30580563733876,5.16429849605995,5.06177685635434,6.56038862965645,5.34240427146871,5.33865347977216,5.13486046425978,3.7491134229174,5.43151398935031,4.51791206035506,5.65042383200331,4.81047381268571,4.27570184504168,4.75409827688306,5.40548576818336,4.80217660681153,4.62043370006067,6.15973588025259,5.35570253293828,5.57449871523685,4.59054102684274,5.03756720085845,5.08598651185024,5.49618673102713,5.187257887657,3.23298175340167,3.39983515372079,3.39665266379644,4.66180606907712,5.15145487600814,3.85413559042071,5.2632966647779,4.59008638542497,5.10258092359859,3.921763501313,4.65066735434192,4.70261013632137,4.5723553701322,3.94870100531547,3.93869889412468,3.92380938769293,4.39629548110339,5.06700523265862,4.5990655534258,5.1538417434514,5.03995406830171,4.74011805328684,3.58873866280142,5.27363975703202,5.23431327439549,3.99177827964854,6.44934246336777,3.70410392255884,5.98503991547706,4.93811439072274,5.84546500022374,4.15249402082784,3.73717908570112,2.94496641524866,4.2334201931897,4.89162730575645,3.38494564728904,4.3812923143172,3.90096365645033,5.0196088648568,3.497355737831,3.81049001431544,2.02011211116377,3.94165406334014,4.20671000989611,4.48620082146607,4.61281845631313,4.2247820062522,5.68008918451236,4.67965074472433,5.24170119743415,4.73784484619803,3.52042878978249,4.867531310615,3.90641935346349,4.59224593215935,5.12258514598018,4.24501354934267,3.83140351953255,4.76159986027616,4.9268620156331,5.46140666256824,3.9061920327546,5.41912501071625,4.06702143428835,5.40844093739882
"CTNND1",5.82781902461732,5.60677680456179,5.17889785420159,5.90360231531776,6.10596296862646,5.16927163326123,4.83133511557752,5.96075031703914,6.44295842020299,6.59267379899461,6.12396617498933,5.7845641812127,5.19617423361198,5.61002083412078,5.59111388357243,5.87532054852568,6.19231648927206,6.68904750573264,6.48234977033111,5.77542723698772,6.45485857657579,6.09578098704593,6.02586598815116,6.54614128451787,5.73991019340274,6.92159104660204,5.89125633977192,6.00355276686244,5.35796012402036,6.48297409401059,6.15722161000007,5.96869443738623,5.25533832639821,6.13801780204137,5.91761792837587,6.09306361500387,6.52299417520932,5.78270996863303,5.80273606454606,6.18795772949358,6.05145693804838,6.16189171224568,5.81877644094267,5.36942460510267,6.18592005086598,6.21926727875582,6.52193487066597,4.61728672680337,6.119988981257,4.7878398889244,6.27826173302955,6.26377810374611,5.75774068082529,5.90429622220777,5.68119898492061,4.10776005850254,5.98862946432429,5.48442655144131,5.97921400917394,4.73923030336165,4.9975734660264,6.55567260596356,4.58477452224349,6.0040750424361,5.99666962827291,5.46876939006769,5.89807182827145,5.52155941388821,5.19857756474182,6.40618903149783,5.43385815186975,6.20592547419874,5.33071131173947,6.38915657892248,5.72996892676683,6.33731867978008,5.8664401306315,6.14953853492752,5.83004780960092,5.9147869059541,6.56053902098509,5.34340630744781,6.05094073492607,6.18973935467061,6.12573541797438,6.29013561239741,5.69770247934146,5.9108726156107,5.50399800315834,6.20031851776089,5.67379357075741,5.21677372525711,6.19375943664491,5.1235712984317,6.04903648556982,6.05665348299482,6.19460576969214,6.14223891239523,5.88971428943013,5.36276617590304,5.25295446302588,5.41312299221279,6.33943451239814,5.66437811560706,6.2489826679762,5.66638815659421,6.14245049565703,5.80465781818424,5.79566552955749,5.93382939951661,6.5720703087535,6.21608147076542,6.15715553235253,5.45702651903748,6.33202909823494,4.72336155872622,5.92293286153362,5.84485863792732,6.15049065960565,6.4420523943739,6.51578916111319,6.52985944802327,5.58090851882471,5.8330099752662,6.40037049179818,6.16953315316816,5.67252407118658,6.04427586217919,6.22644905059389,6.01349049758646,6.40417899051068,6.18910460488519,6.14721111904766,6.1041539252702,6.36757508621829,6.52615674094167,6.42099985982423,6.25585912398489,5.96704797162011,5.55964440101324,5.04676657439623,6.6019035486681,5.1608099525095,5.6808816100279,5.98302250788644,5.71452334865501,6.45770955574752,5.94789968642669,5.96630743020379,6.72737242291888,6.15027907634384,5.38921408362875,6.07209906110664,5.61539659049904,5.98672521496804,6.0185684958698,6.21840888664528,6.29510781904984,6.48807175381664,5.74414500530781,5.89489807934437,6.141392579348,5.72319826238904,5.92007648749924,6.37265308450163,5.27728653813354,6.03274457441078,6.21206138879111,6.3824917061756,6.45474739008224,5.83142310080266,5.12346550680079,5.6473456630317,6.24189462870571,5.98841788106248,5.9073814917909,5.85057138599607,5.97117384522532,4.57239690142785,6.48944704501838,6.53525482119931,6.17683277570046,6.21883205316889,5.3837129188218,5.71103222483521,6.29605994372797,5.41830678212703,5.91891277955931,6.10108596797402,6.24559733578731,6.67775614802545,5.45173693749233,6.2747958259165,5.79090490616687,5.35218701281275,6.72303496605187,6.28770240488664,5.8293072681846,6.18624823085081,5.15202924714456,6.60698154695144,5.92113440380827,6.64591286712369,6.27384370123837,6.27014099415677,6.57683093214413,5.88918533127561,5.93880160616905
"ZFHX4",2.77203765548209,1.75629744811992,2.69693749005378,2.44873976192561,1.43691338041466,1.3639055569871,0.0311904941011824,2.63970217832048,3.11977448135096,4.32099003820933,1.54000742462252,2.97195733541501,1.04614178164472,3.03964552966121,0.674180401621147,2.5228492141278,1.80616730145016,4.33401757819711,2.55654467929701,3.11303866770121,2.56134813417756,1.77736710945041,2.82120610197005,3.47149964194639,2.35888570493244,1.45505493216218,2.22624956130347,2.5578070738475,1.66884074566634,2.6638865245548,0.946278707423345,1.45967816726709,1.65177960196707,4.66526768959952,1.52688009947478,3.35001626856963,3.25447461970381,1.61130932331909,2.14989341355602,2.73349751827986,3.10040247282339,2.04412479114607,1.63405883797441,3.049531448343,2.6098329563557,0.165023061465422,3.2474627389206,0.625307900754538,1.13726086826918,1.67977958598393,2.75493879707524,2.88118886260046,2.67394757196711,2.71172836207227,2.48995227503009,1.97089770398498,0.803946681394597,1.92665311545074,4.64800256439307,-0.504853311380761,1.85905721630122,3.08018737624023,2.57700759969235,2.79198304259363,2.32854146130335,0.902677661364504,2.6298553026638,2.4581002680066,0.77045598590688,2.98473377319879,1.55569501436049,4.13806319793024,1.00263765768259,3.12770934170292,2.64357931855173,2.82055767268866,1.90340422286447,2.07690036401491,0.872669178863278,1.12543687447088,3.17994253650028,2.05764577456019,2.62893354040267,3.07496405676049,2.71598886506493,3.02867110764597,1.85045410186401,2.76279390432452,2.10209519915246,2.16518470502534,1.70491808263451,1.9469318851956,2.74517800333404,1.21054625658187,1.19006265077899,2.99610217441939,2.44488834226374,2.96834688855648,1.65626951885266,0.726518651459691,1.45675919833255,1.64500353566107,2.77354779737104,0.779878444576207,2.22151462098328,2.14797847615092,2.51750272483497,0.862632212019863,2.92399988199323,1.85168311821218,3.40311142172272,4.23976430074157,2.54464350252379,-0.615874454832399,2.88497861293873,1.41179768359522,2.87350779368912,1.30927723655178,2.48339752117317,1.64234066690669,2.85968135977217,2.63251817141817,1.74076439278956,1.73912570432533,2.54689669916211,2.81594886138301,2.35967654212374,3.15106065231821,0.982563723995758,2.54945714988747,3.19253995406906,2.81840689407936,3.08950741688054,1.11857486652692,2.99272237946191,3.85037095442872,2.86121763020739,2.95267693011727,2.08622040465522,2.12339814918746,1.55559259633147,2.45871477618069,0.766666518833345,1.91067590292449,3.16539917638023,1.70327939417028,3.7139501397815,2.41093676564546,3.19673909325865,3.38457375847111,2.3934744916985,0.823508524936353,2.40668641744136,2.33325269063802,1.54760399006835,2.31922142066304,2.33161400217379,3.31073035955171,1.70102619753196,2.10424597776176,2.02538409542065,2.88026738360407,2.23636523519037,2.39378174578554,2.44642461269896,1.26359879561134,3.56564883376861,1.49916026234453,2.84841537658058,3.27385986910651,5.08092357303706,1.83888086458538,0.206542318153447,2.67645550586536,2.07833421642111,1.08375273666201,1.97304848259428,3.09339930198309,2.43946018672598,4.06534639733,3.04137094324376,1.56296669442051,2.61121522138317,2.45482289107814,0.324937559694124,3.28830081119755,1.17132015146935,2.06102556951767,1.19313519164942,3.60989342230285,3.46179695234798,1.69713431242941,3.24723118156276,1.37584895541116,2.48780149642079,3.24385138660528,2.80529738636551,2.51125522506509,2.09922749434005,0.508880339804034,1.01748827188968,2.85537980255356,4.60037818090137,2.84749361431945,2.73688214298387,1.90565741950279,1.58406480839749,3.24313446040218
"SPRY2",7.29185216282297,6.74882347143493,4.43139564045509,5.66051224560719,5.74406688666163,4.87883322082831,3.14017168020226,3.95628902658394,3.66113390640748,2.56362674709161,6.04237512010357,4.00109062578376,6.33246985141562,4.34111047442413,4.27999865212175,2.18776141386689,2.65737247593567,4.29260508187564,3.52566800737528,4.06861062546882,4.51865472916406,2.17510618280968,5.4710573647973,5.3406975598484,4.58889449284325,4.45998891588669,4.4257882511453,5.0565445126484,5.30314509186501,4.7752086075178,3.63876894441695,2.15801057401828,4.1769450400437,5.45763697062511,3.99039219035649,6.77400950757142,3.22346271005162,6.68288225268746,3.99159893891785,2.48559684906682,1.70337981814109,5.83545926568959,4.53221096660742,3.09074166805568,1.97666424226113,6.46029861452274,4.94901659023615,7.55446606389588,4.27329954382166,3.57075435513387,3.94725470096803,6.36264697097756,7.4886114082033,2.13024559164591,3.16117266498679,6.39808730223085,3.11103753157603,3.1038966223662,7.0345208355579,2.02710702109896,1.87015578742433,4.03117343705239,4.88168547773279,4.32811624502826,4.70970858092913,4.46885166403887,5.73785073820432,4.05482769880998,4.39000412484688,5.18487658126728,3.20491073389707,6.13789042289728,5.05262099194336,5.85820481217851,5.07225849227042,5.99685746600292,2.83060807614792,6.55682376320793,5.14411389119444,4.83482326104321,4.01897438381891,4.42258452311678,5.32278539038233,5.11555025435508,4.27664219114066,5.62984448640548,3.41229463886619,6.07034932328753,4.38018537468335,6.93187026566644,5.48955537422048,3.62577807045205,4.45739645551476,5.42246058143636,4.45918168281722,4.90072790229237,2.42848562626876,4.53758291518359,5.83276532311845,3.99383243264259,5.19692686555889,2.97580656341468,6.46681855337556,2.97297995351911,2.20473713769375,1.7038321104118,2.37716034132303,4.81087146140187,3.78451453142914,5.38973141422459,3.73244540177405,6.05725765640282,6.28978351254826,5.61705035740452,1.87268485943616,4.05274493362378,3.64853971855842,6.71109715592887,2.05254651015902,7.14713892455477,4.95458225924992,2.84563373927695,4.69215384578827,2.87985059590744,3.90204199550777,5.34420811801185,5.05098453358277,4.47331473229502,6.05219951237919,1.17510729099984,5.47869524146385,4.74184267237341,4.42243575417491,4.48015810362112,5.19618302084953,6.00444468203838,3.3571013614318,5.45504097970625,2.68064898274126,5.01602383224292,5.20258008535001,6.0862676000678,5.18219874031359,3.74940506114742,4.91456341388643,4.29018016485099,5.60901683454345,2.55188946355132,2.62381924694628,5.9922456288049,6.11869922939583,3.291940564892,4.59545403357168,5.5987517775543,2.23821014961488,5.57465120897109,5.74990102249593,3.30949530003286,4.3557872682164,5.95609477593008,6.14160964644407,4.42541113301234,5.75243009450775,5.6334149410104,2.52518543848535,4.05661292611244,3.22871376459654,1.27329479263515,4.77204276757336,5.94954894248773,6.34676201728512,3.65121755951211,5.80301153474412,6.80184621047059,5.73249505629694,5.95579723804634,2.81677256455385,4.60274371172339,3.81694616075716,5.1101945724477,5.16598292564958,2.30768524546895,4.45650384186352,3.56924587254082,1.99229508870099,5.35090272039608,3.1259144257632,4.37378831018287,1.68166553807291,6.95478068271468,5.51871408682733,3.42181585114598,1.51087879280422,5.11956701578561,1.56324546034306,5.13429514103091,5.44358577118213,4.50991189199546,5.48122431347567,3.48072835212716,2.04644698354228,4.15212258679407,5.1348902167984,6.01024667077137,6.06380348984518,3.07057237938694,4.44311463709508,5.49520859401161
"ZNF45",4.22007451951927,2.92373679021271,3.36698657533263,3.33200037420471,3.68468410965065,3.29946594004393,2.92807275128616,3.2432455926971,4.13194336542481,3.75127089189441,3.57384710618211,4.0167726376389,2.8703410443936,3.76943323736125,2.45231604032451,3.963122655451,3.41808332762791,3.83504485353628,3.4867272426882,4.32277903395914,3.44378962876466,2.55925195592372,3.56255993485452,3.75771668321434,3.48271923480675,2.77663252840528,3.07774033530523,2.55462814156076,3.36070840325347,3.56562154549707,3.68984705692652,2.92674714823529,2.93992236450125,3.91733627274399,3.37803989583841,3.01874098373703,3.5854433189362,2.96173629484928,3.2620121347494,3.37931736534264,3.69489133325843,3.89478866664396,3.47945046747014,3.94824573636031,4.34057651076304,3.90347217061136,3.98718441290891,2.1578941966204,2.51542735604768,3.96505467358819,3.14668291586416,4.15291350737044,3.37920505996061,3.46979482840166,2.80151341467672,2.53522152177192,3.6012484460104,3.22603360860966,3.76108803319973,2.6981762622062,2.85038909489926,4.45791558837255,2.70956268441189,3.90556669231911,3.41305022238426,3.435393390486,3.6982478729136,3.1894037032121,3.04718084471837,4.12400338623678,3.03676119420939,3.46708201832259,3.32217368289356,2.67626277041411,3.57686431543784,4.0077222349381,3.46471879861952,3.34236846944705,3.11700324503629,3.23140456248026,3.66860020754784,3.11947388381677,3.75797287995478,4.13286546012329,3.53572280878897,3.50263773294602,2.40288121840011,3.39521865553384,3.11410292994616,3.24719516685986,4.2626277056372,3.31390241393282,3.92694308872414,2.40234412301305,3.53561538971156,3.65785829980662,3.30627565943655,3.40338250541717,3.38984770166323,3.09777523017951,3.70480043663575,3.81039338973192,3.71962426931863,3.66376634906429,2.9865964850579,3.26072997061379,3.40671249681695,3.90739281663512,2.96833524189783,3.66344409183206,4.42235987374912,4.05434211453499,4.012126417112,3.83305881506589,2.55133438338375,3.43883080096319,3.43421178063446,4.2687505930497,3.62004678455754,3.4892103482695,4.17185858522391,3.42432922551254,3.80319631154531,3.13655351712531,3.83638880646567,3.63830802771761,3.19982335372108,3.52917024506683,3.9777523123401,4.07249593861764,3.41036474544896,3.50102644678484,3.80427050231943,3.56988207540605,4.00020289951924,4.06400983150208,3.48373197532148,3.63497803631783,3.36986775326457,3.02344122861028,3.69233982365593,3.41766924271299,3.48104649838617,2.92880502141015,3.08821493228983,2.73287262421033,3.30326792526901,3.62654563874097,3.34612813715648,4.43514274396117,4.33610235458714,3.14976606364701,3.3119688705394,3.62885514890533,3.59426620597861,2.85038909489926,3.36911581972268,3.59609233029462,3.5298147595313,3.41208345068755,3.51488350777101,3.81855723961525,3.65302444132307,4.16272796364388,3.2669602771037,2.85898262109223,4.18066694957171,2.6664876343696,4.13308029827811,4.0209347814598,3.58857299487577,3.58782106133388,3.012162225482,2.96049364924674,3.2449393662342,2.40309605655494,2.15979184621635,4.01438221773765,3.52669960628635,3.42970017938315,3.56730401754816,3.67730115281823,3.38834383457946,2.50804449518664,3.92726534595637,3.47094910510943,2.41555666953475,3.67042633186385,2.44638594475204,3.28769215904425,4.25800868530848,2.47399264764698,3.18306597764478,2.83266494712625,2.51803446938597,3.53250023646661,3.43528597140858,3.50048935139778,2.8640313177306,3.01957414182344,4.23136875411026,3.21701040610703,4.36897259227526,4.22803876271048,3.39188866413406,3.24655065239538,3.00872481500481,3.60833810511961
"NCOA1",3.76835373222956,3.07104182806979,2.94152891360753,2.5335733149852,3.65338108996857,3.65567239189371,2.6226516215455,3.05956467472742,3.624627329606,2.95887607487043,3.69939616131858,3.04269336019348,2.93479954021123,3.35132443793582,1.9516213628197,3.65757141268782,3.33180408672817,3.21502310077655,3.38211662742607,2.8304561352885,3.22338547806572,2.60502252435408,3.31377406593824,3.91328198318617,4.121181218448,2.97176609117696,3.07197370463748,3.33376146802932,2.85429892047965,3.51239125081881,3.02889796432819,2.81031970341108,2.9551100380883,4.86983686792132,3.82306656763102,2.99036132790946,3.36492255850577,3.39777558598528,2.66156947967302,3.71141781401564,3.33032319001644,3.18868101700652,2.98716075973959,2.5112403072487,2.9506531718005,3.59579007053066,3.02189719574105,2.18447391046413,2.07177296442302,3.11637307478958,3.08597694907364,2.94337564278624,3.13525083378942,2.31781633098166,2.71356259909864,2.97362198441066,2.91863576373897,3.82747384882677,3.26401184731739,1.60336927888213,2.5759013669188,3.14660354695079,2.53970047430577,2.95366257334834,3.61427994341109,2.37024116077664,3.4331776400956,3.3619499378732,2.95963082861698,3.27707352073318,3.7194582124895,3.52612587788583,2.57854305367705,4.03401461722168,3.31850886673756,3.20335089212798,3.14386401994224,3.28093821062024,3.02772764282961,2.8462339785129,3.8581956874227,3.20755802289112,3.09836830355018,3.24767252551637,3.19708911610843,3.37731085717116,2.97841615667563,2.57629272792003,3.23485545272635,2.76228704375078,2.32816985314528,2.44440407050821,3.80604683400987,2.95385825384895,3.05492723241454,3.33670715329438,3.69167158140274,3.216167964918,3.18456556406932,2.88507655788419,2.43902285674141,2.84936486652268,2.82539400519783,2.60495992125954,3.89605986429093,2.75856911423917,3.32124839374611,2.75064405396443,3.36097153537014,3.39560698397829,3.51164552084061,3.70370593219031,2.96237035562553,2.08836339964649,3.16206230649906,2.14403450207032,3.00532222550965,4.15739117285692,3.09318277028399,4.48016615861477,3.64940459327076,4.05788763829622,2.76023239849437,2.66845824370781,3.13398215466138,3.94165342093329,2.92303857500272,3.5808185778066,3.5452047266954,3.04661081113857,4.06287749106181,3.86700130995019,3.1148054656015,2.75778639223673,3.19386038784835,3.28309069612696,3.85858704842392,3.37202748365466,3.43572148660355,3.0951395752901,2.01126528240576,3.50685134857564,3.13750440367238,2.57560784616789,2.96677316688928,3.31185572971678,3.39081281171332,3.13011746477431,3.40734781401495,3.42290441381352,2.91951632599172,2.46250451681473,3.1823152383123,3.64431690025487,3.11578386810456,2.33345322666177,3.18035843330619,3.54197599843532,3.36958147739703,2.44469759125913,3.10423871856851,3.18368500181658,2.79760737411107,2.80377130988031,2.28864239202185,3.00610494751209,4.02638307769785,3.75810511136017,3.54050839468074,3.40519532850823,3.90466980631781,3.08388794650496,3.30422419019295,3.34795878207951,2.91041718271331,2.75211165771901,3.08017001699336,3.37486485091352,2.22318726456747,3.7035102516897,3.43992861736668,4.32988353414552,3.34199052681088,2.13796840655138,2.46583108532511,3.21010186939906,3.4295575508343,3.43699340985752,2.17524554191778,2.59449101447685,3.27223042834305,3.56604470001047,3.92100912811883,2.55877932311534,3.03985983386749,3.79606712847871,3.42848130808094,3.0774304899848,3.01236672353164,2.22220886206442,3.70957634720864,3.05522075316545,3.51555913085284,3.53532286141455,3.1929798255956,3.61545402641475,2.74604556220007,2.82069767318317
"PLCE1",2.45786216229733,2.43810385147296,0.950719977328191,2.68949597992154,1.86218951022545,2.00872351801449,0.765751134390414,2.80229456400137,2.8850471670277,0.992421852344248,1.64176334178048,3.39719783382576,1.43795210107338,5.16421104809615,0.413871330490144,1.24532527966279,1.55046729866576,3.31983900334069,3.50520497854723,2.66141442154337,3.44380288708678,0.755240545216192,1.64786707220719,3.79007345424799,3.44604841389381,1.96153443034659,1.40816293477081,2.66710416000034,2.9964899846527,1.70321589792574,0.973496663493381,1.91323602028473,1.48678129399609,5.00018934129887,0.980719236029693,3.15754824170435,3.1687366932713,2.07449173549097,1.89272907241605,2.74101172406645,3.06885478983876,3.38508032993801,2.66237414608842,2.97223680062982,2.3676394490631,3.80076532836687,1.98645462503969,0.771371777760132,1.09931540529377,0.951815296001131,2.08665130924578,2.01012457038084,3.56132613645392,1.05112844145272,2.63025586368553,1.00393116168998,2.41714635827147,2.11003046424162,1.35259135717447,0.729001467080619,0.834776377951473,3.82341387303973,1.72393786062053,1.95661430665146,2.33575922845931,1.10020618110192,2.72894130331839,1.98369608678059,0.811239333441337,3.63533020109578,3.08384023349231,2.85697715387654,0.297252668686858,3.84737628582414,1.78958636428435,3.01989320292562,2.45032508366528,2.60558450377732,1.80546677985745,2.24161105041877,3.5455066005104,1.88557780484677,2.94587912320098,2.87030535980397,3.1728839922415,3.09220580955315,2.57694303997583,3.26447996063637,1.17932468011792,1.20172740922998,2.48052623113913,0.835910693349551,3.38173981491277,0.846119531932262,1.68834871500581,2.42962382765034,2.2506855736034,2.53752557989259,1.72294533464721,1.54329813347648,1.88330917405061,2.0564340616824,2.00964355151164,0.803015546805265,0.263932153868291,1.17209341945517,1.01995336668785,1.88217485865253,3.70346001969289,3.75946684247303,3.30871826116145,2.74368740349342,1.97561408956928,0.269745520283447,1.71160218066642,1.22739129511151,2.93808070483918,3.08483275946563,3.00287847195444,3.22860723617213,3.00585604987439,2.19737274989369,3.9605242467825,2.46748160406122,2.2736554604145,2.24600652258632,2.09528436406659,2.09925446795987,2.5470254713515,2.53242116060123,3.88027143236843,3.78286209755841,2.74794108623621,1.46261995078812,3.02840056841121,2.63209912620741,3.65014719598318,3.52877544838874,3.16919746719775,2.18985791038142,0.41323641814042,2.53752557989259,1.24554034148078,0.516600908790356,2.54107031551158,1.26865201771663,3.14608579096189,2.19786901288035,2.3248414427528,3.75025052986364,2.12350045959381,1.33004683863765,2.44408634897584,3.13530979468014,2.007658499565,0.932043923336734,2.59495029692033,3.51119355971852,2.84038779117964,2.44054161335685,2.3061252386845,3.3304120431497,1.92442810723097,2.04494911827685,0.831940589456277,1.53833550360988,3.40754549021907,0.381900955268491,3.07022844871537,3.51246966454136,-0.409851192590545,0.125687464727432,2.11527667295774,2.33590101788407,2.23707378882645,1.0473187256665,2.19411159312421,3.05534055911558,0.772672609906657,3.46100010335353,3.12595169264599,2.94219259815722,2.81642537839523,1.50161204259708,2.55652536281041,3.49403703932258,1.51508203794926,4.23034952210051,2.35745301044757,1.02846073217344,2.70086699721594,2.08422478893533,-0.0636014173269768,1.45794089977104,1.80589214813173,4.29231150072057,3.6267519408978,3.54678270533325,2.69349394712843,0.143269353397653,3.46326873414969,2.50264538140166,4.04361284969178,2.30782671178162,2.53298831830027,3.36883697725963,1.35939724956294,3.0980191759683
"DTNA",5.39943089228206,6.25939113723361,3.66625667392709,2.93938645032797,3.48603211684532,2.92349530967593,0.0611028979975975,3.9646666288102,5.65662793468108,1.76796406534495,4.89521051084663,2.20566776245414,4.61772163640245,1.85969926598228,2.98426851326592,0.657562266772079,1.05221415316031,2.03193504716897,3.43144511887261,4.86083371406879,3.26367896617196,2.99665086646993,5.48265793283844,5.67412728360073,4.73075949631594,0.49862668531726,4.0498833914761,4.40959459635603,4.02808286787803,3.10065645258719,1.05723536826865,4.51096191927738,3.89944635213708,5.2458454937251,3.15839681503722,2.84344725461233,4.81030427761464,4.0112004143356,1.20348308870996,4.60021622243933,1.90179176787412,3.66423250878245,5.3727188247878,0.556199841288616,4.22580704920678,0.245224257289103,3.52004502403982,2.91641549580236,0.863607860993983,2.90211796924447,2.89477896762555,3.7093016654598,4.43268553639089,1.26480062566997,4.1043111517824,3.62880457424565,2.39066236172879,4.99177133727422,-4.08000767967943,0.857569187820044,2.20603283727741,4.3598266807672,3.5419488491507,2.35546379396048,5.57596978842886,4.01028534806797,4.41311340141645,4.41897982937783,3.55873335137355,2.88930873844656,2.22314325216478,3.95015446146377,2.96052065564449,4.45483022247518,6.45071938000434,3.22059896193258,3.09333006643696,3.70474222507914,3.34281621112811,3.47318127693668,4.19784808650005,2.05203910329104,1.92167403748247,5.2029627438841,0.889671585275403,5.65663317289791,4.54168594757014,2.57007728354783,2.80408257667421,2.44052699940057,4.44391214821372,2.66996951522364,3.45427834239444,4.72142678205371,4.32316150600853,4.13902085055393,4.45580796046875,2.64862223569749,4.57395130135776,5.20605891419705,2.67567298685277,2.2309651561133,2.49642102136599,1.36224494883146,3.98062729559652,2.5262420301697,2.66345126193322,2.34584937035709,2.38919575473844,4.53467882528293,5.04293962560408,3.56965142563502,2.38658845342227,1.73134104140196,2.99083053344498,2.44851185968134,2.23911297272633,2.62923043215847,3.5556371810606,4.28340016093692,3.25107179606533,3.79273864449993,3.55547422472833,3.43896044716193,3.38909580949015,4.82571883470056,5.13582473499269,3.2246728702391,1.85942471855888,1.65752182288786,6.0718459074982,3.55302987974442,2.67159907854625,4.65233329717516,3.33059448620856,4.2055070341163,2.79837910504508,2.90234524502741,3.94314733917656,3.45965590135904,2.4797994754754,4.93049975634419,5.06119073481728,5.06917559509806,1.49961713692724,3.85042518612022,4.1918187022064,2.30128081348379,2.22852081112939,3.79697550913871,2.81923751557445,1.57604365675751,2.97143872990596,2.91961861624705,3.78605743487724,0.351263863486022,2.98007541551577,2.87773883885605,2.54987069834751,3.32195780059874,3.34591238144106,4.60149092150982,4.03032897693604,2.55035956734429,1.16197161648305,4.10789619109214,3.39985092741936,1.72237844312762,5.62371599378125,3.76014737804778,-2.43170437886236,0.824977921367904,3.62065675763262,4.31762099071167,1.97137571882199,2.0986446143176,4.07481605564321,4.6368524456104,4.44570466786859,4.39078838389673,4.2055070341163,6.59982442402289,3.1806746605287,0.48847309524954,1.28663321066249,4.31077682475672,4.65428877316229,2.86453937594293,1.90114153961762,-0.512730610160255,4.78954252893868,3.88334236523688,3.72723019893112,2.50375405631772,2.15437567995076,4.70790140647607,5.48781041267582,2.60886089062588,3.66970661364309,1.52129032911791,2.25980842692344,4.64288182990404,3.32863901022143,4.55765566813169,2.52200516553092,4.35037521349607,2.7788243451738,3.01054824964852
"POLRMT",5.19437077105587,5.13721249625071,5.18673031832521,5.40992717956324,4.0668211186617,3.77744075740491,4.075455616921,5.00371466177598,4.87032032828381,4.11552438167917,3.29335282565065,3.85344679986307,3.059280856447,5.31510970074374,3.69115445836591,4.68454946918384,4.20304450339926,4.36768557243484,4.70431867776083,4.97141479773162,4.90526424284493,4.10103649772082,3.62517695668051,4.56749677290089,4.35876195342774,4.07043226460487,4.85137426675727,3.71103228903783,4.64870702244793,4.27508156494731,4.47094677432148,4.27593079191634,4.3885959699078,5.38878536978765,4.53487089867447,4.68187650065777,4.95197005089524,3.43076163164882,4.87549503385019,4.37029682380247,4.36136833500985,4.41636687110644,3.62586661779331,4.76197134788955,5.1552594555989,4.46525620223167,4.71944084601737,4.63271026399194,4.09799838458061,4.539351157624,4.32010915296163,5.28019172036782,4.61843836339853,4.53934495329794,4.09014510051716,2.93206353718644,4.13148117950644,4.41651790051836,4.17310498062325,3.64465533971623,3.94379044497739,5.0483556925865,3.5824114527927,5.02063846096724,4.17166636998558,4.05293303868922,4.80024331127498,4.76629210022578,3.88154655805386,4.74754220824805,3.89593266443064,4.47166464162934,3.38138959302117,4.03490245203033,4.30296356751765,5.31373140155015,4.64074934524442,4.4705137531192,3.9815779510604,4.62741822000194,4.12313723780791,3.52218162076192,4.52978451139153,4.65647815488303,4.6960879011071,4.97115025503112,3.70833783727744,4.89442435435496,4.62971999702222,4.63777621659322,4.35954891926631,4.31802102552534,4.49679237410079,3.82726298332548,4.8457034074256,4.92875919490754,4.3028676601418,4.3508213480644,4.59883782200007,4.17204999948896,5.28764459532026,3.97659076751645,4.65149097133908,4.1901764935237,3.59209809775306,4.10712070604176,5.05708326378841,3.57061484556374,4.77732144844798,3.99586815006133,4.8457034074256,5.27239532256087,4.96693033049393,5.42383306902044,4.12342495993544,4.62291057333722,4.54273200713063,4.42054601030385,3.97448080524785,4.67038472438059,4.7839390573813,4.14481230474892,4.30996480595435,3.79331177227628,4.62358192496813,5.05909731868116,3.71927127812379,4.91677077292689,4.5653661478301,4.49324380119451,3.63813363815876,5.50986198515357,4.6731660382801,4.79074848106631,4.62051288894109,5.21571406343636,5.2448699056933,4.54656830216444,4.30612851092054,4.48566711850274,5.58342294242684,4.42102554718308,3.34667112296521,4.4486468714265,5.16488315423841,4.00411618438402,5.50381982047533,4.32401523651567,4.33931246296298,4.95714777815772,4.52009786643117,4.99800432026777,4.61485435376622,4.32032280254563,3.9926072992826,4.94535117092876,3.90418069875333,4.9556132601442,4.13723562205715,4.70673361982592,4.50283453877903,4.75037147583548,5.30155116481781,5.22012580272524,4.11354650022339,4.27169776299211,4.88540906102551,5.24832257122373,4.80571003169816,4.85356781224491,4.02377719643228,5.14742801183459,4.76773071086346,4.99407211785812,3.61137548029795,4.3947469262015,4.40232360889327,4.92780012114909,2.6083761437089,4.72275015159206,4.00737703516276,4.36904374947499,4.27371181788486,4.34583416452045,4.57553232966969,4.47013012361582,3.94628403674937,4.19564321394687,4.95743550028526,3.3468629377169,5.19451853337458,4.27121822611289,4.37364730351555,4.27323228100564,5.45126257851216,4.05916701811916,4.03413519302357,4.34266922111756,3.75494882193821,4.88761493066995,5.32907658168538,4.50206727977227,5.04097082464642,5.04058719514304,4.31293793460555,3.85776152884425,4.13867423269483,4.68640125614673
"SALL1",5.45138917063169,5.0112093614203,3.4457386198347,0.0089601082582424,0.0123527000135096,3.70100558751309,0.0216474398439323,4.67042681581173,2.82190609809231,4.14976337513187,1.89858373336394,4.32822611878773,3.69995133870453,1.93404464711225,3.53045784010007,3.32762126308818,4.38737632799337,1.54419355347377,3.47923056120634,1.41288989272686,1.25120402291466,2.76458819769876,3.69977370518433,2.08464598912315,3.79370864249168,0.0143324382211366,3.28524536349013,2.63117181614627,1.80520989558233,0.240601313134879,5.32876826196615,0.281733853444581,3.6427593246821,5.88595255859092,4.11783631349298,2.31205230456507,3.01635546661885,3.7776090814701,0.0296140204350118,3.92032188701578,2.7072796090908,3.45213545951178,0.854561439831222,1.65506326074663,0.0073289983507615,3.39837226236561,2.78668626617173,4.64005401056142,0.301970363606762,2.05184886062191,3.46112251517141,3.4135710662574,3.9679248095261,0.758915435632701,1.51921655132901,3.97002830164773,1.67348204435522,1.89010389567363,-5.01859641700888,2.34240913911543,1.69269134904239,4.16241687628387,1.55512317470579,3.68499177286655,2.50805245107174,2.9959687901259,4.08631847694623,2.99390009577498,0.878069066424085,4.26186196901054,2.47229359157715,2.32571182042581,2.10864667746077,3.41990336818357,3.09925574379001,3.83704080765962,2.70457841440972,4.12503261408499,2.23158622745867,2.43919448196233,2.0535307493968,1.81622195456912,3.11196343765998,3.60549480423809,3.1548149635006,3.72740000706053,2.52696622799449,3.93131416450897,1.60698829736116,4.20349523553798,2.8516034772077,2.27709750317905,3.52969193266487,2.79914729902349,2.35659447180749,3.54180857100601,1.94595864314864,3.32031051157469,2.32201772337058,1.36938397476906,3.58067047202698,2.42294045491934,3.13575342269563,2.66261347186237,3.20254269745411,0.7815792513416,0.971160312215765,2.53435442210494,4.28757288451491,3.03704714938001,3.8645248897505,3.86718463963026,4.17202152862746,2.1927243264377,2.52888715846321,2.22508461664147,1.35017467008189,5.57666499290636,2.16258049446706,3.94889806649184,3.55628943146249,3.4581742136757,3.50604971151143,2.77535731398784,3.53826223783299,3.91107051264634,2.95518595863622,3.04000242702419,2.56006533760931,2.33428212559393,3.02064535845481,3.32104933098574,3.88861040255057,2.96671154144852,4.25654246925101,4.27131885747192,3.40823002148906,3.89304331901684,0.795321292387038,3.59116170766382,3.25514663952052,3.78783543488402,2.60380344674318,1.90488028389453,3.79670126781656,2.26069571225384,3.5663373754527,0.65029104199889,3.62943255315595,4.62979403571099,3.86023973716644,1.16827733108259,3.7940415179368,2.87229042071696,1.73835038864497,2.64414298658624,3.26652445845061,3.33124503885816,3.14314161680608,2.78171116092283,4.13197751654881,2.2846334611717,3.1270353536453,3.36670837058832,1.44459579081345,1.84843448089069,3.12289796494345,2.49800450708152,4.02337106312519,3.59337816589695,-6.23646633417559,3.1237845482367,3.80438498969143,3.05123248207208,1.96236043407384,2.24872683779491,-0.126873096479428,3.39108941115281,2.46254117535136,3.88609841655301,3.28070979114268,1.90576686718779,3.29297419336603,0.731044003626117,1.03765405920982,4.26851134370995,1.78415719212977,3.60180070718287,2.04865454128391,-4.76340819243391,3.43556633969772,1.95896186478303,3.37217563423006,1.83099834279002,0.741091947616329,4.12606696126045,2.82737020052542,2.12002449639086,2.48160271615632,1.21807375938703,3.99485263385885,2.74403137095953,4.28461760687073,4.13404621089974,3.53737565453974,2.34994509710809,2.85618415755618,2.37742917919897
"TYK2",6.46806681271733,5.8437226082041,6.23189316164533,5.81498613974278,5.72988988557788,5.64124543630784,4.57017752120166,6.31298639008873,6.187179830372,5.61294219630467,4.20273114652555,6.33004382830843,4.63840405487745,5.97926398176711,4.00162211964968,6.28051653651502,5.42162053278201,6.09230470846336,5.97434804647181,6.13774122096397,5.7667621061248,4.63275678753406,5.00733007488883,5.84916611768372,5.90867842923131,5.57257442329958,5.42563050050642,5.38677991302332,5.63701605252366,5.96277572755066,6.03028530944534,6.3073556599663,5.91130329607635,6.48929084016583,5.63515652972825,6.12920469708833,5.39263684131778,4.52277766952458,5.98411991964166,5.80422655218861,5.46544559699839,6.27399695648906,5.02308232499189,6.32994698941721,7.00590520186296,5.52251405352535,6.27845503384272,5.75954202800836,5.36263820504202,6.44153327719893,6.0633929239859,6.58742500196124,5.49918895261291,5.83912818637596,6.1074252722446,3.5267795172199,5.26784693184539,5.97477579254477,6.12450804880059,4.73633181698936,4.85797494400882,6.67471103331183,4.53237034388131,5.38570662513098,5.8629925231348,5.39785947288222,6.2939600202754,5.49989753418979,4.70067582028525,6.48874953281647,5.61305659768481,5.95631722190374,4.77015342158007,5.31668762186452,5.60376998761075,6.36550131269778,6.08483931934844,5.09610197022884,5.6577699054488,5.73573157026806,5.79202447824785,5.74983345963978,6.2957944123888,6.4715521067534,6.37134843755923,6.17243154276302,5.19206360766079,5.78950218909193,5.66717116502994,5.59551522310047,5.0928917840304,5.035796329501,6.08701765998309,4.37220498248056,6.67757727098901,6.31872431380623,5.61867442353208,5.58932414971777,5.6229164552943,5.01149063399852,5.70775709053879,5.4766236842511,6.44266043096744,4.63819183892276,5.16661141708744,5.15606366243542,5.23689156493186,5.20811453865299,5.6960628408159,5.27724819142654,6.52692781867649,6.49367946162122,6.09618962055006,6.17736147156777,4.89512138430506,5.8861517235664,5.88431733145301,5.95861021204548,5.2561526821225,5.79672510803842,6.55444370037741,5.60720947282336,5.50448351447327,5.22244572703888,6.0075655515717,6.34050772015279,5.47238165248887,6.1663551188874,5.60113304894774,5.51422872257568,5.22462406767354,6.96339849215728,5.93281407295087,6.0744062142035,5.94290322957454,6.38785796657978,6.02843176186156,5.77299266007138,5.90736188237752,6.01180758333392,5.89807527230347,5.84533649904338,4.79549096264633,5.37263658132305,6.53724627431434,5.25649663064376,6.97853222709278,5.40823525327361,6.16176913860392,6.1449156610621,5.67703102263944,5.49703129651261,5.67909471376701,5.12464969749354,5.36277672371355,5.57682735344527,5.89818992181055,6.38923376066483,5.36827990005374,6.17896656466699,4.67396248513395,6.86766615373951,6.56636724911447,6.52199788987175,5.98818978487397,5.56295476308772,6.60959011328633,6.49104252295822,6.21141237517265,5.46458548600694,5.70374435779074,6.11877557344623,6.37639301587106,5.28836919361399,5.38456013006011,5.41585944549491,5.25959216733512,5.93235547492252,3.81879181177088,6.59904235863431,5.53429238631593,5.48350265467632,5.92501790646895,5.47249630199596,5.79351492183998,6.07360366765389,4.99005117617322,5.00805114878591,5.62360435233682,6.34555229846462,6.68159000373706,5.51560451666073,5.96571848148489,5.78365506423049,5.56662354731451,5.70936218363801,5.43030528338789,6.14617680564006,5.5346363348372,5.50494211250162,6.65223972992275,6.11911952196749,6.87511837170018,6.41055856898303,5.59069994380281,5.59769356373513,5.74719652097677,6.46765402351244
"TJP1",5.40036714591488,4.59876417825447,5.4043547883903,4.34593565289933,5.74530457026463,5.4608572148343,5.94826676511211,4.07604595443941,5.11933127414855,5.32601234863024,5.33079500555995,5.2392108945891,5.08669461379988,5.81607997649753,4.96741303323617,5.13390048784925,5.42126706760562,6.24330158253993,3.79581888719308,5.03823423235954,5.24092486469656,4.89575339310416,5.43105793837564,5.22370828029187,5.45368218587218,4.3990069864724,4.76395328017291,5.19564287958695,3.28796867175492,5.45750564730239,4.73729196699967,4.41335036333758,4.33386019744554,5.81819101510384,4.63695517007944,4.60035896754477,5.66174674998362,4.23910776241025,5.72940049908955,4.9619149861838,5.5074394715507,4.62588999035983,4.97566228249539,4.5272580438561,5.17837205005033,4.64789009105921,5.34122080227635,4.89572431530429,3.71577259193466,3.65155690485254,4.2979470558191,4.87184857573807,4.71787379491954,3.58372365573066,4.42977657898366,5.41818063014488,4.87424935014257,4.71848721086918,4.29851382380955,3.60443952932726,3.57701820033541,5.44200571926895,4.88807239713436,4.69095349938146,5.72374863641064,4.25704468283416,5.30894484416095,5.04821745374662,4.34953547693373,5.56433406602154,4.87548555759712,5.91738367679163,4.33773531486756,5.39817654588034,5.14318066275528,5.22960280207797,4.63734704885231,5.18959463354887,4.5587916842404,4.85806627073754,4.87188931772934,3.94641946425433,5.20060811814396,6.05314173180047,5.127222348342,5.37277810181411,5.36434941462399,3.54858542888074,4.87155217024173,4.89908588172945,4.55901644923214,3.89225110124584,5.35962934979753,4.87593508758059,5.02394283463908,5.32321742113621,4.91819090602706,5.26084513592934,5.07889787511865,4.66420646536482,4.25580847537961,4.92954153810975,4.90099638415922,4.41291920460342,5.43694850695488,4.49360983663682,4.06700588232096,4.05318283532917,3.84044277065057,5.56259213733558,5.64833998168305,5.09418189455673,5.18026688639181,3.48508931871518,4.86638257543179,3.78324008025364,5.37019330440914,4.77883661115043,4.96089625445699,5.73127826363382,5.37142951186369,6.00964970589946,4.74186277000978,4.53002176529813,4.53283132769484,5.66980503839389,4.91054889630802,5.3462558327892,5.59552020862497,5.00034251050674,5.61147852303827,5.6332807272367,5.06552435811033,4.57789670853801,5.49617408227744,5.23185045199533,5.76926354723728,5.32456601108663,4.686233434555,4.78468050093558,4.2193965467183,5.93727537856031,4.8260372594151,4.66274549291853,4.96954970663884,4.67016273764584,5.71093703188166,4.78069092233226,4.23479294865225,5.5618054598645,5.01719988488698,4.52608837794275,5.31377729148328,5.80837265579943,4.78771482832402,4.29750238134673,5.08519129488727,5.22802944713581,5.30872007916921,4.84222033882012,5.04754315877141,5.30546098678903,4.82974588177875,5.04877936622596,4.68185051721613,5.10721826407745,5.91648461682469,4.29356899399134,5.3222059786734,5.17195058169756,4.57913291599256,5.40548140811177,4.61442101969519,5.37648672417776,3.17682413254858,4.08734711407311,4.16196909132963,5.70610458455933,4.55867930174454,5.67036695087323,5.45537923627727,5.53977849067432,5.00236539543237,3.72547547737736,3.52127648238476,5.45380588133512,5.15689132725121,5.26871191064012,4.9360597228701,4.1457860119246,5.34243482792969,5.28287210511951,5.50516468194691,4.49630701653766,4.28941084164422,6.14956591325543,5.42649693483913,3.87168510450195,5.23758195928461,3.25492996717701,5.02450474711842,5.14407972272223,6.07573061346999,5.96683197497366,4.88930860458892,5.67913278555095,4.70241651396002,4.50788241361209
"MEOX2",0.0171351575523939,0.0144095715713937,0.0133293292107282,1.16210689089059,0.304056550494886,0,0.0109717080143081,0.0986041613294595,0.016673169348127,0,5.67203774241785,0.323941845244409,0.0276183575207132,0.267974382598797,0.552133076122915,1.29946154403832,0,0.0289113980691062,0.0776449830586205,3.05299487324353,0,1.57864410762638,5.8155805520603,0,0.0348298571000439,0.028958061670883,0.443164227885847,0.0789923167667501,0,3.56165606709526,0.155281640833557,0.272166555357588,0.0128160735948301,0,0,0.0184775057566081,0,0.0216517034652326,0.152195103377015,0.0169854553554483,0,0.104150103929529,0.0193432418458294,1.4331036695672,2.57946257583515,0.0143381519440631,3.78951017041939,0.926226435334701,0,0.254138064837975,0.0153120110090284,4.22364650555011,0,2.10048994110092,-0.182674407937439,2.56302320760072,-1.9980591688154,0.44617477541242,3.43446169286894,-2.55837442891665,0.11267562169149,2.07417641875516,1.68223085055995,1.38755332151597,1.62250057133257,-0.577493387722914,2.17468468799754,1.76824978901739,-1.61412247122284,1.81272653224965,0.711690233636068,2.10951326767371,-0.341934773738177,1.21606567235241,1.27738549841696,1.93992084743139,-0.9732294137606,1.25794411787007,1.51612320607603,0.439694315230125,0.672807472542299,0.905309265686331,1.52345957609372,1.78096616371472,1.71762883589531,1.62659671125911,0.754730271073196,1.54828096132025,0.440305679398267,1.92463674322786,2.48629700449902,1.39397264528145,1.19906974847809,2.10492803641265,0.354470150191266,1.69439699750595,0.15767202446667,1.96590382457738,1.09746102373306,2.08897143162417,1.84295849036422,0.477415484404426,1.71414406013691,-3.27024686630006,-1.51630420432027,-1.40057296729118,-1.49197191042826,1.36627784846466,1.3868196845142,1.39018218743898,0.902986081847395,2.83404094333764,1.37703785782395,1.5510932364937,-1.0347937854924,1.39971946846198,-1.45590142450794,0.694388627677676,-1.60250655202816,1.53947731729902,1.29994483622136,-2.1098776751684,2.21283381208954,0.767140963686458,0.123068812549888,1.19289497037987,0.666143603109562,0.40594701314874,2.50011383469901,-0.893446389818197,1.11280626435339,2.03553820332865,2.20996040049928,0.651959954408689,1.90366695226063,-0.309043381492189,0.302565332316093,1.87456601785711,-0.477413073398228,2.01780864245256,2.1948597055462,1.33736032331159,0.589050581506978,-0.676840065045831,-1.12814909396754,0.0426744244393427,1.37997240583102,-1.67287456778119,0.708755685628991,2.53269954486093,1.83250416308901,0.133217457741029,1.64860582131219,1.28514982335235,0.390601772528401,1.77491365845013,0.968585457088927,-2.25257007201251,0.673296563876811,1.36046988886732,1.65893787575377,1.24033682982761,1.9663929159119,1.70748019070417,2.4051078429699,-0.026165180893337,1.92842720107034,-2.86735787949513,1.83916803252175,1.78053820879702,2.79815386666776,0.169715898579048,0.558421236683112,1.93784220925971,0.995546616903946,1.72936702792362,0.864286730004068,2.23612678689572,1.16116517005335,1.30929870799392,1.60672737579453,-0.119275943701215,1.1552960740392,0.0166914472933497,-3.0142075526826,1.14105128892151,0.254573245117022,1.95019176545616,-2.97006705974282,3.28736747401421,1.44269836948229,-0.975797143266793,-2.23025527987536,0.495634136615029,1.13909492358346,1.88807716597303,1.14129583458877,-0.2340901344781,0.239350277330311,-2.68138089954663,-2.59548423392281,0.217830258611747,0.98979979372342,1.99940658099151,1.09281465605518,-3.14473380258071,0.86385877508637,1.29646006046296
"FGFR3",1.67106234159137,0.160429743364169,1.08099868569426,0.0682787019979524,0.991449102934286,0.612676154611449,1.4980057162154,1.62392303318127,4.34576537651536,0.956245528986416,0.283156081682268,2.30437669553082,0.385664058491543,3.30894328812521,0.214880778446908,1.0396157030805,1.56420254664543,1.05300704148204,0.970380284387395,0.832841417302781,0.776248039772888,0.795195075129558,0.466898537808975,4.99643846252536,5.13542405313014,3.9280481088368,0.437375836636741,2.0666816503956,1.43866545531454,1.23226779909736,0.657606166638868,0.0085657696276348,0.640789340590026,5.25464317001399,4.15515014380424,5.49206788160214,2.33073908411857,1.44035161432815,0.0374145548791958,1.1235999858918,1.80024348610514,3.43790817034693,4.31668158369959,1.77778369693279,0.801575052585456,2.16467366374278,0.904927194937622,0.193630462735324,0.17451507999224,1.05903679730357,0.305286500982235,1.23351997877392,0.788599689184093,1.37854491583207,-0.548897595876021,2.51336914143358,0.281294429405983,3.13597023423038,-2.77564946348092,0.110276589244479,1.21330731735442,3.1715130986013,1.91626619046808,1.46957652060849,3.6487661977267,0.09774214915232,3.15949377248553,1.49206983091085,1.97473162678835,2.23919972749996,1.46494049482098,7.10973115276222,0.775031175775871,2.3359123765672,2.82054877602086,2.03079319788548,1.3548778085323,2.60995301200672,0.967941359933952,1.64943715069802,0.891189377451831,2.23795486872368,2.39712508742822,4.02282479691529,2.53139813060723,2.25830187079109,2.85136976227486,0.926818094152146,3.16567514020221,-0.0149819593477085,1.09886616226643,2.22241559710258,2.00040147327846,2.78612199193212,0.694415838470822,3.06608643810013,2.64128911223711,3.46092130100312,1.98374612137518,0.87573595816013,1.83444892055146,-1.08813607682703,1.37994668871661,-1.10582165668309,0.985197678143021,0.630112443751462,0.497814004148611,0.736054218229021,0.724893415407236,-0.571219201519591,3.61562719857894,1.43506388419035,0.356586922288332,0.0383323372086644,0.966481870334181,1.41222716457039,1.07688796594045,3.60249179218099,1.08032205911639,3.54213760461395,2.67013549491496,0.872301864984195,1.32749091545423,1.50623546526158,0.0549876891119427,3.79643220429186,1.505462794297,3.38691659306175,1.68300541149278,1.72721936113292,3.39009312924948,3.24766411477763,3.20576817803124,1.6663500595895,2.33505385327321,1.17501717844276,3.22697370339263,3.45903254975636,0.568556323572848,1.90871118548103,1.39033482057381,3.12824352458453,0.129335806370911,0.321816728882002,0.564864673408718,2.37497518644344,3.87266907279759,-0.965281393457999,-0.00991667191320644,2.37591956206682,0.497728151819213,1.30448249117547,1.35444854688531,1.72146725506323,2.10067699401573,-0.803707309530312,1.9673483264601,1.38904703563284,1.25923831358254,2.77753675899229,2.39944310032197,3.35575219749015,2.41627015688405,4.30613748392983,-1.84191952894451,3.15897865850914,3.26912719712721,-0.89410981238677,2.6522782104001,1.49026693199349,-0.69690701175877,-2.51483008676874,2.11097927354353,4.34545785079428,0.856161627057308,0.993353649435862,0.782156919115934,3.37738698449853,0.0215911329759859,1.78216485194787,1.62642872641927,0.860454243527224,1.6818893312106,-1.11809853978705,-1.38312468063975,1.77546837025479,2.0139661413234,-0.144962386056803,0.26378055420872,-1.11887121075164,2.75349810676075,2.78148596614461,0.320786500929221,1.25048137598391,1.08341274297473,3.08377201795619,3.59081587538282,0.0489780260540584,2.98804667067703,1.10127002748958,1.13037396715562,2.82114974232665,2.05131190461168,3.75290507328689,1.1627402953388,1.69287842937358,1.40896477605325,2.3614105183985
"STXBP3",5.98373469005771,6.30453477015168,5.34055514810538,4.49485078549763,5.33474345351415,5.2687338010779,4.89674653267498,5.50758852618436,5.45878554007697,6.0932833908115,5.84346886272502,5.61182451496331,4.82670609470377,5.21501455561801,5.01199201657268,5.14562447389645,5.5675393633907,5.59053016431982,5.11913203554317,6.09097407331945,5.32681415451317,5.53198648571543,5.68050440115236,4.78832029294703,6.16546378995893,4.20967950010096,4.56972196302139,6.05607407343986,4.40311771789234,5.91852935185541,5.74978631504466,5.58780001432107,5.00193281773659,6.26563567300859,5.06160340939068,5.35164952842353,5.29602049462955,4.59647603001156,5.35045127812744,5.2843808732376,5.49106099964525,5.6917658484985,5.24653350048943,5.26234294878522,5.4910738305869,5.35145872332158,5.36504858314315,5.65208776266399,5.89390821507509,5.20541206368984,5.0927233191012,5.20304450339926,5.27524548978467,5.5930339998996,5.66108680299807,5.34551705173639,5.428217311899,5.25604732962323,4.19989844097087,4.8203196287392,5.2875253276933,5.24442641994144,5.80764565422758,4.72464456650469,5.47436247752861,4.86804433549061,5.65420451668167,6.08508076983447,5.14198189575638,5.24476489303897,6.05315147430102,5.64269643136573,5.96943579484583,5.7510078225746,6.11362533439264,5.46014660743245,5.1849679791424,5.97586678369886,5.44367425001943,4.45533280523847,5.69425716655579,5.90659262307152,5.57658135298198,5.17492661058241,4.84085366332255,5.5694734179339,6.14589310302362,5.61821354397789,5.5710529590557,5.20606613555496,6.37966518904944,4.92716430319212,5.62317781607497,5.70678067116431,5.29925906174093,5.32125981308023,5.79106047244872,5.46138767545671,5.61279797441745,5.70926280721285,4.86714174056387,6.47759673860079,5.44818722465313,4.7169725096274,5.682636256874,4.73513723252805,4.60696875293089,5.54600594983864,5.82535907966486,5.62385476227002,5.39267763665859,5.35330193297953,5.26067312862277,4.57582922795834,5.3993342742433,5.71716051282183,4.9334824676793,6.10301984400344,5.1698495141195,4.89523500765867,6.39647601955998,5.68861594826366,5.4486385221165,5.45044371196998,4.82923275364076,6.034535453937,5.38534405287882,5.36842039800243,5.59688973883365,5.30726959171576,5.61065431146644,5.39561107017049,5.05330194420412,5.14581792419503,5.56450914583683,5.28515601601061,5.53122595791327,5.04314775127829,5.25130870625784,5.45145913126257,5.47075209782165,5.1454794510975,6.40369677897391,5.77594200742582,4.46131249662812,5.20730720357923,5.52287695484092,5.02148547303651,5.38444145795208,5.39967274734082,6.06522368144618,4.6425084281713,5.39064679807342,5.96864602428493,5.24171863516122,4.13626549863566,5.4457050886046,4.74021432899097,5.26326808903715,5.41467838799789,5.49309132225848,5.20550201372575,5.18632187153251,5.33073705981101,5.01708532276865,5.22660017013831,5.31606989225148,5.17458813748489,5.79421955469231,5.38624664780556,5.21283559750552,5.4600337830666,5.2997103592043,5.58605859971276,5.72471974533329,4.74066562645434,5.66627672382683,5.80854824915432,6.20061292045727,5.44299730382437,5.66108680299807,6.00373440206198,4.89658890004878,5.50730719235464,5.20313270204306,4.74675814220984,5.64732223036528,5.76669040942672,4.99677693691699,4.2693982503299,5.35713796141817,5.26450915706142,5.58639707281029,5.72268890674812,4.6584166637551,5.57646852861614,5.91200819263196,5.41885288953406,5.53427221579102,3.95382849906822,4.98086870133318,5.76229025915886,5.38444145795208,5.39572389453634,5.61618270539273,5.20606613555496,5.16499806638827,5.00230533084327
"GATM",0.485646306220087,1.71910018460718,0.636214865967146,3.67529655779054,0.0804939439804454,2.3463272123306,2.48290506064691,0.950925972662823,0.154624683833156,0.953739043216014,0.175736638524838,2.22208117783516,2.96533547899469,0.472967030526349,0.630053142465301,1.42360506159868,0.535857874487818,2.1592610385071,1.11558597033161,3.21315750235685,3.29090502553982,0.936799606005507,2.25793690525144,0.715894248900483,3.5268951190214,4.6181035434629,1.26541289094022,2.21234832656593,4.38352459231974,0.106513151231177,0.292696951598712,0.31778913064705,0.127845871751819,0.841524747370292,0.250968847607524,0.0250514804268219,3.31532131654061,1.55211634914974,0.577884617448998,3.93208952592015,0.160295487297101,0.382917316655174,0.442215265152863,0.0227257345586018,1.06491733241183,1.15472577361472,0.352094077079213,1.86522203636672,0.218390611003533,1.31207264088768,0.182328717978083,0.276714616724328,0.642651671510079,0.725578012602583,1.577928096459,4.08876763219712,0.808104775835733,0.336891869580538,-2.8565581079576,0.698506245189103,0.481942789992714,1.81586427805691,1.72247255416024,0.66477582864074,1.78557780794291,0.357150378017995,2.39677700750091,2.96725660509964,1.15756404638182,2.49523335850695,-0.770944664321661,2.96452170646058,2.50090574086943,1.57539578290432,1.96790438388,2.72192606792206,1.48838548916545,2.87751141272171,2.39758734783841,1.06954082722108,-0.0409293127779862,1.56141741208248,1.31831531083303,1.75407582732267,1.22846882591291,2.34299066759947,1.72328289449774,1.91178831550825,1.43986636145775,0.856725196085623,3.01587702534952,0.483158300498961,3.44940910591105,3.81173252931493,1.48159888883891,0.975237470444731,0.91476582275893,1.97236125573624,2.78189125289692,2.51012336220847,1.98563057876278,1.04492673946957,0.545554506486322,-1.0380530980695,1.21317365204263,1.3057550356018,-0.0723300008560415,1.22968433641916,-0.136043009891835,0.21098523964176,1.53923434534347,1.93619981817539,3.01142015349329,0.579892678287806,0.687667943175066,1.16070411518963,0.608052005015869,1.46681017767957,1.80340529536787,1.80654536417568,1.72075058094306,-0.382183887406909,1.11491988612098,1.87815919150208,0.368799020369532,1.9528117950941,2.04873583254545,1.80087298181319,2.13442932323588,0.999851558196239,1.91573872465356,1.69502227522749,2.5472977251912,1.2699987682097,2.90020094217166,0.0966259595123296,0.629829901586133,1.8541528590037,0.785313953843594,2.0968497900844,2.68373877951746,2.21424784647945,2.43607851386958,1.02851734763524,0.189612513240246,1.86407952813805,2.10667516667657,0.715118222107815,0.181509109865263,1.35437545585169,2.14638184321398,0.0175164840640707,2.05511726270325,-0.0766855801700939,1.28762367055028,-0.00811052910931176,2.0928993809391,1.28468618682685,0.865335062171541,1.79692257266789,1.87674109591146,2.01763902209395,2.3714538719541,1.87157517625991,-1.62544855021349,1.05535987131486,3.75085571146037,-0.942736815871274,2.82007854130153,0.202577958640215,-3.38094959886111,0.163681622440303,1.23626835166133,2.722432530633,0.0792036422561191,1.48716997865921,1.37169648056572,3.34203901119254,3.71297230068234,2.26246309656059,1.21864344932075,0.342361666858652,0.473332923906796,-1.42276217329676,-0.345313402050741,2.44408062470237,2.45856545823515,0.50959565400984,1.17792384736146,-2.69297065232516,1.93782049885038,1.08888770277885,0.415089712149116,2.70733994184709,-0.249389364599394,2.31371712290735,1.77413175067575,-0.893306055283886,2.29285085921678,0.589616762337785,0.0220746484624976,1.32094891692989,1.49000616984045,1.8803876274302,1.6703068949338,2.03354195121736,1.30271625933618,1.22360678388792
"UPF1",5.05788778001003,4.7855610135943,5.28766067243259,5.43819968560709,4.8588214932197,5.09572192227333,3.96068777341045,5.34806241373511,5.3321815940393,5.04972659573427,3.86235219953202,4.99904840919533,3.63472103771089,4.98415182753844,3.40266624677445,5.33448246650995,4.89335735646553,5.44141708008702,5.10292682718626,4.73073776243463,4.14535953821143,3.64015815496328,4.77784575396471,4.76437269682084,4.98041837651251,4.92374344461586,4.84984417642138,4.79292821390847,4.69205888888713,4.73104743933735,4.72673314530518,4.53640731195146,4.40775382171675,5.51791499934172,4.72025657288147,5.07435129404382,5.63699575866106,4.38951174601563,5.02378317919477,5.14683847966698,5.09805314404827,5.32615620311426,4.65543770076168,5.26644924788335,5.3216828158811,4.87106000500932,5.01750774164399,4.59975815318896,4.9608360205713,4.1220265913038,4.15483430764233,5.55886761163275,5.28751662140577,4.90651063588419,4.92030241455488,2.84856949596754,4.76490834456555,5.30206606744458,5.15973901241503,3.41045113923809,4.08758573459995,5.27170170894092,3.40781893478576,4.96570794135757,4.87282872711107,4.4894669500896,5.07720060137411,4.436822861043,4.11249766959522,5.17633130119489,4.88880996842879,5.17562624643088,3.78873652195864,5.07287626548814,4.77600120618608,5.08838747029651,4.88467364714656,4.84622466068217,4.63705841402381,5.2348508466083,4.6588681080574,4.13853769221291,5.10521477733105,5.29670765123805,5.27790619086426,5.42333548685549,4.21195739497254,4.99879851161543,4.93524957555204,4.7226990660264,4.35428445000209,4.76124205979266,5.35330004696314,3.71578685570836,5.41769504874335,4.83052544127006,4.99992659923786,4.2380914248921,4.64956138517238,4.61797493174442,4.87809313601573,4.51249873904749,5.0920537550694,4.75249938071885,4.21637573816038,4.39752780886179,4.87217067599799,4.18760950378849,5.10126647065256,5.02455651232752,5.46310057554604,5.35047982790707,4.84603664607843,5.11123124465066,4.7853079290711,4.37759826086558,4.78248771001504,5.34803563805848,5.04269992158822,4.76556639567863,5.71127985248,5.01167751197147,4.50535418410545,4.26930184911258,4.8851436836559,5.19123145854112,4.00617541118146,5.15597872034027,4.89510845765401,5.04777631588914,4.87442685124284,5.83687360777688,4.98554348205191,5.11029117163197,5.23738904375876,5.48979864927682,5.58578010448499,5.02474452693125,4.90206499799231,4.73407394955254,4.41097085302905,5.18201874295796,3.90389546674808,4.60424986567156,5.26427513209327,4.82291084981867,5.65948182915023,4.31339127368911,5.0212662567621,5.41402876397047,4.89416838463532,4.79339255703183,5.316825213838,4.68707029861808,4.5284799803652,4.77778734492159,4.59578920850335,4.92754097679879,4.31273322257602,5.03085500155273,4.73350990574133,5.16368731909352,4.98695359157994,4.9671180508856,4.5687151055651,4.6936508097489,5.1725240054692,5.94291384428503,5.25158414634097,5.11367543449925,4.87367479282789,5.30958665159409,5.26107888382973,5.43894069896573,4.2226742273856,4.56316867475484,4.35860878588806,5.34455736788933,2.79366923167608,5.29266533725769,4.75541360707679,4.86201788739615,4.71132418250026,4.19371997840997,4.51296877555683,5.04740028668166,4.53139420672314,4.730877701289,4.97858694171361,5.12401623770484,5.34258321455008,4.88128938427927,4.99908053352104,4.75729375311416,5.36486294509302,4.84754076290833,4.99964457733225,5.06779987118722,4.6059419971052,5.26953954099793,5.03771753458916,5.16857569879071,5.08951555791894,5.54620303039817,4.48965496469334,4.68650625480686,4.5505716963044,4.71546050378249
"NPEPL1",5.0925753393211,3.60693962342731,3.03403607171464,1.02203395696523,3.99572871617866,1.8231868441168,3.71022786241032,3.17257872116452,2.0164392670611,1.43453482470308,3.1116757058229,4.35862131383152,3.85542167377904,3.54166351215451,2.60568633273935,3.86993061269363,3.79687804321298,5.42765645170505,5.03451066982736,3.41323796789459,4.86191567460193,2.94388382911906,5.16620928832699,5.39219375790383,4.86380467785508,4.32700465272069,4.4670511878666,3.04098182939227,1.83645740912122,4.57723544862026,4.6841061888722,3.70852938019242,4.12422059065255,5.0054808338918,3.06535516723673,1.29648090145033,4.69865188851345,4.57824436222276,4.47518867022561,4.17019748477186,1.00140594237928,4.39879498684996,4.8357977823962,4.82978868535193,3.63525522297933,4.18351827404467,4.43297276550168,4.42927449712592,5.41159911470911,4.61393823760464,5.10716057001904,3.20238637533479,4.10204498165748,2.9808424131358,4.44490131961647,3.2065857692733,2.01448600390033,3.162599041456,4.10177512187947,1.89337389859256,3.06333169624668,5.1836108600888,2.29192931753176,3.05723894002874,4.24235432632261,2.9863549225664,4.62917004425652,4.27846505219965,2.53801722721234,4.29228520654766,2.13857018541198,6.05234873448052,3.42547918168845,4.46481423018241,3.49710621820176,5.60728032295072,3.96238474791789,3.45846922755143,3.60826186822657,3.66621735420207,3.79342221572778,5.15849681616608,5.29476651011361,4.88209372920601,4.39066092889581,3.78747806332004,4.45262871774654,4.83320307565232,3.45311949038446,3.92092428487388,3.09617313829946,2.17527532652979,3.84691958739747,4.32884174385528,4.7548888676803,4.68489647307912,3.39650143870071,4.44549573485725,3.9852697346877,3.48685255529841,4.16775521360543,3.283116731523,4.2612270102172,0.671999182611452,0.704543417043848,3.51731633638809,3.71674264966789,2.84176341524804,3.65953018274336,3.72788793543241,4.82933937658729,5.39566849723505,5.44292450887661,3.20123603210633,4.87852723776136,3.71941751825137,4.07190575603056,3.23764396560376,2.93241173946613,4.86663893294588,3.03212489610603,1.36345271144222,3.51374984494345,2.9377614766331,3.95242829263492,4.36094016685709,3.89744488286329,5.38080811621569,3.80962003103888,4.05570794071946,3.75092152601241,4.70703844079796,6.24805995250547,3.81199769200198,4.18826253941215,3.50171293631777,4.65487850342001,4.94376431043635,4.04857495783017,4.3909581365162,4.60479901938477,3.58359363573443,2.58155814359906,3.81214629581217,3.94678134784756,3.29307318680597,6.10822376711331,3.88362472851529,3.05887358194087,3.27360608767061,2.95663416052768,3.9506450469126,3.32130791074275,2.76196316917408,2.2746912755493,3.54614547556565,4.7270999551741,3.06214286576513,3.04327018187054,4.95238333142758,3.29961175445448,6.5164384337151,5.46907877947069,5.19089244678829,4.75979279341669,3.73190023830763,5.19683659919603,0.813915821346329,4.00874913669829,3.85672743887025,2.2515090811591,0.96385706583166,4.77524758967682,5.30754643779025,3.87931521801967,4.1846960479675,3.34523312418392,3.64065749884877,1.82382731542196,4.4395515824495,4.56794527445676,2.62628789046734,5.46506647659546,3.30674473734378,2.60176826178539,4.23299228628041,2.40947493139489,3.55743936514036,1.58992491817725,4.0873605522907,4.32705849813296,3.96550542793196,3.13763360134347,3.18162032916078,2.38361786842121,3.83517988639218,4.25349961208713,4.49825008747597,4.22675092625228,4.83899862424987,4.34370212487464,5.64428267168893,4.69886523123732,3.11950393649985,3.84959445598096,2.79183253502299,4.96144816384939,4.7037691569737
"RBCK1",6.48248853227688,5.1535905368389,6.01425262228812,5.47653074539206,7.80228370572837,6.83756486315715,5.7565696653067,6.1391358782627,6.53784582671961,5.90921626806941,5.59046728815752,5.62025502170431,6.04670495155446,6.64816197345914,5.59800186533095,6.89034940719884,7.0459780282111,7.34729359708378,6.90500183376205,7.18240428586632,6.47202304483981,6.93659082982394,6.48870780100793,6.50426444134924,6.14237463326669,5.60899548021901,7.12929332187274,5.71974474449366,5.49642080407106,6.44207927829993,6.80104222155881,5.63172419364087,6.4805462650635,6.11112940897682,6.28296051948545,5.46563496690493,6.06649179692149,6.66698377006666,6.70992470863307,6.21177540471637,6.64593937936655,6.62913947084818,6.02111545422947,6.3939292490072,7.11424207482063,6.16037568743582,5.99462045217087,6.20874354104307,6.83152260261822,6.13873871232017,6.92589263618867,6.75954202800836,6.47361971291937,6.27009158251899,6.68372232336338,5.55049549611148,5.54877117044616,6.98697373037196,6.18297815015287,6.50554200461308,5.95467743206378,6.78614726788372,5.97881799137833,5.59682237898656,6.76740959565385,6.10400403468096,6.78821645868211,6.52301517135505,5.65119611496649,6.55807645988333,6.10630313556806,7.46403716444534,6.37874659068949,6.42679779922989,6.36725108625398,7.19872092207392,6.23620233568925,5.97341510429364,6.18320806024158,6.43599420277829,6.53048724923813,6.3539163011088,7.03985305077527,6.69452809753276,6.10894710158823,6.14734208640281,6.72591082464168,6.07561013872527,6.18907076750368,5.96502338605573,6.06296508384621,6.43576429268958,6.61555398206085,6.20516447371339,6.9901924716139,6.75706364166189,6.26068776013687,7.12813852483994,6.25976811978203,5.89329143837819,6.03388145762439,6.60267901709309,6.35138729013299,4.79144733823521,4.9167483365822,5.66786459639797,6.36299774961285,5.87030042950718,6.17780517315689,6.11837341522534,7.08089200161002,7.54519542575999,6.46634233448802,6.34046656091926,6.83454334155719,6.3961048023871,6.37115955776205,6.09848619255192,5.40749142093382,6.27218326457237,5.59624760376479,6.06124075818089,5.58739606534945,6.10526854016886,6.50726633027841,6.46174413271382,6.33943196552007,6.45427205483074,6.45358232456461,6.68199799769806,6.00468287635821,6.9513376666219,7.71245501529656,6.86351201273465,6.50485227434696,6.15941236606009,6.30218653114903,6.46576755926624,6.28689751024982,6.50749624036712,6.9753632708921,6.55922601032689,5.79029171863608,6.97938669744452,5.90018874103949,5.88880819164834,7.55956480630437,6.04089371533005,6.2122916864634,5.93777904054358,5.61958347776886,5.88949792191447,5.9791628565114,6.06687355535429,5.79121135899092,6.34219088658459,6.7869519531942,6.22309746063277,5.60751319811158,6.7411998455409,5.93674444514439,7.92040869053481,7.44449480690498,7.09491651702133,6.66383510068996,6.7616618434361,7.14319763565044,6.61176046559713,6.65923689891576,6.55669699935107,5.52210160015579,6.08837014864868,6.6029089271818,6.61474929675037,5.87443881110396,7.15572773548514,6.510370116476,6.60279397213744,5.15642960406244,6.30988851912082,6.13895036816489,6.20964772044324,6.49531100566549,6.04376759143892,5.78190000039816,6.71728919631505,5.779256034378,5.67568153941411,5.14412941431645,6.12733990868503,7.25780781487241,5.8592647452491,6.00962594326548,6.38437938786288,6.0351459631123,5.95801112835007,6.60842676931084,6.52853301348409,6.23010971833843,7.23907014264254,6.85730444033948,6.74602795740381,7.32643597635236,6.5080710155889,6.29425463308854,5.48175237958718,6.94616468962592,6.41737148559278
"PHKB",5.76660576194779,5.06910492948878,5.82220752240435,4.78969274019328,5.28972751296122,4.8177971889817,5.49085568905763,4.8525532290195,5.10121723627157,5.459077459115,5.73027584003681,4.5849083986427,5.06392567974899,4.56906570642095,3.47175974165338,7.06251031663497,5.63397168379784,5.41156860992317,5.28099341970781,4.34673710091168,5.6751892725979,5.19305810298088,5.11252082713691,6.16542560042572,5.52106644560291,4.5703171968938,4.80627249481596,4.93147505195489,4.07183988093139,5.35228183159629,5.07233307995253,4.65397144818708,4.90848149165395,5.95951052091755,5.94846068248773,5.3790663992809,6.00045302527588,5.69205888888713,5.57163737495861,5.73469065509595,5.67346314327796,4.73687542290827,4.61702219063095,5.39764212114439,5.24528648425655,5.15829258863142,5.52253602336517,4.99880026103664,5.57722033976174,4.29125728145404,5.72565664241429,6.24902051028597,5.56098085045422,5.30038001818031,3.88192774604545,5.80538589469487,4.76543843471054,4.70884632105501,4.12756446793602,5.74367354218478,5.16373912034331,5.87046682539873,5.33257225941565,5.47742112174827,4.35164228938639,4.62193700365544,5.60044159738518,5.33755775514245,4.87848791889386,5.60347331775958,4.29127736815382,5.15578927580598,6.37413663693298,5.9205912689222,5.65716845416846,6.16258992636349,4.78645836263974,5.26776081496729,5.80120885773457,4.62436237995496,6.137931933985,5.58993163342058,4.83132782418092,5.97933927262176,5.41746042989895,5.45208941373103,4.72164691819138,5.51999995011767,4.01478447000821,5.25253484153139,6.05142684596869,4.86474411986323,5.08518387686431,5.16306540470455,5.65366513284693,5.20321885677443,4.71814359686985,5.00891926655709,4.34665679365959,4.54998417343626,5.63601378311152,5.9205912689222,5.37299519774103,5.08235427118154,5.51514919751862,4.92443532545705,4.88387764400391,5.93029277412029,5.48267610373057,5.34106107646398,5.46893230469994,5.68950680482877,4.94599422589725,4.01505395626371,5.12291195263467,5.5760530912622,4.77460096739763,5.60125005615169,5.39401512567023,5.64679323333162,5.28918497227974,5.87639552301978,5.85685776949585,5.31572936844674,5.37690274844582,6.16622799081277,5.52309904205595,5.64652374707611,4.45216066268884,5.13773369668731,5.78086264544413,5.43699818342289,4.94545525338624,5.10916815360404,5.61135579073303,5.65945908734024,5.88515382632362,5.74165239526851,5.55772802588802,5.5282192809105,5.44723866113198,5.29578738553955,5.82303724443028,4.05803701401637,4.99288483435469,4.82068311708857,5.49022171888464,4.47627968255631,5.93649095799685,6.12499659372088,6.18145396424867,4.42426883524432,5.16562552413182,5.90738644240258,5.40978007161713,5.73073820192066,4.88482084589817,5.55745853963252,5.41328339293866,4.69159920070285,5.51029844491958,5.15444184452847,5.49466824210043,5.0412576172174,5.1795040662902,4.52707784171854,5.3058931201209,5.52687184963298,5.79986142645706,5.13786843981506,4.6176252235674,4.68486204431528,4.74253210299283,5.36221574752093,5.82559736385755,4.93305888563313,4.90125950748383,5.97556646504472,5.92261241583847,5.7027116313484,5.68236541905795,4.75614115889571,5.28285204527543,4.6759689978837,4.90018156246182,5.61243373575504,4.85962388100868,5.57780475192297,4.6972584120684,3.12359342306129,5.59330021161436,5.09030411571886,5.80430794967285,5.12964910902223,5.20241039800792,6.0530437635017,5.14150650426435,4.92820813303408,5.35157104042858,3.10068709134358,5.69341435553356,4.36888940973855,5.90267043293128,5.54492742875166,5.15417235827297,5.46623744214491,5.47270511227697,5.53118362972103
"SLC3A2",7.44099371144712,7.64806272074343,8.4175951691351,7.42070134313325,8.42312011318553,9.3263598225957,9.88624376157376,8.73680779076608,8.37617315265542,7.08479776017744,8.32346014461094,8.04464547614195,8.01113778318899,7.84869178757378,6.66264701528478,8.81140359529138,9.40628155021425,7.7571899684566,8.29712720566793,10.1761606797793,6.86299682431827,7.91071467606472,7.40771813775218,9.85486370929465,7.70347450680552,7.59603317609284,8.32108477354088,9.26692939790338,7.83045182524232,8.11639594931123,7.99890629319962,6.26997193963339,8.00382145750274,7.04181244695049,7.17950109787073,7.90136170632251,8.12791696259996,7.50795316940504,7.64758074453974,7.94134697485921,8.76862434583318,9.11137305621654,8.95887166801946,8.01750996866275,7.96970884312828,9.11743012258495,7.55810688339905,7.89923606382604,7.40071723068006,7.60990267485939,8.59235238201851,9.05824613434801,8.48963123892654,7.94858332761235,8.49274918884557,7.04162701481674,8.4405819253936,8.571083954222,5.89545688244603,6.65951439056085,7.21272221970743,7.48127459522705,7.27914741690029,8.12741060428485,8.45853014786743,7.71443374698986,8.63046405474288,8.2330870543644,7.27277328181613,7.98885703640278,9.75398923352512,10.2050431609281,7.87697419163602,7.9610121305088,8.24818369009004,8.3090734541835,8.16498445320202,8.64656713285024,8.9854027346926,8.37348576661294,8.2785447019383,8.23577090071562,7.06963966110767,7.72466591120391,7.86305173868903,8.61519967862028,7.8950901545068,8.83644926219952,8.43739485785152,7.07920086373391,7.62217652866644,8.08832709179511,7.95748958217282,8.5970837157495,8.08530776464998,8.55581957809939,8.07289497527556,7.78035572299186,9.00888639026583,8.97449960889074,7.88200640354457,6.9872791262044,7.36352083656698,8.30337028068714,7.6632729259196,7.49888733690697,8.49342015043338,6.7349975691891,9.24942611949452,8.81766233774094,7.81189091761877,7.67182768616413,7.33114693995531,8.37046643946781,6.85325454904002,7.80199423419862,6.97369215405132,6.65431443825535,7.87194197972747,9.4344437773322,8.83326219465744,7.67182768616413,7.92662534913371,8.55800020325976,7.89928366443059,9.06994389475624,8.25975777747971,8.12992671023913,8.68632160692779,7.81356832158829,7.70017581324896,9.19910400040902,8.35285369778788,8.31360244490119,8.27183508606023,8.39294365265933,9.28498708364827,8.50801356496817,7.73355615224235,8.57561294493969,9.15918178593452,8.98456403270784,6.44900019238652,9.17612356602664,7.33030823797055,7.91974799285869,8.92417748980525,7.25029606862461,7.14713572449934,8.20222282132529,8.26512547018216,8.07943685075667,7.64196989550674,8.11399137252872,7.31823092939003,7.8201101970694,8.15827483732395,7.08775562397845,9.00637028431156,10.0877926234589,8.03381146278582,9.2474132347311,9.33430276035206,8.6727346347747,7.0074079738386,8.93625479838576,7.95497347621854,8.36291812160498,8.37566639177331,8.85305556149774,6.75680382079282,8.81648815496228,8.7938432013738,8.86630705285692,6.75680382079282,9.02129917964026,8.52545856625114,7.8999546260184,7.75351725947959,8.20557762926432,8.0973850732305,8.31729273363413,8.24919013247176,7.6077508545286,7.97929583377653,7.97510232385274,7.65018917495737,8.33876350444394,8.50818130536512,7.16340654300365,7.99590213307475,7.55960936060347,8.2035647445009,7.96839270797467,7.68205985037819,8.08027555274143,8.07440463884812,7.9908699211662,7.870096835361,8.86211354293313,7.23821876004409,9.26234213005979,7.85298731487193,9.21738770367675,9.3133352107331,7.11694245304804,8.73328891807425,9.25060030227318
"PPARGC1A",3.09323056314516,1.25895302467422,1.42425028608405,0.202355028413304,0.206023006855883,0.843827912035173,0.104265529840664,1.67910396451155,4.57338058614021,0.55166169478699,2.67208131719795,1.37886115701414,3.43015946662636,4.09330663437189,0.293316330620566,0.768876228910892,2.23340340008339,3.34255047882558,2.29819493665119,3.04739006343389,0.439825233674416,0.268205604366955,2.28707625318645,5.9154444138979,3.71255176162017,0.028785540224208,1.61520910685785,3.08901502473952,2.98183986985932,0.785596583333969,2.0652724369793,0.283317313483291,2.41338827789742,3.85157915563422,0.848209287691631,0,3.44226941740272,4.6449868195378,1.14524050511063,2.29435901843354,0.529673047092646,2.41290343807809,2.84660162685487,0.828582028811406,1.39966330388802,0,1.83359853245774,2.07057137077981,0.155193545626719,2.58829847983313,2.34563765603734,0.552562007531305,3.48725479982342,0.42562150484376,3.58475685207664,1.82474091831852,0.771907290757366,1.34584369897765,-0.48580981433781,-0.528672966106291,0.799487758886944,2.79041549075158,1.12448357814545,1.91619822822007,1.96634453391022,1.1581532405374,3.83572717245922,4.33086224316642,1.24340196021065,2.68057120209698,4.49312136086381,4.77441825659234,0.723313132624298,3.40076766858018,0.0812016278586005,3.37820183101962,0.447508451328507,2.36870893909066,2.23773156446664,1.67860025602153,4.74027101033666,3.50356759524498,2.88843957877922,2.61836590384801,1.45604617553004,2.5035069846244,1.27934014595525,0.626721796187806,2.42219833182681,-0.237585601171599,2.3205923648213,1.52601221156438,0.757340982914038,3.04771379732839,0.822889368209012,2.06986083637059,2.04574285125294,0.890348088958848,1.59239636862086,2.26805813981258,2.07415909114403,3.28280445424242,1.81745776439686,-0.281881504531226,-1.12983165455837,0.0832313592793916,2.93058635475212,2.80522059052676,2.57777127543218,0.97691016425731,2.13493163780184,3.3256676060109,2.18985378212914,0.626721796187806,2.18054089678669,0.884258894696473,1.56994992702622,3.56828020877845,0.897034263050867,4.61908410491882,2.65191617027404,2.19630116428931,3.7794916725067,0.449657578715228,2.74182133261851,3.48804611967422,2.52571463428718,4.01708964470524,3.95882441333193,1.70498676449182,1.09224666734464,3.10048681426897,2.53132624468584,0.652033740964736,3.19528721121652,2.58051738264855,2.44512235728516,2.2243592162826,0.364170067110126,3.19779452650103,2.56905536991937,2.75674582835962,0.979895063405533,-0.484496458712592,0.513176232589409,2.3928269242083,2.07057721216616,0.522310023982971,2.06078674295999,2.50505913218147,1.5463095257723,-0.413814046882675,0.455269189113886,2.97428527828211,0.00407183386852172,0.631020050961247,1.57078569878772,2.23367210162506,3.3500243830604,0.00705673301674503,1.67430200124809,2.43580947194271,3.17319895751968,3.01786480584616,0.0871714261550458,1.63143884947961,2.72104643454688,0.400585836718444,2.43055604944183,2.84903891002268,1.17570444752895,3.03493842897399,1.94174896492886,2.55878731684949,0.953150367037456,2.52810255360575,1.52386308417766,2.94073501185608,2.66087086771871,4.11594950449438,2.50338758865847,3.47371860376275,3.0015075585139,0.497893548950509,-3.07300100005144,-0.113533192571458,2.47926960354083,-0.992645689706048,-0.190424194629678,-2.87683342803023,2.33038283402747,3.03016259033684,2.59305395907108,0.808323060365684,2.43318276069227,2.37420115352339,3.02574493959747,1.0086694911944,0.791607625135636,0.929271173851674,1.75262575489746,2.30686182873948,2.99135890140994,2.13505103376777,0.639377768576271,0.338858122333196,1.87488722400867,2.89536454480309
"PNPLA6",6.20974187578707,5.67878180689001,5.26165492079251,4.67611505054151,4.95445224970664,5.19220994960664,3.82319907506213,5.46543253608854,5.03912523057099,4.65766858446201,4.41673167082091,5.29684647875668,3.42382823437637,4.93339795583889,4.80677772859486,6.38261192301519,4.87699326424612,6.36033091295689,5.65599860638798,5.04819694353499,5.93680045386161,4.91321495346552,4.87261701742115,5.90620034138166,4.95197471192971,4.82658916182001,5.54318961848216,5.14789277635129,5.0871870055368,4.7160031605131,5.13302504487554,5.15202112702035,5.17366714357589,6.47183451164115,5.87263917793557,5.2948118703517,5.20992119086384,4.9470115128094,5.41006290578068,5.40909218246896,5.16544168035239,5.5298022101078,4.97051778381199,5.37254123339208,6.39388464333314,5.21470378819163,5.26635554143933,5.67811417094979,5.38167791364304,5.85684131348932,4.62321722197901,6.15268843620102,4.83168473392597,5.36150519794804,5.02562110533336,3.3712239364285,5.09998414630966,5.28095827839439,4.69652253402237,4.16864120592683,4.52697961373821,5.91364576941932,4.13591184161363,5.11069338683861,5.31717717052039,4.35924162163308,5.7147426840895,5.32211064087642,5.04234677312576,5.87610326329536,5.18914759835407,4.80108803986122,4.57077920421616,5.49418046061124,3.81066378375125,5.821835089379,5.70415377210581,4.90890241642233,5.65566136836237,5.46566259538246,5.66264042398798,4.83598331798926,5.61523097715195,4.83273444726699,5.57913241357122,5.82207574646953,4.41916523717709,5.07411350907681,5.68815007558503,5.23595540246375,4.69604121984129,5.01828106407195,5.46638456665407,5.00865478045042,6.27715830467727,5.59236855355082,5.25665191225003,5.56312871705043,5.07158660962616,5.02177059188475,5.53737840836284,4.70470487510067,5.76889052946059,4.64730815900731,4.3669426485303,4.50953197467419,4.54815743770557,4.5593479924156,5.40104616657295,4.60627612507054,6.20833037678335,5.76756691546263,4.82984656218053,5.72785849552383,5.23703835937117,5.56445233104839,4.7458572375827,4.87930159428613,5.32403589760073,5.24750694280958,6.01881291798451,5.321027683969,4.8034946107666,5.41921577690859,5.33546710940129,5.73989135005074,4.10943956165443,5.71943549735499,4.63551596157093,5.66119648144475,4.86185395522211,6.41601744591781,5.50946218586041,5.97729956986667,5.28589174875042,6.57653572530679,5.65409709727387,5.429684360347,5.20238373833367,5.46337635302235,5.73435623696836,5.45519401194405,4.2711611264961,5.37264862988944,5.62666218895252,5.73820675041697,6.12109218146325,4.91925067131548,5.43257224543346,5.43064698870915,5.36687285971653,5.28300386366396,5.53749873690811,4.73863752486656,4.90493157442845,5.23667737373536,4.95258167835502,4.87930159428613,4.45550445784836,5.54748600616545,4.7805118586202,5.81834556156619,5.9787435124099,5.54279319289995,5.28264287802816,5.85564741059961,6.69842854166439,6.28979280193053,6.09678581531889,5.08638702069426,5.02983260441778,5.9522712324507,5.90534309979575,4.84693321560875,4.47126749727861,5.17663342964608,5.74025233568655,5.24943219953389,3.3680953942515,6.07368273462722,4.81035333784694,4.9055332171548,4.51975990102206,5.1348794244377,4.94163178073553,5.33955827994044,5.30803220107994,4.40231924083942,5.65349545454752,5.36687285971653,5.81329176266489,5.58803672592113,5.62329298968498,5.921106139226,5.43088764579969,5.12260591282025,5.56914514431389,5.49911393096727,5.54965191998029,5.74759237694796,4.75512253556842,5.50188148750846,5.37312994407052,5.46614390956354,5.00263835318696,5.18012295745888,5.25653158370476,5.35508066228016
"MYO5C",1.70593810264968,0.463798205948518,0.279268026246376,0.100950744069944,1.22502191154748,0.229968079700962,2.68808857832596,0.378742435995745,0.275555405850596,0.293530578565704,0.401833587241688,3.09331846731333,1.65865479338784,1.11785459458862,0.196617115229235,1.45271666448664,0.381401884618228,4.76416565827163,0.120409009969426,3.63348933549578,0.328687132969974,0.250281285504876,2.09413470597761,0.241978041282035,4.41925571796913,0.531439853391148,0.785391522201415,0.458956237885896,0.0994823890300772,0.404808319582809,0.393398626614487,0.404819216745933,0.425673061314041,3.97337249018938,0.688444474075656,2.49533700237943,4.1521428477579,2.6402946884566,1.64962465549651,2.22999391197597,0.100931911213012,1.62396047951867,1.6254949431031,1.26147063901278,3.82141429956716,0.474526379222744,0.557096346780553,1.07958632891695,0.0468123217923792,0.293094986143661,0.398903042163055,0.104328607540873,2.48460734979124,0.262280400673923,2.78146396479308,1.41129955688097,-0.0236651973588804,1.16040590827873,-0.637825564780811,-2.14651055107771,0.0362379568037317,3.65631236514748,-0.750635884298721,0.451362442657626,2.13337305165569,0.431598774276968,3.2533434098463,2.49244217719099,0.25792335213544,1.88414095039519,3.31062306820616,2.07618084315591,1.93722301547067,0.885638447871536,2.70608218539429,2.55785467253936,1.67758438085929,0.979909397050071,1.16285450436129,0.548344337498992,2.09550726223611,0.382889202206056,1.04602149127917,2.99422947439546,1.38838769353702,2.76458614179544,1.66945154387079,2.2431226260704,2.77193193004312,1.80429922813173,1.738536933343,-1.21971693382901,3.85307455035314,1.84977315537926,0.588308923560763,3.33904427273587,2.14404193458684,2.66786659653435,0.0260063231730363,0.515812989544989,0.658443711354069,3.35102490356839,1.97543860433061,-0.353613519483747,-0.353875869064022,0.0335270111408983,-0.323618217472395,0.757436952977539,2.5777932406402,0.317389256997595,3.10056850426661,2.77193193004312,-0.381160225412539,-0.913117724348549,1.71684936804033,0.0323901629597094,0.757262053257355,3.16152105675032,1.52769532066262,1.91544800030791,2.48719518558551,0.672085889528328,-0.511110717508365,-1.0692157246117,2.7985166875109,3.33624587721294,1.75454025773972,2.83297193238692,1.86822507585855,1.9715033606265,1.36766207669535,2.80831107184114,3.00734695340918,1.06228716525617,1.28755800485163,0.687039815603958,2.87827095991426,1.02861896912098,0.746593170326203,0.318176305738417,0.0315156643587959,1.5828761823803,3.4007838739604,1.41471010142453,0.156306614709229,0.725605203904268,2.12287906844472,0.815153860637865,0.116691828087822,1.95270164070685,2.43603701743204,0.63238365304683,2.44985409532648,3.17026604275946,0.0397359512073872,-0.450595414325115,0.912660454639781,0.688526463225512,-0.503152780240048,2.25449110788228,1.75104226333607,1.93118897512436,1.20246929098269,2.24014933082729,-0.161223827282659,0.48030834634788,2.57656894259892,0.0398234010674783,1.20369358902397,0.868148475853256,-1.32282031887678,-0.896414801071091,1.46088362755279,2.31308251414352,-1.37555258451189,-0.368917244999743,0.750528414030317,3.58119293532897,1.06281186441672,0.674534485610887,1.41409795240389,0.965305270414806,0.571431100563124,0.885638447871536,-1.25627097534722,1.39101118933976,0.873745266899105,3.02291302850545,1.20063284392077,-1.12973102779496,2.07513144483481,0.98550618809592,0.907151113454021,-1.01202351611193,-0.183261192025693,1.59188351796971,1.36626287893389,0.147211829259722,1.75961234962503,-1.03825847413935,1.31178161609695,1.72183401006554,2.60359094936716,3.1616959564705,1.08572372776067,0.42058009190545,1.29639044072086,1.08196338377674
