"symbol","entrez","mapped"
"TSPAN6","7105",TRUE
"DPM1","8813",TRUE
"SCYL3","57147",TRUE
"FIRRM","55732",TRUE
"FGR","2268",TRUE
"CFH","3075",TRUE
"FUCA2","2519",TRUE
"GCLC","2729",TRUE
"NFYA","4800",TRUE
"STPG1","90529",TRUE
"NIPAL3","57185",TRUE
"LAS1L","81887",TRUE
"ENPP4","22875",TRUE
"SEMA3F","6405",TRUE
"CFTR","1080",TRUE
"ANKIB1","54467",TRUE
"CYP51A1","1595",TRUE
"KRIT1","889",TRUE
"RAD52","5893",TRUE
"BAD","572",TRUE
"LAP3","51056",TRUE
"CD99","4267",TRUE
"HS3ST1","9957",TRUE
"AOC1","26",TRUE
"WNT16","51384",TRUE
"HECW1","23072",TRUE
"MAD1L1","8379",TRUE
"LASP1","3927",TRUE
"SNX11","29916",TRUE
"TMEM176A","55365",TRUE
"M6PR","4074",TRUE
"KLHL13","90293",TRUE
"CYP26B1","56603",TRUE
"ICA1","3382",TRUE
"DBNDD1","79007",TRUE
"ALS2","57679",TRUE
"CASP10","843",TRUE
"CFLAR","8837",TRUE
"TFPI","7035",TRUE
"NDUFAF7","55471",TRUE
"RBM5","10181",TRUE
"MTMR7","9108",TRUE
"SLC7A2","6542",TRUE
"ARF5","381",TRUE
"SARM1","23098",TRUE
"POLDIP2","26073",TRUE
"PLXND1","23129",TRUE
"AK2","204",TRUE
"CD38","952",TRUE
"FKBP4","2288",TRUE
"KDM1A","23028",TRUE
"RBM6","10180",TRUE
"CAMKK1","84254",TRUE
"RECQL","5965",TRUE
"VPS50","55610",TRUE
"HSPB6","126393",TRUE
"ARHGAP33","115703",TRUE
"NDUFAB1","4706",TRUE
"PDK4","5166",TRUE
"SLC22A16","85413",TRUE
"ZMYND10","51364",TRUE
"ABCB5","340273",TRUE
"ARX","170302",TRUE
"SLC25A13","10165",TRUE
"ST7","7982",TRUE
"CDC27","996",TRUE
"CALCR","799",TRUE
"HCCS","3052",TRUE
"DVL2","1856",TRUE
"PRSS22","64063",TRUE
"UPF1","5976",TRUE
"SKAP2","8935",TRUE
"SLC25A5","292",TRUE
"MCUB","55013",TRUE
"HOXA11","3207",TRUE
"POLR2J","5439",TRUE
"DHX33","56919",TRUE
"MEOX1","4222",TRUE
"THSD7A","221981",TRUE
"LIG3","3980",TRUE
"RPAP3","79657",TRUE
"ACSM3","6296",TRUE
"REXO5","81691",TRUE
"CIAPIN1","57019",TRUE
"SPPL2B","56928",TRUE
"ATOSB","80256",TRUE
"COPZ2","51226",TRUE
"PRKAR2B","5577",TRUE
"MSL3","10943",TRUE
"CREBBP","1387",TRUE
"TSPOAP1","9256",TRUE
"MPO","4353",TRUE
"PON1","5444",TRUE
"GCFC2","6936",TRUE
"WDR54","84058",TRUE
"CROT","54677",TRUE
"KMT2E","55904",TRUE
"RHBDD2","57414",TRUE
"SOX8","30812",TRUE
"IBTK","25998",TRUE
"ZNF195","7748",TRUE
"MYCBP2","23077",TRUE
"FBXL3","26224",TRUE
"ITGAL","3683",TRUE
"PDK2","5164",TRUE
"ITGA3","3675",TRUE
"ZFX","7543",TRUE
"LAMP2","3920",TRUE
"ITGA2B","3674",TRUE
"GDE1","51573",TRUE
"REX1BD","55049",TRUE
"CRLF1","9244",TRUE
"OSBPL7","114881",TRUE
"TMEM98","26022",TRUE
"YBX2","51087",TRUE
"KRT33A","3883",TRUE
"MAP3K14","9020",TRUE
"ABCC8","6833",TRUE
"TMEM132A","54972",TRUE
"AP2B1","163",TRUE
"ZNF263","10127",TRUE
"CX3CL1","6376",TRUE
"SPATA20","64847",TRUE
"CACNA1G","8913",TRUE
"TNFRSF12A","51330",TRUE
"DLX6","1750",TRUE
"MAP3K9","4293",TRUE
"RALA","5898",TRUE
"BAIAP2L1","55971",TRUE
"KDM7A","80853",TRUE
"ETV1","2115",TRUE
"AGK","55750",TRUE
"ALDH3B1","221",TRUE
"TTC22","55001",TRUE
"PHTF2","57157",TRUE
"CCL26","10344",TRUE
"FARP2","9855",TRUE
"USH1C","10083",TRUE
"GGCT","79017",TRUE
"DBF4","10926",TRUE
"TBXA2R","6915",TRUE
"IFRD1","3475",TRUE
"LGALS14","56891",TRUE
"COX10","1352",TRUE
"GTF2IRD1","9569",TRUE
"PAF1","54623",TRUE
"VPS41","27072",TRUE
"ARHGAP44","9912",TRUE
"ELAC2","60528",TRUE
"SCIN","85477",TRUE
"ARSD","414",TRUE
"PNPLA4","8228",TRUE
"ADIPOR2","79602",TRUE
"CDKL3","51265",TRUE
"PRSS21","10942",TRUE
"MARK4","57787",TRUE
"PROM1","8842",TRUE
"CCDC124","115098",TRUE
"CEACAM21","90273",TRUE
"PAFAH1B1","5048",TRUE
"DNAH9","1770",TRUE
"BLTP2","9703",TRUE
"SLC13A2","9058",TRUE
"GAS7","8522",TRUE
"TRAPPC6A","79090",TRUE
"MATK","4145",TRUE
"CEACAM7","1087",TRUE
"CD79B","974",TRUE
"ST7L","54879",TRUE
"PAX6","5080",TRUE
"RPUSD1","113000",TRUE
"RHBDF1","64285",TRUE
"LUC7L","55692",TRUE
"CACNA2D2","9254",TRUE
"BAIAP3","8938",TRUE
"TSR3","115939",TRUE
"PIGQ","9091",TRUE
"CRAMP1","57585",TRUE
"TEAD3","7005",TRUE
"SELE","6401",TRUE
"DNAJC11","55735",TRUE
"FMO3","2328",TRUE
"MYLIP","29116",TRUE
"E2F2","1870",TRUE
"PSMB1","5689",TRUE
"SYN1","6853",TRUE
"JARID2","3720",TRUE
"CDKL5","6792",TRUE
"CAMK1G","57172",TRUE
"CDK11A","728642",TRUE
"NADK","65220",TRUE
"TFAP2B","7021",TRUE
"DLEC1","9940",TRUE
"CYTH3","9265",TRUE
"ADAM22","53616",TRUE
"SYPL1","6856",TRUE
"CYB561","1534",TRUE
"SPAG9","9043",TRUE
"CELSR3","1951",TRUE
"AASS","10157",TRUE
"PLEKHG6","55200",TRUE
"SS18L2","51188",TRUE
"MPND","84954",TRUE
"MGST1","4257",TRUE
"CRY1","1407",TRUE
"NFIX","4784",TRUE
"ST3GAL1","6482",TRUE
"MMP25","64386",TRUE
"IL32","9235",TRUE
"PKD1","5310",TRUE
"MAPK8IP2","23542",TRUE
"MED24","9862",TRUE
"RHOBTB2","23221",TRUE
"HEATR5B","54497",TRUE
"SEC62","7095",TRUE
"RPS20","6224",TRUE
"CSDE1","7812",TRUE
"UBE3C","9690",TRUE
"REV3L","5980",TRUE
"TENM1","10178",TRUE
"PAX7","5081",TRUE
"MASP2","10747",TRUE
"IYD","389434",TRUE
"FAM76A","199870",TRUE
"TRAF3IP3","80342",TRUE
"POMT2","29954",TRUE
"VTA1","51534",TRUE
"MLXIPL","51085",TRUE
"BAZ1B","9031",TRUE
"RANBP9","10048",TRUE
"ETV7","51513",TRUE
"SPRTN","83932",TRUE
"METTL13","51603",TRUE
"DYRK4","8798",TRUE
"ZNF207","7756",TRUE
"UQCRC1","7384",TRUE
"STARD3NL","83930",TRUE
"CD9","928",TRUE
"HHATL","57467",TRUE
"NCAPD2","9918",TRUE
"IFFO1","25900",TRUE
"GIPR","2696",TRUE
"PHF7","51533",TRUE
"SEMA3G","56920",TRUE
"NISCH","11188",TRUE
"STAB1","23166",TRUE
"FUZ","80199",TRUE
"IDS","3423",TRUE
"PRSS3","5646",TRUE
"ZNF200","7752",TRUE
"CD4","920",TRUE
"LRRC23","10233",TRUE
"BTK","695",TRUE
"HFE","3077",TRUE
"SCMH1","22955",TRUE
"FYN","2534",TRUE
"HIVEP2","3097",TRUE
"ELOA","6924",TRUE
"LYPLA2","11313",TRUE
"CLCN6","1185",TRUE
"MRC2","9902",TRUE
"TSPAN9","10867",TRUE
"BTBD7","55727",TRUE
"APBA3","9546",TRUE
"MKS1","54903",TRUE
"ABHD5","51099",TRUE
"ANOS1","3730",TRUE
"AKAP8L","26993",TRUE
"MBTD1","54799",TRUE
"UTP18","51096",TRUE
"RNF216","54476",TRUE
"TTC19","54902",TRUE
"PTBP1","5725",TRUE
"DPF1","8193",TRUE
"SYT7","9066",TRUE
"LARS2","23395",TRUE
"PIK3C2A","5286",TRUE
"PLAUR","5329",TRUE
"ANLN","54443",TRUE
"WIZ","58525",TRUE
"RABGAP1","23637",TRUE
"DCN","1634",TRUE
"QPCTL","54814",TRUE
"PPP5C","5536",TRUE
"CEP68","23177",TRUE
"MAP4K3","8491",TRUE
"ZBTB32","27033",TRUE
"LDAF1","57146",TRUE
"GABRA3","2556",TRUE
"BRCA1","672",TRUE
"ERCC1","2067",TRUE
"CD22","933",TRUE
"SEMA3B","7869",TRUE
"MBTPS2","51360",TRUE
"PRICKLE3","4007",TRUE
"LTF","4057",TRUE
"EXTL3","2137",TRUE
"ELOVL5","60481",TRUE
"ALOX5","240",TRUE
"CALCOCO1","57658",TRUE
"UBR7","55148",TRUE
"MAP4K5","11183",TRUE
"EHD3","30845",TRUE
"PSMC4","5704",TRUE
"MAN2B2","23324",TRUE
"CLDN11","5010",TRUE
"SLC25A39","51629",TRUE
"MVP","9961",TRUE
"NUB1","51667",TRUE
"PGM3","5238",TRUE
"RWDD2A","112611",TRUE
"CLK1","1195",TRUE
"POLR3B","55703",TRUE
"ANGEL1","23357",TRUE
"RNF14","9604",TRUE
"DNASE1L1","1774",TRUE
"DDX11","1663",TRUE
"HEBP1","50865",TRUE
"GPRC5A","9052",TRUE
"MAMLD1","10046",TRUE
"CD6","923",TRUE
"TACC3","10460",TRUE
"UFL1","23376",TRUE
"POLA2","23649",TRUE
"ZC3H3","23144",TRUE
"CAPN1","823",TRUE
"ACP3","55",TRUE
"MDH1","4190",TRUE
"SLC30A9","10463",TRUE
"MTMR11","10903",TRUE
"COX15","1355",TRUE
"CCDC88C","440193",TRUE
"YAF2","10138",TRUE
"ZMYND11","10771",TRUE
"WAS","7454",TRUE
"DPEP1","1800",TRUE
"BID","637",TRUE
"MATR3","9782",TRUE
"NPC1L1","29881",TRUE
"XYLT2","64132",TRUE
"RGPD5","84220",TRUE
"NUDCD3","23386",TRUE
"ISL1","3670",TRUE
"CHDH","55349",TRUE
"IL20RA","53832",TRUE
"CLCA1","1179",TRUE
"CLCA4","22802",TRUE
"GLT8D1","55830",TRUE
"ATP2C1","27032",TRUE
"SLC38A5","92745",TRUE
"RALBP1","10928",TRUE
"RUFY3","22902",TRUE
"CNTN1","1272",TRUE
"SLC11A1","6556",TRUE
"WWTR1","25937",TRUE
"AGPS","8540",TRUE
"STEEP1","63932",TRUE
"ATP1A2","477",TRUE
"TTC27","55622",TRUE
"ZNF582","147948",TRUE
"VSIG2","23584",TRUE
"PHLDB1","23187",TRUE
"MARCO","8685",TRUE
"CYP24A1","1591",TRUE
"PRDM11","56981",TRUE
"SYT13","57586",TRUE
"SNAI2","6591",TRUE
"CD74","972",TRUE
"HGF","3082",TRUE
"ZRANB1","54764",TRUE
"NCDN","23154",TRUE
"ADGRA2","25960",TRUE
"ZFP64","55734",TRUE
"MNAT1","4331",TRUE
"SAMD4A","23034",TRUE
"RUNX3","864",TRUE
"MRE11","4361",TRUE
"PLEKHB1","58473",TRUE
"SERPINB1","1992",TRUE
"SLC7A9","11136",TRUE
"SPAST","6683",TRUE
"NRXN3","9369",TRUE
"OSBPL5","114879",TRUE
"AQR","9716",TRUE
"CPS1","1373",TRUE
"FHL1","2273",TRUE
"RTF2","51507",TRUE
"GABRA1","2554",TRUE
"NLRP2","55655",TRUE
"SLC45A4","57210",TRUE
"RNF10","9921",TRUE
"ZNF839","55778",TRUE
"ZDHHC6","64429",TRUE
"GRAMD1B","57476",TRUE
"RNH1","6050",TRUE
"NDUFS1","4719",TRUE
"RB1CC1","9821",TRUE
"ERP44","23071",TRUE
"ALAS1","211",TRUE
"BIRC3","330",TRUE
"AKAP11","11215",TRUE
"GLRX2","51022",TRUE
"SNAPC1","6617",TRUE
"DERA","51071",TRUE
"STRAP","11171",TRUE
"ABCC2","1244",TRUE
"DEF6","50619",TRUE
"PLEKHO1","51177",TRUE
"GCLM","2730",TRUE
"UBR2","23304",TRUE
"EHD2","30846",TRUE
"DEPDC1","55635",TRUE
"CCDC28A","25901",TRUE
"RRAGD","58528",TRUE
"HSF2","3298",TRUE
"PHF20","51230",TRUE
"HSD17B6","8630",TRUE
"NR1H3","10062",TRUE
"TYMP","1890",TRUE
"NCAPH2","29781",TRUE
"TOMM34","10953",TRUE
"SEC63","11231",TRUE
"KPNA6","23633",TRUE
"VIM","7431",TRUE
"FAS","355",TRUE
"RNASET2","8635",TRUE
"CD44","960",TRUE
"KCNG1","3755",TRUE
"AGPAT4","56895",TRUE
"SLAMF7","57823",TRUE
"BTN3A1","11119",TRUE
"MIPEP","4285",TRUE
"PRKCH","5583",TRUE
"INSRR","3645",TRUE
"IFNGR1","3459",TRUE
"B4GALT7","11285",TRUE
"SH2D2A","9047",TRUE
"VRK2","7444",TRUE
"TNFRSF1B","7133",TRUE
"VEZT","55591",TRUE
"POU2F2","5452",TRUE
"BRD9","65980",TRUE
"SNX1","6642",TRUE
"TBPL1","9519",TRUE
"BMAL2","56938",TRUE
"BCLAF1","9774",TRUE
"SLC39A9","55334",TRUE
"ANK1","286",TRUE
"IBSP","3381",TRUE
"TFB1M","51106",TRUE
"RABEP1","9135",TRUE
"HMGB3","3149",TRUE
"NUP160","23279",TRUE
"BAK1","578",TRUE
"MUSK","4593",TRUE
"IKZF2","22807",TRUE
"GRN","2896",TRUE
"FAM13B","51306",TRUE
"ARHGAP31","57514",TRUE
"CENPQ","55166",TRUE
"SARS1","6301",TRUE
"RANBP3","8498",TRUE
"ARID4A","5926",TRUE
"EIPR1","7260",TRUE
"PNPLA6","10908",TRUE
"IFT88","8100",TRUE
"ALG1","56052",TRUE
"ZCCHC8","55596",TRUE
"ABCF2","10061",TRUE
"CHPF2","54480",TRUE
"LRRC7","57554",TRUE
"FUT8","2530",TRUE
"UBA6","55236",TRUE
"GAB2","9846",TRUE
"ATP6V0A1","535",TRUE
"PIAS1","8554",TRUE
"SLC4A7","9497",TRUE
"APBA2","321",TRUE
"MAP2K3","5606",TRUE
"CLXN","79645",TRUE
"TMSB10","9168",TRUE
"ASTE1","28990",TRUE
"RNF19A","25897",TRUE
"PEX3","8504",TRUE
"GABARAPL2","11345",TRUE
"SH3YL1","26751",TRUE
"FAM136A","84908",TRUE
"VCL","7414",TRUE
"DEPDC1B","55789",TRUE
"DAPK2","23604",TRUE
"NSMAF","8439",TRUE
"ADSS2","159",TRUE
"STAP1","26228",TRUE
"TIMP2","7077",TRUE
"RFC1","5981",TRUE
"TBC1D23","55773",TRUE
"CUL3","8452",TRUE
"MYOM2","9172",TRUE
"CYP46A1","10858",TRUE
"ZZZ3","26009",TRUE
"SLC18A1","6570",TRUE
"USP2","9099",TRUE
"TUBG2","27175",TRUE
"RPL26L1","51121",TRUE
"FLT4","2324",TRUE
"NSUN2","54888",TRUE
"FBXO42","54455",TRUE
"MFAP3","4238",TRUE
"MRI1","84245",TRUE
"METTL1","4234",TRUE
"HOXC8","3224",TRUE
"AGA","175",TRUE
"PI4K2B","55300",TRUE
"BOD1L1","259282",TRUE
"MAT2B","27430",TRUE
"TLL1","7092",TRUE
"EDC4","23644",TRUE
"TRIO","7204",TRUE
"VCAN","1462",TRUE
"CLEC16A","23274",TRUE
"MSR1","4481",TRUE
"CDH1","999",TRUE
"MTREX","23517",TRUE
"DNAH5","1767",TRUE
"ZFYVE16","9765",TRUE
"RIPOR1","79567",TRUE
"RAI14","26064",TRUE
"SOX30","11063",TRUE
"PNKP","11284",TRUE
"BEST2","54831",TRUE
"PHLPP2","23035",TRUE
"SPDL1","54908",TRUE
"STAU2","27067",TRUE
"SLC66A1","54896",TRUE
"CTNS","1497",TRUE
"RTN4R","65078",TRUE
"PHF23","79142",TRUE
"CDH10","1008",TRUE
"INPP4A","3631",TRUE
"RAB27B","5874",TRUE
"PSMA4","5685",TRUE
"MYO16","23026",TRUE
"LSG1","55341",TRUE
"PARP3","10039",TRUE
"TNC","3371",TRUE
"THAP3","90326",TRUE
"RIPOR3","140876",TRUE
"TDP1","55775",TRUE
"AIFM2","84883",TRUE
"SPATA7","55812",TRUE
"MED17","9440",TRUE
"RETSAT","54884",TRUE
"CAPG","822",TRUE
"AP2S1","1175",TRUE
"TG","7038",TRUE
"ADAM28","10863",TRUE
"BARX2","8538",TRUE
"DCUN1D1","54165",TRUE
"JADE2","23338",TRUE
"ZIC2","7546",TRUE
"TRIT1","54802",TRUE
"ADRB1","153",TRUE
"CUL7","9820",TRUE
"CTNNA1","1495",TRUE
"PHKA2","5256",TRUE
"CNTLN","54875",TRUE
"EPHA3","2042",TRUE
"HSPA5","3309",TRUE
"DSG2","1829",TRUE
"GEMIN8","54960",TRUE
"OFD1","8481",TRUE
"GPM6B","2824",TRUE
"MAGEC2","51438",TRUE
"PREX2","80243",TRUE
"WDR37","22884",TRUE
"YTHDC2","64848",TRUE
"CTPS2","56474",TRUE
"ATP6V1H","51606",TRUE
"POLR2B","5431",TRUE
"ATOSA","56204",TRUE
"ARAP2","116984",TRUE
"TPR","7175",TRUE
"CP","1356",TRUE
"KATNIP","23247",TRUE
"DTNBP1","84062",TRUE
"XK","7504",TRUE
"ANO2","57101",TRUE
"FERRY3","57102",TRUE
"SCML1","6322",TRUE
"WWC3","55841",TRUE
"ARHGAP6","395",TRUE
"FAM184B","27146",TRUE
"MAP4","4134",TRUE
"GOPC","57120",TRUE
"ROS1","6098",TRUE
"USP28","57646",TRUE
"HDAC9","9734",TRUE
"TSPAN17","26262",TRUE
"NOP16","51491",TRUE
"CC2D2A","57545",TRUE
"RRM2B","50484",TRUE
"ZNF800","168850",TRUE
"TNFRSF17","608",TRUE
"SNX29","92017",TRUE
"LMO3","55885",TRUE
"MRPS10","55173",TRUE
"RSF1","51773",TRUE
"VPS13D","55187",TRUE
"CELF2","10659",TRUE
"FAM120A","23196",TRUE
"R3HDM1","23518",TRUE
"COL9A2","1298",TRUE
"KITLG","4254",TRUE
"ERCC8","1161",TRUE
"ADAMTS6","11174",TRUE
"H6PD","9563",TRUE
"VAMP3","9341",TRUE
"PER3","8863",TRUE
"UTS2","10911",TRUE
"TNFRSF9","3604",TRUE
"EPN3","55040",TRUE
"LTBP1","4052",TRUE
"RCN1","5954",TRUE
"ELN","2006",TRUE
"RFC2","5982",TRUE
"ARID1B","57492",TRUE
"CLPTM1L","81037",TRUE
"NEDD4L","23327",TRUE
"FOXP3","50943",TRUE
"PPP1R3F","89801",TRUE
"HEXB","3074",TRUE
"PTCD2","79810",TRUE
"NEXMIF","340533",TRUE
"JKAMP","51528",TRUE
"DKK3","27122",TRUE
"ARHGEF5","7984",TRUE
"NFE2L3","9603",TRUE
"MCUR1","63933",TRUE
"LIMA1","51474",TRUE
"LETMD1","25875",TRUE
"SLC4A8","9498",TRUE
"LAMC3","10319",TRUE
"PTGER3","5733",TRUE
"TNIP3","79931",TRUE
"MAPK9","5601",TRUE
"COL23A1","91522",TRUE
"BCAR1","9564",TRUE
"FHIP1B","84067",TRUE
"HERPUD1","9709",TRUE
"HOMER3","9454",TRUE
"RAD51","5888",TRUE
"POLQ","10721",TRUE
"PIK3CB","5291",TRUE
"CYBA","1535",TRUE
"THOC3","84321",TRUE
"HEBP2","23593",TRUE
"MPHOSPH9","10198",TRUE
"PLEKHA5","54477",TRUE
"PRSS8","5652",TRUE
"SIKE1","80143",TRUE
"RRP12","23223",TRUE
"FNIP2","57600",TRUE
"MSMO1","6307",TRUE
"TTC17","55761",TRUE
"ALX4","60529",TRUE
"FSTL4","23105",TRUE
"FOXN3","1112",TRUE
"METTL24","728464",TRUE
"AKR7A2","8574",TRUE
"MRTO4","51154",TRUE
"NNAT","4826",TRUE
"USE1","55850",TRUE
"MCF2L2","23101",TRUE
"NRIP2","83714",TRUE
"LAMA3","3909",TRUE
"AP5M1","55745",TRUE
"ANAPC4","29945",TRUE
"KCNQ1","3784",TRUE
"TRAPPC3","27095",TRUE
"THRAP3","9967",TRUE
"PHPT1","29085",TRUE
"ENTPD2","954",TRUE
"LY75","4065",TRUE
"ARID4B","51742",TRUE
"OPN3","23596",TRUE
"SDCCAG8","10806",TRUE
"PTPRN","5798",TRUE
"HHAT","55733",TRUE
"KIF1B","23095",TRUE
"FOXC1","2296",TRUE
"TBC1D22A","25771",TRUE
"SYNE2","23224",TRUE
"PLEKHH1","57475",TRUE
"ATP9A","10079",TRUE
"CHRDL2","25884",TRUE
"FAM168A","23201",TRUE
"RELT","84957",TRUE
"GALC","2581",TRUE
"NOP58","51602",TRUE
"SZRD1","26099",TRUE
"KCNH2","3757",TRUE
"CUL1","8454",TRUE
"FAM114A2","10827",TRUE
"CYFIP2","26999",TRUE
"TAB2","23118",TRUE
"GINM1","116254",TRUE
"EIF2AK2","5610",TRUE
"USP36","57602",TRUE
"KMT2C","58508",TRUE
"MCOLN3","55283",TRUE
"CCDC85A","114800",TRUE
"PUM2","23369",TRUE
"MRPL43","84545",TRUE
"ITIH4","3700",TRUE
"HPF1","54969",TRUE
"ZFR","51663",TRUE
"ZNF280C","55609",TRUE
"NPFFR2","10886",TRUE
"PHF21B","112885",TRUE
"TRAF1","7185",TRUE
"RC3H2","54542",TRUE
"IL17RB","55540",TRUE
"TRAF3IP2","10758",TRUE
"GYG2","8908",TRUE
"DCBLD2","131566",TRUE
"SERPINB3","6317",TRUE
"SOAT1","6646",TRUE
"PKP2","5318",TRUE
"F7","2155",TRUE
"GDI2","2665",TRUE
"PRDM1","639",TRUE
"ATG5","9474",TRUE
"TMCC3","57458",TRUE
"PITHD1","57095",TRUE
"MTA3","57504",TRUE
"USP13","8975",TRUE
"ATP11B","23200",TRUE
"LAMC2","3918",TRUE
"CDK14","5218",TRUE
"SEC61A1","29927",TRUE
"PPP1R12A","4659",TRUE
"RASGRF1","5923",TRUE
"CAMK2B","816",TRUE
"CROCC","9696",TRUE
"POLR3E","55718",TRUE
"ATP2B4","493",TRUE
"ZC3H11A","9877",TRUE
"RIOK2","55781",TRUE
"YIPF1","54432",TRUE
"NDC1","55706",TRUE
"DGKG","1608",TRUE
"FLYWCH1","84256",TRUE
"UNKL","64718",TRUE
"TBXAS1","6916",TRUE
"PARP12","64761",TRUE
"ALDH18A1","5832",TRUE
"TARBP1","6894",TRUE
"GATB","5188",TRUE
"MXD1","4084",TRUE
"CDK17","5128",TRUE
"DNAJC25","548645",TRUE
"SLC2A3","6515",TRUE
"PSD","5662",TRUE
"CTDP1","9150",TRUE
"YBX3","8531",TRUE
"STYK1","55359",TRUE
"WNK1","65125",TRUE
"CCAR1","55749",TRUE
"OGFR","11054",TRUE
"GNA15","2769",TRUE
"PIGV","55650",TRUE
"PTPRU","10076",TRUE
"SNRNP40","9410",TRUE
"RIMBP2","23504",TRUE
"COL11A1","1301",TRUE
"QSER1","79832",TRUE
"MPC1","51660",TRUE
"ACAA1","30",TRUE
"BCAT1","586",TRUE
"HDAC7","51564",TRUE
"LZTS1","11178",TRUE
"PRDM6","93166",TRUE
"SPAG4","6676",TRUE
"NCKAP1","10787",TRUE
"MRPS35","60488",TRUE
"GUCY1B1","2983",TRUE
"SFSWAP","6433",TRUE
"TNK2","10188",TRUE
"MON2","23041",TRUE
"CDH3","1001",TRUE
"GPBP1","65056",TRUE
"DGAT2","84649",TRUE
"ZNF112","7771",TRUE
"CS","1431",TRUE
"LTK","4058",TRUE
"MRPS24","64951",TRUE
"ELMO2","63916",TRUE
"WAPL","23063",TRUE
"VMP1","81671",TRUE
"APPBP2","10513",TRUE
"POLD1","5424",TRUE
"SEZ6","124925",TRUE
"EIF4B","1975",TRUE
"SLC6A16","28968",TRUE
"BICRA","29998",TRUE
"SPHK2","56848",TRUE
"RPL18","6141",TRUE
"CA11","770",TRUE
"ISOC2","79763",TRUE
"U2AF2","11338",TRUE
"EPN1","29924",TRUE
"MED29","55588",TRUE
"AHRR","57491",TRUE
"GSC2","2928",TRUE
"ZNF275","10838",TRUE
"MTMR1","8776",TRUE
"GPC1","2817",TRUE
"ADCK1","57143",TRUE
"HAGH","3029",TRUE
"RNF4","6047",TRUE
"CASP8","841",TRUE
"LIMCH1","22998",TRUE
"INTS13","55726",TRUE
"TM7SF3","51768",TRUE
"DLX3","1747",TRUE
"SPA17","53340",TRUE
"TSPAN32","10077",TRUE
"CCN5","8839",TRUE
"DMRT3","58524",TRUE
"ST3GAL6","10402",TRUE
"ATP2C2","9914",TRUE
"NGFR","4804",TRUE
"CDON","50937",TRUE
"TAF2","6873",TRUE
"HIPK2","28996",TRUE
"TNPO3","23534",TRUE
"RFXANK","8625",TRUE
"TMEM161A","54929",TRUE
"LPAR2","9170",TRUE
"CTSA","5476",TRUE
"SUGP2","10147",TRUE
"SLC12A2","6558",TRUE
"SNX24","28966",TRUE
"EYA2","2139",TRUE
"CNN2","1265",TRUE
"ABCA7","10347",TRUE
"SNCAIP","9627",TRUE
"DDX20","11218",TRUE
"BTBD1","53339",TRUE
"FAR2","55711",TRUE
"BCAS1","8537",TRUE
"CHI3L2","1117",TRUE
"SBNO2","22904",TRUE
"PMS1","5378",TRUE
"HMG20B","10362",TRUE
"CALCRL","10203",TRUE
"TAF11","6882",TRUE
"ANKS1A","23294",TRUE
"AP3D1","8943",TRUE
"ZNF76","7629",TRUE
"NHERF2","9351",TRUE
"NTHL1","4913",TRUE
"BLTP3A","54887",TRUE
"GNAI3","2773",TRUE
"IPO5","3843",TRUE
"OAT","4942",TRUE
"WDR3","10885",TRUE
"PKN2","5586",TRUE
"WDR18","57418",TRUE
"TRAM2","9697",TRUE
"NTN1","9423",TRUE
"GLP2R","9340",TRUE
"MCM10","55388",TRUE
"DGKA","1606",TRUE
"ERBB3","2065",TRUE
"ROPN1","54763",TRUE
"ANKRD44","91526",TRUE
"KARS1","3735",TRUE
"ADAT1","23536",TRUE
"PDIA5","10954",TRUE
"TBC1D22B","55633",TRUE
"NDUFB4","4710",TRUE
"SPEN","23013",TRUE
"MYLK","4638",TRUE
"ZC3H15","55854",TRUE
"MAP2K4","6416",TRUE
"PACC1","55248",TRUE
"SNAP91","9892",TRUE
"SLK","9748",TRUE
"CYB5R4","51167",TRUE
"COL17A1","1308",TRUE
"GSTO2","119391",TRUE
"SEC61A2","55176",TRUE
"PRKCQ","5588",TRUE
"TLE2","7089",TRUE
"ASB1","51665",TRUE
"FAM107B","83641",TRUE
"ME1","4199",TRUE
"TBC1D1","23216",TRUE
"CDK13","8621",TRUE
"MTHFD2","10797",TRUE
"SLC9A7","84679",TRUE
"FOXJ2","55810",TRUE
"YBX1","4904",TRUE
"PDE4A","5141",TRUE
"PPP2R5A","5525",TRUE
"CTNNA2","1496",TRUE
"ELAVL1","1994",TRUE
"TIE1","7075",TRUE
"DIP2B","57609",TRUE
"SMARCD1","6602",TRUE
"KDM4A","9682",TRUE
"NFYC","4802",TRUE
"ZMYND12","84217",TRUE
"SLC9A3","6550",TRUE
"NGEF","25791",TRUE
"ASPM","259266",TRUE
"ELOVL1","64834",TRUE
"POLR1H","30834",TRUE
"MPPED2","744",TRUE
"ZBTB11","27107",TRUE
"ATXN3","4287",TRUE
"GOLGA5","9950",TRUE
"FGFR2","2263",TRUE
"LRRC40","55631",TRUE
"ISOC1","51015",TRUE
"EML1","2009",TRUE
"TRMT11","60487",TRUE
"THUMPD1","55623",TRUE
"MSANTD3","91283",TRUE
"KIF26A","26153",TRUE
"ATG2B","55102",TRUE
"ARFGEF1","10565",TRUE
"ZFAT","57623",TRUE
"MTFR1","9650",TRUE
"STAG3","10734",TRUE
"FECH","2235",TRUE
"MYO9A","4649",TRUE
"PFKP","5214",TRUE
"IDI1","3422",TRUE
"SP100","6672",TRUE
"KLF6","1316",TRUE
"PLPP1","8611",TRUE
"NEO1","4756",TRUE
"TRAM1","23471",TRUE
"PHKA1","5255",TRUE
"TNFRSF1A","7132",TRUE
"CACNB1","782",TRUE
"EVI5","7813",TRUE
"STOML1","9399",TRUE
"PKM","5315",TRUE
"DHX29","54505",TRUE
"DNTTIP2","30836",TRUE
"METTL22","79091",TRUE
"TP53BP1","7158",TRUE
"TRO","7216",TRUE
"RRP15","51018",TRUE
"RHOA","387",TRUE
"DHX8","1659",TRUE
"PRKCZ","5590",TRUE
"IARS2","55699",TRUE
"SYT1","6857",TRUE
"NAV3","89795",TRUE
"IDH3G","3421",TRUE
"ROGDI","79641",TRUE
"PDZD4","57595",TRUE
"ATP2B3","492",TRUE
"ROCK1","6093",TRUE
"CBFB","865",TRUE
"PDK3","5165",TRUE
"HYAL2","8692",TRUE
"HDAC4","9759",TRUE
"RASSF1","11186",TRUE
"FGFR3","2261",TRUE
"IFI35","3430",TRUE
"HEATR6","63897",TRUE
"COASY","80347",TRUE
"PLEKHH3","79990",TRUE
"MEF2A","4205",TRUE
"OTUD5","55593",TRUE
"TFE3","7030",TRUE
"TBC1D25","4943",TRUE
"ACSL4","2182",TRUE
"INPP5A","3632",TRUE
"GPKOW","27238",TRUE
"GRIPAP1","56850",TRUE
"FTSJ1","24140",TRUE
"PRR11","55771",TRUE
"REEP1","65055",TRUE
"ATP11A","23250",TRUE
"POLR1A","25885",TRUE
"LAPTM4A","9741",TRUE
"TTC7A","57217",TRUE
"IP6K2","51447",TRUE
"SRBD1","55133",TRUE
"KIF2A","3796",TRUE
"RASGRP2","10235",TRUE
"PSME4","23198",TRUE
"IFT80","57560",TRUE
"SIRT2","22933",TRUE
"ERLEC1","27248",TRUE
"PPP2R5B","5526",TRUE
"PYGM","5837",TRUE
"PAGE1","8712",TRUE
"PITX1","5307",TRUE
"MAST4","375449",TRUE
"ADGRF5","221395",TRUE
"SDK2","54549",TRUE
"NUP133","55746",TRUE
"NUCKS1","64710",TRUE
"VPS35","55737",TRUE
"DNAJA2","10294",TRUE
"BCL3","602",TRUE
"KCNAB2","8514",TRUE
"ABCC9","10060",TRUE
"GAL","51083",TRUE
"CLEC2D","29121",TRUE
"FUNDC1","139341",TRUE
"MAOB","4129",TRUE
"RORA","6095",TRUE
"DRD4","1815",TRUE
"TGFBR3","7049",TRUE
"PLA2G10","8399",TRUE
"HES2","54626",TRUE
"ATP1B3","483",TRUE
"NEDD4","4734",TRUE
"PIGB","9488",TRUE
"MAPK6","5597",TRUE
"GNB5","10681",TRUE
"RAB27A","5873",TRUE
"HDHD5","27440",TRUE
"UFD1","7353",TRUE
"LRP6","4040",TRUE
"SCT","6343",TRUE
"PHRF1","57661",TRUE
"ELP1","8518",TRUE
"NUCB2","4925",TRUE
"PFN2","5217",TRUE
"PTPN3","5774",TRUE
"SPTB","6710",TRUE
"DAPP1","27071",TRUE
"SLC44A1","23446",TRUE
"TMEM260","54916",TRUE
"SMG6","23293",TRUE
"EXOC5","10640",TRUE
"CLTCL1","8218",TRUE
"FGF22","27006",TRUE
"FSTL3","10272",TRUE
"DGCR2","9993",TRUE
"RNF126","55658",TRUE
"MNT","4335",TRUE
"ZXDC","79364",TRUE
"JMJD6","23210",TRUE
"POLB","5423",TRUE
"ST6GALNAC1","55808",TRUE
"WIPI1","55062",TRUE
"FRMPD1","22844",TRUE
"GBA2","57704",TRUE
"NDST1","3340",TRUE
"ASNS","440",TRUE
"AP3M2","10947",TRUE
"CNGB1","1258",TRUE
"ST6GALNAC2","10610",TRUE
"PABPC1","26986",TRUE
"TESK2","10420",TRUE
"CFAP20","29105",TRUE
"CSNK2A2","1459",TRUE
"PTPN21","11099",TRUE
"EIF2B3","8891",TRUE
"CAMK2A","815",TRUE
"TCOF1","6949",TRUE
"CDC42","998",TRUE
"OSBPL3","26031",TRUE
"EPHA8","2046",TRUE
"SLC12A3","6559",TRUE
"RAD18","56852",TRUE
"ATP2B1","490",TRUE
"TRPM5","29850",TRUE
"NCK2","8440",TRUE
"MAP4K4","9448",TRUE
"MGAT4A","11320",TRUE
"RPL31","6160",TRUE
"WDR1","9948",TRUE
"SNX13","23161",TRUE
"ARHGAP10","79658",TRUE
"RPS6KA2","6196",TRUE
"ING3","54556",TRUE
"VASH1","22846",TRUE
"LMCD1","29995",TRUE
"BUD23","114049",TRUE
"SEL1L","6400",TRUE
"TRIP13","9319",TRUE
"ATP6AP1","537",TRUE
"TCF3","6929",TRUE
"TRIB2","28951",TRUE
"DAZAP1","26528",TRUE
"MBD3","53615",TRUE
"PRLH","51052",TRUE
"HLTF","6596",TRUE
"FAM50A","9130",TRUE
"FAM3A","60343",TRUE
"CPSF1","29894",TRUE
"MYO3B","140469",TRUE
"CYBRD1","79901",TRUE
"CDH19","28513",TRUE
"PDCD2","5134",TRUE
"SLC6A15","55117",TRUE
"RDH11","51109",TRUE
"PRKACA","5566",TRUE
"ADGRL1","22859",TRUE
"ACTN1","87",TRUE
"ZFYVE26","23503",TRUE
"RPS6KA6","27330",TRUE
"EPN2","22905",TRUE
"PTPN18","26469",TRUE
"LIMS2","55679",TRUE
"ASIC4","55515",TRUE
"SPEG","10290",TRUE
"LNX1","84708",TRUE
"ALDH3A2","224",TRUE
"TFRC","7037",TRUE
"SREBF1","6720",TRUE
"AFF4","27125",TRUE
"UBE2D1","7321",TRUE
"PALS1","64398",TRUE
"RHOBTB1","9886",TRUE
"SMC1A","8243",TRUE
"HSD17B10","3028",TRUE
"MARK2","2011",TRUE
"HMMR","3161",TRUE
"CHFR","55743",TRUE
"TRHDE","29953",TRUE
"P4HA2","8974",TRUE
"FCGR2B","2213",TRUE
"NFATC3","4775",TRUE
"TRNT1","51095",TRUE
"ACADVL","37",TRUE
"STK10","6793",TRUE
"FBXW11","23291",TRUE
"ACAP1","9744",TRUE
"CRMP1","1400",TRUE
"EVC","2121",TRUE
"DERL2","51009",TRUE
"SIDT1","54847",TRUE
"NDE1","54820",TRUE
"IRAG1","10335",TRUE
"TMEM38A","79041",TRUE
"AP1M1","8907",TRUE
"PVR","5817",TRUE
"XRCC1","7515",TRUE
"SCARB1","949",TRUE
"MCM2","4171",TRUE
"MOV10L1","54456",TRUE
"PANX2","56666",TRUE
"SELENOO","83642",TRUE
"TP63","8626",TRUE
"ALPK1","80216",TRUE
"LLGL2","3993",TRUE
"PDE8A","5151",TRUE
"CLCN4","1183",TRUE
"NLE1","54475",TRUE
"SDHA","6389",TRUE
"SMARCE1","6605",TRUE
"GSDMB","55876",TRUE
"KDM5A","5927",TRUE
"ADAM11","4185",TRUE
"PPP2R3A","5523",TRUE
"FERMT2","10979",TRUE
"ABCB11","8647",TRUE
"DHRS9","10170",TRUE
"PTGS2","5743",TRUE
"IGF2BP2","10644",TRUE
"MAP3K13","9175",TRUE
"ST6GAL1","6480",TRUE
"FRY","10129",TRUE
"PICALM","8301",TRUE
"NSF","4905",TRUE
"GLI2","2736",TRUE
"CLASP1","23332",TRUE
"MRPS34","65993",TRUE
"NOTCH3","4854",TRUE
"CLNS1A","1207",TRUE
"PPP2R2C","5522",TRUE
"TEAD2","8463",TRUE
"EED","8726",TRUE
"CDHR2","54825",TRUE
"SNCB","6620",TRUE
"TSG101","7251",TRUE
"NCBP3","55421",TRUE
"ATP2A3","489",TRUE
"CA12","771",TRUE
"MGLL","11343",TRUE
"NTN4","59277",TRUE
"BCS1L","617",TRUE
"NUAK1","9891",TRUE
"DPP8","54878",TRUE
"SLC24A1","9187",TRUE
"ZNF532","55205",TRUE
"SCARF1","8578",TRUE
"LMAN1","3998",TRUE
"HACD3","51495",TRUE
"ZZEF1","23140",TRUE
"NOX3","50508",TRUE
"ENO1","2023",TRUE
"SLC12A1","6557",TRUE
"MYDGF","56005",TRUE
"ANO8","57719",TRUE
"TUBE1","51175",TRUE
"ARHGEF10L","55160",TRUE
"TXK","7294",TRUE
"WSCD2","9671",TRUE
"KCNQ2","3785",TRUE
"TACR2","6865",TRUE
"ACTR6","64431",TRUE
"TIPIN","54962",TRUE
"SRI","6717",TRUE
"EIF4G3","8672",TRUE
"NUP37","79023",TRUE
"SEMA3A","10371",TRUE
"GTSE1","51512",TRUE
"SEMA3C","10512",TRUE
"TTC38","55020",TRUE
"ACAT1","38",TRUE
"GRAMD4","23151",TRUE
"CELSR1","9620",TRUE
"WNT8B","7479",TRUE
"ZNF638","27332",TRUE
"SLC25A40","55972",TRUE
"TIMM21","29090",TRUE
"ADD2","119",TRUE
"FGF4","2249",TRUE
"RASAL2","9462",TRUE
"VPS9D1","9605",TRUE
"ZNF37A","7587",TRUE
"MARK3","4140",TRUE
"SLC25A3","5250",TRUE
"FNDC3B","64778",TRUE
"FOSL2","2355",TRUE
"CACNG5","27091",TRUE
"CACNG4","27092",TRUE
"FRYL","285527",TRUE
"TMEM131","23505",TRUE
"FSCN1","6624",TRUE
"ACTB","60",TRUE
"MOCOS","55034",TRUE
"PLD1","5337",TRUE
"ATP12A","479",TRUE
"WDR62","284403",TRUE
"DLG1","1739",TRUE
"RAB7A","7879",TRUE
"BCAP29","55973",TRUE
"SEC31B","25956",TRUE
"SART3","9733",TRUE
"ARHGAP15","55843",TRUE
"TUBA3D","113457",TRUE
"PAX2","5076",TRUE
"EXOSC7","23016",TRUE
"KIFAP3","22920",TRUE
"MKRN2","23609",TRUE
"MCM6","4175",TRUE
"REXO2","25996",TRUE
"RBM7","10179",TRUE
"RBMS2","5939",TRUE
"BAZ2A","11176",TRUE
"PTPN23","25930",TRUE
"MLH1","4292",TRUE
"UNG","7374",TRUE
"FMO4","2329",TRUE
"KLHL20","27252",TRUE
"RGS11","8786",TRUE
"SLC46A1","113235",TRUE
"PLXNA2","5362",TRUE
"SPAG5","10615",TRUE
"ANKRD13A","88455",TRUE
"TPD52","7163",TRUE
"ACACB","32",TRUE
"TRAF4","9618",TRUE
"PAG1","55824",TRUE
"GPATCH1","55094",TRUE
"ICAM3","3385",TRUE
"NT5C2","22978",TRUE
"MCAM","4162",TRUE
"GPC4","2239",TRUE
"MBNL3","55796",TRUE
"CAMSAP3","57662",TRUE
"RAP1GAP","5909",TRUE
"XAB2","56949",TRUE
"ARHGEF1","9138",TRUE
"STXBP2","6813",TRUE
"MAP2K7","5609",TRUE
"DGKD","8527",TRUE
"CTTNBP2","83992",TRUE
"RARB","5915",TRUE
"TOP2B","7155",TRUE
"TM9SF3","56889",TRUE
"NFKB2","4791",TRUE
"UBE2T","29089",TRUE
"PPP1R12B","4660",TRUE
"DNAJC10","54431",TRUE
"GTF3C1","2975",TRUE
"IL4R","3566",TRUE
"USP33","23032",TRUE
"PAK3","5063",TRUE
"CAPN6","827",TRUE
"DCX","1641",TRUE
"SNRPA","6626",TRUE
"SPAG6","9576",TRUE
"EXOSC5","56915",TRUE
"DYNC1I2","1781",TRUE
"APBB1IP","54518",TRUE
"LRCH4","4034",TRUE
"FAM76B","143684",TRUE
"SIRT6","51548",TRUE
"POLD3","10714",TRUE
"ACTN2","88",TRUE
"CAPZB","832",TRUE
"GPR137B","7107",TRUE
"NAALAD2","10003",TRUE
"JADE1","79960",TRUE
"SLC25A43","203427",TRUE
"UBE2A","7319",TRUE
"FGFR1","2260",TRUE
"SMC1B","27127",TRUE
"FBLN1","2192",TRUE
"ITGA8","8516",TRUE
"CST7","8530",TRUE
"MAP2","4133",TRUE
"PIAS2","9063",TRUE
"AMPH","273",TRUE
"ARAF","369",TRUE
"MCCC1","56922",TRUE
"LAMP3","27074",TRUE
"FAP","2191",TRUE
"NEBL","10529",TRUE
"ACER3","55331",TRUE
"UBE2K","3093",TRUE
"PIK3C3","5289",TRUE
"N4BP2","55728",TRUE
"TIGAR","57103",TRUE
"TULP3","7289",TRUE
"SYNJ2","8871",TRUE
"ADCY2","108",TRUE
"PPP2R5C","5527",TRUE
"GNB1","2782",TRUE
"HOXA9","3205",TRUE
"EDN1","1906",TRUE
"MLLT10","8028",TRUE
"ZCWPW1","55063",TRUE
"FGF20","26281",TRUE
"P2RY10","27334",TRUE
"ITM2A","9452",TRUE
"NRDC","4898",TRUE
"VDAC3","7419",TRUE
"PCM1","5108",TRUE
"TNRC6C","57690",TRUE
"CBFA2T2","9139",TRUE
"BRINP1","1620",TRUE
"ITCH","83737",TRUE
"PKD2L2","27039",TRUE
"TP53INP2","58476",TRUE
"SDF4","51150",TRUE
"MYH7B","57644",TRUE
"BPIFB2","80341",TRUE
"TP73","7161",TRUE
"TOLLIP","54472",TRUE
"UBE2D4","51619",TRUE
"CLUL1","27098",TRUE
"RUNX1T1","862",TRUE
"CDH17","1015",TRUE
"THOC1","9984",TRUE
"FKBP7","51661",TRUE
"OSBPL6","114880",TRUE
"SLC1A3","6507",TRUE
"XRCC5","7520",TRUE
"LXN","56925",TRUE
"SP140","11262",TRUE
"MKNK1","8569",TRUE
"TNS1","7145",TRUE
"REXO1","57455",TRUE
"SAR1A","56681",TRUE
"CDC14A","8556",TRUE
"RAPGEF3","10411",TRUE
"CEACAM1","634",TRUE
"SENP1","29843",TRUE
"DUSP13B","51207",TRUE
"CIC","23152",TRUE
"LIPE","3991",TRUE
"FDFT1","2222",TRUE
"PAFAH1B3","5050",TRUE
"OPHN1","4983",TRUE
"KIF22","3835",TRUE
"SCGN","10590",TRUE
"CARMIL1","55604",TRUE
"PGM1","5236",TRUE
"DDX1","1653",TRUE
"DNM2","1785",TRUE
"EPB41L2","2037",TRUE
"RIMS1","22999",TRUE
"MOXD1","26002",TRUE
"STX7","8417",TRUE
"RABL2B","11158",TRUE
"KEAP1","9817",TRUE
"DDX43","55510",TRUE
"PTPRH","5794",TRUE
"SLC35C2",NA,FALSE
"CRYBG3","131544",TRUE
"EPHA6","285220",TRUE
"SCTR","6344",TRUE
"RFX3","5991",TRUE
"RIF1","55183",TRUE
"RAB21","23011",TRUE
"SLC4A4","8671",TRUE
"SMARCA2","6595",TRUE
"RDH8","50700",TRUE
"SESN1","27244",TRUE
"MID2","11043",TRUE
"COL5A3","50509",TRUE
"SRCAP","10847",TRUE
"PUM3","9933",TRUE
"CHRNA3","1136",TRUE
"KCNN2","3781",TRUE
"CNOT4","4850",TRUE
"PSEN1","5663",TRUE
"CPOX","1371",TRUE
"CLDND1","56650",TRUE
"MOK","5891",TRUE
"HSP90AA1","3320",TRUE
"RBL1","5933",TRUE
"DLGAP4","22839",TRUE
"IGSF9B","22997",TRUE
"NDC80","10403",TRUE
"AP4E1","23431",TRUE
"RSBN1","54665",TRUE
"MAGI3","260425",TRUE
"CXCL2","2920",TRUE
"AFP","174",TRUE
"COL4A4","1286",TRUE
"TCF7","6932",TRUE
"OSTM1","28962",TRUE
"CDH7","1005",TRUE
"PCNP","57092",TRUE
"EXD2","55218",TRUE
"ARG2","384",TRUE
"MEF2C","4208",TRUE
"PTPRC","5788",TRUE
"CACNA1S","779",TRUE
"PKP1","5317",TRUE
"UBA5","79876",TRUE
"STK17B","9262",TRUE
"CDC14B","8555",TRUE
"ZNF510","22869",TRUE
"LRP2","4036",TRUE
"ZNF506","440515",TRUE
"JMJD4","65094",TRUE
"DUSP12","11266",TRUE
"AACS","65985",TRUE
"DELE1","9812",TRUE
"CADPS2","93664",TRUE
"IFT25","51668",TRUE
"PHLPP1","23239",TRUE
"ATP8B1","5205",TRUE
"IL12RB2","3595",TRUE
"SMARCD3","6604",TRUE
"WDR70","55100",TRUE
"FYB1","2533",TRUE
"MPP4","58538",TRUE
"STRADB","55437",TRUE
"BZW1","9689",TRUE
"PGR","5241",TRUE
"C1QTNF3","114899",TRUE
"ME2","4200",TRUE
"C5orf22","55322",TRUE
"CCNT2","905",TRUE
"FAM135A","57579",TRUE
"COL19A1","1310",TRUE
"EPB41L3","23136",TRUE
"COBLL1","22837",TRUE
"DLG3","1741",TRUE
"KCNK2","3776",TRUE
"SERTAD4","56256",TRUE
"TRAF5","7188",TRUE
"MRPL22","29093",TRUE
"GEMIN5","25929",TRUE
"OPRK1","4986",TRUE
"NFE2L1","4779",TRUE
"SEMA5B","54437",TRUE
"GSK3B","2932",TRUE
"ITGB5","3693",TRUE
"ERC1","23085",TRUE
"XPO1","7514",TRUE
"RNF13","11342",TRUE
"PALB2","79728",TRUE
"DOP1A","23033",TRUE
"LYRM2","57226",TRUE
"BCKDHB","594",TRUE
"KAT6A","7994",TRUE
"TUT7","79670",TRUE
"ULK2","9706",TRUE
"GRHL2","79977",TRUE
"TNPO1","3842",TRUE
"PLOD1","5351",TRUE
"P2RX5","5026",TRUE
"ITGAE","3682",TRUE
"DIS3","22894",TRUE
"PIBF1","10464",TRUE
"TDRD3","81550",TRUE
"NUFIP1","26747",TRUE
"PDS5B","23047",TRUE
"OXCT1","5019",TRUE
"RRAGB","10325",TRUE
"CYLD","1540",TRUE
"SLC27A5","10998",TRUE
"ZNF324","25799",TRUE
"ZNF671","79891",TRUE
"ZNF416","55659",TRUE
"ZNF586","54807",TRUE
"ZNF446","55663",TRUE
"ZNF264","9422",TRUE
"RPS5","6193",TRUE
"FAT1","2195",TRUE
"YTHDC1","91746",TRUE
"CHMP2B","25978",TRUE
"SMAP2","64744",TRUE
"PPIE","10450",TRUE
"ZMPSTE24","10269",TRUE
"STARD7","56910",TRUE
"NOA1","84273",TRUE
"REST","5978",TRUE
"HAL","3034",TRUE
"SSH1","54434",TRUE
"GSTP1","2950",TRUE
"APLP2","334",TRUE
"FAM234B","57613",TRUE
"SLCO1A2","6579",TRUE
"WBP11","51729",TRUE
"EIF3I","8668",TRUE
"NKAIN1","79570",TRUE
"COL16A1","1307",TRUE
"TXLNA","200081",TRUE
"NCOA1","8648",TRUE
"AGBL5","60509",TRUE
"EFR3B","22979",TRUE
"KIF3C","3797",TRUE
"RAB10","10890",TRUE
"GCKR","2646",TRUE
"HADHA","3030",TRUE
"MAPRE3","22924",TRUE
"CAD","790",TRUE
"CD59","966",TRUE
"CD82","3732",TRUE
"BCORL1","63035",TRUE
"ATRX","546",TRUE
"AK6","102157402",TRUE
"MYNN","55892",TRUE
"MECOM","2122",TRUE
"SCAMP1","9522",TRUE
"PREP","5550",TRUE
"HACE1","57531",TRUE
"SEH1L","81929",TRUE
"WDR47","22911",TRUE
"WDFY1","57590",TRUE
"OVGP1","5016",TRUE
"SLC25A24","29957",TRUE
"MAP3K4","4216",TRUE
"PILRA","29992",TRUE
"IGSF9","57549",TRUE
"ABCB1","5243",TRUE
"ZNF213","7760",TRUE
"AKR1B1","231",TRUE
"CPNE3","8895",TRUE
"RRN3","54700",TRUE
"CTTN","2017",TRUE
"WNT11","7481",TRUE
"MTIF2","4528",TRUE
"DDHD2","23259",TRUE
"TTC39A","22996",TRUE
"EPS15","2060",TRUE
"ORC1","4998",TRUE
"MGST2","4258",TRUE
"CHERP","10523",TRUE
"ATG16L1","55054",TRUE
"USP40","55230",TRUE
"POMGNT1","55624",TRUE
"RAD54L","8438",TRUE
"MAST2","23139",TRUE
"DNAJA1","3301",TRUE
"B4GALT1","2683",TRUE
"CHMP5","51510",TRUE
"NFX1","4799",TRUE
"AQP6","363",TRUE
"DIMT1","27292",TRUE
"IPO11","51194",TRUE
"FOLH1","2346",TRUE
"EIF2AK1","27102",TRUE
"EPDR1","54749",TRUE
"SNX10","29887",TRUE
"SEPHS1","22929",TRUE
"MRPL28","10573",TRUE
"HBQ1","3049",TRUE
"ITPKC","80271",TRUE
"CEACAM6","4680",TRUE
"FAT2","2196",TRUE
"RBM22","55696",TRUE
"TMED2","10959",TRUE
"ERO1B","56605",TRUE
"ZFAND6","54469",TRUE
"HSD17B2","3294",TRUE
"TXLNG","55787",TRUE
"PPEF1","5475",TRUE
"LAT2","7462",TRUE
"HUWE1","10075",TRUE
"ZW10","9183",TRUE
"ALG9","79796",TRUE
"MYBPC2","4606",TRUE
"ACOX3","8310",TRUE
"MTMR2","8898",TRUE
"PPP1R15A","23645",TRUE
"HSD17B14","51171",TRUE
"TRIP6","7205",TRUE
"ACHE","43",TRUE
"FTL","2512",TRUE
"SRRT","51593",TRUE
"BAX","581",TRUE
"NLK","51701",TRUE
"PIGS","94005",TRUE
"ADAMTS2","9509",TRUE
"TMPRSS11E","28983",TRUE
"ATXN7L3","56970",TRUE
"PGS1","9489",TRUE
"PSMC5","5705",TRUE
"UIMC1","51720",TRUE
"MMP2","4313",TRUE
"LPCAT2","54947",TRUE
"GNAO1","2775",TRUE
"OGFOD1","55239",TRUE
"SH3BP2","6452",TRUE
"NOP14","8602",TRUE
"ADD1","118",TRUE
"L2HGDH","79944",TRUE
"TXNDC16","57544",TRUE
"RTRAF","51637",TRUE
"NID2","22795",TRUE
"GMCL1","64395",TRUE
"SF3B2","10992",TRUE
"KLHL42","57542",TRUE
"GNAS","2778",TRUE
"DNM1L","10059",TRUE
"PTHLH","5744",TRUE
"PHACTR3","116154",TRUE
"ERGIC2","51290",TRUE
"TFAP2C","7022",TRUE
"AURKA","6790",TRUE
"PIR","8544",TRUE
"AAMDC","28971",TRUE
"RFX2","5990",TRUE
"METTL2A","339175",TRUE
"SULT2B1","6820",TRUE
"ALG6","29929",TRUE
"CNOT3","4849",TRUE
"GP6","51206",TRUE
"PTPN4","5775",TRUE
"DDX18","8886",TRUE
"KHSRP","8570",TRUE
"GNA11","2767",TRUE
"ASAP3","55616",TRUE
"EDEM2","55741",TRUE
"DNMT3B","1789",TRUE
"REM1","28954",TRUE
"TPX2","22974",TRUE
"PDRG1","81572",TRUE
"EPB41L1","2036",TRUE
"SLC15A1","6564",TRUE
"DOCK9","23348",TRUE
"ANKRD10","55608",TRUE
"TGDS","23483",TRUE
"DOCK3","1795",TRUE
"C3orf18","51161",TRUE
"COQ9","57017",TRUE
"TMEM40","55287",TRUE
"KIF9","64147",TRUE
"ARHGAP28","79822",TRUE
"CRLS1","54675",TRUE
"PPP1R13B","23368",TRUE
"ATRN","8455",TRUE
"SMOX","54498",TRUE
"FKBP1A","2280",TRUE
"NSFL1C","55968",TRUE
"SLC4A11","83959",TRUE
"DNAAF9","25943",TRUE
"ZNF343","79175",TRUE
"EBF4","57593",TRUE
"CPXM1","56265",TRUE
"MAVS","57506",TRUE
"LZTS3","9762",TRUE
"XRN2","22803",TRUE
"KIZ","55857",TRUE
"DYNLL1","8655",TRUE
"TESC","54997",TRUE
"SNX5","27131",TRUE
"RPL6","6128",TRUE
"SIRPG","55423",TRUE
"MAPKAPK5","8550",TRUE
"P2RX7","5027",TRUE
"ESF1","51575",TRUE
"RBBP9","10741",TRUE
"ANAPC5","51433",TRUE
"SLC23A2","9962",TRUE
"SLC8B1","80024",TRUE
"TMEM230","29058",TRUE
"DZANK1","55184",TRUE
"KDM2B","84678",TRUE
"CFAP61","26074",TRUE
"LHX5","64211",TRUE
"TASP1","55617",TRUE
"OAS1","4938",TRUE
"GCN1","10985",TRUE
"RPLP0","6175",TRUE
"PXN","5829",TRUE
"SIRT4","23409",TRUE
"KIF16B","55614",TRUE
"TRMT6","51605",TRUE
"CHGB","1114",TRUE
"PEBP1","5037",TRUE
"TBX5","6910",TRUE
"BRAP","8315",TRUE
"ERP29","10961",TRUE
"FUS","2521",TRUE
"IGBP1","3476",TRUE
"FXYD5","53827",TRUE
"ZNF302","55900",TRUE
"GRAMD1A","57655",TRUE
"FXYD3","5349",TRUE
"HEPH","9843",TRUE
"CDIP1","29965",TRUE
"CMTM1","113540",TRUE
"GANAB","23193",TRUE
"GMIP","51291",TRUE
"RBM41","55285",TRUE
"BIRC5","332",TRUE
"LAG3","3902",TRUE
"MLF2","8079",TRUE
"OTUB2","78990",TRUE
"DDX24","57062",TRUE
"ZBTB25","7597",TRUE
"NECAP1","25977",TRUE
"ARHGAP4","393",TRUE
"ANKRD24","170961",TRUE
"DHX32","55760",TRUE
"RCOR1","23186",TRUE
"GPATCH2L","55668",TRUE
"LTBP4","8425",TRUE
"BLVRB","645",TRUE
"SLC9A1","6548",TRUE
"SPTLC1","10558",TRUE
"PAPOLA","10914",TRUE
"CCNK","8812",TRUE
"PCBP4","57060",TRUE
"YPEL3","83719",TRUE
"MRPS33","51650",TRUE
"NDUFB2","4708",TRUE
"NUDC","10726",TRUE
"MAEA","10296",TRUE
"ICAM1","3383",TRUE
"STRN4","29888",TRUE
"IRAK3","11213",TRUE
"LYZ","4069",TRUE
"MUL1","79594",TRUE
"TFAP4","7023",TRUE
"PDCD7","10081",TRUE
"SPG21","51324",TRUE
"DNAJB11","51726",TRUE
"P3H2","55214",TRUE
"THPO","7066",TRUE
"CHRD","8646",TRUE
"FLT3LG","2323",TRUE
"RAB11FIP3","9727",TRUE
"GNPTG","84572",TRUE
"ZNF268","10795",TRUE
"GOLGA3","2802",TRUE
"PABPC4","8761",TRUE
"CERS4","79603",TRUE
"MCOLN1","57192",TRUE
"USP48","84196",TRUE
"EFNB1","1947",TRUE
"PDPR","55066",TRUE
"AARS1","16",TRUE
"GLG1","2734",TRUE
"KIF4A","24137",TRUE
"TNRC6A","27327",TRUE
"PLEKHG2","64857",TRUE
"DLL3","10683",TRUE
"NAT14","57106",TRUE
"PITPNM2","57605",TRUE
"EXOC1","55763",TRUE
"RBM27","54439",TRUE
"POU4F3","5459",TRUE
"OSBPL8","114882",TRUE
"DTX2","113878",TRUE
"PUS7","54517",TRUE
"NRCAM","4897",TRUE
"LAMB1","3912",TRUE
"SLC26A4","5172",TRUE
"DLD","1738",TRUE
"WDR7","23335",TRUE
"TXNL1","9352",TRUE
"ABCC6","368",TRUE
"CMTM6","54918",TRUE
"ITGA6","3655",TRUE
"RAPGEF4","11069",TRUE
"MAP3K20","51776",TRUE
"SMPX","23676",TRUE
"FH","2271",TRUE
"SEL1L3","23231",TRUE
"TF","7018",TRUE
"CDV3","55573",TRUE
"MYO15A","51168",TRUE
"ALKBH5","54890",TRUE
"NLRP1","22861",TRUE
"PITPNM3","83394",TRUE
"SPAG7","9552",TRUE
"ORC6","23594",TRUE
"ZFHX4","79776",TRUE
"SLC17A6","57084",TRUE
"CPA1","1357",TRUE
"ZC3HC1","51530",TRUE
"ESR1","2099",TRUE
"RGS17","26575",TRUE
"TMEM101","84336",TRUE
"CD200","4345",TRUE
"CCDC80","151887",TRUE
"PSME1","5720",TRUE
"PPP2R3C","55012",TRUE
"HAUS4","54930",TRUE
"SLC7A8","23428",TRUE
"OSGEP","55644",TRUE
"SLC22A17","51310",TRUE
"RNF31","55072",TRUE
"SCFD1","23256",TRUE
"G2E3","55632",TRUE
"HECTD1","25831",TRUE
"HNRNPC","3183",TRUE
"RPGRIP1","57096",TRUE
"SUPT16H","11198",TRUE
"TOX4","9878",TRUE
"GEMIN2","8487",TRUE
"TGM1","7051",TRUE
"TINF2","26277",TRUE
"SEMA6A","57556",TRUE
"TRPM7","54822",TRUE
"TYRO3","7301",TRUE
"WDR76","79968",TRUE
"CAPN3","825",TRUE
"SNAP23","8773",TRUE
"TBX15","6913",TRUE
"PHGDH","26227",TRUE
"COL9A3","1299",TRUE
"EZR","7430",TRUE
"MYL6","4637",TRUE
"AGO1","26523",TRUE
"TEKT2","27285",TRUE
"CLSPN","63967",TRUE
"RFFL","117584",TRUE
"UNC13D","201294",TRUE
"MFSD11","79157",TRUE
"DPYSL2","1808",TRUE
"TGFB2","7042",TRUE
"GPATCH2","55105",TRUE
"NUP50","10762",TRUE
"CDC45","8318",TRUE
"COMT","1312",TRUE
"ADA2","51816",TRUE
"ECHDC1","55862",TRUE
"LRRFIP2","9209",TRUE
"SEC22C","9117",TRUE
"XYLB","9942",TRUE
"HDAC6","10013",TRUE
"GABRP","2568",TRUE
"KRT31","3881",TRUE
"CDC6","990",TRUE
"UPRT","139596",TRUE
"CDC23","8697",TRUE
"AAAS","8086",TRUE
"CBX5","23468",TRUE
"FMO2","2327",TRUE
"SUCO","51430",TRUE
"MSH2","4436",TRUE
"MAP3K1","4214",TRUE
"DHPS","1725",TRUE
"HOOK2","29911",TRUE
"ARCN1","372",TRUE
"EPB41L4B","54566",TRUE
"TMEM38B","55151",TRUE
"PSMD5","5711",TRUE
"PTGS1","5742",TRUE
"NUP188","23511",TRUE
"CRAT","1384",TRUE
"SH2D3C","10044",TRUE
"NANS","54187",TRUE
"TBC1D2","55357",TRUE
"WHRN","25861",TRUE
"PDE6C","5146",TRUE
"CWF19L1","55280",TRUE
"SEMA4G","57715",TRUE
"BTAF1","9044",TRUE
"IKZF5","64376",TRUE
"BLNK","29760",TRUE
"TLL2","7093",TRUE
"CYP26A1","1592",TRUE
"TDRD1","56165",TRUE
"SORBS1","10580",TRUE
"CRTAC1","55118",TRUE
"BAMBI","25805",TRUE
"IL11","3589",TRUE
"MYO3A","53904",TRUE
"WAC","51322",TRUE
"CREM","1390",TRUE
"NUBP2","10101",TRUE
"SMIM24","284422",TRUE
"HIVEP1","3096",TRUE
"CRISP3","10321",TRUE
"FKBP5","2289",TRUE
"SRPK1","6732",TRUE
"BRPF3","27154",TRUE
"MRPS18A","55168",TRUE
"PGC","5225",TRUE
"TMEM14A","28978",TRUE
"EFHC1","114327",TRUE
"HSP90AB1","3326",TRUE
"CDC5L","988",TRUE
"ITPR3","3710",TRUE
"ZNF184","7738",TRUE
"DSP","1832",TRUE
"SIRT1","23411",TRUE
"HNRNPH3","3189",TRUE
"IFT74","80173",TRUE
"JAK2","3717",TRUE
"IL12RB1","3594",TRUE
"ABL1","25",TRUE
"ACOT7","11332",TRUE
"SH3GLB1","51100",TRUE
"CDC7","8317",TRUE
"SYDE2","84144",TRUE
"PCSK5","5125",TRUE
"SCD","6319",TRUE
"TMED1","11018",TRUE
"ABLIM1","3983",TRUE
"ERMP1","79956",TRUE
"RAB18","22931",TRUE
"NRP1","8829",TRUE
"PRTFDC1","56952",TRUE
"PALMD","54873",TRUE
"TSPAN15","23555",TRUE
"MACROH2A2","55506",TRUE
"WASHC2A","387680",TRUE
"MAST3","23031",TRUE
"MZF1","7593",TRUE
"OCEL1","79629",TRUE
"MYO9B","4650",TRUE
"KCNK6","9424",TRUE
"CATSPERG","57828",TRUE
"PSMD8","5714",TRUE
"FBXL19","54620",TRUE
"STX1B","112755",TRUE
"HSD3B7","80270",TRUE
"SETD1A","9739",TRUE
"BCL7C","9274",TRUE
"MAGEB2","4113",TRUE
"EFNA2","1943",TRUE
"CIRBP","1153",TRUE
"ATP5F1D","513",TRUE
"CBARP","255057",TRUE
"IGFALS","3483",TRUE
"HNRNPM","4670",TRUE
"MARCHF2","51257",TRUE
"NDUFB7","4713",TRUE
"TECR","9524",TRUE
"TIMM13","26517",TRUE
"CDC34","997",TRUE
"MTAP","4507",TRUE
"MISP","126353",TRUE
"CEP170B","283638",TRUE
"POLR2E","5434",TRUE
"POLRMT","5442",TRUE
"HCN2","610",TRUE
"CDHR5","53841",TRUE
"IZUMO4","113177",TRUE
"RASSF7","8045",TRUE
"GADD45B","4616",TRUE
"PALM","5064",TRUE
"MADCAM1","8174",TRUE
"MKNK2","2872",TRUE
"ARVCF","421",TRUE
"TRMT2A","27037",TRUE
"RANBP1","5902",TRUE
"ZDHHC8","29801",TRUE
"KLHL22","84861",TRUE
"MED15","51586",TRUE
"SERPIND1","3053",TRUE
"SNAP29","9342",TRUE
"CRKL","1399",TRUE
"LZTR1","8216",TRUE
"MMP11","4320",TRUE
"CECR2","27443",TRUE
"SMARCB1","6598",TRUE
"P2RX6","9127",TRUE
"DERL3","91319",TRUE
"SLC7A4","6545",TRUE
"BCL2L13","23786",TRUE
"DDTL","100037417",TRUE
"DDT","1652",TRUE
"GSTT2","2953",TRUE
"OSM","5008",TRUE
"CABIN1","23523",TRUE
"TBC1D10A","83874",TRUE
"SUSD2","56241",TRUE
"SF3A1","10291",TRUE
"GGT5","2687",TRUE
"RNF215","200312",TRUE
"SEC14L2","23541",TRUE
"SPECC1L","23384",TRUE
"PPIL2","23759",TRUE
"UPB1","51733",TRUE
"YPEL1","29799",TRUE
"SNRPD3","6634",TRUE
"PES1","23481",TRUE
"MAPK1","5594",TRUE
"GGT1","2678",TRUE
"PRODH","5625",TRUE
"PPM1F","9647",TRUE
"SLC35E4","339665",TRUE
"TOP3B","8940",TRUE
"CRYBB3","1417",TRUE
"CYTH4","27128",TRUE
"ESS2","8220",TRUE
"MFNG","4242",TRUE
"CARD10","29775",TRUE
"SLC25A1","6576",TRUE
"GRK3","157",TRUE
"PLA2G3","50487",TRUE
"LGALS2","3957",TRUE
"GGA1","26088",TRUE
"HIRA","7290",TRUE
"SH3BP1","23616",TRUE
"LGALS1","3956",TRUE
"HPS4","89781",TRUE
"PIK3IP1","113791",TRUE
"SRRD","402055",TRUE
"PATZ1","23598",TRUE
"TRIOBP","11078",TRUE
"TFIP11","24144",TRUE
"GCAT","23464",TRUE
"GGTLC2","91227",TRUE
"ANKRD54","129138",TRUE
"EIF3L","51386",TRUE
"SNU13","4809",TRUE
"MICALL1","85377",TRUE
"POLR2F","5435",TRUE
"SOX10","6663",TRUE
"CCDC134","79879",TRUE
"DEPDC5","9681",TRUE
"PICK1","9463",TRUE
"TTC28","23331",TRUE
"SLC16A8","23539",TRUE
"CENPM","79019",TRUE
"SEPTIN3","55964",TRUE
"SLC5A1","6523",TRUE
"SLC5A4","6527",TRUE
"KDELR3","11015",TRUE
"CYP2D6","1565",TRUE
"DDX17","10521",TRUE
"DMC1","11144",TRUE
"TCF20","6942",TRUE
"HSCB","150274",TRUE
"CBY1","25776",TRUE
"TOMM22","56993",TRUE
"RSPH14","27156",TRUE
"XBP1","7494",TRUE
"RTCB","51493",TRUE
"JOSD1","9929",TRUE
"FBXO7","25793",TRUE
"GTPBP1","9567",TRUE
"POLDIP3","84271",TRUE
"RAB36","9609",TRUE
"TIMP3","7078",TRUE
"PPP6R2","9701",TRUE
"SBF1","6305",TRUE
"SUN2","25777",TRUE
"CYB5R3","1727",TRUE
"DNAL4","10126",TRUE
"LMF2","91289",TRUE
"RHBDD3","25807",TRUE
"PACSIN2","11252",TRUE
"TTLL1","25809",TRUE
"RASL10A","10633",TRUE
"AP1B1","162",TRUE
"HMGXB4","10042",TRUE
"TOM1","10043",TRUE
"NEFH","4744",TRUE
"CHKB","1120",TRUE
"BIK","638",TRUE
"HMOX1","3162",TRUE
"MCAT","27349",TRUE
"THOC5","8563",TRUE
"MCM5","4174",TRUE
"APOBEC3H","164668",TRUE
"ARSA","410",TRUE
"TSPO","706",TRUE
"RASD2","23551",TRUE
"TTLL12","23170",TRUE
"CBX7","23492",TRUE
"PDGFB","5155",TRUE
"ACR","49",TRUE
"CABP7","164633",TRUE
"RPL3","6122",TRUE
"ZMAT5","55954",TRUE
"RBFOX2","23543",TRUE
"SYNGR1","9145",TRUE
"TAB1","10454",TRUE
"ASCC2","84164",TRUE
"MTMR3","8897",TRUE
"MIEF1","54471",TRUE
"APOL4","80832",TRUE
"APOL1","8542",TRUE
"PNPLA3","80339",TRUE
"MYH9","4627",TRUE
"CACNA1I","8911",TRUE
"SAMM50","25813",TRUE
"TXN2","25828",TRUE
"FOXRED2","80020",TRUE
"GRAP2","9402",TRUE
"EIF3D","8664",TRUE
"TNRC6B","23112",TRUE
"SGSM3","27352",TRUE
"IFT27","11020",TRUE
"PVALB","5816",TRUE
"KIAA0930","23313",TRUE
"NCF4","4689",TRUE
"CSF2RB","1439",TRUE
"SLC25A17","10478",TRUE
"UPK3A","7380",TRUE
"FAM118A","55007",TRUE
"KCTD17","79734",TRUE
"ST13","6767",TRUE
"IL2RB","3560",TRUE
"RBX1","9978",TRUE
"EP300","2033",TRUE
"L3MBTL2","83746",TRUE
"CHADL","150356",TRUE
"RANGAP1","5905",TRUE
"ZC3H7B","23264",TRUE
"PHF5A","84844",TRUE
"ACO2","50",TRUE
"POLR3H","171568",TRUE
"TRMU","55687",TRUE
"PMM1","5372",TRUE
"DESI1","27351",TRUE
"CERK","64781",TRUE
"BRD1","23774",TRUE
"ZBED4","9889",TRUE
"MLC1","23209",TRUE
"HDAC10","83933",TRUE
"ABHD4","63874",TRUE
"KHNYN","23351",TRUE
"FKBP3","2287",TRUE
"SDR39U1","56948",TRUE
"GZMB","3002",TRUE
"RBM23","55147",TRUE
"PRMT5","10419",TRUE
"COCH","1690",TRUE
"AP4S1","11154",TRUE
"POLE2","5427",TRUE
"VCPKMT","79609",TRUE
"SOS2","6655",TRUE
"CDKL1","8814",TRUE
"NIN","51199",TRUE
"PYGL","5836",TRUE
"TRIM9","114088",TRUE
"PSMC6","5706",TRUE
"GNPNAT1","64841",TRUE
"DDHD1","80821",TRUE
"CDKN3","1033",TRUE
"CNIH1","10175",TRUE
"CGRRF1","10668",TRUE
"ATP6V1D","51382",TRUE
"CCDC198","55195",TRUE
"PLEK2","26499",TRUE
"PIGH","5283",TRUE
"PSMA3","5684",TRUE
"VTI1B","10490",TRUE
"TIMM9","26520",TRUE
"GSTZ1","2954",TRUE
"KIAA0586","9786",TRUE
"TMED8","283578",TRUE
"SAMD15","161394",TRUE
"AHSA1","10598",TRUE
"DAAM1","23002",TRUE
"ISM2","145501",TRUE
"SPTLC2","9517",TRUE
"RIN3","79890",TRUE
"LGMN","5641",TRUE
"ALKBH1","8846",TRUE
"SNW1","22938",TRUE
"CHGA","1113",TRUE
"ITPK1","3705",TRUE
"DHRS7","51635",TRUE
"PPM1A","5494",TRUE
"SIX4","51804",TRUE
"GALNT16","57452",TRUE
"ASB2","51676",TRUE
"CEP128","145508",TRUE
"ERH","2079",TRUE
"HIF1A","3091",TRUE
"SUSD6","9766",TRUE
"SRSF5","6430",TRUE
"EIF5","1983",TRUE
"SERPINA4","5267",TRUE
"DICER1","23405",TRUE
"ZFYVE21","79038",TRUE
"MTHFD1","4522",TRUE
"ZC3H14","79882",TRUE
"TELO2","9894",TRUE
"PCNX1","22990",TRUE
"BDKRB1","623",TRUE
"GSKIP","51527",TRUE
"VRK1","7443",TRUE
"PSMC1","5700",TRUE
"PAPLN","89932",TRUE
"RPS6KA5","9252",TRUE
"PPP4R3A","55671",TRUE
"C14orf93","60686",TRUE
"PSMB5","5693",TRUE
"YY1","7528",TRUE
"ACIN1","22985",TRUE
"CCNB1IP1","57820",TRUE
"TRIP11","9321",TRUE
"APEX1","328",TRUE
"PABPN1","8106",TRUE
"EFS","10278",TRUE
"ARHGAP5","394",TRUE
"CINP","51550",TRUE
"DHRS2","10202",TRUE
"SRP54","6729",TRUE
"CHD8","57680",TRUE
"PCK2","5106",TRUE
"PRORP","9692",TRUE
"DCAF11","80344",TRUE
"PSMA6","5687",TRUE
"NFKBIA","4792",TRUE
"EMC9","51016",TRUE
"PSME2","5721",TRUE
"BRMS1L","84312",TRUE
"REC8","9985",TRUE
"TM9SF1","10548",TRUE
"SEC23A","10484",TRUE
"GMPR2","51292",TRUE
"PNN","5411",TRUE
"RABGGTA","5875",TRUE
"NFATC4","4776",TRUE
"PLTP","5360",TRUE
"PCIF1","63935",TRUE
"GSS","2937",TRUE
"MMP9","4318",TRUE
"VSX1","30813",TRUE
"TRPC4AP","26133",TRUE
"PYGB","5834",TRUE
"ABHD12","26090",TRUE
"PROCR","10544",TRUE
"GINS1","9837",TRUE
"NINL","22981",TRUE
"CD40","958",TRUE
"UQCC1","55245",TRUE
"ZMYND8","23613",TRUE
"SGK2","10110",TRUE
"IFT52","51098",TRUE
"MYBL2","4605",TRUE
"R3HDML","140902",TRUE
"HNF4A","3172",TRUE
"NDRG3","57446",TRUE
"SLA2","84174",TRUE
"RAB5IF","55969",TRUE
"NFATC2","4773",TRUE
"RIMS4","140730",TRUE
"PABPC1L","80336",TRUE
"STK4","6789",TRUE
"SALL4","57167",TRUE
"ADNP","23394",TRUE
"PFDN4","5203",TRUE
"DOK5","55816",TRUE
"CSTF1","1477",TRUE
"BMP7","655",TRUE
"RAE1","8480",TRUE
"TPD52L2","7165",TRUE
"DNAJC5","80331",TRUE
"NELFCD","51497",TRUE
"CTSZ","1522",TRUE
"PRPF6","24148",TRUE
"TUBB1","81027",TRUE
"PRELID3B","51012",TRUE
"HRH3","11255",TRUE
"MTG2","26164",TRUE
"PSMA7","5688",TRUE
"SLCO4A1","28231",TRUE
"NTSR1","4923",TRUE
"MRGBP","55257",TRUE
"TCFL5","10732",TRUE
"DIDO1","11083",TRUE
"GID8","54994",TRUE
"SLC17A9","63910",TRUE
"BIRC7","79444",TRUE
"NKAIN4","128414",TRUE
"ARFGAP1","55738",TRUE
"COL20A1","57642",TRUE
"CHRNA4","1137",TRUE
"EEF1A2","1917",TRUE
"PTK6","5753",TRUE
"GMEB2","26205",TRUE
"ADISSP","54976",TRUE
"SPEF1","25876",TRUE
"CDC25B","994",TRUE
"ISM1","140862",TRUE
"RNF24","11237",TRUE
"ARFRP1","10139",TRUE
"NDUFAF5","79133",TRUE
"TRIB3","57761",TRUE
"RASSF2","9770",TRUE
"CSNK2A1","1457",TRUE
"SLC52A3","113278",TRUE
"ANGPT4","51378",TRUE
"RSPO4","343637",TRUE
"CDS2","8760",TRUE
"PROKR2","128674",TRUE
"HM13","81502",TRUE
"SNPH","9751",TRUE
"MYLK2","85366",TRUE
"SIRPB1","10326",TRUE
"SEC23B","10483",TRUE
"FERMT1","55612",TRUE
"CCM2L","140706",TRUE
"PLCB4","5332",TRUE
"MYL9","10398",TRUE
"HCK","3055",TRUE
"TM9SF4","9777",TRUE
"TLDC2","140711",TRUE
"CRNKL1","51340",TRUE
"POFUT1","23509",TRUE
"SAMHD1","25939",TRUE
"KIF3B","9371",TRUE
"MROH8","140699",TRUE
"NOP56","10528",TRUE
"MANBAL","63905",TRUE
"IDH3B","3420",TRUE
"MAPRE1","22919",TRUE
"JAG1","182",TRUE
"CDK5RAP1","51654",TRUE
"SNTA1","6640",TRUE
"TTI1","9675",TRUE
"E2F1","1869",TRUE
"RPRD1B","58490",TRUE
"PXMP4","11264",TRUE
"CHMP4B","128866",TRUE
"BPI","671",TRUE
"CST9L","128821",TRUE
"CST3","1471",TRUE
"ASIP","434",TRUE
"CST4","1472",TRUE
"ACTR5","79913",TRUE
"WFDC2","10406",TRUE
"AHCY","191",TRUE
"PPP1R16B","26051",TRUE
"FAM83D","81610",TRUE
"DHX35","60625",TRUE
"DNTTIP1","116092",TRUE
"MAP1LC3A","84557",TRUE
"SYNDIG1","79953",TRUE
"PIGU","128869",TRUE
"TNNC2","7125",TRUE
"ACOT8","10005",TRUE
"APMAP","57136",TRUE
"CELF4","56853",TRUE
"ZNF516","9658",TRUE
"ADNP2","22850",TRUE
"RBFA","79863",TRUE
"USP14","9097",TRUE
"VAPA","9218",TRUE
"METTL4","64863",TRUE
"LPIN2","9663",TRUE
"SMCHD1","23347",TRUE
"MYOM1","8736",TRUE
"MYL12A","10627",TRUE
"CEP76","79959",TRUE
"ST8SIA5","29906",TRUE
"CEP192","55125",TRUE
"RNMT","8731",TRUE
"SMAD7","4092",TRUE
"LIPG","9388",TRUE
"LAMA1","284217",TRUE
"RNF125","54941",TRUE
"ANKRD12","23253",TRUE
"NOL4","8715",TRUE
"POLI","11201",TRUE
"MIB1","57534",TRUE
"RBBP8","5932",TRUE
"RIOK3","8780",TRUE
"CSTF2","1478",TRUE
"MXRA5","25878",TRUE
"VSIG1","340547",TRUE
"PSMD10","5716",TRUE
"ATG4A","115201",TRUE
"STS","412",TRUE
"TBL1X","6907",TRUE
"GPR143","4935",TRUE
"PGRMC1","10857",TRUE
"POLA1","5422",TRUE
"MID1","4281",TRUE
"NKAP","79576",TRUE
"NXT2","55916",TRUE
"MCTS2","100101490",TRUE
"ALG13","79868",TRUE
"PRPS2","5634",TRUE
"MOSPD1","56180",TRUE
"AMMECR1","9949",TRUE
"CHRDL1","91851",TRUE
"WDR13","64743",TRUE
"SUV39H1","6839",TRUE
"SRPX","8406",TRUE
"XIAP","331",TRUE
"STAG2","10735",TRUE
"ATP11C","286410",TRUE
"MCF2","4168",TRUE
"ABCD1","215",TRUE
"CCDC22","28952",TRUE
"CACNA1F","778",TRUE
"SYP","6855",TRUE
"PLP2","5355",TRUE
"PLS3","5358",TRUE
"NAA10","8260",TRUE
"RENBP","5973",TRUE
"ELF4","2000",TRUE
"SMARCA1","6594",TRUE
"MTMR8","55613",TRUE
"ASB9","140462",TRUE
"ZC3H12B","340554",TRUE
"RBBP7","5931",TRUE
"KCND1","3750",TRUE
"SLC25A14","9016",TRUE
"FMR1","2332",TRUE
"PIM2","11040",TRUE
"SCML2","10389",TRUE
"SLC35A2","7355",TRUE
"PQBP1","10084",TRUE
"PCSK1N","27344",TRUE
"EMD","2010",TRUE
"TAFAZZIN","6901",TRUE
"PGK1","5230",TRUE
"MAGT1","84061",TRUE
"SMS","6611",TRUE
"PHEX","5251",TRUE
"UBL4A","8266",TRUE
"CD99L2","83692",TRUE
"EEA1","8411",TRUE
"GPR50","9248",TRUE
"RP2","6102",TRUE
"JADE3","9767",TRUE
"CDK16","5127",TRUE
"USP11","8237",TRUE
"PCYT1B","9468",TRUE
"HTATSF1","27336",TRUE
"VGLL1","51442",TRUE
"TIMP1","7076",TRUE
"KLHL4","56062",TRUE
"GABRE","2564",TRUE
"PCDH11X","27328",TRUE
"FGD1","2245",TRUE
"PIN4","5303",TRUE
"PORCN","64840",TRUE
"ITIH6","347365",TRUE
"MAGED2","10916",TRUE
"RBM3","5935",TRUE
"KLF8","11279",TRUE
"SRPX2","27286",TRUE
"SYTL4","94121",TRUE
"ZDHHC15","158866",TRUE
"CENPI","2491",TRUE
"DRP2","1821",TRUE
"TAF7L","54457",TRUE
"PBDC1","51260",TRUE
"GLA","2717",TRUE
"ARMCX3","51566",TRUE
"BEX4","56271",TRUE
"RUBCNL","80183",TRUE
"NALCN","259232",TRUE
"FGF14","2259",TRUE
"HTR2A","3356",TRUE
"NDFIP2","54602",TRUE
"TNFSF13B","10673",TRUE
"FNDC3A","22862",TRUE
"CDADC1","81602",TRUE
"CAB39L","81617",TRUE
"KLF5","688",TRUE
"STK24","8428",TRUE
"ACP5","54",TRUE
"DNAJC3","5611",TRUE
"UGGT2","55757",TRUE
"ARHGEF7","8874",TRUE
"FGF9","2254",TRUE
"SGCG","6445",TRUE
"PARP4","143",TRUE
"SUPT20H","55578",TRUE
"MRPS31","10240",TRUE
"SLC25A15","10166",TRUE
"KPNA3","3839",TRUE
"FLT1","2321",TRUE
"RGCC","28984",TRUE
"VWA8","23078",TRUE
"DGKH","160851",TRUE
"KATNAL1","84056",TRUE
"INTS6","26512",TRUE
"DHRS12","79758",TRUE
"MEDAG","84935",TRUE
"TSC22D1","8848",TRUE
"CLN5","1203",TRUE
"OLFM4","10562",TRUE
"MSLN","10232",TRUE
"MGRN1","23295",TRUE
"ZNF629","23361",TRUE
"TRADD","8717",TRUE
"HSF4","3299",TRUE
"CORO1A","11151",TRUE
"MAPK3","5595",TRUE
"GDPD3","79153",TRUE
"ELMO3","79767",TRUE
"PHKB","5257",TRUE
"LYRM1","57149",TRUE
"NUTF2","10204",TRUE
"NUP93","9688",TRUE
"CENPT","80152",TRUE
"TSNAXIP1","55815",TRUE
"NFAT5","10725",TRUE
"LONP2","83752",TRUE
"N4BP1","9683",TRUE
"CBLN1","869",TRUE
"ARL2BP","23568",TRUE
"PLLP","51090",TRUE
"ZNF423","23090",TRUE
"CCL22","6367",TRUE
"DHODH","1723",TRUE
"CCL17","6361",TRUE
"CTCF","10664",TRUE
"ACD","65057",TRUE
"POLR2C","5432",TRUE
"PARD6A","50855",TRUE
"ZNF821","55565",TRUE
"MMP15","4324",TRUE
"USB1","79650",TRUE
"CYB5B","80777",TRUE
"CFAP263","29070",TRUE
"NME3","4832",TRUE
"NDRG4","65009",TRUE
"PSMD7","5713",TRUE
"SETD6","79918",TRUE
"SLC38A7","55238",TRUE
"VAC14","55697",TRUE
"HAS3","3038",TRUE
"TANGO6","79613",TRUE
"COG4","25839",TRUE
"SMPD3","55512",TRUE
"SLC7A6OS","84138",TRUE
"SLC7A6","9057",TRUE
"PLA2G15","23659",TRUE
"ESRP2","80004",TRUE
"FA2H","79152",TRUE
"WDR59","79726",TRUE
"MON1B","22879",TRUE
"CMC2","56942",TRUE
"AXIN1","8312",TRUE
"HCFC1R1","54985",TRUE
"NPRL3","8131",TRUE
"MLYCD","23417",TRUE
"MPG","4350",TRUE
"NECAB2","54550",TRUE
"HSDL1","83693",TRUE
"TAF1C","9013",TRUE
"NAGPA","51172",TRUE
"SEC14L5","9717",TRUE
"COTL1","23406",TRUE
"USP10","9100",TRUE
"CRISPLD2","83716",TRUE
"TSC2","7249",TRUE
"ZNF500","26048",TRUE
"NME4","4833",TRUE
"ABCC1","4363",TRUE
"NOMO3","408050",TRUE
"LMF1","64788",TRUE
"FOXF1","2294",TRUE
"CIAO3","64428",TRUE
"MTHFSD","64779",TRUE
"CLCN7","1186",TRUE
"HAGHL","84264",TRUE
"ANTKMT","65990",TRUE
"SLC7A5","8140",TRUE
"METRN","79006",TRUE
"FBXO31","79791",TRUE
"STUB1","10273",TRUE
"RHBDL1","9028",TRUE
"NUBP1","4682",TRUE
"UBE2I","7329",TRUE
"ZP2","7783",TRUE
"MEFV","4210",TRUE
"CRYM","1428",TRUE
"EEF2K","29904",TRUE
"CAPN15","6650",TRUE
"PIEZO1","9780",TRUE
"GSPT1","2935",TRUE
"ZNF174","7727",TRUE
"CLUAP1","23059",TRUE
"UBFD1","56061",TRUE
"PRSS33","260429",TRUE
"EARS2","124454",TRUE
"ELOB","6923",TRUE
"GGA2","23062",TRUE
"AQP8","343",TRUE
"CPPED1","55313",TRUE
"USP31","57478",TRUE
"HMOX2","3163",TRUE
"DNAJA3","9093",TRUE
"BFAR","51283",TRUE
"SALL1","6299",TRUE
"TOX3","27324",TRUE
"RBL2","5934",TRUE
"QPRT","23475",TRUE
"XYLT1","64131",TRUE
"PYCARD","29108",TRUE
"RPGRIP1L","23322",TRUE
"MAZ","4150",TRUE
"STX4","6810",TRUE
"CDIPT","10423",TRUE
"BCKDK","10295",TRUE
"KAT8","84148",TRUE
"NOMO1","23420",TRUE
"IL21R","50615",TRUE
"SYT17","51760",TRUE
"TMC5","79838",TRUE
"CCP110","9738",TRUE
"VPS35L","57020",TRUE
"SLC6A2","6530",TRUE
"RNF40","9810",TRUE
"KNOP1","400506",TRUE
"AQP9","366",TRUE
"AAGAB","79719",TRUE
"IQCH","64799",TRUE
"LACTB","114294",TRUE
"CORO2B","10391",TRUE
"CSK","1445",TRUE
"HERC1","8925",TRUE
"TRIP4","9325",TRUE
"MTFMT","123263",TRUE
"RASL12","51285",TRUE
"AP3B2","8120",TRUE
"ACSBG1","23205",TRUE
"IGDCC4","57722",TRUE
"RAB11A","8766",TRUE
"CTSH","1512",TRUE
"TTC23","64927",TRUE
"CD276","80381",TRUE
"FAH","2184",TRUE
"CEMIP","57214",TRUE
"RPAP1","26015",TRUE
"HOMER2","9455",TRUE
"EHD4","30844",TRUE
"TMEM87A","25963",TRUE
"ZNF106","64397",TRUE
"CEP152","22995",TRUE
"ATP8B4","79895",TRUE
"OCA2","4948",TRUE
"DTWD1","56986",TRUE
"TGM5","9333",TRUE
"ENTREP2","23359",TRUE
"GABPB1","2553",TRUE
"TJP1","7082",TRUE
"BMF","90427",TRUE
"DMXL2","23312",TRUE
"DNAJC17","55192",TRUE
"EIF3J","8669",TRUE
"SPG11","80208",TRUE
"RHOV","171177",TRUE
"VPS18","57617",TRUE
"OIP5","11339",TRUE
"SLC30A4","7782",TRUE
"BLOC1S6","26258",TRUE
"MYEF2","50804",TRUE
"SGK3","23678",TRUE
"PDGFRL","5157",TRUE
"CSPP1","79848",TRUE
"ZDHHC2","51201",TRUE
"BRF2","55290",TRUE
"TRIM35","23087",TRUE
"ZFAND1","79752",TRUE
"RP1","6101",TRUE
"CA2","760",TRUE
"FZD3","7976",TRUE
"INTS9","55756",TRUE
"RIPK2","8767",TRUE
"EYA1","2138",TRUE
"NBN","4683",TRUE
"TRPA1","8989",TRUE
"CPQ","10404",TRUE
"DECR1","1666",TRUE
"CALB1","793",TRUE
"BPNT2","54928",TRUE
"SFRP1","6422",TRUE
"LAPTM4B","55353",TRUE
"UBE2W","55284",TRUE
"POP1","10940",TRUE
"NIPAL2","79815",TRUE
"IKBKB","3551",TRUE
"PLAT","5327",TRUE
"JPH1","56704",TRUE
"DKK4","27121",TRUE
"STK3","6788",TRUE
"GDAP1","54332",TRUE
"RAB2A","5862",TRUE
"EIF3E","3646",TRUE
"EMC2","9694",TRUE
"ESRP1","54845",TRUE
"CCN4","8840",TRUE
"NDRG1","10397",TRUE
"ZC2HC1A","51101",TRUE
"IL7","3574",TRUE
"ARMC1","55156",TRUE
"TRPS1","7227",TRUE
"SPAG1","6674",TRUE
"CHRAC1","54108",TRUE
"NCALD","83988",TRUE
"SNX16","64089",TRUE
"UBR5","51366",TRUE
"GSDMD","79792",TRUE
"GFUS","7264",TRUE
"PYCR3","65263",TRUE
"EEF1D","1936",TRUE
"ANXA13","312",TRUE
"SQLE","6713",TRUE
"SH2D4A","63898",TRUE
"INTS10","55174",TRUE
"ERI1","90459",TRUE
"SLC39A14","23516",TRUE
"MTMR9","66036",TRUE
"LEPROTL1","23484",TRUE
"DCTN6","10671",TRUE
"R3HCC1","203069",TRUE
"GSR","2936",TRUE
"TNFRSF10A","8797",TRUE
"UBXN8","7993",TRUE
"PPP2CB","5516",TRUE
"ERICH1","157697",TRUE
"NEFM","4741",TRUE
"TUSC3","7991",TRUE
"ARHGEF10","9639",TRUE
"KLHDC4","54758",TRUE
"MCM4","4173",TRUE
"KCTD9","54793",TRUE
"ASAH1","427",TRUE
"BNIP3L","665",TRUE
"MAN2B1","4125",TRUE
"KCNN4","3783",TRUE
"NUCB1","4924",TRUE
"DHDH","27294",TRUE
"GYS1","2997",TRUE
"MAP4K1","11184",TRUE
"CGB2","114336",TRUE
"ECH1","1891",TRUE
"HNRNPL","3191",TRUE
"NFKBIB","4793",TRUE
"LHB","3972",TRUE
"TUBB4A","10382",TRUE
"SARS2","54938",TRUE
"KCNA7","3743",TRUE
"SNRNP70","6625",TRUE
"CLPTM1","1209",TRUE
"RELB","5971",TRUE
"CLASRP","11129",TRUE
"LIN7B","64130",TRUE
"PPP1R37","284352",TRUE
"FCGRT","2217",TRUE
"PIH1D1","55011",TRUE
"ARHGEF18","23370",TRUE
"PPP1R13L","10848",TRUE
"PEX11G","92960",TRUE
"ERCC2","2068",TRUE
"DOT1L","84444",TRUE
"PLEKHJ1","55111",TRUE
"SLC17A7","57030",TRUE
"RNASEH2A","10535",TRUE
"KLC3","147700",TRUE
"CD37","951",TRUE
"SF3A2","8175",TRUE
"AMH","268",TRUE
"DKKL1","27120",TRUE
"LYL1","4066",TRUE
"OAZ1","4946",TRUE
"TRMT1","55621",TRUE
"STX10","8677",TRUE
"DMPK","1760",TRUE
"TBC1D17","79735",TRUE
"IL4I1","259307",TRUE
"TLE6","79816",TRUE
"YJU2B","81576",TRUE
"PTOV1","53635",TRUE
"TLE5","166",TRUE
"NOVA2","4858",TRUE
"SGTA","6449",TRUE
"MED25","81857",TRUE
"SNAPC2","6618",TRUE
"C19orf53","28974",TRUE
"TIMM44","10469",TRUE
"CCDC61","729440",TRUE
"IL27RA","9466",TRUE
"ASF1B","55723",TRUE
"TNNT1","7138",TRUE
"VRK3","51231",TRUE
"FAM32A","26017",TRUE
"PPP6R1","22870",TRUE
"C19orf44","84167",TRUE
"MED26","9441",TRUE
"OLFM2","93145",TRUE
"RASAL3","64926",TRUE
"AKAP8","10270",TRUE
"EPHX3","79852",TRUE
"ILVBL",NA,FALSE
"ZNF419","79744",TRUE
"SYDE1","85360",TRUE
"CASP14","23581",TRUE
"SLC1A6","6511",TRUE
"AURKC","6795",TRUE
"POP4","10775",TRUE
"CCNE1","898",TRUE
"URI1","8725",TRUE
"PDCD5","9141",TRUE
"ANKRD27","84079",TRUE
"RPS16","6217",TRUE
"TIMM50","92609",TRUE
"LGALS13","29124",TRUE
"FBL","2091",TRUE
"DYRK1B","9149",TRUE
"CCNP","79935",TRUE
"GPI","2821",TRUE
"AKT2","208",TRUE
"PLD3","23646",TRUE
"PRX","57716",TRUE
"PIAS4","51588",TRUE
"NUMBL","9253",TRUE
"EBI3","10148",TRUE
"YJU2","55702",TRUE
"SHD","56961",TRUE
"TBCB","1155",TRUE
"FSD1","79187",TRUE
"POLR2I","5438",TRUE
"CLIP3","25999",TRUE
"ZFR2","23217",TRUE
"SLC1A5","6510",TRUE
"PRKD2","25865",TRUE
"TJP3","27134",TRUE
"APLP1","333",TRUE
"CACTIN","58509",TRUE
"CCDC9","26093",TRUE
"HNRNPUL1","11100",TRUE
"FZR1","51343",TRUE
"BBC3","27113",TRUE
"TGFB1","7040",TRUE
"DENND3","22898",TRUE
"DMAC2","55101",TRUE
"PLIN3","10226",TRUE
"MYH14","79784",TRUE
"MRPL4","51073",TRUE
"CD79A","973",TRUE
"ICAM4","3386",TRUE
"RPS19","6223",TRUE
"NOP53","29997",TRUE
"ICAM5","7087",TRUE
"ETFB","2109",TRUE
"CD33","945",TRUE
"CEACAM5","1048",TRUE
"BABAM1","29086",TRUE
"TYK2","7297",TRUE
"CDC37","11140",TRUE
"NAPA","8775",TRUE
"RABAC1","10567",TRUE
"ATP1A3","478",TRUE
"MEIS3","56917",TRUE
"PTPRS","5802",TRUE
"CNFN","84518",TRUE
"MEGF8","1954",TRUE
"KDELR1","10945",TRUE
"CYTH2","9266",TRUE
"GRWD1","83743",TRUE
"GRIN2D","2906",TRUE
"SYNGR4","23546",TRUE
"CLEC11A","6320",TRUE
"ODAD1","93233",TRUE
"CARD8","22900",TRUE
"LIG1","3978",TRUE
"SIGLEC6","946",TRUE
"ZNF175","7728",TRUE
"PLA2G4C","8605",TRUE
"HAS1","3036",TRUE
"RAB3D","9545",TRUE
"DBP","1628",TRUE
"TMEM205","374882",TRUE
"CAPS","828",TRUE
"PLPPR2","64748",TRUE
"FAM83E","54854",TRUE
"RASIP1","54922",TRUE
"SPMAP2","51298",TRUE
"FGF21","26291",TRUE
"BCAT2","587",TRUE
"MIER2","54531",TRUE
"PLEKHA4","57664",TRUE
"PPP2R1A","5518",TRUE
"TNPO2","30000",TRUE
"WDR83OS","51398",TRUE
"CACNG7","59284",TRUE
"GCDH","2639",TRUE
"DNASE2","1777",TRUE
"MAST1","22983",TRUE
"LENG1","79165",TRUE
"PRPF31","26121",TRUE
"TFPT","29844",TRUE
"JAK3","3718",TRUE
"RPL18A","6142",TRUE
"SLC5A5","6528",TRUE
"KCNN1","3780",TRUE
"ARRDC2","27106",TRUE
"PIK3R2","5296",TRUE
"RAB3A","5864",TRUE
"PDE4C","5143",TRUE
"ISYNA1","51477",TRUE
"ELL","8178",TRUE
"CRTC1","23373",TRUE
"COMP","1311",TRUE
"UPK1A","11045",TRUE
"COPE","11316",TRUE
"DDX49","54555",TRUE
"ETV2","2116",TRUE
"ARMC6","93436",TRUE
"TMEM147","10430",TRUE
"MAG","4099",TRUE
"TMEM59L","25789",TRUE
"HAMP","57817",TRUE
"USF2","7392",TRUE
"LSR","51599",TRUE
"KXD1","79036",TRUE
"FKBP8","23770",TRUE
"SUGP1","57794",TRUE
"HPN","3249",TRUE
"ZNF14","7561",TRUE
"SCN1B","6324",TRUE
"PBX4","80714",TRUE
"ERF","2077",TRUE
"GSK3A","2931",TRUE
"ATP13A1","57130",TRUE
"ZNF574","64763",TRUE
"GRIK5","2901",TRUE
"SIPA1L3","23094",TRUE
"ZNF85","7639",TRUE
"ETHE1","23474",TRUE
"CADM4","199731",TRUE
"SMG9","56006",TRUE
"AVL9","23080",TRUE
"RUNDC3B","154661",TRUE
"CFAP69","79846",TRUE
"GTPBP10","85865",TRUE
"RASA4","10156",TRUE
"CDK6","1021",TRUE
"PMPCB","9512",TRUE
"DNAJC2","27000",TRUE
"TFPI2","7980",TRUE
"BET1","10282",TRUE
"NAMPT","10135",TRUE
"POLR1F","221830",TRUE
"PON3","5446",TRUE
"PON2","5445",TRUE
"ITGB8","3696",TRUE
"HBP1","26959",TRUE
"DUS4L","11062",TRUE
"SP4","6671",TRUE
"WDR91","29062",TRUE
"DNAH11","8701",TRUE
"CBLL1","79872",TRUE
"DLX5","1749",TRUE
"MTPN","136319",TRUE
"STEAP1B","256227",TRUE
"PTN","5764",TRUE
"PALS2","51678",TRUE
"GSDME","1687",TRUE
"ATP6V0A4","50617",TRUE
"ZC3HAV1","56829",TRUE
"IFT56","79989",TRUE
"OGDH","4967",TRUE
"NPVF","64111",TRUE
"ADAP1","11033",TRUE
"TFEC","22797",TRUE
"H2AZ2","94239",TRUE
"CAV2","858",TRUE
"CAV1","857",TRUE
"MET","4233",TRUE
"RNF32","140545",TRUE
"LMBR1","64327",TRUE
"WNT2","7472",TRUE
"HOXA1","3198",TRUE
"DNAJB6","10049",TRUE
"HOXA2","3199",TRUE
"HOXA3","3200",TRUE
"LFNG","3955",TRUE
"HOXA5","3202",TRUE
"HOXA6","3203",TRUE
"BRAT1","221927",TRUE
"IQCE","23288",TRUE
"ANKRD7","56311",TRUE
"VIPR2","7434",TRUE
"TSPAN12","23554",TRUE
"SSBP1","6742",TRUE
"HOXA13","3209",TRUE
"CPED1","79974",TRUE
"EVX1","2128",TRUE
"HIBADH","11112",TRUE
"TAX1BP1","8887",TRUE
"CPVL","54504",TRUE
"CHN2","1124",TRUE
"GRB10","2887",TRUE
"ABHD11","83451",TRUE
"COBL","23242",TRUE
"FKBP14","55033",TRUE
"PLEKHA8","84725",TRUE
"STX1A","6804",TRUE
"NOD1","10392",TRUE
"GARS1","2617",TRUE
"EPHB6","2051",TRUE
"MINDY4","84182",TRUE
"CASP2","835",TRUE
"CHCHD2","51142",TRUE
"CCL24","6369",TRUE
"HSPB1","3315",TRUE
"NPTX2","4885",TRUE
"PDAP1","11333",TRUE
"BUD31","8896",TRUE
"PTCD1","26024",TRUE
"CYP3A5","1577",TRUE
"ZKSCAN1","7586",TRUE
"EIF3B","8662",TRUE
"SNX8","29886",TRUE
"NUDT1","4521",TRUE
"PTPRZ1","5803",TRUE
"TAF6","6878",TRUE
"WASL","8976",TRUE
"HYAL4","23553",TRUE
"AIMP2","7965",TRUE
"TFR2","7036",TRUE
"MOSPD3","64598",TRUE
"PCOLCE","5118",TRUE
"FBXO24","26261",TRUE
"RBM28","55131",TRUE
"USP42","84132",TRUE
"IMPDH1","3614",TRUE
"AGFG2","3268",TRUE
"LSM5","23658",TRUE
"SERPINE1","5054",TRUE
"AP1S1","1174",TRUE
"C1GALT1","56913",TRUE
"PLOD3","8985",TRUE
"RPA3","6119",TRUE
"ZNHIT1","10467",TRUE
"CLDN15","24146",TRUE
"GLCCI1","113263",TRUE
"MYL10","93408",TRUE
"PHF14","9678",TRUE
"NRF1","4899",TRUE
"TMEM106B","54664",TRUE
"EZH2","2146",TRUE
"CEP41","95681",TRUE
"ZNF862","643641",TRUE
"SFRP4","6424",TRUE
"MEST","4232",TRUE
"MEOX2","4223",TRUE
"ANKMY2","57037",TRUE
"ACTR3C","653857",TRUE
"POU6F2","11281",TRUE
"TSPAN13","27075",TRUE
"RARRES2","5919",TRUE
"AGR2","10551",TRUE
"AHR","196",TRUE
"CHCHD3","54927",TRUE
"GIMAP2","26157",TRUE
"TMEM176B","28959",TRUE
"GLI3","2737",TRUE
"PSMA2","5683",TRUE
"MRPL32","64983",TRUE
"COA1","55744",TRUE
"BLVRA","644",TRUE
"URGCP","55665",TRUE
"TMEM248","55069",TRUE
"RHEB","6009",TRUE
"PRKAG2","51422",TRUE
"AEBP1","165",TRUE
"POLD2","5425",TRUE
"MYL7","58498",TRUE
"GCK","2645",TRUE
"BCL7B","9275",TRUE
"YKT6","10652",TRUE
"TBL2","26608",TRUE
"GALNTL5","168391",TRUE
"CLIP2","7461",TRUE
"EIF4H","7458",TRUE
"LIMK1","3984",TRUE
"SPATA6L","55064",TRUE
"SLC1A1","6505",TRUE
"LHX2","9355",TRUE
"FKTN","2218",TRUE
"FSD1L","83856",TRUE
"CNTNAP3","79937",TRUE
"SPIN1","10927",TRUE
"NMRK1","54981",TRUE
"TMEM245","23731",TRUE
"PRUNE2","158471",TRUE
"MEGF9","1955",TRUE
"TRIM14","9830",TRUE
"CORO2A","7464",TRUE
"TGFBR1","7046",TRUE
"SEC61B","10952",TRUE
"C5","727",TRUE
"ECM2","1842",TRUE
"TLE4","7091",TRUE
"LHX6","26468",TRUE
"PTGR1","22949",TRUE
"SUSD1","64420",TRUE
"AMBP","259",TRUE
"AKNA","80709",TRUE
"DNM1","1759",TRUE
"ENG","2022",TRUE
"AK1","203",TRUE
"CDC37L1","55664",TRUE
"RLN2","6019",TRUE
"RLN1","6013",TRUE
"PLGRKT","55848",TRUE
"TBC1D13","54662",TRUE
"RIC1","57589",TRUE
"KDM4C","23081",TRUE
"DOCK8","81704",TRUE
"KANK1","23189",TRUE
"ELAVL2","1993",TRUE
"NCS1","23413",TRUE
"TESK1","7016",TRUE
"KCNT1","57582",TRUE
"CA9","768",TRUE
"FUBP3","8939",TRUE
"TYRP1","7306",TRUE
"CREB3","10488",TRUE
"RGP1","9827",TRUE
"MPDZ","8777",TRUE
"RIGI","23586",TRUE
"EDF1","8721",TRUE
"PIP5K1B","8395",TRUE
"GLIS3","169792",TRUE
"BAG1","573",TRUE
"RAPGEF1","2889",TRUE
"NPDC1","56654",TRUE
"APBA1","320",TRUE
"SETX","23064",TRUE
"SH3GL2","6456",TRUE
"PTGDS","5730",TRUE
"ABCA2","20",TRUE
"SHB","6461",TRUE
"UBE2R2","54926",TRUE
"ABHD17B","51104",TRUE
"EXOSC3","51010",TRUE
"ZFAND5","7763",TRUE
"DVL1","1855",TRUE
"PDLIM1","9124",TRUE
"CCNJ","54619",TRUE
"GATA3","2625",TRUE
"ATRNL1","26033",TRUE
"HPS1","3257",TRUE
"PHYH","5264",TRUE
"RASSF4","83937",TRUE
"DNMBP","23268",TRUE
"RAB11FIP2","22841",TRUE
"CXCL12","6387",TRUE
"ERLIN1","10613",TRUE
"EIF3A","8661",TRUE
"CUBN","8029",TRUE
"TRDMT1","1787",TRUE
"DDX50","79009",TRUE
"MAPK8","5599",TRUE
"SEC23IP","11196",TRUE
"ATE1","11101",TRUE
"NSMCE4A","54780",TRUE
"PLEKHA1","59338",TRUE
"PALD1","27143",TRUE
"UNC5B","219699",TRUE
"CDH23","64072",TRUE
"VSIR","64115",TRUE
"SPOCK2","9806",TRUE
"MICU1","10367",TRUE
"PPP3CB","5532",TRUE
"CCSER2","54462",TRUE
"BMPR1A","657",TRUE
"MINPP1","9562",TRUE
"ACTA2","59",TRUE
"LIPA","3988",TRUE
"TLX1","3195",TRUE
"TWNK","56652",TRUE
"LZTS2","84445",TRUE
"SFXN3","81855",TRUE
"KAZALD1","81621",TRUE
"FBXW4","6468",TRUE
"FGF8","2253",TRUE
"NPM3","10360",TRUE
"TNKS2","80351",TRUE
"GBF1","8729",TRUE
"ARHGAP21","57584",TRUE
"CPEB3","22849",TRUE
"FBXL15","79176",TRUE
"CUEDC2","79004",TRUE
"SUFU","51684",TRUE
"ANKRD26","22852",TRUE
"ACBD5","91452",TRUE
"LHPP","64077",TRUE
"LARP4B","23185",TRUE
"GTPBP4","23560",TRUE
"EDRF1","26098",TRUE
"BCCIP","56647",TRUE
"MTPAP","55149",TRUE
"NEURL1","9148",TRUE
"SH3PXD2A","9644",TRUE
"PITRM1","10531",TRUE
"STN1","79991",TRUE
"MAP3K8","1326",TRUE
"DKK1","22943",TRUE
"EBF3","253738",TRUE
"GLRX3","10539",TRUE
"SORCS1","114815",TRUE
"TASOR2","54906",TRUE
"XPNPEP1","7511",TRUE
"SMC3","9126",TRUE
"SHOC2","8036",TRUE
"TFAM","7019",TRUE
"CCDC6","8030",TRUE
"CUL2","8453",TRUE
"CCNY","219771",TRUE
"UBE2S","27338",TRUE
"RPL28","6158",TRUE
"ZMIZ1","57178",TRUE
"DNAJC12","56521",TRUE
"PPIF","10105",TRUE
"PBLD","64081",TRUE
"TSPAN14","81619",TRUE
"LGI1","9211",TRUE
"TBC1D12","23232",TRUE
"CYP2C18","1562",TRUE
"KRT23","25984",TRUE
"NUFIP2","57532",TRUE
"GIT1","28964",TRUE
"RPL19","6143",TRUE
"FBXL20","84961",TRUE
"RUNDC3A","10900",TRUE
"UBTF","7343",TRUE
"CSF3","1440",TRUE
"PSMD3","5709",TRUE
"CASC3","22794",TRUE
"RAPGEFL1","51195",TRUE
"RGS9","8787",TRUE
"RNF43","54894",TRUE
"WNT3","7473",TRUE
"RAD51C","5889",TRUE
"SEPTIN4","5414",TRUE
"MTMR4","9110",TRUE
"TRIM37","4591",TRUE
"P2RX1","5023",TRUE
"DHX40","79665",TRUE
"KRT37","8688",TRUE
"TUBD1","51174",TRUE
"KPNB1","3837",TRUE
"GOSR2","9570",TRUE
"PNPO","55163",TRUE
"RPS6KB1","6198",TRUE
"CDK5RAP3","80279",TRUE
"CBX1","10951",TRUE
"RECQL5","9400",TRUE
"PIGL","9487",TRUE
"GALK1","2584",TRUE
"INTS2","57508",TRUE
"CAMTA2","23125",TRUE
"MED13","9969",TRUE
"HOXB6","3216",TRUE
"ENO3","2027",TRUE
"PFN1","5216",TRUE
"RNF167","26001",TRUE
"SLC25A11","8402",TRUE
"RASD1","51655",TRUE
"CHRNE","1145",TRUE
"RAI1","10743",TRUE
"NUP88","4927",TRUE
"C1QBP","708",TRUE
"SLC6A4","6532",TRUE
"BLMH","642",TRUE
"CPD","1362",TRUE
"GOSR1","9527",TRUE
"CCDC47","57003",TRUE
"MED31","51003",TRUE
"DRG2","1819",TRUE
"FTSJ3","117246",TRUE
"AKAP10","11216",TRUE
"ALDH3A1","218",TRUE
"SMARCD2","6603",TRUE
"ICAM2","3384",TRUE
"SYNGR2","9144",TRUE
"B9D1","27077",TRUE
"UTP6","55813",TRUE
"DDX5","1655",TRUE
"C17orf75","64149",TRUE
"CYTH1","9267",TRUE
"PSMD11","5717",TRUE
"LGALS3BP","3959",TRUE
"ASIC2","40",TRUE
"CCL7","6354",TRUE
"CCL2","6347",TRUE
"PEX12","5193",TRUE
"KRT32","3882",TRUE
"DHX58","79132",TRUE
"KAT2A","2648",TRUE
"RAB5C","5878",TRUE
"NAGLU","4669",TRUE
"HSD17B1","3292",TRUE
"MLX","6945",TRUE
"CNTNAP1","8506",TRUE
"EZH1","2145",TRUE
"DLX4","1748",TRUE
"PPP1R9B","84687",TRUE
"COL1A1","1277",TRUE
"SGCA","6442",TRUE
"MRPL27","51264",TRUE
"VAT1","10493",TRUE
"LRRC59","55379",TRUE
"RND2","8153",TRUE
"ALOX12","239",TRUE
"HDAC5","10014",TRUE
"ABCC3","8714",TRUE
"LUC7L3","51747",TRUE
"MPP2","4355",TRUE
"SMURF2","64750",TRUE
"DUSP3","1845",TRUE
"CACNG1","786",TRUE
"EFTUD2","9343",TRUE
"HLF","3131",TRUE
"SLC16A6","9120",TRUE
"PRKAR1A","5573",TRUE
"EFNB3","1949",TRUE
"FAM20A","54757",TRUE
"YWHAE","7531",TRUE
"MMD","23531",TRUE
"RANGRF","29098",TRUE
"DPH1","1801",TRUE
"MAP2K6","5608",TRUE
"DHRS7B","25979",TRUE
"WSB1","26118",TRUE
"NHERF1","9368",TRUE
"MYH3","4621",TRUE
"NAT9","26151",TRUE
"TMEM104",NA,FALSE
"VTN","7448",TRUE
"TNFAIP1","7126",TRUE
"IFT20","90410",TRUE
"TMEM97","27346",TRUE
"CDR2L","30850",TRUE
"PMP22","5376",TRUE
"UNC119","9094",TRUE
"ALDOC","230",TRUE
"SUPT6H","6830",TRUE
"RAB34","83871",TRUE
"PHF12","57649",TRUE
"TMEM33","55161",TRUE
"SLAIN2","57606",TRUE
"OCIAD1","54940",TRUE
"UGT2B10","7365",TRUE
"CWH43","80157",TRUE
"DCUN1D4","23142",TRUE
"USP46","64854",TRUE
"SULT1E1","6783",TRUE
"ODAM","54959",TRUE
"CHIC2","26511",TRUE
"NMU","10874",TRUE
"CRACD","57482",TRUE
"LAMTOR3","8649",TRUE
"NFKB1","4790",TRUE
"AREG","374",TRUE
"MANBA","4126",TRUE
"UBE2D3","7323",TRUE
"MAPK10","5602",TRUE
"ELF2","1998",TRUE
"NDUFC1","4717",TRUE
"TBC1D9","23158",TRUE
"ZNF330","27309",TRUE
"INPP4B","8821",TRUE
"GAB1","2549",TRUE
"KLHL2","11275",TRUE
"CPE","1363",TRUE
"RPL34","6164",TRUE
"WFS1","7466",TRUE
"ANXA10","11199",TRUE
"GRPEL1","80273",TRUE
"GAR1","54433",TRUE
"FRG1","2483",TRUE
"CLCN3","1182",TRUE
"AADAT","51166",TRUE
"GALNT7","51809",TRUE
"DHX15","1665",TRUE
"SOD3","6649",TRUE
"SEPSECS","51091",TRUE
"CPZ","8532",TRUE
"TRIM2","23321",TRUE
"SLC2A9","56606",TRUE
"FBXW7","55294",TRUE
"NEIL3","55247",TRUE
"TBC1D19","55296",TRUE
"NSD2","7468",TRUE
"SH3D19","152503",TRUE
"STIM2","57620",TRUE
"NKX3-2","579",TRUE
"MFSD10",NA,FALSE
"GLRB","2743",TRUE
"BST1","683",TRUE
"RAPGEF2","9693",TRUE
"HGFAC","3083",TRUE
"SNX25","83891",TRUE
"LRP2BP","55805",TRUE
"UFSP2","55325",TRUE
"KLF3","51274",TRUE
"KLHL5","51088",TRUE
"FAM149A","25854",TRUE
"NCAPG","64151",TRUE
"UGDH","7358",TRUE
"PPARGC1A","10891",TRUE
"DDX25","29118",TRUE
"CRYAB","1410",TRUE
"HTATIP2","10553",TRUE
"CTSC","1075",TRUE
"CCDC34","91057",TRUE
"ZBTB16","7704",TRUE
"ELP4","26610",TRUE
"ZPR1","8882",TRUE
"MTCH2","23788",TRUE
"FNBP4","23360",TRUE
"SC5D","6309",TRUE
"CRTAM","56253",TRUE
"JHY","79864",TRUE
"B3GAT1","27087",TRUE
"HSPA8","3312",TRUE
"VWA5A","4013",TRUE
"DNAJC4","3338",TRUE
"SIAE","54414",TRUE
"SNX15","29907",TRUE
"LPXN","9404",TRUE
"DTX4","23220",TRUE
"ATG2A","23130",TRUE
"EHD1","10938",TRUE
"OSBP","5007",TRUE
"UNC93B1","81622",TRUE
"PUS3","83480",TRUE
"DCPS","28960",TRUE
"KMT5B","51111",TRUE
"FOXRED1","55572",TRUE
"PPP6R3","55291",TRUE
"NRXN2","9379",TRUE
"ST3GAL4","6484",TRUE
"CPT1A","1374",TRUE
"CCND1","595",TRUE
"CCDC86","79080",TRUE
"PRPF19","27339",TRUE
"TMEM109","79073",TRUE
"CCKBR","887",TRUE
"HPX","3263",TRUE
"TRIM3","10612",TRUE
"CHORDC1","26973",TRUE
"FOLR1","2348",TRUE
"ANAPC15","25906",TRUE
"FOLR3","2352",TRUE
"PANX1","24145",TRUE
"ARHGEF17","9828",TRUE
"APOC3","345",TRUE
"CEP164","22897",TRUE
"RNF141","50862",TRUE
"CEP126","57562",TRUE
"EIF4G2","1982",TRUE
"IL10RA","3587",TRUE
"GALNT18","374378",TRUE
"BIRC2","329",TRUE
"UBE4A","9354",TRUE
"DDX6","1656",TRUE
"UPK2","7379",TRUE
"CBL","867",TRUE
"NECTIN1","5818",TRUE
"HIPK3","10114",TRUE
"KIAA1549L","25758",TRUE
"FBXO3","26273",TRUE
"PDHX","8050",TRUE
"SLC1A2","6506",TRUE
"COMMD9","29099",TRUE
"SLC15A3","51296",TRUE
"CD5","921",TRUE
"ACCS","84680",TRUE
"SCGB2A2","4250",TRUE
"MDK","4192",TRUE
"AMBRA1","55626",TRUE
"MADD","8567",TRUE
"PTPMT1","114971",TRUE
"NAA40","79829",TRUE
"CARS1","833",TRUE
"SLC22A18",NA,FALSE
"CD81","975",TRUE
"SLC35F2","54733",TRUE
"C11orf21","29125",TRUE
"ELMOD1","55531",TRUE
"CALCA","796",TRUE
"SOX6","55553",TRUE
"C11orf58","10944",TRUE
"PITPNM1","9600",TRUE
"RPS13","6207",TRUE
"AIP","9049",TRUE
"NUP98","4928",TRUE
"NDUFS8","4728",TRUE
"TCIRG1","10312",TRUE
"CHKA","1119",TRUE
"EXPH5","23086",TRUE
"HPS5","11234",TRUE
"GTF2H1","2965",TRUE
"POU2AF1","5450",TRUE
"PTPN5","84867",TRUE
"VWF","7450",TRUE
"PSMD9","5715",TRUE
"P3H3","10536",TRUE
"PPFIBP1","8496",TRUE
"PRPF40B","25766",TRUE
"CD69","969",TRUE
"PRDM4","11108",TRUE
"CLEC2B","9976",TRUE
"COQ5","84274",TRUE
"SELPLG","6404",TRUE
"CORO1C","23603",TRUE
"ASIC1","41",TRUE
"CAPRIN2","65981",TRUE
"TSPAN11","441631",TRUE
"KCTD10","83892",TRUE
"SLC11A2","4891",TRUE
"MLEC","9761",TRUE
"MVK","4598",TRUE
"CSRNP2","81566",TRUE
"CAMKK2","10645",TRUE
"BIN2","51411",TRUE
"IL23A","51561",TRUE
"ATP5F1B","506",TRUE
"PTGES3","10728",TRUE
"SYT10","341359",TRUE
"BCL7A","605",TRUE
"RSRC2","65117",TRUE
"CYP27B1","1594",TRUE
"LIN7A","8825",TRUE
"KRT18","3875",TRUE
"ACSS3","79611",TRUE
"TNS2","23371",TRUE
"GLI1","2735",TRUE
"PPM1H","57460",TRUE
"METAP2","10988",TRUE
"LTA4H","4048",TRUE
"ELK3","2004",TRUE
"SLC6A12","6539",TRUE
"WNT5B","81029",TRUE
"MAGOHB","55110",TRUE
"TRPV4","59341",TRUE
"ITFG2","55846",TRUE
"FOXM1","2305",TRUE
"PRR4","11272",TRUE
"PRMT8","56341",TRUE
"PARP11","57097",TRUE
"ARPC3","10094",TRUE
"GPN3","51184",TRUE
"VPS29","51699",TRUE
"MYL2","4633",TRUE
"RAD51AP1","10635",TRUE
"CUX2","23316",TRUE
"SH2B3","10019",TRUE
"AKAP3","10566",TRUE
"MANSC1","54682",TRUE
"DUSP16","80824",TRUE
"CREBL2","1389",TRUE
"ACAD10","80724",TRUE
"ALDH2","217",TRUE
"CDKN1B","1027",TRUE
"GPRC5D","55507",TRUE
"NAA25","80018",TRUE
"GSG1","83445",TRUE
"SCNN1A","6337",TRUE
"LTBR","4055",TRUE
"OGFOD2","79676",TRUE
"CDK2AP1","8099",TRUE
"OAS3","4940",TRUE
"OAS2","4939",TRUE
"ART4","420",TRUE
"MGP","4256",TRUE
"RASAL1","8437",TRUE
"ARHGDIB","397",TRUE
"GTF2H3","2967",TRUE
"EIF2B1","1967",TRUE
"DDX55","57696",TRUE
"SLC38A1","81539",TRUE
"RERGL","79785",TRUE
"ENDOU","8909",TRUE
"SPRING1","79794",TRUE
"VDR","7421",TRUE
"FZD10","11211",TRUE
"RFC5","5985",TRUE
"STX2","2054",TRUE
"ADGRD1","283383",TRUE
"COPZ1","22818",TRUE
"TBC1D30","23329",TRUE
"CAND1","55832",TRUE
"RAB5B","5869",TRUE
"MDM1","56890",TRUE
"NUP107","57122",TRUE
"CNOT2","4848",TRUE
"TIMELESS","8914",TRUE
"CPSF6","11052",TRUE
"KRR1","11103",TRUE
"MRPL51","51258",TRUE
"GAPDH","2597",TRUE
"NOP2","4839",TRUE
"CHD4","1108",TRUE
"ACRBP","84519",TRUE
"BLTP3B","23074",TRUE
"COPS7A","50813",TRUE
"ING4","51147",TRUE
"GNB3","2784",TRUE
"CDCA3","83461",TRUE
"CHPT1","56994",TRUE
"USP5","8078",TRUE
"TPI1","7167",TRUE
"GNPTAB","79158",TRUE
"SPSB2","84727",TRUE
"ENO2","2026",TRUE
"ATN1","1822",TRUE
"C12orf57","113246",TRUE
"PTPN6","5777",TRUE
"LPCAT3","10162",TRUE
"NT5DC3","51559",TRUE
"SLCO1B3","28234",TRUE
"SUDS3","64426",TRUE
"GOLT1B","51026",TRUE
"LDHB","3945",TRUE
"PRKAB1","5564",TRUE
"CMAS","55907",TRUE
"HCFC2","29915",TRUE
"ST8SIA1","6489",TRUE
"CLEC4A","50856",TRUE
"C2CD5","9847",TRUE
"AICDA","57379",TRUE
"RAB35","11021",TRUE
"PHC1","1911",TRUE
"COX6A1","1337",TRUE
"RIC8B","55188",TRUE
"SRSF9","8683",TRUE
"FGFR1OP2","26127",TRUE
"COL12A1","1303",TRUE
"BTN3A3","10384",TRUE
"TDP2","51567",TRUE
"FRK","2444",TRUE
"DSE","29940",TRUE
"RWDD1","51389",TRUE
"RSPH4A","345895",TRUE
"MAK","4117",TRUE
"TMEM14C","51522",TRUE
"PAK1IP1","55003",TRUE
"GCNT2","2651",TRUE
"SMIM8","57150",TRUE
"NEDD9","4739",TRUE
"CEP85L","387119",TRUE
"ADTRP","84830",TRUE
"ASF1A","25842",TRUE
"MCM9","254394",TRUE
"FAM184A","79632",TRUE
"RNGTT","8732",TRUE
"MAN1A1","4121",TRUE
"GABRR2","2570",TRUE
"SERINC1","57515",TRUE
"HDDC2","51020",TRUE
"TPD52L1","7164",TRUE
"HINT3","135114",TRUE
"NCOA7","135112",TRUE
"RIPOR2","9750",TRUE
"SASH1","23328",TRUE
"UST","10090",TRUE
"ULBP1","80329",TRUE
"FBXO5","26271",TRUE
"MTRF1L","54516",TRUE
"PPARD","5467",TRUE
"FANCE","2178",TRUE
"TULP1","7287",TRUE
"SLC26A8","116369",TRUE
"MAPK14","1432",TRUE
"RHAG","6005",TRUE
"KCTD20","222658",TRUE
"STK38","11329",TRUE
"SRSF3","6428",TRUE
"MRPL18","29074",TRUE
"MCM3","4172",TRUE
"RNF8","9025",TRUE
"PHACTR1","221692",TRUE
"MDGA1","266727",TRUE
"CILK1","22858",TRUE
"FBXO9","26268",TRUE
"CD83","9308",TRUE
"MDN1","23195",TRUE
"GLP1R","2740",TRUE
"SAYSD1","55776",TRUE
"BMP5","653",TRUE
"BACH2","60468",TRUE
"RBM24","221662",TRUE
"CAP2","10486",TRUE
"TREML2","79865",TRUE
"ZNF451","26036",TRUE
"BAG2","9532",TRUE
"RAB23","51715",TRUE
"GPR63","81491",TRUE
"FBXL4","26235",TRUE
"CCNC","892",TRUE
"PRDM13","59336",TRUE
"E2F3","1871",TRUE
"PTP4A1","7803",TRUE
"SIM1","6492",TRUE
"ASCC3","10973",TRUE
"BVES",NA,FALSE
"COL9A1","1297",TRUE
"MED23","9439",TRUE
"WASF1","8936",TRUE
"GPLD1","2822",TRUE
"ALDH5A1","7915",TRUE
"CRYBG1","202",TRUE
"VNN1","8876",TRUE
"VNN2","8875",TRUE
"ACOT13","55856",TRUE
"SMAP1","60682",TRUE
"RPS12","6206",TRUE
"C6orf62","81688",TRUE
"B3GAT2","135152",TRUE
"GMNN","51053",TRUE
"EYA4","2070",TRUE
"SOBP","55084",TRUE
"NR2E1","7101",TRUE
"SNX3","8724",TRUE
"HBS1L","10767",TRUE
"TRIM38","10475",TRUE
"PEX7","5191",TRUE
"ZBTB24","9841",TRUE
"FIG4","9896",TRUE
"PERP","64065",TRUE
"ARFGEF3","57221",TRUE
"SLC16A10","117247",TRUE
"HECA","51696",TRUE
"ADGRG6","57211",TRUE
"PHACTR2","9749",TRUE
"EPM2A","7957",TRUE
"SLC39A7","7922",TRUE
"UNC93A","54346",TRUE
"PHF1","5252",TRUE
"CUTA","51596",TRUE
"PACRG","135138",TRUE
"QKI","9444",TRUE
"C6orf118","168090",TRUE
"PDE10A","10846",TRUE
"MDFI","4188",TRUE
"TFEB","7942",TRUE
"SMOC2","64094",TRUE
"CCND3","896",TRUE
"BYSL","705",TRUE
"FAM120B","84498",TRUE
"TBP","6908",TRUE
"GUCA1B","2979",TRUE
"PRPH2","5961",TRUE
"BICRAL","23506",TRUE
"PPP2R5D","5528",TRUE
"MRPL2","51069",TRUE
"PTK7","5754",TRUE
"SRF","6722",TRUE
"CUL9","23113",TRUE
"DNPH1","10591",TRUE
"DUSP22","56940",TRUE
"EXOC2","55770",TRUE
"COX7A2","1347",TRUE
"TMEM30A","55754",TRUE
"GMDS","2762",TRUE
"SENP6","26054",TRUE
"VEGFA","7422",TRUE
"PRP4K","8899",TRUE
"TTK","7272",TRUE
"SLC29A1","2030",TRUE
"CCN6","8838",TRUE
"BTN2A1","11120",TRUE
"LAMA4","3910",TRUE
"TENT5A","55603",TRUE
"CLIC5","53405",TRUE
"FBRSL1","57666",TRUE
"ENPP5","59084",TRUE
"PRSS16","10279",TRUE
"TBX18","9096",TRUE
"ERBIN","55914",TRUE
"HARS2","23438",TRUE
"NUDT12","83594",TRUE
"CEP72","55722",TRUE
"MAN2A1","4124",TRUE
"SEMA5A","9037",TRUE
"TENT4A","11044",TRUE
"GHR","2690",TRUE
"HMGCS1","3157",TRUE
"DAP","1611",TRUE
"NME5","8382",TRUE
"BRD8","10902",TRUE
"KIF20A","10112",TRUE
"NNT","23530",TRUE
"MRPS30","10884",TRUE
"HSPA9","3313",TRUE
"MRPS27","23107",TRUE
"PFDN1","5201",TRUE
"HBEGF","1839",TRUE
"LOX","4015",TRUE
"APBB3","10307",TRUE
"TMCO6","55374",TRUE
"SPARC","6678",TRUE
"IK","3550",TRUE
"HMGCR","3156",TRUE
"CERT1","10087",TRUE
"FAF2","23197",TRUE
"HAND1","9421",TRUE
"PDE8B","8622",TRUE
"CLK4","57396",TRUE
"HAVCR1","26762",TRUE
"GRM6","2916",TRUE
"RNF130","55819",TRUE
"THG1L","54974",TRUE
"ARSB","411",TRUE
"CLINT1","9685",TRUE
"THBS4","7060",TRUE
"CNOT6","57472",TRUE
"TTC1","7265",TRUE
"MSH3","4437",TRUE
"RASGRF2","5924",TRUE
"GABRG2","2566",TRUE
"CCNG1","900",TRUE
"POLR3G","10622",TRUE
"DROSHA","29102",TRUE
"CDH6","1004",TRUE
"LMNB1","4001",TRUE
"ARRDC3","57561",TRUE
"GOLPH3","64083",TRUE
"SUB1","10923",TRUE
"NPR3","4883",TRUE
"ARB2A","83989",TRUE
"SLC27A6","28965",TRUE
"TARS1","6897",TRUE
"IRX4","50805",TRUE
"LNPEP","4012",TRUE
"PDE4D","5144",TRUE
"RAD1","5810",TRUE
"BRIX1","55299",TRUE
"AGXT2","64902",TRUE
"PRLR","5618",TRUE
"SLC12A7","10723",TRUE
"RAD50","10111",TRUE
"ST8SIA4","7903",TRUE
"GNPDA1","10007",TRUE
"PCDH12","51294",TRUE
"SKP1","6500",TRUE
"NUP155","9631",TRUE
"PPP2CA","5515",TRUE
"FGF1","2246",TRUE
"NR3C1","2908",TRUE
"C5orf15","56951",TRUE
"PPWD1","23398",TRUE
"LIFR","3977",TRUE
"TRIM23","373",TRUE
"TRAPPC13","80006",TRUE
"SEC24A","10802",TRUE
"TXNDC15","79770",TRUE
"TTC33","23548",TRUE
"RARS1","5917",TRUE
"WWC1","23286",TRUE
"MACROH2A1","9555",TRUE
"TCERG1","10915",TRUE
"DPYSL3","1809",TRUE
"SMAD5","4090",TRUE
"CSNK1A1","1452",TRUE
"HMGXB3","22993",TRUE
"ERGIC1","57222",TRUE
"PDGFRB","5159",TRUE
"CDX1","1044",TRUE
"ATP6V0E1","8992",TRUE
"BNIP1","662",TRUE
"STC2","8614",TRUE
"CPEB4","80315",TRUE
"HRH2","3274",TRUE
"DBN1","1627",TRUE
"ZNF346","23567",TRUE
"UNC5A","90249",TRUE
"EHHADH","1962",TRUE
"CNTN3","5067",TRUE
"SMC4","10051",TRUE
"SELENOK","58515",TRUE
"ACTR8","93973",TRUE
"TBCCD1","55171",TRUE
"TIMMDC1","51300",TRUE
"CRBN","51185",TRUE
"BCL6","604",TRUE
"HGD","3081",TRUE
"CLDN16","10686",TRUE
"ARL6","84100",TRUE
"NPHP3","27031",TRUE
"AMOTL2","51421",TRUE
"NIT2","56954",TRUE
"FAM162A","26355",TRUE
"OGG1","4968",TRUE
"KPNA1","3836",TRUE
"PCCB","5096",TRUE
"UBE3A","7337",TRUE
"ARMC8","25852",TRUE
"CEP70","80321",TRUE
"RBP2","5948",TRUE
"RBP1","5947",TRUE
"SLC25A36","55186",TRUE
"RNF7","9616",TRUE
"TFDP2","7029",TRUE
"XRN1","54464",TRUE
"KAT2B","8850",TRUE
"BCHE","590",TRUE
"PDCD10","11235",TRUE
"LRRC31","79782",TRUE
"WNT5A","7474",TRUE
"PFKFB4","5210",TRUE
"COL7A1","1294",TRUE
"FGF12","2257",TRUE
"PRKAR2A","5576",TRUE
"HES1","3280",TRUE
"USP4","7375",TRUE
"ACAP2","23527",TRUE
"ECT2","1894",TRUE
"GNAT1","2779",TRUE
"GNAI2","2771",TRUE
"TFG","10342",TRUE
"HYAL1","3373",TRUE
"TUSC2","11334",TRUE
"NPRL2","10641",TRUE
"RPL24","6152",TRUE
"CYB561D2","11068",TRUE
"CEP15","57415",TRUE
"FXR1","8087",TRUE
"CBLB","868",TRUE
"BBX","56987",TRUE
"IFT57","55081",TRUE
"GNB4","59345",TRUE
"IQCG",NA,FALSE
"GBE1","2632",TRUE
"MORC1","27136",TRUE
"UMPS","7372",TRUE
"NCBP2","22916",TRUE
"SNX4","8723",TRUE
"C3orf52","79669",TRUE
"FRMD4B","23150",TRUE
"SLC41A3","54946",TRUE
"ROPN1B","152015",TRUE
"PLXNA1","5361",TRUE
"ATP6V1A","523",TRUE
"ABTB1","80325",TRUE
"PODXL2","50512",TRUE
"UPK1B","7348",TRUE
"CSPG5","10675",TRUE
"KLHL18","23276",TRUE
"SCAP","22937",TRUE
"EFCC1","79825",TRUE
"CFAP92","57501",TRUE
"NEK11","79858",TRUE
"MRPL3","11222",TRUE
"PLSCR4","57088",TRUE
"HEMK1","51409",TRUE
"CISH","1154",TRUE
"MAPKAPK3","7867",TRUE
"ACVR2B","93",TRUE
"WDR48","57599",TRUE
"COMMD2","51122",TRUE
"GORASP1","64689",TRUE
"PEX5L","51555",TRUE
"RRP9","9136",TRUE
"ABCC5","10057",TRUE
"AADAC","13",TRUE
"ABHD14B","84836",TRUE
"EIF1B","10289",TRUE
"ARHGEF26","26084",TRUE
"KLHL24","54800",TRUE
"PLCH1","23007",TRUE
"VIPR1","7433",TRUE
"DNAH1","25981",TRUE
"SSR3","6747",TRUE
"ZBTB47","92999",TRUE
"TNNC1","7134",TRUE
"NKTR","4820",TRUE
"CLCN2","1181",TRUE
"FOXP1","27086",TRUE
"EIF4G1","1981",TRUE
"SPCS1","28972",TRUE
"NEK4","6787",TRUE
"SLC4A3","6508",TRUE
"INO80D","54891",TRUE
"EEF1B2","1933",TRUE
"ADAM23","8745",TRUE
"DGUOK","1716",TRUE
"MOB1A","55233",TRUE
"KANSL3","55683",TRUE
"LMAN2L","81562",TRUE
"RTKN","6242",TRUE
"TTL","150465",TRUE
"IL1A","3552",TRUE
"CCL20","6364",TRUE
"PIKFYVE","200576",TRUE
"KCNIP3","30818",TRUE
"FAHD2A","51011",TRUE
"NCL","4691",TRUE
"ACTR1B","10120",TRUE
"SLC35F5","80255",TRUE
"ZAP70","7535",TRUE
"ACTR3","10096",TRUE
"STEAP3","55240",TRUE
"EPB41L5","57669",TRUE
"TFCP2L1","29842",TRUE
"SF3B6","51639",TRUE
"TP53I3","9540",TRUE
"DNAJC27","51277",TRUE
"POMC","5443",TRUE
"STAM2","10254",TRUE
"GPD2","2820",TRUE
"CENPA","1058",TRUE
"CYTIP","9595",TRUE
"ACVR1","90",TRUE
"TANC1","85461",TRUE
"SLC30A3","7781",TRUE
"MPV17","4358",TRUE
"GTF3C2","2976",TRUE
"EIF2B4","8890",TRUE
"NRBP1","29959",TRUE
"ITGB6","3694",TRUE
"FNDC4","64838",TRUE
"ITGA4","3676",TRUE
"PSMD14","10213",TRUE
"SNX17","9784",TRUE
"ASB3","51130",TRUE
"PPM1G","5496",TRUE
"PDE1A","5136",TRUE
"REEP6","92840",TRUE
"PCSK4","54760",TRUE
"APC2","10297",TRUE
"IFIH1","64135",TRUE
"RPS15","6209",TRUE
"GCA","25801",TRUE
"INO80B","83444",TRUE
"MOGS","7841",TRUE
"TTC31","64427",TRUE
"NDUFS7","374291",TRUE
"PCGF1","84759",TRUE
"GRB14","2888",TRUE
"CLIP4","79745",TRUE
"TLX2","3196",TRUE
"SPTBN1","6711",TRUE
"AUP1","550",TRUE
"RTN4","57142",TRUE
"HTRA2","27429",TRUE
"LOXL3","84695",TRUE
"DOK1","1796",TRUE
"GALNT3","2591",TRUE
"POLE4","56655",TRUE
"TACR1","6869",TRUE
"CCDC88A","55704",TRUE
"ACADL","33",TRUE
"EVA1A","84141",TRUE
"MRPL19","9801",TRUE
"LANCL1","10314",TRUE
"WDR75","84128",TRUE
"EFEMP1","2202",TRUE
"REG1A","5967",TRUE
"FANCL","55120",TRUE
"FN1","2335",TRUE
"STAT1","6772",TRUE
"GLS","2744",TRUE
"PAPOLG","64895",TRUE
"DNAH6","1768",TRUE
"PECR","55825",TRUE
"UNC50","25972",TRUE
"IGFBP2","3485",TRUE
"ELMOD3","84173",TRUE
"IGFBP5","3488",TRUE
"USP34","9736",TRUE
"EFHD1","80303",TRUE
"KCNJ13","3769",TRUE
"CCT4","10575",TRUE
"GGCX","2677",TRUE
"EHBP1","23301",TRUE
"OTX1","5013",TRUE
"TXNDC9","10190",TRUE
"COQ10B","80219",TRUE
"GNLY","10578",TRUE
"SF3B1","23451",TRUE
"ST3GAL5","8869",TRUE
"CHST10","9486",TRUE
"PDCL3","79031",TRUE
"MOB4","25843",TRUE
"HSPE1","3336",TRUE
"KDM3A","55818",TRUE
"PLCD4","84812",TRUE
"CHMP3","51652",TRUE
"ZNF142","7701",TRUE
"IL1R2","7850",TRUE
"PRKAG3","53632",TRUE
"IL1R1","3554",TRUE
"WNT6","7475",TRUE
"IL1RL2","8808",TRUE
"IL1RL1","9173",TRUE
"IL18R1","8809",TRUE
"SLC9A2","6549",TRUE
"FHL2","2274",TRUE
"MLPH","79083",TRUE
"CNPPD1","27013",TRUE
"UXS1","80146",TRUE
"ABCB6","10058",TRUE
"STK16","8576",TRUE
"HDLBP","3069",TRUE
"PPP1R7","5510",TRUE
"PASK","23178",TRUE
"STK25","10494",TRUE
"TPO","7173",TRUE
"PROC","5624",TRUE
"ID2","3398",TRUE
"TAF1B","9014",TRUE
"HPCAL1","3241",TRUE
"ODC1","4953",TRUE
"BIRC6","57448",TRUE
"NOL10","79954",TRUE
"PLEKHB2","55041",TRUE
"GORASP2","26003",TRUE
"STRN","6801",TRUE
"CEBPZ","10153",TRUE
"PRKD3","23683",TRUE
"DCAF17","80067",TRUE
"QPCT","25797",TRUE
"RAB3GAP1","22930",TRUE
"SLC25A12","8604",TRUE
"RMDN2","151393",TRUE
"DLX2","1746",TRUE
"LCT","3938",TRUE
"DARS1","1615",TRUE
"SRSF7","6432",TRUE
"SDC1","6382",TRUE
"PLCL1","5334",TRUE
"SLC1A4","6509",TRUE
"SOS1","6654",TRUE
"KYNU","8942",TRUE
"WIPF1","7456",TRUE
"ORC2","4999",TRUE
"COX7A2L","9167",TRUE
"PNO1","56902",TRUE
"ORC4","5000",TRUE
"PLEK","5341",TRUE
"RND3","390",TRUE
"ATF2","1386",TRUE
"THADA","63892",TRUE
"AAK1","22848",TRUE
"TRAK2","66008",TRUE
"C2orf42","54980",TRUE
"TIA1","7072",TRUE
"PCYOX1","51449",TRUE
"KISS1R","84634",TRUE
"EPAS1","2034",TRUE
"ARID3A","1820",TRUE
"SUMO1","7341",TRUE
"CD207","50489",TRUE
"GRIN3B","116444",TRUE
"VAX2","25806",TRUE
"ATP6V1B1","525",TRUE
"NFE2L2","4780",TRUE
"MSH6","2956",TRUE
"PLEKHA3","65977",TRUE
"SPR","6697",TRUE
"EPHA4","2043",TRUE
"PARD3B","117583",TRUE
"FARSB","10056",TRUE
"ALMS1","7840",TRUE
"BCL9","607",TRUE
"PRRX1","5396",TRUE
"DHCR24","1718",TRUE
"DNAJC16","23341",TRUE
"MARK1","4139",TRUE
"TNR","7143",TRUE
"MORN1","79906",TRUE
"GPX7","2882",TRUE
"CACYBP","27101",TRUE
"SCP2","6342",TRUE
"TPSG1","25823",TRUE
"PAPPA2","60676",TRUE
"RALGPS2","55103",TRUE
"ANGPTL1","9068",TRUE
"CEP104","9731",TRUE
"FAM20B","9917",TRUE
"TCEANC2","127428",TRUE
"TMEM59","9528",TRUE
"LRRC42","115353",TRUE
"WRAP73","49856",TRUE
"MRPL37","51253",TRUE
"ICMT","23463",TRUE
"RPL22","6146",TRUE
"CHD5","26038",TRUE
"QSOX1","5768",TRUE
"STXBP3","6814",TRUE
"PHF13","148479",TRUE
"ERRFI1","54206",TRUE
"PARK7","11315",TRUE
"ELAPOR1","57535",TRUE
"OPRD1","4985",TRUE
"AMPD2","271",TRUE
"SRSF4","6429",TRUE
"MECR","51102",TRUE
"KCNC4","3749",TRUE
"EDEM3","80267",TRUE
"WDR77","79084",TRUE
"ATP5PB","515",TRUE
"RAP1A","5906",TRUE
"HDAC1","3065",TRUE
"CAPZA1","829",TRUE
"S100PBP","64766",TRUE
"RNF19B","127544",TRUE
"SCAMP3","10067",TRUE
"TRIM62","55223",TRUE
"ASH1L","55870",TRUE
"DLGAP3","58512",TRUE
"SFPQ","6421",TRUE
"RHOU","58480",TRUE
"GON4L","54856",TRUE
"ARHGEF2","9181",TRUE
"LAMTOR2","28956",TRUE
"MEF2D","4209",TRUE
"DOCK7","85440",TRUE
"SRM","6723",TRUE
"FBXO2","26232",TRUE
"FBXO6","26270",TRUE
"C1orf21","81563",TRUE
"SWT1","54823",TRUE
"MAD2L2","10459",TRUE
"DNAJC6","9829",TRUE
"LEPR","3953",TRUE
"IVNS1ABP","10625",TRUE
"KIAA2013","90231",TRUE
"MFN2","9927",TRUE
"PRG4","10216",TRUE
"MIIP","60672",TRUE
"SMG7","9887",TRUE
"NCF2","4688",TRUE
"SLC35D1","23169",TRUE
"PLA2G4A","5321",TRUE
"GADD45A","1647",TRUE
"PRAMEF12","390999",TRUE
"WLS","79971",TRUE
"PRDM2","7799",TRUE
"RGS2","5997",TRUE
"RO60","6738",TRUE
"UCHL5","51377",TRUE
"BCAS2","10286",TRUE
"SRSF11","9295",TRUE
"CTH","1491",TRUE
"AGMAT","79814",TRUE
"OLFML3","56944",TRUE
"TNNI3K","51086",TRUE
"CFHR3","10878",TRUE
"PLEKHM2","23207",TRUE
"CRYZ","1429",TRUE
"PHTF1","10745",TRUE
"ZBTB17","7709",TRUE
"CD58","965",TRUE
"TFAP2E","339488",TRUE
"TTF2","8458",TRUE
"NR5A2","2494",TRUE
"KIF21B","23046",TRUE
"TMEM9","252839",TRUE
"ADPRS","54936",TRUE
"MAP7D1","55700",TRUE
"WARS2","10352",TRUE
"OSCP1","127700",TRUE
"MRPS15","64960",TRUE
"EXOC8","149371",TRUE
"GNPAT","8443",TRUE
"TSNAX","7257",TRUE
"AIRIM","54955",TRUE
"RRAGC","64121",TRUE
"NID1","4811",TRUE
"LGALS8","3964",TRUE
"MTR","4548",TRUE
"BMP8B","656",TRUE
"MYCL","4610",TRUE
"SIPA1L2","57568",TRUE
"RLF","6018",TRUE
"KMO","8564",TRUE
"ZNF684","127396",TRUE
"KCNQ4","9132",TRUE
"RIMS3","9783",TRUE
"AKT3","10000",TRUE
"ETV3","2117",TRUE
"ACADM","34",TRUE
"ST6GALNAC5","81849",TRUE
"CD48","962",TRUE
"ADGRL2","23266",TRUE
"PADI2","11240",TRUE
"SDHB","6390",TRUE
"MFAP2","4237",TRUE
"RPF1","80135",TRUE
"KDM5B","10765",TRUE
"UAP1","6675",TRUE
"ACTL8","81569",TRUE
"CTBS","1486",TRUE
"RGS4","5999",TRUE
"KLHL12","59349",TRUE
"IGSF21","84966",TRUE
"SSX2IP","117178",TRUE
"ZNHIT6","54680",TRUE
"PLA2G2D","26279",TRUE
"RBBP5","5929",TRUE
"GBP3","2635",TRUE
"GBP1","2633",TRUE
"KIF17","57576",TRUE
"GPR89A","653519",TRUE
"CDK18","5129",TRUE
"RAB29","8934",TRUE
"CD160","11126",TRUE
"ECE1","1889",TRUE
"HMGCL","3155",TRUE
"GALE","2582",TRUE
"ID3","3399",TRUE
"CR2","1380",TRUE
"CD46","4179",TRUE
"PRPF3","9129",TRUE
"APH1A","51107",TRUE
"P3H1","64175",TRUE
"SLC2A1","6513",TRUE
"EBNA1BP2","10969",TRUE
"CDC20","991",TRUE
"MPL","4352",TRUE
"ARTN","9048",TRUE
"IPO13","9670",TRUE
"ATP6V0B","533",TRUE
"B4GALT2","8704",TRUE
"ERI3","79033",TRUE
"PTCH2","8643",TRUE
"AKR1A1","10327",TRUE
"PRDX1","5052",TRUE
"PIK3R3","8503",TRUE
"TSPAN1","10103",TRUE
"BLZF1","8548",TRUE
"CCDC181","57821",TRUE
"SLC19A2","10560",TRUE
"FAAH","2166",TRUE
"NSUN4","387338",TRUE
"TMED5","50999",TRUE
"DR1","1810",TRUE
"CNN3","1266",TRUE
"PRRC2C","23215",TRUE
"F3","2152",TRUE
"ABCD3","5825",TRUE
"VAMP4","8674",TRUE
"DPH5","51611",TRUE
"FASLG","356",TRUE
"PTBP2","58155",TRUE
"TNFSF4","7292",TRUE
"PRDX6","9588",TRUE
"DARS2","55157",TRUE
"HSD11B1","3290",TRUE
"IRF6","3664",TRUE
"UTP25","27042",TRUE
"PLPPR5","163404",TRUE
"PLPPR4","9890",TRUE
"RCAN3","11123",TRUE
"SYF2","25949",TRUE
"RSRP1","57035",TRUE
"SLC35A3","23443",TRUE
"RCOR3","55758",TRUE
"STMN1","3925",TRUE
"MTFR1L","56181",TRUE
"MAN1C1","57134",TRUE
"NEK2","4751",TRUE
"RPS6KA1","6195",TRUE
"DHDDS","79947",TRUE
"NENF","29937",TRUE
"NSL1","25936",TRUE
"PROX1","5629",TRUE
"ARID1A","8289",TRUE
"CENPF","1063",TRUE
"RPA2","6118",TRUE
"PPP1R8","5511",TRUE
"STX12","23673",TRUE
"MTARC2","54996",TRUE
"SLC5A9","200010",TRUE
"OSBPL9","114883",TRUE
"TXNDC12","51060",TRUE
"ESYT2","57488",TRUE
"POLR1G","10849",TRUE
"MESD","23184",TRUE
"RCN2","5955",TRUE
"CHRNB4","1143",TRUE
"MUC5B","727897",TRUE
"CTSD","1509",TRUE
"COLEC11","78989",TRUE
"STAG1","10274",TRUE
"STK11","6794",TRUE
"KMT2A","4297",TRUE
"TREH","11181",TRUE
"IFT46","56912",TRUE
"APOA1","335",TRUE
"ZNF541","84215",TRUE
"SLC8A2","6543",TRUE
"KPTN","11133",TRUE
"RPS25","6230",TRUE
"KIF14","9928",TRUE
"TNNT2","7139",TRUE
"DDX59","83479",TRUE
"CAMSAP2","23271",TRUE
"ATF6","22926",TRUE
"MREG","55686",TRUE
"FASTKD2","22868",TRUE
"NRP2","8828",TRUE
"CREB1","1385",TRUE
"KLF7","8609",TRUE
"TTR","7276",TRUE
"B4GALT6","9331",TRUE
"C1orf54","79630",TRUE
"CA14","23632",TRUE
"DNAI7","55259",TRUE
"IRAG2","4033",TRUE
"ATP10B","23120",TRUE
"SPCS2","9789",TRUE
"USP35","57558",TRUE
"ELOVL4","6785",TRUE
"FILIP1","27145",TRUE
"CASP8AP2","9994",TRUE
"HMGN3","9324",TRUE
"UBE3D","90025",TRUE
"CNR1","1268",TRUE
"ANKRD13C","81573",TRUE
"SGIP1","84251",TRUE
"PHF3","23469",TRUE
"PLAGL1","5325",TRUE
"FBXO30","84085",TRUE
"TNFAIP3","7128",TRUE
"AKAP7","9465",TRUE
"RAB32","10981",TRUE
"MYB","4602",TRUE
"ALDH8A1","64577",TRUE
"SGK1","6446",TRUE
"RNF146","81847",TRUE
"CCN2","1490",TRUE
"PMFBP1","83449",TRUE
"FBXL5","26234",TRUE
"MED28","80306",TRUE
"SLC16A7","9194",TRUE
"RXYLT1","10329",TRUE
"ZNF430","80264",TRUE
"VAMP8","8673",TRUE
"DCLRE1B","64858",TRUE
"MYL12B","103910",TRUE
"FOXO3","2309",TRUE
"ARMC2","84071",TRUE
"GHRH","2691",TRUE
"RPN2","6185",TRUE
"TGIF2","60436",TRUE
"CASQ2","845",TRUE
"OLFM3","118427",TRUE
"PKD2","5311",TRUE
"ABCG2","9429",TRUE
"SPP1","6696",TRUE
"STBD1","8987",TRUE
"CCNI","10983",TRUE
"RARRES1","5918",TRUE
"MFSD1","64747",TRUE
"RAB3GAP2","25782",TRUE
"EEF2KMT","196483",TRUE
"PPL","5493",TRUE
"UBN1","29855",TRUE
"KLF12","11278",TRUE
"UCHL3","7347",TRUE
"PCDH17","27253",TRUE
"HS1BP3","64342",TRUE
"LDAH","60526",TRUE
"WDR35","57539",TRUE
"CCND2","894",TRUE
"ELL2","22936",TRUE
"DNAH7","56171",TRUE
"CYP20A1","57404",TRUE
"NDUFB3","4709",TRUE
"GTF3C3","9330",TRUE
"SATB2","23314",TRUE
"UBE2B","7320",TRUE
"TRPM6","140803",TRUE
"GDA","9615",TRUE
"KLF9","687",TRUE
"TJP2","9414",TRUE
"ECRG4","84417",TRUE
"ITGB1BP1","9270",TRUE
"CPSF3","51692",TRUE
"PIGZ","80235",TRUE
"SENP5","205564",TRUE
"CCDC92","80212",TRUE
"C1orf198","84886",TRUE
"HEATR1","55127",TRUE
"PTBP3","9991",TRUE
"RAD23B","5887",TRUE
"FKBP15","23307",TRUE
"CTNNAL1","8727",TRUE
"ABITRAM","54942",TRUE
"DYNC2I2","89891",TRUE
"SET","6418",TRUE
"PTPA","5524",TRUE
"GLE1","2733",TRUE
"RAB14","51552",TRUE
"CNTRL","11064",TRUE
"TRIM32","22954",TRUE
"FBXW2","26190",TRUE
"PHF19","26147",TRUE
"NEK6","10783",TRUE
"BSPRY","54836",TRUE
"PPP6C","5537",TRUE
"NDUFA8","4702",TRUE
"HDHD3","81932",TRUE
"RBM18","92400",TRUE
"HSDL2","84263",TRUE
"MAPKAP1","79109",TRUE
"NR4A3","8013",TRUE
"INVS","27130",TRUE
"GALNT12","79695",TRUE
"DENND1A","57706",TRUE
"ALG2","85365",TRUE
"CSF3R","1441",TRUE
"KDSR","2531",TRUE
"VPS4B","9525",TRUE
"ONECUT2","9480",TRUE
"C19orf25","148223",TRUE
"ZBTB45","84878",TRUE
"YLPM1","56252",TRUE
"DCAF4","26094",TRUE
"PROX2","283571",TRUE
"FCF1","51077",TRUE
"PGF","5228",TRUE
"IFI27L2","83982",TRUE
"BBOF1","80127",TRUE
"NEK9","91754",TRUE
"ACYP1","97",TRUE
"IFT43","112752",TRUE
"NPC2","10577",TRUE
"DNAL1","83544",TRUE
"IRF2BPL","64207",TRUE
"ACOT2","10965",TRUE
"LTBP2","4053",TRUE
"AREL1","9870",TRUE
"MLH3","27030",TRUE
"TTLL5","23093",TRUE
"FLVCR2","55640",TRUE
"ABCD4","5826",TRUE
"DLST","1743",TRUE
"PPP4R4","57718",TRUE
"TGFB3","7043",TRUE
"ZC2HC1C","79696",TRUE
"SLIRP","81892",TRUE
"RBM25","58517",TRUE
"ALDH6A1","4329",TRUE
"GPR68","8111",TRUE
"ESRRB","2103",TRUE
"EIF2B2","8892",TRUE
"NRDE2","55051",TRUE
"COQ6","51004",TRUE
"ZNF410","57862",TRUE
"RHOQ","23433",TRUE
"GPR75","10936",TRUE
"SUPT7L","9913",TRUE
"KLHL29","114818",TRUE
"DNMT3A","1788",TRUE
"TMEM214","54867",TRUE
"ATAD2B","54454",TRUE
"FKBP1B","2281",TRUE
"ATL2","64225",TRUE
"YPEL5","51646",TRUE
"FAM98A","25940",TRUE
"YIPF4","84272",TRUE
"AFTPH","54812",TRUE
"LGALSL","29094",TRUE
"CNRIP1","25927",TRUE
"BCL11A","53335",TRUE
"CRIPT","9419",TRUE
"EPCAM","4072",TRUE
"SLC17A5","26503",TRUE
"OGFRL1","79627",TRUE
"SLF2","55719",TRUE
"IDE","3416",TRUE
"ELOVL3","83401",TRUE
"IFIT3","3437",TRUE
"IFIT2","3433",TRUE
"GPAM","57678",TRUE
"CUTC","51076",TRUE
"PPP1R3C","5507",TRUE
"PYROXD2","84795",TRUE
"CNNM1","26507",TRUE
"MXI1","4601",TRUE
"SMNDC1","10285",TRUE
"C10orf88","80007",TRUE
"HELLS","3070",TRUE
"TCTN3","26123",TRUE
"DENND10","404636",TRUE
"AVPI1","60370",TRUE
"WDR11","55717",TRUE
"ARMH3","79591",TRUE
"KCNIP2","30819",TRUE
"CFAP58","159686",TRUE
"GOT1","2805",TRUE
"CPN1","1369",TRUE
"C10orf95","79946",TRUE
"SFRP5","6425",TRUE
"GNA13","10672",TRUE
"HOXB8","3218",TRUE
"KANSL1","284058",TRUE
"HOXB5","3215",TRUE
"CRHR1","1394",TRUE
"HOXB3","3213",TRUE
"DUSP1","1843",TRUE
"PANK3","79646",TRUE
"MSX2","4488",TRUE
"TEK","7010",TRUE
"RCL1","10171",TRUE
"CAAP1","79886",TRUE
"MOB3B","79817",TRUE
"INSL6","11172",TRUE
"MLANA","2315",TRUE
"CD274","29126",TRUE
"GRIA2","2891",TRUE
"NUP43","348995",TRUE
"MTHFD1L","25902",TRUE
"LRP11","84918",TRUE
"CCDC170","80129",TRUE
"PCMT1","5110",TRUE
"PLEKHG1","57480",TRUE
"MYCT1","80177",TRUE
"MAGEB4","4115",TRUE
"CYSTM1","84418",TRUE
"WDR55","54853",TRUE
"ARAP3","64411",TRUE
"TNN","63923",TRUE
"MRPS14","63931",TRUE
"CENPL","91687",TRUE
"TNFSF18","8995",TRUE
"SEC16B","89866",TRUE
"GORAB","92344",TRUE
"ACAT2","39",TRUE
"TCP1","6950",TRUE
"SNX19","399979",TRUE
"KCNJ5","3762",TRUE
"MSANTD2","79684",TRUE
"TP53AIP1","63970",TRUE
"PDZD11","51248",TRUE
"SLC10A7","84068",TRUE
"NUDCD1","84955",TRUE
"ENY2","56943",TRUE
"MASTL","84930",TRUE
"KIAA1217","56243",TRUE
"PLXDC2","84898",TRUE
"EPC1","80314",TRUE
"IQSEC3","440073",TRUE
"CCDC77","84318",TRUE
"TAF12","6883",TRUE
"ENOX1","55068",TRUE
"TNFSF11","8600",TRUE
"MTRF1","9617",TRUE
"SOHLH2","54937",TRUE
"DNAJC15","29103",TRUE
"PROSER1","80209",TRUE
"UFM1","51569",TRUE
"WBP4","11193",TRUE
"ELF1","1997",TRUE
"SMAD9","4093",TRUE
"HSPH1","10808",TRUE
"KBTBD7","84078",TRUE
"ALG5","29880",TRUE
"EXOSC8","11340",TRUE
"ETF1","2107",TRUE
"TGFBI","7045",TRUE
"FAM53C","51307",TRUE
"SIL1","64374",TRUE
"PAIP2","51247",TRUE
"MYOT","9499",TRUE
"KDM3B","51780",TRUE
"EGR1","1958",TRUE
"SERP1","27230",TRUE
"PLS1","5357",TRUE
"ZFP30","22835",TRUE
"NR2C1","7181",TRUE
"UTP20","27340",TRUE
"TMPO","7112",TRUE
"ARL1","400",TRUE
"GLT8D2","83468",TRUE
"MTERF2","80298",TRUE
"SOCS2","8835",TRUE
"NFYB","4801",TRUE
"WASHC3","51019",TRUE
"APAF1","317",TRUE
"DUSP4","1846",TRUE
"CLU","1191",TRUE
"TNFRSF10B","8795",TRUE
"SORBS3","10174",TRUE
"PTK2B","2185",TRUE
"CHRNA2","1135",TRUE
"PPP3CC","5533",TRUE
"PDLIM2","64236",TRUE
"EPHX2","2053",TRUE
"RNF170","81790",TRUE
"NPPB","4879",TRUE
"UBIAD1","29914",TRUE
"TARDBP","23435",TRUE
"TNFRSF8","943",TRUE
"PRAMEF2","65122",TRUE
"ZNF706","51123",TRUE
"LYPLA1","10434",TRUE
"CRISPLD1","83690",TRUE
"COPS5","10987",TRUE
"RDH10","157506",TRUE
"AKAP1","8165",TRUE
"COIL","8161",TRUE
"TRIM25","7706",TRUE
"SCPEP1","59342",TRUE
"SPOP","8405",TRUE
"TBX2","6909",TRUE
"SLC35B1","10237",TRUE
"TBX4","9496",TRUE
"TEX14","56155",TRUE
"FAM117A","81558",TRUE
"NCAPH","23397",TRUE
"LRAT","9227",TRUE
"TMEM131L","23240",TRUE
"MND1","84057",TRUE
"TRIM6","117854",TRUE
"ABCC11","85320",TRUE
"TENT4B","64282",TRUE
"ADCY7","113",TRUE
"CEP89","84902",TRUE
"TSHZ3","57616",TRUE
"ECHDC2","55268",TRUE
"PLBD1","79887",TRUE
"TAS2R10","50839",TRUE
"PYROXD1","79912",TRUE
"KCNJ8","3764",TRUE
"BCL2L14","79370",TRUE
"PSPC1","55269",TRUE
"ZNF549","256051",TRUE
"A1BG","1",TRUE
"ZSCAN18","65982",TRUE
"ZNF211","10520",TRUE
"PDZRN3","23024",TRUE
"RGSL1","353299",TRUE
"LHX4","89884",TRUE
"RNF2","6045",TRUE
"TRMT1L","81627",TRUE
"SEC22A","26984",TRUE
"CSTA","1475",TRUE
"POPDC2","64091",TRUE
"B4GALT4","8702",TRUE
"NAA50","80218",TRUE
"CD80","941",TRUE
"KIF18A","81930",TRUE
"DESI2","51029",TRUE
"MAPK8IP1","9479",TRUE
"CRY2","1408",TRUE
"PEX16","9409",TRUE
"DEPDC7","91614",TRUE
"CAT","847",TRUE
"PILRB","29990",TRUE
"ZMYM2","7750",TRUE
"GJB6","10804",TRUE
"GJA3","2700",TRUE
"TBC1D15","64786",TRUE
"ADGRB2","576",TRUE
"ZCCHC17","51538",TRUE
"FABP3","2170",TRUE
"KHDRBS1","10657",TRUE
"TMEM39B","55116",TRUE
"CCRL2","9034",TRUE
"CCR2","729230",TRUE
"POLR3GL","84265",TRUE
"TNFSF10","8743",TRUE
"ZNF639","51193",TRUE
"PIK3CA","5290",TRUE
"PDS5A","23244",TRUE
"TMEM156","80008",TRUE
"LIAS","11019",TRUE
"CPXM2","119587",TRUE
"TMEM54","113452",TRUE
"ZSCAN20","7579",TRUE
"CSMD2","114784",TRUE
"HPCA","3208",TRUE
"LRIF1","55791",TRUE
"CLCC1","23155",TRUE
"GPSM2","29899",TRUE
"GTDC1",NA,FALSE
"CXCR4","7852",TRUE
"ZRANB3","84083",TRUE
"ACVR2A","92",TRUE
"POLK","51426",TRUE
"SV2C","22987",TRUE
"FLT3","2322",TRUE
"RPL21","6144",TRUE
"MTIF3","219402",TRUE
"GTF3A","2971",TRUE
"RASL11A","387496",TRUE
"UBL3","5412",TRUE
"FYTTD1","84248",TRUE
"MTERF4","130916",TRUE
"OCRL","4952",TRUE
"PAEP","5047",TRUE
"OBP2A","29991",TRUE
"MRPS2","51116",TRUE
"TBX22","50945",TRUE
"FMOD","2331",TRUE
"KIAA1191","57179",TRUE
"COPA","1314",TRUE
"LY9","4063",TRUE
"RBBP6","5930",TRUE
"ZC3H7A","29066",TRUE
"SERAC1","84947",TRUE
"ANXA11","311",TRUE
"LDB3","11155",TRUE
"OPN4","94233",TRUE
"SHLD2","54537",TRUE
"PRXL2A","84293",TRUE
"ZNF205","7755",TRUE
"NAA60","79903",TRUE
"RPL5","6125",TRUE
"ODF2L","57489",TRUE
"PTGFR","5737",TRUE
"SPATA1","100505741",TRUE
"TRMT13","54482",TRUE
"LRRC39","127495",TRUE
"RWDD3","25950",TRUE
"ZNF644","84146",TRUE
"CCDC18","343099",TRUE
"RPAP2","79871",TRUE
"SLC66A2","80148",TRUE
"BBS9","27241",TRUE
"PMS2","5395",TRUE
"ZMIZ2","83637",TRUE
"SEPTIN7","989",TRUE
"EEPD1","80820",TRUE
"KLHL7","55975",TRUE
"HERPUD2","64224",TRUE
"CBX3","11335",TRUE
"HNRNPA2B1","3181",TRUE
"WIPF3","644150",TRUE
"NXPH1","30010",TRUE
"NPY","4852",TRUE
"HYCC1","84668",TRUE
"HOXA7","3204",TRUE
"INHBA","3624",TRUE
"FKBP9","11328",TRUE
"NT5C3A","51251",TRUE
"ARL4A","10124",TRUE
"CCZ1","51622",TRUE
"POLM","27434",TRUE
"RAMP3","10268",TRUE
"MRM2","29960",TRUE
"TWIST1","7291",TRUE
"SMU1","55234",TRUE
"GLIPR2","152007",TRUE
"SLC25A51","92014",TRUE
"CLTA","1211",TRUE
"RECK","8434",TRUE
"SPINK4","27290",TRUE
"ACO1","48",TRUE
"PHF24","23349",TRUE
"DNAI1","27019",TRUE
"DCAF10","79269",TRUE
"CNTFR","1271",TRUE
"KIAA1549","57670",TRUE
"TRIM24","8805",TRUE
"CYREN","78996",TRUE
"CALD1","800",TRUE
"NUDT10","170685",TRUE
"NEUROG3","50674",TRUE
"PLAU","5328",TRUE
"SRGN","5552",TRUE
"CHST3","9469",TRUE
"BICC1","80114",TRUE
"CISD1","55847",TRUE
"EGR2","1959",TRUE
"ECD","11319",TRUE
"P4HA1","5033",TRUE
"SLC25A16","8034",TRUE
"ZWINT","11130",TRUE
"VPS26A","9559",TRUE
"RBM19","9904",TRUE
"CIT","11113",TRUE
"IFT81","28981",TRUE
"ACADS","35",TRUE
"HVCN1","84329",TRUE
"DDX54","79039",TRUE
"MED13L","23389",TRUE
"CDKN2C","1031",TRUE
"RNF11","26994",TRUE
"RASSF8","11228",TRUE
"BHLHE41","79365",TRUE
"SSPN","8082",TRUE
"ITPR2","3709",TRUE
"CCDC91","55297",TRUE
"NECAB1","64168",TRUE
"WWP1","11059",TRUE
"ACOT9","23597",TRUE
"PRDX4","10549",TRUE
"DDX39A","10212",TRUE
"PKN1","5585",TRUE
"TRIR","79002",TRUE
"ADGRE5","976",TRUE
"WDR83","84292",TRUE
"GIPC1","10755",TRUE
"SPRYD7","57213",TRUE
"EBPL","84650",TRUE
"ATP7B","540",TRUE
"ZC3H13","23091",TRUE
"NLN","57486",TRUE
"CENPK","64105",TRUE
"OPTN","10133",TRUE
"ATF1","466",TRUE
"TSFM","10102",TRUE
"NEUROD4","58158",TRUE
"MMP19","4327",TRUE
"PFDN5","5204",TRUE
"SPATS2","65244",TRUE
"ORMDL2","29095",TRUE
"NR4A1","3164",TRUE
"HOXC13","3229",TRUE
"CDK2","1017",TRUE
"LRP1","4035",TRUE
"HOXC11","3227",TRUE
"ATG101","60673",TRUE
"NFE2","4778",TRUE
"HOXC12","3228",TRUE
"IKZF4","64375",TRUE
"SMUG1","23583",TRUE
"TUBA1B","10376",TRUE
"EEF1AKMT3","25895",TRUE
"KBTBD4","55709",TRUE
"SARDH","1757",TRUE
"DBH","1621",TRUE
"ATPAF1","64756",TRUE
"STIL","6491",TRUE
"HJURP","55355",TRUE
"IL13RA2","3598",TRUE
"AMD1","262",TRUE
"NDUFAF4","29078",TRUE
"USP45","85015",TRUE
"PLP1","5354",TRUE
"MORF4L2","9643",TRUE
"RAB9B","51209",TRUE
"NRK","203447",TRUE
"FAM199X","139231",TRUE
"ESX1","80712",TRUE
"ATXN3L","92552",TRUE
"RAB9A","9367",TRUE
"METTL8","79828",TRUE
"TTC21B","79809",TRUE
"NMI","9111",TRUE
"TNFAIP6","7130",TRUE
"ACVR1C","130399",TRUE
"BAZ2B","29994",TRUE
"SLC36A1","206358",TRUE
"LPGAT1","9926",TRUE
"BATF3","55509",TRUE
"G0S2","50486",TRUE
"KCNJ2","3759",TRUE
"RAP2C","57826",TRUE
"EXOSC9","5393",TRUE
"PLA2G12A","81579",TRUE
"B9D2","80776",TRUE
"COQ8B","79934",TRUE
"PFKFB2","5208",TRUE
"C4BPA","722",TRUE
"C4BPB","725",TRUE
"RAB38","23682",TRUE
"GPR83","10888",TRUE
"AGO2","27161",TRUE
"MXD4","10608",TRUE
"CKS2","1164",TRUE
"DAW1","164781",TRUE
"ACSL3","2181",TRUE
"CHPF","79586",TRUE
"DNPEP","23549",TRUE
"INHA","3623",TRUE
"OBSL1","23363",TRUE
"FAM124B","79843",TRUE
"SLC12A4","6560",TRUE
"ENKD1","84080",TRUE
"MC3R","4159",TRUE
"CTCFL","140690",TRUE
"FAM210B","116151",TRUE
"PI3","5266",TRUE
"FAM209A","200232",TRUE
"SNX21","90203",TRUE
"SLPI","6590",TRUE
"WFDC3","140686",TRUE
"TTPAL","79183",TRUE
"PREX1","57580",TRUE
"KCNS1","3787",TRUE
"SLC12A5","57468",TRUE
"ARHGAP40","343578",TRUE
"SDC4","6385",TRUE
"NCOA3","8202",TRUE
"PIGT","51604",TRUE
"NCOA5","57727",TRUE
"VAPB","9217",TRUE
"PARD6B","84612",TRUE
"ATP5F1E","514",TRUE
"CHD6","84181",TRUE
"PLCG1","5335",TRUE
"TOX2","84969",TRUE
"SRSF6","6431",TRUE
"GDAP1L1","78997",TRUE
"ARFGEF2","10564",TRUE
"ZNFX1","57169",TRUE
"EDN3","1908",TRUE
"CSE1L","1434",TRUE
"RAB22A","57403",TRUE
"PTGIS","5740",TRUE
"STAU1","6780",TRUE
"CDH26","60437",TRUE
"SNAI1","6615",TRUE
"MOCS3","27304",TRUE
"STX16","8675",TRUE
"PMEPA1","56937",TRUE
"RNF114","55905",TRUE
"DDX27","55661",TRUE
"CIMIP1","128602",TRUE
"BCAS4","55653",TRUE
"KCNK15","60598",TRUE
"TP53TG5","27296",TRUE
"PCK1","5105",TRUE
"NEURL2","140825",TRUE
"MAGEA10","4109",TRUE
"MTRR","4552",TRUE
"FASTKD3","79072",TRUE
"PEPD","5184",TRUE
"CHST8","64377",TRUE
"IQSEC2","23096",TRUE
"VAMP7","6845",TRUE
"IL9R","3581",TRUE
"XG","7499",TRUE
"STAMBP","10617",TRUE
"NAGK","55577",TRUE
"MCEE","84693",TRUE
"PAIP2B","400961",TRUE
"SNRNP27","11017",TRUE
"MPHOSPH10","10199",TRUE
"IL17C","27189",TRUE
"ATP8A1","10396",TRUE
"USP22","23326",TRUE
"POF1B","79983",TRUE
"HIF3A","64344",TRUE
"ZNF576","79177",TRUE
"ZNF45","7596",TRUE
"LYPD3","27076",TRUE
"PSG8","440533",TRUE
"NDP","4693",TRUE
"USP9X","8239",TRUE
"CRISP2","7180",TRUE
"GRM4","2914",TRUE
"TRERF1","55809",TRUE
"PACSIN1","29993",TRUE
"BTN2A2","10385",TRUE
"SIRT5","23408",TRUE
"MRS2","57380",TRUE
"WRNIP1","56897",TRUE
"RRP36","88745",TRUE
"SNRPC","6631",TRUE
"SERPINB6","5269",TRUE
"XPO5","57510",TRUE
"ABCC10","89845",TRUE
"H1-3","3007",TRUE
"PEX6","5190",TRUE
"NQO2","4835",TRUE
"OARD1","221443",TRUE
"UNC5CL","222643",TRUE
"AARS2","57505",TRUE
"ZNF391","346157",TRUE
"RPS10","6204",TRUE
"MOCS1","4337",TRUE
"H2BC11","8970",TRUE
"MED20","9477",TRUE
"OR2B6","26212",TRUE
"TBCC","6903",TRUE
"SPDEF","25803",TRUE
"TCP11","6954",TRUE
"MAD2L1BP","9587",TRUE
"KLHDC3","116138",TRUE
"GNMT","27232",TRUE
"TREM1","54210",TRUE
"MEA1","4201",TRUE
"KLHL31","401265",TRUE
"COL21A1","81578",TRUE
"CDKN1A","1026",TRUE
"SOX4","6659",TRUE
"GLO1","2739",TRUE
"CPNE5","57699",TRUE
"RREB1","6239",TRUE
"SSR1","6745",TRUE
"RIOK1","83732",TRUE
"NRN1","51299",TRUE
"SLC35B3","51000",TRUE
"RPP40","10799",TRUE
"ATXN1","6310",TRUE
"NUP153","9972",TRUE
"DEK","7913",TRUE
"EEF1E1","9521",TRUE
"RUNX2","860",TRUE
"LRRFIP1","9208",TRUE
"RAB17","64284",TRUE
"CXCL6","6372",TRUE
"EREG","2069",TRUE
"MYRF","745",TRUE
"SCGB1D2","10647",TRUE
"SCGB2A1","4246",TRUE
"AHNAK","79026",TRUE
"EMC3","55831",TRUE
"SSUH2","51066",TRUE
"SH3TC1","54436",TRUE
"CNOT1","23019",TRUE
"BBS2","583",TRUE
"MT1G","4495",TRUE
"MT2A","4502",TRUE
"PHAF1","80262",TRUE
"GOT2","2806",TRUE
"DOK4","55715",TRUE
"CLYBL","171425",TRUE
"TMTC4","84899",TRUE
"RAP2A","5911",TRUE
"ABCC4","10257",TRUE
"EFNB2","1948",TRUE
"SOX21","11166",TRUE
"TM9SF2","9375",TRUE
"HROB","78995",TRUE
"KIF25","3834",TRUE
"IRF1","3659",TRUE
"UPF3B","65109",TRUE
"RNF113A","7737",TRUE
"SEPTIN6","23157",TRUE
"TMEM255A","55026",TRUE
"NDUFA1","4694",TRUE
"AMELX","265",TRUE
"DMAC2L","27109",TRUE
"BMP4","652",TRUE
"PTGER2","5732",TRUE
"FAM193A","8603",TRUE
"GRK4","2868",TRUE
"SOX9","6662",TRUE
"TEKT3","64518",TRUE
"HS3ST3B1","9953",TRUE
"SLC25A35","399512",TRUE
"MRPS7","51081",TRUE
"GGA3","23163",TRUE
"ARMC7","79637",TRUE
"NUP85","79902",TRUE
"SLC25A19","60386",TRUE
"MIF4GD","57409",TRUE
"NT5C","30833",TRUE
"MSTO1","55154",TRUE
"TTF1","7270",TRUE
"GTF3C4","9329",TRUE
"DDX31","64794",TRUE
"BARHL1","56751",TRUE
"KIR2DL1","3802",TRUE
"PPP1R12C","54776",TRUE
"MBOAT7","79143",TRUE
"SRMS","6725",TRUE
"OPRL1","4987",TRUE
"SLC2A4RG","56731",TRUE
"FNDC11","79025",TRUE
"PPDPF","79144",TRUE
"IL1B","3553",TRUE
"PLGLB2","5342",TRUE
"IL37","27178",TRUE
"CHCHD5","84269",TRUE
"PAX8","7849",TRUE
"INSIG2","51141",TRUE
"POLR1B","84172",TRUE
"CCDC93","54520",TRUE
"PSD4","23550",TRUE
"SLC25A23","79085",TRUE
"PSPN","5623",TRUE
"GTF2F1","2962",TRUE
"ALKBH7","84266",TRUE
"CLPP","8192",TRUE
"TNFSF9","8744",TRUE
"GRIA3","2892",TRUE
"THOC2","57187",TRUE
"MED1","5469",TRUE
"RPL23","9349",TRUE
"ATG4C","84938",TRUE
"CD70","970",TRUE
"C3","718",TRUE
"SH2D3A","10045",TRUE
"TRIP10","9322",TRUE
"GPR108","56927",TRUE
"TNFSF14","8740",TRUE
"FOSB","2354",TRUE
"OPA3","80207",TRUE
"SNRPD2","6633",TRUE
"RTN2","6253",TRUE
"EML2","24139",TRUE
"VASP","7408",TRUE
"SYMPK","8189",TRUE
"GPCPD1","56261",TRUE
"SDCBP2","27111",TRUE
"PANK2","80025",TRUE
"TGM3","7053",TRUE
"GNRH2","2797",TRUE
"FOXA2","3170",TRUE
"GZF1","64412",TRUE
"PAX1","5075",TRUE
"NAPB","63908",TRUE
"CENPB","1059",TRUE
"PSMF1","9491",TRUE
"NKX2-2","4821",TRUE
"DTD1","92675",TRUE
"RBCK1","10616",TRUE
"TMX4","56255",TRUE
"CST11","140880",TRUE
"STK35","140901",TRUE
"SNRPB","6628",TRUE
"NRSN2","80023",TRUE
"AP5S1","55317",TRUE
"RRBP1","6238",TRUE
"BMP2","650",TRUE
"ZNF133","7692",TRUE
"FLRT3","23767",TRUE
"OVOL2","58495",TRUE
"PCSK2","5126",TRUE
"MKKS","8195",TRUE
"BFSP1","631",TRUE
"DSTN","11034",TRUE
"SNRPB2","6629",TRUE
"MGME1","92667",TRUE
"LRRN4","164312",TRUE
"TBC1D20","128637",TRUE
"ITPA","3704",TRUE
"TCF15","6939",TRUE
"OTOR","56914",TRUE
"MCM8","84515",TRUE
"TMEM74B","55321",TRUE
"FAM110A","83541",TRUE
"MRPS26","64949",TRUE
"NCLN","56926",TRUE
"CITED1","4435",TRUE
"HNRNPR","10236",TRUE
"ZNF436","80818",TRUE
"MAX","4149",TRUE
"ARMCX5","64860",TRUE
"GDF5","8200",TRUE
"MMP24","10893",TRUE
"NECAB3","63941",TRUE
"ID1","3397",TRUE
"RALY","22913",TRUE
"DYNLRB1","83658",TRUE
"EIF2S2","8894",TRUE
"ERGIC3","51614",TRUE
"ROMO1","140823",TRUE
"BPIFB1","92747",TRUE
"CEP250","11190",TRUE
"PLAGL2","5326",TRUE
"MMP24OS","101410538",TRUE
"GRPR","2925",TRUE
"KDM5C","8242",TRUE
"AMOT","154796",TRUE
"TMEM115","11070",TRUE
"PSMB2","5690",TRUE
"AGO3","192669",TRUE
"UROD","7389",TRUE
"ST3GAL3","6487",TRUE
"TMEM53","79639",TRUE
"HECTD3","79654",TRUE
"KLC1","3831",TRUE
"XRCC3","7517",TRUE
"TUBGCP3","10426",TRUE
"MCF2L","23263",TRUE
"F10","2159",TRUE
"PCID2","55795",TRUE
"PROZ","8858",TRUE
"SLURP1","57152",TRUE
"LRFN3","79414",TRUE
"IGFLR1","79713",TRUE
"CAPNS1","826",TRUE
"PDCD2L","84306",TRUE
"RBM42","79171",TRUE
"KIRREL2","84063",TRUE
"UBA2","10054",TRUE
"FFAR2","2867",TRUE
"HCST","10870",TRUE
"COX6B1","1340",TRUE
"THRA","7067",TRUE
"CCR7","1236",TRUE
"NR1D1","9572",TRUE
"FRMD8","83786",TRUE
"PRDX5","25824",TRUE
"BCL2L12","83596",TRUE
"IRF3","3661",TRUE
"PRMT1","3276",TRUE
"RRAS","6237",TRUE
"PRRG2","5639",TRUE
"SCAF1","58506",TRUE
"PRR12","57479",TRUE
"FLRT1","23769",TRUE
"ASL","435",TRUE
"SBDS","51119",TRUE
"STAT5A","6776",TRUE
"WNK4","65266",TRUE
"BECN1","8678",TRUE
"PRKCG","5582",TRUE
"TRAP1","10131",TRUE
"GLIS2","84662",TRUE
"NSRP1","84081",TRUE
"DNAJC8","22826",TRUE
"AHDC1","27245",TRUE
"IFI6","2537",TRUE
"DACH2","117154",TRUE
"ZNF384","171017",TRUE
"EMG1","10436",TRUE
"SSX1","6756",TRUE
"UXT","8409",TRUE
"CFP","5199",TRUE
"ELK1","2002",TRUE
"TIMM17B","10245",TRUE
"PCNX4","64430",TRUE
"ATG14","22863",TRUE
"KTN1","3895",TRUE
"SIX1","6495",TRUE
"RHOJ","57381",TRUE
"DLGAP5","9787",TRUE
"L3HYPDH","112849",TRUE
"HSPA2","3306",TRUE
"ZBTB1","22890",TRUE
"TRMT5","57570",TRUE
"SGPP1","81537",TRUE
"PLEKHG3","26030",TRUE
"PZP","5858",TRUE
"PRDM7","11105",TRUE
"RHOT1","55288",TRUE
"EVI2A","2123",TRUE
"DYNC2I1","55112",TRUE
"AIF1L","83543",TRUE
"FAM78A","286336",TRUE
"NUP214","8021",TRUE
"CTAG2","30848",TRUE
"AVPR2","554",TRUE
"SLC10A3","8273",TRUE
"MAP2K2","5605",TRUE
"HNRNPH2","3188",TRUE
"ARMCX1","51309",TRUE
"TMEM35A","59353",TRUE
"TIMM8A","1678",TRUE
"ZC4H2","55906",TRUE
"CANX","821",TRUE
"INTS11","54973",TRUE
"IPPK","64768",TRUE
"ZNF484","83744",TRUE
"FGD3","89846",TRUE
"HIVEP3","59269",TRUE
"PPCS","79717",TRUE
"EDN2","1907",TRUE
"BCL11B","64919",TRUE
"COX7C","1350",TRUE
"TRAF2","7186",TRUE
"ABHD8","79575",TRUE
"ATP13A4","84239",TRUE
"PLAAT1","57110",TRUE
"HELB","92797",TRUE
"RAP1B","5908",TRUE
"TSPAN8","7103",TRUE
"BEST3","144453",TRUE
"RAB3IP","117177",TRUE
"PTPRB","5787",TRUE
"DYRK2","8445",TRUE
"YEATS4","8089",TRUE
"TAS2R3","50831",TRUE
"TAS2R4","50832",TRUE
"TAS2R5","54429",TRUE
"CRYGN","155051",TRUE
"LRRC61","65999",TRUE
"IDUA","3425",TRUE
"FGFRL1","53834",TRUE
"TMEM175","84286",TRUE
"AUNIP","79000",TRUE
"PIN1","5300",TRUE
"FBXL12","54850",TRUE
"EMC1","23065",TRUE
"PLA2G5","5322",TRUE
"UBR4","23352",TRUE
"HP1BP3","50809",TRUE
"ADGRE2","30817",TRUE
"SIN3B","23309",TRUE
"SLC35E1","79939",TRUE
"EPS15L1","58513",TRUE
"KLF2","10365",TRUE
"OR7C1","26664",TRUE
"F2RL3","9002",TRUE
"UQCR11","10975",TRUE
"GFER","2671",TRUE
"SYNGR3","9143",TRUE
"PKMYT1","9088",TRUE
"WFIKKN1","117166",TRUE
"WDR24","84219",TRUE
"FBXL16","146330",TRUE
"CHTF18","63922",TRUE
"GNG13","51764",TRUE
"MACF1","23499",TRUE
"SMARCA4","6597",TRUE
"KDM4B","23030",TRUE
"TICAM1","148022",TRUE
"METTL25","84190",TRUE
"IL17B","27190",TRUE
"EMC6","83460",TRUE
"METTL16","79066",TRUE
"TUBA4A","7277",TRUE
"VIL1","7429",TRUE
"AAMP","14",TRUE
"PNKD","25953",TRUE
"TNFRSF19","55504",TRUE
"RNF6","6049",TRUE
"ECHS1","1892",TRUE
"ZNF835","90485",TRUE
"AKAP9","10142",TRUE
"GNG11","2791",TRUE
"SEM1","7979",TRUE
"GNGT1","2792",TRUE
"HIP1","3092",TRUE
"PTPN12","5782",TRUE
"POR","5447",TRUE
"FGL2","10875",TRUE
"STYXL1","51657",TRUE
"STEAP4","79689",TRUE
"GNAI1","2770",TRUE
"PEX1","5189",TRUE
"MTERF1","7978",TRUE
"SGCE","8910",TRUE
"RBM48","84060",TRUE
"CASD1","64921",TRUE
"ZNF780B","163131",TRUE
"LRFN1","57622",TRUE
"ZFP36","7538",TRUE
"SRD5A3","79644",TRUE
"SPINK2","6691",TRUE
"RASL11B","65997",TRUE
"PAICS","10606",TRUE
"KDR","3791",TRUE
"PPAT","5471",TRUE
"TUBGCP6","85378",TRUE
"ADM2","79924",TRUE
"DGCR6L","85359",TRUE
"DGCR8","54487",TRUE
"ASPHD2","57168",TRUE
"VPREB3","29802",TRUE
"SDF2L1","23753",TRUE
"GAL3ST1","9514",TRUE
"YWHAH","7533",TRUE
"RFPL2","10739",TRUE
"GNAZ","2781",TRUE
"MGAT3","4248",TRUE
"ADORA2A","135",TRUE
"ATF4","468",TRUE
"A4GALT","53947",TRUE
"CDC42EP1","11135",TRUE
"APOL3","80833",TRUE
"MCHR1","2847",TRUE
"TPST2","8459",TRUE
"BAIAP2L2","80115",TRUE
"MPST","4357",TRUE
"GALR3","8484",TRUE
"TST","7263",TRUE
"APOL2","23780",TRUE
"RAC2","5880",TRUE
"LIF","3976",TRUE
"C22orf23","84645",TRUE
"APOBEC3A","200315",TRUE
"APOBEC3F","200316",TRUE
"RIBC2","26150",TRUE
"KRT17","3872",TRUE
"EMC4","51234",TRUE
"RNF112","7732",TRUE
"SPECC1","92521",TRUE
"CPA4","51200",TRUE
"DOCK4","9732",TRUE
"POT1","25913",TRUE
"ATP6V1F","9296",TRUE
"LSM8","51691",TRUE
"CDHR3","222256",TRUE
"PRKRIP1","79706",TRUE
"VGF","7425",TRUE
"PODXL","5420",TRUE
"FOXP2","93986",TRUE
"STRIP2","57464",TRUE
"IFT22","64792",TRUE
"MKLN1","4289",TRUE
"DNAJB9","4189",TRUE
"FLNC","2318",TRUE
"LRRC4","64101",TRUE
"CALU","813",TRUE
"CCDC136","64753",TRUE
"SMO","6608",TRUE
"IRF5","3663",TRUE
"LRRC17","10234",TRUE
"KLHDC10","23008",TRUE
"NDUFA5","4698",TRUE
"FEZF1","389549",TRUE
"MRPS12","6183",TRUE
"MYO1B","4430",TRUE
"HOXD1","3231",TRUE
"HOXD3","3232",TRUE
"MTX2","10651",TRUE
"PDE11A","50940",TRUE
"CHN1","1123",TRUE
"GAD1","2571",TRUE
"OSGEPL1","64172",TRUE
"ORMDL1","94101",TRUE
"HAT1","8520",TRUE
"HOXD9","3235",TRUE
"HOXD10","3236",TRUE
"HOXD11","3237",TRUE
"HOXD13","3239",TRUE
"HERC2","8924",TRUE
"SNRPN","6638",TRUE
"PSMG2","56984",TRUE
"TWSG1","57045",TRUE
"ARHGAP22","58504",TRUE
"WDFY4","57705",TRUE
"EIF2AK4","440275",TRUE
"MYO5C","55930",TRUE
"CGNL1","84952",TRUE
"TMOD2","29767",TRUE
"TTBK2","146057",TRUE
"ELL3","80237",TRUE
"CCDC32","90416",TRUE
"INO80","54617",TRUE
"ICE2","79664",TRUE
"DLL4","54567",TRUE
"ALDH1A2","8854",TRUE
"MINDY2","54629",TRUE
"IVD","3712",TRUE
"KNSTRN","90417",TRUE
"DUT","1854",TRUE
"CHAC1","79094",TRUE
"CLN6","54982",TRUE
"ARPP19","10776",TRUE
"VPS13C","54832",TRUE
"CALML4","91860",TRUE
"ISLR","3671",TRUE
"THAP10","56906",TRUE
"LOXL1","4016",TRUE
"ACKR4","51554",TRUE
"ANAPC13","25847",TRUE
"MBD4","8930",TRUE
"COPB1","1315",TRUE
"PSMA1","5682",TRUE
"SUMF2","25870",TRUE
"PALLD","23022",TRUE
"SPCS3","60559",TRUE
"BBOX1","8424",TRUE
"SERGEF","26297",TRUE
"KCNC1","3746",TRUE
"TPH1","7166",TRUE
"CSRP3","8048",TRUE
"E2F8","79733",TRUE
"DCTD","1635",TRUE
"SOX15","6665",TRUE
"PIMREG","54478",TRUE
"RPAIN","84268",TRUE
"SHBG","6462",TRUE
"PLD2","5338",TRUE
"CD68","968",TRUE
"TXNDC17","84817",TRUE
"FXR2","9513",TRUE
"KIF1C","10749",TRUE
"MPDU1","9526",TRUE
"PHF20L1","51105",TRUE
"DNAAF11","23639",TRUE
"CCNT1","904",TRUE
"PUS7L","83448",TRUE
"KRI1","65095",TRUE
"ILF3","3609",TRUE
"SLC44A2","57153",TRUE
"AP1M2","10053",TRUE
"CDKN2D","1032",TRUE
"MTUS1","57509",TRUE
"KLK14","43847",TRUE
"SIGLEC9","27180",TRUE
"KLK10","5655",TRUE
"KLK8","11202",TRUE
"NGDN","25983",TRUE
"RIPK3","11035",TRUE
"ADCY4","196883",TRUE
"RAB2B","84932",TRUE
"BCL2L2","599",TRUE
"AJUBA","84962",TRUE
"DTD2","112487",TRUE
"PARP2","10038",TRUE
"HEATR5A","25938",TRUE
"FOXA1","3169",TRUE
"SNX6","58533",TRUE
"EAPP","55837",TRUE
"EGLN3","112399",TRUE
"MIS18BP1","55320",TRUE
"NRL","4901",TRUE
"RNASE1","6035",TRUE
"NEDD8","4738",TRUE
"DAD1","1603",TRUE
"TEP1","7011",TRUE
"EPB41L4A","64097",TRUE
"CDO1","1036",TRUE
"REEP5","7905",TRUE
"ITFG1","81533",TRUE
"QRICH2","84074",TRUE
"FOXJ1","2302",TRUE
"SEC14L1","6397",TRUE
"RHBDF2","79651",TRUE
"AANAT","15",TRUE
"ARHGEF6","9459",TRUE
"MAP7D3","79649",TRUE
"FGF13","2258",TRUE
"ASH2L","9070",TRUE
"TTI2","80185",TRUE
"ART1","417",TRUE
"CHRNA10","57053",TRUE
"CDKN1C","1028",TRUE
"SGO1","151648",TRUE
"RPS4Y1","6192",TRUE
"VCY1B","353513",TRUE
"VCY","9084",TRUE
"CDH15","1013",TRUE
"KLF16","83855",TRUE
"PGAP6","58986",TRUE
"DOHH","83475",TRUE
"MAU2","23383",TRUE
"SHC2","25759",TRUE
"PLPPR3","79948",TRUE
"ABHD17A","81926",TRUE
"LBP","3929",TRUE
"SYT5","6861",TRUE
"TNNI3","7137",TRUE
"CBFA2T3","863",TRUE
"GAMT","2593",TRUE
"PUDP","8226",TRUE
"ERMARD","55780",TRUE
"PHF10","55274",TRUE
"CRACR2A","84766",TRUE
"NXNL2","158046",TRUE
"STARD8","9754",TRUE
"NALF2","27112",TRUE
"GDPD2","54857",TRUE
"SAT1","6303",TRUE
"GNL3L","54552",TRUE
"SH3BP4","23677",TRUE
"MOSPD2","158747",TRUE
"DOCK6","57572",TRUE
"ECSIT","51295",TRUE
"LDLR","3949",TRUE
"ELOF1","84337",TRUE
"ANGPTL8","55908",TRUE
"PRKCSH","5589",TRUE
"CNN1","1264",TRUE
"CDC16","8881",TRUE
"THEM6","51337",TRUE
"NECTIN2","5819",TRUE
"APOE","348",TRUE
"TOMM40","10452",TRUE
"APOC1","341",TRUE
"GADD45G","10912",TRUE
"LRCH2","57631",TRUE
"XPO7","23039",TRUE
"ACE2","59272",TRUE
"FAM98C","147965",TRUE
"SAFB2","9667",TRUE
"RPL36","25873",TRUE
"ATP8B3","148229",TRUE
"GDF1","2657",TRUE
"NCAN","1463",TRUE
"KIF1A","547",TRUE
"GTPBP3","84705",TRUE
"BST2","684",TRUE
"SLC27A1","376497",TRUE
"NSUN5","55695",TRUE
"COLGALT1","79709",TRUE
"DDA1","79016",TRUE
"MRPL34","64981",TRUE
"PGLS","25796",TRUE
"LSM7","51690",TRUE
"TULP4","56995",TRUE
"SNX9","51429",TRUE
"RTN4IP1","84816",TRUE
"QRSL1","55278",TRUE
"MTRES1","51250",TRUE
"RSPH3","83861",TRUE
"ACSBG2","81616",TRUE
"MLLT1","4298",TRUE
"FUT5","2527",TRUE
"AFDN","4301",TRUE
"ACTN4","81",TRUE
"STK33","65975",TRUE
"NDUFA10","4705",TRUE
"EPO","2056",TRUE
"ARPC1B","10095",TRUE
"CACNG6","59285",TRUE
"ZSWIM6","57688",TRUE
"FCHO1","23149",TRUE
"UNC13A","23025",TRUE
"MAP1S","55201",TRUE
"KLHDC7B","113730",TRUE
"PXDN","7837",TRUE
"SSBP4","170463",TRUE
"GDF15","9518",TRUE
"PGPEP1","54858",TRUE
"IQCN","80726",TRUE
"LSM4","25804",TRUE
"JUND","3727",TRUE
"HRC","3270",TRUE
"TRPM4","54795",TRUE
"SULT4A1","25830",TRUE
"ZNF557","79230",TRUE
"CRB3","92359",TRUE
"OLFM1","10439",TRUE
"CAMSAP1","157922",TRUE
"UBAC1","10422",TRUE
"SAG","6295",TRUE
"ZBTB46","140685",TRUE
"HELZ2","85441",TRUE
"SAMD10","140700",TRUE
"LSP1","4046",TRUE
"TNNT3","7140",TRUE
"TNNI2","7136",TRUE
"COL5A1","1289",TRUE
"ATXN10","25814",TRUE
"TUBGCP2","10844",TRUE
"CALY","50632",TRUE
"CYP2E1","1571",TRUE
"PNPLA7","375775",TRUE
"PAK4","10298",TRUE
"MNX1","3110",TRUE
"ZNF337","26152",TRUE
"CEP85","64793",TRUE
"TAF4","6874",TRUE
"GATA5","140628",TRUE
"RBBP8NL","140893",TRUE
"LAMA5","3911",TRUE
"OSBPL2","9885",TRUE
"ADRM1","11047",TRUE
"ASS1","445",TRUE
"EXOSC2","23404",TRUE
"POMT1","10585",TRUE
"UCK1","83549",TRUE
"FIBCD1","84929",TRUE
"CHMP2A","27243",TRUE
"UBE2M","9040",TRUE
"TRIM28","10155",TRUE
"METTL26","84326",TRUE
"YIPF2","78992",TRUE
"ATG4D","84971",TRUE
"EIF2S3","1968",TRUE
"TMEM160","54958",TRUE
"ZC3H4","23211",TRUE
"NPAS1","4861",TRUE
"GMFG","9535",TRUE
"MAP3K10","4294",TRUE
"ARHGEF16","27237",TRUE
"LRRC47","57470",TRUE
"SESN2","83667",TRUE
"SMPDL3B","27293",TRUE
"ATP5IF1","93974",TRUE
"MED18","54797",TRUE
"THEMIS2","9473",TRUE
"CLIP1","6249",TRUE
"HIP1R","9026",TRUE
"ZNF317","57693",TRUE
"PPAN","56342",TRUE
"EIF3G","8666",TRUE
"ANGPTL6","83854",TRUE
"SHFL","55337",TRUE
"DNMT1","1786",TRUE
"ZNF426","79088",TRUE
"SLC6A8","6535",TRUE
"PNCK","139728",TRUE
"DKC1","1736",TRUE
"PLXNA3","55558",TRUE
"DUSP9","1852",TRUE
"MPP1","4354",TRUE
"ZNF331","55422",TRUE
"ZNF236","7776",TRUE
"SLC7A10","56301",TRUE
"LRP3","4037",TRUE
"MTRFR","91574",TRUE
"NOL11","25926",TRUE
"UBE4B","10277",TRUE
"CASZ1","54897",TRUE
"PKDREJ","10343",TRUE
"HSD17B3","3293",TRUE
"HABP4","22927",TRUE
"SLC35D2","11046",TRUE
"PRRG1","5638",TRUE
"UBA1","7317",TRUE
"RGN","9104",TRUE
"POLN","353497",TRUE
"PPIL4","85313",TRUE
"ULBP2","80328",TRUE
"AKAP12","9590",TRUE
"SYNE1","23345",TRUE
"ULBP3","79465",TRUE
"LATS1","9113",TRUE
"EPS8L1","54869",TRUE
"AAR2","25980",TRUE
"TTLL9","164395",TRUE
"BPIFA2","140683",TRUE
"RBM39","9584",TRUE
"ZNF341","84905",TRUE
"GGT7","2686",TRUE
"ACSS2","55902",TRUE
"EDA2R","60401",TRUE
"ARHGEF9","23229",TRUE
"C1QL1","10882",TRUE
"GFAP","2670",TRUE
"ATP6V1E1","529",TRUE
"ZNF227","7770",TRUE
"ZNF428","126299",TRUE
"ZNF141","7700",TRUE
"CCL25","6370",TRUE
"COX4I1","1327",TRUE
"EMC8","10328",TRUE
"GSE1","23199",TRUE
"GINS2","51659",TRUE
"CHMP1A","5119",TRUE
"SH3BGRL","6451",TRUE
"COX7B","1349",TRUE
"F12","2161",TRUE
"PRR7","80758",TRUE
"NFATC1","4772",TRUE
"IDO1","3620",TRUE
"CAP1","10487",TRUE
"PPT1","5538",TRUE
"RAB11FIP4","84440",TRUE
"RLIM","51132",TRUE
"ABCB7","22",TRUE
"TRAF3","7187",TRUE
"HAUS8","93323",TRUE
"MRPS25","64432",TRUE
"SH3BP5","9467",TRUE
"HACL1","26061",TRUE
"TBC1D5","9779",TRUE
"CAPN7","23473",TRUE
"RFTN1","23180",TRUE
"RBSN","64145",TRUE
"GALNT15","117248",TRUE
"SLC6A6","6533",TRUE
"KCNC3","3748",TRUE
"NAPSA","9476",TRUE
"NR1H2","7376",TRUE
"LRRC4B","94030",TRUE
"PDLIM4","8572",TRUE
"KIF3A","11127",TRUE
"MGAT1","4245",TRUE
"GFPT2","9945",TRUE
"TUBG1","7283",TRUE
"PSME3","10197",TRUE
"RPL27","6155",TRUE
"PSMC3IP","29893",TRUE
"AOC3","8639",TRUE
"ACLY","47",TRUE
"VPS25","84313",TRUE
"RAMP2","10266",TRUE
"AOC2","314",TRUE
"NDUFA2","4695",TRUE
"ANKHD1","54882",TRUE
"DIAPH1","1729",TRUE
"NDFIP1","80762",TRUE
"UBE2D2","7322",TRUE
"EXOC4","60412",TRUE
"ACAP3","116983",TRUE
"C1orf159","54991",TRUE
"ANO1","55107",TRUE
"PPFIA1","8500",TRUE
"TMEM204","79652",TRUE
"KREMEN2","79412",TRUE
"THOC6","79228",TRUE
"TRAF7","84231",TRUE
"BARX1","56033",TRUE
"NINJ1","4814",TRUE
"CA6","765",TRUE
"NPHP4","261734",TRUE
"MAP1B","4131",TRUE
"IL13RA1","3597",TRUE
"WDR44","54521",TRUE
"CKMT2","1160",TRUE
"ZCCHC9","84240",TRUE
"KRT34","3885",TRUE
"KRT33B","3884",TRUE
"TNS4","84951",TRUE
"TOP2A","7153",TRUE
"STARD3","10948",TRUE
"RARA","5914",TRUE
"PPP1R1B","84152",TRUE
"KHDRBS3","10656",TRUE
"CHD1L","9557",TRUE
"PEX11B","8799",TRUE
"FMO5","2330",TRUE
"PIAS3","10401",TRUE
"PRKAB2","5565",TRUE
"PDHA1","5160",TRUE
"RAI2","10742",TRUE
"MCCC2","64087",TRUE
"ZNF304","57343",TRUE
"ZSCAN5A","79149",TRUE
"ZNF132","7691",TRUE
"SELENOS","55829",TRUE
"CHSY1","22856",TRUE
"SNRPA1","6627",TRUE
"LLGL1","3996",TRUE
"NR0B2","8431",TRUE
"LIN28A","79727",TRUE
"THAP1","55145",TRUE
"RHPN2","85415",TRUE
"C19orf12","83636",TRUE
"FAAP24","91442",TRUE
"ACTR10","55860",TRUE
"ABHD12B","145447",TRUE
"GCH1","2643",TRUE
"LGALS3","3958",TRUE
"PODNL1","79883",TRUE
"DNAJB1","3337",TRUE
"ZSWIM4","65249",TRUE
"FBXW9","84261",TRUE
"RFX1","5989",TRUE
"ZNF20","7568",TRUE
"BRME1","79173",TRUE
"DCAF15","90379",TRUE
"CC2D1A","54862",TRUE
"RTBDN","83546",TRUE
"MATN3","4148",TRUE
"TRIM21","6737",TRUE
"SPATA6","54558",TRUE
"LRRC41","10489",TRUE
"CCT6B","10693",TRUE
"DHX30","22907",TRUE
"RAF1","5894",TRUE
"SLC6A11","6538",TRUE
"PPARG","5468",TRUE
"NUP210","23225",TRUE
"FCRLA","84824",TRUE
"HSD17B7","51478",TRUE
"ENOSF1","55556",TRUE
"EMILIN2","84034",TRUE
"SLX1A","548593",TRUE
"ARFIP2","23647",TRUE
"TRIM5","85363",TRUE
"CNGA4","1262",TRUE
"TRIM22","10346",TRUE
"RRP8","23378",TRUE
"TIMM10B","26515",TRUE
"EFR3A","23167",TRUE
"HHLA1","10086",TRUE
"PTCD3","55037",TRUE
"IMMT","10989",TRUE
"MRPL35","51318",TRUE
"IQCA1",NA,FALSE
"ILKAP","80895",TRUE
"PER2","8864",TRUE
"RAMP1","10267",TRUE
"SCLY","51540",TRUE
"PTPRE","5791",TRUE
"RAN","5901",TRUE
"PRKAA1","5562",TRUE
"CARD6","84674",TRUE
"RAP1GAP2","23108",TRUE
"CLUH","23277",TRUE
"INPP5K","51763",TRUE
"MYBBP1A","10514",TRUE
"RPA1","6117",TRUE
"SERPINF1","5176",TRUE
"UBE2G1","7326",TRUE
"EEFSEC","60678",TRUE
"TBC1D14","57533",TRUE
"TMEM128","85013",TRUE
"COQ3","51805",TRUE
"PNISR","25957",TRUE
"POPDC3","64208",TRUE
"SEC61G","23480",TRUE
"LANCL2","55915",TRUE
"FIGNL1","63979",TRUE
"DDC","1644",TRUE
"FTHL17","53940",TRUE
"GRSF1","2926",TRUE
"ENAM","10117",TRUE
"JCHAIN","3512",TRUE
"ANKRD17","26057",TRUE
"UTP3","57050",TRUE
"ITGB4","3691",TRUE
"WBP2","23558",TRUE
"H3-3B","3021",TRUE
"UNK","85451",TRUE
"TRIM47","91107",TRUE
"ZRANB2","9406",TRUE
"EIF5A","1984",TRUE
"KDM6B","23135",TRUE
"SLC52A1","55065",TRUE
"GUCY2D","3000",TRUE
"GPS2","2874",TRUE
"XAF1","54739",TRUE
"DLG4","1742",TRUE
"RIDA","10247",TRUE
"VPS13B","157680",TRUE
"RGS22","26166",TRUE
"MATN2","4147",TRUE
"REEP2","51308",TRUE
"PCBD2","84105",TRUE
"SDF2","6388",TRUE
"FLOT2","2319",TRUE
"ERAL1","26284",TRUE
"PRMT7","54496",TRUE
"NIP7","51388",TRUE
"TERF2","7014",TRUE
"VPS4A","27183",TRUE
"MTSS2","92154",TRUE
"HSPA12B","116835",TRUE
"ANKEF1","63926",TRUE
"PCED1A","64773",TRUE
"SNAP25","6616",TRUE
"BTBD3","22903",TRUE
"PCNA","5111",TRUE
"NXT1","29107",TRUE
"POLR3F","10621",TRUE
"RIN2","54453",TRUE
"PTPRA","5786",TRUE
"DAP3","7818",TRUE
"RHBG","57127",TRUE
"KHDC4","22889",TRUE
"ATP1A4","480",TRUE
"NES","10763",TRUE
"BCAN","63827",TRUE
"ARHGEF11","9826",TRUE
"RAB25","57111",TRUE
"HAPLN2","60484",TRUE
"APCS","325",TRUE
"DCAF8","50717",TRUE
"SYT11","23208",TRUE
"IGHMBP2","3508",TRUE
"ACY3","91703",TRUE
"ALDH3B2","222",TRUE
"TESMIN","9633",TRUE
"MMACHC","25974",TRUE
"DPH2","1802",TRUE
"TOE1","114034",TRUE
"NASP","4678",TRUE
"MUTYH","4595",TRUE
"CTNNBL1","56259",TRUE
"LPIN3","64900",TRUE
"ZSWIM3","140831",TRUE
"RBM38","55544",TRUE
"VSTM2L","128434",TRUE
"OSER1","51526",TRUE
"SERINC3","10955",TRUE
"PPP1R3D","5509",TRUE
"DMGDH","29958",TRUE
"BHMT2","23743",TRUE
"AP3B1","8546",TRUE
"ZBED3","84327",TRUE
"PATJ","10207",TRUE
"KANK4","163782",TRUE
"SLC14A2","8170",TRUE
"FBXO44","93611",TRUE
"CPLANE2","79363",TRUE
"CASP9","842",TRUE
"NMUR2","56923",TRUE
"DCTN4","51164",TRUE
"PDE6A","5145",TRUE
"ATP8A2","51761",TRUE
"MTUS2","23281",TRUE
"ZMYM5","9205",TRUE
"USPL1","10208",TRUE
"XPO4","64328",TRUE
"POMP","51371",TRUE
"CDK8","1024",TRUE
"ALOX5AP","241",TRUE
"WASF3","10810",TRUE
"RNF17","56163",TRUE
"CHRM3","1131",TRUE
"MYH10","4628",TRUE
"PEMT","10400",TRUE
"SCO1","6341",TRUE
"MPRIP","23164",TRUE
"CHI3L1","1116",TRUE
"PIK3C2B","5287",TRUE
"DSTYK","25778",TRUE
"SLC41A1","254428",TRUE
"LGR6","59352",TRUE
"TMCC2","9911",TRUE
"DCLK1","9201",TRUE
"CCNA1","8900",TRUE
"COG6","57511",TRUE
"SPART","23111",TRUE
"EPSTI1","94240",TRUE
"TRPC4","7223",TRUE
"POSTN","10631",TRUE
"RFXAP","5994",TRUE
"TPT1","7178",TRUE
"GPALPP1","55425",TRUE
"KL","9365",TRUE
"RFC3","5983",TRUE
"STARD13","90627",TRUE
"IRS4","8471",TRUE
"MORC4","79710",TRUE
"BEX2","84707",TRUE
"RNF128","79589",TRUE
"GNG5B","347687",TRUE
"TBC1D8B","54885",TRUE
"TCEAL4","79921",TRUE
"BEX1","55859",TRUE
"VCF1","84923",TRUE
"SLC39A11","201266",TRUE
"EPHB2","2048",TRUE
"SRRM1","10250",TRUE
"BTBD2","55643",TRUE
"PRAM1","84106",TRUE
"KMT5C","84787",TRUE
"ZNF414","84330",TRUE
"PDE6B","5158",TRUE
"HSPBP1","23640",TRUE
"CSNK1G2","1455",TRUE
"SLF1","84250",TRUE
"CNDP2","55748",TRUE
"MACROD1","28992",TRUE
"WDR74","54663",TRUE
"LGALS12","85329",TRUE
"RTN3","10313",TRUE
"PLAAT4","5920",TRUE
"PLAAT2","54979",TRUE
"MYH11","4629",TRUE
"CEP20","123811",TRUE
"MED10","84246",TRUE
"PDZD2","23037",TRUE
"MORC2","22880",TRUE
"LARGE1","9215",TRUE
"GSTT2B","653689",TRUE
"MYO18B","84700",TRUE
"SLC2A11","66035",TRUE
"C1QTNF6","114904",TRUE
"FAM83F","113828",TRUE
"SEC14L4","284904",TRUE
"ADCK2","90956",TRUE
"MKRN1","23608",TRUE
"AGAP3","116988",TRUE
"KRBA1",NA,FALSE
"ACTR3B","57180",TRUE
"NTS","4922",TRUE
"BTG1","694",TRUE
"LRRIQ1","84125",TRUE
"RLIG1","91298",TRUE
"ATP13A3","79572",TRUE
"SFTPD","6441",TRUE
"DYDC2","84332",TRUE
"TMEM254","80195",TRUE
"TMTC1","83857",TRUE
"KRAS","3845",TRUE
"IPO8","10526",TRUE
"LARS1","51520",TRUE
"SPINK5","11005",TRUE
"IMPA1","3612",TRUE
"LRRCC1","85444",TRUE
"E2F5","1875",TRUE
"CCDC59","29080",TRUE
"SWAP70","23075",TRUE
"BMAL1","406",TRUE
"AMPD3","272",TRUE
"SBF2","81846",TRUE
"MICAL2","9645",TRUE
"RRAS2","22800",TRUE
"HSD17B4","3295",TRUE
"ZFC3H1","196441",TRUE
"TEX15","56154",TRUE
"SARAF","51669",TRUE
"RNF122","79845",TRUE
"DUSP26","78986",TRUE
"DPF2","5977",TRUE
"MEN1","4221",TRUE
"ERG28","11161",TRUE
"GSC","145258",TRUE
"DGLUCY","80017",TRUE
"UNC79","57578",TRUE
"NUMB","8650",TRUE
"CATSPERB","79820",TRUE
"COX16","51241",TRUE
"TTC9","23508",TRUE
"MED6","10001",TRUE
"EIF2S1","1965",TRUE
"LOXL2","4017",TRUE
"ELP3","55140",TRUE
"PEBP4","157310",TRUE
"CTIF","9811",TRUE
"MBD2","8932",TRUE
"IER3IP1","51124",TRUE
"KGD4","92259",TRUE
"CCNB1","891",TRUE
"CDK7","1022",TRUE
"CD180","4064",TRUE
"IRAK2","3656",TRUE
"CAMK1","8536",TRUE
"THUMPD3","25917",TRUE
"VHL","7428",TRUE
"BHLHE40","8553",TRUE
"ARL8B","55207",TRUE
"EDEM1","9695",TRUE
"CHL1","10752",TRUE
"MEIS2","4212",TRUE
"DPH6","89978",TRUE
"KATNBL1","79768",TRUE
"EMC7","56851",TRUE
"GSTM1","2944",TRUE
"PRPF38B","55119",TRUE
"REG4","83998",TRUE
"TSPAN2","10100",TRUE
"GSTM5","2949",TRUE
"GSTM3","2947",TRUE
"SYT6","148281",TRUE
"VAV3","10451",TRUE
"PSRC1","84722",TRUE
"HMGCS2","3158",TRUE
"PTPN22","26191",TRUE
"SORT1","6272",TRUE
"WNT2B","7482",TRUE
"PTGFRN","5738",TRUE
"LAMTOR5","10542",TRUE
"NOTCH2","4853",TRUE
"TRIM45","80263",TRUE
"CEPT1","10390",TRUE
"CD101","9398",TRUE
"VTCN1","79679",TRUE
"NGF","4803",TRUE
"AP4B1","10717",TRUE
"NAPG","8774",TRUE
"SPIRE1","56907",TRUE
"PPHLN1","51535",TRUE
"FKBP11","51303",TRUE
"ARF3","377",TRUE
"TMEM106C","79022",TRUE
"SLC38A2","54407",TRUE
"YWHAQ","10971",TRUE
"KIDINS220","57498",TRUE
"GRHL1","29841",TRUE
"ROCK2","9475",TRUE
"RSAD2","91543",TRUE
"MYCN","4613",TRUE
"LPIN1","23175",TRUE
"CMPK2","129607",TRUE
"IAH1","285148",TRUE
"LDHA","3939",TRUE
"SAA2","6289",TRUE
"ANO3","63982",TRUE
"IL6ST","3572",TRUE
"FST","10468",TRUE
"NAV1","89796",TRUE
"CDC73","79577",TRUE
"TIMM17A","10440",TRUE
"ERN2","10595",TRUE
"RPS15A","6210",TRUE
"NARS1","4677",TRUE
"RELCH","57614",TRUE
"FBH1","84893",TRUE
"RBM17","84991",TRUE
"IL2RA","3559",TRUE
"ANKRD16","54522",TRUE
"ECHDC3","79746",TRUE
"IL15RA","3601",TRUE
"CCNH","902",TRUE
"TMEM241",NA,FALSE
"KCTD1","284252",TRUE
"CABLES1","91768",TRUE
"DOCK2","1794",TRUE
"EMP1","2012",TRUE
"SOX5","6660",TRUE
"RERG","85004",TRUE
"KLRD1","3824",TRUE
"SPX","80763",TRUE
"LRP4","4038",TRUE
"DDB2","1643",TRUE
"ACP2","53",TRUE
"RTL8C","8933",TRUE
"RAB33A","9363",TRUE
"SOX3","6658",TRUE
"RBMX2","51634",TRUE
"STK26","51765",TRUE
"PIWIL4","143689",TRUE
"PUM1","9698",TRUE
"SPOCD1","90853",TRUE
"YARS1","8565",TRUE
"PHC2","1912",TRUE
"CDCA8","55143",TRUE
"GNL2","29889",TRUE
"AGO4","192670",TRUE
"HOOK1","51361",TRUE
"CYP2J2","1573",TRUE
"BTF3L4","91408",TRUE
"TUT4","23318",TRUE
"PRPF38A","84950",TRUE
"DSC2","1824",TRUE
"DSG3","1830",TRUE
"RNF138","51444",TRUE
"ELP2","55250",TRUE
"DSG1","1828",TRUE
"DSC3","1825",TRUE
"DSC1","1823",TRUE
"DTNA","1837",TRUE
"FHOD3","80206",TRUE
"TPGS2","25941",TRUE
"DAGLA","747",TRUE
"SLC43A3","29015",TRUE
"TIMM10","26519",TRUE
"DHX34","9704",TRUE
"FADS2","9415",TRUE
"TMEM258","746",TRUE
"TCN1","6947",TRUE
"C5AR2","27202",TRUE
"TMEM165","55858",TRUE
"CLOCK","9575",TRUE
"PDGFRA","5156",TRUE
"GGACT","87769",TRUE
"COL4A2","1284",TRUE
"CLDN10","9071",TRUE
"DZIP1","22873",TRUE
"UBAC2","337867",TRUE
"ARGLU1","55082",TRUE
"BIVM","54841",TRUE
"ERCC5","2073",TRUE
"TPP2","7174",TRUE
"POGLUT2","79070",TRUE
"CARS2","79587",TRUE
"ARHGAP32","9743",TRUE
"STT3A","3703",TRUE
"ADAMTS8","11095",TRUE
"ETS1","2113",TRUE
"SLC37A2","219855",TRUE
"TMED7","51014",TRUE
"APC","324",TRUE
"NREP","9315",TRUE
"WDR36","134430",TRUE
"OSTF1","26578",TRUE
"RFK","55312",TRUE
"UBQLN1","29979",TRUE
"NAA35","60560",TRUE
"C9orf40","55071",TRUE
"ANXA1","301",TRUE
"CTSL","1514",TRUE
"CEMIP2","23670",TRUE
"AGTPBP1","23287",TRUE
"GOLM1","51280",TRUE
"ENTREP1","9413",TRUE
"PSAT1","29968",TRUE
"ISCA1","81689",TRUE
"ADAM19","8728",TRUE
"CCNJL","79616",TRUE
"TAOK3","51347",TRUE
"USP30","84749",TRUE
"SDS","10993",TRUE
"MSI1","4440",TRUE
"HNF1A","6927",TRUE
"FBXO21","23014",TRUE
"TBX3","6926",TRUE
"OASL","8638",TRUE
"HRK","8739",TRUE
"RNFT2","84900",TRUE
"P2RX4","5025",TRUE
"BICDL1","92558",TRUE
"DTX1","1840",TRUE
"TRAFD1","10906",TRUE
"DMTF1","9988",TRUE
"TMEM243","79161",TRUE
"CCDC146","57639",TRUE
"TMEM60","85025",TRUE
"CD36","948",TRUE
"UGT2B28","54490",TRUE
"PNPLA8","50640",TRUE
"HILPDA","29923",TRUE
"GARIN1B","84691",TRUE
"RINT1","60561",TRUE
"SRPK2","6733",TRUE
"KCP","375616",TRUE
"TES","26136",TRUE
"MDFIC","29969",TRUE
"MTO1","25821",TRUE
"ANKRD6","22881",TRUE
"HTR1B","3351",TRUE
"KHDC1","80759",TRUE
"CEP162","22832",TRUE
"SYNCRIP","10492",TRUE
"SNX14","57231",TRUE
"NT5E","4907",TRUE
"MRAP2","112609",TRUE
"EPHA7","2045",TRUE
"AKIRIN2","55122",TRUE
"ORC3","23595",TRUE
"LCA5","167691",TRUE
"MAP3K7","6885",TRUE
"CGA","1081",TRUE
"PRR5L","79899",TRUE
"LMO2","4005",TRUE
"PHF21A","51317",TRUE
"NAT10","55226",TRUE
"EHF","26298",TRUE
"ELF5","2001",TRUE
"PRRG4","79056",TRUE
"CAPRIN1","4076",TRUE
"ATP5MC2","517",TRUE
"DNAJC14","85406",TRUE
"CD63","967",TRUE
"PRPH","5630",TRUE
"AVIL","10677",TRUE
"LACRT","90070",TRUE
"GDF11","10220",TRUE
"GLS2","27165",TRUE
"ITGA7","3679",TRUE
"FAM186B","84070",TRUE
"RDH5","5959",TRUE
"AGAP2","116986",TRUE
"BLOC1S1","2647",TRUE
"CDK4","1019",TRUE
"PPP1R1A","5502",TRUE
"TROAP","10024",TRUE
"TSPAN31","6302",TRUE
"B4GALNT1","2583",TRUE
"TFCP2","7024",TRUE
"COQ10A","93058",TRUE
"FAIM2","23017",TRUE
"PAN2","9924",TRUE
"ESPL1","9700",TRUE
"KRT7","3855",TRUE
"ZC3H10","84872",TRUE
"HNRNPA1","3178",TRUE
"ACVR1B","91",TRUE
"OS9","10956",TRUE
"KCNH3","23416",TRUE
"LTV1","84946",TRUE
"MAP7","9053",TRUE
"CD164","8763",TRUE
"AFG1L","246269",TRUE
"NHSL1","57224",TRUE
"AHI1","54806",TRUE
"HEY2","23493",TRUE
"PKIB","5570",TRUE
"SMPD2","6610",TRUE
"MICAL1","64780",TRUE
"REPS1","85021",TRUE
"STX11","8676",TRUE
"TEC","7006",TRUE
"PRADC1","84279",TRUE
"SEMA4F","10505",TRUE
"CCT7","10574",TRUE
"EGR4","1961",TRUE
"RAB11FIP5","26056",TRUE
"SMYD5","10322",TRUE
"DYSF","8291",TRUE
"CCDC142","84865",TRUE
"EMX1","2016",TRUE
"KCNMB4","27345",TRUE
"USP15","9958",TRUE
"GNS","2799",TRUE
"CPM","1368",TRUE
"MDM2","4193",TRUE
"KLHL36","79786",TRUE
"BCO1","53630",TRUE
"MPHOSPH6","10200",TRUE
"KIAA0513","9764",TRUE
"DYNC1LI2","1783",TRUE
"FBXL8","55336",TRUE
"FHOD1","29109",TRUE
"CCDC102A","92922",TRUE
"SLC9A5","6553",TRUE
"AGT","183",TRUE
"PCNX2","80003",TRUE
"KCNK1","3775",TRUE
"URB2","9816",TRUE
"EGLN1","54583",TRUE
"CAPN9","10753",TRUE
"COG2","22796",TRUE
"ABCB10","23456",TRUE
"NTPCR","84284",TRUE
"TAF5L","27097",TRUE
"GLUL","2752",TRUE
"STX6","10228",TRUE
"RGS8","85397",TRUE
"RNASEL","6041",TRUE
"DHX9","1660",TRUE
"KIAA1614","57710",TRUE
"CEP350","9857",TRUE
"NPL","80896",TRUE
"NIBAN1","116496",TRUE
"PIGC","5279",TRUE
"LAMC1","3915",TRUE
"RC3H1","149041",TRUE
"GPR55","9290",TRUE
"SP110","3431",TRUE
"MRPL44","65080",TRUE
"CHRND","1144",TRUE
"PAX3","5077",TRUE
"DOCK10","55619",TRUE
"TTLL4","9654",TRUE
"USP37","57695",TRUE
"ITM2C","81618",TRUE
"SLC19A3","80704",TRUE
"SERPINE2","5270",TRUE
"DNAJB2","3300",TRUE
"WNT10A","80326",TRUE
"TMBIM1","64114",TRUE
"CYP27A1","1593",TRUE
"EIF4E2","9470",TRUE
"ARMC9","80210",TRUE
"CAB39","51719",TRUE
"COX5B","1329",TRUE
"REV1","51455",TRUE
"TSGA10","80705",TRUE
"MFSD9",NA,FALSE
"TMEM127","55654",TRUE
"EDAR","10913",TRUE
"TGFBRAP1","9392",TRUE
"GCC2","9648",TRUE
"MRPS9","64965",TRUE
"C2orf49","79074",TRUE
"ANKRD36","375248",TRUE
"EPC2","26122",TRUE
"ARHGEF4","50649",TRUE
"ISCU","23479",TRUE
"ALDH1L2","160428",TRUE
"STAB2","55576",TRUE
"USP44","84101",TRUE
"SCYL2","55681",TRUE
"CKAP4","10970",TRUE
"PLXNC1","10154",TRUE
"APPL2","55198",TRUE
"PWP1","11137",TRUE
"DRAM1","55332",TRUE
"WASHC4","23325",TRUE
"SLC41A2","84102",TRUE
"VILL","50853",TRUE
"FLNB","2317",TRUE
"NEK3","4752",TRUE
"PCDH8","5100",TRUE
"VPS36","51028",TRUE
"RNASEH2B","79621",TRUE
"CKAP2","26586",TRUE
"TBC1D4","9882",TRUE
"THSD1","55901",TRUE
"BORA","79866",TRUE
"LRCH1","23143",TRUE
"SUCLA2","8803",TRUE
"RCBTB1","55213",TRUE
"MED4","29079",TRUE
"PHF11","51131",TRUE
"COG3","83548",TRUE
"LMO7","4008",TRUE
"SCEL","8796",TRUE
"ITM2B","9445",TRUE
"SPRY2","10253",TRUE
"NUDT15","55270",TRUE
"EDNRB","1910",TRUE
"RCBTB2","1102",TRUE
"LCP1","3936",TRUE
"SETDB2","83852",TRUE
"SCRN1","9805",TRUE
"C7orf25","79020",TRUE
"TNS3","64759",TRUE
"SPDYE1","285955",TRUE
"CHST12","55501",TRUE
"IGF2BP3","10643",TRUE
"GPNMB","10457",TRUE
"RAPGEF5","9771",TRUE
"RAC1","5879",TRUE
"KDELR2","11014",TRUE
"NUP42","11097",TRUE
"IL6","3569",TRUE
"ZDHHC4","55146",TRUE
"AOAH","313",TRUE
"BZW2","28969",TRUE
"TBRG4","9238",TRUE
"DDX56","54606",TRUE
"HUS1","3364",TRUE
"NACAD","23148",TRUE
"DBNL","28988",TRUE
"CCM2","83605",TRUE
"MYO1G","64005",TRUE
"TTYH3","80727",TRUE
"CIDEB","27141",TRUE
"TTC5","91875",TRUE
"NKX2-8","26257",TRUE
"NKX2-1","7080",TRUE
"ZFHX2","85446",TRUE
"MTHFS","10588",TRUE
"ADAMTS7","11173",TRUE
"ABHD17C","58489",TRUE
"IREB2","3658",TRUE
"ALPK3","57538",TRUE
"TM6SF1","53346",TRUE
"CIB2","10518",TRUE
"CALCOCO2","10241",TRUE
"RSAD1","55316",TRUE
"NMT1","4836",TRUE
"MYCBPAP","84073",TRUE
"SRSF1","6426",TRUE
"VEZF1","7716",TRUE
"CHAD","1101",TRUE
"TACO1","51204",TRUE
"TEX2","55852",TRUE
"DCAF7","10238",TRUE
"LIMD2","80774",TRUE
"BRIP1","83990",TRUE
"KAT7","11143",TRUE
"RTP4","64108",TRUE
"ACTL6A","86",TRUE
"NDUFB5","4711",TRUE
"MRPL47","57129",TRUE
"TRA2B","6434",TRUE
"SCN2A","6326",TRUE
"MARCHF7","64844",TRUE
"ERMN","57471",TRUE
"GALNT5","11227",TRUE
"SCN7A","6332",TRUE
"TANK","10010",TRUE
"BLK","640",TRUE
"GATA4","2626",TRUE
"SKIL","6498",TRUE
"EPRS1","2058",TRUE
"HLX","3142",TRUE
"VPS45","11311",TRUE
"KCTD3","51133",TRUE
"RPS6KC1","26750",TRUE
"ZNG1B","150472",TRUE
"IL36G","56300",TRUE
"IL1RN","3557",TRUE
"IL36RN","26525",TRUE
"IL36B","27177",TRUE
"SMPD4","55627",TRUE
"WDR33","55339",TRUE
"CCDC115",NA,FALSE
"SAP130","79595",TRUE
"BIN1","274",TRUE
"IMP4","92856",TRUE
"HS6ST1","9394",TRUE
"UGGT1","56886",TRUE
"GYPC","2995",TRUE
"STAM","8027",TRUE
"ABI1","10006",TRUE
"YME1L1","10730",TRUE
"DNAJC1","64215",TRUE
"NIPSNAP3A","25934",TRUE
"LRRC8A","56262",TRUE
"CDK9","1025",TRUE
"TXN","7295",TRUE
"ODF2","4957",TRUE
"ECPAS","23392",TRUE
"TOR1B","27348",TRUE
"C9orf78","51759",TRUE
"SMC2","10592",TRUE
"KLF4","9314",TRUE
"TOR1A","1861",TRUE
"RALGPS1","9649",TRUE
"NIBAN2","64855",TRUE
"ST6GALNAC4","27090",TRUE
"TMOD1","7111",TRUE
"DAB2IP","153090",TRUE
"STXBP1","6812",TRUE
"SLC2A8","29988",TRUE
"ANGPTL2","23452",TRUE
"CDK5RAP2","55755",TRUE
"ZFP37","7539",TRUE
"SLC31A2","1318",TRUE
"SLC31A1","1317",TRUE
"TLR4","7099",TRUE
"ZNF189","7743",TRUE
"STX17","55014",TRUE
"PRPF4","9128",TRUE
"FPGS","2356",TRUE
"USP20","10868",TRUE
"KIF12","113220",TRUE
"ATP6V1G1","9550",TRUE
"TEX10","54881",TRUE
"GARNL3","84253",TRUE
"MRPL50","54534",TRUE
"DPM2","8818",TRUE
"TSTD2","158427",TRUE
"GABBR2","9568",TRUE
"PSMB7","5695",TRUE
"TRMO","51531",TRUE
"RABEPK","10244",TRUE
"GOLGA1","2800",TRUE
"XPA","7507",TRUE
"NCBP1","4686",TRUE
"ANP32B","10541",TRUE
"PDCL","5082",TRUE
"RPL35","11224",TRUE
"CTSV","1515",TRUE
"LMX1B","4010",TRUE
"ARPC5L","81873",TRUE
"ENPP2","5168",TRUE
"DSCC1","79075",TRUE
"DERL1","79139",TRUE
"MYC","4609",TRUE
"CCN3","4856",TRUE
"IL33","90865",TRUE
"DMAC1","90871",TRUE
"RANBP6","26953",TRUE
"POLR1E","64425",TRUE
"PLAA","9373",TRUE
"IL11RA","3590",TRUE
"UBAP2","55833",TRUE
"APTX","54840",TRUE
"RNF38","152006",TRUE
"TLN1","7094",TRUE
"CCL21","6366",TRUE
"SIT1","27240",TRUE
"DNAJB5","25822",TRUE
"SPAG8","26206",TRUE
"DCTN3","11258",TRUE
"CD72","971",TRUE
"TMEM8B","51754",TRUE
"GRHPR","9380",TRUE
"ALDH1B1","219",TRUE
"HINT2","84681",TRUE
"ARHGEF39","84904",TRUE
"IGFBPL1","347252",TRUE
"DENND4C","55667",TRUE
"RPS6","6194",TRUE
"CNPY3","10695",TRUE
"FOXP4","116113",TRUE
"PPIL1","51645",TRUE
"KLC4","89953",TRUE
"KIF13A","63971",TRUE
"ZSCAN9","7746",TRUE
"PIM1","5292",TRUE
"GMPR","2766",TRUE
"CMTR1","23070",TRUE
"TFAP2A","7020",TRUE
"YIPF3","25844",TRUE
"TMEM14B","81853",TRUE
"TMEM63B","55362",TRUE
"FRS3","10817",TRUE
"TJAP1","93643",TRUE
"CAPN11","11131",TRUE
"TINAG","27283",TRUE
"HCRTR2","3062",TRUE
"KIAA0319","9856",TRUE
"SLC22A23","63027",TRUE
"TUBB2A","7280",TRUE
"LRRC1","55227",TRUE
"FOXF2","2295",TRUE
"BPHL","670",TRUE
"RIPK1","8737",TRUE
"TUBB2B","347733",TRUE
"UQCC2","84300",TRUE
"HMGA1","3159",TRUE
"TCF19","6941",TRUE
"FLOT1","10211",TRUE
"IER3","8870",TRUE
"MDC1","9656",TRUE
"PGBD1","84547",TRUE
"ATAT1","79969",TRUE
"TPMT","7172",TRUE
"CLPS","1208",TRUE
"RNF144B","255488",TRUE
"NRM","11270",TRUE
"MTCH1","23787",TRUE
"VARS2","57176",TRUE
"TAF8","129685",TRUE
"FAM8A1","51439",TRUE
"C6orf52","347744",TRUE
"FGFBP1","9982",TRUE
"FGFBP2","83888",TRUE
"CPEB2","132864",TRUE
"FHDC1","85462",TRUE
"TLR2","7097",TRUE
"MGARP","84709",TRUE
"MYO7A","4647",TRUE
"FCHSD2","9873",TRUE
"ARRB1","408",TRUE
"SLCO2B1","11309",TRUE
"THAP12","5612",TRUE
"ANKRD42","338699",TRUE
"IL18BP","10068",TRUE
"NUMA1","4926",TRUE
"CCDC90B","60492",TRUE
"SYTL2","54843",TRUE
"RAB30","27314",TRUE
"CREBZF","58487",TRUE
"LRRC32","2615",TRUE
"PRCP","5547",TRUE
"NARS2","79731",TRUE
"RNF121","55298",TRUE
"MRPL15","29088",TRUE
"PI15","51050",TRUE
"TTPA","7274",TRUE
"GGH","8836",TRUE
"SLCO5A1","81796",TRUE
"SULF1","23213",TRUE
"TGS1","96764",TRUE
"SDCBP","6386",TRUE
"NEK1","4750",TRUE
"DDX60","55601",TRUE
"SORL1","6653",TRUE
"TMPRSS4","56649",TRUE
"BUD13","84811",TRUE
"TRPC6","7225",TRUE
"MMP7","4316",TRUE
"MMP20","9313",TRUE
"CFAP300","85016",TRUE
"DCUN1D5","84259",TRUE
"YAP1","10413",TRUE
"TRIM29","23650",TRUE
"SLC37A4","2542",TRUE
"POU2F3","25833",TRUE
"RDX","5962",TRUE
"PPP2R1B","5519",TRUE
"FDX1","2230",TRUE
"CFAP68","64776",TRUE
"FXYD6","53826",TRUE
"ARHGAP20","57569",TRUE
"MMP13","4322",TRUE
"TMPRSS13","84000",TRUE
"CASP1","834",TRUE
"ALKBH8","91801",TRUE
"MAP2K5","5607",TRUE
"UNC13C","440279",TRUE
"SQOR","58472",TRUE
"CTDSPL2","51496",TRUE
"SLTM","79811",TRUE
"THBS1","7057",TRUE
"MAPKBP1","23005",TRUE
"NUSAP1","51203",TRUE
"NDUFAF1","51103",TRUE
"KIF23","9493",TRUE
"ITGA11","22801",TRUE
"KNL1","57082",TRUE
"HAUS2","55142",TRUE
"RTF1","23168",TRUE
"PARP6","56965",TRUE
"RPLP1","6176",TRUE
"PAQR5","54852",TRUE
"LRRC49","54839",TRUE
"TUBGCP4","27229",TRUE
"RMDN3","55177",TRUE
"ITPKA","3706",TRUE
"UACA","55075",TRUE
"SMAD6","4091",TRUE
"PLCB2","5330",TRUE
"TMEM62","80021",TRUE
"PAK6","56924",TRUE
"ADAM10","102",TRUE
"DUOX1","53905",TRUE
"STRA6","64220",TRUE
"CYP19A1","1588",TRUE
"ZNF280D","54816",TRUE
"SEMA6D","80031",TRUE
"BCL2L10","10017",TRUE
"RSL24D1","51187",TRUE
"SPTBN5","51332",TRUE
"GCHFR","2644",TRUE
"BCAR3","8412",TRUE
"TTLL7","79739",TRUE
"FNBP1L","54874",TRUE
"KYAT3","56267",TRUE
"GTF2B","2959",TRUE
"BRDT","676",TRUE
"RABGGTB","5876",TRUE
"IFI44L","10964",TRUE
"GIPC2","54810",TRUE
"ARHGAP29","9411",TRUE
"IFI44","10561",TRUE
"SLC44A5","204962",TRUE
"CLCA2","9635",TRUE
"DNASE2B","58511",TRUE
"DBT","1629",TRUE
"RTCA","8634",TRUE
"IFT172","26160",TRUE
"SELENOI","85465",TRUE
"CGREF1","10669",TRUE
"HADHB","3032",TRUE
"KHK","3795",TRUE
"ADCY3","109",TRUE
"PPM1B","5495",TRUE
"PNPT1","87178",TRUE
"DYNC2LI1","51626",TRUE
"THUMPD2","80745",TRUE
"CYP1B1","1545",TRUE
"RAB1A","5861",TRUE
"ACTR2","10097",TRUE
"PREB","10113",TRUE
"SLC5A6","8884",TRUE
"PREPL","9581",TRUE
"SLC3A1","6519",TRUE
"EMILIN1","11117",TRUE
"FBXO11","80204",TRUE
"SIX3","6496",TRUE
"ATRAID","51374",TRUE
"CENPO","79172",TRUE
"LRPPRC","10128",TRUE
"TRIM54","57159",TRUE
"DTNB","1838",TRUE
"ACTR1A","10121",TRUE
"CYP2C9","1559",TRUE
"MFSD13A",NA,FALSE
"CYP2C8","1558",TRUE
"MYOF","26509",TRUE
"LOXL4","84171",TRUE
"STAMBPL1","57559",TRUE
"CH25H","9023",TRUE
"ATAD1","84896",TRUE
"BTBD16","118663",TRUE
"KIF11","3832",TRUE
"CUZD1","50624",TRUE
"TACC2","10579",TRUE
"DUSP5","1847",TRUE
"CALHM2","51063",TRUE
"ARL3","403",TRUE
"CEP55","55165",TRUE
"KIF20B","9585",TRUE
"ENTPD1","953",TRUE
"EXOC6","54536",TRUE
"PLCE1","51196",TRUE
"RBP4","5950",TRUE
"DBR1","51163",TRUE
"DNAJC13","23317",TRUE
"GPR87","53836",TRUE
"ANXA7","310",TRUE
"FAM149B1","317662",TRUE
"ASCC1","51008",TRUE
"ZNF365","22891",TRUE
"ADAMTS14","140766",TRUE
"RPS24","6229",TRUE
"TET1","80312",TRUE
"DNA2","1763",TRUE
"MYPN","84665",TRUE
"AOX1","316",TRUE
"ATIC","471",TRUE
"SMARCAL1","50485",TRUE
"BARD1","580",TRUE
"STAT4","6775",TRUE
"MSTN","2660",TRUE
"CARF","79800",TRUE
"ASNSD1","54529",TRUE
"METTL5","29081",TRUE
"SSB","6741",TRUE
"NAB1","4664",TRUE
"CDK15","65061",TRUE
"PPIG","9360",TRUE
"FASTKD1","79675",TRUE
"MDH1B","130752",TRUE
"HECW2","57520",TRUE
"IDH1","3417",TRUE
"OLA1","29789",TRUE
"CIR1",NA,FALSE
"ITPRID2","6744",TRUE
"CHRNA1","1134",TRUE
"FAM117B","150864",TRUE
"WDR12","55759",TRUE
"ABI2","10152",TRUE
"ITGAV","3685",TRUE
"SLC40A1","30061",TRUE
"SLC35A5","55032",TRUE
"SLC49A4","84925",TRUE
"SENP7","57337",TRUE
"GUCA1C","9626",TRUE
"COX17","10063",TRUE
"PARP9","83666",TRUE
"MNS1","55329",TRUE
"USP8","9101",TRUE
"SECISBP2L","9728",TRUE
"TMOD3","29766",TRUE
"SPPL2A","84888",TRUE
"GLCE","26035",TRUE
"SHF","90525",TRUE
"APH1B","83464",TRUE
"INTS14","81556",TRUE
"CILP","8483",TRUE
"PARP16","54956",TRUE
"PPCDC","60490",TRUE
"HCN4","10021",TRUE
"SEMA7A","8482",TRUE
"UBL7","84993",TRUE
"ARHGAP24","83478",TRUE
"FAM13A","10144",TRUE
"HERC3","8916",TRUE
"HERC6","55008",TRUE
"HERC5","51191",TRUE
"PCDH10","57575",TRUE
"NDST4","64579",TRUE
"ZGRF1","55345",TRUE
"AP1AR","55435",TRUE
"COPS4","51138",TRUE
"HNRNPD","3184",TRUE
"PRKG2","5593",TRUE
"RASGEF1B","153020",TRUE
"SEC31A","22872",TRUE
"FGF5","2250",TRUE
"GPAT3","84803",TRUE
"FGF2","2247",TRUE
"BBS7","55212",TRUE
"BLTP1","84162",TRUE
"BMPR1B","658",TRUE
"RAP1GDS1","5910",TRUE
"LARP1B","55132",TRUE
"PDE5A","8654",TRUE
"PRDM5","11107",TRUE
"TRPC3","7222",TRUE
"NAAA","27163",TRUE
"NUP54","53371",TRUE
"BMP2K","55589",TRUE
"G3BP2","9908",TRUE
"SEPTIN11","55752",TRUE
"FRAS1","80144",TRUE
"SCARB2","950",TRUE
"CCNG2","901",TRUE
"CNOT6L","246175",TRUE
"USO1","8615",TRUE
"CDKL2","8999",TRUE
"SHROOM3","57619",TRUE
"ANXA3","306",TRUE
"PPA2","27068",TRUE
"CENPE","1062",TRUE
"GSTCD","79807",TRUE
"INTS12","57117",TRUE
"ENPEP","2028",TRUE
"CASP6","839",TRUE
"LEF1","51176",TRUE
"HADH","3033",TRUE
"EGF","1950",TRUE
"PAPSS1","9061",TRUE
"SEC24B","10427",TRUE
"PPP3CA","5530",TRUE
"SLC39A8","64116",TRUE
"MTTP","4547",TRUE
"FBN2","2201",TRUE
"MAPK8IP3","23162",TRUE
"RGS3","5998",TRUE
"GUCD1","83606",TRUE
"RNF185","91445",TRUE
"SHISAL1","85352",TRUE
"PARVG","64098",TRUE
"B4GALNT3","283358",TRUE
"ERP27","121506",TRUE
"ETV6","2120",TRUE
"GABARAPL1","23710",TRUE
"KIF21A","55605",TRUE
"CPNE8","144402",TRUE
"YARS2","51067",TRUE
"FGD4","121512",TRUE
"ALG10","84920",TRUE
"PIK3C2G","5288",TRUE
"SINHCAF","58516",TRUE
"AEBP2","121536",TRUE
"ETFBKMT","254013",TRUE
"ETNK1","55500",TRUE
"ZCRB1","85437",TRUE
"TMEM117","84216",TRUE
"PRICKLE1","144165",TRUE
"C1RL","51279",TRUE
"NDUFA9","4704",TRUE
"CLSTN3","9746",TRUE
"KLRG1","10219",TRUE
"VAMP1","6843",TRUE
"TAPBPL","55080",TRUE
"CD27","939",TRUE
"RBP5","83758",TRUE
"PEX5","5830",TRUE
"PIANP","196500",TRUE
"SLC38A4","55089",TRUE
"AMIGO2","347902",TRUE
"SCAF11","9169",TRUE
"COL2A1","1280",TRUE
"PPFIA2","8499",TRUE
"LLPH","84298",TRUE
"LRIG3","121227",TRUE
"MARCHF9","92979",TRUE
"INHBE","83729",TRUE
"GLIPR1","11010",TRUE
"PHLDA1","22822",TRUE
"TMEM19","55266",TRUE
"LGR5","8549",TRUE
"PTPRQ","374462",TRUE
"DUSP6","1848",TRUE
"POC1B","282809",TRUE
"TMTC3","160418",TRUE
"LUM","4060",TRUE
"SNRPF","6636",TRUE
"AMDHD1","144193",TRUE
"NEDD1","121441",TRUE
"SYCP3","50511",TRUE
"ASCL1","429",TRUE
"GAS2L3","283431",TRUE
"TMEM132B","114795",TRUE
"SLC15A4","121260",TRUE
"TDG","6996",TRUE
"RITA1","84934",TRUE
"SDSL","113675",TRUE
"MMAB","326625",TRUE
"GLTP","51228",TRUE
"GIT2","9815",TRUE
"TCHP","84260",TRUE
"FAM222A","84915",TRUE
"FOXN4","121643",TRUE
"NUP58","9818",TRUE
"MTMR6","9107",TRUE
"SLC46A3","283537",TRUE
"SLC7A1","6541",TRUE
"PDX1","3651",TRUE
"LNX2","222484",TRUE
"SUOX","6821",TRUE
"CCDC65",NA,FALSE
"SLC39A5","283375",TRUE
"TARBP2","6895",TRUE
"RDH16","8608",TRUE
"ACVRL1","94",TRUE
"GPR84","53831",TRUE
"NPFF","8620",TRUE
"NABP2","79035",TRUE
"N4BP2L1","90634",TRUE
"SMARCC2","6601",TRUE
"BRCA2","675",TRUE
"KANSL2","54934",TRUE
"CERS5","91012",TRUE
"MAP3K12","7786",TRUE
"ITGB7","3695",TRUE
"GALNT6","11226",TRUE
"CSAD","51380",TRUE
"LMBR1L","55716",TRUE
"MYG1","60314",TRUE
"ESYT1","23344",TRUE
"TMBIM6","7009",TRUE
"ANKRD52","283373",TRUE
"ZNF740","283337",TRUE
"SMIM2","79024",TRUE
"WDFY2","115825",TRUE
"HNRNPA1L2","144983",TRUE
"LPAR6","10161",TRUE
"ESD","2098",TRUE
"RB1","5925",TRUE
"SBNO1","55206",TRUE
"MORN3","283385",TRUE
"SETD1B","23067",TRUE
"VPS33A","65082",TRUE
"VPS37B","79720",TRUE
"RHOF","54509",TRUE
"DENR","8562",TRUE
"DIAPH3","81624",TRUE
"SLAIN1","122060",TRUE
"RBM26","64062",TRUE
"METTL21C","196541",TRUE
"MBNL2","10150",TRUE
"ZIC5","85416",TRUE
"ABHD13","84945",TRUE
"RAB20","55647",TRUE
"GRTP1","79774",TRUE
"CUL4A","8451",TRUE
"TTC6","319089",TRUE
"SSTR1","6751",TRUE
"CDH24","64403",TRUE
"REM2","161253",TRUE
"CBLN3","643866",TRUE
"TSSK4","283629",TRUE
"NOVA1","4857",TRUE
"FITM1","161247",TRUE
"MDGA2","161357",TRUE
"TMX1","81542",TRUE
"FRMD6","122786",TRUE
"PELI2","57161",TRUE
"RTN1","6252",TRUE
"ARMH4","145407",TRUE
"SYT16","83851",TRUE
"SLC38A6","145389",TRUE
"NAA30","122830",TRUE
"ADAM21","8747",TRUE
"RDH12","145226",TRUE
"DCAF5","8816",TRUE
"RAB15","376267",TRUE
"WDR89","112840",TRUE
"ESR2","2100",TRUE
"KCNH5","27133",TRUE
"STON2","85439",TRUE
"EFCAB11","90141",TRUE
"PTGR2","145482",TRUE
"JDP2","122953",TRUE
"AK7","122481",TRUE
"FBLN5","10516",TRUE
"SERPINA10","51156",TRUE
"CLBA1","122616",TRUE
"WARS1","7453",TRUE
"WDR20","91833",TRUE
"NIPA2","81614",TRUE
"SLC12A6","9990",TRUE
"DUOXA1","90527",TRUE
"MFAP1","4236",TRUE
"TCF12","6938",TRUE
"SORD","6652",TRUE
"SERF2","10169",TRUE
"ZSCAN29","146050",TRUE
"LYSMD2","256586",TRUE
"SLC27A2","11001",TRUE
"HDC","3067",TRUE
"GCNT3","9245",TRUE
"BNIP2","663",TRUE
"GTF2A2","2958",TRUE
"SRP14","6727",TRUE
"BAHD1","22893",TRUE
"DISP2","85455",TRUE
"CDAN1","146059",TRUE
"TLE3","7090",TRUE
"ANP32A","8125",TRUE
"COMMD4","54939",TRUE
"UBE2Q2","92912",TRUE
"PSTPIP1","9051",TRUE
"ETFA","2108",TRUE
"BCL2A1","597",TRUE
"HMG20A","10363",TRUE
"SCAPER","49855",TRUE
"TSPAN3","10099",TRUE
"SKIC8","80349",TRUE
"NCOA2","10499",TRUE
"NEIL1","79661",TRUE
"MAN2C1","4123",TRUE
"DNAJA4","55466",TRUE
"TLNRD1","59274",TRUE
"TPM1","7168",TRUE
"IGF1R","3480",TRUE
"ARRDC4","91947",TRUE
"PIF1","80119",TRUE
"USP3","9960",TRUE
"CYP11A1","1583",TRUE
"BBS4","585",TRUE
"PML","5371",TRUE
"CYP1A1","1543",TRUE
"ADAMTS17","170691",TRUE
"LINS1","55180",TRUE
"ULK3","25989",TRUE
"PCSK6","5046",TRUE
"CCDC33","80125",TRUE
"CELF6","60677",TRUE
"SCAMP2","10066",TRUE
"LMAN1L","79748",TRUE
"HAPLN3","145864",TRUE
"RHCG","51458",TRUE
"POLG","5428",TRUE
"FANCI","55215",TRUE
"ABHD2","11057",TRUE
"WDR93","56964",TRUE
"TICRR","90381",TRUE
"NTRK3","4916",TRUE
"DET1","55070",TRUE
"MFGE8","4240",TRUE
"ZNF710","374655",TRUE
"UNC45A","55898",TRUE
"ST8SIA2","8128",TRUE
"MCTP2","55784",TRUE
"FURIN","5045",TRUE
"IQGAP1","8826",TRUE
"CRTC3","64784",TRUE
"EFL1","79631",TRUE
"SH3GL3","6457",TRUE
"SEC11A","23478",TRUE
"SEPTIN12","124404",TRUE
"GLYR1","84656",TRUE
"PMM2","5373",TRUE
"SLC5A2","6524",TRUE
"ITGAX","3687",TRUE
"TGFB1I1","7041",TRUE
"RUSF1","64755",TRUE
"ARMC5","79798",TRUE
"PARN","5073",TRUE
"FTO","79068",TRUE
"UQCRC2","7385",TRUE
"CDR2","1039",TRUE
"IGSF6","10261",TRUE
"ARHGAP17","55114",TRUE
"MYLK3","91807",TRUE
"ABCC12","94160",TRUE
"NKD1","85407",TRUE
"DHX38","9785",TRUE
"TXNL4B","54957",TRUE
"MARVELD3","91862",TRUE
"CHST4","10164",TRUE
"ZFHX3","463",TRUE
"CLEC18B","497190",TRUE
"CPNE2","221184",TRUE
"NLRC5","84166",TRUE
"KATNB1","10300",TRUE
"KIFC3","3801",TRUE
"ADAMTS18","170692",TRUE
"NUDT7","283927",TRUE
"GCSH","2653",TRUE
"CMTM3","123920",TRUE
"CMTM2","146225",TRUE
"CDH11","1009",TRUE
"NOL3","8996",TRUE
"MAP1LC3B","81631",TRUE
"MBTPS1","8720",TRUE
"CDH13","1012",TRUE
"ZCCHC14","23174",TRUE
"MEAK7","57707",TRUE
"ADAD2","161931",TRUE
"OSGIN1","29948",TRUE
"IRF8","3394",TRUE
"RHOT2","89941",TRUE
"ZSCAN32","54925",TRUE
"RPS2","6187",TRUE
"NDUFB10","4716",TRUE
"PDPK1","5170",TRUE
"TIGD7","91151",TRUE
"DEF8","54849",TRUE
"TCF25","22980",TRUE
"GALNS","2588",TRUE
"GAS8",NA,FALSE
"MED9","55090",TRUE
"NCOR1","9611",TRUE
"COPS3","8533",TRUE
"GID4","79018",TRUE
"ZNF287","57336",TRUE
"MYOCD","93649",TRUE
"KSR1","8844",TRUE
"UTP4","84916",TRUE
"RANBP10","57610",TRUE
"CTRL","1506",TRUE
"GFOD2","81577",TRUE
"NOB1","28987",TRUE
"PRPSAP2","5636",TRUE
"PCTP","58488",TRUE
"TOM1L1","10040",TRUE
"MTNAP1","55028",TRUE
"TOB1","10140",TRUE
"VPS53","55275",TRUE
"SGSM2","9905",TRUE
"NPEPPS","9520",TRUE
"SKAP1","8631",TRUE
"LRRC46","90506",TRUE
"SCRN2","90507",TRUE
"SSH2","85464",TRUE
"RHBDL3","162494",TRUE
"ARSG","22901",TRUE
"ABCA8","10351",TRUE
"G6PC3","92579",TRUE
"CLTC","1213",TRUE
"BCAS3","54828",TRUE
"PTRH2","51651",TRUE
"SS18","6760",TRUE
"TAF4B","6875",TRUE
"AFG3L2","10939",TRUE
"PRELID3A","10650",TRUE
"IMPA2","3613",TRUE
"GNAL","2774",TRUE
"SLC39A6","25800",TRUE
"RPRD1A","55197",TRUE
"C18orf21",NA,FALSE
"GALNT1","2589",TRUE
"ASXL3","80816",TRUE
"ADCYAP1","116",TRUE
"MEP1B","4225",TRUE
"GAREM1","64762",TRUE
"ESCO1","114799",TRUE
"OSBPL1A","114876",TRUE
"GATA6","2627",TRUE
"GREB1L","80000",TRUE
"RMC1","29919",TRUE
"PELP1","27043",TRUE
"NPC1","4864",TRUE
"SLC14A1","6563",TRUE
"ARRB2","409",TRUE
"SLC13A5","284111",TRUE
"ZMYND15","84225",TRUE
"WRAP53","55135",TRUE
"MINK1","50488",TRUE
"SAT2","112483",TRUE
"ASGR1","432",TRUE
"PIK3R5","23533",TRUE
"TP53","7157",TRUE
"CCDC40","55036",TRUE
"ARHGDIA","396",TRUE
"TMC6","11322",TRUE
"SLC16A3","9123",TRUE
"CARD14","79092",TRUE
"TTYH2","94015",TRUE
"RAB40B","10966",TRUE
"EIF4A3","9775",TRUE
"CSNK1D","1453",TRUE
"ANAPC11","51529",TRUE
"TBCD","6904",TRUE
"FN3KRP","79672",TRUE
"NARF","26502",TRUE
"RPTOR","57521",TRUE
"FOXK2","3607",TRUE
"TRIM65","201292",TRUE
"CBX8","57332",TRUE
"SECTM1","6398",TRUE
"RNF157","114804",TRUE
"CEP131","22994",TRUE
"ZNF750","79755",TRUE
"WDR45B","56270",TRUE
"CBX4","8535",TRUE
"ARK2C","494470",TRUE
"DYM","54808",TRUE
"MAPK4","5596",TRUE
"ELAC1","55520",TRUE
"MBD1","4152",TRUE
"SMAD4","4089",TRUE
"TNFRSF11A","8792",TRUE
"ZCCHC2","54877",TRUE
"FBXO15","201456",TRUE
"CBLN2","147381",TRUE
"PMAIP1","5366",TRUE
"P3H4","10609",TRUE
"NT5C3B","115024",TRUE
"RETREG3","162427",TRUE
"ERBB2","2064",TRUE
"GRB7","2886",TRUE
"MIEN1","84299",TRUE
"PNMT","5409",TRUE
"STAC2","342667",TRUE
"IGFBP4","3487",TRUE
"FKBP10","60681",TRUE
"TXNL4A","10907",TRUE
"CACNA1A","773",TRUE
"MISP3","113230",TRUE
"SAMD1","90378",TRUE
"BRD4","23476",TRUE
"SLC39A3","29985",TRUE
"NFIC","4782",TRUE
"TPGS1","91978",TRUE
"PLPP2","8612",TRUE
"PRDM15","63977",TRUE
"PFKL","5211",TRUE
"FEM1A","55527",TRUE
"VAV1","7409",TRUE
"MVB12A","93343",TRUE
"CIB3","117286",TRUE
"SH3GL1","6455",TRUE
"DUS3L","56931",TRUE
"DPP9","91039",TRUE
"CCDC97","90324",TRUE
"TMEM91","641649",TRUE
"ZFP14","57677",TRUE
"SIRT3","23410",TRUE
"IFITM3","10410",TRUE
"PGGHG","80162",TRUE
"HUNK","30811",TRUE
"COL6A1","1291",TRUE
"IFNAR1","3454",TRUE
"SOD1","6647",TRUE
"COL6A2","1292",TRUE
"SIK1","150094",TRUE
"TRPM2","7226",TRUE
"SCYL1","57410",TRUE
"TMEM50B","757",TRUE
"APP","351",TRUE
"DOP1B","9980",TRUE
"URB1","9875",TRUE
"AKT1","207",TRUE
"IL19","29949",TRUE
"EMP3","2014",TRUE
"SAE1","10055",TRUE
"NTN5","126147",TRUE
"LMTK3","114783",TRUE
"GEMIN7","79760",TRUE
"CBLC","23624",TRUE
"WTIP","126374",TRUE
"ADAMTS10","81794",TRUE
"SLC6A3","6531",TRUE
"RNPEPL1","57140",TRUE
"CAPN10","11132",TRUE
"MYO1F","4542",TRUE
"CACNG8","59283",TRUE
"ZNF787","126208",TRUE
"TIMM29","90580",TRUE
"FBN3","84467",TRUE
"CARM1","10498",TRUE
"EVI5L","115704",TRUE
"TM4SF5","9032",TRUE
"SLC47A1","55244",TRUE
"PSMB6","5694",TRUE
"KLK3","354",TRUE
"ZNF473","25888",TRUE
"GARIN5A","112703",TRUE
"RPS11","6205",TRUE
"RPL13A","23521",TRUE
"CTU1","90353",TRUE
"NOSIP","51070",TRUE
"IGLON5","402665",TRUE
"RCN3","57333",TRUE
"ZNF614","80110",TRUE
"SLC2A5","6518",TRUE
"RERE","473",TRUE
"MMEL1","79258",TRUE
"CFAP74","85452",TRUE
"PRDM16","63976",TRUE
"PADI3","51702",TRUE
"FHAD1","114827",TRUE
"PADI1","29943",TRUE
"EPHA2","1969",TRUE
"ARHGEF19","128272",TRUE
"EFHD2","79180",TRUE
"PEX14","5195",TRUE
"PGD","5226",TRUE
"MYOM3","127294",TRUE
"SH3BGRL3","83442",TRUE
"CNKSR1","10256",TRUE
"RPL11","6135",TRUE
"IL22RA1","58985",TRUE
"ZNF593","51042",TRUE
"C1orf216","127703",TRUE
"KIAA0319L","79932",TRUE
"EVA1B","55194",TRUE
"C1orf94","84970",TRUE
"DMRTA2","63950",TRUE
"PLK4","10733",TRUE
"MAP3K6","9064",TRUE
"FCN3","8547",TRUE
"GPN2","54707",TRUE
"SYTL1","84958",TRUE
"WDTC1","23038",TRUE
"NBPF3","84224",TRUE
"HSPG2","3339",TRUE
"ITGB3BP","23421",TRUE
"SERBP1","26135",TRUE
"BCL10","8915",TRUE
"CCN1","3491",TRUE
"PRKACB","5567",TRUE
"PIGK","10026",TRUE
"TINAGL1","64129",TRUE
"AZIN2","113451",TRUE
"RPS8","6202",TRUE
"KIF2C","11004",TRUE
"PTPRF","5792",TRUE
"BEST4","266675",TRUE
"MOB3C","148932",TRUE
"CYP4B1","1580",TRUE
"TMEM61","199964",TRUE
"LMO4","8543",TRUE
"SYPL2","284612",TRUE
"MTF2","22823",TRUE
"SLC44A3","126969",TRUE
"IGSF3","3321",TRUE
"ZNF697","90874",TRUE
"CTTNBP2NL","55917",TRUE
"STRIP1","85369",TRUE
"PSMA5","5686",TRUE
"FNDC7","163479",TRUE
"C1orf162","128346",TRUE
"CELSR2","1952",TRUE
"ITGA10","8515",TRUE
"GPR161","23432",TRUE
"ALDH9A1","223",TRUE
"ATP1B1","481",TRUE
"TIPRL","261726",TRUE
"NME7","29922",TRUE
"POGK","57645",TRUE
"MPC2","25874",TRUE
"CREG1","8804",TRUE
"DCAF6","55827",TRUE
"GPA33","10223",TRUE
"RXRG","6258",TRUE
"TBX19","9095",TRUE
"UCK2","7371",TRUE
"TMCO1","54499",TRUE
"XCL1","6375",TRUE
"POU2F1","5451",TRUE
"MAEL","84944",TRUE
"ILDR2","387597",TRUE
"DPT","1805",TRUE
"MGST3","4259",TRUE
"COP1","64326",TRUE
"NECTIN4","81607",TRUE
"UFC1","51506",TRUE
"PPOX","5498",TRUE
"FCGR2A","2212",TRUE
"NUF2","83540",TRUE
"RGS5","8490",TRUE
"SDHC","6391",TRUE
"PFDN2","5202",TRUE
"NR1I3","9970",TRUE
"USP21","27005",TRUE
"PRCC","5546",TRUE
"METTL25B","51093",TRUE
"MRPL24","79590",TRUE
"PIGM","93183",TRUE
"CASQ1","844",TRUE
"ISG20L2","81875",TRUE
"CRABP2","1382",TRUE
"HDGF","3068",TRUE
"ABL2","27",TRUE
"XPR1","9213",TRUE
"RGS16","6004",TRUE
"TOR1AIP1","26092",TRUE
"HMCN1","83872",TRUE
"RGL1","23179",TRUE
"LYPLAL1","127018",TRUE
"LHX9","56956",TRUE
"PRUNE1","58497",TRUE
"RORC","6097",TRUE
"TUFT1","7286",TRUE
"SF3B4","10262",TRUE
"ECM1","1893",TRUE
"ZNF687","57592",TRUE
"TARS2","80222",TRUE
"CGN","57530",TRUE
"SNX27","81609",TRUE
"SETDB1","9869",TRUE
"ADAMTSL4","54507",TRUE
"MCL1","4170",TRUE
"CTSK","1513",TRUE
"RFX5","5993",TRUE
"PI4KB","5298",TRUE
"PIP5K1A","8394",TRUE
"ANP32E","81611",TRUE
"MINDY1","55793",TRUE
"ANXA9","8416",TRUE
"SELENBP1","8991",TRUE
"CERS2","29956",TRUE
"ENSA","2029",TRUE
"SEMA6C","10500",TRUE
"MRPL9","65005",TRUE
"ARNT","405",TRUE
"POGZ","23126",TRUE
"C1orf56","54964",TRUE
"OAZ3","51686",TRUE
"HORMAD1","84072",TRUE
"GOLPH3L","55204",TRUE
"GABPB2","126626",TRUE
"SYT14","255928",TRUE
"KCNH1","3756",TRUE
"DTL","51514",TRUE
"DYRK3","8444",TRUE
"EIF2D","1939",TRUE
"INTS7","25896",TRUE
"VASH2","79805",TRUE
"TAF1A","9015",TRUE
"SMYD2","56950",TRUE
"SUSD4","55061",TRUE
"DUSP10","11221",TRUE
"HHIPL2","79802",TRUE
"TP53BP2","7159",TRUE
"ATP8B2","57198",TRUE
"CRNN","49860",TRUE
"ADAM15","8751",TRUE
"JTB","10899",TRUE
"RAB13","5872",TRUE
"S100A8","6279",TRUE
"TPM3","7170",TRUE
"NUP210L","91181",TRUE
"SNAPIN","23557",TRUE
"SLC27A3","11000",TRUE
"S100A7","6278",TRUE
"UBAP2L","9898",TRUE
"SLC39A1","27173",TRUE
"HAX1","10456",TRUE
"CREB3L4","148327",TRUE
"EFNA3","1944",TRUE
"C1orf43",NA,FALSE
"GATAD2B","57459",TRUE
"ILF2","3608",TRUE
"RIT1","6016",TRUE
"INTS3","65123",TRUE
"PKLR","5313",TRUE
"HCN3","57657",TRUE
"FLG","2312",TRUE
"ACTA1","58",TRUE
"C1orf131",NA,FALSE
"GALNT2","2590",TRUE
"TTC13","79573",TRUE
"SCCPDH","51097",TRUE
"LYST","1130",TRUE
"MAP3K21","84451",TRUE
"CEP170","9859",TRUE
"ACP1","52",TRUE
"SNAP47","116841",TRUE
"SRP9","6726",TRUE
"NVL","4931",TRUE
"SDE2","163859",TRUE
"DEGS1","8560",TRUE
"FBXO28","23219",TRUE
"ARF1","375",TRUE
"LEFTY2","7044",TRUE
"CNIH4","29097",TRUE
"ITPKB","3707",TRUE
"GUK1","2987",TRUE
"CDC42BPA","8476",TRUE
"CNIH3","149111",TRUE
"C1orf35","79169",TRUE
"MBOAT2","129642",TRUE
"PARP1","142",TRUE
"PSEN2","5664",TRUE
"PYCR2","29920",TRUE
"LBR","3930",TRUE
"WNT9A","7483",TRUE
"EPHX1","2052",TRUE
"REN","5972",TRUE
"SOX13","9580",TRUE
"ETNK2","55224",TRUE
"PPFIA4","8497",TRUE
"PLEKHA6","22874",TRUE
"ARL8A","127829",TRUE
"OSR1","130497",TRUE
"GDF7","151449",TRUE
"PDIA6","10130",TRUE
"RHOB","388",TRUE
"ATP6V1C2","245973",TRUE
"HNRNPLL","92906",TRUE
"GALM","130589",TRUE
"CAMKMT","79823",TRUE
"EML4","27436",TRUE
"CALM2","805",TRUE
"CHAC2","494143",TRUE
"RPS27A","6233",TRUE
"WDPCP","51057",TRUE
"VPS54","51542",TRUE
"ASXL2","55252",TRUE
"ETAA1","54465",TRUE
"SNRPG","6637",TRUE
"ABHD1","84696",TRUE
"MEIS1","4211",TRUE
"TRIM43B","653192",TRUE
"TRIM43","129868",TRUE
"CIAO1","9391",TRUE
"ZNF514","84874",TRUE
"SNRNP200","23020",TRUE
"MRPS5","64969",TRUE
"ANKRD53","79998",TRUE
"TPRKB","51002",TRUE
"NAT8","9027",TRUE
"EXOC6B","23233",TRUE
"SFXN5","94097",TRUE
"TEX261","113419",TRUE
"DQX1","165545",TRUE
"DUSP11","8446",TRUE
"ST6GAL2","84620",TRUE
"NPHP1","4867",TRUE
"MALL","7851",TRUE
"THNSL2","55258",TRUE
"RALB","5899",TRUE
"C1QL2","165257",TRUE
"TMEM177","80775",TRUE
"NT5DC4","284958",TRUE
"RABL2A","11159",TRUE
"SLC20A1","6574",TRUE
"FBLN7","129804",TRUE
"ZC3H8","84524",TRUE
"LIPT1","51601",TRUE
"CNGA3","1261",TRUE
"FAHD2B","151313",TRUE
"LYG1","129530",TRUE
"AFF3","3899",TRUE
"UBXN4","23190",TRUE
"NXPH2","11249",TRUE
"SPOPL","339745",TRUE
"THSD7B","80731",TRUE
"GPR17","2840",TRUE
"POLR2D","5433",TRUE
"AMMECR1L","83607",TRUE
"GALNT13","114805",TRUE
"PKP4","8502",TRUE
"SCN1A","6323",TRUE
"SLC4A10","57282",TRUE
"SCRN3","79634",TRUE
"LNPK","80856",TRUE
"ZNF385B","151126",TRUE
"TMEFF2","23671",TRUE
"CDCA7","83879",TRUE
"DLX1","1745",TRUE
"UBR3","130507",TRUE
"PHOSPHO2","493911",TRUE
"GULP1","51454",TRUE
"FAM171B","165215",TRUE
"HSPD1","3329",TRUE
"CCDC150","284992",TRUE
"METTL21A","151194",TRUE
"UNC80","285175",TRUE
"PTH2R","5746",TRUE
"CPO","130749",TRUE
"NBEAL1","65065",TRUE
"KANSL1L","151050",TRUE
"SPAG16","79582",TRUE
"ABCA12","26154",TRUE
"SUMF1","285362",TRUE
"RHBDD1","84236",TRUE
"ACKR3","57007",TRUE
"TRPM8","79054",TRUE
"HES6","55502",TRUE
"ESPNL","339768",TRUE
"ANKMY1","51281",TRUE
"COPS7B","64708",TRUE
"DIS3L2","129563",TRUE
"CPNE9","151835",TRUE
"FANCD2","2177",TRUE
"TAMM41","132001",TRUE
"VGLL4","9686",TRUE
"RAB5A","5868",TRUE
"RETREG2","79137",TRUE
"CTDSP1","58190",TRUE
"CNOT9","9125",TRUE
"MARCHF4","57574",TRUE
"STK11IP","114790",TRUE
"GMPPA","29926",TRUE
"GRIP2","80852",TRUE
"EAF1","85403",TRUE
"CNTN4","152330",TRUE
"DYNC1LI1","51143",TRUE
"RBMS3","27303",TRUE
"OSBPL10","114884",TRUE
"POMGNT2","84892",TRUE
"ACKR2","1238",TRUE
"GASK1A","729085",TRUE
"CSRNP1","64651",TRUE
"SLC25A38","54977",TRUE
"ITGA9","3680",TRUE
"GOLGA4","2803",TRUE
"CTDSPL","10217",TRUE
"STAC","6769",TRUE
"IQSEC1","9922",TRUE
"CAND2","23066",TRUE
"RPL32","6161",TRUE
"PTPRG","5793",TRUE
"IL17RD","54756",TRUE
"SHQ1","55164",TRUE
"SLC25A26","115286",TRUE
"UBA3","9039",TRUE
"ARL6IP5","10550",TRUE
"TMF1","7110",TRUE
"LRIG1","26018",TRUE
"LIMD1","8994",TRUE
"ZNF660","285349",TRUE
"NFKBIZ","64332",TRUE
"COL8A1","1295",TRUE
"NXPE3","91775",TRUE
"ADGRG7","84873",TRUE
"MYH15","22989",TRUE
"PHLDB2","90102",TRUE
"ABHD10","55347",TRUE
"TAGLN3","29114",TRUE
"RABL3","285282",TRUE
"ADPRH","141",TRUE
"IGSF11","152404",TRUE
"ATG3","64422",TRUE
"BOC","91653",TRUE
"SRPRB","58477",TRUE
"TMEM108","66000",TRUE
"AGTR1","185",TRUE
"MED12L","116931",TRUE
"EIF2A","83939",TRUE
"ALDH1L1","10840",TRUE
"OSBPL11","114885",TRUE
"TRPC1","7220",TRUE
"NCEH1","57552",TRUE
"FAM86B2","653333",TRUE
"LPP","4026",TRUE
"TMEM44","93109",TRUE
"RUBCN","9711",TRUE
"AMT","275",TRUE
"TCTA","6988",TRUE
"NICN1","84276",TRUE
"UCN2","90226",TRUE
"DCAF1","9730",TRUE
"MANF","7873",TRUE
"STXBP5L","9515",TRUE
"EAF2","55840",TRUE
"ILDR1","286676",TRUE
"TM4SF19","116211",TRUE
"MUC4","4585",TRUE
"SLIT2","9353",TRUE
"EIF2B5","8893",TRUE
"VWA5B2","90113",TRUE
"DGKQ","1609",TRUE
"FIP1L1","81608",TRUE
"SLC26A1","10861",TRUE
"LYAR","55646",TRUE
"CENPC","1060",TRUE
"EPHA5","2044",TRUE
"CORIN","10699",TRUE
"ATP10D","57205",TRUE
"OCIAD2","132299",TRUE
"SLC10A4","201780",TRUE
"SCD5","79966",TRUE
"PLAC8","51316",TRUE
"ENOPH1","58478",TRUE
"TRMT10A","93587",TRUE
"KLHL8","57563",TRUE
"SNCA","6622",TRUE
"PYURF","100996939",TRUE
"TBCK","93627",TRUE
"CAMK2D","817",TRUE
"CISD2","493856",TRUE
"DDIT4L","115265",TRUE
"ANK2","287",TRUE
"TIFA","92610",TRUE
"AFG2A","166378",TRUE
"CCNA2","890",TRUE
"METTL14","57721",TRUE
"USP53","54532",TRUE
"SETD7","80854",TRUE
"NAF1","92345",TRUE
"MARCHF1","55016",TRUE
"SFRP2","6423",TRUE
"RPS3A","6189",TRUE
"RNF175","285533",TRUE
"PDGFC","56034",TRUE
"CBR4","84869",TRUE
"GLRA3","8001",TRUE
"CYP4V2","285440",TRUE
"ROPN1L","83853",TRUE
"NDUFS6","4726",TRUE
"MARCHF6","10299",TRUE
"NKD2","85409",TRUE
"CDH18","1016",TRUE
"ADAMTS16","170690",TRUE
"SRD5A1","6715",TRUE
"MYO10","4651",TRUE
"OTULINL","54491",TRUE
"RPL37","6167",TRUE
"SKP2","6502",TRUE
"OSMR","9180",TRUE
"PLK2","10769",TRUE
"SHISAL2B","100132916",TRUE
"GZMA","3001",TRUE
"PIK3R1","5295",TRUE
"HAPLN1","1404",TRUE
"LHFPL2","10184",TRUE
"SSBP2","23635",TRUE
"IQGAP2","10788",TRUE
"CRHBP","1393",TRUE
"RASA1","5921",TRUE
"LIX1","167410",TRUE
"GIN1","54826",TRUE
"PPIP5K2","23262",TRUE
"PAM","5066",TRUE
"BDP1","55814",TRUE
"GTF2H2","2966",TRUE
"SLC30A5","64924",TRUE
"BTF3","689",TRUE
"FBXL17","64839",TRUE
"SPATA9","83890",TRUE
"TSLP","85480",TRUE
"TNFAIP8","25816",TRUE
"FEM1C","56929",TRUE
"COMMD10","51397",TRUE
"ATG12","9140",TRUE
"MEGF10","84466",TRUE
"ADAMTS19","171019",TRUE
"YIPF5","81555",TRUE
"ARHGAP26","23092",TRUE
"CXCL14","9547",TRUE
"LECT2","3950",TRUE
"SLC25A48","153328",TRUE
"DDX46","9879",TRUE
"RNF145","153830",TRUE
"C1QTNF2","114898",TRUE
"GABRB2","2561",TRUE
"FBXO38","81545",TRUE
"SPINK7","84651",TRUE
"PCYOX1L","78991",TRUE
"TNIP1","10318",TRUE
"G3BP1","10146",TRUE
"ZNF300","91975",TRUE
"N4BP3","23138",TRUE
"NHP2","55651",TRUE
"RMND5B","64777",TRUE
"BOD1","91272",TRUE
"CPLX2","10814",TRUE
"TENM2","57451",TRUE
"KCNMB1","3779",TRUE
"FAM50B","26240",TRUE
"MYLK4","340156",TRUE
"TBC1D7","51256",TRUE
"FARS2","10667",TRUE
"GFOD1","54438",TRUE
"CDKAL1","54901",TRUE
"PSD2","84249",TRUE
"ZMAT2","153527",TRUE
"GFRA3","2676",TRUE
"KLHL3","26249",TRUE
"DCDC2","51473",TRUE
"SLC17A4","10050",TRUE
"TRIM7","81786",TRUE
"TRIM41","90933",TRUE
"HIGD2A","192286",TRUE
"FAM193B","54540",TRUE
"PLA2G7","7941",TRUE
"TNFRSF21","27242",TRUE
"RNF44","22838",TRUE
"MMUT","4594",TRUE
"RASGEF1C","255426",TRUE
"DOK3","79930",TRUE
"ABT1","29777",TRUE
"PPP1R18","170954",TRUE
"DAAM2","23500",TRUE
"PRIM2","5558",TRUE
"MLIP","90523",TRUE
"HMGCLL1","54511",TRUE
"LGSN","51557",TRUE
"FGD2","221472",TRUE
"SCUBE3","222663",TRUE
"ANO7","50636",TRUE
"CRIP3","401262",TRUE
"TTBK1","84630",TRUE
"TCTE1",NA,FALSE
"RPL7L1","285855",TRUE
"NFKBIE","4794",TRUE
"CYP39A1","51302",TRUE
"TPBG","7162",TRUE
"IRAK1BP1","134728",TRUE
"PHIP","55023",TRUE
"PRSS35","167681",TRUE
"MMS22L","253714",TRUE
"FAXC","84553",TRUE
"PNRC1","10957",TRUE
"PM20D2","135293",TRUE
"RARS2","57038",TRUE
"TBC1D32","221322",TRUE
"CLVS2","134829",TRUE
"RNF217","154214",TRUE
"RSPO3","84870",TRUE
"ARHGAP18","93663",TRUE
"ABRACL","58527",TRUE
"SLC18B1","116843",TRUE
"MTFR2","113115",TRUE
"SLC2A12","154091",TRUE
"SHPRH","257218",TRUE
"AIG1","51390",TRUE
"DYNLT1","6993",TRUE
"TIAM2","26230",TRUE
"TMEM181","57583",TRUE
"PNLDC1","154197",TRUE
"WTAP","9589",TRUE
"ZMYM4","9202",TRUE
"VIP","7432",TRUE
"ARMT1",NA,FALSE
"SLC22A3","6581",TRUE
"VWDE","221806",TRUE
"GNA12","2768",TRUE
"C7orf50",NA,FALSE
"SDK1","221935",TRUE
"CCZ1B","221960",TRUE
"INTS15","79034",TRUE
"RBAK","57786",TRUE
"CREB5","9586",TRUE
"EGFR","1956",TRUE
"CDCA5","113130",TRUE
"IGFBP3","3486",TRUE
"PURB","5814",TRUE
"IGFBP1","3484",TRUE
"SSC4D","136853",TRUE
"MDH2","4191",TRUE
"POMZP3","22932",TRUE
"NIPSNAP2","2631",TRUE
"CCT6A","908",TRUE
"PSPH","5723",TRUE
"ZNF92","168374",TRUE
"ATXN7L1","222255",TRUE
"TMEM168","64418",TRUE
"TRAPPC14","55262",TRUE
"SLC12A9","56996",TRUE
"GIGYF1","64599",TRUE
"TRIM4","89122",TRUE
"MEPCE","56257",TRUE
"TMEM209","84928",TRUE
"AGBL3","340351",TRUE
"ZC3HAV1L","92092",TRUE
"TMEM140","55281",TRUE
"TLK2","11011",TRUE
"EPHA1","2041",TRUE
"NOM1","64434",TRUE
"CNPY1","285888",TRUE
"NCAPG2","54892",TRUE
"NLGN4X","57502",TRUE
"SHROOM2","357",TRUE
"RAB19","401409",TRUE
"LUC7L2","51631",TRUE
"DENND2A","27147",TRUE
"CLTRN","57393",TRUE
"SH3KBP1","30011",TRUE
"TMEM47","83604",TRUE
"LANCL3","347404",TRUE
"SYTL5","94122",TRUE
"CASK","8573",TRUE
"KDM6A","7403",TRUE
"SPIN2A","54466",TRUE
"MSN","4478",TRUE
"CCNB3","85417",TRUE
"HDAC8","55869",TRUE
"SLC16A2","6567",TRUE
"ZNF182","7569",TRUE
"CHST7","56548",TRUE
"KRBOX4",NA,FALSE
"NDUFB11","54539",TRUE
"ZNF41","7592",TRUE
"ZMYM3","9203",TRUE
"TAF1","6872",TRUE
"NONO","4841",TRUE
"CCDC120","90060",TRUE
"LPAR4","2846",TRUE
"EBP","10682",TRUE
"AWAT2","158835",TRUE
"OGT","8473",TRUE
"SNX12","29934",TRUE
"ITGB1BP2","26548",TRUE
"IL2RG","3561",TRUE
"GCNA","93953",TRUE
"ZNF711","7552",TRUE
"DIAPH2","1730",TRUE
"NXF3","56000",TRUE
"PRPS1","5631",TRUE
"RADX","55086",TRUE
"FRMPD3","84443",TRUE
"HTR2C","3358",TRUE
"DOCK11","139818",TRUE
"IGSF1","3547",TRUE
"ARHGAP36","158763",TRUE
"GPC3","2719",TRUE
"RBMX","27316",TRUE
"MCPH1","79648",TRUE
"MFHAS1","9258",TRUE
"FBXO25","26260",TRUE
"FATE1","89885",TRUE
"MAGEA4","4103",TRUE
"NSDHL","50814",TRUE
"ZNF185","7739",TRUE
"CETN2","1069",TRUE
"RPL10","6134",TRUE
"CSGALNACT1","55790",TRUE
"ATP6V1B2","526",TRUE
"CCDC25","55246",TRUE
"HMBOX1","79618",TRUE
"GNRH1","2796",TRUE
"BIN3","55909",TRUE
"SLC25A37","51312",TRUE
"CHMP7","91782",TRUE
"DOCK5","80005",TRUE
"STAR","6770",TRUE
"PLPBP","11212",TRUE
"ERLIN2","11160",TRUE
"PXDNL","137902",TRUE
"ST18","9705",TRUE
"RGS20","8601",TRUE
"TACC1","6867",TRUE
"GOLGA7","51125",TRUE
"PLPP5","84513",TRUE
"GINS4","84296",TRUE
"NSD3","54904",TRUE
"TRIM55","84675",TRUE
"ADHFE1","137872",TRUE
"MRPS28","28957",TRUE
"LACTB2","51110",TRUE
"TERF1","7013",TRUE
"RPL7","6129",TRUE
"SLC26A7","115111",TRUE
"ATP6V0D2","245972",TRUE
"SYBU","55638",TRUE
"DPYS","1807",TRUE
"MTDH","92140",TRUE
"LRP12","29967",TRUE
"EBAG9","9166",TRUE
"RSPO2","340419",TRUE
"POLR2K","5440",TRUE
"MAL2","114569",TRUE
"EIF3H","8667",TRUE
"UTP23","84294",TRUE
"NDUFB9","4715",TRUE
"TATDN1","83940",TRUE
"FAM83A","84985",TRUE
"GSDMC","56169",TRUE
"FAM135B","51059",TRUE
"ZNF7","7553",TRUE
"ARHGAP39","80728",TRUE
"SLC39A4","55630",TRUE
"NAPRT","93100",TRUE
"VLDLR","7436",TRUE
"AK3","50808",TRUE
"UHRF2","115426",TRUE
"NFIB","4781",TRUE
"PLIN2","123",TRUE
"HAUS6","54801",TRUE
"CDKN2B","1030",TRUE
"CDKN2A","1029",TRUE
"C9orf72","203228",TRUE
"ZCCHC7","84186",TRUE
"FBXO10","26267",TRUE
"SIGMAR1","10280",TRUE
"ZNG1E","220869",TRUE
"CEP78","84131",TRUE
"NTRK2","4915",TRUE
"IDNK","414328",TRUE
"SHC3","53358",TRUE
"AUH","549",TRUE
"MFSD14B",NA,FALSE
"AOPEP","84909",TRUE
"PLPPR1","54886",TRUE
"ZNF462","58499",TRUE
"INIP","58493",TRUE
"UGCG","7357",TRUE
"SNX30","401548",TRUE
"STOM","2040",TRUE
"GSN","2934",TRUE
"MRRF","92399",TRUE
"NR6A1","2649",TRUE
"CRB2","286204",TRUE
"ALAD","210",TRUE
"ASTN2","23245",TRUE
"WDR31","114987",TRUE
"POLE3","54107",TRUE
"SURF4","6836",TRUE
"GBGT1","26301",TRUE
"SURF1","6834",TRUE
"SURF2","6835",TRUE
"SURF6","6838",TRUE
"MED22","6837",TRUE
"REXO4","57109",TRUE
"RPL7A","6130",TRUE
"GTF3C5","9328",TRUE
"ASB6","140459",TRUE
"PTGES2","80142",TRUE
"NTMT1","28989",TRUE
"CIZ1","25792",TRUE
"SLC25A25","114789",TRUE
"SH3GLB2","56904",TRUE
"MIGA2","84895",TRUE
"PTGES","9536",TRUE
"LCN2","3934",TRUE
"LRSAM1","90678",TRUE
"HMCN2","256158",TRUE
"GPR107","57720",TRUE
"PAXX","286257",TRUE
"INPP5E","56623",TRUE
"SEC16A","9919",TRUE
"DPH7","92715",TRUE
"NOTCH1","4851",TRUE
"CACNA1B","774",TRUE
"NACC2","138151",TRUE
"PROSER2","254427",TRUE
"USP6NL","9712",TRUE
"COMMD3","23412",TRUE
"MSRB2","22921",TRUE
"PDSS1","23590",TRUE
"FAM171A1","221061",TRUE
"MINDY3","80013",TRUE
"TMEM236","653567",TRUE
"RSU1","6251",TRUE
"ST8SIA6","338596",TRUE
"PARD3","56288",TRUE
"ANKRD30A","91074",TRUE
"ZEB1","6935",TRUE
"FAM13C","220965",TRUE
"NRBF2","29982",TRUE
"CDHR1","92211",TRUE
"RGR","5995",TRUE
"POLR3A","11128",TRUE
"HERC4","26091",TRUE
"LRMDA","83938",TRUE
"CAMK2G","818",TRUE
"ADIRF","10974",TRUE
"GLUD1","2746",TRUE
"ANKRD1","27063",TRUE
"HTR7","3363",TRUE
"RPP30","10556",TRUE
"FRA10AC1","118924",TRUE
"ADD3","120",TRUE
"HABP2","3026",TRUE
"DNAJB12","54788",TRUE
"EIF4EBP2","1979",TRUE
"PLEKHS1","79949",TRUE
"TCF7L2","6934",TRUE
"MKI67","4288",TRUE
"CYP17A1","1586",TRUE
"INA","9118",TRUE
"FUOM","282969",TRUE
"LRRC27","80313",TRUE
"MTG1","92170",TRUE
"NKX6-2","84504",TRUE
"PAOX","196743",TRUE
"GSTO1","9446",TRUE
"TAF5","6877",TRUE
"PPRC1","23082",TRUE
"ITPRIP","85450",TRUE
"CNNM2","54805",TRUE
"PDCD11","22984",TRUE
"ADAM12","8038",TRUE
"RGS10","6001",TRUE
"BTBD10","84280",TRUE
"ADM","133",TRUE
"GAS2","2620",TRUE
"SLC5A12","159963",TRUE
"LIN7C","55327",TRUE
"LRRC4C","57689",TRUE
"IMMP1L","196294",TRUE
"SAA4","6291",TRUE
"PGAP2","27315",TRUE
"TUT1","64852",TRUE
"SCGB1A1","7356",TRUE
"SYT8","90019",TRUE
"ZNF214","7761",TRUE
"ZNF215","7762",TRUE
"HSD17B12","51144",TRUE
"APIP","51074",TRUE
"PAMR1","25891",TRUE
"DGKZ","8525",TRUE
"EIF3M","10480",TRUE
"TNKS1BP1","85456",TRUE
"SERPING1","710",TRUE
"SSRP1","6749",TRUE
"SLC43A1","8501",TRUE
"PTPRJ","5795",TRUE
"CSTPP1","79096",TRUE
"ARFGAP2","84364",TRUE
"CELF1","10658",TRUE
"HIKESHI","51501",TRUE
"CCDC81","60494",TRUE
"SESN3","143686",TRUE
"ENDOD1","23052",TRUE
"CCDC82","79780",TRUE
"KLHL35","283212",TRUE
"TENM4","26011",TRUE
"SERPINH1","871",TRUE
"CAPN5","726",TRUE
"INTS4","92105",TRUE
"PAK1","5058",TRUE
"RPS3","6188",TRUE
"ZC3H12C","85463",TRUE
"TTC12","54970",TRUE
"NCAM1","4684",TRUE
"DRD2","1813",TRUE
"C11orf52","91894",TRUE
"NPAT","4863",TRUE
"ATM","472",TRUE
"AASDHPPT","60496",TRUE
"GLB1L2","89944",TRUE
"SLX4IP","128710",TRUE
"LAMTOR1","55004",TRUE
"P4HA3","283208",TRUE
"GRIK4","2900",TRUE
"ST14","6768",TRUE
"HYOU1","10525",TRUE
"ADAM33","80332",TRUE
"KAT14","57325",TRUE
"TKFC","26007",TRUE
"MTA2","9219",TRUE
"TMEM138","51524",TRUE
"FADS1","3992",TRUE
"TMC2","117532",TRUE
"ROM1","6094",TRUE
"EML3","256364",TRUE
"INCENP","3619",TRUE
"ZP1","22917",TRUE
"PLCH2","9651",TRUE
"CPSF7","79869",TRUE
"B3GAT3","26229",TRUE
"EI24","9538",TRUE
"CCDC15","80071",TRUE
"CHEK1","1111",TRUE
"FEZ1","9638",TRUE
"ESAM","90952",TRUE
"KIRREL3","84623",TRUE
"MPZL2","10205",TRUE
"SIDT2","51092",TRUE
"TMEM25","84866",TRUE
"TAGLN","6876",TRUE
"JPH2","57158",TRUE
"DUSP15","128853",TRUE
"COMMD7","149951",TRUE
"C20orf144","128864",TRUE
"KIAA1755","85449",TRUE
"SPATA25","128497",TRUE
"DSN1","79980",TRUE
"MTCL2","140710",TRUE
"CNBD2","140894",TRUE
"CDH22","64405",TRUE
"LSM14B","149986",TRUE
"YTHDF1","54915",TRUE
"CABLES2","81928",TRUE
"LTO1","220064",TRUE
"TRPT1","83707",TRUE
"NUDT22","84304",TRUE
"FERMT3","83706",TRUE
"PLCB3","5331",TRUE
"MRPL49","740",TRUE
"CDC42EP2","10435",TRUE
"FAU","2197",TRUE
"TM7SF2","7108",TRUE
"VPS51","738",TRUE
"TBX6","6911",TRUE
"PPP4C","5531",TRUE
"ALDOA","226",TRUE
"TLCD3B","83723",TRUE
"DOC2A","8448",TRUE
"HIRIP3","8479",TRUE
"TAOK2","9344",TRUE
"TMEM219","124446",TRUE
"HMGA2","8091",TRUE
"MMP3","4314",TRUE
"CNKSR2","22866",TRUE
"CNTN5","53942",TRUE
"KLRF1","51348",TRUE
"MKX","283078",TRUE
"MPP7","143098",TRUE
"ITGB1","3688",TRUE
"FXYD4","53828",TRUE
"TRIM48","79097",TRUE
"PCDH15","65217",TRUE
"CTF1","1489",TRUE
"CWC15","51503",TRUE
"FCGR1A","2209",TRUE
"ARID5B","84159",TRUE
"CDH8","1006",TRUE
"DCUN1D2","55208",TRUE
"TMCO3",NA,FALSE
"TMEM218","219854",TRUE
"TIRAP","114609",TRUE
"EEF1AKMT1","221143",TRUE
"LATS2","26524",TRUE
"SAP18","10284",TRUE
"ADGRL3","23284",TRUE
"KIAA1328","57536",TRUE
"FAM124A","220108",TRUE
"MIA2","4253",TRUE
"HNMT","3176",TRUE
"LYPD1","116372",TRUE
"LYPD6B","130576",TRUE
"PDCD4","27250",TRUE
"ADRA2A","150",TRUE
"GPM6A","2823",TRUE
"WDR17","116966",TRUE
"SPATA4","132851",TRUE
"VEGFC","7424",TRUE
"CCDC102B","79839",TRUE
"CD226","10666",TRUE
"CNDP1","84735",TRUE
"FSIP1","161835",TRUE
"DLG2","1740",TRUE
"CCDC83","220047",TRUE
"PRSS23","11098",TRUE
"MTMR12","54545",TRUE
"PPP1R1C","151242",TRUE
"POU2AF2","341032",TRUE
"CCT5","22948",TRUE
"ATPSCKMT","134145",TRUE
"DOCK1","1793",TRUE
"DIXDC1","85458",TRUE
"DLAT","1737",TRUE
"PIH1D2","120379",TRUE
"NKAPD1","55216",TRUE
"TIMM8B","26521",TRUE
"IL18","3606",TRUE
"PTS","5805",TRUE
"PIP4K2A","5305",TRUE
"C2orf50",NA,FALSE
"FREM2","341640",TRUE
"FOXO1","2308",TRUE
"CRIM1","51232",TRUE
"SEC24D","9871",TRUE
"ABCB9","23457",TRUE
"RILPL2","196383",TRUE
"DHX37","57647",TRUE
"UBC","7316",TRUE
"ITPR1","3708",TRUE
"PRSS53","339105",TRUE
"SLC7A11","23657",TRUE
"NOCT","25819",TRUE
"ENKUR","219670",TRUE
"GPR158","57512",TRUE
"LYZL2","119180",TRUE
"CACNA2D4","93589",TRUE
"DCP1B","196513",TRUE
"CACNA1C","775",TRUE
"KCNA6","3742",TRUE
"THRB","7068",TRUE
"NGLY1","55768",TRUE
"OXSM","54995",TRUE
"UEVLD","55293",TRUE
"TMEM86A","144110",TRUE
"NOPCHAP1","121053",TRUE
"TMEM263","90488",TRUE
"ABTB3","121551",TRUE
"UBE3B","89910",TRUE
"ANK3","288",TRUE
"IPMK","253430",TRUE
"RAD9B","144715",TRUE
"PLBD2","196463",TRUE
"DLG5","9231",TRUE
"MAT1A","4143",TRUE
"SLC2A13","114134",TRUE
"GXYLT1","283464",TRUE
"TWF1","5756",TRUE
"DIP2C","22982",TRUE
"EIF4E","1977",TRUE
"MAGI1","9223",TRUE
"TEX30","93081",TRUE
"CSNK1G3","1456",TRUE
"SRFBP1","153443",TRUE
"AKAP6","9472",TRUE
"NPAS3","64067",TRUE
"FAM177A1","283635",TRUE
"MBIP","51562",TRUE
"MIPOL1","145282",TRUE
"EXT2","2132",TRUE
"TMEM18","129787",TRUE
"ALLC","55821",TRUE
"KCTD14","65987",TRUE
"THRSP","7069",TRUE
"NDUFC2","4718",TRUE
"ME3","10873",TRUE
"ADAMTS12","81792",TRUE
"NUBPL","80224",TRUE
"NEK7","140609",TRUE
"ATP6V1G3","127124",TRUE
"FER","2241",TRUE
"VIPAS39","63894",TRUE
"ANKRD50","57182",TRUE
"UPF2","26019",TRUE
"CDC123","8872",TRUE
"SCLT1","132320",TRUE
"CCDC3","83643",TRUE
"C4orf33","132321",TRUE
"FRMD4A","55691",TRUE
"PTPRO","5800",TRUE
"EPS8","2059",TRUE
"ACAD8","27034",TRUE
"THYN1","29087",TRUE
"VPS26B","112936",TRUE
"NCAPD3","23310",TRUE
"VTI1A","143187",TRUE
"QDPR","5860",TRUE
"FHIP2A","57700",TRUE
"ANO4","121601",TRUE
"TEX9","374618",TRUE
"QTRT2","79691",TRUE
"MMAA","166785",TRUE
"ZNF827","152485",TRUE
"EDNRA","1909",TRUE
"NR3C2","4306",TRUE
"AKR1C2","1646",TRUE
"DPYSL4","10570",TRUE
"ADAM8","101",TRUE
"KIN","22944",TRUE
"PIGF","5281",TRUE
"ANKAR","150709",TRUE
"INPP1","3628",TRUE
"MFSD6","54842",TRUE
"RNF144A","9781",TRUE
"ASAP2","8853",TRUE
"ADAM17","6868",TRUE
"FLI1","2313",TRUE
"KCNJ1","3758",TRUE
"TMEM45B","120224",TRUE
"WWC2","80014",TRUE
"CENPU","79682",TRUE
"ACSL1","2180",TRUE
"SLC25A4","291",TRUE
"AMN1","196394",TRUE
"BICD1","636",TRUE
"SAV1","60485",TRUE
"CCDC122","160857",TRUE
"SERP2","387923",TRUE
"NBAS","51594",TRUE
"ZNF385D","79750",TRUE
"TDO2","6999",TRUE
"GUF1","60558",TRUE
"GABRA2","2555",TRUE
"SACS","26278",TRUE
"PABPC3","5042",TRUE
"CENPJ",NA,FALSE
"FBXO4","26272",TRUE
"TMEM267","64417",TRUE
"CCL28","56477",TRUE
"PARP8","79668",TRUE
"GFRA1","2674",TRUE
"CACUL1","143384",TRUE
"DST","667",TRUE
"BEND6","221336",TRUE
"TIAL1","7073",TRUE
"BAG3","9531",TRUE
"GLT1D1","144423",TRUE
"RBM46","166863",TRUE
"SCHIP1","29970",TRUE
"KCNE4","23704",TRUE
"AP1S3","130340",TRUE
"RABGAP1L","9910",TRUE
"CCDC74B","91409",TRUE
"TLCD4","148534",TRUE
"MZT2B","80097",TRUE
"TUBA3E","112714",TRUE
"ASTN1","460",TRUE
"FAM168B","130074",TRUE
"PTPN14","5784",TRUE
"MGAT5","4249",TRUE
"TMEM163","81615",TRUE
"GPATCH11","253635",TRUE
"HSPB8","26353",TRUE
"GEMIN6","79833",TRUE
"TMEM178A","130733",TRUE
"POU4F1","5457",TRUE
"OBI1","79596",TRUE
"GRID2","2895",TRUE
"ARL11","115761",TRUE
"SETBP1","26040",TRUE
"ARL14EP","120534",TRUE
"EPG5","57724",TRUE
"PSTPIP2","9050",TRUE
"ATP5F1A","498",TRUE
"HAUS1","115106",TRUE
"ARK2N","147339",TRUE
"SPC25","57405",TRUE
"PDK1","5163",TRUE
"PDE3B","5140",TRUE
"TCF7L1","83439",TRUE
"TGOLN2","10618",TRUE
"SH2D6","284948",TRUE
"KCNK13","56659",TRUE
"UHMK1","127933",TRUE
"ATG10","83734",TRUE
"POC5","134359",TRUE
"SPOCK1","6695",TRUE
"FAM151B","167555",TRUE
"TADA1","117143",TRUE
"GUCY1A2","2977",TRUE
"CWF19L2","143884",TRUE
"JMY","133746",TRUE
"HOMER1","9456",TRUE
"XRCC4","7518",TRUE
"ZNF547","284306",TRUE
"ZNF773","374928",TRUE
"ZNF776","284309",TRUE
"ZNF256","10172",TRUE
"SUV39H2","79723",TRUE
"DCLRE1C","64421",TRUE
"OLAH","55301",TRUE
"RPP38","10557",TRUE
"NMT2","9397",TRUE
"ZSCAN1","284312",TRUE
"ZNF837","116412",TRUE
"USP12","219333",TRUE
"CCDC50","152137",TRUE
"CAMK4","814",TRUE
"TRIM36","55521",TRUE
"ZFP36L2","678",TRUE
"PAN3","255967",TRUE
"PLEKHH2","130271",TRUE
"PFKM","5213",TRUE
"TMEM123","114908",TRUE
"IGSF10","285313",TRUE
"SPEF2","79925",TRUE
"SPARCL1","8404",TRUE
"DMP1","1758",TRUE
"MEPE","56955",TRUE
"MBNL1","4154",TRUE
"CAPSL","133690",TRUE
"NADK2","133686",TRUE
"GPD1L","23171",TRUE
"GJA1","2697",TRUE
"CCNO","10309",TRUE
"DDX4","54514",TRUE
"CLEC4F","165530",TRUE
"SLC30A6","55676",TRUE
"PELO","53918",TRUE
"RASGRP3","25780",TRUE
"SAR1B","51128",TRUE
"CATSPER3","347732",TRUE
"GPR180","160897",TRUE
"DNAI4","79819",TRUE
"ANKRD22","118932",TRUE
"FARP1","10160",TRUE
"IFIT5","24138",TRUE
"SLC16A12","387700",TRUE
"PANK1","53354",TRUE
"PRDM8","56978",TRUE
"BMP3","651",TRUE
"HNRNPDL","9987",TRUE
"HHEX","3087",TRUE
"UTRN","7402",TRUE
"PTPRK","5796",TRUE
"GGPS1","9453",TRUE
"CNTNAP4","85445",TRUE
"ZNF117","51351",TRUE
"RAB3C","115827",TRUE
"LMNTD1","160492",TRUE
"MARVELD2","153562",TRUE
"RAD17","5884",TRUE
"MED21","9412",TRUE
"PLOD2","5352",TRUE
"STK32B","55351",TRUE
"NRSN1","140767",TRUE
"JAKMIP1","152789",TRUE
"ZIC1","7545",TRUE
"ADGRA3","166647",TRUE
"CPB1","1360",TRUE
"SREK1IP1","285672",TRUE
"LGI2","55203",TRUE
"CWC27","10283",TRUE
"MR1","3140",TRUE
"SRP19","6728",TRUE
"CENPH","64946",TRUE
"CDYL","9425",TRUE
"CARHSP1","23589",TRUE
"TEKT5","146279",TRUE
"BANK1","55024",TRUE
"TXNDC11","51061",TRUE
"DAB2","1601",TRUE
"ACMSD","130013",TRUE
"ACOXL","55289",TRUE
"BCL2L11","10018",TRUE
"ANAPC1","64682",TRUE
"CAST","831",TRUE
"SCOC","60592",TRUE
"CLGN","1047",TRUE
"CETN3","1070",TRUE
"SMARCA5","8467",TRUE
"SYCP2L","221711",TRUE
"BMP6","654",TRUE
"RGPD3","653489",TRUE
"RASSF3","283349",TRUE
"HNRNPU","3192",TRUE
"RANBP2","5903",TRUE
"AHCTF1","25909",TRUE
"MERTK","10461",TRUE
"TMEM87B","84910",TRUE
"PTPRR","5801",TRUE
"NR4A2","4929",TRUE
"CCDC148","130940",TRUE
"PLA2R1","22925",TRUE
"RBMS1","5937",TRUE
"SCN3A","6328",TRUE
"CD96","10225",TRUE
"SLC25A27","9481",TRUE
"ADGRF1","266977",TRUE
"ADGRF4","221393",TRUE
"CYRIB","51571",TRUE
"ASAP1","50807",TRUE
"TRAPPC8","22878",TRUE
"FAM81B","153643",TRUE
"INO80C","125476",TRUE
"LPCAT1","79888",TRUE
"PLEKHG4B","153478",TRUE
"NMRAL1","57407",TRUE
"UBALD1","124402",TRUE
"C16orf89","146556",TRUE
"LYSET","26175",TRUE
"ING1","3621",TRUE
"TEX29","121793",TRUE
"ADPRHL1","113622",TRUE
"CMTM7","112616",TRUE
"FBXL2","25827",TRUE
"UBP1","7342",TRUE
"RMND5A","64795",TRUE
"CD8A","925",TRUE
"RPIA","22934",TRUE
"PTPRD","5789",TRUE
"LURAP1L","286343",TRUE
"CNKSR3","154043",TRUE
"GTF2E1","2960",TRUE
"CFDP1","10428",TRUE
"TGIF2LX","90316",TRUE
"ZDHHC7","55625",TRUE
"CIBAR2","339145",TRUE
"SPMIP4","136895",TRUE
"JAZF1","221895",TRUE
"CMIP","80790",TRUE
"KCNJ16","3773",TRUE
"PID1","55022",TRUE
"TRIP12","9320",TRUE
"FBXO36","130888",TRUE
"CEBPG","1054",TRUE
"KCTD15","79047",TRUE
"ZNF599","148103",TRUE
"MCOLN2","255231",TRUE
"LGI4","163175",TRUE
"DDAH1","23576",TRUE
"SREK1","140890",TRUE
"CHD1","1105",TRUE
"ANKFN1","162282",TRUE
"DGKE","8526",TRUE
"HS2ST1","9653",TRUE
"MSI2","124540",TRUE
"CACNA2D1","781",TRUE
"ZUP1","221302",TRUE
"HS3ST3A1","9955",TRUE
"GDPD1","284161",TRUE
"NUS1","116150",TRUE
"SEMA3D","223117",TRUE
"PPP2R5E","5529",TRUE
"GRAP","10750",TRUE
"SLC5A10","125206",TRUE
"AK5","26289",TRUE
"CABYR","26256",TRUE
"IMPACT","55364",TRUE
"ANKRD29","147463",TRUE
"SDHAF4","135154",TRUE
"CHST9","83539",TRUE
"THY1","7070",TRUE
"DNAAF1","123872",TRUE
"C16orf74","404550",TRUE
"TBCEL","219899",TRUE
"JPH3","57338",TRUE
"ANKH","56172",TRUE
"OTULIN","90268",TRUE
"UBASH3B","84959",TRUE
"ROBO4","54538",TRUE
"ROBO3","64221",TRUE
"TBRG1","84897",TRUE
"NRGN","4900",TRUE
"RETREG1","54463",TRUE
"CDH12","1010",TRUE
"GPR15","2838",TRUE
"TOMM70","9868",TRUE
"ABI3BP","25890",TRUE
"ANGPT1","284",TRUE
"PITPNC1","26207",TRUE
"CC2D1B","200014",TRUE
"CERS3","204219",TRUE
"PRKCA","5578",TRUE
"LRRK1","79705",TRUE
"CEP112","201134",TRUE
"GAL3ST2","64090",TRUE
"ABCA6","23460",TRUE
"ABCA10","10349",TRUE
"ABCA5","23461",TRUE
"ENPP3","5169",TRUE
"C4orf19",NA,FALSE
"UCHL1","7345",TRUE
"MIA3","375056",TRUE
"DISP1","84976",TRUE
"TNIK","23043",TRUE
"FAM167A","83648",TRUE
"NEIL2","252969",TRUE
"PGM5","5239",TRUE
"WNT3A","89780",TRUE
"OBSCN","84033",TRUE
"LONRF1","91694",TRUE
"TRIM11","81559",TRUE
"ENAH","55740",TRUE
"CCSAP","126731",TRUE
"SH3RF1","57630",TRUE
"GBP5","115362",TRUE
"BUB3","9184",TRUE
"GPR26","2849",TRUE
"CFAP210","129881",TRUE
"MMP21","118856",TRUE
"C10orf90","118611",TRUE
"DIPK1A","388650",TRUE
"ATP5MC3","518",TRUE
"CNTNAP3B","728577",TRUE
"MAGED4","728239",TRUE
"SRSF12","135295",TRUE
"PDLIM3","27295",TRUE
"SORBS2","8470",TRUE
"ELOC","6921",TRUE
"LY96","23643",TRUE
"CXADR","1525",TRUE
"BTG3","10950",TRUE
"C21orf91","54149",TRUE
"CHODL","140578",TRUE
"TMPRSS15","5651",TRUE
"NCAM2","4685",TRUE
"L3MBTL4","91133",TRUE
"PDE1C","5137",TRUE
"RABGEF1","27342",TRUE
"MRPL39","54148",TRUE
"JAM2","58494",TRUE
"ATP5PF","522",TRUE
"GABPA","2551",TRUE
"ADAMTS1","9510",TRUE
"ADAMTS5","11096",TRUE
"TSEN2","80746",TRUE
"SLFN13","146857",TRUE
"WNT7A","7476",TRUE
"XPC","7508",TRUE
"CCDC174","51244",TRUE
"FGD5","152273",TRUE
"FLCN","201163",TRUE
"DPH3","285381",TRUE
"OXNAD1","92106",TRUE
"PLCL2","23228",TRUE
"CXXC1","30827",TRUE
"SKA1","220134",TRUE
"PPP4R1","9989",TRUE
"APCDD1","147495",TRUE
"PIEZO2","63895",TRUE
"MPPE1","65258",TRUE
"USP43","124739",TRUE
"RAB6B","51560",TRUE
"EME1","146956",TRUE
"EPHB1","2047",TRUE
"ACSS1","84532",TRUE
"ANKRD40","91369",TRUE
"ZNF18","7566",TRUE
"CA10","56934",TRUE
"VOPP1","81552",TRUE
"APOOL","139322",TRUE
"CYP2U1","113612",TRUE
"RSPH10B","222967",TRUE
"FBXL18","80028",TRUE
"PROM2","150696",TRUE
"AK9","221264",TRUE
"KLF10","7071",TRUE
"PTPRN2","5799",TRUE
"AZIN1","51582",TRUE
"ATP6V1C1","528",TRUE
"PIP4P2","55529",TRUE
"OTUD6B","51633",TRUE
"CDK19","23097",TRUE
"GTF3C6","112495",TRUE
"TTC39B","158219",TRUE
"AGPAT5","55326",TRUE
"MMS19","64210",TRUE
"PI4K2A","55361",TRUE
"MARVELD1","83742",TRUE
"ZFYVE27","118813",TRUE
"GOLGA7B","401647",TRUE
"GPR78","27201",TRUE
"TRMT44","152992",TRUE
"SLC25A28","81894",TRUE
"HSPA13","6782",TRUE
"SAMSN1","64092",TRUE
"USP25","29761",TRUE
"GRAMD2B","65983",TRUE
"ZCCHC10","54819",TRUE
"C16orf87","388272",TRUE
"MOV10","4343",TRUE
"RHOC","389",TRUE
"PPM1J","333926",TRUE
"DBI","1622",TRUE
"SLC16A1","6566",TRUE
"HEATR3","55027",TRUE
"TRIM74","378108",TRUE
"NIFK","84365",TRUE
"OXA1L","5018",TRUE
"SLC7A7","9056",TRUE
"MAGEC1","9947",TRUE
"LARP1","23367",TRUE
"CNOT8","9337",TRUE
"GRIA1","2890",TRUE
"LRGUK","136332",TRUE
"SETD9","133383",TRUE
"MIER3","166968",TRUE
"NUP205","23165",TRUE
"ZKSCAN2","342357",TRUE
"C9orf85","138241",TRUE
"XAGE2","9502",TRUE
"PIK3AP1","118788",TRUE
"RBM45","129831",TRUE
"TTN","7273",TRUE
"VSIG4","11326",TRUE
"PDIA4","9601",TRUE
"KDM8","79831",TRUE
"OTOA","146183",TRUE
"KCTD18","130535",TRUE
"HYCC2","285172",TRUE
"FLACC1","130540",TRUE
"C2CD6",NA,FALSE
"TMEM237","65062",TRUE
"FZD7","8324",TRUE
"SPAG17","200162",TRUE
"DEPTOR","64798",TRUE
"FMN2","56776",TRUE
"RNF20","56254",TRUE
"PPARGC1B","133522",TRUE
"ELMO1","9844",TRUE
"SLC26A2","1836",TRUE
"LSM11","134353",TRUE
"MED7","9443",TRUE
"RRAGA","10670",TRUE
"PXYLP1","92370",TRUE
"ADCY8","114",TRUE
"RASA2","5922",TRUE
"RMND1","55005",TRUE
"RAET1L","154064",TRUE
"SLA","6503",TRUE
"TMBIM4","51643",TRUE
"VBP1","7411",TRUE
"RAB39B","116442",TRUE
"CLIC2","1193",TRUE
"AFF2","2334",TRUE
"MICU3","286097",TRUE
"GRIP1","23426",TRUE
"VPS37A","137492",TRUE
"KIF5A","3798",TRUE
"NAT2","10",TRUE
"MAGEA8","4107",TRUE
"PSD3","23362",TRUE
"CARNMT1","138199",TRUE
"MCU","90550",TRUE
"MIDEAS","91748",TRUE
"CFAP70","118491",TRUE
"GNA14","9630",TRUE
"FAM161B","145483",TRUE
"GNAQ","2776",TRUE
"WIF1","11197",TRUE
"UGT2B4","7363",TRUE
"GPR61","83873",TRUE
"MMP16","4325",TRUE
"ADK","132",TRUE
"KCNMA1","3778",TRUE
"BATF","10538",TRUE
"DCK","1633",TRUE
"ADAMTS3","9508",TRUE
"ALX3","257",TRUE
"DPY19L4","286148",TRUE
"NDUFAF6","137682",TRUE
"DRAM2","128338",TRUE
"CFAP418","157657",TRUE
"PPEF2","5470",TRUE
"ADAMTSL3","57188",TRUE
"ART3","419",TRUE
"SLC28A1","9154",TRUE
"WHAMM","123720",TRUE
"CXCL13","10563",TRUE
"N6AMT1",NA,FALSE
"RWDD2B","10069",TRUE
"USP16","10600",TRUE
"CCT8","10694",TRUE
"MAP3K7CL","56911",TRUE
"NAA11","84779",TRUE
"BACH1","571",TRUE
"CLDN17","26285",TRUE
"CLDN8","9073",TRUE
"TSPAN7","7102",TRUE
"TIAM1","7074",TRUE
"SCAF4","57466",TRUE
"RPGR","6103",TRUE
"CDK20","23552",TRUE
"PCGF6","84108",TRUE
"ANKRD9","122416",TRUE
"SFR1","119392",TRUE
"SFXN2","118980",TRUE
"ATP5MJ","9556",TRUE
"FUT6","2528",TRUE
"TDRD9","122402",TRUE
"FGF18","8817",TRUE
"PCDH1","5097",TRUE
"SH3RF2","153769",TRUE
"GDF6","392255",TRUE
"UQCRB","7381",TRUE
"MTERF3","51001",TRUE
"PTDSS1","9791",TRUE
"PPP2R2B","5521",TRUE
"RPL30","6156",TRUE
"KCNS2","3788",TRUE
"PABIR3","159091",TRUE
"SUPV3L1","6832",TRUE
"PABIR2","159090",TRUE
"EEF1A1","1915",TRUE
"FBXO43","286151",TRUE
"HKDC1","80201",TRUE
"HK1","3098",TRUE
"TYSND1","219743",TRUE
"PHF6","84295",TRUE
"CD109","135228",TRUE
"LRFN2","57497",TRUE
"NODAL","4838",TRUE
"UBE2L6","9246",TRUE
"ZDHHC5","25921",TRUE
"MED19","219541",TRUE
"ZFAND3","60685",TRUE
"NPTN","27020",TRUE
"KAT6B","23522",TRUE
"SAMD8","142891",TRUE
"RAB11FIP1","80223",TRUE
"GLYATL2","219970",TRUE
"UTP14A","10813",TRUE
"AIFM1","9131",TRUE
"MAPK13","5603",TRUE
"BAG4","9530",TRUE
"TBC1D31","93594",TRUE
"NTAQ1","55093",TRUE
"ATAD2","29028",TRUE
"FBXO32","114907",TRUE
"NSMCE2","286053",TRUE
"ZNF689","115509",TRUE
"PRR14","78994",TRUE
"FBRS","64319",TRUE
"FRRS1","391059",TRUE
"PHKG2","5261",TRUE
"MFSD14A",NA,FALSE
"SASS6","163786",TRUE
"COX6A2","1339",TRUE
"ZIC3","7547",TRUE
"MALSU1","115416",TRUE
"VPS8","23355",TRUE
"GALK2","2585",TRUE
"LHFPL4","375323",TRUE
"B3GNT7","93010",TRUE
"MPV17L","255027",TRUE
"BUB1B","701",TRUE
"PDE6D","5147",TRUE
"EIF4A2","1974",TRUE
"BRPF1","7862",TRUE
"RPUSD3","285367",TRUE
"TATDN2","9797",TRUE
"GHRL","51738",TRUE
"SEC13","6396",TRUE
"EXOG","9941",TRUE
"NTAN1","123803",TRUE
"NMNAT2","23057",TRUE
"ZFYVE9","9372",TRUE
"ATP2B2","491",TRUE
"SMG1","23049",TRUE
"FCHO2","115548",TRUE
"RBPMS","11030",TRUE
"TMEM171","134285",TRUE
"TIMP4","7079",TRUE
"SYN2","6854",TRUE
"NRG1","3084",TRUE
"ODR4","54953",TRUE
"CPT2","1376",TRUE
"NECAP2","55707",TRUE
"LRP8","7804",TRUE
"PAXIP1","22976",TRUE
"STEAP2","261729",TRUE
"SSBP3","23648",TRUE
"CLDN12","9069",TRUE
"MMP14","4323",TRUE
"FZD1","8321",TRUE
"GATAD1","57798",TRUE
"SUSD3","203328",TRUE
"TMED6","146456",TRUE
"CLEC18A","348174",TRUE
"DHRS4","10901",TRUE
"CFAP107","93190",TRUE
"CLEC18C","283971",TRUE
"ARMC12","221481",TRUE
"DDX19B","11269",TRUE
"ST3GAL2","6483",TRUE
"FCSK","197258",TRUE
"IL34","146433",TRUE
"DHRS1","115817",TRUE
"CACNA1D","776",TRUE
"ARSL","415",TRUE
"KIT","3815",TRUE
"HYDIN","54768",TRUE
"AASDH","132949",TRUE
"ZNF19","7567",TRUE
"CACNA2D3","55799",TRUE
"RNF111","54778",TRUE
"CCNB2","9133",TRUE
"FAM81A","145773",TRUE
"MYO1E","4643",TRUE
"APPL1","26060",TRUE
"PWWP3B","139221",TRUE
"AFAP1L1","134265",TRUE
"TSC22D3","1831",TRUE
"VPS26C","10311",TRUE
"DYRK1A","1859",TRUE
"KCNJ6","3763",TRUE
"KCNJ15","3772",TRUE
"ERG","2078",TRUE
"ETS2","2114",TRUE
"TSPAN18","90139",TRUE
"LCA5L","150082",TRUE
"SLC35B2","347734",TRUE
"TMEM164","84187",TRUE
"MX1","4599",TRUE
"CREB3L1","90993",TRUE
"C2CD2","25966",TRUE
"TAB3","257397",TRUE
"SLC38A10","124565",TRUE
"C9orf43","257169",TRUE
"PALM2AKAP2","445815",TRUE
"ZNF618","114991",TRUE
"DGKI","9162",TRUE
"TMEM268","203197",TRUE
"SVOPL","136306",TRUE
"SNX22","79856",TRUE
"UBN2","254048",TRUE
"BRAF","673",TRUE
"SLC34A2","10568",TRUE
"ACAN","176",TRUE
"PSMG3","84262",TRUE
"CABP1","9478",TRUE
"WDR19","57728",TRUE
"SLC37A3","84255",TRUE
"AP3S2","10239",TRUE
"FMNL2","114793",TRUE
"GAREM2","150946",TRUE
"SPPL3","121665",TRUE
"DPYSL5","56896",TRUE
"RAB28","9364",TRUE
"PRXL2B","127281",TRUE
"TNFRSF14","8764",TRUE
"PANK4","55229",TRUE
"CIB4","130106",TRUE
"MEGF11","84465",TRUE
"C12orf43","64897",TRUE
"PEX10","5192",TRUE
"RER1","11079",TRUE
"RADIL","55698",TRUE
"SKI","6497",TRUE
"WIPI2","26100",TRUE
"LDLRAP1","26119",TRUE
"AGAP1","116987",TRUE
"KRTCAP3","200634",TRUE
"ANKRD61","100310846",TRUE
"PAFAH2","5051",TRUE
"EXTL1","2134",TRUE
"SLC30A2","7780",TRUE
"BABAM2","9577",TRUE
"TRIM63","84676",TRUE
"CFAP251","144406",TRUE
"MRPL17","63875",TRUE
"DUSP2","1844",TRUE
"GRHL3","57822",TRUE
"UBXN11","91544",TRUE
"PTPDC1","138639",TRUE
"GALNT14","79623",TRUE
"NCK1","4690",TRUE
"HPD","3242",TRUE
"RHPN1","114822",TRUE
"TPRG1L","127262",TRUE
"LRRC43","254050",TRUE
"PRXL2C","195827",TRUE
"XDH","7498",TRUE
"XKR8","55113",TRUE
"CNNM4","26504",TRUE
"EYA3","2140",TRUE
"DZIP1L","199221",TRUE
"TMSB15A","11013",TRUE
"FANCC","2176",TRUE
"MRAS","22808",TRUE
"WASF2","10163",TRUE
"ABHD3","171586",TRUE
"ESYT3","83850",TRUE
"FAIM","55179",TRUE
"TENT5B","115572",TRUE
"CLSTN2","64084",TRUE
"COLEC12","81035",TRUE
"RNF207","388591",TRUE
"CUL4B","8450",TRUE
"GPR153","387509",TRUE
"SLC13A3","64849",TRUE
"GPRASP2","114928",TRUE
"RHBDL2","54933",TRUE
"AUTS2","26053",TRUE
"SHROOM4","57477",TRUE
"H2BC5","3017",TRUE
"CDC25C","995",TRUE
"H4C8","8365",TRUE
"MITD1","129531",TRUE
"EIF5B","9669",TRUE
"RIBC1","158787",TRUE
"TMSB15B","286527",TRUE
"CATIP","375307",TRUE
"CNOT11","55571",TRUE
"KCNB1","3745",TRUE
"TSPAN33","340348",TRUE
"NRG2","9542",TRUE
"AHCYL2","23382",TRUE
"B4GALT5","9334",TRUE
"CD1D","912",TRUE
"SPATA2","9825",TRUE
"DNAH3","55567",TRUE
"CPA5","93979",TRUE
"TSR2","90121",TRUE
"PPP1R9A","55607",TRUE
"ZC3H18","124245",TRUE
"ZFAND2B","130617",TRUE
"GDPD5","81544",TRUE
"DYNC1I1","1780",TRUE
"PFKFB1","5207",TRUE
"TMED4","222068",TRUE
"PPP1R15B","84919",TRUE
"COPG2","26958",TRUE
"EMSY","56946",TRUE
"PAGE5","90737",TRUE
"GPAT4","137964",TRUE
"PKD1L1","168507",TRUE
"ZSCAN12","9753",TRUE
"TAGLN2","8407",TRUE
"ELK4","2005",TRUE
"SLAMF8","56833",TRUE
"SLC45A3","85414",TRUE
"DUSP23","54935",TRUE
"RNF166","115992",TRUE
"NBL1","4681",TRUE
"HTR6","3362",TRUE
"F11R","50848",TRUE
"USF1","7391",TRUE
"PLA2G2F","64600",TRUE
"SPATA2L","124044",TRUE
"NIT1","4817",TRUE
"DEDD","9191",TRUE
"ZNF276","92822",TRUE
"NPM2","10361",TRUE
"EDA","1896",TRUE
"FGF17","8822",TRUE
"VWA5B1","127731",TRUE
"CDA","978",TRUE
"PINK1","65018",TRUE
"B4GALT3","8703",TRUE
"DMTN","2039",TRUE
"ADAMTS4","9507",TRUE
"FHIP2B","64760",TRUE
"NDUFS2","4720",TRUE
"SLC5A11","115584",TRUE
"APOA2","336",TRUE
"TOMM40L","84134",TRUE
"MPZ","4359",TRUE
"CCAR2","57805",TRUE
"WNT9B","7484",TRUE
"CACHD1","57685",TRUE
"CDC42SE2","56990",TRUE
"RAPGEF6","51735",TRUE
"EPB41","2035",TRUE
"MIS18A","54069",TRUE
"ALG8","79053",TRUE
"FBXW5","54461",TRUE
"CFAP298","56683",TRUE
"SYNJ1","8867",TRUE
"PAXBP1","94104",TRUE
"IFNAR2","3455",TRUE
"MRPL10","124995",TRUE
"IFNGR2","3460",TRUE
"GART","2618",TRUE
"SON","6651",TRUE
"DONSON","29980",TRUE
"SV2A","9900",TRUE
"LAD1","3898",TRUE
"STC1","6781",TRUE
"TNNI1","7135",TRUE
"CSRP1","1465",TRUE
"HOXB13","10481",TRUE
"KCNE2","9992",TRUE
"ATP5MC1","516",TRUE
"RCAN1","1827",TRUE
"UBE2Z","65264",TRUE
"CIART","148523",TRUE
"SNF8","11267",TRUE
"CLIC6","54102",TRUE
"CCDC24","149473",TRUE
"RUNX1","861",TRUE
"IGF2BP1","10642",TRUE
"CBR1","873",TRUE
"CBR3","874",TRUE
"GJD2","57369",TRUE
"ACTC1","70",TRUE
"MORC3","23515",TRUE
"CHAF1B","8208",TRUE
"SIM2","6493",TRUE
"HLCS","3141",TRUE
"SCUBE1","80274",TRUE
"ARHGAP27","201176",TRUE
"ADPGK","83440",TRUE
"PTMS","5763",TRUE
"PLA2G4D","283748",TRUE
"PADI4","23569",TRUE
"ADIPOR1","51094",TRUE
"CYB5R1","51706",TRUE
"PSMD4","5710",TRUE
"ATP13A2","23400",TRUE
"M1AP","130951",TRUE
"PSMB4","5692",TRUE
"IRX6","79190",TRUE
"BTG2","7832",TRUE
"HK2","3099",TRUE
"C1R","715",TRUE
"CELF3","11189",TRUE
"ALDH4A1","8659",TRUE
"STARD9","57519",TRUE
"THEM4","117145",TRUE
"TCHH","7062",TRUE
"UBR1","197131",TRUE
"AMFR","267",TRUE
"MED8","112950",TRUE
"RGL4","266747",TRUE
"SPRR2G","6706",TRUE
"PGLYRP3","114771",TRUE
"ISL2","64843",TRUE
"RSPRY1","89970",TRUE
"CCDC17","149483",TRUE
"GPBP1L1","60313",TRUE
"NAE1","8883",TRUE
"TMEM69","51249",TRUE
"ADGRG5","221188",TRUE
"DRC7","84229",TRUE
"ACE","1636",TRUE
"SPMIP8","374739",TRUE
"EFCAB14","9813",TRUE
"SPON2","10417",TRUE
"CHCHD6","84303",TRUE
"CTBP1","1487",TRUE
"LRRC36","55282",TRUE
"TPPP3","51673",TRUE
"ZDHHC1","29800",TRUE
"ATP6V0D1","9114",TRUE
"ZFYVE28","57732",TRUE
"CARMIL2","146206",TRUE
"C16orf86","388284",TRUE
"PIP","5304",TRUE
"FAM131B","9715",TRUE
"RGS12","6002",TRUE
"PSKH1","5681",TRUE
"ZYX","7791",TRUE
"ABR","29",TRUE
"LYPD5","284348",TRUE
"CCDC117","150275",TRUE
"ZNF230","7773",TRUE
"CCDC107","203260",TRUE
"ZNF222","7673",TRUE
"NPR2","4882",TRUE
"ZNF221","7638",TRUE
"ZNF233","353355",TRUE
"ZNF235","9310",TRUE
"GNE","10020",TRUE
"TNFRSF13C","115650",TRUE
"ARHGAP35","2909",TRUE
"PTGIR","5739",TRUE
"CALM3","808",TRUE
"DFFA","1676",TRUE
"CCDC28B","79140",TRUE
"IQCC","55721",TRUE
"TMEM234","56063",TRUE
"BSDC1","55108",TRUE
"ZBTB8A","653121",TRUE
"ATAD3B","83858",TRUE
"SSU72","29101",TRUE
"UBE2J2","118424",TRUE
"ZNF362","149076",TRUE
"FNDC5","252995",TRUE
"CPAMD8","27151",TRUE
"NR2F6","2063",TRUE
"ANKLE1","126549",TRUE
"MIX23","131076",TRUE
"VMA21","203547",TRUE
"KALRN","8997",TRUE
"CILP2","148113",TRUE
"ABCG1","9619",TRUE
"TFF3","7033",TRUE
"TFF2","7032",TRUE
"TFF1","7031",TRUE
"TMPRSS3","64699",TRUE
"RSPH1","89765",TRUE
"SLC37A1","54020",TRUE
"PDE9A","5152",TRUE
"WDR4","10785",TRUE
"NDUFV3","4731",TRUE
"PKNOX1","5316",TRUE
"CBS","875",TRUE
"U2AF1","7307",TRUE
"HSF2BP","11077",TRUE
"RRP1B","23076",TRUE
"PDXK","8566",TRUE
"G6PD","2539",TRUE
"CSTB","1476",TRUE
"RRP1","8568",TRUE
"AGPAT3","56894",TRUE
"TRAPPC10","7109",TRUE
"GAB3","139716",TRUE
"GATD3","8209",TRUE
"ICOSLG","23308",TRUE
"CFAP410","755",TRUE
"ZNF66","7617",TRUE
"LRRC3","81543",TRUE
"ITGB2","3689",TRUE
"SLX9","85395",TRUE
"RALGDS","5900",TRUE
"FTCD","10841",TRUE
"SPATC1L","84221",TRUE
"LSS","4047",TRUE
"VAV2","7410",TRUE
"MCM3AP","8888",TRUE
"C21orf58","54058",TRUE
"PCNT","5116",TRUE
"DIP2A","23181",TRUE
"S100B","6285",TRUE
"PRMT2","3275",TRUE
"CLDND2","125875",TRUE
"ZNF208","7757",TRUE
"ADAMTS13","11093",TRUE
"CACFD1","11094",TRUE
"SLC2A6","11182",TRUE
"ZNF761","388561",TRUE
"FCN2","2220",TRUE
"PIERCE1","138162",TRUE
"ZNF714","148206",TRUE
"GPSM1","26086",TRUE
"C19orf47","126526",TRUE
"CFAP157","286207",TRUE
"TOR2A","27433",TRUE
"ST6GALNAC6","30815",TRUE
"SHKBP1","92799",TRUE
"RDH13","112724",TRUE
"ZER1","10444",TRUE
"ZDHHC12","84885",TRUE
"PKN3","29941",TRUE
"SPTBN4","57731",TRUE
"BRSK1","84446",TRUE
"COX6B2","125965",TRUE
"TMEM190","147744",TRUE
"PLPP7","84814",TRUE
"TAOK1","57551",TRUE
"MED27","9442",TRUE
"DEDD2","162989",TRUE
"SIK3","23387",TRUE
"MPZL3","196264",TRUE
"NEK8","284086",TRUE
"TLCD1","116238",TRUE
"PCSK7","9159",TRUE
"SAFB","6294",TRUE
"S100A1","6271",TRUE
"CHTOP","26097",TRUE
"CXCR5","643",TRUE
"ZBTB7B","51043",TRUE
"FLAD1","80308",TRUE
"SHC1","6464",TRUE
"VPS11","55823",TRUE
"NLRX1","79671",TRUE
"ADAR","103",TRUE
"IL6R","3570",TRUE
"UBE2Q1","55585",TRUE
"CHRNB2","1141",TRUE
"CRTC2","200186",TRUE
"ANO10","55129",TRUE
"FDPS","2224",TRUE
"RUSC1","23623",TRUE
"ENTREP3","10712",TRUE
"PAQR6","79957",TRUE
"PMF1","11243",TRUE
"SLC25A44","9673",TRUE
"LMNA","4000",TRUE
"NBEAL2","23218",TRUE
"CCDC12","151903",TRUE
"PTH1R","5745",TRUE
"UBQLN4","56893",TRUE
"MYL3","4634",TRUE
"PPP1R35","221908",TRUE
"GPATCH4","54865",TRUE
"AZGP1","563",TRUE
"FGFR4","2264",TRUE
"CYP3A7","1551",TRUE
"NACC1","112939",TRUE
"LY6K","54742",TRUE
"IER2","9592",TRUE
"ZNF394","84124",TRUE
"CPSF4","10898",TRUE
"LY6E","4061",TRUE
"VPS28","51160",TRUE
"TONSL","4796",TRUE
"PWWP3A","84939",TRUE
"RECQL4","9401",TRUE
"LRRC14","9684",TRUE
"ZNF333","84449",TRUE
"COL26A1","136227",TRUE
"PPP1R16A","84988",TRUE
"FOXH1","8928",TRUE
"ORAI2","80228",TRUE
"ALKBH4","54784",TRUE
"SH2B2","10603",TRUE
"MRNIP","51149",TRUE
"SQSTM1","8878",TRUE
"MGAT4B","11282",TRUE
"RPL8","6132",TRUE
"MAML1","9794",TRUE
"PGLYRP2","114770",TRUE
"LRWD1","222229",TRUE
"FBXL13","222235",TRUE
"NAPEPLD","222236",TRUE
"SCGB3A1","92304",TRUE
"PSMC2","5701",TRUE
"CELF5","60680",TRUE
"MFSD12","126321",TRUE
"YDJC","150223",TRUE
"DVL3","1857",TRUE
"AP2M1","1173",TRUE
"ABCF3","55324",TRUE
"PCYT1A","5130",TRUE
"FBXO27","126433",TRUE
"DMKN","93099",TRUE
"U2AF1L4","199746",TRUE
"BDH1","622",TRUE
"THAP8","199745",TRUE
"COX7A1","1346",TRUE
"ZNF382","84911",TRUE
"LRRC56","115399",TRUE
"PLXDC1","57125",TRUE
"PGAP3","93210",TRUE
"IKZF3","22806",TRUE
"GRIN2C","2905",TRUE
"FDXR","2232",TRUE
"SAP30BP","29115",TRUE
"ACOX1","51",TRUE
"PRPSAP1","5635",TRUE
"CYGB","114757",TRUE
"SRSF2","6427",TRUE
"ZNF577","84765",TRUE
"TMEM143","55260",TRUE
"KASH5","147872",TRUE
"ALDH16A1","126133",TRUE
"DCD","117159",TRUE
"ITGA5","3678",TRUE
"ZNF385A","25946",TRUE
"MPP3","4356",TRUE
"NAGS","162417",TRUE
"LSM12","124801",TRUE
"ASB16","92591",TRUE
"EMC10","284361",TRUE
"JOSD2","126119",TRUE
"SHANK1","50944",TRUE
"FAM171A2","284069",TRUE
"DBF4B","80174",TRUE
"PLCD3","113026",TRUE
"FMNL3","91010",TRUE
"AQP5","362",TRUE
"RACGAP1","29127",TRUE
"LARP4","113251",TRUE
"TAMALIN","160622",TRUE
"RAVER1","125950",TRUE
"SYCE2","256126",TRUE
"SPC24","147841",TRUE
"IP6K3","117283",TRUE
"LEMD2","221496",TRUE
"ALOX15","246",TRUE
"ZNF653","115950",TRUE
"MED11","400569",TRUE
"CXCL16","58191",TRUE
"SCIMP","388325",TRUE
"TNFSF13","8741",TRUE
"SENP3","26168",TRUE
"FGF11","2256",TRUE
"EIF4A1","1973",TRUE
"RPL26","6154",TRUE
"CCDC42","146849",TRUE
"POLR3K","51728",TRUE
"SNRNP25","79622",TRUE
"WDR90","197335",TRUE
"JMJD8","339123",TRUE
"CCDC78","124093",TRUE
"SSTR5","6755",TRUE
"SPSB3","90864",TRUE
"MEIOB","254528",TRUE
"HS3ST6","64711",TRUE
"TEDC2","80178",TRUE
"CCNF","899",TRUE
"TBC1D24","57465",TRUE
"AMDHD2","51005",TRUE
"NTN3","4917",TRUE
"BICDL2","146439",TRUE
"PAQR4","124222",TRUE
"FLYWCH2","114984",TRUE
"ZG16B","124220",TRUE
"ZNF75A","7627",TRUE
"ADCY9","115",TRUE
"SHANK2","22941",TRUE
"CLPB","81570",TRUE
"NEU3","10825",TRUE
"CYB561A3","220002",TRUE
"SAXO4","220004",TRUE
"ASRGL1","80150",TRUE
"GNG3","2785",TRUE
"UBXN1","51035",TRUE
"LBHD1","79081",TRUE
"TTC9C","283237",TRUE
"TAF6L","10629",TRUE
"NXF1","10482",TRUE
"STX5","6811",TRUE
"SLC25A45","283130",TRUE
"RPL29","6159",TRUE
"SYVN1","84447",TRUE
"ZFPL1","7542",TRUE
"RPS6KA4","8986",TRUE
"LRP5","4041",TRUE
"TPCN2","219931",TRUE
"FGF19","9965",TRUE
"CYP4A22","284541",TRUE
"PDZK1IP1","10158",TRUE
"TAL1","6886",TRUE
"CMPK1","51727",TRUE
"BEND5","79656",TRUE
"ELAVL4","1996",TRUE
"COA7","65260",TRUE
"ZYG11B","79699",TRUE
"SLC1A7","6512",TRUE
"CZIB","54987",TRUE
"MAGOH","4116",TRUE
"ACOT11","26027",TRUE
"PARS2","25973",TRUE
"BSND","7809",TRUE
"USP24","23358",TRUE
"PLPP3","8613",TRUE
"NOL9","79707",TRUE
"PRKAA2","5563",TRUE
"KLHL21","9903",TRUE
"ZSWIM5","57643",TRUE
"GMEB1","10691",TRUE
"SLC45A1","50651",TRUE
"SELENON","57190",TRUE
"AK4","205",TRUE
"JAK1","3716",TRUE
"RAVER2","55225",TRUE
"CTRC","11330",TRUE
"LZIC","84328",TRUE
"RBP7","116362",TRUE
"KNCN","148930",TRUE
"FBLIM1","54751",TRUE
"SLC25A34","284723",TRUE
"AKR7A3","22977",TRUE
"DRAXIN","374946",TRUE
"PDPN","10630",TRUE
"LRRC38","126755",TRUE
"DHRS3","9249",TRUE
"LAPTM5","7805",TRUE
"SDC3","9672",TRUE
"PEF1","553115",TRUE
"SYNC","81493",TRUE
"RBBP4","5928",TRUE
"NHSL3","57648",TRUE
"TSSK3","81629",TRUE
"TMCO4","255104",TRUE
"UBXN10","127733",TRUE
"CAMK2N1","55450",TRUE
"ALPL","249",TRUE
"WNT4","54361",TRUE
"SCNN1D","6339",TRUE
"MXRA8","54587",TRUE
"FAAP20","199990",TRUE
"MEGF6","1953",TRUE
"DIRAS3","9077",TRUE
"NFIA","4774",TRUE
"OMA1","115209",TRUE
"MYSM1","114803",TRUE
"TM2D1","83941",TRUE
"USP1","7398",TRUE
"FUBP1","8880",TRUE
"NEXN","91624",TRUE
"DNAJB4","11080",TRUE
"ADGRL4","64123",TRUE
"LRRIQ3","127255",TRUE
"TYW3","127253",TRUE
"SNX7","51375",TRUE
"B3GALT2","8707",TRUE
"NTNG1","22854",TRUE
"EEIG2","284611",TRUE
"HENMT1","113802",TRUE
"AKNAD1","254268",TRUE
"C1orf52","148423",TRUE
"GBP2","2634",TRUE
"ATXN7L2","127002",TRUE
"GBP4","115361",TRUE
"ZNF326","284695",TRUE
"HFM1","164045",TRUE
"BRINP3","339479",TRUE
"GFI1","2672",TRUE
"KCNT2","343450",TRUE
"AGL","178",TRUE
"VCAM1","7412",TRUE
"EXTL2","2135",TRUE
"SLC30A7","148867",TRUE
"ZNF281","23528",TRUE
"ARPC5","10092",TRUE
"CADM3","57863",TRUE
"NLRP3","114548",TRUE
"ZNF496","84838",TRUE
"TRIM58","25893",TRUE
"SLAMF9","89886",TRUE
"IGSF8","93185",TRUE
"DDR2","4921",TRUE
"PEA15","8682",TRUE
"PEX19","5824",TRUE
"NCSTN","23385",TRUE
"VANGL2","57216",TRUE
"OLFML2B","25903",TRUE
"FCRLB","127943",TRUE
"KLHDC9","126823",TRUE
"C1orf74","148304",TRUE
"FLVCR1","28982",TRUE
"ATF3","467",TRUE
"RBM15","64783",TRUE
"DENND2D","79961",TRUE
"AXDND1","126859",TRUE
"TDRD5","163589",TRUE
"IER5","51278",TRUE
"SNED1","25992",TRUE
"BPNT1","10380",TRUE
"SPATA17","128153",TRUE
"C1orf115","79762",TRUE
"BROX","148362",TRUE
"NBPF20","100288142",TRUE
"ACP6","51205",TRUE
"KIF26B","55083",TRUE
"TFB2M","64216",TRUE
"CNST","163882",TRUE
"PPP1R21","129285",TRUE
"KLHDC8A","55220",TRUE
"PKDCC","91461",TRUE
"OXER1","165140",TRUE
"HAAO","23498",TRUE
"B3GALNT2","148789",TRUE
"MAPKAPK2","9261",TRUE
"IL20","50604",TRUE
"IL24","11009",TRUE
"FCMR","9214",TRUE
"PIGR","5284",TRUE
"CAPN2","824",TRUE
"MRPL55","128308",TRUE
"WDR26","80232",TRUE
"REL","5966",TRUE
"PUS10","150962",TRUE
"PEX13","5194",TRUE
"SANBR","84542",TRUE
"TRIM17","51127",TRUE
"RFTN2","130132",TRUE
"DISC1","27185",TRUE
"CAPN13","92291",TRUE
"MEMO1","51072",TRUE
"DPY30","84661",TRUE
"TYW5","129450",TRUE
"MAIP1","79568",TRUE
"KCNF1","3754",TRUE
"SLC66A3","130814",TRUE
"ARL5A","26225",TRUE
"LRATD1","151354",TRUE
"KCNJ3","3760",TRUE
"CLHC1","130162",TRUE
"FRZB","2487",TRUE
"DUSP19","142679",TRUE
"CFAP36","112942",TRUE
"NUP35","129401",TRUE
"CCDC138","165055",TRUE
"FBXO41","150726",TRUE
"ACTG2","72",TRUE
"WDCP","80304",TRUE
"SMC6","79677",TRUE
"VSNL1","7447",TRUE
"CCDC74A","90557",TRUE
"H3-3A","3020",TRUE
"COQ8A","56997",TRUE
"SLC16A14","151473",TRUE
"EN1","2019",TRUE
"SGCB","6443",TRUE
"SPATA18","132671",TRUE
"NOSTRIN","115677",TRUE
"CFAP221","200373",TRUE
"SGPP2","130367",TRUE
"INHBB","3625",TRUE
"BBS5","129880",TRUE
"SMARCAD1","56916",TRUE
"PDLIM5","10611",TRUE
"NEURL3","93082",TRUE
"RPRD2","23248",TRUE
"ANKRD23","200539",TRUE
"CTSS","1520",TRUE
"MSX1","4487",TRUE
"PACRGL","133015",TRUE
"BNIPL","149428",TRUE
"LYSMD1","388695",TRUE
"SCNM1","79005",TRUE
"TMOD4","29765",TRUE
"VPS72","6944",TRUE
"ERCC3","2071",TRUE
"RNF149","284996",TRUE
"IWS1","55677",TRUE
"BOLA3","388962",TRUE
"CDC42EP3","10602",TRUE
"S100A11","6282",TRUE
"LCE3D","84648",TRUE
"IVL","3713",TRUE
"SPRR3","6707",TRUE
"DHX57","90957",TRUE
"SPRR2D","6703",TRUE
"PGLYRP4","57115",TRUE
"ARHGAP25","9938",TRUE
"S100A9","6280",TRUE
"S100A12","6283",TRUE
"TGFA","7039",TRUE
"TDRD10","126668",TRUE
"CCNYL1","151195",TRUE
"FZD5","7855",TRUE
"DCAF16","54876",TRUE
"CFAP141","388701",TRUE
"NPPC","4880",TRUE
"GNPDA2","132789",TRUE
"ALPP","250",TRUE
"GABRG1","2565",TRUE
"ALPG","251",TRUE
"GABRB1","2560",TRUE
"PAQR3","152559",TRUE
"NIPAL1","152519",TRUE
"ALPI","248",TRUE
"ANTXR2","118429",TRUE
"HELQ","113510",TRUE
"MRPS18C","51023",TRUE
"CGGBP1","8545",TRUE
"ABRAXAS1","84142",TRUE
"GPR155","151556",TRUE
"DAPL1","92196",TRUE
"PMVK","10654",TRUE
"PBXIP1","57326",TRUE
"CLDN1","9076",TRUE
"PYGO2","90780",TRUE
"HIPK1","204851",TRUE
"LENEP","55891",TRUE
"DCST2","127579",TRUE
"COL6A3","1293",TRUE
"INAVA","55765",TRUE
"YY1AP1","55249",TRUE
"KBTBD8","84541",TRUE
"TAFA4","151647",TRUE
"EOGT","285203",TRUE
"LMOD3","56203",TRUE
"NAXE","128240",TRUE
"POGLUT1","56983",TRUE
"SLC22A15","55356",TRUE
"CCKAR","886",TRUE
"IGFN1","91156",TRUE
"ATP1A1","476",TRUE
"SLC15A2","6565",TRUE
"EIF4E3","317649",TRUE
"PROK2","60675",TRUE
"LRRC58","116064",TRUE
"FSTL1","11167",TRUE
"LMOD1","25802",TRUE
"ELF3","1999",TRUE
"TMEM183A","92703",TRUE
"TMEM169","92691",TRUE
"IGFBP7","3490",TRUE
"TRIM46","80128",TRUE
"KRTCAP2","200185",TRUE
"CXCR1","3577",TRUE
"ARPC2","10109",TRUE
"TSACC","128229",TRUE
"CCT3","7203",TRUE
"TMEM79","84283",TRUE
"SSR2","6746",TRUE
"RNF25","64320",TRUE
"STK36","27148",TRUE
"ADORA1","134",TRUE
"NEK10","152110",TRUE
"CCDC141","285025",TRUE
"CRYBA2","1412",TRUE
"CIP2A","57650",TRUE
"EOMES","8320",TRUE
"CWC22","57703",TRUE
"AZI2","64343",TRUE
"TGFBR2","7048",TRUE
"ANKZF1","55139",TRUE
"HDAC11","79885",TRUE
"FBLN2","2199",TRUE
"GLB1L","79411",TRUE
"STT3B","201595",TRUE
"CHCHD4","131474",TRUE
"DPPA2","151871",TRUE
"NFASC","23114",TRUE
"SGO2","151246",TRUE
"SERPINI1","5274",TRUE
"CLASP2","23122",TRUE
"SUCLG1","8802",TRUE
"NUAK2","81788",TRUE
"PRKCI","5584",TRUE
"IFI16","3428",TRUE
"AIM2","9447",TRUE
"EFHB","151651",TRUE
"EIF5A2","56648",TRUE
"RPL22L1","200916",TRUE
"PPM1L","151742",TRUE
"ICA1L","130026",TRUE
"CTLA4","1493",TRUE
"ICOS","29851",TRUE
"RYBP","23429",TRUE
"PPP4R2","151987",TRUE
"GTPBP8","29083",TRUE
"NEPRO",NA,FALSE
"SPICE1","152185",TRUE
"CCDC191","57577",TRUE
"NKX6-1","4825",TRUE
"CDS1","1040",TRUE
"WDFY3","23001",TRUE
"COX18","285521",TRUE
"PTPN13","5783",TRUE
"ALB","213",TRUE
"C4orf36","132989",TRUE
"THOC7","80145",TRUE
"ATXN7","6314",TRUE
"PSMD6","9861",TRUE
"PRICKLE2","166336",TRUE
"ADAMTS9","56999",TRUE
"PPM1K","152926",TRUE
"GMPS","8833",TRUE
"TIPARP","25976",TRUE
"CCNL1","57018",TRUE
"PTX3","5806",TRUE
"HESX1","8820",TRUE
"DCLK3","85443",TRUE
"SLMAP","7871",TRUE
"RPL9","6133",TRUE
"SMIM14","201895",TRUE
"RPP14","11102",TRUE
"ABHD6","57406",TRUE
"DNASE1L3","1776",TRUE
"CFAP20DC","200844",TRUE
"RBM47","54502",TRUE
"APBB2","323",TRUE
"IL17RE","132014",TRUE
"IL17RC","84818",TRUE
"CRELD1","78987",TRUE
"PRRT3","285368",TRUE
"FANCD2OS","115795",TRUE
"PCOLCE2","26577",TRUE
"U2SURP","23350",TRUE
"MTMR14","64419",TRUE
"TTC14","151613",TRUE
"CXCL3","2921",TRUE
"CXCL5","6374",TRUE
"PPBP","5473",TRUE
"PF4","5196",TRUE
"MTHFD2L","441024",TRUE
"CXCL1","2919",TRUE
"RCHY1","25898",TRUE
"PLSCR2","57047",TRUE
"CCDC158","339965",TRUE
"CPA3","1359",TRUE
"GYG1","2992",TRUE
"HPS3","84343",TRUE
"TM4SF18","116441",TRUE
"TOPBP1","11073",TRUE
"RYK","6259",TRUE
"SNRK","54861",TRUE
"DNAJC5G","285126",TRUE
"UCN","7349",TRUE
"ZNF513","130557",TRUE
"SLC4A1AP","22950",TRUE
"PLB1","151056",TRUE
"SPDYA","245711",TRUE
"KIAA1143","57456",TRUE
"KIF15","56992",TRUE
"TGM4","7047",TRUE
"WDR43","23160",TRUE
"ZDHHC3","51304",TRUE
"CDCP1","64866",TRUE
"CLEC3B","7123",TRUE
"SLC6A20","54716",TRUE
"LZTFL1","54585",TRUE
"FYCO1","79443",TRUE
"CCR1","1230",TRUE
"RTP3","83597",TRUE
"LRRC2","79442",TRUE
"ELP6","54859",TRUE
"DTX3L","151636",TRUE
"ZNF148","7707",TRUE
"NMNAT3","349565",TRUE
"SMIM12","113444",TRUE
"ZMYM6","9204",TRUE
"TPRA1","131601",TRUE
"YEATS2","55689",TRUE
"GRIK3","2899",TRUE
"ZC3H12A","80149",TRUE
"MEAF6","64769",TRUE
"SNIP1","79753",TRUE
"DNALI1","7802",TRUE
"POLR2H","5437",TRUE
"KLF15","28999",TRUE
"CFAP100","348807",TRUE
"CAMK2N2","94032",TRUE
"LIPH","200879",TRUE
"TMEM41A","90407",TRUE
"RPN1","6184",TRUE
"SENP2","59343",TRUE
"HEYL","26508",TRUE
"IFT122","55764",TRUE
"RFC4","5984",TRUE
"RPL39L","116832",TRUE
"BAP1","8314",TRUE
"TKT","7086",TRUE
"PRKCD","5580",TRUE
"RFT1","91869",TRUE
"SFMBT1","51460",TRUE
"GNL3","26354",TRUE
"PBRM1","55193",TRUE
"UVSSA","57654",TRUE
"TASOR","23272",TRUE
"ARHGEF3","50650",TRUE
"SLBP","7884",TRUE
"LRPAP1","4043",TRUE
"ZDHHC19","131540",TRUE
"SLC51A","200931",TRUE
"UBXN7","26043",TRUE
"RNF168","165918",TRUE
"PIGX","54965",TRUE
"MELTF","4241",TRUE
"S100P","6286",TRUE
"ABLIM2","84448",TRUE
"EXO5","64789",TRUE
"C1orf50","79078",TRUE
"ERMAP","114625",TRUE
"ZNF691","51058",TRUE
"AIMP1","9255",TRUE
"SGMS2","166929",TRUE
"METAP1","23173",TRUE
"DNAJB14","79982",TRUE
"H2AZ1","3015",TRUE
"EMCN","51705",TRUE
"SLC9B1","150159",TRUE
"SLC9B2","133308",TRUE
"BDH2","56898",TRUE
"PGRMC2","10424",TRUE
"CDC25A","993",TRUE
"CAMP","820",TRUE
"ZNF589","51385",TRUE
"PLXNB1","5364",TRUE
"CCDC51","79714",TRUE
"ATRIP","84126",TRUE
"SHISA5","51246",TRUE
"SPRY1","10252",TRUE
"BSN","8927",TRUE
"APEH","327",TRUE
"INTU","27152",TRUE
"RNF123","63891",TRUE
"HSPA4L","22824",TRUE
"MFSD8","256471",TRUE
"ABHD18","80167",TRUE
"CAMKV","79012",TRUE
"MON1A","84315",TRUE
"MST1R","4486",TRUE
"RAD54L2","23132",TRUE
"TEX264","51368",TRUE
"GRM2","2912",TRUE
"DUSP7","1849",TRUE
"POC1A","25886",TRUE
"PPM1M","132160",TRUE
"WDR82","80335",TRUE
"PITX2","5308",TRUE
"C4orf3",NA,FALSE
"PRSS12","8492",TRUE
"NDST3","9348",TRUE
"HMGB2","3148",TRUE
"SAP30","8819",TRUE
"SCRG1","11341",TRUE
"HAND2","9464",TRUE
"MAD2L1","4085",TRUE
"ANXA5","308",TRUE
"SMIM43","132332",TRUE
"MAP9","79884",TRUE
"GUCY1A1","2982",TRUE
"FBXO8","26269",TRUE
"CEP44","80817",TRUE
"HPGD","3248",TRUE
"TMEM144","55314",TRUE
"GASK1B","51313",TRUE
"NPY1R","4886",TRUE
"NPY5R","4889",TRUE
"NAA15","80155",TRUE
"IL15","3600",TRUE
"FHIP1A","729830",TRUE
"ARFIP1","27236",TRUE
"ICE1","23379",TRUE
"HHIP","64399",TRUE
"ANAPC10","10393",TRUE
"ABCE1","6059",TRUE
"OTUD4","54726",TRUE
"LSM6","11157",TRUE
"TMEM184C","55751",TRUE
"PRMT9","90826",TRUE
"ITGA2","3673",TRUE
"MOCS2","4338",TRUE
"EDIL3","10085",TRUE
"TMEM161B","153396",TRUE
"ELOVL7","79993",TRUE
"NDUFAF2","91942",TRUE
"ZNF474","133923",TRUE
"LMBRD2","92255",TRUE
"RANBP3L","202151",TRUE
"NIPBL","25836",TRUE
"RNF180","285671",TRUE
"ADGRV1","84059",TRUE
"SLC25A46","91137",TRUE
"STARD4","134429",TRUE
"PGGT1B","5229",TRUE
"F2RL2","2151",TRUE
"CCDC112","153733",TRUE
"ANKRD33B","651746",TRUE
"CMBL","134147",TRUE
"C5orf63","401207",TRUE
"PRRC1","133619",TRUE
"F2RL1","2150",TRUE
"AGGF1","55109",TRUE
"WDR41","55255",TRUE
"PRDM9","56979",TRUE
"NDUFS4","4724",TRUE
"SCGB3A2","117156",TRUE
"SPINK1","6690",TRUE
"ESM1","11082",TRUE
"GRPEL2","134266",TRUE
"CDC20B","166979",TRUE
"ARSK","153642",TRUE
"RHOBTB3","22836",TRUE
"GPX8","493869",TRUE
"TIGD6","81789",TRUE
"SERINC5","256987",TRUE
"ENPP6","133121",TRUE
"CASP3","836",TRUE
"PRIMPOL","201973",TRUE
"ERAP1","51752",TRUE
"ERAP2","64167",TRUE
"CMYA5","202333",TRUE
"EGFLAM","133584",TRUE
"CFAP97","57587",TRUE
"RICTOR","253260",TRUE
"TENT2","167153",TRUE
"EBF1","1879",TRUE
"ANKRA2","57763",TRUE
"UBLCP1","134510",TRUE
"UTP15","84135",TRUE
"TLR3","7098",TRUE
"KLKB1","3818",TRUE
"NSA2","10412",TRUE
"GFM2","84340",TRUE
"TERT","7015",TRUE
"CCDC127","133957",TRUE
"FOXQ1","94234",TRUE
"ACSL6","23305",TRUE
"CSF2","1437",TRUE
"SEPTIN8","23176",TRUE
"SHROOM1","134549",TRUE
"GDF9","2661",TRUE
"UQCRQ","27089",TRUE
"LEAP2","116842",TRUE
"GJB7","375519",TRUE
"SLC35A1","10559",TRUE
"GRIK2","2898",TRUE
"CGAS","115004",TRUE
"FABP7","2173",TRUE
"TLX3","30012",TRUE
"TXLNB","167838",TRUE
"CITED2","10370",TRUE
"CALHM4","221301",TRUE
"CREBRF","153222",TRUE
"DCBLD1","285761",TRUE
"SFXN1","94081",TRUE
"SAMD3","154075",TRUE
"TMEM200A","114801",TRUE
"IL22RA2","116379",TRUE
"DACT2","168002",TRUE
"PDSS2","57107",TRUE
"STXBP5","134957",TRUE
"IL31RA","133396",TRUE
"RAET1E","135250",TRUE
"PI16","221476",TRUE
"TBX20","57057",TRUE
"DAGLB","221955",TRUE
"MATCAP2","23366",TRUE
"STK17A","9263",TRUE
"TRA2A","29896",TRUE
"GALNT10","55568",TRUE
"SAP30L","79685",TRUE
"RPS14","6208",TRUE
"MYOZ3","91977",TRUE
"COG5","10466",TRUE
"BMT2",NA,FALSE
"GPR85","54329",TRUE
"SLU7","10569",TRUE
"RP9","6100",TRUE
"PTTG1","9232",TRUE
"CAMLG","819",TRUE
"BMPER","168667",TRUE
"RELL2","285613",TRUE
"KCNK5","8645",TRUE
"KIF6","221458",TRUE
"ZNF12","7559",TRUE
"SLC29A4","222962",TRUE
"STEAP1","26872",TRUE
"CDCA7L","55536",TRUE
"SP8","221833",TRUE
"MIOS","54468",TRUE
"ELAPOR2","222223",TRUE
"USP49","25862",TRUE
"SYTL3","94120",TRUE
"IQUB","154865",TRUE
"HEY1","23462",TRUE
"ZNF704","619279",TRUE
"FABP5","2171",TRUE
"SHH","6469",TRUE
"TAGAP","117289",TRUE
"COL1A2","1278",TRUE
"FNDC1","84624",TRUE
"CHMP4C","92421",TRUE
"SLC13A4","26266",TRUE
"PGAM2","5224",TRUE
"BRI3","25798",TRUE
"LMTK2","22853",TRUE
"CTSB","1508",TRUE
"SOX17","64321",TRUE
"DLC1","10395",TRUE
"ADCY1","107",TRUE
"C8orf48","157773",TRUE
"SUN3","256979",TRUE
"C7orf57","136288",TRUE
"HNF4G","3174",TRUE
"PEX2","5828",TRUE
"RAD21","5885",TRUE
"SLC30A8","169026",TRUE
"MED30","90390",TRUE
"TNFRSF11B","4982",TRUE
"SBSPON","157869",TRUE
"PHKG1","5260",TRUE
"EN2","2020",TRUE
"KCNV1","27012",TRUE
"SPIDR","23514",TRUE
"ORC5","5001",TRUE
"DNAAF5","54919",TRUE
"OSGIN2","734",TRUE
"DEFB1","1672",TRUE
"SUN1","23353",TRUE
"OXR1","55074",TRUE
"TMEM74","157753",TRUE
"GPR146","115330",TRUE
"GPER1","2852",TRUE
"TMEM184A","202915",TRUE
"NOS3","4846",TRUE
"MICALL2","79778",TRUE
"CA3","761",TRUE
"INTS1","26173",TRUE
"CDK5","1020",TRUE
"SLC4A2","6522",TRUE
"SLC7A13","157724",TRUE
"FASTK","10922",TRUE
"TMUB1","83590",TRUE
"FMC1","154791",TRUE
"PHAX","51808",TRUE
"ALDH7A1","501",TRUE
"FOXK1","221937",TRUE
"COX6C","1345",TRUE
"OSR2","116039",TRUE
"YWHAZ","7534",TRUE
"BAALC","79870",TRUE
"FZD6","8323",TRUE
"CTHRC1","115908",TRUE
"SLC25A32","81034",TRUE
"DCAF13","25879",TRUE
"DCSTAMP","81501",TRUE
"TP53INP1","94241",TRUE
"INTS8","55656",TRUE
"VIRMA","25962",TRUE
"FREM1","158326",TRUE
"GEM","2669",TRUE
"PDP1","54704",TRUE
"TMEM67","91147",TRUE
"WASHC5","9897",TRUE
"RPP25L","138716",TRUE
"FAM219A","203259",TRUE
"SPMIP6","84688",TRUE
"SNAPC3","6619",TRUE
"MYORG","57462",TRUE
"NUDT2","318",TRUE
"TMEM65","157378",TRUE
"PSIP1","11168",TRUE
"CCDC171","203238",TRUE
"UBAP1","51271",TRUE
"DIRAS2","54769",TRUE
"SYK","6850",TRUE
"NIPSNAP3B","55335",TRUE
"ABCA1","19",TRUE
"NFIL3","4783",TRUE
"LETM2","137994",TRUE
"METTL2B","55798",TRUE
"FXN","2395",TRUE
"ZMAT4","79698",TRUE
"TMEM71","137835",TRUE
"MAMDC2","256691",TRUE
"CPA6","57094",TRUE
"C8orf34","116328",TRUE
"TMC1","117531",TRUE
"ALDH1A1","216",TRUE
"KDM1B","221656",TRUE
"HGSNAT","138050",TRUE
"RASEF","158158",TRUE
"GKAP1","80318",TRUE
"KIF27","55582",TRUE
"QNG1","84267",TRUE
"HNRNPK","3190",TRUE
"SVEP1","79987",TRUE
"TRPV6","55503",TRUE
"LLCFC1","135927",TRUE
"ANKS6","203286",TRUE
"FBP1","2203",TRUE
"PGAP4","84302",TRUE
"ZHX1","11244",TRUE
"CFAP47","286464",TRUE
"CYBB","1536",TRUE
"DYNLT3","6990",TRUE
"METTL27","155368",TRUE
"MID1IP1","58526",TRUE
"SHOC1","158401",TRUE
"KIAA1958","158405",TRUE
"PTCHD1","139411",TRUE
"RNF183","138065",TRUE
"PCDH19","57526",TRUE
"PIGA","5277",TRUE
"VEGFD","2277",TRUE
"OR1Q1","158131",TRUE
"STRBP","55342",TRUE
"CLDN3","1365",TRUE
"GAPVD1","26130",TRUE
"CARD19","84270",TRUE
"WNK2","65268",TRUE
"ATP7A","538",TRUE
"ZNF367","195828",TRUE
"HDX","139324",TRUE
"NDUFB6","4712",TRUE
"AQP7","364",TRUE
"NOL6","65083",TRUE
"AQP3","360",TRUE
"TRMT10B","158234",TRUE
"VCP","7415",TRUE
"PIGO","84720",TRUE
"STOML2","30968",TRUE
"BRWD3","254065",TRUE
"SLITRK5","26050",TRUE
"MELK","9833",TRUE
"ARMC3","219681",TRUE
"OTUD1","220213",TRUE
"ARHGAP12","94134",TRUE
"FAT3","120114",TRUE
"DEUP1","159989",TRUE
"HECTD2","143279",TRUE
"SLC7A3","84889",TRUE
"FBXO33","254170",TRUE
"INTS6L","203522",TRUE
"CLDN2","9075",TRUE
"LRFN5","145581",TRUE
"SPTSSA","171546",TRUE
"WRN","7486",TRUE
"MARCHF8","220972",TRUE
"TSHR","7253",TRUE
"CFL2","1073",TRUE
"SUGT1","10910",TRUE
"GTF2A1","2957",TRUE
"ZCCHC24","219654",TRUE
"PGM2L1","283209",TRUE
"PHYHIPL","84457",TRUE
"SLC16A9","220963",TRUE
"INPPL1","3636",TRUE
"GJB2","2706",TRUE
"CRYL1","51084",TRUE
"REEP3","221035",TRUE
"HEPACAM","220296",TRUE
"SKA3","221150",TRUE
"MICU2","221154",TRUE
"DDIAS","220042",TRUE
"PCF11","51585",TRUE
"PKNOX2","63876",TRUE
"LRR1","122769",TRUE
"RPL36AL","6166",TRUE
"DNAAF2","55172",TRUE
"DEPP1","11067",TRUE
"MAGEC3","139081",TRUE
"ZNF22","7570",TRUE
"KLHDC2","23588",TRUE
"EML5","161436",TRUE
"NEMF","9147",TRUE
"RPUSD4","84881",TRUE
"ARF6","382",TRUE
"TTC8","123016",TRUE
"TMEM63C","57156",TRUE
"NGB","58157",TRUE
"NOXRED1","122945",TRUE
"CDX2","1045",TRUE
"AKR1E2","83592",TRUE
"KBTBD6","89890",TRUE
"FAAH2","158584",TRUE
"NUDT5","11164",TRUE
"DACT1","51339",TRUE
"OXGR1","27199",TRUE
"BEND7","222389",TRUE
"ATP5F1C","509",TRUE
"PRPF18","8559",TRUE
"TAF3","83860",TRUE
"VSTM4","196740",TRUE
"VDAC2","7417",TRUE
"SOHLH1","402381",TRUE
"COMTD1","118881",TRUE
"SLC18A2","6571",TRUE
"PDZD8","118987",TRUE
"ZNF503","84858",TRUE
"ABRAXAS2","23172",TRUE
"QSOX2","169714",TRUE
"FAM204A","63877",TRUE
"NSD1","64324",TRUE
"PRDX3","10935",TRUE
"ENOX2","10495",TRUE
"GHITM","27069",TRUE
"SNAPC4","6621",TRUE
"TMEM52B","120939",TRUE
"PMPCA","23203",TRUE
"ENTR1","10807",TRUE
"FRMD7","90167",TRUE
"AK8","158067",TRUE
"SPACA9","11092",TRUE
"TSC1","7248",TRUE
"GFI1B","8328",TRUE
"HPRT1","3251",TRUE
"BORCS5","118426",TRUE
"DIPK1B","138311",TRUE
"ZMYND19","116225",TRUE
"STOX1","219736",TRUE
"RET","5979",TRUE
"DDX21","9188",TRUE
"BMS1","9790",TRUE
"STK32C","282974",TRUE
"JCAD","57608",TRUE
"FUNDC2","65991",TRUE
"PIP4P1","90809",TRUE
"METTL17","64745",TRUE
"SLC39A2","29986",TRUE
"NDRG2","57447",TRUE
"RNASE7","84659",TRUE
"ARHGEF40","55701",TRUE
"NSMF","26012",TRUE
"ZNF219","51222",TRUE
"CASP7","840",TRUE
"PPP1R36","145376",TRUE
"BTNL9","153579",TRUE
"CCDC186","55088",TRUE
"VWA2","340706",TRUE
"METTL3","56339",TRUE
"SALL2","6297",TRUE
"PRAP1","118471",TRUE
"TRUB1","142940",TRUE
"ERICH6B","220081",TRUE
"ZFYVE1","53349",TRUE
"SPMIP5","143379",TRUE
"HSPA12A","259217",TRUE
"FRAT1","10023",TRUE
"UBTD1","80019",TRUE
"ANKRD2","26287",TRUE
"E2F7","144455",TRUE
"ARHGAP42","143872",TRUE
"ISCA2","122961",TRUE
"OTOGL","283310",TRUE
"LARGE2","120071",TRUE
"PACSIN3","29763",TRUE
"TTC7B","145567",TRUE
"SLC39A13","91252",TRUE
"PSMC3","5702",TRUE
"RAPSN","5913",TRUE
"AGBL2","79841",TRUE
"TC2N","123036",TRUE
"CPSF2","53981",TRUE
"SMCO2","341346",TRUE
"MOAP1","64112",TRUE
"IFI27L1","122509",TRUE
"IFI27","3429",TRUE
"SERPINA12","145264",TRUE
"CLMN","79789",TRUE
"NELL1","4745",TRUE
"PTER","9317",TRUE
"C1QL3","389941",TRUE
"CACNB2","783",TRUE
"HACD1","9200",TRUE
"ARL5B","221079",TRUE
"SMCO4","56935",TRUE
"CEP295","85459",TRUE
"KCNC2","3747",TRUE
"TAF1D","79101",TRUE
"ABTB2","25841",TRUE
"R3HCC1L","27291",TRUE
"AMOTL1","154810",TRUE
"HTRA1","5654",TRUE
"LIPC","3990",TRUE
"CEP57","9702",TRUE
"TCP11L2","255394",TRUE
"PASD1","139135",TRUE
"SPRED1","161742",TRUE
"GPR176","11245",TRUE
"JAM3","83700",TRUE
"CMTM5","116173",TRUE
"GLB1L3","112937",TRUE
"ADAMTS15","170689",TRUE
"SVOP","55530",TRUE
"GPT2","84706",TRUE
"AMN","81693",TRUE
"RAB8B","51762",TRUE
"IKBIP","121457",TRUE
"RPUSD2","27079",TRUE
"HIF1AN","55662",TRUE
"NDUFB8","4714",TRUE
"ZFYVE19","84936",TRUE
"PPP1R14D","54866",TRUE
"SPINT1","6692",TRUE
"FBN1","2200",TRUE
"AVPR1A","552",TRUE
"DEPDC4","120863",TRUE
"LRTM2","654429",TRUE
"BRD7","29117",TRUE
"CKB","1152",TRUE
"TRMT61A","115708",TRUE
"BTRC","8945",TRUE
"POLL","27343",TRUE
"BAG5","9529",TRUE
"DPCD","25911",TRUE
"LARP6","55323",TRUE
"API5","8539",TRUE
"ASPG","374569",TRUE
"ZNF319","57567",TRUE
"HPS6","79803",TRUE
"SENP8","123228",TRUE
"NOLC1","9221",TRUE
"ALKBH3","221120",TRUE
"COPS2","9318",TRUE
"GABRB3","2562",TRUE
"TBATA","219793",TRUE
"SGPL1","8879",TRUE
"FRS2","10818",TRUE
"CCT2","10576",TRUE
"PCBD1","5092",TRUE
"ARIH1","25820",TRUE
"DNAAF8","146562",TRUE
"CLMP","79827",TRUE
"SCN3B","55800",TRUE
"COX11","1353",TRUE
"ZNF202","7753",TRUE
"FAM227B","196951",TRUE
"STXBP4","252983",TRUE
"CYYR1","116159",TRUE
"CUL5","8065",TRUE
"MYRFL","196446",TRUE
"WBP1L","54838",TRUE
"BORCS7","119032",TRUE
"C2","717",TRUE
"PLEKHF1","79156",TRUE
"TMEM100","55273",TRUE
"ANAPC16","119504",TRUE
"SMPD1","6609",TRUE
"APBB1","322",TRUE
"SYNPO2L","79933",TRUE
"NUDT13","25961",TRUE
"C11orf65","160140",TRUE
"TRIM44","54765",TRUE
"ILK","3611",TRUE
"TAF10","6881",TRUE
"TPP1","1200",TRUE
"DCHS1","8642",TRUE
"NETO1","81832",TRUE
"MSS51","118490",TRUE
"CYB5A","1528",TRUE
"USP54","159195",TRUE
"RAG1","5896",TRUE
"IFTAP","119710",TRUE
"ATP9B","374868",TRUE
"PPFIBP2","8495",TRUE
"MOGAT2","80168",TRUE
"CYB5R2","51700",TRUE
"SERPINB7","8710",TRUE
"GARRE1","9710",TRUE
"SERPINB8","5271",TRUE
"TUB","7275",TRUE
"RIC3","79608",TRUE
"LMO1","4004",TRUE
"IDH3A","3419",TRUE
"WDR72","256764",TRUE
"CRABP1","1381",TRUE
"PLD4","122618",TRUE
"ZMAT1","84460",TRUE
"XRRA1","143570",TRUE
"TRIM66","9866",TRUE
"RNF169","254225",TRUE
"RPL27A","6157",TRUE
"DENND2B","6764",TRUE
"CDYL2","124359",TRUE
"TMEM130","222865",TRUE
"PRTG","283659",TRUE
"CENPN","55839",TRUE
"AKIP1","56672",TRUE
"ATMIN","23300",TRUE
"C16orf46","123775",TRUE
"TMEM41B","440026",TRUE
"PKD1L2","114780",TRUE
"LEO1","123169",TRUE
"ZNF143","7702",TRUE
"TMX3","54495",TRUE
"MFAP4","4239",TRUE
"WEE1","7465",TRUE
"MAPK7","5598",TRUE
"PRKCB","5579",TRUE
"HDGFL3","50810",TRUE
"NDST2","8509",TRUE
"MCM7","4176",TRUE
"CLEC3A","10143",TRUE
"CCDC68","80323",TRUE
"ZNF3","7551",TRUE
"ZSCAN21","7589",TRUE
"RIMKLB","57494",TRUE
"A2ML1","144568",TRUE
"BEAN1","146227",TRUE
"TK2","7084",TRUE
"TMED3","23423",TRUE
"SEC11C","90701",TRUE
"TMEM135","65084",TRUE
"IQCD",NA,FALSE
"NDEL1","81565",TRUE
"CENPV","201161",TRUE
"CDH16","1014",TRUE
"RRAD","6236",TRUE
"CIAO2B","51647",TRUE
"CFAP52","146845",TRUE
"HSP90B1","7184",TRUE
"BLCAP","10904",TRUE
"CHRFAM7A","89832",TRUE
"ATF7IP2","80063",TRUE
"MMP10","4319",TRUE
"TVP23A","780776",TRUE
"BEX3","27018",TRUE
"TMPRSS5","80975",TRUE
"COG1","9382",TRUE
"PLEKHA7","144100",TRUE
"ZNF606","80095",TRUE
"ZCCHC18","644353",TRUE
"B2M","567",TRUE
"ZNF592","9640",TRUE
"GOLM2","113201",TRUE
"NNMT","4837",TRUE
"ACSM1","116285",TRUE
"AP1G1","164",TRUE
"SLFN5","162394",TRUE
"CATSPER2","117155",TRUE
"BMERB1","89927",TRUE
"MARF1","9665",TRUE
"SAAL1","113174",TRUE
"YPEL4","219539",TRUE
"PPIB","5479",TRUE
"LDHC","3948",TRUE
"CIAO2A","84191",TRUE
"FAM111A","63901",TRUE
"PCLAF","9768",TRUE
"KIF7","374654",TRUE
"LDHD","197257",TRUE
"PLIN1","5346",TRUE
"PEX11A","8800",TRUE
"TMEM170A","124491",TRUE
"MESP1","55897",TRUE
"ANPEP","290",TRUE
"SCNN1G","6340",TRUE
"RBPMS2","348093",TRUE
"NAV2","89797",TRUE
"ANKDD1A","348094",TRUE
"GLYATL1","92292",TRUE
"C18orf54","162681",TRUE
"DCTN5","84516",TRUE
"TERF2IP","54386",TRUE
"PLK1","5347",TRUE
"CLPX","10845",TRUE
"ZBTB39","9880",TRUE
"TAC3","6866",TRUE
"MYO1A","4640",TRUE
"CHP2","63928",TRUE
"NEMP1","23306",TRUE
"NAB2","4665",TRUE
"VPS39","23339",TRUE
"STAT6","6778",TRUE
"PATL1","219988",TRUE
"ATP23","91419",TRUE
"ELFN2","114794",TRUE
"STX3","6809",TRUE
"MRPL16","54948",TRUE
"PIP4K2C","79837",TRUE
"MTMR10","54893",TRUE
"YWHAB","7529",TRUE
"C15orf48",NA,FALSE
"SCG5","6447",TRUE
"GREM1","26585",TRUE
"NYAP1","222950",TRUE
"TSC22D4","81628",TRUE
"MS4A7","58475",TRUE
"MS4A14","84689",TRUE
"DIS3L","115752",TRUE
"CCNDBP1","23582",TRUE
"SMAD3","4088",TRUE
"MS4A8","83661",TRUE
"CCDC178","374864",TRUE
"MS4A15","219995",TRUE
"MAP1A","4130",TRUE
"RCCD1","91433",TRUE
"AKTIP","64400",TRUE
"MAPRE2","10982",TRUE
"EVA1C","59271",TRUE
"MARS1","4141",TRUE
"MBD6","114785",TRUE
"CNPY4","245812",TRUE
"PDIA3","2923",TRUE
"NUDT21","11051",TRUE
"NAT16","375607",TRUE
"NKX3-1","4824",TRUE
"SGSM1","129049",TRUE
"DUSP18","150290",TRUE
"TEF","7008",TRUE
"MEI1","150365",TRUE
"B4GALNT2","124872",TRUE
"PBX3","5090",TRUE
"PHB1","5245",TRUE
"SNRPD1","6632",TRUE
"TTC16","158248",TRUE
"SAMD14","201191",TRUE
"PIP5KL1","138429",TRUE
"BPIFB6","128859",TRUE
"TMEM92","162461",TRUE
"EEIG1","399665",TRUE
"ACSF2","80221",TRUE
"GOLGA2","2801",TRUE
"TRUB2","26995",TRUE
"COQ4","51117",TRUE
"SLC27A4","10999",TRUE
"ANKRD40CL","55018",TRUE
"URM1","81605",TRUE
"CERCAM","51148",TRUE
"DOLPP1","57171",TRUE
"CCDC103",NA,FALSE
"ENDOG","2021",TRUE
"PRRX2","51450",TRUE
"C15orf39","56905",TRUE
"ISLR2","57611",TRUE
"SP2","6668",TRUE
"PRR15L","79170",TRUE
"COQ7","10229",TRUE
"GPRC5B","51704",TRUE
"CRK","1398",TRUE
"FBXO22","26263",TRUE
"TBC1D2B","23102",TRUE
"NOD2","64127",TRUE
"LOXHD1","125336",TRUE
"KATNAL2","83473",TRUE
"HDHD2","84064",TRUE
"ZNF91","7644",TRUE
"IGF2","3481",TRUE
"RNF214","257160",TRUE
"CDK12","51755",TRUE
"DUS2","54920",TRUE
"POP5","51367",TRUE
"ENGASE","64772",TRUE
"RBFOX3","146713",TRUE
"ATP5MG","10632",TRUE
"TBC1D16","125058",TRUE
"TEPSIN","146705",TRUE
"MYO5B","4645",TRUE
"ART5","116969",TRUE
"ACAA2","10449",TRUE
"STIM1","6786",TRUE
"RRM1","6240",TRUE
"OR51E2","81285",TRUE
"TRIM68","55128",TRUE
"OR51B5","282763",TRUE
"FN3K","64122",TRUE
"PRRT2","112476",TRUE
"ZNF23","7571",TRUE
"IRGQ","126298",TRUE
"ZNF226","7769",TRUE
"ZNF180","7733",TRUE
"PPP2R3B","28227",TRUE
"ZNF668","79759",TRUE
"ZNF646","9726",TRUE
"VKORC1","79001",TRUE
"LPO","4025",TRUE
"CA4","762",TRUE
"SMG8","55181",TRUE
"TPM4","7171",TRUE
"RAB8A","4218",TRUE
"GPX4","2879",TRUE
"MIDN","90007",TRUE
"JSRP1","126306",TRUE
"NIBAN3","199786",TRUE
"KLHL26","55295",TRUE
"GATAD2A","54815",TRUE
"MVD","4597",TRUE
"CDT1","81620",TRUE
"TRAPPC2L","51693",TRUE
"ANKRD11","29123",TRUE
"SPATA33","124045",TRUE
"RSKR","124923",TRUE
"PROCA1","147011",TRUE
"RPL13","6137",TRUE
"ZNF641","121274",TRUE
"LALBA","3906",TRUE
"CACNB3","784",TRUE
"DHRS13","147015",TRUE
"TP53I13","90313",TRUE
"KMT2D","8085",TRUE
"CORO6","84940",TRUE
"RHEBL1","121268",TRUE
"TUBA1A","7846",TRUE
"TUBA1C","84790",TRUE
"ZNF610","162963",TRUE
"ZNF528","84436",TRUE
"ZNF701","55762",TRUE
"SERTAD3","29946",TRUE
"NCKAP5L","57701",TRUE
"RAB4B","53916",TRUE
"GPD1","2819",TRUE
"PROSER3","148137",TRUE
"CYP2S1","29785",TRUE
"AXL","558",TRUE
"NFKBID","84807",TRUE
"TMC4","147798",TRUE
"LAIR1","3903",TRUE
"TTYH1","57348",TRUE
"LENG8","114823",TRUE
"CDC42EP5","148170",TRUE
"TMEM145","284339",TRUE
"ZNF526","116115",TRUE
"TRAPPC9","83696",TRUE
"KIR3DL1","3811",TRUE
"ZNF146","7705",TRUE
"ZNF283","284349",TRUE
"PPP1R14A","94274",TRUE
"SPINT2","10653",TRUE
"C19orf33","64073",TRUE
"YIF1B","90522",TRUE
"DNAAF3","352909",TRUE
"PSCA","8000",TRUE
"ATCAY","85300",TRUE
"LY6D","8581",TRUE
"DAPK3","1613",TRUE
"EEF2","1938",TRUE
"TMIGD2","126259",TRUE
"CHAF1A","10036",TRUE
"UBXN6","80700",TRUE
"HDGFL2","84717",TRUE
"PLIN4","729359",TRUE
"SEMA6B","10501",TRUE
"ZNF444","55311",TRUE
"NXN","64359",TRUE
"TLCD3A","79850",TRUE
"GLOD4","51031",TRUE
"MFSD3",NA,FALSE
"GPT","2875",TRUE
"KIFC2","90990",TRUE
"SLC43A2","124935",TRUE
"RILP","83547",TRUE
"SERPINF2","5345",TRUE
"WDR81","124997",TRUE
"SRR","63826",TRUE
"TSR1","55720",TRUE
"TRPV3","162514",TRUE
"HSD11B1L","374875",TRUE
"CYB5D2","124936",TRUE
"GGT6","124975",TRUE
"KLK1","3816",TRUE
"KLK4","9622",TRUE
"KLK2","3817",TRUE
"KLK5","25818",TRUE
"KLK6","5653",TRUE
"KLK11","11012",TRUE
"KLK13","26085",TRUE
"ZNF83","55769",TRUE
"KRT80","144501",TRUE
"KRT1","3848",TRUE
"ACER1","125981",TRUE
"OTUB1","55611",TRUE
"RCOR2","283248",TRUE
"ANGPTL4","51129",TRUE
"CD320","51293",TRUE
"SPRYD3","84926",TRUE
"IGFBP6","3489",TRUE
"SOAT2","8435",TRUE
"ZNF558","148156",TRUE
"NDUFV1","4723",TRUE
"CDK2AP2","10263",TRUE
"NUDT8","254552",TRUE
"TBX10","347853",TRUE
"PRDX2","7001",TRUE
"ZNF232","7775",TRUE
"MIS12","79003",TRUE
"HID1","283987",TRUE
"MRPL58","3396",TRUE
"ATP5PD","10476",TRUE
"TMEM88","92162",TRUE
"EVPL","2125",TRUE
"SRP68","6730",TRUE
"MGAT5B","146664",TRUE
"TMC8","147138",TRUE
"TK1","7083",TRUE
"TMEM68","137695",TRUE
"GSDMA","284110",TRUE
"KRT24","192666",TRUE
"GHDC","84514",TRUE
"FAM234A","83986",TRUE
"SOST","50964",TRUE
"ZNF598","90850",TRUE
"RAB26","25837",TRUE
"MLST8","64223",TRUE
"E4F1","1877",TRUE
"DNASE1L2","1775",TRUE
"ECI1","1632",TRUE
"CASKIN1","57524",TRUE
"ABCA3","21",TRUE
"KCTD5","54442",TRUE
"SRRM2","23524",TRUE
"ZNF597","146434",TRUE
"SDHAF2","54949",TRUE
"DDB1","1642",TRUE
"VPS37C","55048",TRUE
"VWCE","220001",TRUE
"RAB3IL1","5866",TRUE
"BEST1","7439",TRUE
"FTH1","2495",TRUE
"BSCL2","26580",TRUE
"POLR2G","5436",TRUE
"SLC3A2","6520",TRUE
"PLAAT5","117245",TRUE
"SPINDOC","144097",TRUE
"ATG16L2","89849",TRUE
"C2CD3","26005",TRUE
"TRANK1","9881",TRUE
"TTC21A","199223",TRUE
"RPSA","3921",TRUE
"ENTPD3","956",TRUE
"CTNNB1","1499",TRUE
"ULK4","54986",TRUE
"FADD","8772",TRUE
"LTBP3","4054",TRUE
"NAALADL1","10004",TRUE
"SAC3D1","29901",TRUE
"BATF2","116071",TRUE
"SF1","7536",TRUE
"MAP4K2","5871",TRUE
"CCDC88B","283234",TRUE
"SCARA3","51435",TRUE
"PBK","55872",TRUE
"SCARA5","286133",TRUE
"PNOC","5368",TRUE
"COPS6","10980",TRUE
"PAFAH1B2","5049",TRUE
"ANKS3","124401",TRUE
"NUDT16L1","84309",TRUE
"KIAA1586","57691",TRUE
"RAB4A","5867",TRUE
"OR1F1","4992",TRUE
"KCNJ4","3761",TRUE
"SETD5","55209",TRUE
"VASN","114990",TRUE
"FAM83B","222584",TRUE
"THAP9","79725",TRUE
"RNF187","149603",TRUE
"HOOK3","84376",TRUE
"MAPK1IP1L","93487",TRUE
"DDIT4","54541",TRUE
"RBPJ","3516",TRUE
"LMBRD1","55788",TRUE
"ZCCHC4","29063",TRUE
"PTGDR","5729",TRUE
"TTC39C","125488",TRUE
"GLYCTK","132158",TRUE
"GNG4","2786",TRUE
"UBTD2","92181",TRUE
"POLR2J3","548644",TRUE
"NKIRAS2","28511",TRUE
"DNAJC7","7266",TRUE
"IRF2BP2","359948",TRUE
"NT5DC2","64943",TRUE
"FOXI1","2299",TRUE
"UQCC5","440957",TRUE
"COA6","388753",TRUE
"KIF5C","3800",TRUE
"MGAT2","4247",TRUE
"BMI1","648",TRUE
"THAP11","57215",TRUE
"MMADHC","27249",TRUE
"PDHB","5162",TRUE
"PXK","54899",TRUE
"H1-4","3008",TRUE
"PCMTD1","115294",TRUE
"KCTD6","200845",TRUE
"MPLKIP","136647",TRUE
"ACOX2","8309",TRUE
"FAM107A","11170",TRUE
"IRF2","3660",TRUE
"CX3CR1","1524",TRUE
"DEGS2","123099",TRUE
"ARF4","378",TRUE
"SEPTIN2","4735",TRUE
"FILIP1L","11259",TRUE
"MFSD2A","84879",TRUE
"DTYMK","1841",TRUE
"TAP1","6890",TRUE
"ING5","84289",TRUE
"ATG4B","23192",TRUE
"BDKRB2","624",TRUE
"MLKL","197259",TRUE
"RFWD3","55159",TRUE
"MTNR1A","4543",TRUE
"RHOH","399",TRUE
"KLHL30","377007",TRUE
"COG7","91949",TRUE
"CDC40","51362",TRUE
"STIP1","10963",TRUE
"SCNN1B","6338",TRUE
"HR","55806",TRUE
"RAB31","11031",TRUE
"REEP4","80346",TRUE
"TNXB","7148",TRUE
"SFTPC","6440",TRUE
"BMP1","649",TRUE
"ATXN2L","11273",TRUE
"PHYHIP","9796",TRUE
"CCDC110","256309",TRUE
"POLR3D","661",TRUE
"FEN1","2237",TRUE
"CAVIN2","8436",TRUE
"MTCL1","23255",TRUE
"GBX2","2637",TRUE
"SCGB1D1","10648",TRUE
"HEXIM2","124790",TRUE
"FNTA","2339",TRUE
"SERINC2","347735",TRUE
"TRAPPC11","60684",TRUE
"CHRM1","1128",TRUE
"COL3A1","1281",TRUE
"GFRA2","2675",TRUE
"ING2","3622",TRUE
"CDKN2AIP","55602",TRUE
"SNRNP48","154007",TRUE
"TMEM223","79064",TRUE
"SLC20A2","6575",TRUE
"DYNLRB2","83657",TRUE
"TMUB2","79089",TRUE
"STAT3","6774",TRUE
"ZSWIM1","90204",TRUE
"ADAM9","8754",TRUE
"GDNF","2668",TRUE
"AXIN2","8313",TRUE
"NDUFS5","4725",TRUE
"VWA3B","200403",TRUE
"ZNF30","90075",TRUE
"UGT3A2","167127",TRUE
"LRATD2","157638",TRUE
"LDLRAD4","753",TRUE
"KCTD19","146212",TRUE
"SLC16A4","9122",TRUE
"IL7R","3575",TRUE
"TMEM208","29100",TRUE
"LRP1B","53353",TRUE
"WFDC12","128488",TRUE
"AHCYL1","10768",TRUE
"DNAJC21","134218",TRUE
"PKIG","11142",TRUE
"NPNT","255743",TRUE
"FAM178B","51252",TRUE
"SEMA4C","54910",TRUE
"CNNM3","26505",TRUE
"GSTM4","2948",TRUE
"TET2","54790",TRUE
"CXXC4","80319",TRUE
"TCTN2","79867",TRUE
"SHOX2","6474",TRUE
"PPIP5K1","9677",TRUE
"TSPAN5","10098",TRUE
"ABHD15","116236",TRUE
"ZBTB5","9925",TRUE
"CHTF8","54921",TRUE
"ADAL",NA,FALSE
"LCMT2","9836",TRUE
"SNTB2","6645",TRUE
"IL12A","3592",TRUE
"ZNF507","22847",TRUE
"STX18","53407",TRUE
"NSG1","27065",TRUE
"ZBTB49","166793",TRUE
"GFM1","85476",TRUE
"OR13J1","392309",TRUE
"HTR1E","3354",TRUE
"FSTL5","56884",TRUE
"DDX19A","55308",TRUE
"ATOH8","84913",TRUE
"ANKRD49","54851",TRUE
"USP39","10713",TRUE
"TNIP2","79155",TRUE
"C2orf68","388969",TRUE
"TMEM150A","129303",TRUE
"RNF181","51255",TRUE
"VAMP5","10791",TRUE
"LRRC28","123355",TRUE
"MAT2A","4144",TRUE
"PLA2G4F","255189",TRUE
"ENHO","375704",TRUE
"ZNF608","57507",TRUE
"SLC35G2","80723",TRUE
"INPP5D","3635",TRUE
"LETM1","3954",TRUE
"CTRB1","1504",TRUE
"CTRB2","440387",TRUE
"TRIM49","57093",TRUE
"TMEM129","92305",TRUE
"PPIC","5480",TRUE
"SPRY3","10251",TRUE
"CEP120","153241",TRUE
"STXBP6","29091",TRUE
"MFF","56947",TRUE
"LGALS9","3965",TRUE
"CPLX1","10815",TRUE
"PXDC1","221749",TRUE
"E2F6","1876",TRUE
"FEM1B","10116",TRUE
"COMMD8","54951",TRUE
"ATP5ME","521",TRUE
"UQCRFS1","7386",TRUE
"SLC49A3","84179",TRUE
"COL4A3","1285",TRUE
"MAP2K1","5604",TRUE
"KLK7","5650",TRUE
"HNRNPH1","3187",TRUE
"IRS1","3667",TRUE
"MECP2","4204",TRUE
"VCX3A","51481",TRUE
"UPF3A","65110",TRUE
"ZBBX","79740",TRUE
"ACTBL2","345651",TRUE
"ROR2","4920",TRUE
"AR","367",TRUE
"DHRSX","207063",TRUE
"VXN","254778",TRUE
"HSPBAP1","79663",TRUE
"ASMTL","8623",TRUE
"SLC25A6","293",TRUE
"CHST14","113189",TRUE
"PARM1","25849",TRUE
"CSNK1G1","53944",TRUE
"FAM110B","90362",TRUE
"ODAD2","55130",TRUE
"AFAP1L2","84632",TRUE
"ZNF354A","6940",TRUE
"ATF5","22809",TRUE
"UBE2V2","7336",TRUE
"ZBTB43","23099",TRUE
"CPT1C","126129",TRUE
"PCSK9","255738",TRUE
"XPO6","23214",TRUE
"GSG1L","146395",TRUE
"MN1","4330",TRUE
"APEX2","27301",TRUE
"NSMCE1","197370",TRUE
"CCDC126","90693",TRUE
"NPIPB12","440353",TRUE
"RAB3B","5865",TRUE
"CD2BP2","10421",TRUE
"RSPO1","284654",TRUE
"RGS14","10636",TRUE
"TBC1D10B","26000",TRUE
"LMAN2","10960",TRUE
"RAB24","53917",TRUE
"PRELID1","27166",TRUE
"THBS3","7059",TRUE
"CA5B","11238",TRUE
"SLC50A1","55974",TRUE
"EFNA1","1942",TRUE
"CXCL10","3627",TRUE
"NPIPB3","23117",TRUE
"SH3TC2","79628",TRUE
"CXCL11","6373",TRUE
"ZRSR2","8233",TRUE
"NMD3","51068",TRUE
"ADRB2","154",TRUE
"B3GALNT1","8706",TRUE
"GPRIN1","114787",TRUE
"HSPB3","8988",TRUE
"KCNAB1","7881",TRUE
"MRPL1","65008",TRUE
"SHE","126669",TRUE
"NR0B1","190",TRUE
"PGM2","55276",TRUE
"STK32A","202374",TRUE
"IL1RAPL1","11141",TRUE
"OR5AU1","390445",TRUE
"MINAR1","23251",TRUE
"GP2","2813",TRUE
"SLC33A1","9197",TRUE
"SNUPN","10073",TRUE
"CRADD","8738",TRUE
"SIN3A","25942",TRUE
"ARL13B","200894",TRUE
"RNASE2","6036",TRUE
"PTK2","5747",TRUE
"RSPH10B2","728194",TRUE
"PTAFR","5724",TRUE
"PTPN9","5780",TRUE
"RNASE6","6039",TRUE
"NPR1","4881",TRUE
"KCNK9","51305",TRUE
"CXCL8","3576",TRUE
"SCN9A","6335",TRUE
"RASSF6","166824",TRUE
"COL22A1","169044",TRUE
"SDC2","6383",TRUE
"CD52","1043",TRUE
"MMGT1","93380",TRUE
"SPRR1B","6699",TRUE
"SPRR1A","6698",TRUE
"TM2D2","83877",TRUE
"HTRA4","203100",TRUE
"PLEKHA2","59339",TRUE
"CLIC4","25932",TRUE
"SLC38A11","151258",TRUE
"CRCT1","54544",TRUE
"CCDC8","83987",TRUE
"METTL15","196074",TRUE
"ZNF280A","129025",TRUE
"MUC15","143662",TRUE
"ZEB2","9839",TRUE
"GJB1","2705",TRUE
"PCBP1","5093",TRUE
"HINT1","3094",TRUE
"DTWD2","285605",TRUE
"CLIC3","9022",TRUE
"INO80E","283899",TRUE
"BNC1","646",TRUE
"DFFB","1677",TRUE
"NFU1","27247",TRUE
"ANTXR1","84168",TRUE
"GKN1","56287",TRUE
"CKAP2L","150468",TRUE
"C15orf40","123207",TRUE
"RAMAC","83640",TRUE
"APLF","200558",TRUE
"BOLA2B","654483",TRUE
"RGPD8","727851",TRUE
"HIC2","23119",TRUE
"LUZP1","7798",TRUE
"HEXD","284004",TRUE
"BUB1","699",TRUE
"SPNS1","83985",TRUE
"LRRC45","201255",TRUE
"CHRNA5","1138",TRUE
"CENPX","201254",TRUE
"AGPAT2","10555",TRUE
"ASPSCR1","79058",TRUE
"FASN","2194",TRUE
"CNBP","7555",TRUE
"MT1E","4493",TRUE
"DUS1L","64118",TRUE
"GPS1","2873",TRUE
"RFNG","5986",TRUE
"DCXR","51181",TRUE
"ZNF32","7580",TRUE
"LDB2","9079",TRUE
"RAC3","5881",TRUE
"NRG4","145957",TRUE
"LIMS1","3987",TRUE
"TMEM266","123591",TRUE
"NLGN1","22871",TRUE
"TAPT1","202018",TRUE
"UGP2","7360",TRUE
"LINGO1","84894",TRUE
"HNRNPF","3185",TRUE
"BTD","686",TRUE
"CSGALNACT2","55454",TRUE
"TACR3","6870",TRUE
"GSX1","219409",TRUE
"PCDH7","5099",TRUE
"ROBO1","6091",TRUE
"ONECUT1","3175",TRUE
"AVEN","57099",TRUE
"P2RY1","5028",TRUE
"CTNND2","1501",TRUE
"TRIM56","81844",TRUE
"WNT10B","7480",TRUE
"CALML6","163688",TRUE
"REPS2","9185",TRUE
"MUC3A","4584",TRUE
"SYAP1","94056",TRUE
"ITGAM","3684",TRUE
"PYDC1","260434",TRUE
"TPST1","8460",TRUE
"TM4SF4","7104",TRUE
"TOR1AIP2","163590",TRUE
"S100G","795",TRUE
"TM4SF1","4071",TRUE
"OTUD3","23252",TRUE
"GUSB","2990",TRUE
"BRD3","8019",TRUE
"KLF13","51621",TRUE
"ZFPM2","23414",TRUE
"ZNF764","92595",TRUE
"ZNF747","65988",TRUE
"ZNF768","79724",TRUE
"TAS1R3","83756",TRUE
"TMEM42","131616",TRUE
"MAP3K2","10746",TRUE
"PUSL1","126789",TRUE
"SF3B5","83443",TRUE
"ZNF35","7584",TRUE
"TIGD4","201798",TRUE
"IFFO2","126917",TRUE
"NLGN2","57555",TRUE
"MYO7B","4648",TRUE
"CHD3","1107",TRUE
"TMEM154","201799",TRUE
"MYRIP","25924",TRUE
"ALCAM","214",TRUE
"YWHAG","7532",TRUE
"UBE2E3","10477",TRUE
"CNTROB","116840",TRUE
"TRAPPC1","58485",TRUE
"ZPLD1","131368",TRUE
"KCNAB3","9196",TRUE
"FAM153A","285596",TRUE
"GPR37L1","9283",TRUE
"SIMC1","375484",TRUE
"TMEM192","201931",TRUE
"NSG2","51617",TRUE
"SPDYE5","442590",TRUE
"SERPINA6","866",TRUE
"ZNF778","197320",TRUE
"NIPA1","123606",TRUE
"FOXD4","2298",TRUE
"GPR25","2848",TRUE
"UBE2E1","7324",TRUE
"HNRNPA3","220988",TRUE
"SIK2","23235",TRUE
"RNF150","57484",TRUE
"CCDC144A","9720",TRUE
"VGLL2","245806",TRUE
"HOXD4","3233",TRUE
"CHRNB1","1140",TRUE
"USP38","84640",TRUE
"SLC16A5","9121",TRUE
"NANP","140838",TRUE
"ANKK1","255239",TRUE
"ADRA1B","147",TRUE
"ADPRM","56985",TRUE
"FABP6","2172",TRUE
"PWWP2A","114825",TRUE
"USP50","373509",TRUE
"USP47","55031",TRUE
"PDCD6IP","10015",TRUE
"ZNF212","7988",TRUE
"MRAP","56246",TRUE
"FAM161A","84140",TRUE
"ZNF282","8427",TRUE
"GLB1","2720",TRUE
"GON7","84520",TRUE
"FAXDC2","10826",TRUE
"CRTAP","10491",TRUE
"HSPB2","3316",TRUE
"C7orf33","202865",TRUE
"SLN","6588",TRUE
"ELP5","23587",TRUE
"CMTM8","152189",TRUE
"GABARAP","11337",TRUE
"LGALS9B","284194",TRUE
"STX8","9482",TRUE
"CDK1","983",TRUE
"UBB","7314",TRUE
"NFRKB","4798",TRUE
"FABP4","2167",TRUE
"FRMPD2","143162",TRUE
"PRDM10","56980",TRUE
"B3GNT2","10678",TRUE
"FOS","2353",TRUE
"TMED10","10972",TRUE
"SETMAR","6419",TRUE
"SMAD1","4086",TRUE
"CST5","1473",TRUE
"CST2","1470",TRUE
"EMX2","2018",TRUE
"CST1","1469",TRUE
"TCAF2","285966",TRUE
"SEMA3E","9723",TRUE
"LRRN2","10446",TRUE
"SLC30A1","7779",TRUE
"DCLK2","166614",TRUE
"ZNF804A","91752",TRUE
"GPRC5C","55890",TRUE
"TMEM182","130827",TRUE
"VSTM2A","222008",TRUE
"KRT8","3856",TRUE
"KRT78","196374",TRUE
"ADORA2B","136",TRUE
"SDR9C7","121214",TRUE
"MGMT","4255",TRUE
"TMT1B","196410",TRUE
"KRT86","3892",TRUE
"HARS1","3035",TRUE
"NFXL1","152518",TRUE
"KRT75","9119",TRUE
"DENND5B","160518",TRUE
"CD14","929",TRUE
"DNAJC18","202052",TRUE
"KRT6C","286887",TRUE
"RIOX1","79697",TRUE
"SPATA24","202051",TRUE
"RALGAPB","57148",TRUE
"PYM1","84305",TRUE
"MZB1","51237",TRUE
"KRT4","3851",TRUE
"SLC23A1","9963",TRUE
"KRT74","121391",TRUE
"NPAS2","4862",TRUE
"KISS1","3814",TRUE
"LONRF2","164832",TRUE
"NUDT9","53343",TRUE
"HSD17B13","345275",TRUE
"PA2G4","5036",TRUE
"COX7B2","170712",TRUE
"ELOVL6","79071",TRUE
"KRT83","3889",TRUE
"PFKFB3","5209",TRUE
"TMC7","79905",TRUE
"ARL6IP1","23204",TRUE
"SERPINB9","5272",TRUE
"SMAGP","57228",TRUE
"IRX1","79192",TRUE
"CDH2","1000",TRUE
"IRX2","153572",TRUE
"EMB","133418",TRUE
"SIX2","10736",TRUE
"DLGAP1","9229",TRUE
"STAT2","6773",TRUE
"NUDCD2","134492",TRUE
"IRF2BP1","26145",TRUE
"HSPA4","3308",TRUE
"FOXA3","3171",TRUE
"COMMD5","28991",TRUE
"SGCD","6444",TRUE
"GTSF1","121355",TRUE
"ZNF16","7564",TRUE
"ARMC10","83787",TRUE
"RNF34","80196",TRUE
"ACYP2","98",TRUE
"TRABD","80305",TRUE
"ATF7","11016",TRUE
"RASA4B","100271927",TRUE
"SOCS6","9306",TRUE
"CAVIN4","347273",TRUE
"OR10A3","26496",TRUE
"ZNF296","162979",TRUE
"HOXB9","3219",TRUE
"TTLL6","284076",TRUE
"POLH","5429",TRUE
"SYT9","143425",TRUE
"KCNS3","3790",TRUE
"KIF5B","3799",TRUE
"GPR37","2861",TRUE
"AKAP13","11214",TRUE
"TPD52L3","89882",TRUE
"CDCA4","55038",TRUE
"SDR16C5","195814",TRUE
"DYDC1","143241",TRUE
"CHCHD7","79145",TRUE
"HTRA3","94031",TRUE
"FOXN2","3344",TRUE
"BFSP2","8419",TRUE
"USP32","84669",TRUE
"CEL","1056",TRUE
"PPM1D","8493",TRUE
"GPR27","2850",TRUE
"MRFAP1L2","93622",TRUE
"PSG6","5675",TRUE
"KBTBD2","25948",TRUE
"RIOX2","84864",TRUE
"TRIAP1","51499",TRUE
"LSM3","27258",TRUE
"KIAA0232","9778",TRUE
"MTSS1","9788",TRUE
"TMEM43","79188",TRUE
"RNF139","11236",TRUE
"RPS9","6203",TRUE
"PLA2G1B","5319",TRUE
"CYTL1","54360",TRUE
"TSEN34","79042",TRUE
"TRH","7200",TRUE
"GSTA4","2941",TRUE
"MSANTD4","84437",TRUE
"NDUFA3","4696",TRUE
"OSCAR","126014",TRUE
"PAQR8","85315",TRUE
"NUDT6","11162",TRUE
"TANC2","26115",TRUE
"PKHD1","5314",TRUE
"NCBP2L","392517",TRUE
"DNAJC24","120526",TRUE
"ZNF160","90338",TRUE
"PGK2","5232",TRUE
"ZNF415","55786",TRUE
"CAVIN3","112464",TRUE
"CEACAM3","1084",TRUE
"DCDC1","341019",TRUE
"HAS2","3037",TRUE
"PDGFD","80310",TRUE
"PLAC1","10761",TRUE
"S1PR1","1901",TRUE
"HS6ST2","90161",TRUE
"PYGO1","26108",TRUE
"LRRC8E","80131",TRUE
"PKIA","5569",TRUE
"XKR6","286046",TRUE
"TSNARE1","203062",TRUE
"FPR1","2357",TRUE
"FEZ2","9637",TRUE
"SOX7","83595",TRUE
"C11orf24","53838",TRUE
"ALK","238",TRUE
"KYAT1","883",TRUE
"MTM1","4534",TRUE
"OBP2B","29989",TRUE
"TRMT61B","55006",TRUE
"INSR","3643",TRUE
"MFN1","55669",TRUE
"HSFX1","100506164",TRUE
"NRTN","4902",TRUE
"KCNMB3","27094",TRUE
"FUT3","2525",TRUE
"KCNG3","170850",TRUE
"ATP6V0E2","155066",TRUE
"PRKCE","5581",TRUE
"JAGN1","84522",TRUE
"TADA3","10474",TRUE
"SOCS5","9655",TRUE
"C1GALT1C1","29071",TRUE
"BBLN","79095",TRUE
"MORN4","118812",TRUE
"ZNF672","79894",TRUE
"ZNF692","55657",TRUE
"NAIF1","203245",TRUE
"RBKS","64080",TRUE
"MUC7","4589",TRUE
"OPRPN","58503",TRUE
"TMEM126A","84233",TRUE
"TMEM126B","55863",TRUE
"TRIM8","81603",TRUE
"NETO2","81831",TRUE
"CSN3","1448",TRUE
"CDC42BPG","55561",TRUE
"SCAND1","51282",TRUE
"JUNB","3726",TRUE
"FAM241B","219738",TRUE
"TMEM37","140738",TRUE
"UGT2B7","7364",TRUE
"LRG1","116844",TRUE
"SHCBP1","79801",TRUE
"SOSTDC1","25928",TRUE
"NPTX1","4884",TRUE
"FAM98B","283742",TRUE
"ZNF439","90594",TRUE
"ZNF440","126070",TRUE
"GAA","2548",TRUE
"CANT1","124583",TRUE
"KCNK3","3777",TRUE
"ZDHHC16","84287",TRUE
"CHST11","50515",TRUE
"EXOSC1","51013",TRUE
"PGAM1","5223",TRUE
"CHD7","55636",TRUE
"ESCO2","157570",TRUE
"KRT19","3880",TRUE
"KRT15","3866",TRUE
"LURAP1","541468",TRUE
"KRT38","8687",TRUE
"CLCN5","1184",TRUE
"TPPP","11076",TRUE
"KCND3","3752",TRUE
"APLN","8862",TRUE
"KRT13","3860",TRUE
"XAGE3","170626",TRUE
"KRT9","3857",TRUE
"PDE7B","27115",TRUE
"MRPL36","64979",TRUE
"ZNF581","51545",TRUE
"NAT1","9",TRUE
"KRT20","54474",TRUE
"GLOD5","392465",TRUE
"KSR2","283455",TRUE
"ZNF524","147807",TRUE
"MCC","4163",TRUE
"KRT27","342574",TRUE
"ZBTB26","57684",TRUE
"CDK5R2","8941",TRUE
"DSEL","92126",TRUE
"POLR1C","9533",TRUE
"ASXL1","171023",TRUE
"DLK2","65989",TRUE
"ZNF562","54811",TRUE
"ZNF318","24149",TRUE
"ZNF561","93134",TRUE
"WIPF2","147179",TRUE
"HOPX","84525",TRUE
"NLRP5","126206",TRUE
"LRRC8C","84230",TRUE
"RSL1D1","26156",TRUE
"LRRC8D","55144",TRUE
"PPID","5481",TRUE
"COL24A1","255631",TRUE
"ETFDH","2110",TRUE
"LPAR3","23566",TRUE
"PTGER4","5734",TRUE
"TBCA","6902",TRUE
"MAP6","4135",TRUE
"ECEL1","9427",TRUE
"BCL2L1","598",TRUE
"FGG","2266",TRUE
"FGA","2243",TRUE
"FGB","2244",TRUE
"PLRG1","5356",TRUE
"ZNF584","201514",TRUE
"DSCAM","1826",TRUE
"CLSTN1","22883",TRUE
"CXXC5","51523",TRUE
"ZNF274","10782",TRUE
"PIK3CD","5293",TRUE
"SLC25A33","84275",TRUE
"ENC1","8507",TRUE
"SPSB1","80176",TRUE
"P2RY6","5031",TRUE
"BPTF","2186",TRUE
"S100Z","170591",TRUE
"ZIK1","284307",TRUE
"PLEKHG5","57449",TRUE
"ATF7IP","55729",TRUE
"LKAAEAR1","198437",TRUE
"RGS19","10287",TRUE
"TCEA2","6919",TRUE
"DEFB4A","1673",TRUE
"ANO5","203859",TRUE
"HDAC3","8841",TRUE
"SPATA46","284680",TRUE
"GPHN","10243",TRUE
"VAT1L","57687",TRUE
"TMEM51","55092",TRUE
"CAMTA1","23261",TRUE
"LGALS4","3960",TRUE
"LRRC34","151827",TRUE
"PAH","5053",TRUE
"AFG2B","79029",TRUE
"GATM","2628",TRUE
"SYCE1","93426",TRUE
"SLFNL1","200172",TRUE
"BCL2","596",TRUE
"RHNO1","83695",TRUE
"CTPS1","1503",TRUE
"KNDC1","85442",TRUE
"METTL18","92342",TRUE
"CFAP46","54777",TRUE
"COL8A2","1296",TRUE
"PWWP2B","170394",TRUE
"ZNF540","163255",TRUE
"FBXL14","144699",TRUE
"EXOSC10","5394",TRUE
"ZNF570","148268",TRUE
"NINJ2","4815",TRUE
"MLLT3","4300",TRUE
"FAM90A1","55138",TRUE
"RRM2","6241",TRUE
"TRAPPC12","51112",TRUE
"IFNB1","3456",TRUE
"RPS21","6227",TRUE
"MRM3","55178",TRUE
"PTEN","5728",TRUE
"RPS7","6201",TRUE
"PRND","23627",TRUE
"RNASEH1","246243",TRUE
"PRNP","5621",TRUE
"KLF17","128209",TRUE
"ADRA1D","146",TRUE
"FRMD5","84978",TRUE
"AQP4","361",TRUE
"CYP4F11","57834",TRUE
"TLN2","83660",TRUE
"LGALS9C","654346",TRUE
"TVP23B","51030",TRUE
"FBXW10","10517",TRUE
"ZNF217","7764",TRUE
"SRGAP2C","653464",TRUE
"SCG2","7857",TRUE
"ATPAF2","91647",TRUE
"CYP4F22","126410",TRUE
"FOXB1","27023",TRUE
"PPIH","10465",TRUE
"DRC3","83450",TRUE
"ZNF57","126295",TRUE
"SHLD1","149840",TRUE
"JMJD1C","221037",TRUE
"SYNPO","11346",TRUE
"ZNF556","80032",TRUE
"MAL","4118",TRUE
"ZNF554","115196",TRUE
"RAB33B","83452",TRUE
"THOP1","7064",TRUE
"GAP43","2596",TRUE
"REG1B","5968",TRUE
"EPHX4","253152",TRUE
"LAMB2","3913",TRUE
"USP19","10869",TRUE
"QARS1","5859",TRUE
"ORMDL3","94103",TRUE
"SERF1A","8293",TRUE
"KLF11","8462",TRUE
"LRRC15","131578",TRUE
"SMN1","6606",TRUE
"EIF2AK3","9451",TRUE
"SPMIP9","200523",TRUE
"MOB3A","126308",TRUE
"KRCC1","51315",TRUE
"NME6","10201",TRUE
"CYCS","54205",TRUE
"CD8B","926",TRUE
"SLFN12","55106",TRUE
"CALB2","794",TRUE
"FRMD3","257019",TRUE
"SNTB1","6641",TRUE
"MTBP","27085",TRUE
"TEFM","79736",TRUE
"MRPL13","28998",TRUE
"MALT1","10892",TRUE
"ISG20","3669",TRUE
"MBOAT1","154141",TRUE
"ID4","3400",TRUE
"GPR22","2845",TRUE
"CXCR6","10663",TRUE
"CEBPB","1051",TRUE
"AZU1","566",TRUE
"PAIP1","10605",TRUE
"CLEC7A","64581",TRUE
"C5orf34","375444",TRUE
"C1QTNF4","114900",TRUE
"NEGR1","257194",TRUE
"ZNF131","7690",TRUE
"MACROD2","140733",TRUE
"DPAGT1","1798",TRUE
"BSG","682",TRUE
"HINFP","25988",TRUE
"CERS6","253782",TRUE
"SPTLC3","55304",TRUE
"COPRS","55352",TRUE
"TP53RK","112858",TRUE
"B3GALT1","8708",TRUE
"CLEC12A","160364",TRUE
"BPGM","669",TRUE
"POP7","10248",TRUE
"ALG14","199857",TRUE
"SUCLG2","8801",TRUE
"STARD5","80765",TRUE
"CSDC2","27254",TRUE
"RCAN2","10231",TRUE
"IL16","3603",TRUE
"ABCG4","64137",TRUE
"GNB2","2783",TRUE
"CFAP53","220136",TRUE
"MCRIP2","84331",TRUE
"C2CD2L","9854",TRUE
"ARNT2","9915",TRUE
"GNG12","55970",TRUE
"PRSS27","83886",TRUE
"MYOZ2","51778",TRUE
"SYNPO2","171024",TRUE
"CLP1","10978",TRUE
"TTC36","143941",TRUE
"RSPH9","221421",TRUE
"COPS9","150678",TRUE
"GTPBP2","54676",TRUE
"FGGY","55277",TRUE
"IL17D","53342",TRUE
"FUT9","10690",TRUE
"TCEAL1","9338",TRUE
"ZNF24","7572",TRUE
"MANEA","79694",TRUE
"RAB40A","142684",TRUE
"MAB21L4","79919",TRUE
"AGXT","189",TRUE
"AFF1","4299",TRUE
"FIBP","9158",TRUE
"CARNS1","57571",TRUE
"BANP","54971",TRUE
"PPP1CA","5499",TRUE
"HCFC1","3054",TRUE
"NIPAL4","348938",TRUE
"MUCL1","118430",TRUE
"SNTG2","54221",TRUE
"PDE3A","5139",TRUE
"RASGRP1","10125",TRUE
"CHCHD1","118487",TRUE
"MRPL52","122704",TRUE
"SMPDL3A","10924",TRUE
"RND1","27289",TRUE
"RAD9A","5883",TRUE
"EFEMP2","30008",TRUE
"OR10AD1","121275",TRUE
"AGAP5","729092",TRUE
"WASHC2C","253725",TRUE
"TMEM134","80194",TRUE
"ZMAT3","64393",TRUE
"ZFAND4","93550",TRUE
"THEMIS","387357",TRUE
"ZNF738","148203",TRUE
"SLFN11","91607",TRUE
"CCL19","6363",TRUE
"CORO1B","57175",TRUE
"FUT10",NA,FALSE
"LRRC20","55222",TRUE
"MUS81","80198",TRUE
"PURG","29942",TRUE
"TMEM217","221468",TRUE
"ZNF596","169270",TRUE
"CFL1","1072",TRUE
"TMCC1","23023",TRUE
"NAA16","79612",TRUE
"EFCAB12","90288",TRUE
"PSME3IP1","80011",TRUE
"RAB43","339122",TRUE
"FADS6","283985",TRUE
"ZNG1A","55871",TRUE
"HOXC5","3222",TRUE
"RAB37","326624",TRUE
"DCP2","167227",TRUE
"SNX32","254122",TRUE
"RPL38","6169",TRUE
"CYP7B1","9420",TRUE
"OVOL1","5017",TRUE
"RARG","5916",TRUE
"CES4A","283848",TRUE
"CES3","23491",TRUE
"SSH3","54961",TRUE
"CES2","8824",TRUE
"PDP2","57546",TRUE
"SP3","6670",TRUE
"KRT2","3849",TRUE
"DMXL1","1657",TRUE
"METAP1D","254042",TRUE
"ZNF621","285268",TRUE
"EGFL7","51162",TRUE
"NADSYN1","55191",TRUE
"DHCR7","1717",TRUE
"LVRN","206338",TRUE
"NBEA","26960",TRUE
"RNASEH2C","84153",TRUE
"MYEOV","26579",TRUE
"ANKRD13D","338692",TRUE
"MRGPRF","116535",TRUE
"MYD88","4615",TRUE
"MRGPRD","116512",TRUE
"OXSR1","9943",TRUE
"PHF8","23133",TRUE
"LCLAT1","253558",TRUE
"ADH6","130",TRUE
"XKR3","150165",TRUE
"KAT5","10524",TRUE
"SH3RF3","344558",TRUE
"GXYLT2","727936",TRUE
"HPSE2","60495",TRUE
"DCAKD","79877",TRUE
"ARPP21","10777",TRUE
"TADA2B","93624",TRUE
"CFAP184","257236",TRUE
"GRK2","156",TRUE
"RELA","5970",TRUE
"EVC2","132884",TRUE
"ZNF680","340252",TRUE
"HECTD4","283450",TRUE
"FAM222B","55731",TRUE
"BNC2","54796",TRUE
"RXFP4","339403",TRUE
"HPSE","10855",TRUE
"COQ2","27235",TRUE
"CCDC63","160762",TRUE
"HSPA6","3310",TRUE
"TRMT112","51504",TRUE
"LRRN3","54674",TRUE
"KDM2A","22992",TRUE
"ADCK5","203054",TRUE
"MRPL57","78988",TRUE
"NOC3L","64318",TRUE
"ESRRA","2101",TRUE
"RHOD","29984",TRUE
"ADAMTS20","80070",TRUE
"COMMD1","150684",TRUE
"RAPH1","65059",TRUE
"MTX1","4580",TRUE
"ADCY5","111",TRUE
"PARP14","54625",TRUE
"CYSLTR1","10800",TRUE
"CKS1B","1163",TRUE
"ABLIM3","22885",TRUE
"MAB21L3","126868",TRUE
"TUBB8B","260334",TRUE
"MFSD4B",NA,FALSE
"VANGL1","81839",TRUE
"GLRX","2745",TRUE
"IQCB1","9657",TRUE
"SYT12","91683",TRUE
"GOLGB1","2804",TRUE
"C11orf86","254439",TRUE
"LIPM","340654",TRUE
"DMRT2","10655",TRUE
"ZNF483","158399",TRUE
"PLAC8L1","153770",TRUE
"SLC2A14","144195",TRUE
"GPR137","56834",TRUE
"SNCG","6623",TRUE
"MMRN2","79812",TRUE
"MZT2A","653784",TRUE
"TNKS","8658",TRUE
"ZNF449","203523",TRUE
"ZBTB21","49854",TRUE
"PPP1R3B","79660",TRUE
"STOX2","56977",TRUE
"MAP3K11","4296",TRUE
"TRIB1","10221",TRUE
"CST9","128822",TRUE
"KCNK7","10089",TRUE
"SFT2D3","84826",TRUE
"NDNF","79625",TRUE
"OLR1","4973",TRUE
"GLIPR1L1","256710",TRUE
"DAG1","1605",TRUE
"INSM1","3642",TRUE
"DAB1","1600",TRUE
"ARV1","64801",TRUE
"NAA20","51126",TRUE
"SAA1","6288",TRUE
"MICOS10","440574",TRUE
"EHBP1L1","254102",TRUE
"THAP2","83591",TRUE
"RNF26","79102",TRUE
"PPP1R14B","26472",TRUE
"ZNRD2","10534",TRUE
"AGR3","155465",TRUE
"SMARCC1","6599",TRUE
"ZNF417","147687",TRUE
"PTPRM","5797",TRUE
"FKBP2","2286",TRUE
"VEGFB","7423",TRUE
"PEAK1","79834",TRUE
"TNFRSF10D","8793",TRUE
"MST1","4485",TRUE
"TNFRSF10C","8794",TRUE
"GMPPB","29925",TRUE
"MOB1B","92597",TRUE
"ZNF622","90441",TRUE
"CSPG4","1464",TRUE
"SNX33","257364",TRUE
"CIMIP2C","339778",TRUE
"NABP1","64859",TRUE
"ADGRF3","165082",TRUE
"CHD2","1106",TRUE
"CCDC106","29903",TRUE
"CEP83","51134",TRUE
"SULT1B1","27284",TRUE
"NUDT4","11163",TRUE
"PC","5091",TRUE
"SCAI","286205",TRUE
"NMNAT1","64802",TRUE
"LRFN4","78999",TRUE
"SLC19A1","6573",TRUE
"HSPB7","27129",TRUE
"RCE1","9986",TRUE
"UQCRH","7388",TRUE
"EIF1AX","1964",TRUE
"SPDYE2B","100310812",TRUE
"BCLAF3","256643",TRUE
"PSMD1","5707",TRUE
"ADGRG2","10149",TRUE
"MUC13","56667",TRUE
"SUSD5","26032",TRUE
"HEG1","57493",TRUE
"WFIKKN2","124857",TRUE
"TOP6BL","79703",TRUE
"TOMM20","9804",TRUE
"SPMIP3","200159",TRUE
"AGFG1","3267",TRUE
"STAT5B","6777",TRUE
"CD7","924",TRUE
"CNP","1267",TRUE
"JUP","3728",TRUE
"HAP1","9001",TRUE
"TDRD12","91646",TRUE
"EIF1","10209",TRUE
"ENDOV","284131",TRUE
"RNF213","57674",TRUE
"TIGD3","220359",TRUE
"KCNH6","81033",TRUE
"MARCHF10","162333",TRUE
"PLK3","1263",TRUE
"NET1","10276",TRUE
"DPY19L1","23333",TRUE
"PHOSPHO1","162466",TRUE
"ZNF791","163049",TRUE
"PHC3","80012",TRUE
"GPR160","26996",TRUE
"CBX2","84733",TRUE
"SPTBN2","6712",TRUE
"GOLIM4","27333",TRUE
"RBM4B","83759",TRUE
"ATP5MK","84833",TRUE
"HOXB2","3212",TRUE
"C1QTNF1","114897",TRUE
"MARCHF3","115123",TRUE
"SWSAP1","126074",TRUE
"SLCO4C1","353189",TRUE
"RBM4","5936",TRUE
"CIMAP3","128344",TRUE
"XXYLT1","152002",TRUE
"UBXN2A","165324",TRUE
"LRRC63","220416",TRUE
"TCAP","8557",TRUE
"CCS","9973",TRUE
"NRROS","375387",TRUE
"CEP19","84984",TRUE
"KLHL15","80311",TRUE
"FBXO45","200933",TRUE
"CBY2","220082",TRUE
"GNG5","2787",TRUE
"SLC25A30","253512",TRUE
"SPATA31G1","138724",TRUE
"CD34","947",TRUE
"CTSF","8722",TRUE
"MSRB3","253827",TRUE
"LEMD3","23592",TRUE
"UQCC4","283951",TRUE
"TLR1","7096",TRUE
"TLR6","10333",TRUE
"FAM174A","345757",TRUE
"RGMB","285704",TRUE
"FAM53A","152877",TRUE
"NWD2","57495",TRUE
"CYB561D1","284613",TRUE
"GSTA3","2940",TRUE
"ZDHHC24","254359",TRUE
"TRMT10C","54931",TRUE
"CTU2","348180",TRUE
"MGA","23269",TRUE
"KICS2","144577",TRUE
"PIGG","54872",TRUE
"PRPF8","10594",TRUE
"ADCY6","112",TRUE
"REP15","387849",TRUE
"PITPNA","5306",TRUE
"DDX23","9416",TRUE
"ZNHIT2","741",TRUE
"ZBTB4","57659",TRUE
"TNK1","8711",TRUE
"ZHX3","23051",TRUE
"PHLDA3","23612",TRUE
"SLC16A11","162515",TRUE
"SLC16A13","201232",TRUE
"GLIS1","148979",TRUE
"CHRNA9","55584",TRUE
"PODN","127435",TRUE
"EXO1","9156",TRUE
"RALGAPA1","253959",TRUE
"LIG4","3981",TRUE
"GTF2IRD2B","389524",TRUE
"ATP2A2","488",TRUE
"ZWILCH","55055",TRUE
"RPL4","6124",TRUE
"SNAPC5","10302",TRUE
"STARD6","147323",TRUE
"C12orf76","400073",TRUE
"ZCCHC12","170261",TRUE
"CNTNAP2","26047",TRUE
"LINGO2","158038",TRUE
"BBS1","582",TRUE
"DENND4A","10260",TRUE
"IGDCC3","9543",TRUE
"GCSAM","257144",TRUE
"ANKRD36C","400986",TRUE
"SLC26A9","115019",TRUE
"MFSD4A",NA,FALSE
"PELI3","246330",TRUE
"MYO1H","283446",TRUE
"TMEM81","388730",TRUE
"MRPL11","65003",TRUE
"IL20RB","53833",TRUE
"GOLT1A","127845",TRUE
"AKIRIN1","79647",TRUE
"NPAS4","266743",TRUE
"MSL2","55167",TRUE
"ZNF497","162968",TRUE
"TRAM1L1","133022",TRUE
"CMKLR1","1240",TRUE
"ANGEL2","90806",TRUE
"UGT8","7368",TRUE
"KY","339855",TRUE
"IQCK","124152",TRUE
"SLCO2A1","6578",TRUE
"ZNF266","10781",TRUE
"SLC29A2","3177",TRUE
"BRSK2","9024",TRUE
"B4GAT1","11041",TRUE
"TMEM167A","153339",TRUE
"SH3PXD2B","285590",TRUE
"RESF1","55196",TRUE
"LARP7","51574",TRUE
"FGFBP3","143282",TRUE
"NR1D2","9975",TRUE
"PABPC5","140886",TRUE
"BRMS1","25855",TRUE
"RPL15","6138",TRUE
"FAM241A","132720",TRUE
"HRAS","3265",TRUE
"SRP72","6731",TRUE
"PCP2","126006",TRUE
"RIN1","9610",TRUE
"ODAPH","152816",TRUE
"THAP6","152815",TRUE
"CEP135","9662",TRUE
"FZD4","8322",TRUE
"CD248","57124",TRUE
"BTC","685",TRUE
"PDZK1","5174",TRUE
"ADGRE1","2015",TRUE
"DENND6A","201627",TRUE
"PDE12","201626",TRUE
"GLMN","11146",TRUE
"DNAH12","201625",TRUE
"YIF1A","10897",TRUE
"CNIH2","254263",TRUE
"AMY1B","277",TRUE
"NDUFA11","126328",TRUE
"RSRC1","51319",TRUE
"RAB1B","81876",TRUE
"PTDSS2","81490",TRUE
"MICOS13","125988",TRUE
"C3orf33","285315",TRUE
"SEZ6L2","26470",TRUE
"ASPHD1","253982",TRUE
"KCTD13","253980",TRUE
"AMZ1","155185",TRUE
"GPR171","29909",TRUE
"CD164L2","388611",TRUE
"FUT1","2523",TRUE
"DHX36","170506",TRUE
"ZIC4","84107",TRUE
"FBXW8","26259",TRUE
"ZG16","653808",TRUE
"KLC2","64837",TRUE
"SLC22A1","6580",TRUE
"TEX36","387718",TRUE
"CTBP2","1488",TRUE
"CHST2","9435",TRUE
"ZDHHC14","79683",TRUE
"ATR","545",TRUE
"UBE2C","11065",TRUE
"GK5","256356",TRUE
"VCPIP1","80124",TRUE
"RTP1","132112",TRUE
"DES","1674",TRUE
"PDIK1L","149420",TRUE
"SPSB4","92369",TRUE
"TRAF6","7189",TRUE
"ZNF654","55279",TRUE
"TVP23C","201158",TRUE
"MRPS22","56945",TRUE
"PACS1","55690",TRUE
"WFDC5","149708",TRUE
"MARCKSL1","65108",TRUE
"SH3BP5L","80851",TRUE
"YPEL2","388403",TRUE
"CADM2","253559",TRUE
"ABO","28",TRUE
"PSMD2","5708",TRUE
"PPM1E","22843",TRUE
"FAM131A","131408",TRUE
"CSRP2","1466",TRUE
"PARL","55486",TRUE
"DDIT3","1649",TRUE
"PCCA","5095",TRUE
"DCTN2","10540",TRUE
"NPPA","4878",TRUE
"ZNF408","79797",TRUE
"CTDSP2","10106",TRUE
"CKAP5","9793",TRUE
"ARHGAP1","392",TRUE
"MED16","10025",TRUE
"ATG13","9776",TRUE
"C1orf127",NA,FALSE
"CHST1","8534",TRUE
"GOLGA8A","23015",TRUE
"VWA3A","146177",TRUE
"TP53I11","9537",TRUE
"CENPS","378708",TRUE
"DOLK","22845",TRUE
"PHYHD1","254295",TRUE
"CATSPER1","117144",TRUE
"CCNE2","9134",TRUE
"PHYKPL","85007",TRUE
"CST6","1474",TRUE
"GRAMD2A","196996",TRUE
"ZNF519","162655",TRUE
"LSM1","27257",TRUE
"BANF1","8815",TRUE
"APOF","319",TRUE
"CHRNA7","1139",TRUE
"TMEM9B","56674",TRUE
"NRIP3","56675",TRUE
"PTPN2","5771",TRUE
"SCUBE2","57758",TRUE
"EIF1AD","84285",TRUE
"SMAD2","4087",TRUE
"EIF3F","8665",TRUE
"ZNF25","219749",TRUE
"ARL10","285598",TRUE
"CLTB","1212",TRUE
"PCSK1","5122",TRUE
"LPL","4023",TRUE
"RFESD","317671",TRUE
"CCDC14","64770",TRUE
"TBC1D10C","374403",TRUE
"SART1","9092",TRUE
"PPP2R2D","55844",TRUE
"MCTP1","79772",TRUE
"POLD4","57804",TRUE
"DPP10","57628",TRUE
"CLCF1","23529",TRUE
"GPR152","390212",TRUE
"UBQLNL","143630",TRUE
"LIPT2","387787",TRUE
"KCNE3","10008",TRUE
"CABP4","57010",TRUE
"ALG10B","144245",TRUE
"DRAP1","10589",TRUE
"LONRF3","79836",TRUE
"UCP3","7352",TRUE
"UCP2","7351",TRUE
"C11orf68","83638",TRUE
"PAAF1","80227",TRUE
"MRPL48","51642",TRUE
"RAB6A","5870",TRUE
"P2RY2","5029",TRUE
"FOSL1","8061",TRUE
"ERCC4","2072",TRUE
"SUGCT","79783",TRUE
"CCDC85B","11007",TRUE
"TMEM70","54968",TRUE
"RPS6KB2","6199",TRUE
"RMI2","116028",TRUE
"TOM1L2","146691",TRUE
"ZNF77","58492",TRUE
"GPR156","165829",TRUE
"MTLN","205251",TRUE
"KDF1","126695",TRUE
"B3GNTL1",NA,FALSE
"MLXIP","22877",TRUE
"NR2F1","7025",TRUE
"AURKAIP1","54998",TRUE
"TTLL11","158135",TRUE
"EIF4E1B","253314",TRUE
"TOMM5","401505",TRUE
"SLC35E3","55508",TRUE
"PRIMA1","145270",TRUE
"ZNF169","169841",TRUE
"RUVBL1","8607",TRUE
"SFN","2810",TRUE
"MSRA","4482",TRUE
"CTDNEP1","23399",TRUE
"ETV4","2118",TRUE
"SWI5","375757",TRUE
"BAIAP2","10458",TRUE
"CALCB","797",TRUE
"CREG2","200407",TRUE
"TMEM270","135886",TRUE
"HOXD8","3234",TRUE
"ZDHHC21","340481",TRUE
"TSPEAR","54084",TRUE
"PLEKHF2","79666",TRUE
"A2M","2",TRUE
"ARL4D","379",TRUE
"DOK7","285489",TRUE
"LRRN1","57633",TRUE
"UBE2O","63893",TRUE
"ORAI3","93129",TRUE
"KLHL38","340359",TRUE
"UNC119B","84747",TRUE
"DENND2C","163259",TRUE
"PLEKHD1","400224",TRUE
"ASCL3","56676",TRUE
"TUBB6","84617",TRUE
"LYSMD3","116068",TRUE
"AMIGO3","386724",TRUE
"B3GALT6","126792",TRUE
"ZNF613","79898",TRUE
"NUPR1","26471",TRUE
"JAKMIP2","9832",TRUE
"MBLAC2","153364",TRUE
"TPRN","286262",TRUE
"SLC35A4","113829",TRUE
"CRYBG2","55057",TRUE
"IP6K1","9807",TRUE
"SSNA1","8636",TRUE
"CSTF3","1479",TRUE
"YES1","7525",TRUE
"CHMP6","79643",TRUE
"UFSP1","402682",TRUE
"MC5R","4161",TRUE
"TMEM39A","55254",TRUE
"TCP11L1","55346",TRUE
"GPX2","2877",TRUE
"CCDC57","284001",TRUE
"FOXG1","2290",TRUE
"SPHK1","8877",TRUE
"BNIP3","664",TRUE
"MYPOP","339344",TRUE
"CIDEA","1149",TRUE
"LRRTM4","80059",TRUE
"ATAD5","79915",TRUE
"SMIM19","114926",TRUE
"ZNF404","342908",TRUE
"RTTN","25914",TRUE
"ACBD7","414149",TRUE
"ANAPC2","29882",TRUE
"ZBTB8OS","339487",TRUE
"SLC35G1","159371",TRUE
"ZNF135","7694",TRUE
"COX8A","1351",TRUE
"TAC4","255061",TRUE
"ZSCAN2","54993",TRUE
"PRR18","285800",TRUE
"B3GNT4","79369",TRUE
"CDC26","246184",TRUE
"HSD11B2","3291",TRUE
"CRLF3","51379",TRUE
"RNPEP","6051",TRUE
"EID2","163126",TRUE
"DMRTA1","63951",TRUE
"EID2B","126272",TRUE
"GJC3","349149",TRUE
"RIMS2","9699",TRUE
"KCMF1","56888",TRUE
"DNAJC30","84277",TRUE
"SPRYD4","283377",TRUE
"VPS37D","155382",TRUE
"SYNE3","161176",TRUE
"CLK2","1196",TRUE
"LPCAT4","254531",TRUE
"SLCO3A1","28232",TRUE
"ZNF575","284346",TRUE
"WDR25","79446",TRUE
"SGF29","112869",TRUE
"PLAAT3","11145",TRUE
"DIRAS1","148252",TRUE
"PHLDB3","653583",TRUE
"PRR15","222171",TRUE
"GNG7","2788",TRUE
"USF3","205717",TRUE
"CNTD1","124817",TRUE
"DCAF4L2","138009",TRUE
"KBTBD11","9920",TRUE
"B3GNT5","84002",TRUE
"LMNB2","84823",TRUE
"RMDN1","51115",TRUE
"MEX3C","51320",TRUE
"RNF152","220441",TRUE
"MYO1D","4642",TRUE
"FOXL1","2300",TRUE
"LRRC37A","9884",TRUE
"FOXC2","2303",TRUE
"BDNF","627",TRUE
"CCDC121","79635",TRUE
"ACSF3","197322",TRUE
"BOK","666",TRUE
"ZNF843","283933",TRUE
"RBIS","401466",TRUE
"PFN4","375189",TRUE
"CDK5R1","8851",TRUE
"TCERG1L","256536",TRUE
"NCKAP5","344148",TRUE
"MAGEB18","286514",TRUE
"RUFY1","80230",TRUE
"BASP1","10409",TRUE
"DEFB103A","414325",TRUE
"LRRC37A3","374819",TRUE
"VSIG10","54621",TRUE
"IRX5","10265",TRUE
"METRNL","284207",TRUE
"FAM91A1","157769",TRUE
"WSB2","55884",TRUE
"GRIN1","2902",TRUE
"SOX11","6664",TRUE
"TYMS","7298",TRUE
"PXMP2","5827",TRUE
"TCEANC","170082",TRUE
"PNMA1","9240",TRUE
"TCIM","56892",TRUE
"MAMSTR","284358",TRUE
"ANKLE2","23141",TRUE
"C8G","733",TRUE
"FUT2","2524",TRUE
"EFCAB5","374786",TRUE
"GCNT4","51301",TRUE
"MUC20","200958",TRUE
"THAP4","51078",TRUE
"NFATC2IP","84901",TRUE
"LY6H","4062",TRUE
"FIBIN","387758",TRUE
"FAM89B","23625",TRUE
"SHMT1","6470",TRUE
"DPP7","29952",TRUE
"TRIM60","166655",TRUE
"SEC24C","9632",TRUE
"FMR1NB","158521",TRUE
"SMCR8","140775",TRUE
"MTHFR","4524",TRUE
"C19orf18","147685",TRUE
"DEAF1","10522",TRUE
"MTX3","345778",TRUE
"TMEM80","283232",TRUE
"SIX5","147912",TRUE
"FBXO46","23403",TRUE
"ZDHHC13","54503",TRUE
"SLC38A9","153129",TRUE
"ACER2","340485",TRUE
"WDR73","84942",TRUE
"POLE","5426",TRUE
"PHETA2","150368",TRUE
"SCN4B","6330",TRUE
"DSCAML1","57453",TRUE
"RHOG","391",TRUE
"EPS8L2","64787",TRUE
"ZDHHC22","283576",TRUE
"ANO6","196527",TRUE
"ZBTB34","403341",TRUE
"NUDT4B","440672",TRUE
"FAM210A","125228",TRUE
"TALDO1","6888",TRUE
"ULK1","8408",TRUE
"RIMKLA","284716",TRUE
"CLVS1","157807",TRUE
"RPS6KA3","6197",TRUE
"B3GNT8","374907",TRUE
"PUS1","80324",TRUE
"CHD9","80205",TRUE
"SPACA4","171169",TRUE
"GATD1","347862",TRUE
"TRIM72","493829",TRUE
"MAN1B1","11253",TRUE
"KCNA3","3738",TRUE
"FZD8","8325",TRUE
"FBXO39","162517",TRUE
"CLDN22","53842",TRUE
"TOP3A","7156",TRUE
"CASKIN2","57513",TRUE
"ZBTB38","253461",TRUE
"CCDC71","64925",TRUE
"LRRN4CL","221091",TRUE
"TIMM22","29928",TRUE
"HIC1","3090",TRUE
"PPFIA3","8541",TRUE
"MAGEF1","64110",TRUE
"UMODL1","89766",TRUE
"SAMD9L","219285",TRUE
"PAWR","5074",TRUE
"TGIF1","7050",TRUE
"MIEF2","125170",TRUE
"NAP1L5","266812",TRUE
"NIM1K","167359",TRUE
"CD19","930",TRUE
"ERICH5","203111",TRUE
"NR2C2","7182",TRUE
"GPR4","2828",TRUE
"ACOT4","122970",TRUE
"CAVIN1","284119",TRUE
"ARIH2","10425",TRUE
"ZBTB33","10009",TRUE
"ZBED2","79413",TRUE
"VCX2","51480",TRUE
"IRX3","79191",TRUE
"RPRM","56475",TRUE
"SLC25A22","79751",TRUE
"RABEP2","79874",TRUE
"ATOX1","475",TRUE
"TBL1XR1","79718",TRUE
"SAMD12","401474",TRUE
"CD163","9332",TRUE
"C18orf32","497661",TRUE
"PIDD1","55367",TRUE
"ZNF491","126069",TRUE
"RPLP2","6181",TRUE
"HASPIN","83903",TRUE
"JUN","3725",TRUE
"CSTF2T","23283",TRUE
"PGBD5","79605",TRUE
"C12orf54","121273",TRUE
"GBA1","2629",TRUE
"ACAD9","28976",TRUE
"IL17RA","23765",TRUE
"PNPLA2","57104",TRUE
"MBOAT4","619373",TRUE
"AGTRAP","57085",TRUE
"CD163L1","283316",TRUE
"SRRM3","222183",TRUE
"THAP5","168451",TRUE
"CRACR2B","283229",TRUE
"DNAJC28","54943",TRUE
"NAALADL2","254827",TRUE
"CD151","977",TRUE
"POLR2L","5441",TRUE
"FAM20C","56975",TRUE
"NECTIN3","25945",TRUE
"ANXA2R","389289",TRUE
"TMEM94","9772",TRUE
"FLII","2314",TRUE
"SOX12","6666",TRUE
"HNRNPA0","10949",TRUE
"MYOZ1","58529",TRUE
"KCNJ10","3766",TRUE
"CHID1","66005",TRUE
"ZNF620","253639",TRUE
"ZNF518A","9849",TRUE
"TMEM187","8269",TRUE
"SVBP","374969",TRUE
"ZNF619","285267",TRUE
"CCDC184","387856",TRUE
"AP3S1","1176",TRUE
"GRB2","2885",TRUE
"ZBTB41","360023",TRUE
"UBE2N","7334",TRUE
"SPATA31C2","645961",TRUE
"ARL6IP6","151188",TRUE
"ZNF354C","30832",TRUE
"MAMDC4","158056",TRUE
"BET1L","51272",TRUE
"RPS27","6232",TRUE
"RIC8A","60626",TRUE
"IMP3","55272",TRUE
"ASB8","140461",TRUE
"LCN15","389812",TRUE
"CIMAP1B","440836",TRUE
"DPY19L2","283417",TRUE
"C2orf73",NA,FALSE
"GPR150","285601",TRUE
"TSPYL6","388951",TRUE
"LRRC75B","388886",TRUE
"DMAP1","55929",TRUE
"ADAMTSL1","92949",TRUE
"CALHM5","254228",TRUE
"IMPDH2","3615",TRUE
"ALS2CL","259173",TRUE
"MLF1","4291",TRUE
"NDUFAF3","25915",TRUE
"C2orf69","205327",TRUE
"GRAMD1C","54762",TRUE
"STAP2","55620",TRUE
"TSSK6","83983",TRUE
"BOLA1","51027",TRUE
"PDE4DIP","9659",TRUE
"DDX10","1662",TRUE
"GOLGA8Q","727909",TRUE
"PPP1R42","286187",TRUE
"NDUFV2","4729",TRUE
"DALRD3","55152",TRUE
"ZNF114","163071",TRUE
"ZNF518B","85460",TRUE
"AMER3","205147",TRUE
"SPINK6","404203",TRUE
"LCORL","254251",TRUE
"PARD6G","84552",TRUE
"ZNF454","285676",TRUE
"SH2B1","25970",TRUE
"VN1R1","57191",TRUE
"POGLUT3","143888",TRUE
"PLEC","5339",TRUE
"RNF212","285498",TRUE
"PRSS36","146547",TRUE
"ZNF543","125919",TRUE
"GALNT11","63917",TRUE
"WDR6","11180",TRUE
"GEN1","348654",TRUE
"TMPRSS9","360200",TRUE
"AQP11","282679",TRUE
"TMEM11","8834",TRUE
"ZNF354B","117608",TRUE
"KCNG2","26251",TRUE
"SHISA3","152573",TRUE
"CALML3","810",TRUE
"CALML5","51806",TRUE
"ZFAND2A","90637",TRUE
"PLEKHM3","389072",TRUE
"ZNF223","7766",TRUE
"FAM220A","84792",TRUE
"DNAJC22","79962",TRUE
"NEUROG2","63973",TRUE
"CEP295NL","100653515",TRUE
"BEND3","57673",TRUE
"NT5DC1","221294",TRUE
"GLDC","2731",TRUE
"COX14","84987",TRUE
"MCMDC2","157777",TRUE
"TUBAL3","79861",TRUE
"P4HTM","54681",TRUE
"UCN3","114131",TRUE
"DTX3","196403",TRUE
"KLHL11","55175",TRUE
"AMBN","258",TRUE
"CTXN1","404217",TRUE
"SLC25A20","788",TRUE
"CA8","767",TRUE
"EPM2AIP1","9852",TRUE
"ERBB4","2066",TRUE
"MAF","4094",TRUE
"CTNNBIP1","56998",TRUE
"PSAPL1","768239",TRUE
"GTPBP6","8225",TRUE
"ERN1","2081",TRUE
"GPR35","2859",TRUE
"CSRNP3","80034",TRUE
"ZNF713","349075",TRUE
"PARP10","84875",TRUE
"SUZ12","23512",TRUE
"NSUN3","63899",TRUE
"KCTD12","115207",TRUE
"DHFR2","200895",TRUE
"RPP25","54913",TRUE
"GRINA","2907",TRUE
"THBD","7056",TRUE
"COX5A","9377",TRUE
"STX19","415117",TRUE
"ERFE","151176",TRUE
"FAM219B","57184",TRUE
"ZHX2","22882",TRUE
"CPNE7","27132",TRUE
"C5orf46","389336",TRUE
"GDPD4","220032",TRUE
"RIIAD1","284485",TRUE
"MPI","4351",TRUE
"TRIM73","375593",TRUE
"OPLAH","26873",TRUE
"TMEM52","339456",TRUE
"TMEM139","135932",TRUE
"RNF186","54546",TRUE
"EFCAB13","124989",TRUE
"MSC","9242",TRUE
"APOLD1","81575",TRUE
"RFLNA","144347",TRUE
"EXOSC4","54512",TRUE
"DPY19L3","147991",TRUE
"TAF7","6879",TRUE
"ZNF852","285346",TRUE
"FOXE1","2304",TRUE
"PFAS","5198",TRUE
"HYI","81888",TRUE
"CYBC1","79415",TRUE
"LGALS7B","653499",TRUE
"ZNF552","79818",TRUE
"SMIM10L2A","399668",TRUE
"GAK","2580",TRUE
"ZBTB7A","51341",TRUE
"TUFM","7284",TRUE
"ERICH3","127254",TRUE
"RMI1","80010",TRUE
"CTC1","80169",TRUE
"FBXO34","55030",TRUE
"SELENOW","6415",TRUE
"EIF3K","27335",TRUE
"MRFAP1L1","114932",TRUE
"SNX18","112574",TRUE
"AURKB","9212",TRUE
"C14orf39","317761",TRUE
"MRFAP1","93621",TRUE
"C3orf38","285237",TRUE
"KLHDC7A","127707",TRUE
"TMEM107","84314",TRUE
"RRS1","23212",TRUE
"EXOC3L1","283849",TRUE
"TRIML2","205860",TRUE
"RCC2","55920",TRUE
"IGSF22","283284",TRUE
"ZFP42","132625",TRUE
"CCDC89","220388",TRUE
"FAM133A","286499",TRUE
"DPM3","54344",TRUE
"CYC1","1537",TRUE
"PER1","5187",TRUE
"TMTC2","160335",TRUE
"HES7","84667",TRUE
"FARSA","2193",TRUE
"SPTY2D1","144108",TRUE
"C10orf67","256815",TRUE
"SAMD4B","55095",TRUE
"ALOXE3","59344",TRUE
"EDC3","80153",TRUE
"TCAIM","285343",TRUE
"FUCA1","2517",TRUE
"GGN","199720",TRUE
"TMEM125","128218",TRUE
"ZNF664","144348",TRUE
"CALR","811",TRUE
"MAGED1","9500",TRUE
"GVQW3","100506127",TRUE
"LDLRAD3","143458",TRUE
"CDH4","1002",TRUE
"SMCO3","440087",TRUE
"RAD23A","5886",TRUE
"GADD45GIP1","90480",TRUE
"DAND5","199699",TRUE
"TMEM151A","256472",TRUE
"PTPN11","5781",TRUE
"NSUN7","79730",TRUE
"RTL3","203430",TRUE
"FAM156B","727866",TRUE
"WSCD1","23302",TRUE
"RAB39A","54734",TRUE
"CLK3","1198",TRUE
"HLA-DQB1","3119",TRUE
"GATA2","2624",TRUE
"ARID3B","10620",TRUE
"TMEM31","203562",TRUE
"PACS2","23241",TRUE
"ELMOD2","255520",TRUE
"EGR3","1960",TRUE
"CATSPERE","257044",TRUE
"GPC5","2262",TRUE
"VWA1","64856",TRUE
"GEMIN4","50628",TRUE
"FJX1","24147",TRUE
"KLHL28","54813",TRUE
"MKRN3","7681",TRUE
"ZBTB18","10472",TRUE
"C14orf28",NA,FALSE
"ALOX12B","242",TRUE
"SHARPIN","81858",TRUE
"LBX2","85474",TRUE
"DNHD1","144132",TRUE
"SLITRK4","139065",TRUE
"HTR1D","3352",TRUE
"GCC1","79571",TRUE
"LSMEM2","132228",TRUE
"CIITA","4261",TRUE
"ZFPM1","161882",TRUE
"ALOX15B","247",TRUE
"PLD6","201164",TRUE
"GRM8","2918",TRUE
"CDC42EP4","23580",TRUE
"ZBTB42","100128927",TRUE
"LACC1","144811",TRUE
"MAF1","84232",TRUE
"RPRML","388394",TRUE
"ARL14","80117",TRUE
"WDR97","340390",TRUE
"PCED1B","91523",TRUE
"APOBEC3B","9582",TRUE
"PIPOX","51268",TRUE
"FOXS1","2307",TRUE
"ATOH7","220202",TRUE
"CDH5","1003",TRUE
"MYADM","91663",TRUE
"MRGPRX3","117195",TRUE
"MROH1","727957",TRUE
"SERTAD2","9792",TRUE
"AKAP5","9495",TRUE
"NKPD1","284353",TRUE
"GIPC3","126326",TRUE
"RNF227","284023",TRUE
"CITED4","163732",TRUE
"ABCA13","154664",TRUE
"NLRP11","204801",TRUE
"TIGD5","84948",TRUE
"PDXDC1","23042",TRUE
"CFAP276","127003",TRUE
"ZNF154","7710",TRUE
"R3HDM2","22864",TRUE
"B3GNT3","10331",TRUE
"NRXN1","9378",TRUE
"SEPHS2","22928",TRUE
"ZNF784","147808",TRUE
"C14orf119","55017",TRUE
"CCR8","1237",TRUE
"BBS10","79738",TRUE
"FIZ1","84922",TRUE
"PUF60","22827",TRUE
"SSC5D","284297",TRUE
"DCTPP1","79077",TRUE
"ZNF771","51333",TRUE
"TSHZ1","10194",TRUE
"PSTK","118672",TRUE
"SOCS4","122809",TRUE
"PTGR3","284273",TRUE
"ZNF48","197407",TRUE
"C3orf80","401097",TRUE
"ANKRD18A","253650",TRUE
"TMEM86B","255043",TRUE
"OR3A1","4994",TRUE
"SEPTIN1","1731",TRUE
"TRNAU1AP","54952",TRUE
"EXOC3","11336",TRUE
"LYNX1","66004",TRUE
"TH","7054",TRUE
"MED14","9282",TRUE
"FAHD1","81889",TRUE
"TDRP","157695",TRUE
"RCC1","1104",TRUE
"MYL11","29895",TRUE
"F2","2147",TRUE
"PRKRA","8575",TRUE
"ZNRF2","223082",TRUE
"RRH","10692",TRUE
"SLC9A4","389015",TRUE
"ZNF816","125893",TRUE
"FGD6","55785",TRUE
"GPR139","124274",TRUE
"PLD5","200150",TRUE
"OAZ2","4947",TRUE
"PNPLA1","285848",TRUE
"ALX1","8092",TRUE
"CCDC43","124808",TRUE
"KCTD4","386618",TRUE
"MEIOC","284071",TRUE
"FZD2","2535",TRUE
"TIGD2","166815",TRUE
"ITPRID1","223075",TRUE
"HCLS1","3059",TRUE
"MTURN","222166",TRUE
"ZNF609","23060",TRUE
"PAK2","5062",TRUE
"CCDC66","285331",TRUE
"MCFD2","90411",TRUE
"HARBI1","283254",TRUE
"C11orf71","54494",TRUE
"CYP8B1","1582",TRUE
"GAS1","2619",TRUE
"ARHGAP45","23526",TRUE
"ZNF571","51276",TRUE
"GLIPR1L2","144321",TRUE
"MIGA1","374986",TRUE
"KCNE1","3753",TRUE
"NRIP1","8204",TRUE
"ZSCAN4","201516",TRUE
"BHLHA15","168620",TRUE
"RNF182","221687",TRUE
"TSPYL5","85453",TRUE
"H2AC6","8334",TRUE
"EIF2S3B","255308",TRUE
"SKIDA1","387640",TRUE
"H2BC4","8347",TRUE
"MB21D2","151963",TRUE
"SSTR2","6752",TRUE
"ZNF594","84622",TRUE
"PCGF5","84333",TRUE
"SLC47A2","146802",TRUE
"PRF1","5551",TRUE
"MAB21L1","4081",TRUE
"YOD1","55432",TRUE
"TMEM64","169200",TRUE
"CHRM4","1132",TRUE
"SHISA2","387914",TRUE
"S1PR5","53637",TRUE
"CLRN3","119467",TRUE
"GPR157","80045",TRUE
"CHST13","166012",TRUE
"SLC36A4","120103",TRUE
"ZDHHC20","253832",TRUE
"ANKRD30B","374860",TRUE
"OR51E1","143503",TRUE
"ZFP3","124961",TRUE
"ARSJ","79642",TRUE
"HOXC9","3225",TRUE
"MAP3K15","389840",TRUE
"PPA1","5464",TRUE
"HOXC10","3226",TRUE
"PSMG4","389362",TRUE
"BHLHE22","27319",TRUE
"MAP6D1","79929",TRUE
"ZNF443","10224",TRUE
"GREM2","64388",TRUE
"C11orf42","160298",TRUE
"SSR4","6748",TRUE
"CAPS2","84698",TRUE
"ZNF792","126375",TRUE
"CUEDC1","404093",TRUE
"SCRIB","23513",TRUE
"KCTD2","23510",TRUE
"D2HGDH","728294",TRUE
"OXTR","5021",TRUE
"CMTR2","55783",TRUE
"FAM83H","286077",TRUE
"ZNF572","137209",TRUE
"PITPNB","23760",TRUE
"TCEAL8","90843",TRUE
"LRRC57","255252",TRUE
"MRPL14","64928",TRUE
"GPR137C","283554",TRUE
"C1orf105","92346",TRUE
"BBS12","166379",TRUE
"ZFP82","284406",TRUE
"LSMEM1","286006",TRUE
"NQO1","1728",TRUE
"AEN","64782",TRUE
"FKRP","79147",TRUE
"TRAPPC5","126003",TRUE
"RPH3AL","9501",TRUE
"SLC25A42","284439",TRUE
"METTL23","124512",TRUE
"SLC26A11","284129",TRUE
"HIGD1A","25994",TRUE
"MAPK15","225689",TRUE
"EHMT1","79813",TRUE
"ADIPOQ","9370",TRUE
"F2R","2149",TRUE
"ZNF707","286075",TRUE
"MUC16","94025",TRUE
"NPM1","4869",TRUE
"PJA1","64219",TRUE
"DHTKD1","55526",TRUE
"PENK","5179",TRUE
"C4orf50","389197",TRUE
"H2AC25","92815",TRUE
"ZNF746","155061",TRUE
"POLR2A","5430",TRUE
"SLC25A41","284427",TRUE
"TLCD5","219902",TRUE
"FRAT2","23401",TRUE
"TMEM102","284114",TRUE
"TMEM132E","124842",TRUE
"ZNF322","79692",TRUE
"NME9","347736",TRUE
"HEPHL1","341208",TRUE
"LRRC75A","388341",TRUE
"CCL13","6357",TRUE
"DDX60L","91351",TRUE
"SYNE4","163183",TRUE
"OGFOD3","79701",TRUE
"WASHC1","100287171",TRUE
"UTS2R","2837",TRUE
"AATK","9625",TRUE
"DDN","23109",TRUE
"SAGE1","55511",TRUE
"ZNF467","168544",TRUE
"SOX2","6657",TRUE
"ZNF678","339500",TRUE
"TMEM45A","55076",TRUE
"RAP2B","5912",TRUE
"ZBTB2","57621",TRUE
"RNF135","84282",TRUE
"ACBD4","79777",TRUE
"SGSH","6448",TRUE
"FANCB","2187",TRUE
"SETD2","29072",TRUE
"TMIE","259236",TRUE
"MEX3D","399664",TRUE
"OR52D1","390066",TRUE
"MRPS23","51649",TRUE
"FDCSP","260436",TRUE
"GPR135","64582",TRUE
"SLX1B","79008",TRUE
"TNFSF15","9966",TRUE
"ZFP41","286128",TRUE
"PHLDA2","7262",TRUE
"ATG9B","285973",TRUE
"ZNF875","284459",TRUE
"PLAG1","5324",TRUE
"YIPF6","286451",TRUE
"ZBTB20","26137",TRUE
"DIPK2A","205428",TRUE
"MACIR","90355",TRUE
"AMIGO1","57463",TRUE
"GPR3","2827",TRUE
"CIMAP1D","284451",TRUE
"SIAH2","6478",TRUE
"COPG1","22820",TRUE
"ADGRB1","575",TRUE
"SLC9A9","285195",TRUE
"LSM10","84967",TRUE
"RELL1","768211",TRUE
"RFX7","64864",TRUE
"SLC35C1","55343",TRUE
"RNF41","10193",TRUE
"SLC2A4","6517",TRUE
"FTMT","94033",TRUE
"IBA57","200205",TRUE
"CLDN7","1366",TRUE
"ZNF329","79673",TRUE
"ZNF101","94039",TRUE
"OR4C6","219432",TRUE
"C5orf24","134553",TRUE
"ADO","84890",TRUE
"COA4","51287",TRUE
"PRKAG1","5571",TRUE
"GINS3","64785",TRUE
"CCDC149","91050",TRUE
"MRPS11","64963",TRUE
"SNRPE","6635",TRUE
"RTKN2","219790",TRUE
"PNMA8A","55228",TRUE
"CHST15","51363",TRUE
"USH1G","124590",TRUE
"MGAT4C","25834",TRUE
"TRIM49B","283116",TRUE
"IDH2","3418",TRUE
"PTCHD3","374308",TRUE
"TMEM259","91304",TRUE
"GET1","7485",TRUE
"TNRC18","84629",TRUE
"FAM181B","220382",TRUE
"TMEM30B","161291",TRUE
"DEXI","28955",TRUE
"ZNF716","441234",TRUE
"NOP10","55505",TRUE
"FAM89A","375061",TRUE
"KCNIP1","30820",TRUE
"TDRKH","11022",TRUE
"ZNF708","7562",TRUE
"IST1","9798",TRUE
"ERCC6L2","375748",TRUE
"MRPL41","64975",TRUE
"CREB3L2","64764",TRUE
"UNC5C","8633",TRUE
"MRGPRG","386746",TRUE
"TSEN54","283989",TRUE
"RGMA","56963",TRUE
"UBA7","7318",TRUE
"MRPS16","51021",TRUE
"RAD51B","5890",TRUE
"LDOC1","23641",TRUE
"ARL6IP4","51329",TRUE
"EXT1","2131",TRUE
"SHMT2","6472",TRUE
"MOB2","81532",TRUE
"HHIPL1","84439",TRUE
"ATP6AP2","10159",TRUE
"CYB5D1","124637",TRUE
"FAM153B","202134",TRUE
"BACE2","25825",TRUE
"UBE2E2","7325",TRUE
"SYNM","23336",TRUE
"GABRG3","2567",TRUE
"NLRP10","338322",TRUE
"FIGN","55137",TRUE
"IZUMO1","284359",TRUE
"B4GALNT4","338707",TRUE
"AP1S2","8905",TRUE
"C8orf33","65265",TRUE
"DCAF4L1","285429",TRUE
"SPACA6","147650",TRUE
"MBD3L3","653657",TRUE
"ZSCAN22","342945",TRUE
"KCNJ14","3770",TRUE
"FBXL6","26233",TRUE
"C1S","716",TRUE
"GLTPD2","388323",TRUE
"PRAMEF8","391002",TRUE
"LIPF","8513",TRUE
"KBTBD3","143879",TRUE
"YBEY","54059",TRUE
"CLN8","2055",TRUE
"PLCXD1","55344",TRUE
"NXPH4","11247",TRUE
"CACNB4","785",TRUE
"IFNL1","282618",TRUE
"TRAPPC6B","122553",TRUE
"PGBD4","161779",TRUE
"NPLOC4","55666",TRUE
"TEX19","400629",TRUE
"TSHZ2","128553",TRUE
"CAPN12","147968",TRUE
"EXOC7","23265",TRUE
"KPNA2","3838",TRUE
"XKRX","402415",TRUE
"BGN","633",TRUE
"CEP97","79598",TRUE
"LHFPL1","340596",TRUE
"FES","2242",TRUE
"GLRX5","51218",TRUE
"VCF2","90736",TRUE
"CAV3","859",TRUE
"MXRA7","439921",TRUE
"LIMK2","3985",TRUE
"MFSD5",NA,FALSE
"RNASE10","338879",TRUE
"ADI1","55256",TRUE
"RWDD4","201965",TRUE
"SPNS3","201305",TRUE
"SATB1","6304",TRUE
"NXPH3","11248",TRUE
"CSF1R","1436",TRUE
"EPHB3","2049",TRUE
"VCX","26609",TRUE
"EPGN","255324",TRUE
"KRTAP11-1","337880",TRUE
"SNORC","389084",TRUE
"TRAK1","22906",TRUE
"TSPAN10","83882",TRUE
"PLCB1","23236",TRUE
"SKA2","348235",TRUE
"NDN","4692",TRUE
"NTM","50863",TRUE
"TTC3","7267",TRUE
"PPP1R27","116729",TRUE
"BRICD5","283870",TRUE
"GALR2","8811",TRUE
"IGIP","492311",TRUE
"TSKU","25987",TRUE
"CMC4","100272147",TRUE
"ANXA2","302",TRUE
"RGS6","9628",TRUE
"HOXB4","3214",TRUE
"SLC35D3","340146",TRUE
"PAQR7","164091",TRUE
"PAPPA","5069",TRUE
"MAFA","389692",TRUE
"NGRN","51335",TRUE
"GRID1","2894",TRUE
"RPS17","6218",TRUE
"HCAR2","338442",TRUE
"CCDC87","55231",TRUE
"C1orf116","79098",TRUE
"MAGEB17","645864",TRUE
"CRIP2","1397",TRUE
"DDX28","55794",TRUE
"ACBD3","64746",TRUE
"HAPSTR1","29035",TRUE
"PLCXD3","345557",TRUE
"VMO1","284013",TRUE
"ALG12","79087",TRUE
"LCK","3932",TRUE
"GALNT9","50614",TRUE
"COL18A1","80781",TRUE
"RBM10","8241",TRUE
"ADGRG3","222487",TRUE
"GLUD2","2747",TRUE
"TCHHL1","126637",TRUE
"RPL35A","6165",TRUE
"RGS7","6000",TRUE
"SLC25A18","83733",TRUE
"ZNF721","170960",TRUE
"TCEAL7","56849",TRUE
"C11orf54",NA,FALSE
"CEP63","80254",TRUE
"SRPRA","6734",TRUE
"EWSR1","2130",TRUE
"CIMAP1C","161753",TRUE
"HMGN4","10473",TRUE
"SPATA13","221178",TRUE
"GJC1","10052",TRUE
"CNOT10","25904",TRUE
"OR4M2B","118568804",TRUE
"MTA1","9112",TRUE
"ZNF662","389114",TRUE
"CADM1","23705",TRUE
"ZNF320","162967",TRUE
"C12orf60","144608",TRUE
"PYCR1","5831",TRUE
"NAA38","84316",TRUE
"SPNS2","124976",TRUE
"MCEMP1","199675",TRUE
"AP2A2","161",TRUE
"SLC8A1","6546",TRUE
"SLC25A21","89874",TRUE
"PCP4","5121",TRUE
"ABAT","18",TRUE
"SLC25A10","1468",TRUE
"CAMK1D","57118",TRUE
"RGPD6","729540",TRUE
"LYSMD4","145748",TRUE
"WBP2NL","164684",TRUE
"IGSF5","150084",TRUE
"NKX2-5","1482",TRUE
"AFMID","125061",TRUE
"GAS6","2621",TRUE
"FREM3","166752",TRUE
"NEB","4703",TRUE
"BEGAIN","57596",TRUE
"GPC6","10082",TRUE
"ARHGEF37","389337",TRUE
"FAM43B","163933",TRUE
"CSMD1","64478",TRUE
"CALHM3","119395",TRUE
"CEP57L1","285753",TRUE
"RIPPLY3","53820",TRUE
"GPR19","2842",TRUE
"GJD3","125111",TRUE
"RABIF","5877",TRUE
"TMEM119","338773",TRUE
"FANCF","2188",TRUE
"SMDT1","91689",TRUE
"C2CD4C","126567",TRUE
"CHST6","4166",TRUE
"RUVBL2","10856",TRUE
"GDPGP1","390637",TRUE
"CTNNA3","29119",TRUE
"PRR36","80164",TRUE
"OR51B4","79339",TRUE
"PTTG1IP","754",TRUE
"DDX41","51428",TRUE
"ABHD16B","140701",TRUE
"CCDC60","160777",TRUE
"PLGLB1","5343",TRUE
"DAZAP2","9802",TRUE
"CCBE1","147372",TRUE
"SELENOF","9403",TRUE
"MAGEA2B","266740",TRUE
"TMEM121B","27439",TRUE
"ZNF623","9831",TRUE
"EPHA10","284656",TRUE
"CCDC125","202243",TRUE
"REC114","283677",TRUE
"BOLA2","552900",TRUE
"BCOR","54880",TRUE
"JRKL","8690",TRUE
"CABCOCO1","219621",TRUE
"GBP6","163351",TRUE
"BRD10","158358",TRUE
"OVCH2","341277",TRUE
"FHL3","2275",TRUE
"PMCH","5367",TRUE
"TEKTIP1","100128569",TRUE
"CCDC159","126075",TRUE
"RIPK4","54101",TRUE
"NPIPA1","9284",TRUE
"SF3A3","10946",TRUE
"TRIM61","391712",TRUE
"GRIN2A","2903",TRUE
"GTF2H2C","728340",TRUE
"ASB7","140460",TRUE
"TREX2","11219",TRUE
"GPR132","29933",TRUE
"MX2","4600",TRUE
"EP400","57634",TRUE
"MEX3B","84206",TRUE
"TENT5C","54855",TRUE
"COA5","493753",TRUE
"UTP11","51118",TRUE
"PSMG1","8624",TRUE
"PRR14L","253143",TRUE
"KLRC4","8302",TRUE
"ACSM5","54988",TRUE
"SERHL2","253190",TRUE
"PCBP3","54039",TRUE
"SETD3","84193",TRUE
"TNFAIP8L3","388121",TRUE
"ZNRF3","84133",TRUE
"FBXL7","23194",TRUE
"TANGO2","128989",TRUE
"H3C13","653604",TRUE
"SFXN4","119559",TRUE
"FAM167B","84734",TRUE
"MRPL54","116541",TRUE
"ZNF438","220929",TRUE
"HMCES","56941",TRUE
"CCR3","1232",TRUE
"DGCR6","8214",TRUE
"TP53TG3","24150",TRUE
"HOATZ","399949",TRUE
"ZNF530","348327",TRUE
"NDUFB1","4707",TRUE
"MARCHF11","441061",TRUE
"KLHL25","64410",TRUE
"TRMT12",NA,FALSE
"PSG9","5678",TRUE
"CMKLR2","2825",TRUE
"BMP8A","353500",TRUE
"ALYREF","10189",TRUE
"RFLNB","359845",TRUE
"EFHC2","80258",TRUE
"NOG","9241",TRUE
"UPP1","7378",TRUE
"OR4N4","283694",TRUE
"TRIM52","84851",TRUE
"LHFPL6","10186",TRUE
"CMTM4","146223",TRUE
"TMEM50A","23585",TRUE
"ASCL2","430",TRUE
"TBK1","29110",TRUE
"CBX6","23466",TRUE
"MACC1","346389",TRUE
"TBL3","10607",TRUE
"ACP7","390928",TRUE
"KREMEN1","83999",TRUE
"TRAIP","10293",TRUE
"CHEK2","11200",TRUE
"FOXL2","668",TRUE
"AIFM3","150209",TRUE
"KCTD16","57528",TRUE
"B3GALT5","10317",TRUE
"ZNF703","80139",TRUE
"SLC35F3","148641",TRUE
"KCTD8","386617",TRUE
"TUBA8","51807",TRUE
"NPIPA5","100288332",TRUE
"EMILIN3","90187",TRUE
"OLFML1","283298",TRUE
"FAM162B","221303",TRUE
"RBM12B","389677",TRUE
"LIN9","286826",TRUE
"BTBD9","114781",TRUE
"NUDT14","256281",TRUE
"CFAP91","89876",TRUE
"PNMA3","29944",TRUE
"GPR39","2863",TRUE
"FAM3B","54097",TRUE
"ZNF730","100129543",TRUE
"KIRREL1","55243",TRUE
"IQGAP3","128239",TRUE
"CNGA2","1260",TRUE
"TOB2","10766",TRUE
"SCN5A","6331",TRUE
"ARSI","340075",TRUE
"SRARP","149563",TRUE
"NPIPA6","131675794",TRUE
"TTC32","130502",TRUE
"LRRC55","219527",TRUE
"DNAH2","146754",TRUE
"PRKX","5613",TRUE
"KMT5A","387893",TRUE
"KCNH8","131096",TRUE
"SMTN","6525",TRUE
"NPW","283869",TRUE
"COA3","28958",TRUE
"NPB","256933",TRUE
"ST6GALNAC3","256435",TRUE
"PTP4A2","8073",TRUE
"ACTG1","71",TRUE
"TMPRSS2","7113",TRUE
"DENND5A","23258",TRUE
"CTAG1B","1485",TRUE
"DIABLO","56616",TRUE
"VPS33B","26276",TRUE
"TBX1","6899",TRUE
"ADAP2","55803",TRUE
"UQCR10","29796",TRUE
"FAM120C","54954",TRUE
"EIF3C","8663",TRUE
"CLDN5","7122",TRUE
"NIPSNAP1","8508",TRUE
"CNTN2","6900",TRUE
"SPRR4","163778",TRUE
"LRRC51","120356739",TRUE
"KCNQ3","3786",TRUE
"ADRA2C","152",TRUE
"NR2C2AP","126382",TRUE
"C1QTNF12","388581",TRUE
"CRELD2","79174",TRUE
"SCFD2","152579",TRUE
"UBE2F","140739",TRUE
"KCNJ12","3768",TRUE
"GPR173","54328",TRUE
"PPP1R2","5504",TRUE
"TSPYL2","64061",TRUE
"GOLGA6L4","643707",TRUE
"PGP","283871",TRUE
"SNRNP35","11066",TRUE
"IRAK1","3654",TRUE
"CMSS1","84319",TRUE
"OLIG1","116448",TRUE
"PCDH9","5101",TRUE
"ACOT1","641371",TRUE
"OAF","220323",TRUE
"ALDH1A3","220",TRUE
"H2AC20","8338",TRUE
"KCNK12","56660",TRUE
"H2AC21","317772",TRUE
"POU6F1","5463",TRUE
"TM2D3","80213",TRUE
"TSSC4","10078",TRUE
"TACSTD2","4070",TRUE
"PRKD1","5587",TRUE
"CCSER1","401145",TRUE
"ZDHHC23","254887",TRUE
"MROH7","374977",TRUE
"S100A7A","338324",TRUE
"SRPK3","26576",TRUE
"SLIT3","6586",TRUE
"EFNA5","1946",TRUE
"MRGPRE","116534",TRUE
"H1-5","3009",TRUE
"PKP3","11187",TRUE
"MAP7D2","256714",TRUE
"CSF1","1435",TRUE
"COLEC10","10584",TRUE
"ACTRT3","84517",TRUE
"PLA2G6","8398",TRUE
"MAML2","84441",TRUE
"SS18L1","26039",TRUE
"KCND2","3751",TRUE
"TOP1MT","116447",TRUE
"COPB2","9276",TRUE
"THAP7","80764",TRUE
"KNTC1","9735",TRUE
"CCR10","2826",TRUE
"NCMAP","400746",TRUE
"BPIFC","254240",TRUE
"WDR27","253769",TRUE
"TXNRD2","10587",TRUE
"OR56A3","390083",TRUE
"FOXO4","4303",TRUE
"POU3F2","5454",TRUE
"PTP4A3","11156",TRUE
"FOXD4L1","200350",TRUE
"TMEM255B","348013",TRUE
"PROS1","5627",TRUE
"GAST","2520",TRUE
"HDDC3","374659",TRUE
"BEX5","340542",TRUE
"ZFP1","162239",TRUE
"CEND1","51286",TRUE
"C6orf58","352999",TRUE
"DUSP8","1850",TRUE
"SOCS3","9021",TRUE
"SLITRK6","84189",TRUE
"LPAR5","57121",TRUE
"XPOT","11260",TRUE
"STING1","340061",TRUE
"PDE4B","5142",TRUE
"TAFA3","284467",TRUE
"SNN","8303",TRUE
"KCNH7","90134",TRUE
"NELL2","4753",TRUE
"KRBA2",NA,FALSE
"MED12","9968",TRUE
"ZNF93","81931",TRUE
"SEPTIN9","10801",TRUE
"ODF4","146852",TRUE
"FOXD4L4","349334",TRUE
"CDCA2","157313",TRUE
"RALYL","138046",TRUE
"AMER1","139285",TRUE
"ZBTB40","9923",TRUE
"H2BC21","8349",TRUE
"CLDN6","9074",TRUE
"SEPTIN5","5413",TRUE
"EIF4ENIF1","56478",TRUE
"LRRC26","389816",TRUE
"SERINC4","619189",TRUE
"RNLS","55328",TRUE
"APOBR","55911",TRUE
"FAM110C","642273",TRUE
"ATL3","25923",TRUE
"NDUFA12","55967",TRUE
"SMIM10","644538",TRUE
"DYNLT2","6991",TRUE
"UBE2G2","7327",TRUE
"OSBP2","23762",TRUE
"ZBTB7C","201501",TRUE
"APOO","79135",TRUE
"PRR16","51334",TRUE
"TMED9","54732",TRUE
"DRD1","1812",TRUE
"TMEM186","25880",TRUE
"SDR42E1","93517",TRUE
"RBM33","155435",TRUE
"ARMCX2","9823",TRUE
"BTBD6","90135",TRUE
"H1-10","8971",TRUE
"RBM43","375287",TRUE
"SUMO3","6612",TRUE
"IMMP2L","83943",TRUE
"TCEAL2","140597",TRUE
"CLCNKB","1188",TRUE
"DMRTC1B","728656",TRUE
"JAG2","3714",TRUE
"FMNL1","752",TRUE
"NUTM2A","728118",TRUE
"PTRHD1","391356",TRUE
"LCN12","286256",TRUE
"WT1","7490",TRUE
"ZFP90","146198",TRUE
"FAM227A","646851",TRUE
"MUC6","4588",TRUE
"NOC4L","79050",TRUE
"USP18","11274",TRUE
"NDUFA6","4700",TRUE
"SORCS2","57537",TRUE
"TMEM121","80757",TRUE
"TMEM106A","113277",TRUE
"SIVA1","10572",TRUE
"BRI3BP","140707",TRUE
"IFNE","338376",TRUE
"SLC22A10","387775",TRUE
"DGAT1","8694",TRUE
"RFX6","222546",TRUE
"ROBO2","6092",TRUE
"AP3M1","26985",TRUE
"F8","2157",TRUE
"CA13","377677",TRUE
"UBOX5","22888",TRUE
"MAFF","23764",TRUE
"BRF1","2972",TRUE
"LRRC14B","389257",TRUE
"SEMA4B","10509",TRUE
"MROH2A","339766",TRUE
"CIB1","10519",TRUE
"ANKS1B","56899",TRUE
"NELFA","7469",TRUE
"SLC24A3","57419",TRUE
"SGCZ","137868",TRUE
"EFCAB10","100130771",TRUE
"C5orf47","133491",TRUE
"KRT76","51350",TRUE
"FLRT2","23768",TRUE
"INTS5","80789",TRUE
"RPS27L","51065",TRUE
"MANEAL","149175",TRUE
"ADSS1","122622",TRUE
"ANO9","338440",TRUE
"FAF1","11124",TRUE
"MYADML2","255275",TRUE
"FAM43A","131583",TRUE
"NSMCE3","56160",TRUE
"HSF1","3297",TRUE
"C6orf120","387263",TRUE
"PURA","5813",TRUE
"H2BC13","8340",TRUE
"INPP5J","27124",TRUE
"MIXL1","83881",TRUE
"MFSD6L","162387",TRUE
"LRRC37B","114659",TRUE
"DDX51","317781",TRUE
"NOMO2","283820",TRUE
"AQP12B","653437",TRUE
"SIGIRR","59307",TRUE
"NRBP2","340371",TRUE
"IFITM2","10581",TRUE
"TNFAIP2","7127",TRUE
"ZNF445","353274",TRUE
"PGBD2","267002",TRUE
"TCEAL9","51186",TRUE
"RAB11B","9230",TRUE
"PRMT3","10196",TRUE
"GP1BA","2811",TRUE
"PRPF39","55015",TRUE
"MAGEA11","4110",TRUE
"PPIL6","285755",TRUE
"ZNF74","7625",TRUE
"KIAA0825","285600",TRUE
"UBALD2","283991",TRUE
"CDNF","441549",TRUE
"NOTUM","147111",TRUE
"RBM11","54033",TRUE
"GALNT17","64409",TRUE
"ZBTB37","84614",TRUE
"NUPR2","389493",TRUE
"IL3RA","3563",TRUE
"CCDC137","339230",TRUE
"SFTPA2","729238",TRUE
"RGPD2","729857",TRUE
"ARL15","54622",TRUE
"C12orf56","115749",TRUE
"CDK10","8558",TRUE
"SOCS1","8651",TRUE
"TCN2","6948",TRUE
"GAS2L1","10634",TRUE
"ATP6V0A2","23545",TRUE
"PRKN","5071",TRUE
"TEDC1","283643",TRUE
"HS6ST3","266722",TRUE
"HGS","9146",TRUE
"TNFAIP8L1","126282",TRUE
"RAD51D","5892",TRUE
"MAPK11","5600",TRUE
"SP140L","93349",TRUE
"MRPL30","51263",TRUE
"TARS3","123283",TRUE
"SMYD3","64754",TRUE
"TMT1A","25840",TRUE
"IFNLR1","163702",TRUE
"SH3BGR","6450",TRUE
"FAM174B","400451",TRUE
"ZSWIM9","374920",TRUE
"KPNA7","402569",TRUE
"TMEM179B","374395",TRUE
"GPRIN3","285513",TRUE
"KRT6B","3854",TRUE
"PARPBP","55010",TRUE
"STAC3","246329",TRUE
"ROR1","4919",TRUE
"MUC1","4582",TRUE
"FAAP100","80233",TRUE
"IRF7","3665",TRUE
"L3MBTL1","26013",TRUE
"BRCC3","79184",TRUE
"SV2B","9899",TRUE
"FAM131C","348487",TRUE
"LMNTD2","256329",TRUE
"PDE6G","5148",TRUE
"PRKG1","5592",TRUE
"NR2F2","7026",TRUE
"DLK1","8788",TRUE
"TLCD2","727910",TRUE
"LSAMP","4045",TRUE
"AHNAK2","113146",TRUE
"OLFML2A","169611",TRUE
"SP1","6667",TRUE
"MRPL40","64976",TRUE
"INKA1","389119",TRUE
"PDIA2","64714",TRUE
"PCGF3","10336",TRUE
"LMLN","89782",TRUE
"P4HB","5034",TRUE
"PSMD13","5719",TRUE
"PBX1","5087",TRUE
"NDUFA4L2",NA,FALSE
"SHC4","399694",TRUE
"KRT79","338785",TRUE
"ZFP36L1","677",TRUE
"UBE2L3","7332",TRUE
"NTF3","4908",TRUE
"BRWD1","54014",TRUE
"PMEL","6490",TRUE
"SYN3","8224",TRUE
"SNAI3","333929",TRUE
"ZBTB3","79842",TRUE
"LYG2","254773",TRUE
"MORN5","254956",TRUE
"PRAME","23532",TRUE
"MYBL1","4603",TRUE
"MOSMO","730094",TRUE
"DRG1","4733",TRUE
"ANKFY1","51479",TRUE
"YTHDF3","253943",TRUE
"ZNF696","79943",TRUE
"ADARB2","105",TRUE
"NRG3","10718",TRUE
"C11orf87","399947",TRUE
"IFIT1","3434",TRUE
"CXorf38","159013",TRUE
"KCNQ5","56479",TRUE
"ADAMTSL5","339366",TRUE
"MORF4L1","10933",TRUE
"WDR53","348793",TRUE
"DMWD","1762",TRUE
"SLC52A2","79581",TRUE
"PIGP","51227",TRUE
"IKZF1","10320",TRUE
"PCYT2","5833",TRUE
"NAT8L","339983",TRUE
"BCAP31","10134",TRUE
"ARL17A","51326",TRUE
"GNB1L","54584",TRUE
"DNAH14","127602",TRUE
"CCDC190","339512",TRUE
"EVI2B","2124",TRUE
"TMEM210","100505993",TRUE
"NPIPB4","440345",TRUE
"ZNF829","374899",TRUE
"THNSL1","79896",TRUE
"TRIM69","140691",TRUE
"ATP6V0C","527",TRUE
"IFITM1","8519",TRUE
"LAMP1","3916",TRUE
"POMK","84197",TRUE
"C16orf54","283897",TRUE
"KLHDC8B","200942",TRUE
"SETD4","54093",TRUE
"PTCH1","5727",TRUE
"RTN4RL1","146760",TRUE
"CALHM1","255022",TRUE
"RNPC3","55599",TRUE
"ZNF267","10308",TRUE
"IRS2","8660",TRUE
"SPACDR","402573",TRUE
"BICD2","23299",TRUE
"LCE3E","353145",TRUE
"TMLHE","55217",TRUE
"GRK1","6011",TRUE
"SLITRK2","84631",TRUE
"PLK5","126520",TRUE
"RASA3","22821",TRUE
"LRCH3","84859",TRUE
"LEMD1","93273",TRUE
"NDUFA13","51079",TRUE
"ZNF566","84924",TRUE
"ZNF529","57711",TRUE
"ZNF284","342909",TRUE
"DLEU7","220107",TRUE
"TAL2","6887",TRUE
"AIDA","64853",TRUE
"CDIN1","84529",TRUE
"ZPBP2","124626",TRUE
"KRT5","3852",TRUE
"NBPF6","653149",TRUE
"GSAP","54103",TRUE
"AGBL4","84871",TRUE
"CYP2R1","120227",TRUE
"LRRC70","100130733",TRUE
"ANKRD46","157567",TRUE
"PIP5K1C","23396",TRUE
"CYP4F2","8529",TRUE
"ZBTB6","10773",TRUE
"C2orf76","130355",TRUE
"POLR3C","10623",TRUE
"WWOX","51741",TRUE
"CYP4Z1","199974",TRUE
"CENATAC","338657",TRUE
"BCL9L","283149",TRUE
"POLR1D","51082",TRUE
"KIF18B","146909",TRUE
"ZNRF1","84937",TRUE
"FFAR4","338557",TRUE
"BPIFB4","149954",TRUE
"SAPCD2","89958",TRUE
"EDARADD","128178",TRUE
"SLC51B","123264",TRUE
"CYP4F12","66002",TRUE
"MTARC1","64757",TRUE
"SOWAHB","345079",TRUE
"BLOC1S4","55330",TRUE
"LCE1E","353135",TRUE
"ZNF749","388567",TRUE
"MRTFB","57496",TRUE
"ZNF17","7565",TRUE
"KDM4D","55693",TRUE
"GPAT2","150763",TRUE
"TOR3A","64222",TRUE
"GABRA5","2558",TRUE
"PPP1CC","5501",TRUE
"ZNF555","148254",TRUE
"NAP1L3","4675",TRUE
"PRELID2","153768",TRUE
"BACE1","23621",TRUE
"RGS9BP","388531",TRUE
"TMEM212","389177",TRUE
"SLC36A2","153201",TRUE
"THBS2","7058",TRUE
"RXRA","6256",TRUE
"ANKRD37","353322",TRUE
"NUDT17","200035",TRUE
"ZNF75D","7626",TRUE
"CYP4X1","260293",TRUE
"KRT10","3858",TRUE
"GOLGA8R","101059918",TRUE
"CCDC30","728621",TRUE
"NKRF","55922",TRUE
"GLDN","342035",TRUE
"FCAR","2204",TRUE
"KPNA4","3840",TRUE
"TRDN","10345",TRUE
"KRT3","3850",TRUE
"ZNF501","115560",TRUE
"ZNF197","10168",TRUE
"SPATA12","353324",TRUE
"DEFB132","400830",TRUE
"NAP1L2","4674",TRUE
"RPS23","6228",TRUE
"GNG2","54331",TRUE
"BTN3A2","11118",TRUE
"AKAP14","158798",TRUE
"PCLO","27445",TRUE
"KLK12","43849",TRUE
"RGS7BP","401190",TRUE
"INSIG1","3638",TRUE
"MYT1L","23040",TRUE
"ZNF396","252884",TRUE
"TMEM222","84065",TRUE
"CLCNKA","1187",TRUE
"ARHGAP30","257106",TRUE
"SEPTIN10","151011",TRUE
"FAM86B1","85002",TRUE
"CYP4F8","11283",TRUE
"CYP4F3","4051",TRUE
"SMYD4","114826",TRUE
"FOXD2","2306",TRUE
"GPATCH8","23131",TRUE
"CEACAM19","56971",TRUE
"NF2","4771",TRUE
"SMIM29","221491",TRUE
"SPATC1","375686",TRUE
"UBE2H","7328",TRUE
"HPDL","84842",TRUE
"KATNA1","11104",TRUE
"ARAP1","116985",TRUE
"KIF24","347240",TRUE
"PDE2A","5138",TRUE
"CARMIL3","90668",TRUE
"PRG2","5553",TRUE
"PRR5","55615",TRUE
"ZFP91","80829",TRUE
"C17orf58","284018",TRUE
"BCDIN3D","144233",TRUE
"CYP27C1","339761",TRUE
"LYRM7","90624",TRUE
"CFAP73","387885",TRUE
"CCDC73","493860",TRUE
"BCR","613",TRUE
"OR10H1","26539",TRUE
"MPPED1","758",TRUE
"FSCN2","25794",TRUE
"SPIN4","139886",TRUE
"ZNF732","654254",TRUE
"SPIN2B","474343",TRUE
"HYAL3","8372",TRUE
"VSIG10L","147645",TRUE
"ZNF397","84307",TRUE
"ZSCAN30","100101467",TRUE
"TPCN1","53373",TRUE
"TNFRSF4","7293",TRUE
"KRT16","3868",TRUE
"HEXIM1","10614",TRUE
"SELENOV","348303",TRUE
"KRT14","3861",TRUE
"TRABD2A","129293",TRUE
"KRTAP17-1","83902",TRUE
"PDZD7","79955",TRUE
"POFUT2","23275",TRUE
"QRFPR","84109",TRUE
"MAPT","4137",TRUE
"ERCC6L","54821",TRUE
"TMEM17","200728",TRUE
"TNFRSF18","8784",TRUE
"FGF3","2248",TRUE
"C1QL4","338761",TRUE
"RTN4RL2","349667",TRUE
"ZDHHC17","23390",TRUE
"SERPINA11","256394",TRUE
"ZNF395","55893",TRUE
"ZACN","353174",TRUE
"PPARA","5465",TRUE
"TMEM232","642987",TRUE
"CFAP144","440585",TRUE
"EFCAB6","64800",TRUE
"KANK3","256949",TRUE
"EMID1","129080",TRUE
"ESPN","83715",TRUE
"PNLIPRP1","5407",TRUE
"PTRH1","138428",TRUE
"KRTAP21-2","337978",TRUE
"GPR141","353345",TRUE
"TMPRSS6","164656",TRUE
"CYP4A11","1579",TRUE
"TMEM216","51259",TRUE
"RPS19BP1","91582",TRUE
"TMPRSS11A","339967",TRUE
"TMEM262",NA,FALSE
"C3orf70","285382",TRUE
"TEAD1","7003",TRUE
"PLCD1","5333",TRUE
"CCK","885",TRUE
"ENTPD5","957",TRUE
"MITF","4286",TRUE
"HEATR4","399671",TRUE
"NAP1L1","4673",TRUE
"CMC1","152100",TRUE
"SLIT1","6585",TRUE
"LYPD6","130574",TRUE
"AKR1C1","1645",TRUE
"FOXD3","27022",TRUE
"RNF220","55182",TRUE
"SHTN1","57698",TRUE
"ZNF546","339327",TRUE
"TSPYL4","23270",TRUE
"MT1X","4501",TRUE
"GCNT1","2650",TRUE
"SESTD1","91404",TRUE
"FNBP1","23048",TRUE
"DYNC2H1","79659",TRUE
"MAGED4B","81557",TRUE
"BCAM","4059",TRUE
"RSBN1L","222194",TRUE
"WDR86","349136",TRUE
"EPOR","2057",TRUE
"FAM9C","171484",TRUE
"CIDEC","63924",TRUE
"TAF9B","51616",TRUE
"MAGI2","9863",TRUE
"LUZP2","338645",TRUE
"LHFPL3","375612",TRUE
"CHP1","11261",TRUE
"FPR3","2359",TRUE
"C11orf96","387763",TRUE
"KCNJ11","3767",TRUE
"CDHR4","389118",TRUE
"COL4A1","1282",TRUE
"GJA4","2701",TRUE
"PTMA","5757",TRUE
"HSPA14","51182",TRUE
"ATP13A5","344905",TRUE
"SIRT7","51547",TRUE
"PRR27","401137",TRUE
"IFT140","9742",TRUE
"POTEG","404785",TRUE
"AGMO","392636",TRUE
"SBK2","646643",TRUE
"TLR5","7100",TRUE
"USP7","7874",TRUE
"NANOS3","342977",TRUE
"NHLRC1","378884",TRUE
"PLEKHN1","84069",TRUE
"ZNF385C","201181",TRUE
"MAGEH1","28986",TRUE
"TET3","200424",TRUE
"ZNF286A","57335",TRUE
"ISG15","9636",TRUE
"EXD3","54932",TRUE
"LIAT1","400566",TRUE
"ZKSCAN4","387032",TRUE
"RGPD1","400966",TRUE
"DHRS4L2","317749",TRUE
"SAMD11","148398",TRUE
"PERM1","84808",TRUE
"VMAC","400673",TRUE
"HAPLN4","404037",TRUE
"ERC2","26059",TRUE
"B3GLCT","145173",TRUE
"SPRY4","81848",TRUE
"TRPV2","51393",TRUE
"AMTN","401138",TRUE
"C2orf88",NA,FALSE
"TMEM203","94107",TRUE
"SLC18A3","6572",TRUE
"KBTBD12","166348",TRUE
"THSD4","79875",TRUE
"DNAJB13","374407",TRUE
"GABRD","2563",TRUE
"AMY1C","278",TRUE
"TCEA1","6917",TRUE
"NHEJ1","79840",TRUE
"FANCA","2175",TRUE
"SECISBP2","79048",TRUE
"OR52B6","340980",TRUE
"C9orf153","389766",TRUE
"SEMA4D","10507",TRUE
"LIN28B","389421",TRUE
"DIPK1C","125704",TRUE
"DNAH17","8632",TRUE
"MCRS1","10445",TRUE
"TMEM72","643236",TRUE
"FANCM","57697",TRUE
"ZNF70","7621",TRUE
"CARD9","64170",TRUE
"PEAR1","375033",TRUE
"ZFP69B","65243",TRUE
"SOWAHD","347454",TRUE
"ZFP69","339559",TRUE
"HELT","391723",TRUE
"TMEM220","388335",TRUE
"H1-2","3006",TRUE
"PLSCR3","57048",TRUE
"EIF4EBP1","1978",TRUE
"P2RX2","22953",TRUE
"ASCL4","121549",TRUE
"CCDC157","550631",TRUE
"TTC24","164118",TRUE
"PABIR1","116224",TRUE
"PALM3","342979",TRUE
"FYB2","199920",TRUE
"SHISA7","729956",TRUE
"LRRC74B","400891",TRUE
"DMBT1","1755",TRUE
"LCN10","414332",TRUE
"LDLRAD2","401944",TRUE
"C2orf66","401027",TRUE
"OVCH1","341350",TRUE
"ZFTRAF1","50626",TRUE
"COL14A1","7373",TRUE
"DNER","92737",TRUE
"KLHL17","339451",TRUE
"PLA2G2C","391013",TRUE
"ZSCAN23","222696",TRUE
"RINL","126432",TRUE
"TPRG1","285386",TRUE
"MORN2","729967",TRUE
"S100A3","6274",TRUE
"UBQLN2","29978",TRUE
"RILPL1","353116",TRUE
"ZNF490","57474",TRUE
"CLCN1","1180",TRUE
"NRN1L","123904",TRUE
"NWD1","284434",TRUE
"ARL4C","10123",TRUE
"TMEM221","100130519",TRUE
"RAB42","115273",TRUE
"WNT7B","7477",TRUE
"ZFTA","65998",TRUE
"PLA2G4E","123745",TRUE
"GPR89B","51463",TRUE
"MESP2","145873",TRUE
"FAM25A","643161",TRUE
"EYS","346007",TRUE
"C6orf132","647024",TRUE
"MAPK12","6300",TRUE
"NUTM2G","441457",TRUE
"COL4A5","1287",TRUE
"AGRN","375790",TRUE
"NHS","4810",TRUE
"OTOG","340990",TRUE
"CIMIP2A","401565",TRUE
"TMPPE","643853",TRUE
"ZNF626","199777",TRUE
"HEPACAM2","253012",TRUE
"SMTNL2","342527",TRUE
"ZC3H6","376940",TRUE
"LAMTOR4","389541",TRUE
"PRKAR1B","5575",TRUE
"NUTM2B","729262",TRUE
"NCR3LG1","374383",TRUE
"DCUN1D3","123879",TRUE
"POTEE","445582",TRUE
"ZNF793","390927",TRUE
"TUBB4B","10383",TRUE
"AGAP4","119016",TRUE
"COMMD6","170622",TRUE
"PLA2G2A","5320",TRUE
"IL17REL","400935",TRUE
"HYKK","123688",TRUE
"C15orf62","643338",TRUE
"RUFY4","285180",TRUE
"ZNF383","163087",TRUE
"HES4","57801",TRUE
"IGFL1","374918",TRUE
"ZNF669","79862",TRUE
"CENPP","401541",TRUE
"PLSCR1","5359",TRUE
"C3orf62","375341",TRUE
"ZNF559","84527",TRUE
"SBK1","388228",TRUE
"SLC38A3","10991",TRUE
"GTF2F2","2963",TRUE
"CIBAR1","137392",TRUE
"FOCAD","54914",TRUE
"PRR19","284338",TRUE
"ZP3","7784",TRUE
"GPR15LG","387695",TRUE
"H3-5","440093",TRUE
"JAKMIP3","282973",TRUE
"PDCD1","5133",TRUE
"DYNLT4","343521",TRUE
"SELL","6402",TRUE
"CHM","1121",TRUE
"BLOC1S5","63915",TRUE
"CERKL","375298",TRUE
"SLC24A5","283652",TRUE
"IER5L","389792",TRUE
"H2AX","3014",TRUE
"INSC","387755",TRUE
"SERPINA5","5104",TRUE
"ACTMAP","284325",TRUE
"LCTL","197021",TRUE
"NCCRP1","342897",TRUE
"KRTDAP","388533",TRUE
"COL25A1","84570",TRUE
"FAM83G","644815",TRUE
"CFAP77","389799",TRUE
"SRSF10","10772",TRUE
"HBA2","3040",TRUE
"DUSP28","285193",TRUE
"CCDC9B","388115",TRUE
"NBR1","4077",TRUE
"RALGAPA2","57186",TRUE
"NDOR1","27158",TRUE
"FBLL1","345630",TRUE
"NKAIN2","154215",TRUE
"KRTAP1-1","81851",TRUE
"CFAP54","144535",TRUE
"CLN3","1201",TRUE
"FAM72B","653820",TRUE
"ASAH2","56624",TRUE
"SUMO2","6613",TRUE
"NANOS1","340719",TRUE
"HMX3","340784",TRUE
"ZNF177","7730",TRUE
"RTL6","84247",TRUE
"DPYD","1806",TRUE
"S100A16","140576",TRUE
"PTAR1","375743",TRUE
"CC2D2B","387707",TRUE
"SAXO2","283726",TRUE
"RHCE","6006",TRUE
"IDO2","169355",TRUE
"PARVB","29780",TRUE
"SLC4A5","57835",TRUE
"UROS","7390",TRUE
"ZDHHC9","51114",TRUE
"QRFP","347148",TRUE
"DUSP29","338599",TRUE
"SMIM15","643155",TRUE
"OSTN","344901",TRUE
"FAM221A","340277",TRUE
"TMEM120B","144404",TRUE
"FSIP2","401024",TRUE
"RBM34","23029",TRUE
"NOXA1","10811",TRUE
"TMEM198","130612",TRUE
"BCL2L15","440603",TRUE
"FZD9","8326",TRUE
"SPRED3","399473",TRUE
"SKOR1","390598",TRUE
"PRELP","5549",TRUE
"ZNF548","147694",TRUE
"MTF1","4520",TRUE
"SHISA6","388336",TRUE
"TMEM201","199953",TRUE
"NHLRC3","387921",TRUE
"HMX2","3167",TRUE
"ZDHHC11","79844",TRUE
"CALHM6","441168",TRUE
"SLX4","84464",TRUE
"ENTPD8","377841",TRUE
"RPL14","9045",TRUE
"BEND4","389206",TRUE
"FAM78B","149297",TRUE
"ZNF563","147837",TRUE
"FBF1","85302",TRUE
"KLRG2","346689",TRUE
"ASTL","431705",TRUE
"MSL1","339287",TRUE
"LRRK2","120892",TRUE
"GJB3","2707",TRUE
"INSYN2A","642938",TRUE
"TRMT2B","79979",TRUE
"HACD4","401494",TRUE
"CFAP126","257177",TRUE
"FAM120AOS","158293",TRUE
"UTS2B","257313",TRUE
"C9orf152","401546",TRUE
"NOC2L","26155",TRUE
"AADACL3","126767",TRUE
"NELFB","25920",TRUE
"LRRC66","339977",TRUE
"ZNF292","23036",TRUE
"KCTD21","283219",TRUE
"SBSN","374897",TRUE
"ADAT2","134637",TRUE
"ZNF567","163081",TRUE
"NDUFA4",NA,FALSE
"ANKDD1B","728780",TRUE
"ALKBH2","121642",TRUE
"RNFT1","51136",TRUE
"RNF222","643904",TRUE
"CGB5","93659",TRUE
"RELN","5649",TRUE
"FAM111B","374393",TRUE
"APOD","347",TRUE
"H1-0","3005",TRUE
"GAGE2A","729447",TRUE
"LITAF","9516",TRUE
"VSTM1","284415",TRUE
"TMEM120A","83862",TRUE
"ARID2","196528",TRUE
"FAM25G","100133093",TRUE
"SF3B3","23450",TRUE
"IL1RAPL2","26280",TRUE
"BLOC1S3","388552",TRUE
"SP6","80320",TRUE
"ANKRD34B","340120",TRUE
"PLAC9","219348",TRUE
"NKAPL","222698",TRUE
"CLDN4","1364",TRUE
"ZNF573","126231",TRUE
"GRAPL","400581",TRUE
"FAM47E","100129583",TRUE
"JPT1","51155",TRUE
"ZNF527","84503",TRUE
"S100A13","6284",TRUE
"ZNF33A","7581",TRUE
"PCDH18","54510",TRUE
"DCAF8L2","347442",TRUE
"ZNF600","162966",TRUE
"BTBD8","284697",TRUE
"MAOA","4128",TRUE
"C15orf61","145853",TRUE
"TSPYL1","7259",TRUE
"PNRC2","55629",TRUE
"DRICH1","51233",TRUE
"GJB5","2709",TRUE
"FHIT","2272",TRUE
"ALKAL2","285016",TRUE
"ZKSCAN3","80317",TRUE
"FOXR2","139628",TRUE
"RRP7A","27341",TRUE
"LIN54","132660",TRUE
"FAM53B","9679",TRUE
"FAM180A","389558",TRUE
"S100A14","57402",TRUE
"KAZN","23254",TRUE
"SLC35E2B","728661",TRUE
"TOGARAM2","165186",TRUE
"NEMP2","100131211",TRUE
"KIAA0408","9729",TRUE
"GSPT2","23708",TRUE
"C8orf76","84933",TRUE
"CXCL17","284340",TRUE
"HMGB1","3146",TRUE
"MMP23B","8510",TRUE
"SH2D5","400745",TRUE
"ZFP92","139735",TRUE
"RASSF10","644943",TRUE
"GJB4","127534",TRUE
"BLOC1S2","282991",TRUE
"SYCP2","10388",TRUE
"ZNF724","440519",TRUE
"IL1RAP","3556",TRUE
"PTPRT","11122",TRUE
"MYBPC1","4604",TRUE
"PAX5","5079",TRUE
"ZNF676","163223",TRUE
"ZNF699","374879",TRUE
"TDRD7","23424",TRUE
"CFAP119","90835",TRUE
"MATCAP1","653319",TRUE
"HLA-DRB1","3123",TRUE
"MYT1","4661",TRUE
"SERPINA3","12",TRUE
"AKR1C3","8644",TRUE
"SPATS2L","26010",TRUE
"ZNF250","58500",TRUE
"WDSUB1","151525",TRUE
"ZNF79","7633",TRUE
"S100A4","6275",TRUE
"PLEKHG4","25894",TRUE
"FAT4","79633",TRUE
"ZNF681","148213",TRUE
"ACADSB","36",TRUE
"STK40","83931",TRUE
"OR10J1","26476",TRUE
"TMEM63A","9725",TRUE
"CTSE","1510",TRUE
"SEMA4A","64218",TRUE
"HRCT1","646962",TRUE
"MPHOSPH8","54737",TRUE
"GREB1","9687",TRUE
"SIRPB2","284759",TRUE
"ZNF766","90321",TRUE
"RYR1","6261",TRUE
"SRGAP3","9901",TRUE
"FAM217B","63939",TRUE
"TUBB","203068",TRUE
"LCOR","84458",TRUE
"SUPT5H","6829",TRUE
"XPNPEP3","63929",TRUE
"ZNF107","51427",TRUE
"SFTA2","389376",TRUE
"PPIA","5478",TRUE
"ZNF471","57573",TRUE
"ZNF836","162962",TRUE
"ZNF493","284443",TRUE
"GTF2IRD2","84163",TRUE
"GRM7","2917",TRUE
"SUPT3H","8464",TRUE
"NIF3L1","60491",TRUE
"ATP2A1","487",TRUE
"IARS1","3376",TRUE
"POM121","9883",TRUE
"ZBTB44","29068",TRUE
"STK31","56164",TRUE
"CGB7","94027",TRUE
"NLGN3","54413",TRUE
"ZKSCAN7","55888",TRUE
"ZNF729","100287226",TRUE
"CD55","1604",TRUE
"CPNE4","131034",TRUE
"ZNF565","147929",TRUE
"NTNG2","84628",TRUE
"ELAVL3","1995",TRUE
"WDR5","11091",TRUE
"LONP1","9361",TRUE
"TRRAP","8295",TRUE
"NUDT11","55190",TRUE
"SRGAP2B","647135",TRUE
"FUT4","2526",TRUE
"ASB13","79754",TRUE
"ZNF34","80778",TRUE
"ZNF781","163115",TRUE
"ZNF140","7699",TRUE
"INCA1","388324",TRUE
"ZNF774","342132",TRUE
"PTPN1","5770",TRUE
"EVL","51466",TRUE
"SPANXD","64648",TRUE
"THEM5","284486",TRUE
"NOXO1","124056",TRUE
"EPHB4","2050",TRUE
"PRTN3","5657",TRUE
"ZNF765","91661",TRUE
"ZNF124","7678",TRUE
"XRCC6","2547",TRUE
"S100A5","6276",TRUE
"C20orf204","284739",TRUE
"PPP1R26","9858",TRUE
"NBPF4","148545",TRUE
"TSC22D2","9819",TRUE
"NPIPB15","440348",TRUE
"ZNF569","148266",TRUE
"ARMCX4","100131755",TRUE
"YRDC","79693",TRUE
"ZNF777","27153",TRUE
"PIK3R4","30849",TRUE
"ZNF775","285971",TRUE
"ZNF605","100289635",TRUE
"TRAPPC2","6399",TRUE
"RFX8","731220",TRUE
"MYL6B","140465",TRUE
"ZNF799","90576",TRUE
"SIAH1","6477",TRUE
"C20orf96","140680",TRUE
"ESRRG","2104",TRUE
"IPO4","79711",TRUE
"NCOR2","9612",TRUE
"SULT1A1","6817",TRUE
"ARL9","132946",TRUE
"PRPF40A","55660",TRUE
"GDAP2","54834",TRUE
"TCEAL3","85012",TRUE
"ANAPC7","51434",TRUE
"TPK1","27010",TRUE
"SLC6A9","6536",TRUE
"AFAP1","60312",TRUE
"NACA","4666",TRUE
"MYO18A","399687",TRUE
"OR2T3","343173",TRUE
"SPTSSB","165679",TRUE
"BORCS6","54785",TRUE
"MAN2A2","4122",TRUE
"MME","4311",TRUE
"FAM72A","729533",TRUE
"CCDC196","440184",TRUE
"CACNA1H","8912",TRUE
"SULF2","55959",TRUE
"HBG2","3048",TRUE
"LAMA2","3908",TRUE
"PLXNB2","23654",TRUE
"AJAP1","55966",TRUE
"XRCC2","7516",TRUE
"MYO6","4646",TRUE
"MRTFA","57591",TRUE
"MBD3L2B","729458",TRUE
"HDAC2","3066",TRUE
"ZNF782","158431",TRUE
"POTEF","728378",TRUE
"ZNF846","162993",TRUE
"MMP1","4312",TRUE
"UGT2B15","7366",TRUE
"TCF4","6925",TRUE
"WNK3","65267",TRUE
"SDHAF3","57001",TRUE
"HRH1","3269",TRUE
"RABL6","55684",TRUE
"ZNF136","7695",TRUE
"ZKSCAN5","23660",TRUE
"ZNF502","91392",TRUE
"TRAPPC4","51399",TRUE
"IFT70B","150737",TRUE
"SLC30A10","55532",TRUE
"TECPR2","9895",TRUE
"TLR7","51284",TRUE
"ZFP62","643836",TRUE
"ERI2","112479",TRUE
"TOMM7","54543",TRUE
"HSH2D","84941",TRUE
"TRPV1","7442",TRUE
"ZNF33B","7582",TRUE
"ZNF512B","57473",TRUE
"AMZ2","51321",TRUE
"ZNF431","170959",TRUE
"NF1","4763",TRUE
"VKORC1L1","154807",TRUE
"ZNF418","147686",TRUE
"DAPK1","1612",TRUE
"LCE1B","353132",TRUE
"HLA-DQA1","3117",TRUE
"COL27A1","85301",TRUE
"GM2A","2760",TRUE
"H2AC13","8329",TRUE
"CLPSL2","389383",TRUE
"S100A2","6273",TRUE
"ZNF700","90592",TRUE
"CD47","961",TRUE
"TLE1","7088",TRUE
"MAML3","55534",TRUE
"H2AC11","8969",TRUE
"STRN3","29966",TRUE
"ZNF239","8187",TRUE
"SPRR2B","6701",TRUE
"ZSCAN16","80345",TRUE
"MVB12B","89853",TRUE
"ILRUN","64771",TRUE
"POTEI","653269",TRUE
"ADA","100",TRUE
"ARID5A","10865",TRUE
"PPTC7","160760",TRUE
"NHLRC2","374354",TRUE
"H2AC7","3013",TRUE
"ZFP28","140612",TRUE
"CRACDL","343990",TRUE
"ZNG1C","445571",TRUE
"SCN8A","6334",TRUE
"LAMB3","3914",TRUE
"H2BC26","128312",TRUE
"KPNA5","3841",TRUE
"ANKRD36B","57730",TRUE
"ARHGEF12","23365",TRUE
"HCAR1","27198",TRUE
"PDLIM7","9260",TRUE
"FLNA","2316",TRUE
"TMEM26","219623",TRUE
"SRGAP1","57522",TRUE
"FAM3C","10447",TRUE
"NOP9","161424",TRUE
"SLC39A10","57181",TRUE
"CASP4","837",TRUE
"AP2A1","160",TRUE
"ZNF585A","199704",TRUE
"FUT11",NA,FALSE
"SMIM10L2B","644596",TRUE
"ANXA4","307",TRUE
"LAGE3","8270",TRUE
"WDR5B","54554",TRUE
"FAM163B","642968",TRUE
"NPIPB9","100507607",TRUE
"WDR45","11152",TRUE
"METTL9","51108",TRUE
"ZNF138","7697",TRUE
"ZNF429","353088",TRUE
"ZNF470","388566",TRUE
"SERTAD1","29950",TRUE
"ZNF100","163227",TRUE
"EOLA2","541578",TRUE
"ZNF398","57541",TRUE
"ZSCAN25","221785",TRUE
"ANXA6","309",TRUE
"ZNF441","126068",TRUE
"GMFB","2764",TRUE
"SIGLEC15","284266",TRUE
"ZNF420","147923",TRUE
"ZNF763","284390",TRUE
"ZMYM1","79830",TRUE
"H4C3","8364",TRUE
"ZSCAN26","7741",TRUE
"MAFG","4097",TRUE
"ARRDC1","92714",TRUE
"KIAA1671","85379",TRUE
"IGF2R","3482",TRUE
"LCE1C","353133",TRUE
"GAL3ST4","79690",TRUE
"DYNC1H1","1778",TRUE
"SLC6A17","388662",TRUE
"PCBP2","5094",TRUE
"ZGPAT","84619",TRUE
"SLC25A29","123096",TRUE
"PGAP1","80055",TRUE
"SRC","6714",TRUE
"ZNF682","91120",TRUE
"ZNF772","400720",TRUE
"ZNF257","113835",TRUE
"PCNX3","399909",TRUE
"ADAM32","203102",TRUE
"ACSL5","51703",TRUE
"LRRC8B","23507",TRUE
"ABCB8","11194",TRUE
"H3C12","8356",TRUE
"SND1","27044",TRUE
"ZNF785","146540",TRUE
"SULT1A2","6799",TRUE
"NEK5","341676",TRUE
"PSMD12","5718",TRUE
"MAGEA6","4105",TRUE
"ADGRA1","84435",TRUE
"NOL4L","140688",TRUE
"CYSRT1","375791",TRUE
"SLC22A4","6583",TRUE
"ZSCAN5B","342933",TRUE
"ENTPD4","9583",TRUE
"C1D","10438",TRUE
"TBC1D9B","23061",TRUE
"H4C11","8363",TRUE
"FAM110D","79927",TRUE
"SERPINA1","5265",TRUE
"KANK2","25959",TRUE
"C6orf141","135398",TRUE
"GTF2E2","2961",TRUE
"IL27","246778",TRUE
"RAD54B","25788",TRUE
"ZNF165","7718",TRUE
"SYNGAP1","8831",TRUE
"FITM2","128486",TRUE
"BLM","641",TRUE
"KRBOX5",NA,FALSE
"DDI2","84301",TRUE
"SVIL","6840",TRUE
"TRIM33","51592",TRUE
"LRP10","26020",TRUE
"PELI1","57162",TRUE
"ZNF655","79027",TRUE
"MRPL21","219927",TRUE
"LYPD2","137797",TRUE
"UAP1L1","91373",TRUE
"ZNF98","148198",TRUE
"FBXL22","283807",TRUE
"ZNF786","136051",TRUE
"ZNF517","340385",TRUE
"ZNF675","171392",TRUE
"SLC22A5","6584",TRUE
"DACT3","147906",TRUE
"ADARB1","104",TRUE
"ZNF860","344787",TRUE
"HTT","3064",TRUE
"C5AR1","728",TRUE
"DIO3","1735",TRUE
"CYP2B6","1555",TRUE
"H3C4","8351",TRUE
"VEPH1","79674",TRUE
"SHPK","23729",TRUE
"IPP","3652",TRUE
"MAP3K5","4217",TRUE
"OGDHL","55753",TRUE
"CYP2F1","1572",TRUE
"GSTK1","373156",TRUE
"HNRNPAB","3182",TRUE
"STMN3","50861",TRUE
"PDGFA","5154",TRUE
"COL13A1","1305",TRUE
"SPN","6693",TRUE
"ZNF695","57116",TRUE
"ZNF628","89887",TRUE
"SLC2A10","81031",TRUE
"ZNF665","79788",TRUE
"RPF2","84154",TRUE
"SLC28A3","64078",TRUE
"FAM177B","400823",TRUE
"MIB2","142678",TRUE
"MYO5A","4644",TRUE
"GZMM","3004",TRUE
"ATG7","10533",TRUE
"SIPA1L1","26037",TRUE
"IFT70A","92104",TRUE
"RAB40C","57799",TRUE
"PIGN","23556",TRUE
"COL4A6","1288",TRUE
"ZNF624","57547",TRUE
"HOXA4","3201",TRUE
"TOPORS","10210",TRUE
"BCO2","83875",TRUE
"ENTPD6","955",TRUE
"DMBX1","127343",TRUE
"ENPP1","5167",TRUE
"CCDC154","645811",TRUE
"FAR1","84188",TRUE
"CPLANE1","65250",TRUE
"ZNF841","284371",TRUE
"MFAP5","8076",TRUE
"ZNF615","284370",TRUE
"EOLA1","91966",TRUE
"CDC42SE1","56882",TRUE
"SERPINB2","5055",TRUE
"DPP4","1803",TRUE
"SERPINB13","5275",TRUE
"PDCD1LG2","80380",TRUE
"ZNF433","163059",TRUE
"DNAH10","196385",TRUE
"SLC22A24","283238",TRUE
"SPTAN1","6709",TRUE
"NMB","4828",TRUE
"PARVA","55742",TRUE
"KLHL14","57565",TRUE
"FAM114A1","92689",TRUE
"RPE","6120",TRUE
"ZNF460","10794",TRUE
"PHF2","5253",TRUE
"RPS26","6231",TRUE
"PSAP","5660",TRUE
"S100A10","6281",TRUE
"CFAP43","80217",TRUE
"LHFPL5","222662",TRUE
"RPL37A","6168",TRUE
"HOXC6","3223",TRUE
"TXNRD3","114112",TRUE
"CFD","1675",TRUE
"STPG3","441476",TRUE
"MAP1LC3C","440738",TRUE
"MCMBP","79892",TRUE
"EME2","197342",TRUE
"KLHDC1","122773",TRUE
"ZNF81","347344",TRUE
"TAF13","6884",TRUE
"ZNF780A","284323",TRUE
"ATAD3A","55210",TRUE
"FAM118B","79607",TRUE
"ZNF461","92283",TRUE
"CCDC180","100499483",TRUE
"SLC9A8","23315",TRUE
"OCLN","100506658",TRUE
"CFAP299","255119",TRUE
"H4C16","121504",TRUE
"ZNF181","339318",TRUE
"INKA2","55924",TRUE
"ZNF44","51710",TRUE
"GPAA1","8733",TRUE
"ADAMTSL2","9719",TRUE
"SGTB","54557",TRUE
"ZNF790","388536",TRUE
"PRB3","5544",TRUE
"CYRIA","81553",TRUE
"MYO1C","4641",TRUE
"NKIRAS1","28512",TRUE
"UGT2B17","7367",TRUE
"MEIG1","644890",TRUE
"KIF13B","23303",TRUE
"ADH5","128",TRUE
"H2BC12","85236",TRUE
"TEAD4","7004",TRUE
"SPG7","6687",TRUE
"HES5","388585",TRUE
"ZNF677","342926",TRUE
"ERO1A","30001",TRUE
"ZNF823","55552",TRUE
"ZNF311","282890",TRUE
"ZNF347","84671",TRUE
"PLCG2","5336",TRUE
"FCHSD1","89848",TRUE
"ZNF71","58491",TRUE
"S100A6","6277",TRUE
"RPL12","6136",TRUE
"DNM3","26052",TRUE
"ZNF121","7675",TRUE
"MPZL1","9019",TRUE
"VPS13A","23230",TRUE
"MBP","4155",TRUE
"AKAP17A","8227",TRUE
"ELOVL2","54898",TRUE
"GOLGA6L9","440295",TRUE
"LEKR1","389170",TRUE
"C1orf122","127687",TRUE
"KEL","3792",TRUE
"NOL8","55035",TRUE
"IRAK4","51135",TRUE
"ODAD3","115948",TRUE
"MRPL42","28977",TRUE
"ENTPD7","57089",TRUE
"SPANXA1","30014",TRUE
"ZNF335","63925",TRUE
"ZNF560","147741",TRUE
"TUBA3C","7278",TRUE
"RPS4X","6191",TRUE
"ZNF273","10793",TRUE
"ZNF84","7637",TRUE
"MAK16","84549",TRUE
"ZNF667","63934",TRUE
"AVPR1B","553",TRUE
"SIRPA","140885",TRUE
"GRK6","2870",TRUE
"PRIM1","5557",TRUE
"MARCHF5","54708",TRUE
"POTEH","23784",TRUE
"NPIPB13","613037",TRUE
"AKR1B10","57016",TRUE
"SULT1C4","27233",TRUE
"CYP2A7","1549",TRUE
"ZBTB14","7541",TRUE
"CD2AP","23607",TRUE
"NUP62CL","54830",TRUE
"SFI1","9814",TRUE
"ZNF649","65251",TRUE
"ZNF248","57209",TRUE
"CHSY3","337876",TRUE
"TOR4A","54863",TRUE
"LPAR1","1902",TRUE
"MB","4151",TRUE
"HIBCH","26275",TRUE
"ZNF544","27300",TRUE
"TMEM229B","161145",TRUE
"SOWAHC","65124",TRUE
"ZNF770","54989",TRUE
"NPIPB6","728741",TRUE
"HMGN5","79366",TRUE
"MIER1","57708",TRUE
"MAN1A2","10905",TRUE
"SVIP","258010",TRUE
"ZNF251","90987",TRUE
"DDRGK1","65992",TRUE
"TFDP1","7027",TRUE
"ZNF607","84775",TRUE
"BPIFA1","51297",TRUE
"ZNF334","55713",TRUE
"HSD17B11","51170",TRUE
"SZT2","23334",TRUE
"SULT1C2","6819",TRUE
"ZXDA","7789",TRUE
"RPS6KL1","83694",TRUE
"QRICH1","54870",TRUE
"CSF2RA","1438",TRUE
"FKBP1C","642489",TRUE
"DDX42","11325",TRUE
"RPL23A","6147",TRUE
"SLC29A3","55315",TRUE
"STYX","6815",TRUE
"UBL5","59286",TRUE
"HELZ","9931",TRUE
"TMEM116","89894",TRUE
"UCKL1","54963",TRUE
"CARD11","84433",TRUE
"ZNF485","220992",TRUE
"PEG3","5178",TRUE
"SDAD1","55153",TRUE
"ZKSCAN8","7745",TRUE
"PHETA1","144717",TRUE
"TMEM239","100288797",TRUE
"HYLS1","219844",TRUE
"MYL4","4635",TRUE
"ZNF442","79973",TRUE
"ZNF813","126017",TRUE
"HOXC4","3221",TRUE
"DCAF12L2","340578",TRUE
"PIM3","415116",TRUE
"GET3","439",TRUE
"ASPH","444",TRUE
"SPRED2","200734",TRUE
"WWP2","11060",TRUE
"GFPT1","2673",TRUE
"UVRAG","7405",TRUE
"ZNF26","7574",TRUE
"ITSN2","50618",TRUE
"NTRK1","4914",TRUE
"OGA","10724",TRUE
"MT1F","4494",TRUE
"TCAF1","9747",TRUE
"ZNF69","7620",TRUE
"TXNRD1","7296",TRUE
"NRARP","441478",TRUE
"ZNF583","147949",TRUE
"KRTAP4-1","85285",TRUE
"ZNF568","374900",TRUE
"ZXDB","158586",TRUE
"ZNF480","147657",TRUE
"ZNF587","84914",TRUE
"TPM2","7169",TRUE
"SH3BGRL2","83699",TRUE
"ZNF808","388558",TRUE
"ANKRD35","148741",TRUE
"B3GNT6","192134",TRUE
"YTHDF2","51441",TRUE
"TMA16","55319",TRUE
"HLA-DRB5","3127",TRUE
"ATL1","51062",TRUE
"CNGA1","1259",TRUE
"MAFK","7975",TRUE
"ARMH1","339541",TRUE
"ZNF43","7594",TRUE
"GPN1","11321",TRUE
"C2CD4A","145741",TRUE
"ZNF28","7576",TRUE
"ITGBL1","9358",TRUE
"ZNF511","118472",TRUE
"ZNF627","199692",TRUE
"KCNRG","283518",TRUE
"WDHD1","11169",TRUE
"ZNF789","285989",TRUE
"CTNND1","1500",TRUE
"DDX39B","7919",TRUE
"SLC34A3","142680",TRUE
"SPANXC","64663",TRUE
"ARC","23237",TRUE
"NUDT16","131870",TRUE
"TLK1","9874",TRUE
"LRBA","987",TRUE
"MMP17","4326",TRUE
"BAZ1A","11177",TRUE
"AKR1C4","1109",TRUE
"COPS8","10920",TRUE
"CCDC69","26112",TRUE
"MDM4","4194",TRUE
"RYR2","6262",TRUE
"KLHL9","55958",TRUE
"FAM3D","131177",TRUE
"NCOA6","23054",TRUE
"STK39","27347",TRUE
"TAT","6898",TRUE
"C6orf89","221477",TRUE
"CALM1","801",TRUE
"TAFA2","338811",TRUE
"SKIC3","9652",TRUE
"TUSC1","286319",TRUE
"MAGEA1","4100",TRUE
"PAPSS2","9060",TRUE
"SLC9A6","10479",TRUE
"FAN1","22909",TRUE
"ABCA4","24",TRUE
"MT-ND6","4541",TRUE
"IPO9","55705",TRUE
"CEP290","80184",TRUE
"MT-CO2","4513",TRUE
"GLMP","112770",TRUE
"TOGARAM1","23116",TRUE
"DLL1","28514",TRUE
"ANKRD13B","124930",TRUE
"ECI2","10455",TRUE
"UNC13B","10497",TRUE
"SAXO5","374877",TRUE
"MT-CYB","4519",TRUE
"LDB1","8861",TRUE
"PPP1R14C","81706",TRUE
"CTR9","9646",TRUE
"SMOC1","64093",TRUE
"F5","2153",TRUE
"MSRB1","51734",TRUE
"ZNF652","22834",TRUE
"SMURF1","57154",TRUE
"SLC5A3","6526",TRUE
"GPATCH3","63906",TRUE
"CDC42BPB","9578",TRUE
"PLXNB3","5365",TRUE
"OXCT2","64064",TRUE
"RPL10A","4736",TRUE
"COLGALT2","23127",TRUE
"EPS8L3","79574",TRUE
"EGFL6","25975",TRUE
"MT-ND2","4536",TRUE
"SYCP1","6847",TRUE
"APCDD1L","164284",TRUE
"RCSD1","92241",TRUE
"RASSF9","9182",TRUE
"FAM169A","26049",TRUE
"ZNF830","91603",TRUE
"MT-ND5","4540",TRUE
"MUC2","4583",TRUE
"CNOT7","29883",TRUE
"TMEM184B","25829",TRUE
"MTOR","2475",TRUE
"SCAMP5","192683",TRUE
"ZNF521","25925",TRUE
"ALPK2","115701",TRUE
"BRINP2","57795",TRUE
"LRIG2","9860",TRUE
"MT-CO1","4512",TRUE
"PNP","4860",TRUE
"PAX9","5083",TRUE
"GK","2710",TRUE
"FOXJ3","22887",TRUE
"ZNF358","140467",TRUE
"SFT2D1","113402",TRUE
"CD247","919",TRUE
"CHAMP1","283489",TRUE
"INPP5F","22876",TRUE
"ARHGAP11A","9824",TRUE
"HMGN2","3151",TRUE
"SELENOM","140606",TRUE
"UBE2J1","51465",TRUE
"GJC2","57165",TRUE
"OPA1","4976",TRUE
"DENND4B","9909",TRUE
"RYR3","6263",TRUE
"ZNF277","11179",TRUE
"MT-ND3","4537",TRUE
"KTI12","112970",TRUE
"STYXL2","92235",TRUE
"SELENOT","51714",TRUE
"TOX","9760",TRUE
"CES1","1066",TRUE
"RUSC2","9853",TRUE
"FICD","11153",TRUE
"OSTC","58505",TRUE
"R3HDM4","91300",TRUE
"TSEN15","116461",TRUE
"LTN1","26046",TRUE
"RUNDC1","146923",TRUE
"CCDC152","100129792",TRUE
"STKLD1","169436",TRUE
"GRK5","2869",TRUE
"TYW1","55253",TRUE
"DCAF12","25853",TRUE
"SFMBT2","57713",TRUE
"ASB12","142689",TRUE
"PNMA5","114824",TRUE
"ITPRIPL1","150771",TRUE
"MT-ND4","4538",TRUE
"SMC5","23137",TRUE
"MT-ND1","4535",TRUE
"PRMT6","55170",TRUE
"SHISA4","149345",TRUE
"CIPC","85457",TRUE
"CAPZA2","830",TRUE
"MT-ATP6","4508",TRUE
"TOP1","7150",TRUE
"PRC1","9055",TRUE
"GPRASP3","80823",TRUE
"MAP3K3","4215",TRUE
"L1CAM","3897",TRUE
"SREBF2","6721",TRUE
"C1orf174","339448",TRUE
"POU3F3","5455",TRUE
"RASGEF1A","221002",TRUE
"SPOUT1","51490",TRUE
"RPL39","6170",TRUE
"DZIP3","9666",TRUE
"KIAA0753","9851",TRUE
"DCLRE1A","9937",TRUE
"ATG9A","79065",TRUE
"NOS1AP","9722",TRUE
"CSAG1","158511",TRUE
"APRT","353",TRUE
"GPRASP1","9737",TRUE
"TBKBP1","9755",TRUE
"MAGEE1","57692",TRUE
"CCDC167","154467",TRUE
"MT-CO3","4514",TRUE
"ZFP2","80108",TRUE
"SOWAHA","134548",TRUE
"L3MBTL3","84456",TRUE
"DMD","1756",TRUE
"MFAP3L","9848",TRUE
"NAGA","4668",TRUE
"SMG5","23381",TRUE
"KIFBP","26128",TRUE
"TGM2","7052",TRUE
"ARMCX6","54470",TRUE
"PJA2","9867",TRUE
"RORB","6096",TRUE
"SGMS1","259230",TRUE
"ZNF525","170958",TRUE
"INF2","64423",TRUE
"IQANK1","642574",TRUE
"GP1BB","2812",TRUE
"EFCAB2",NA,FALSE
"COX20","116228",TRUE
"CHML","1122",TRUE
"STUM","375057",TRUE
"CAPN8","388743",TRUE
"TATDN3","128387",TRUE
"RAET1G","353091",TRUE
"C1orf53","388722",TRUE
"SAMD5","389432",TRUE
"ECT2L","345930",TRUE
"CENPW","387103",TRUE
"SPRN","503542",TRUE
"FAM229B","619208",TRUE
"FANK1","92565",TRUE
"LORICRIN","4014",TRUE
"PRR9","574414",TRUE
"SPRR2E","6704",TRUE
"KPRP","448834",TRUE
"EEF1AKMT2","399818",TRUE
"FAM24A","118670",TRUE
"DDO","8528",TRUE
"PLPP4","196051",TRUE
"H3C14","126961",TRUE
"H2BC18","440689",TRUE
"PNLIPRP3","119548",TRUE
"H3C15","333932",TRUE
"HSD3B1","3283",TRUE
"RBM20","282996",TRUE
"C6orf163","206412",TRUE
"RIPPLY2","134701",TRUE
"GDI1","2664",TRUE
"PCMTD2","55251",TRUE
"SOX18","54345",TRUE
"LIME1","54923",TRUE
"OOEP","441161",TRUE
"SPANXA2","728712",TRUE
"SAMD13","148418",TRUE
"RTL8A","26071",TRUE
"CCDC160","347475",TRUE
"EFCAB7","84455",TRUE
"GLYATL3","389396",TRUE
"LDLRAD1","388633",TRUE
"ZYG11A","440590",TRUE
"CT83","203413",TRUE
"LIPN","643418",TRUE
"LIPK","643414",TRUE
"LIPJ","142910",TRUE
"TRPC5OS","100329135",TRUE
"LRRC73","221424",TRUE
"FOXO6","100132074",TRUE
"SYS1","90196",TRUE
"INPP5B","3633",TRUE
"NEU4","129807",TRUE
"MAFB","9935",TRUE
"TRAF3IP1","26146",TRUE
"CHIC1","53344",TRUE
"GIGYF2","26058",TRUE
"C2orf72","257407",TRUE
"RUFY2","55680",TRUE
"NHSL2","340527",TRUE
"GGTA1","2681",TRUE
"PHACTR4","65979",TRUE
"CLPSL1","340204",TRUE
"ASAH2B","653308",TRUE
"AGAP6","414189",TRUE
"TIMM23B","100652748",TRUE
"ZDHHC18","84243",TRUE
"AGAP9","642517",TRUE
"NPY4R","5540",TRUE
"GPRIN2","9721",TRUE
"SYT15","83849",TRUE
"MACO1","55219",TRUE
"PTPN20","26095",TRUE
"ZDBF2","57683",TRUE
"DAXX","1616",TRUE
"BMPR2","659",TRUE
"TCEA3","6920",TRUE
"PFDN6","10471",TRUE
"RING1","6015",TRUE
"HSD17B8","7923",TRUE
"RXRB","6257",TRUE
"OXLD1","339229",TRUE
"COL11A2","1302",TRUE
"BRD2","6046",TRUE
"HLA-DMA","3108",TRUE
"COL5A2","1290",TRUE
"PSMB8","5696",TRUE
"TAP2","6891",TRUE
"SPIN3","169981",TRUE
"NBDY","550643",TRUE
"HLA-DRA","3122",TRUE
"COL15A1","1306",TRUE
"TSBP1","10665",TRUE
"NOTCH4","4855",TRUE
"PBX2","5089",TRUE
"AGER","177",TRUE
"RNF5","6048",TRUE
"AGPAT1","10554",TRUE
"PJVK","494513",TRUE
"PRRT1","80863",TRUE
"FKBPL","63943",TRUE
"MRPL38","64978",TRUE
"SMIM5","643008",TRUE
"ERICH2","285141",TRUE
"SP5","389058",TRUE
"STK19",NA,FALSE
"DXO","1797",TRUE
"SKIC2","6499",TRUE
"NELFE","7936",TRUE
"ZBTB12","221527",TRUE
"SDHD","6392",TRUE
"EHMT2","10919",TRUE
"XAGE1A","653220",TRUE
"LAYN","143903",TRUE
"XAGE1B","653067",TRUE
"SLC44A4","80736",TRUE
"NEU1","4758",TRUE
"HSPA1B","3304",TRUE
"HSPA1A","3303",TRUE
"HSPA1L","3305",TRUE
"LSM2","57819",TRUE
"VARS1","7407",TRUE
"VWA7","80737",TRUE
"CARD16","114769",TRUE
"MBD5","55777",TRUE
"MSH5","4439",TRUE
"MPIG6B","80739",TRUE
"LY6G6C","80740",TRUE
"ABHD16A","7920",TRUE
"LY6G5C","80741",TRUE
"CSNK2B","1460",TRUE
"GPANK1","7918",TRUE
"C6orf47","57827",TRUE
"NALF1","728215",TRUE
"APOM","55937",TRUE
"TRIM49C","642612",TRUE
"BAG6","7917",TRUE
"PRRC2A","7916",TRUE
"NCR3","259197",TRUE
"LST1","7940",TRUE
"NFKBIL1","4795",TRUE
"ZNF814","730051",TRUE
"MICB","4277",TRUE
"ZNF551","90233",TRUE
"MICA","100507436",TRUE
"ZNF805","390980",TRUE
"HLA-C","3107",TRUE
"POU5F1","5460",TRUE
"CCHCR1","54535",TRUE
"PSORS1C2","170680",TRUE
"CDSN","1041",TRUE
"PSORS1C1","170679",TRUE
"C6orf15","29113",TRUE
"DHX16","8449",TRUE
"C6orf136","221545",TRUE
"MRPS18B","28973",TRUE
"PPP1R10","5514",TRUE
"KRTAP5-10","387273",TRUE
"ABCF1","23",TRUE
"PRR3","80742",TRUE
"LILRB3","11025",TRUE
"DDR1","780",TRUE
"LRCOL1","100507055",TRUE
"GNL1","2794",TRUE
"HLA-E","3133",TRUE
"TRIM39","56658",TRUE
"ZNF468","90333",TRUE
"TRIM15","89870",TRUE
"ZNF616","90317",TRUE
"TRIM10","10107",TRUE
"TRIM31","11074",TRUE
"RNF39","80352",TRUE
"PPP1R11","6992",TRUE
"DISP3","57540",TRUE
"RACK1","10399",TRUE
"HLA-G","3135",TRUE
"TBC1D8","11138",TRUE
"HLA-F","3134",TRUE
"ZFP57","346171",TRUE
"ASPDH","554235",TRUE
"OR2H2","7932",TRUE
"CBY3","646019",TRUE
"AKT1S1","84335",TRUE
"GABBR1","2550",TRUE
"SPDYC","387778",TRUE
"CFAP95","138255",TRUE
"TRIM27","5987",TRUE
"MALRD1","340895",TRUE
"RANBP17","64901",TRUE
"INSYN2B","100131897",TRUE
"FOXD4L5","653427",TRUE
"ODAD4","83538",TRUE
"MRPL53","116540",TRUE
"MROH6","642475",TRUE
"ATXN2","6311",TRUE
"DCTN1","1639",TRUE
"PNMA8B","57469",TRUE
"TCTN1","79600",TRUE
"FAM216A","29902",TRUE
"ZBTB48","3104",TRUE
"IGFL2","147920",TRUE
"IGFL4","444882",TRUE
"KRTAP4-8","728224",TRUE
"GPR20","2843",TRUE
"KRT40","125115",TRUE
"MZT1","440145",TRUE
"LRRC3C","100505591",TRUE
"ZNF155","7711",TRUE
"UQCC3","790955",TRUE
"FBXO48","554251",TRUE
"CD177","57126",TRUE
"PSG5","5673",TRUE
"ZNF783","100289678",TRUE
"ZNF425","155054",TRUE
"LRRC10B","390205",TRUE
"UQCC6","728568",TRUE
"TRIM13","10206",TRUE
"PRSS1","5644",TRUE
"SPIRE2","84501",TRUE
"AARD","441376",TRUE
"PABPN1L","390748",TRUE
"PKHD1L1","93035",TRUE
"SLFN12L","100506736",TRUE
"SLC35B4","84912",TRUE
"LGALS7","3963",TRUE
"SYCE1L","100130958",TRUE
"TMEM231","79583",TRUE
"GARIN1A","346653",TRUE
"CCNI2","645121",TRUE
"TMEM240","339453",TRUE
"TMEM88B",NA,FALSE
"CFAP96","441054",TRUE
"TRIQK","286144",TRUE
"SDHAF1","644096",TRUE
"ARID3C","138715",TRUE
"PSENEN","55851",TRUE
"ZBTB10","65986",TRUE
"C4orf46","201725",TRUE
"SCGB2B2","284402",TRUE
"LGR4","55366",TRUE
"PSMB10","5699",TRUE
"VIT","5212",TRUE
"SPDYE2","441273",TRUE
"E2F4","1874",TRUE
"PDE7A","5150",TRUE
"TMEM170B","100113407",TRUE
"MUC12","10071",TRUE
"SNX2","6643",TRUE
"SAP25","100316904",TRUE
"NT5M","56953",TRUE
"SARNP","84324",TRUE
"ADGRG1","9289",TRUE
"IPO7","10527",TRUE
"PRR13","54458",TRUE
"TECPR1","25851",TRUE
"MT1A","4489",TRUE
"INSYN1","388135",TRUE
"MT1M","4499",TRUE
"CFI","3426",TRUE
"SAMD9","54809",TRUE
"KRT6A","3853",TRUE
"CNEP1R1","255919",TRUE
"KRT81","3887",TRUE
"EXOC3L4","91828",TRUE
"TP53TG3D","729264",TRUE
"TP53TG3C","653550",TRUE
"CCDC85C","317762",TRUE
"SPDYE18","100505767",TRUE
"C2CD4B","388125",TRUE
"RGL3","57139",TRUE
"NAP1L4","4676",TRUE
"TMSB4X","7114",TRUE
"TMEM256","254863",TRUE
"CPT1B","1375",TRUE
"SMN2","6607",TRUE
"SERF1B","728492",TRUE
"HMGN1","3150",TRUE
"MUC19","283463",TRUE
"DENND6B","414918",TRUE
"EIF3CL","728689",TRUE
"LCMT1","51451",TRUE
"VCX3B","425054",TRUE
"CDPF1","150383",TRUE
"LIN52","91750",TRUE
"ARSH","347527",TRUE
"ACOT6","641372",TRUE
"SMIM11","54065",TRUE
"DPF3","8110",TRUE
"CYP2D7","1564",TRUE
"SMIM45","339674",TRUE
"ETFRF1","144363",TRUE
"C17orf107","100130311",TRUE
"ITSN1","6453",TRUE
"ITPRIPL2","162073",TRUE
"DENND1C","79958",TRUE
"SLCO1B7","338821",TRUE
"CRLF2","64109",TRUE
"CRYZL1","9946",TRUE
"RIMOC1","285636",TRUE
"GAGE1","2543",TRUE
"CYS1","192668",TRUE
"PLPP6","403313",TRUE
"KLRC2","3822",TRUE
"KLRC3","3823",TRUE
"TTC23L","153657",TRUE
"C1QTNF9B","387911",TRUE
"KRTAP5-2","440021",TRUE
"KRTAP5-1","387264",TRUE
"ZNF316","100131017",TRUE
"CEMP1","752014",TRUE
"OLIG2","10215",TRUE
"RNPS1","10921",TRUE
"NYNRIN","57523",TRUE
"DNAJC19","131118",TRUE
"DOK6","220164",TRUE
"JPT2","90861",TRUE
"LHFPL7","255349",TRUE
"SERPINB11","89778",TRUE
"SERPINB4","6318",TRUE
"SERPINB5","5268",TRUE
"ZDHHC11B","653082",TRUE
"KRTAP19-8","728299",TRUE
"CFAP99","402160",TRUE
"GOLGA8O","728047",TRUE
"TMEM191C","645426",TRUE
"HBA1","3039",TRUE
"ATP10A","57194",TRUE
"TSSK2","23617",TRUE
"FOXL2NB","401089",TRUE
"COL6A6","131873",TRUE
"RAB12","201475",TRUE
"TMEM200C","645369",TRUE
"HLA-A","3105",TRUE
"HACD2","201562",TRUE
"CFAP44","55779",TRUE
"LNP1","348801",TRUE
"VGLL3","389136",TRUE
"TRIM71","131405",TRUE
"ZCWPW2","152098",TRUE
"ANKRD28","23243",TRUE
"COLQ","8292",TRUE
"METTL6","131965",TRUE
"GPX3","2878",TRUE
"DIO2","1734",TRUE
"SELENOH","280636",TRUE
"DIO1","1733",TRUE
"AKR7L","246181",TRUE
"STK38L","23012",TRUE
"SACM1L","22908",TRUE
"TSN","7247",TRUE
"SLC48A1","55652",TRUE
"PRR22","163154",TRUE
"TAS2R19","259294",TRUE
"TAS2R14","50840",TRUE
"KRTAP2-3","730755",TRUE
"RTL8B","441518",TRUE
"RNF208","727800",TRUE
"KRTAP3-1","83896",TRUE
"MT-ND4L","4539",TRUE
"MAP10","54627",TRUE
"POU5F1B","5462",TRUE
"ZNF580","51157",TRUE
"ZNF611","81856",TRUE
"KLK9","284366",TRUE
"SYT3","84258",TRUE
"NUP62","23636",TRUE
"CGB8","94115",TRUE
"DENND1B","163486",TRUE
"SFT2D2","375035",TRUE
"CEP43","11116",TRUE
"SCAF8","22828",TRUE
"CFAP45","25790",TRUE
"ACKR1","2532",TRUE
"ZNF254","9534",TRUE
"DYNLT2B","255758",TRUE
"CRYGS","1427",TRUE
"CRIP1","1396",TRUE
"KLHL23","151230",TRUE
"LINGO4","339398",TRUE
"FAM24B","196792",TRUE
"TRIM59","286827",TRUE
"MLLT11","10962",TRUE
"ASIC3","9311",TRUE
"CCDC183","84960",TRUE
"ARHGEF35","445328",TRUE
"CSH2","1443",TRUE
"DNLZ","728489",TRUE
"TCL1B","9623",TRUE
"SUPT4H1","6827",TRUE
"NRAS","4893",TRUE
"LTC4S","4056",TRUE
"ANKRD39","51239",TRUE
"QTRT1","81890",TRUE
"CHUK","1147",TRUE
"MXD3","83463",TRUE
"GSTM2","2946",TRUE
"COG8","84342",TRUE
"ARHGAP19","84986",TRUE
"HAUS7","55559",TRUE
"LCAT","3931",TRUE
"MAGEA12","4111",TRUE
"PTPRCAP","5790",TRUE
"PVRIG","79037",TRUE
"GPC2","221914",TRUE
"KRT222","125113",TRUE
"SIPA1","6494",TRUE
"ERV3-1","2086",TRUE
"SYNJ2BP","55333",TRUE
"ARL2","402",TRUE
"RBMXL1","494115",TRUE
"SRA1","10011",TRUE
"STIMATE","375346",TRUE
"DNAJC9","23234",TRUE
"C8orf82","414919",TRUE
"CPLX3","594855",TRUE
"VDAC1","7416",TRUE
"ZBTB9","221504",TRUE
"TMX2","51075",TRUE
"HEXA","3073",TRUE
"NDUFS3","4722",TRUE
"LEPROT","54741",TRUE
"LBH","81606",TRUE
"ADAT3","113179",TRUE
"PPP1CB","5500",TRUE
"SULT1A4","445329",TRUE
"GPSM3","63940",TRUE
"LAT","27040",TRUE
"NCKIPSD","51517",TRUE
"ATF6B","1388",TRUE
"TREX1","11277",TRUE
"S1PR3","1903",TRUE
"SLC35F6","54978",TRUE
"FAM209B","388799",TRUE
"CLIC1","1192",TRUE
"DDAH2","23564",TRUE
"RPS29","6235",TRUE
"UGT2B11","10720",TRUE
"ATP6V1G2","534",TRUE
"ZNF134","7693",TRUE
"GTF2H4","2968",TRUE
"DDX47","51202",TRUE
"ZNF888","388559",TRUE
"ZNF845","91664",TRUE
"EMP2","2013",TRUE
"KCTD11","147040",TRUE
"UBD","10537",TRUE
"PPM1N","147699",TRUE
"SLC23A3","151295",TRUE
"LTB4R","1241",TRUE
"LTB4R2","56413",TRUE
"DNASE1","1773",TRUE
"MDP1","145553",TRUE
"LEUTX","342900",TRUE
"CSNK1E","1454",TRUE
"IRF9","10379",TRUE
"GALT","2592",TRUE
"HBE1","3046",TRUE
"CLDN9","9080",TRUE
"ITGA1","3672",TRUE
"NUDT19","390916",TRUE
"ZNF726","730087",TRUE
"TAX1BP3","30851",TRUE
"AP1G2","8906",TRUE
"ZNF90","7643",TRUE
"NAXD","55739",TRUE
"TM6SF2","53345",TRUE
"MEF2B","100271849",TRUE
"GANC","2595",TRUE
"TTLL3","26140",TRUE
"REPIN1","29803",TRUE
"MRPL23","6150",TRUE
"ZNF891","101060200",TRUE
"SMIM7","79086",TRUE
"FBXO16","157574",TRUE
"TSPAN4","7106",TRUE
"CPNE1","8904",TRUE
"ARL16","339231",TRUE
"MAGEB1","4112",TRUE
"LYRM4","57128",TRUE
"MYCBP","26292",TRUE
"PRCD","768206",TRUE
"ALG3","10195",TRUE
"SH3D21","79729",TRUE
"SMIM30","401397",TRUE
"C19orf38","255809",TRUE
"C17orf67","339210",TRUE
"FIS1","51024",TRUE
"ANG","283",TRUE
"SCART1","619207",TRUE
"POU2AF3","120376",TRUE
"SPDYE3","441272",TRUE
"MBLAC1","255374",TRUE
"FOXI3","344167",TRUE
"MTCL3","387104",TRUE
"NEURL1B","54492",TRUE
"HAUS3","79441",TRUE
"VSTM5","387804",TRUE
"BBIP1","92482",TRUE
"GNAT3","346562",TRUE
"AS3MT","57412",TRUE
"FAM187A","100528020",TRUE
"PLIN5","440503",TRUE
"SEC14L6","730005",TRUE
"SPINK13","153218",TRUE
"PPME1","51400",TRUE
"STARD10","10809",TRUE
"ZC3H11C","441155",TRUE
"NUTM2D","728130",TRUE
"CPEB1","64506",TRUE
"EML6","400954",TRUE
"ZNF727","442319",TRUE
"B3GALT9","100288842",TRUE
"ZSWIM8","23053",TRUE
"C10orf105","414152",TRUE
"IFRD2","7866",TRUE
"CAPN14","440854",TRUE
"ZBED1","9189",TRUE
"TOMM6","100188893",TRUE
"HNRNPUL2","221092",TRUE
"CSKMT","751071",TRUE
"FER1L6","654463",TRUE
"MTCP1","4515",TRUE
"EVPLL","645027",TRUE
"DCDC2C","728597",TRUE
"SMTNL1","219537",TRUE
"NPIPA8","101059953",TRUE
"ZSWIM7","125150",TRUE
"ARHGEF28","64283",TRUE
"TBC1D26","353149",TRUE
"LRRC69","100130742",TRUE
"CRPPA","729920",TRUE
"NPIPA7","101059938",TRUE
"RTL10","79680",TRUE
"COL28A1","340267",TRUE
"PHB2","11331",TRUE
"NEURL4","84461",TRUE
"CXorf49B","100132994",TRUE
"UBXN2B","137886",TRUE
"CXorf49","100130361",TRUE
"ZNG1F","644019",TRUE
"MUC5AC","4586",TRUE
"MSMP","692094",TRUE
"CIMIP2B","730112",TRUE
"PEX26","55670",TRUE
"CFAP90","134121",TRUE
"UBE2QL1","134111",TRUE
"FASTKD5","60493",TRUE
"GOLGA8B","440270",TRUE
"DDX3X","1654",TRUE
"VPS16","64601",TRUE
"ZNF705D","728957",TRUE
"MYL5","4636",TRUE
"SCRT2","85508",TRUE
"ZNF407","55628",TRUE
"NPEPL1","79716",TRUE
"EFCAB8","388795",TRUE
"HMX1","3166",TRUE
"GCGR","2642",TRUE
"RSC1A1","6248",TRUE
"TMEM242","729515",TRUE
"TMEM167B","56900",TRUE
"FAM72D","728833",TRUE
"TNFRSF25","8718",TRUE
"ZC3H11B","643136",TRUE
"TSTD1","100131187",TRUE
"RPTN","126638",TRUE
"CYB5RL","606495",TRUE
"C1orf167","284498",TRUE
"TTC34","100287898",TRUE
"ATAD3C","219293",TRUE
"IFI30","10437",TRUE
"IGSF23","147710",TRUE
"GAGE12E","729431",TRUE
"CCDC7","79741",TRUE
"FNIP1","96459",TRUE
"SP9","100131390",TRUE
"SYCE3","644186",TRUE
"CKLF","51192",TRUE
"PAM16","51025",TRUE
"TENM3","55714",TRUE
"CEBPZOS","100505876",TRUE
"ZNF579","163033",TRUE
"RNASEK","440400",TRUE
"CATSPERZ","25858",TRUE
"TAFA5","25817",TRUE
"NBPF1","55672",TRUE
"UMAD1","729852",TRUE
"PPP1R3G","648791",TRUE
"FAM228B","375190",TRUE
"LINGO3","645191",TRUE
"ZGLP1","100125288",TRUE
"VAMP2","6844",TRUE
"C6orf226",NA,FALSE
"PPP3R1","5534",TRUE
"PSG3","5671",TRUE
"FANCG","2189",TRUE
"AP4M1","9179",TRUE
"SPATA31H1","84226",TRUE
"KRTAP1-5","83895",TRUE
"PLXNA4","91584",TRUE
"MAGEA3","4102",TRUE
"CEBPD","1052",TRUE
"PSG7","5676",TRUE
"OR3A2","4995",TRUE
"FAM200C","63920",TRUE
"HMSD","284293",TRUE
"NPTXR","23467",TRUE
"FAM200A","221786",TRUE
"PPP2R2A","5520",TRUE
"C19orf73","55150",TRUE
"ZNF880","400713",TRUE
"TRIM16","10626",TRUE
"HEPN1","641654",TRUE
"TIGD1","200765",TRUE
"FXYD7","53822",TRUE
"XKR9","389668",TRUE
"SLC12A8","84561",TRUE
"APOL6","80830",TRUE
"FADS3","3995",TRUE
"CCNL2","81669",TRUE
"UBA52","7311",TRUE
"PPT2","9374",TRUE
"ZNF630","57232",TRUE
"BTBD19","149478",TRUE
"FAM185A","222234",TRUE
"RAB6C","84084",TRUE
"C21orf140","101928147",TRUE
"POTEM","641455",TRUE
"TRIM49D1","399939",TRUE
"EXOSC6","118460",TRUE
"VPS52","6293",TRUE
"ZNF844","284391",TRUE
"CKMT1A","548596",TRUE
"TINCR","257000",TRUE
"RFPL4A","342931",TRUE
"C1GALT1C1L","728819",TRUE
"CERS1","10715",TRUE
"HLA-DPB1","3115",TRUE
"C1QTNF5","114902",TRUE
"CPTP","80772",TRUE
"MSL3B","151507",TRUE
"PRR29","92340",TRUE
"C4B","721",TRUE
"ADM5","199800",TRUE
"ATXN1L","342371",TRUE
"SMIM13","221710",TRUE
"HNRNPA1L3","642659",TRUE
"GAGE12J","729396",TRUE
"NPIPA3","642778",TRUE
"NDUFAF8","284184",TRUE
"GAGE12H","729442",TRUE
"PRRT4","401399",TRUE
"PVALEF","388428",TRUE
"PLEKHM1","9842",TRUE
"MKRN2OS","100129480",TRUE
"C2CD4D","100191040",TRUE
"ZNF469","84627",TRUE
"MCRIP1","348262",TRUE
"SLC26A6","65010",TRUE
"FAM229A","100128071",TRUE
"ERCC6","2074",TRUE
"NOL7","51406",TRUE
"NTF4","4909",TRUE
"ELFN1","392617",TRUE
"PIGBOS1","101928527",TRUE
"FTCDNL1","348751",TRUE
"TEX22","647310",TRUE
"CROCC2","728763",TRUE
"DCAF8L1","139425",TRUE
"TMEM185B","79134",TRUE
"HSBP1L1","440498",TRUE
"TAS2R46","259292",TRUE
"SRRM5","100170229",TRUE
"PGAM4","441531",TRUE
"ERVMER34-1","100288413",TRUE
"C14orf132","56967",TRUE
"WDR46","9277",TRUE
"ZNF717","100131827",TRUE
"SPANXB1","728695",TRUE
"KLLN","100144748",TRUE
"PARG","8505",TRUE
"AKR1B15","441282",TRUE
"GAGE12D","100132399",TRUE
"SCAMP4","113178",TRUE
"LTB","4050",TRUE
"POLR2J2","246721",TRUE
"MT-ATP8","4509",TRUE
"ORM2","5005",TRUE
"FAM174C","55009",TRUE
"OST4","100128731",TRUE
"C2orf92","728537",TRUE
"NUTM2E","283008",TRUE
"FNDC10","643988",TRUE
"ZNF883","169834",TRUE
"PROB1","389333",TRUE
"ARL17B","100506084",TRUE
"DHFR","1719",TRUE
"SAPCD1","401251",TRUE
"CT45A5","441521",TRUE
"RPL41","6171",TRUE
"RFPL4AL1","729974",TRUE
"ORM1","5004",TRUE
"SPINK8","646424",TRUE
"PATL2","197135",TRUE
"NKX1-2","390010",TRUE
"PRAC2","360205",TRUE
"ZNF492","57615",TRUE
"ZNF688","146542",TRUE
"PET100","100131801",TRUE
"ACBD6","84320",TRUE
"SPATA31C1","441452",TRUE
"SSU72L6","136157",TRUE
"ANKRD18B","441459",TRUE
"MBD3L2","125997",TRUE
"CCDC192","728586",TRUE
"TEX48","100505478",TRUE
"SETSIP","646817",TRUE
"HAPSTR2","389895",TRUE
"YY2","404281",TRUE
"STMND1","401236",TRUE
"HSBP1","3281",TRUE
"SBK3","100130827",TRUE
"HLA-DPA1","3113",TRUE
"RPS18","6222",TRUE
"TSPAN19","144448",TRUE
"CYP21A2","1589",TRUE
"PRH1","5554",TRUE
"PSG1","5669",TRUE
"TAPBP","6892",TRUE
"PPP1R2B","153743",TRUE
"SCAND3","114821",TRUE
"TMEM253","643382",TRUE
"TMA7","51372",TRUE
"MCTS1","28985",TRUE
"ASCL5","647219",TRUE
"SMIM26","388789",TRUE
"AJM1","389813",TRUE
"KANTR","102723508",TRUE
"GOLGA8N","643699",TRUE
"TNF","7124",TRUE
"PET117","100303755",TRUE
"LYRM9","201229",TRUE
"NPIPA9","105376752",TRUE
"PHGR1","644844",TRUE
"RAB6D","150786",TRUE
"RNF224","643596",TRUE
"NPIPB7","440350",TRUE
"GPX1","2876",TRUE
"TMEM238","388564",TRUE
"TWIST2","117581",TRUE
"ZNF892","344065",TRUE
"TRIM49D2","729384",TRUE
"H2BC15","8341",TRUE
"RPS28","6234",TRUE
"UQCRHL","440567",TRUE
"PAGE2","203569",TRUE
"TRIM26","7726",TRUE
"ZNF879","345462",TRUE
"H2BC12L","54145",TRUE
"CCDC188","388849",TRUE
"ZNF736","728927",TRUE
"PINLYP","390940",TRUE
"C5orf58","133874",TRUE
"FAM133B","257415",TRUE
"MCIDAS","345643",TRUE
"JRK","8629",TRUE
"MED14OS","100873985",TRUE
"NPIPB2","729978",TRUE
"HLA-B","3106",TRUE
"FREY1","143678",TRUE
"IQCM","285423",TRUE
"APOC2","344",TRUE
"SHISA8","440829",TRUE
"C19orf81","342918",TRUE
"ANKRD65","441869",TRUE
"BRD3OS","266655",TRUE
"ZSCAN31","64288",TRUE
"C12orf75","387882",TRUE
"SMIM1","388588",TRUE
"HGH1","51236",TRUE
"PPP1R3E","90673",TRUE
"RAMACL","353267",TRUE
"RPEL1","729020",TRUE
"SPAAR","158376",TRUE
"SMIM27","100129250",TRUE
"NFAM1","150372",TRUE
"RNF148","378925",TRUE
"KIAA0040","9674",TRUE
"B3GALT4","8705",TRUE
"PNMA6A","84968",TRUE
"ZBTB22","9278",TRUE
"CLEC2L","154790",TRUE
"ZBED5","58486",TRUE
"SLFN14","342618",TRUE
"GAGE12F","100008586",TRUE
"CCDC200","100874261",TRUE
"UBE2L5","171222",TRUE
"ZNF853","54753",TRUE
"ARHGEF38","54848",TRUE
"CTAGE9","643854",TRUE
"ZNF593OS","118568799",TRUE
"C4orf51","646603",TRUE
"B3GNT9","84752",TRUE
"CDKN2AIPNL","91368",TRUE
"CKMT1B","1159",TRUE
"RNF223","401934",TRUE
"PRSS56","646960",TRUE
"ZNF737","100129842",TRUE
"RGL2","5863",TRUE
"C10orf143","387723",TRUE
"SHISA9","729993",TRUE
"HLA-DQA2","3118",TRUE
"KIFC1","3833",TRUE
"C2orf74","339804",TRUE
"GAGE12C","729422",TRUE
"FAM200B","285550",TRUE
"LRRC37A2","474170",TRUE
"TMEM250","90120",TRUE
"OR2W3","343171",TRUE
"PAGE2B","389860",TRUE
"TXNDC5","81567",TRUE
"CASTOR1","652968",TRUE
"RNF103","7844",TRUE
"RBM14","10432",TRUE
"ALKBH6","84964",TRUE
"ASB14","142686",TRUE
"KLHL41","10324",TRUE
"STPG4","285051",TRUE
"NME1","4830",TRUE
"TNFSF12","8742",TRUE
"CDRT4","284040",TRUE
"APOBEC3G","60489",TRUE
"TLR9","54106",TRUE
"WBP1","23559",TRUE
"MRPS17","51373",TRUE
"GET4","51608",TRUE
"C1orf226","400793",TRUE
"ADSL","158",TRUE
"AMY2B","280",TRUE
"LY6G5B","58496",TRUE
"PSMB9","5698",TRUE
"SMKR1","100287482",TRUE
"COX19","90639",TRUE
"ACAD11","84129",TRUE
"PPIL3","53938",TRUE
"LCE1F","353137",TRUE
"KIR3DL2","3812",TRUE
"FOXO3B","2310",TRUE
"L1TD1","54596",TRUE
"AQP1","358",TRUE
"ISY1","57461",TRUE
"PNMA2","10687",TRUE
"KRBOX1",NA,FALSE
"ARHGEF25","115557",TRUE
"PEDS1","387521",TRUE
"RDH14","57665",TRUE
"PLCXD2","257068",TRUE
"MIF","4282",TRUE
"NSUN6","221078",TRUE
"HLA-DOB","3112",TRUE
"YAE1","57002",TRUE
"ZNF722","100419780",TRUE
"CRIPTO","6997",TRUE
"KRTAP5-8","57830",TRUE
"CRCP","27297",TRUE
"FBXW10B","374286",TRUE
"RPL36A","6173",TRUE
"PDXP","57026",TRUE
"RPP21","79897",TRUE
"CD302","9936",TRUE
"EGFL8","80864",TRUE
"ATP5MF","9551",TRUE
"SSX2","6757",TRUE
"ARHGAP8","23779",TRUE
"ARPC4","10093",TRUE
"CORT","1325",TRUE
"INMT","11185",TRUE
"ARPC1A","10552",TRUE
"TMEFF1","8577",TRUE
"SPRR2A","6700",TRUE
"ATP5PO","539",TRUE
"PLEKHO2","80301",TRUE
"C8orf58","541565",TRUE
"PISD","23761",TRUE
"HOGA1","112817",TRUE
"PWP2","5822",TRUE
"PI4KA","5297",TRUE
"HYPK","25764",TRUE
"AMACR","23600",TRUE
"MTFP1","51537",TRUE
"ARHGDIG","398",TRUE
"TCP10L","140290",TRUE
"PSG2","5670",TRUE
"ARFGAP3","26286",TRUE
"BGLAP","632",TRUE
"C22orf39","128977",TRUE
"PEG10","23089",TRUE
"EIF6","3692",TRUE
"GTF2A1L","11036",TRUE
"MRPL20","55052",TRUE
"ARPIN","348110",TRUE
"HLA-DMB","3109",TRUE
"DECR2","26063",TRUE
"GNG10","2790",TRUE
"CNTF","1270",TRUE
"CCDC169","728591",TRUE
"RTL5","340526",TRUE
"AP5Z1","9907",TRUE
"ZNF709","163051",TRUE
"STRC","161497",TRUE
"ERVW-1","30816",TRUE
"EIF4EBP3","8637",TRUE
"PSG11","5680",TRUE
"PSG4","5672",TRUE
"MRPL33","9553",TRUE
"MICAL3","57553",TRUE
"STON1","11037",TRUE
"PRAF2","11230",TRUE
"STMP1","647087",TRUE
"KCTD7","154881",TRUE
"EFNA4","1945",TRUE
"TICAM2","353376",TRUE
"NICOL1","401115",TRUE
"NAA80","24142",TRUE
"TNFRSF6B","8771",TRUE
"WFDC6","140870",TRUE
"UPK3B","105375355",TRUE
"SMIM34","388820",TRUE
"OR13C7","81377",TRUE
"IL10RB","3588",TRUE
"CFB","629",TRUE
"ZNF487","642819",TRUE
"DNAAF10","116143",TRUE
"NME2","4831",TRUE
"PLA2G4B","100137049",TRUE
"LEFTY1","10637",TRUE
"CFAP57","149465",TRUE
"NPIPB5","100132247",TRUE
"TTC4","7268",TRUE
"TMEM35B","100506144",TRUE
"KIR2DL3","3804",TRUE
"JMJD7","100137047",TRUE
"APOBEC3D","140564",TRUE
"OR2A7","401427",TRUE
"MRPS6","64968",TRUE
"ZNF512","84450",TRUE
"GSTA1","2938",TRUE
"RTL9","57529",TRUE
"ACY1","95",TRUE
"NFS1","9054",TRUE
"DDOST","1650",TRUE
"TMEM199",NA,FALSE
"GSTA2","2939",TRUE
"SPRR2F","6705",TRUE
"P2RY11","5032",TRUE
"TMEM141","85014",TRUE
"TMEM225B","100289187",TRUE
"IFITM10","402778",TRUE
"DBNDD2","55861",TRUE
"LY6G6D","58530",TRUE
"ETV5","2119",TRUE
"KRTAP5-7","440050",TRUE
"CFHR1","3078",TRUE
"RBM12","10137",TRUE
"SCARF2","91179",TRUE
"APOBEC3C","27350",TRUE
"CCDC13","152206",TRUE
"ASPRV1","151516",TRUE
"FCGR2C","9103",TRUE
"UBE2V1","7335",TRUE
"PTCHD4","442213",TRUE
"C4A","720",TRUE
"HBB","3043",TRUE
"CRYBB2","1415",TRUE
"N4BP2L2","10443",TRUE
"ZNF585B","92285",TRUE
"CEBPA","1050",TRUE
"H2AJ","55766",TRUE
"UBAP1L","390595",TRUE
"PGAM5","192111",TRUE
"ZCCHC3","85364",TRUE
"MISFA","100506540",TRUE
"TWF2","11344",TRUE
"MARS2","92935",TRUE
"USP51","158880",TRUE
"BCKDHA","593",TRUE
"INSL3","3640",TRUE
"MARCOL","105378220",TRUE
"ADH1C","126",TRUE
"APELA","100506013",TRUE
"CDK11B","984",TRUE
"PCP4L1","654790",TRUE
"ABHD14A","25864",TRUE
"DRC12","283152",TRUE
"SMIM31","100505989",TRUE
"FMN1","342184",TRUE
"HAUS5","23354",TRUE
"TAF11L12","112488739",TRUE
"TMEM150C","441027",TRUE
"NAIP","4671",TRUE
"ZNF324B","388569",TRUE
"ZNF564","163050",TRUE
"FER1L5","90342",TRUE
"ECSCR","641700",TRUE
"HS3ST5","222537",TRUE
"PDCD6","10016",TRUE
"GOLGA8K","653125",TRUE
"GBA3","57733",TRUE
"TERB1","283847",TRUE
"TMEM158","25907",TRUE
"YJEFN3","374887",TRUE
"DNAH10OS","642797",TRUE
"TRMT9B","57604",TRUE
"ZNF718","255403",TRUE
"SMIM20","389203",TRUE
"KIAA1210","57481",TRUE
"CHCHD10","400916",TRUE
"CDK3","1018",TRUE
"GPR162","27239",TRUE
"ATP6V1E2","90423",TRUE
"GLI4","2738",TRUE
"SELENOP","6414",TRUE
"TAF11L14","112488740",TRUE
"PRODH2","58510",TRUE
"ZNF674","641339",TRUE
"ZNF345","25850",TRUE
"RFPL4B","442247",TRUE
"SHANK3","85358",TRUE
"ZNF550","162972",TRUE
"FOXD1","2297",TRUE
"OC90","729330",TRUE
"C8orf88","100127983",TRUE
"SHLD3","112441434",TRUE
"CCDC71L","168455",TRUE
"HOXA10","3206",TRUE
"TMEM200B","399474",TRUE
"C1orf210","149466",TRUE
"TUG1","55000",TRUE
"TRNP1","388610",TRUE
"NACA2","342538",TRUE
"SLC10A5","347051",TRUE
"EIF5AL1","143244",TRUE
"PRSS51","346702",TRUE
"ALG11","440138",TRUE
"ATXN7L3B","552889",TRUE
"PRKDC","5591",TRUE
"UTP14C","9724",TRUE
"ETV3L","440695",TRUE
"CLDN23","137075",TRUE
"ZNF260","339324",TRUE
"LYN","4067",TRUE
"PINX1","54984",TRUE
"CD8B2","927",TRUE
"NPIPB11","728888",TRUE
"LRRC24","441381",TRUE
"XNDC1N","100133315",TRUE
"AP5B1","91056",TRUE
"CHMP4A","29082",TRUE
"PABPC4L","132430",TRUE
"MAGEL2","54551",TRUE
"CSNK2A3","283106",TRUE
"FPGT","8790",TRUE
"MEX3A","92312",TRUE
"EEF1G","1937",TRUE
"NPIPA2","642799",TRUE
"MPV17L2","84769",TRUE
"BORCS8","729991",TRUE
"DPP3","10072",TRUE
"KRTAP5-9","3846",TRUE
"BRK1","55845",TRUE
"PIGY","84992",TRUE
"CHMP1B","57132",TRUE
"EID3","493861",TRUE
"HTD2","109703458",TRUE
"OR8G5","219865",TRUE
"EID1","23741",TRUE
"NOX5","79400",TRUE
"HCAR3","8843",TRUE
"EBLN2","55096",TRUE
"CARD18","59082",TRUE
"NPIPB8","728734",TRUE
"POLR2M","81488",TRUE
"FDXACB1","91893",TRUE
"TRIL","9865",TRUE
"TAS2R20","259295",TRUE
"KDM4F","100129053",TRUE
"CYP2A6","1548",TRUE
"CTSO","1519",TRUE
"COA8","84334",TRUE
"TRAPPC2B","10597",TRUE
"DNAAF4","161582",TRUE
"ZNF432","9668",TRUE
"TAS2R30","259293",TRUE
"ZNF10","7556",TRUE
"ZNF486","90649",TRUE
"SMIM3","85027",TRUE
"HMBS","3145",TRUE
"ZNF225","7768",TRUE
"DND1","373863",TRUE
"POLG2","11232",TRUE
"SMIM10L1","100129361",TRUE
"LIMS4","100288695",TRUE
"ZNF350","59348",TRUE
"ZNF253","56242",TRUE
"C17orf100","388327",TRUE
"CAPNS2","84290",TRUE
"SLC5A8","160728",TRUE
"LIMS3","96626",TRUE
"KHDC1L","100129128",TRUE
"HP","3240",TRUE
"DENND11","57189",TRUE
"LSM14A","26065",TRUE
"NHLRC4","283948",TRUE
"TAS2R38","5726",TRUE
"GATC","283459",TRUE
"ZBED6","100381270",TRUE
"MGAM","8972",TRUE
"FNTB","2342",TRUE
"ZNF878","729747",TRUE
"ZNF625","90589",TRUE
"GALNT4","8693",TRUE
"INAFM1","255783",TRUE
"CNPY2","10330",TRUE
"MGAM2","93432",TRUE
"CUX1","1523",TRUE
"TEN1","100134934",TRUE
"MAP1LC3B2","643246",TRUE
"CHURC1","91612",TRUE
"C17orf49",NA,FALSE
"RTEL1","51750",TRUE
"ZNF578","147660",TRUE
"PDF","64146",TRUE
"SPESP1","246777",TRUE
"SERPINA2","390502",TRUE
"TRIM34","53840",TRUE
"C20orf141","128653",TRUE
"OR11H7","390441",TRUE
"RNASE4","6038",TRUE
"MC1R","4157",TRUE
"CEP95","90799",TRUE
"TUBB3","10381",TRUE
"TMEM179","388021",TRUE
"SMIM6",NA,FALSE
"ITGB3","3690",TRUE
"INAFM2","100505573",TRUE
"CTXND1","100996492",TRUE
"THTPA","79178",TRUE
"MRPL46","26589",TRUE
"SLC22A31","146429",TRUE
"LYPD8","646627",TRUE
"RBM15B","29890",TRUE
"TGFBR3L","100507588",TRUE
"HOXB7","3217",TRUE
"SPDYE6","729597",TRUE
"CCDC187","399693",TRUE
"FRRS1L","23732",TRUE
"TBC1D3G","101060321",TRUE
"HSPB9","94086",TRUE
"SCX","642658",TRUE
"C16orf95","100506581",TRUE
"ANKRD20A1","84210",TRUE
"XKR7","343702",TRUE
"CCPG1","9236",TRUE
"SULT1A3","6818",TRUE
"TMEM178B","100507421",TRUE
"EPPK1","83481",TRUE
"ZNF865","100507290",TRUE
"BOP1","23246",TRUE
"FIGNL2","401720",TRUE
"SMIM47","105372440",TRUE
"PECAM1","5175",TRUE
"TUBB8","347688",TRUE
"TP53TG3B","729355",TRUE
"TMEM249",NA,FALSE
"TPBGL","100507050",TRUE
"GAN","8139",TRUE
"PIERCE2","145788",TRUE
"LY6L","101928108",TRUE
"SCRT1","83482",TRUE
"TCF24","100129654",TRUE
"GOLGA8H","728498",TRUE
"MIA","8190",TRUE
"GFY","100507003",TRUE
"GREP1","283875",TRUE
"C17orf114","119139905",TRUE
"MYMX","101929726",TRUE
"CORO7","79585",TRUE
"MMP12","4321",TRUE
"SPDYE9","643909",TRUE
"CCER2","643669",TRUE
"SPON1","10418",TRUE
"OVCA2","124641",TRUE
"MRPL12","6182",TRUE
"CCNQ","92002",TRUE
"GTF2I","2969",TRUE
"ZNF234","10780",TRUE
"MYZAP","100820829",TRUE
"TMEM238L","100289255",TRUE
"SRSF8","10929",TRUE
"FAM72C","554282",TRUE
"IKBKE","9641",TRUE
"MSMB","4477",TRUE
"LASP1NB","100505576",TRUE
"NBPF11","200030",TRUE
"RHEX","440712",TRUE
"AKR1C8","340811",TRUE
"ANXA8L1","728113",TRUE
"NOTCH2NLA","388677",TRUE
"DYNLL2","140735",TRUE
"OTUD7B","56957",TRUE
"NPY4R2","100996758",TRUE
"GJA5","2702",TRUE
"ANXA8","653145",TRUE
"RBM8A","9939",TRUE
"TIMM23","100287932",TRUE
"RNF115","27246",TRUE
"RPL17","6139",TRUE
"ZNF488","118738",TRUE
"SEC22B","9554",TRUE
"FSBP","100861412",TRUE
"TXNIP","10628",TRUE
"SRGAP2","23380",TRUE
"BAHCC1","57597",TRUE
"RASSF5","83593",TRUE
"STRADA","92335",TRUE
"KLF14","136259",TRUE
"NBPF15","284565",TRUE
"NCOA4","8031",TRUE
"MRPS21","54460",TRUE
"GDF10","2662",TRUE
"MYO15B","80022",TRUE
"FXYD1","5348",TRUE
"AARSD1","80755",TRUE
"ZNF850","342892",TRUE
"PTGES3L","100885848",TRUE
"C17orf113","110806298",TRUE
"UPK3BL1","100134938",TRUE
"ZNF285","26974",TRUE
"S1PR2","9294",TRUE
"CGB1","114335",TRUE
"FDX2","112812",TRUE
"ZNF224","7767",TRUE
"EDDM13","100506374",TRUE
"SMIM22","440335",TRUE
"LIN37","55957",TRUE
"NDUFA7","4701",TRUE
"CCDC177","56936",TRUE
"MAGEA9B","728269",TRUE
"SSX4","6759",TRUE
"ERFL","390937",TRUE
"NBPF12","149013",TRUE
"GABRQ","55879",TRUE
"SLC6A14","11254",TRUE
"SMIM17","147670",TRUE
"ARL14EPL","644100",TRUE
"FAM156A","29057",TRUE
"SSX2B","727837",TRUE
"MAGEA2","4101",TRUE
"CTAG1A","246100",TRUE
"SAXO3","101059948",TRUE
"HSFX2","100130086",TRUE
"H3Y2","340096",TRUE
"CSAG2","102723547",TRUE
"CSAG3","389903",TRUE
"CT45A1","541466",TRUE
"ERVV-2","100271846",TRUE
"ZNF728","388523",TRUE
"CT45A3","441519",TRUE
"TRABD2B","388630",TRUE
"FBXO17","115290",TRUE
"TMSB15C","122394733",TRUE
"MAGIX","79917",TRUE
"IKBKG","8517",TRUE
"ZNF587B","100293516",TRUE
"SPIB","6689",TRUE
"NXF2","56001",TRUE
"NXF2B","728343",TRUE
"H3Y1","391769",TRUE
"ERVV-1","147664",TRUE
"TMEM185A","84548",TRUE
"CT45A10","102723631",TRUE
"ZIM2","23619",TRUE
"NBPF9","400818",TRUE
"CCDC194","110806280",TRUE
"SLC25A53","401612",TRUE
"SSX4B","548313",TRUE
"RNF225","646862",TRUE
"EGLN2","112398",TRUE
"MEI4","101928601",TRUE
"NCBP2AS2","152217",TRUE
"NBPF8","728841",TRUE
"H4C15","554313",TRUE
"PPIAL4H","105371242",TRUE
"NBPF14","25832",TRUE
"TAF15","8148",TRUE
"GAS2L2","246176",TRUE
"H4C14","8370",TRUE
"RASL10B","91608",TRUE
"CT45A9","102723680",TRUE
"CTAGE15","441294",TRUE
"SRXN1","140809",TRUE
"NBPF19","101060226",TRUE
"NBPF10","100132406",TRUE
"MMP28","79148",TRUE
"CCL5","6352",TRUE
"LIX1L","128077",TRUE
"MILR1","284021",TRUE
"SMIM32","389332",TRUE
"ANKRD34A","284615",TRUE
"GTF2H5","404672",TRUE
"NUDT3","11165",TRUE
"KMT2B","9757",TRUE
"POM121C","100101267",TRUE
"CD24","100133941",TRUE
"CFAP206","154313",TRUE
"MUSTN1","389125",TRUE
"ZNF595","152687",TRUE
"DOC2B","8447",TRUE
"DCP1A","55802",TRUE
"SPMIP1","100130705",TRUE
"C2orf15","150590",TRUE
"NBPF26","101060684",TRUE
"SNURF","8926",TRUE
"H3-7","440686",TRUE
"TBC1D3K","101060351",TRUE
"AGBL1","123624",TRUE
"H4C12","8362",TRUE
"CWC25","54883",TRUE
"EPOP","100170841",TRUE
"ZNHIT3","9326",TRUE
"CT45A7","101060211",TRUE
"H2BC14","8342",TRUE
"LHX1","3975",TRUE
"CYFIP1","23191",TRUE
"H2BC8","8339",TRUE
"USP27X","389856",TRUE
"TAF9","6880",TRUE
"NOL12","79159",TRUE
"H3C8","8355",TRUE
"CASTOR2","729438",TRUE
"NATD1","256302",TRUE
"ANTXRL","195977",TRUE
"SOCS7","30837",TRUE
"TBC1D3H","729877",TRUE
"GGTLC3","728226",TRUE
"GAGE13","645051",TRUE
"ADRA2B","151",TRUE
"H2BC6","8344",TRUE
"ZNF658","26149",TRUE
"TMEM269","100129924",TRUE
"TPTE","7179",TRUE
"TBC1D3D","101060389",TRUE
"TBC1D3L","101060376",TRUE
"RCC1L","81554",TRUE
"SPDYE10","643862",TRUE
"TBC1D3","729873",TRUE
"H2BC17","8348",TRUE
"KRTAP7-1","337878",TRUE
"H3C6","8353",TRUE
"TBC1D3B","414059",TRUE
"TBC1D3I","102724862",TRUE
"H2AC12","85235",TRUE
"ZNF280B","140883",TRUE
"MLLT6","4302",TRUE
"PPP4R3B","57223",TRUE
"SYNRG","11276",TRUE
"NUDT18","79873",TRUE
"ZNF2","7549",TRUE
"LENG9","94059",TRUE
"H2AC15","8330",TRUE
"CCL4","6351",TRUE
"PRAG1","157285",TRUE
"FCGBP","8857",TRUE
"HNF1B","6928",TRUE
"XKR5","389610",TRUE
"AATF","26574",TRUE
"H2BC9","8345",TRUE
"H3C1","8350",TRUE
"CCL15","6359",TRUE
"RIMBP3","85376",TRUE
"ARHGAP23","57636",TRUE
"TUBGCP5","114791",TRUE
"PRSS2","5645",TRUE
"TBC1D3F","84218",TRUE
"DUSP14","11072",TRUE
"SPATA31A7","26165",TRUE
"UHRF1","29128",TRUE
"ORAI1","84876",TRUE
"CCL4L2","9560",TRUE
"CCL3L3","414062",TRUE
"H4C9","8294",TRUE
"TADA2A","6871",TRUE
"PIP4K2B","8396",TRUE
"H2AC14","8331",TRUE
"H2BC3","3018",TRUE
"FAM25C","644054",TRUE
"RAB7B","338382",TRUE
"DACH1","1602",TRUE
"H2AC16","8332",TRUE
"H4C5","8367",TRUE
"H2AC8","3012",TRUE
"TYW1B","441250",TRUE
"F8A3","474384",TRUE
"H4C4","8360",TRUE
"PIGW","284098",TRUE
"CCDC92B","101928991",TRUE
"H2BC7","8343",TRUE
"PCGF2","7703",TRUE
"SRCIN1","80725",TRUE
"MARCKS","4082",TRUE
"ZNF670","93474",TRUE
"NEFL","4747",TRUE
"CCL3","6348",TRUE
"CHD9NB","105371267",TRUE
"H2AB3","83740",TRUE
"SYT15B","102724488",TRUE
"H3C7","8968",TRUE
"PSMB3","5691",TRUE
"H2AB2","474381",TRUE
"SRD5A2","6716",TRUE
"CISD3","284106",TRUE
"RDM1","201299",TRUE
"DDX52","11056",TRUE
"CT45A8","102723737",TRUE
"ZNF8","7554",TRUE
"PRICKLE4","29964",TRUE
"MYO19","80179",TRUE
"CT45A6","541465",TRUE
"TBC1D3C","414060",TRUE
"GGNBP2","79893",TRUE
"ZNF229","7772",TRUE
"H2AC4","8335",TRUE
"DHRS11","79154",TRUE
"ACACA","31",TRUE
"TMEM191B","728229",TRUE
"NR2E3","10002",TRUE
"H2BC10","8346",TRUE
"TBC1D3E","102723859",TRUE
"C11orf98","102288414",TRUE
"MRM1","79922",TRUE
"H4C1","8359",TRUE
"GOLGA6L10","647042",TRUE
"H2AC17","8336",TRUE
"H3C10","8357",TRUE
"MRPL45","84311",TRUE
"TP53TG3F","102724127",TRUE
"OR51B2","79345",TRUE
"PRAMEF13","400736",TRUE
"TSTD3","100130890",TRUE
"OR4N4C","105369274",TRUE
"PCDH20","64881",TRUE
"CCDC163","126661",TRUE
"PAGR1","79447",TRUE
"TMEM272","283521",TRUE
"BLACAT1","101669762",TRUE
"TMEM265","100862671",TRUE
"TEX13C","100129520",TRUE
"LBHD2","107984640",TRUE
"C13orf46","100507747",TRUE
"SPRR5","110806278",TRUE
"TEX54","111216277",TRUE
"TEX52","101929469",TRUE
"CNTNAP3C","100289279",TRUE
"HSFX4","101927685",TRUE
"PRRT1B","642515",TRUE
"HSFX3","101928917",TRUE
"VSIG10L2","338667",TRUE
"PRSS50","29122",TRUE
"TAF11L11","112488746",TRUE
"TAF11L13","112488747",TRUE
"SSU72L4","441584",TRUE
"GNG14","105372280",TRUE
"SLURP2","432355",TRUE
"SSU72L5","196120",TRUE
"MSANTD7","100421372",TRUE
"SCO2","9997",TRUE
"SSU72L2","390031",TRUE
"C2orf81","388963",TRUE
"PERCC1","105371045",TRUE
"SSU72L1","390033",TRUE
"THSD8","111644133",TRUE
"SSU72L3","143506",TRUE
"SMIM44","122405565",TRUE
"SMIM38","107984345",TRUE
"EEF1AKMT4","110599564",TRUE
"TBCE","6905",TRUE
"CIST1","729966",TRUE
"CCDC39","339829",TRUE
"UPK3BL2","107983993",TRUE
"ARHGAP11B","89839",TRUE
"NOTCH2NLB","100996763",TRUE
"FAM246C","117134596",TRUE
"ASDURF","110599588",TRUE
"SPEGNB","100996693",TRUE
"TMEM217B","121725057",TRUE
"NOTCH2NLR","101929796",TRUE
"DERPC","113455421",TRUE
"NOTCH2NLC","100996717",TRUE
"H3C2","8358",TRUE
"H3C3","8352",TRUE
"NPBWR1","2831",TRUE
"ACTL10","170487",TRUE
"PANO1","101927423",TRUE
"PRRC2B","84726",TRUE
"F8A2","474383",TRUE
"F8A1","8263",TRUE
