,PC1,PC2,PC3,PC4,PC5,PC6,PC7,PC8,PC9,PC10,PC11,PC12,PC13,PC14,PC15,PC16,PC17,PC18,PC19,PC20
ACH-000828,-15.327582704673253,-1.8537024871878043,4.210961500482545,-0.4390507633549743,-1.4357903060962376,4.328585843077193,0.19197193777221752,-5.566954942100817,0.8179118436205398,1.5975579418350787,2.436841679771226,6.9438679801283945,-2.3338253617692013,2.4738268687740614,0.9641420649335056,0.4551138946377981,3.1159099870607894,0.27625287600813936,0.1788968705722364,-2.218750439667493
ACH-000117,-12.942096070669592,3.0192243005387094,4.515107271252167,-1.468001011370118,-3.862019186070941,4.950758497097358,-0.27326163626632183,-1.6555838651321972,-2.2163813751172774,0.5752320902721704,1.8501692479338268,0.031282599499173586,0.34227002326059125,2.3066518544115415,0.3720183036560961,1.9872465083984696,-0.28174874471892436,-0.9974370341500594,-1.363148312449767,-3.560971521143318
ACH-000017,-13.543308116323155,5.298647183063737,3.30692627134791,-2.04148648328382,0.6132832081354036,5.448873317067256,0.46654755529030306,-2.891105896815122,-0.006243915416297151,2.3499390847872,2.540769267106556,1.2058439557632432,6.589465278154636,3.63912472942562,-1.5069534406625438,0.48590946171069355,-1.0457454477949073,-0.953965183330951,4.013157713395317,-2.2690368448962803
ACH-000276,7.484311484622586,6.1399710113868595,11.28430317690418,0.07075330035978987,0.9133847530567216,-7.107239756479904,1.3418625487369682,-1.7370595892880798,0.9908953453300938,-1.7717019892761077,-0.21158827800869467,-3.29627856320131,-2.0382386850150644,-1.3317011925753544,2.2238991950437805,-1.3530760580485597,0.5122368330543033,-0.7001189260189383,-0.3631989401305356,1.1303581944989867
ACH-000554,-15.104882086132069,6.3342910775479675,4.113353800333127,-0.005730944072472003,-1.0340249430557418,5.96979696717672,-1.6289135325496382,-3.5449995615697514,0.37237516582624364,1.766907363150961,3.0316693641128327,-0.5750565360154374,1.58048156798713,3.599944068850822,1.754763965981238,-0.6910890640414102,1.7159016915273504,-0.6241205028283355,0.3990525831656544,-2.4958408918009756
ACH-000818,-15.434215571630302,1.095025125483879,4.274327562008742,0.3217420673548736,-1.7789587221072207,-1.6618018194855173,1.3433286070483217,-3.179843317257818,4.890236100979852,0.5956484145977207,-0.4077695290506412,-3.1428554572544676,-1.3208816626041147,2.846534875450949,1.8947417081491549,-1.2745580027851362,4.419035876795919,-2.87156543785811,-1.0764020522746032,0.4398040717522753
ACH-000856,12.291329833910712,-12.081407888975935,-2.664078789805088,0.2145852280801744,-0.8000734180881561,-0.7803049117867373,0.30569838899287427,-4.938333655560911,-1.7379170046602215,0.15000511239256206,-0.5482569306831193,0.567764544148732,-0.7619417032083696,-6.281264523380289,-0.4017026830121292,-1.2550469052992,-1.0139739193790076,3.704830983024954,0.3845577668324593,-5.503393968706452
ACH-000223,-1.245439882746608,13.91320418338925,8.747655883606393,1.2484186713981547,5.33063949830258,6.395107530103971,3.152852554772481,7.55841993534369,-0.420476785838172,-1.783742899205456,1.4000452511941552,-3.7049190088081683,-0.6565347386137401,2.692377490036546,0.7378534603615481,-2.3990301015338944,-4.582476091057949,-5.35380747628914,-1.621225273008771,-0.09790745727096009
ACH-000019,-12.299578331751963,-3.1668873909134505,-4.854093284520338,2.7340144506230746,-4.84809402510894,-3.144374452093805,1.5483912571774257,0.6503537765802729,1.0060057470198747,0.9149255116297256,-1.152530550881947,-4.128101308254463,-0.724294613655358,1.3205237160449277,0.29658319587979376,1.80099751147655,2.1013215228865803,-1.672492343138805,-1.794626423589272,1.0708130531872155
ACH-000330,-10.474133764773553,-2.3106669920152876,2.685392236509387,-2.505029997877668,-0.813306682741343,-4.511270894482065,4.592757666468625,-0.7326910949816772,1.253088735621785,1.1463298298959321,0.13336543474221565,-1.4467487638372087,-0.38803356245552867,-0.3842211624988299,-0.34682278340672357,-1.75769141862803,2.148280166099802,-2.8466214571486286,-3.057070495015844,-1.8156119562641646
ACH-000643,4.722383570967061,7.941341975810777,6.805388184461037,0.5824938922116735,2.7907160791700765,0.9689458094345258,3.370146224980437,5.266481083157334,0.22401476574665388,1.3043901437822834,-1.637744876250341,-3.1745886251774613,0.18739611367483694,-1.723382506436385,-1.4383145746732684,-1.2416726954787538,-4.284229803783882,-0.9305648859398199,0.7358244865773149,-0.645284323138165
ACH-000573,28.217215586934845,-13.94477073550027,-11.360236106765711,-3.2920514543886377,-0.3508990983513313,0.7362057305973618,-2.060679688442144,1.0652937637743631,-4.540800543182214,-0.19369171135282665,-0.29435667188663683,4.281771312091795,4.017800840470878,-2.498056507903969,1.9186038168457904,-2.675326584345197,-3.8372507492952197,5.04913731625721,0.7010377014410094,3.232044965735081
ACH-000711,4.859754175400945,9.164600102496063,6.96578078975598,-4.687391107308154,-2.6124845928355778,-1.5838206026464083,3.774418183790204,4.491754088809179,1.0354763258659825,-1.2314419186728003,-3.644217805039613,-2.170323130673742,-0.22383578500504622,0.6534830472957748,2.177140307770765,1.1233160444657835,-4.007624404771033,1.2353842538420214,4.349325201183176,0.3462219618228332
ACH-000248,-12.242937399464065,8.700272343302087,3.5686645072944896,1.1244849419951743,0.45251853598529374,8.08664142400723,0.2451134725960968,-4.09839598129523,-1.7055463537095015,2.6712462790724274,4.863916281062326,2.3465714024283617,5.466226166411193,3.0020298529697294,-1.7730333765619564,-0.5713223929665271,-0.7704267529341015,0.4552024020932834,3.7159725821273972,-3.8199815229709384
ACH-000783,-11.49002805875321,-3.4790542176516652,-3.964200362579449,-0.23534374105142364,-2.7722267924428374,-6.2218313235947305,1.5239021588420318,-1.7581786021033474,0.2985524585712851,-1.7221325240623977,-1.2827783929268202,0.5066133825062512,2.198460083709291,-0.34999719960237297,-2.967119632338319,2.159579635182065,2.9615857885108556,-3.453071661259165,-0.21521639687080618,1.7618867860301137
ACH-000857,3.085118327536948,8.340801594176558,6.549640413986404,-1.4455908851233497,1.2999044099906876,0.5411329821339461,3.132144276973259,4.876162950205373,-0.19582616341975376,-0.030390946237748847,-0.8902209528036721,-3.7009515957155514,-0.43879723427605244,-0.6414109047514283,1.5925946553004204,0.6649850138364413,-2.2635017232599295,-0.7553923662124982,1.803393478908335,1.2837376158983493
ACH-002499,12.434831584025261,0.6818740374940574,4.44021930798113,1.5798708916569313,1.9112290283522102,-3.7707068388826936,-0.6577376379408568,1.2771293124243621,2.673602620440523,-2.4281048411375443,-0.7562675541391481,-2.786900544430111,1.0916561951468462,-0.22387427375956392,1.6443221348006292,-0.8906703959420679,-0.7753604726998221,3.6127489603364835,1.9340050220595313,-2.8217809875451194
ACH-000759,-16.80338480376054,8.615314021380595,9.225682811973055,0.36178648105401434,2.156924273399323,9.93245023649055,0.5309581048743998,2.9969775000094243,-0.6078154267019231,0.8052355926544262,1.9325290816079947,-3.622778525225705,0.623167592329792,5.0770674092634565,0.5773122412168153,-1.5888457568062833,-0.8111319869895438,-3.576591428589532,-0.11262725662451614,0.8795244872320015
ACH-000196,1.7259338860853035,9.065718595343501,-2.088022711153135,6.175106186142641,3.2403469795690687,-8.275469559671066,-4.522948822819638,-3.9660277512707065,0.39088638858726554,0.407270003751843,-0.3114559331476758,0.40805412593518076,0.8284306132553501,0.6818839496650909,-3.473359954264915,-0.5526958538816479,2.732969992796723,2.8878378969056686,-0.009261145688137833,-0.8395422207062351
ACH-000910,-14.848577921497041,-0.9846873696491246,-5.814229383709007,-0.43700563252968583,0.38829896550380055,-2.0636702345923723,-1.4380988752290647,-3.4808508917869707,2.021348900413249,-3.054561968565104,-0.6316536160651934,3.2043900205066382,2.2900830736280495,1.5776760349929864,-2.9727692794124985,0.6788326987273824,4.259964805556362,-2.3211903705151005,1.6429765721627865,-0.8593377191263523
ACH-000258,4.683604598460764,-3.0306317265654252,-11.508441489607872,0.17908432628337775,-2.80527342343575,-4.678360773499423,-6.263958032048269,1.7427662175903815,-0.5661477891944134,-7.344074146908741,-3.3128281761508656,0.44384328871352063,-3.431367703246922,-3.7915699836451693,2.7898116351077324,-2.0618790467836705,-0.9339936107987514,-5.336191401135949,-0.8003211921277613,0.1640922042015371
ACH-000691,3.871961567601048,8.761629368929832,1.5074932945013089,4.955849878960866,3.6175854907120994,-6.487514028153227,-2.6990519937586033,-0.6965006337518909,2.0834462716931386,-1.2353157317311192,-2.8120513971499856,1.3715431944628182,5.376399731028567,-1.7375541632449416,-0.4319202376190736,0.005136302581155979,-1.09065972730288,-0.5588730692524189,-0.7239131114574946,-2.489665227910994
ACH-000147,-11.932174972769522,-2.3354688250453624,-0.13931783140926798,-0.2497735789819495,0.3108454373945844,-5.01392569993654,-0.9280220537587192,-0.9181941170236568,0.2891531725984088,2.943761565599097,-1.9387292469193456,-4.037350787981759,1.7383080839445868,-1.9614217680320016,0.3819702265753487,-4.254867465734987,5.186974166793798,-1.5520032990431694,-2.664524980273167,-1.394215200448642
ACH-000930,14.181405290624795,4.7459727371741955,-0.2520957993185268,0.6813622966445625,-2.7742450892114903,-1.0598382130621868,-1.9486675170695762,-3.028460522740136,-2.282292410953508,2.0959832803155845,0.915980348522577,2.0400364847423718,3.0342790268832283,2.81005813570353,-1.8506374016127174,0.6755514773217793,-2.916216440280761,-0.3588534036605915,-6.923212088031239,-3.051940614280027
ACH-000374,6.786795416618202,9.873468943909883,6.248197189587422,1.3243020845431248,1.131004940633131,-3.525784461091321,0.10525490259458294,3.6562941874119503,0.36800722097136346,-1.213193736858735,0.5466152641717505,-1.9988383039668387,-0.9182212434510577,-2.077675203658989,4.163951315042077,1.7556126266053813,-0.8816402904454705,-0.04677646565392555,0.7714312425577182,1.3388459320278452
ACH-000148,38.51575769560369,-24.427141886734894,-2.1920117570738005,-5.893721648003644,-3.3423974101228966,-6.942269074918249,-1.4764997765242276,-1.1511676113446394,-3.929674967851456,-0.12557182835289984,-1.605353978697531,5.742461936089049,1.1195335337667542,-3.0991002972445534,2.696143860888079,1.109768694815972,-4.454420778823583,3.5432620115741598,-1.2477833203762712,2.020080475725002
ACH-001705,-0.8457544312244566,11.662694462485641,5.789663184800219,1.426305394916857,3.143568768682649,4.730492106685192,0.9929347542441372,3.6250663303270083,0.35346226561594574,-0.44101949262149015,3.1899622314863847,-3.985243540860419,0.18125805634463543,1.6473623101247672,1.4447691453543352,-0.6595583804451015,-3.1678024301290297,-1.0877152562204948,3.704342768047036,1.1791327897080783
ACH-001392,-15.515828215888671,2.0023684392835017,-0.33372048131516985,-0.9222175377629099,2.6579372927251166,4.559858842795384,0.34512210735106635,-0.45192508658321456,-1.7587206749026412,1.838994392776433,-1.8580569209665934,0.9949483023283395,1.0352016511420306,-0.6992227271650875,0.6181944868235703,1.88814586497988,2.3224154258090786,-0.7151491098315731,-1.6470126626593775,-1.5579081157082515
ACH-000668,-6.413781487862736,12.19596531484067,8.987797744521204,3.246837300127237,3.3503721357464595,5.580539220564399,3.923176106299735,3.1128989431457423,-0.5166211100301751,-1.6587204543957403,0.6840289213406591,-2.515366548747883,-0.2649728310378234,-0.7328071599185941,1.560480484670733,-1.602758293840867,-1.245687320428035,-1.8978720990028588,1.8205977006640575,-1.5406332959346598
ACH-000876,-11.408041698686493,-0.04573157251791743,9.622629294698887,-0.3840672565023154,2.450050441574899,6.174699018167382,1.039279597501682,1.7113545952859306,-1.6438098326421482,-2.4308966287071003,-0.6077835897143082,-1.2053046604338777,0.755369496766722,0.35961218720366905,-1.1231500073883798,2.9780143133560917,2.61233814390426,-1.8461627449810292,-0.3228205240948606,-2.4642775125566554
ACH-000699,26.6528149609505,-12.374716736240304,-8.589208558777262,-4.786360372186816,0.06715568083164547,-2.467964480241807,-0.6930111013289171,0.22372438538898193,-4.178088618876379,-0.7821011428195906,1.159457923769022,2.881449841491346,-1.176310372275621,-3.8562352655862897,-0.7446572840481276,-0.2822481461733178,-1.3142017858222483,2.2630440326583194,-2.6350462952931304,0.7561975213571475
ACH-000044,-8.528734721621799,-8.495022122400306,-7.617406456924928,-0.536597228129137,-3.9094178994111224,-6.1586414803681695,-6.913042361001148,-0.5382335358325808,3.538732615576078,0.7573121195499707,-2.0995395244004054,-0.8322033508710294,-0.25341937196049136,0.3469255975387107,-5.003789977367345,0.094388975964603,0.8072520307435228,-4.61908495650318,1.6805588869195627,5.515262883628985
ACH-002921,-14.550998102386451,-7.495437782911572,2.831574184976755,0.6028883169238657,0.24584351181112474,-2.5806441139059144,4.854157790238021,0.962250212376544,4.941485090395723,-1.1557936701893237,2.021414917882807,0.6268285736800924,-1.3981136575932758,0.006482239349682199,-2.024258786866954,-6.513578443633982,-1.2599689628229886,-3.3422049521633883,0.19361059855200233,1.297717200807603
ACH-001396,-14.13217001683233,-0.9922454875352213,-4.23561180023236,-0.5108610716065323,-0.9992613068106792,5.816589223334916,0.030405285938723655,2.6214477712643816,-2.901679140255043,1.6611860589937835,0.6266653623092815,1.544161087294478,1.253311863047387,-0.5674391766715771,-6.622551368509094,-2.69449525385364,2.6486300239209046,-1.0337754215626138,0.8203212131387826,-2.3842024081715127
ACH-000352,-8.561569424978602,-2.409210466792599,-2.0809948591999454,1.6942389612853257,-2.7854156733201902,-4.69794620447642,0.026190672448880598,-0.7645067620760421,4.501867246068488,2.266915149486162,-3.4681694807119476,-4.648589318295302,0.7798620248471512,2.7437588223765776,-0.5434836505157409,-0.022518559057379765,3.1345485675886646,0.4951981797493934,-3.5509469828994504,-2.0246043565637577
ACH-001419,-3.199194869728569,10.500701232634166,5.338088418158204,0.8852885459295576,0.9381976015714936,5.159333898779519,0.1429593222736595,3.2342521627720116,-1.3756892099909306,2.993594774919032,3.11043651316088,-4.4312587504287935,0.6566096691051485,3.3941779696544185,0.483245257093767,-0.43973470808517817,-4.033313816752676,-1.963713355594079,2.69778197369585,2.071766991816945
ACH-001390,8.055012145427847,2.0512132352270878,-4.894413993916505,-1.2944248939902077,1.486399368369887,-1.0401194299170555,0.3150734679676354,4.931491506415378,-1.7164573772104248,-0.16976732515434928,-1.3546250924505103,3.1008270538523095,-1.5533109658377842,-1.8690953462680562,-4.48049906311115,3.5902572005002105,-2.8215584447644937,2.3553866482579897,-1.3260220499866844,2.9595680960525854
ACH-001389,33.233695584889766,-21.242844747208185,-16.230067395525836,-0.3091994285411905,-2.1336403961611268,-3.7938001624730635,-1.722929868120073,-2.072547882499492,-3.872370254239512,0.1893753942969963,-2.27212030058081,6.582576538151035,-1.1332833647393743,-2.1837746854962865,1.9412320424948775,-0.2081555413882544,-2.2877181983405257,5.2529800117781,-0.39544517884452796,1.1685731737926865
ACH-001388,8.799721212957845,-0.14001399359326172,-17.98866024272134,-0.30947904121480285,4.02573241715783,1.4078843552614644,-1.564679818792147,1.5887893081992275,-7.374462177732391,0.5389326337309384,-0.18417994175289687,4.287699311751318,-2.0768320085624112,3.833821512171129,-1.720157758071284,6.2394009864927895,1.2816023514098975,2.770651600753155,-3.423225444425805,5.7295424754465
ACH-001395,-10.73541729549303,-4.960801095692068,-3.5984911719299557,1.3745014587514304,0.5126252716070755,-0.03842296544225849,0.280551313723431,-0.9101264349844899,4.025813852393159,1.1634044742304888,-4.625793153748663,-0.003920276060013442,-0.3393469219349413,2.491646670740308,-5.205658199747277,1.9243538896414185,-1.2327108076142255,-3.3225949837396445,-2.2446799510015705,3.272337585244088
ACH-001683,-13.899560454757292,3.9650181517001664,2.4200864527211987,2.351163357752541,4.0810993357420955,5.549688108368765,1.4851663349955933,0.8449048234466575,0.6246394028975648,1.8720318636433444,2.7820391834829166,4.706091733307534,-2.108333301961279,0.6717717261513153,-2.7039286617670286,-1.8073562652023722,-1.0643618863529294,-1.9976148138946752,1.204993337306058,-1.1435957488628548
ACH-000536,-3.0720034653684016,14.032488396627478,2.7568635446789687,1.4382390239529839,-1.0858813574218884,-0.5509250542458695,0.4513552119140326,1.103972613022474,-0.5480480923323904,-2.344200407508313,0.3233797148432897,-4.613403795926815,1.0426279463206205,0.2989263264585757,-0.3759911438064796,-1.8100906748870829,-5.195729215616923,-0.32046000755798143,2.3459222997663,1.5796810513664612
ACH-000568,-11.436328002810583,-0.16783362238779745,2.1618652215455487,-5.4445757231819725,-1.4750003755489343,0.8562806426879899,0.7638947093044978,-2.0145214555469573,0.91058227678502,2.0600980464492875,2.3477266387876314,0.09219343816759365,-1.8142168703011672,2.1106488994076766,2.6873501430668005,-0.9362654462479487,2.997069238646069,0.1456337920574255,0.43534347115146016,0.16709520946493503
ACH-000111,7.115745030848852,6.348075454564029,-1.874774434512824,2.1884778886619363,1.2413290577148335,-6.916591886287872,-1.5676242097548003,-5.5505361036751095,6.404718988292717,2.69406353420552,-2.561935694050321,-1.0188837148287933,2.424895317040983,2.0359025701177407,0.45827716262901896,-0.04004261667110146,-1.5866718285217325,0.5093436459743682,-0.4105709814188264,-4.103934930375162
ACH-001819,-13.10739301914942,-0.6796385138659596,3.2290983290183,6.000363763994773,0.2545240400237286,5.072902405669552,-0.8832834362958062,-1.9347952653226557,-1.9393016516440404,2.384189287849847,-3.5777629036951977,0.6294723994387181,-4.20903971511794,0.8763215119534298,-3.3154441103775376,2.308182006185147,4.196242204969294,-2.4990870686243634,1.6465588274625627,-0.29493620000747595
ACH-002401,-0.8296874808387117,12.296723225057764,8.628321194673424,4.124047101023413,2.349296661816057,6.526102933271881,0.9909405199055914,3.848195051904912,-2.4362701850694553,-3.2044173875644058,3.039257934929421,-4.343591834693836,-2.7050991606398465,-0.5279760313161748,3.2179221845938506,1.8947909945486747,-0.7698922073815114,1.6088183152098232,2.77592643788944,3.1980854353912083
ACH-000212,21.838351019792626,-13.230341585437577,-1.9311939960099176,-3.8938309564819362,-0.41442266155034346,-6.417106872941336,0.3140637775378564,0.6793237311949645,-0.22011371274379588,0.505062493345527,-2.1301391495161597,-2.7133246833802884,0.5165954411478044,-4.468671507547551,1.2886411387950432,3.732235058933436,-1.3986273549045598,4.074491686006911,2.2523445890791844,-2.3911004293648226
ACH-000621,30.222269499264613,-20.402417014750696,-7.780344993472372,-3.651504146938678,-2.324247169810552,-4.14359292002961,-1.270743554598743,0.7393722439858125,-2.500346332544567,-0.705315968622769,-2.93168899517887,4.037500991712598,1.309306372965201,-2.050525129529315,-2.33042144497801,0.0137765529456992,-2.3743392712584095,2.1374179455885485,-4.272346058400781,-0.391703944644121
ACH-000849,-3.4840116303901514,12.338715550298405,6.389438819525561,1.5254760614876315,3.7289907676779306,2.0746110895968246,1.946915380753387,2.437879989313235,1.1155382127244722,-0.7336700802673466,-0.5870500479747295,-3.061464973246882,0.11203287849310818,0.5069530767611897,-0.2030569813056204,0.39856576456602766,-2.373106801810719,-3.1061241648706512,2.107031198572112,1.9365029295145446
ACH-000028,-12.653244745461874,-1.2323033293177257,-0.4701944420095586,1.740105108369687,-3.94712228036856,-1.4005949831596325,1.2183334255946616,-0.11896825424107442,1.9873346426608542,-2.4162810118151166,0.3197603958957856,-2.4250233564922294,-0.3392640504129422,0.601130444721527,2.351517172340491,0.9575899884244089,3.9872581993777314,-2.3098412453264134,-0.20990344439335712,3.885507406116904
ACH-000277,-19.502983344704173,-0.16401320443656978,1.802023574981464,-0.6466493291040254,-3.4819096788679693,3.4614171239483964,-0.5170679479665535,-5.414729718499408,0.6081358402546387,2.4425296053385255,3.308307911826286,0.7196346277694924,-3.216210724458236,4.080513126185108,1.49393523772943,0.039643660126596716,3.653061502689718,-0.8581945956547057,-1.203479620448209,-2.2679494926882193
ACH-001394,6.7866936695492095,6.885543883312053,1.9948256219579656,-0.5691315931079406,1.3836393907875928,0.8464012393285572,1.2264415178488457,4.732572787220156,-1.2236574456934852,-1.3627771119293937,0.5868954243636745,-1.5245631531537596,1.002292419984592,-1.0793646827995664,1.8267366233658615,2.634537042051954,-2.5257587155942396,3.3675874510851345,2.343349883246743,3.070767073768382
ACH-000721,26.522913349646423,-18.467786402652283,-17.536831859299586,-1.17711356310641,-0.5410358853496293,-7.092023250951278,-1.806567409747492,-0.9190879340930443,-3.4839504809382356,1.986873697498602,4.119090603519238,6.17625919828831,-2.1922173711278132,-3.798192851800631,-0.6224043556283035,0.8669794535101106,-0.5417165663917535,8.039920058689656,-3.6113496553226945,2.756893498922497
ACH-000902,-11.168702081987691,0.12726025023909882,-5.259365412207522,3.165057563768529,2.3323930152679284,-3.2122086576060824,-5.564318634425872,-4.6858894491933,3.6040467359908863,-0.8269985292324444,-1.7833733753316383,3.410774297657203,0.07883351039989675,0.8638104581331918,-0.7256552092441328,-0.7693236714161792,1.4943113433158477,0.10382847636037577,-0.694401782663841,-5.6970947609063955
ACH-000097,-13.836162555349956,-0.2001829891081308,3.6755543642420836,1.45598240364489,-0.22378037240275642,4.744209394235353,2.070606409662671,2.0004741729193998,0.7894119088021797,0.8653745868734494,-0.7492896648051008,-1.581096801618821,-0.15632470348865415,2.0462859289507294,0.6305578760629392,-0.21329556756920373,2.2965778206357896,-1.221457220177021,-1.7874976965562397,-1.0465766944619626
ACH-000927,-13.761024426150124,-1.3407576289515533,-0.017888336264294744,2.97535348234102,-3.08952936385668,2.665707743520535,-2.8714767907596532,-6.699010950930322,2.239971326719483,0.317093506949093,1.5702835160832633,1.4095424752749968,-1.9870608755260029,1.6374559142326102,-0.5808019899184507,1.0934773879177893,4.720091068820333,-0.6430968957191264,-0.6036907303290914,-1.8539627855625358
ACH-002399,-0.9460448557637935,14.127087123426842,8.989548426189964,5.258231772224268,1.9583043982311932,1.8988249068431942,2.925450530698456,2.6909069747324215,2.290278257229224,-1.5043485759189898,1.9746130405098061,-5.609487496217658,-2.9683280665424743,-0.6553996550481463,5.613209395463127,-1.3112448892158923,-2.220632568084227,0.5499401035909384,5.306286741079162,2.102997996839554
ACH-001391,29.54463196510393,-16.974981833927046,-11.254257535647765,-5.171327008307448,-2.5014373485629027,-0.9743052622185531,-2.720164969580323,0.5489571932970172,-3.0541861126350542,1.9286008939302168,0.8905813637125631,5.083002379871769,-0.478035811691939,-4.116516127704432,0.13928504944338183,-1.0757950333146948,-1.7058860726789917,5.020769490013538,0.06824929970670948,4.00763855955782
ACH-000768,18.795278221488044,-11.81717614158421,-4.402822356902128,-4.566653282254318,0.9323759380027226,-1.2804460046857014,1.0384823531814724,4.080149534796941,4.445596068247252,0.8246368531649609,0.6447951897433117,-3.8085582848375803,1.7812560410827072,-5.907653891280439,4.092236818616856,-1.719926848673097,2.3115611140210994,4.319892371096139,2.142277457514008,2.0578343789930225
ACH-000288,33.09060292162731,-17.57073814881753,-7.547496946362886,-5.817234453633552,-1.7228247501921372,-5.951874058719093,1.077596228449124,-1.4516516317339634,-2.38849003226706,-0.25915827101092986,-1.431109925295739,4.6852145521050845,1.0910807683405657,-5.322044079424658,-0.8329062790475736,-0.4552477879129319,-2.356714229263256,5.727990123684579,-1.5043812967219818,1.0817731338039909
ACH-001662,5.8849126078025185,2.1914830860925036,-9.396798374890174,-3.8863273017525417,4.53461948192594,-4.5145151646632256,1.1318703848410345,0.5421733017190994,-1.1849857764194915,-2.1218865639086473,-0.2806083789486096,5.356291203942022,1.1014830348969646,2.6194189365370746,-1.4579843332462736,2.5853242158109087,2.836627276997411,0.2575732288465498,-6.219847941528744,1.3553964128670983
ACH-000934,-6.817561887528197,-1.3868898121629119,11.58301721393295,-1.0673698210783646,-6.215487759798147,6.028143071929846,-1.4966376917077555,-0.6314422989922612,1.8261937556945174,-3.488783606325554,-0.17530148784803387,-2.802688157408461,-2.702351359461696,-0.4485413379779146,3.7780933262318617,0.3613722974923292,5.123512290564563,-2.4713660646807183,-0.5841064184119925,1.5908344571446233
ACH-001393,-17.351134925102247,7.066029620252347,3.27406969457681,4.667143175729281,0.22270458777743377,9.572603525208907,-0.6995543192811557,-2.328908485918852,-0.42750997722200546,-0.8581156598072441,1.797020975633848,3.4725146895287753,-5.279313598537629,-1.4775119967937853,-2.039967390063174,-1.3899846070260555,-0.12745442124431497,0.4279414289380357,4.446203122516272,-3.350483174910519
MB-0362,-4.454649369100372,-4.0912334053907085,10.141282608096374,-0.3769878853550285,0.12725166700242216,-2.185461611696607,-4.045412373966915,5.049704097910365,4.035494314662249,0.7833448900076411,0.8616467755677615,-1.3046494818507177,3.458436536434775,-2.53962930090895,2.393460635668931,-4.473442617787722,-1.231262634637742,2.176794692104629,-0.250947426703839,1.221062368188538
MB-0346,-10.488700533337685,11.758633837800524,-5.278150617935262,-0.03135176965893189,-16.655668623070536,-0.7705499422231273,-10.367796583300244,-2.049536665204082,-3.1737972775040606,-6.954535309472113,-0.6363446940719532,2.6762247977310727,6.9002791709942155,4.606729551056076,0.39352331789895967,-0.015060924818759511,4.9872566219673775,1.1376887526723123,-1.1273888513043908,6.028427567744764
MB-0386,5.940729360909178,-6.1300899635343855,5.884392636482755,-1.3611498355695328,-1.700496082385844,2.022741132116966,-3.713279091621442,8.447490126102084,-2.1202341355878422,4.879074757955128,-1.8750601751513423,3.6450698115841167,4.2084900538581875,1.2155026078201865,-1.09487035465433,3.2724153726620266,-2.489801709403868,-1.5098268306799871,-0.33156587315492325,-0.4832161023990409
MB-0574,-4.3409624008946,-3.648167360223659,0.2670264100403227,-1.5337407105515597,-4.38076136594192,-2.3084490573201233,1.9712679741887829,5.192516435464912,4.771853404559923,-1.3828630002005984,-0.3920501759701556,0.15997613048604378,1.1887909283371552,-1.4834935275660648,0.04169251441163953,4.800459161023101,-0.43949281039976473,2.617259746429743,-4.182346985117152,-2.7455637141440974
MB-0185,-1.193017417634152,-5.956959532885804,-2.9030455984257206,1.218499047949739,-6.243957082105087,-3.7739720771778607,0.2347425398144704,4.640879490058331,2.9438316146457493,-2.5214683104389866,2.8294571737986463,-0.3440107030352128,7.441329060543699,-2.9394949146050995,4.101872025968424,0.8304067743306585,0.4819497995295918,0.9754678479835055,-1.0725478951142666,-2.413219129456911
MB-0503,-3.5435066463854334,-3.0881645293931723,7.0335770659746215,-4.593619874925534,-0.7763293181674016,-2.3697430653527967,3.863397291790326,9.736997736756008,-0.025154853625394744,1.4498985123713304,10.34935354250244,-3.9130439709700586,0.4806442193450497,-0.90098627704975,3.2341901237737964,-1.540382725695398,3.451796812209731,3.2515052626835557,-0.10723937599548855,0.004970581531762332
MB-0641,19.512733553214538,-5.703118853460256,2.7879105347337205,-1.4467739133711046,1.9910889593169159,0.943175322088795,-5.8211067369503615,3.3660505191835552,-1.991528904367257,0.6249822380129147,3.722646831942607,-1.9761653326774966,1.66202137654092,1.4716178198673389,-3.6737131168410766,3.202488570490258,-2.0305616687595847,3.0483215232117447,-2.7065524483188534,-1.5225709876100275
MB-0201,12.902434900448744,7.328420225094617,12.295443309205108,-2.3673332075835183,-8.16892670674029,-2.7470251711507485,-5.993191524970023,-2.4831314637280277,-0.5352294201317942,-5.755242693769873,4.7259867860620774,7.927434460646128,1.2362018705201028,3.0832098094452887,1.133642334803797,-1.885241213698961,-1.5669311776674475,2.9982781777292487,1.616301219520267,-5.018261700565781
MB-0218,-2.5831209593035283,-8.682844926938134,8.608568064581284,-1.30543232425744,-12.800065241922924,-3.7868762406641787,2.4233761589209823,5.335187540932504,-2.499620589074158,2.0409318264312946,-2.816116193038861,0.06681796214439431,-0.3331142281776026,-0.2859165082969948,-2.7084749110615745,1.0673101158914413,-0.6025805068747694,3.232446951136466,1.920083905299592,5.932306223389837
MB-0316,9.45266847271085,26.21245912021164,-0.13870720670571388,2.265713963021597,5.438300622231328,1.0395332837955893,1.9506684594346582,4.9443253857424745,0.3669829422029067,1.4948464159526615,-4.667132483045611,-2.5630735362537393,-2.2632996752397667,-1.7395932700510528,1.7418708951606727,-1.039355812378675,-7.7357750234836,-1.642440714310369,4.113231158605356,-1.116085726469629
MB-0189,13.396816019307083,-8.144885667920759,6.967670074812739,2.461252209921062,-5.119409528748256,-1.4267030008486743,-4.568993043353236,-3.481184889635523,-1.6993415146334374,-0.13517091565872558,-2.3733771536994333,-6.003854768117817,-1.0068026088724948,4.917540482174794,1.2359783962773008,5.057768089411706,0.9834660175896551,-1.3833251759607992,3.544242556690389,-0.3352750267848206
MB-0891,7.066439053129062,-9.425628307313474,9.654144073006075,1.601249031546457,2.672253377845225,-0.8019633024949945,0.8305897192634247,-1.0419323186746225,3.9820752059857485,-1.4626851580646063,-2.02703683514152,-0.5711901123437739,1.756928911023502,2.2903842778258823,3.719869010467698,2.6160495303662508,-0.6156024882052007,2.3992558382589944,4.791348986912653,-0.21029591741920003
MB-0658,18.16460524692007,11.212753541231796,-2.92930692322553,2.0643042644982548,-3.5082508645367434,-6.052551372397083,3.527992000612917,1.4450682439788836,0.9960304256048849,0.42293106424324306,-2.5810766165060155,-0.8770641751747832,-6.301985625128219,-3.2984145877476707,2.835689265656873,7.015444357445585,-0.8478650905911728,-5.834951346566078,0.42447532411680805,1.1828569578489474
MB-0899,0.7571837707123499,-1.6556322354471948,9.2289692480166,-1.4375222952547517,-0.8588280423183339,0.7911461929235057,4.913492687749123,3.463077183169336,1.8668129734612984,1.5602411857696,-2.147253218739847,-0.26495680367000984,-2.533989015225928,-1.7840623340388966,2.6096852947663463,-0.8852622304844242,-5.564212126150036,1.046783105974866,-1.3456601450076722,0.5055747072291383
MB-0605,4.050815700024871,-5.130710558705939,8.533893284194253,-0.2944549729271599,1.9760267493783121,-1.122637915238919,1.6031057484167985,4.410677542331442,2.363218389113774,2.898245673006285,1.1610183961220302,2.4857759074403276,0.08395783405431999,-0.5308332636977756,0.6031941705042632,1.7866049737151868,-1.7709051752153857,2.5376416282547045,0.08473509820899564,0.0572302462473753
MB-0258,-8.279137267106004,-5.419918873150229,0.15194751333185827,1.697662863082371,0.5345188111053452,3.8478276460079233,-0.09641744284037058,5.042368643039265,0.033759944764023324,2.004795440655747,4.583279110234722,0.062343690183709076,-0.8789307475291054,-1.9893399702127716,0.8622176285145987,-1.384590536564774,2.8254479433064166,1.0897401226751549,3.4119302988346867,-4.9247306036311755
MB-0506,-4.046989282078894,9.699997401170704,-1.760962411907908,0.22918390563980173,-11.910769251864075,3.094440120937805,-3.3907211810751297,0.7468054841864434,-3.026402086966101,-5.834450327463413,1.375102759519579,0.6687237178347721,3.948566337711924,1.9774625187077495,-3.815227469790323,2.1194470056195036,-1.0694235878405234,-0.2679494201307163,-2.428273716246352,-0.46680633588113957
MB-0420,22.162912207560144,13.80422900074011,3.8389850485310024,0.0811014128356963,-3.4224680361184348,1.9797597144479757,-0.38610631632971026,8.60361533548699,-6.3113724872088355,2.175198233418005,1.0600564414279667,0.18175097986651798,-1.2209040835427492,-0.05571469808530824,2.856784638708157,0.48685571218567236,-1.3825305959805245,0.4526236243677847,-1.923132363577451,0.1398023391940504
MB-0223,-8.066177031103763,-4.556033705981446,-0.23510118105785538,-2.4454898194457226,-5.706852895950519,-0.7382350240285624,-6.0601076415532615,0.9394333961350675,-5.696930742070338,-1.195558504983621,-3.988426304430074,-6.478136973862498,-1.9794923052640312,-6.1398617098871435,4.80307319313594,4.264954234390332,-1.2432027357416355,-2.820576838850019,1.9580976088109643,-0.48385716682060703
MB-0445,-4.050687596151456,-2.1513952274655344,5.288051907270627,-0.023909188623917596,-3.3151339487197067,-4.882702424830175,4.666391758506146,8.085128348564423,2.980432440770381,0.36202840710584494,2.317918291398831,-3.7722695780843076,-1.8353297345364792,1.4119654852020944,-1.6798297781388258,0.8143682236236103,0.5232027423790158,-0.044598184737357875,-1.2648166501598166,3.6870987210669197
MB-0199,-5.210245210156086,-2.991479402630261,6.844553226089312,2.671540384632759,-3.384031481447152,3.8095556923194733,-1.3686397668845793,6.953268184383328,-0.432504448294954,-0.8599444328736081,-2.222412868792684,-1.3731591919225796,0.9072710061953104,-1.0283224197671776,4.151552686461056,8.373966869934831,-2.578905133072295,0.16872434413751677,-3.603999071056756,0.5074610567163079
MB-0517,-7.123594472970022,-4.772020516560277,2.2391640634798815,2.1878172367391175,-0.9447834776285591,-6.751581403301303,-4.489162493995025,3.392479195173876,-1.5063053967750566,-0.2608123410587129,1.1334529514512193,-2.4429654646857357,2.9086893887215237,3.9913258966658725,-0.38323987666877746,8.3311933852032,-3.173169707940728,-2.260384048245069,1.1944003198040538,4.953303070535892
MB-0155,21.416075857182417,-11.97189776739336,3.6918296683997234,-4.005371421721508,2.2577486405831477,0.9852894425371215,-4.897578173153259,-1.8160876629929696,1.9298592827796197,-0.7338236856438174,0.208076246194277,-2.263097398856544,1.0375365628553708,0.8303735536002805,4.632738476349157,3.105116621255323,-0.04416317407934886,2.5057531308490293,3.9292141587881804,0.3758788826022933
MB-0428,-5.832042378787371,-2.348225557862288,-1.755213884021908,1.5925302617818866,-4.667688589741608,6.950856623275584,1.1558284822399087,2.7888995499469744,3.6865596313317726,7.205573541704363,2.536139534694494,-2.346672298816122,-1.5618933354087006,1.5815320527096977,1.5964630549147616,-1.8772001325368177,-2.6431725745417043,1.8771800978576394,-3.173053050881553,-1.542645948525459
MB-0117,0.6225408466216782,-4.9708207945559195,2.4869848845411244,0.5970140579400411,1.2902190256160742,0.9719602928234049,0.2679133198637332,0.8865146683072105,-2.0036312827403036,2.901824714368399,-1.303264854574415,2.1968687021778766,-4.225628454745083,-0.6848839225591248,1.2198384037293306,1.4462689377400653,1.1788352035579774,-0.41681241807440766,-0.32441708307112327,-2.8343711189253886
MB-0906,9.519885818583008,13.18812611190005,4.545016442540627,-6.490403516857344,-0.6517743214428317,10.366967277093506,-2.229544166118627,7.935299585911648,-0.08317883771215279,-4.636170943078395,-0.6146380489028072,-8.030354265836053,1.7401861498817413,-1.2651302580915198,-5.256131508187611,-0.8870184523389463,-2.3215947661912626,-1.8388581897026455,4.231957594300421,0.7486871430600082
MB-0249,2.5240622508789894,17.970976656274196,11.632321377822544,2.0454723592625887,-4.232369574519585,4.71724535059164,-2.1225186135736607,5.345096899731818,0.5193415467017405,-2.8963205796295584,0.4464769380302594,-5.95068641211337,3.3879952293768754,-2.3497404312169907,0.7186326655664604,-0.8819584793550328,4.749693023886675,0.20519739315182,0.3232791247786554,5.1501640540601965
MB-0660,1.8837546229477948,6.637676673685,5.814208445655564,-2.8343988857010354,-1.593107170287969,4.089443476178618,-3.026423761597206,0.4075079220999606,0.5827902738311076,-2.351774628474774,-2.44601691691492,-3.3888138357641022,8.101194810554523,5.550167717551094,0.8326009133614294,0.7596320643866648,-6.859619157029305,-2.13874574063897,2.397869683716813,-0.2960070503706946
MB-0497,-10.592152935893035,-8.987730933119567,0.5133700585797769,1.0595765445809857,-4.032620950640715,-1.4277704111580038,-5.496851919990322,0.4938004587972477,-2.3672821329143847,-0.5518455813359657,2.394777421830129,-6.355234695775421,0.6335590227309582,2.501893951255914,1.8612941663285811,5.555865746357082,6.399505506725932,2.6785844483638517,7.153523082644504,-3.466667884414086
MB-0434,-15.9328173729408,12.019553342979313,5.436075836979788,1.9008781541429447,-7.675411184891604,3.427713200879916,-4.0241759370285255,1.5729573297273634,-2.7941970731637795,-2.713514233998723,3.846548460179233,-0.9969681826831255,7.2424144058019495,0.7284131643547785,0.984258274388545,-2.9976925386057602,0.20389156164440242,-1.8274640341234416,0.2563950490917324,7.261534599523305
MB-0143,-3.925989218671871,-5.622638124992547,-2.7453510421434406,-0.6895858985197418,-0.8909667562394807,-2.761683933297829,-5.38086699191712,-1.0943435605533098,1.590443161246453,6.580198209240794,2.1963739679309917,2.9972291500928168,3.7899866547870777,-1.0373220091251107,-2.874248504476097,-0.01991902402322618,-10.828622298977551,-4.52205051935564,-0.6416074094920302,0.021189616549011206
MB-0513,-5.558068421253901,-4.012160412957764,-11.22731333671949,8.67204680002071,-2.627177593093532,-5.142137932319748,-3.445601507816307,4.964975455636325,-2.8652561604034017,-9.099190272813331,1.9639743610051374,4.643439559437064,1.1829543760022088,-1.5198945938026358,-0.9506096146812512,0.05183050125350451,-6.376874648620671,2.2898806279334867,-0.5101870190058295,-2.6795749923833028
MB-0541,-6.430490831310156,-6.121031016365204,-5.668688273031662,1.7707172057263474,-2.87590356036752,-6.654647800233963,-2.8456455996695253,0.19503449913218904,4.087729871955769,6.228269738425464,3.0979512240947944,-7.223826147946947,1.3013610690959896,2.3504396337796356,-1.1710612170481367,1.226501995878453,1.5620827948543334,-1.5021244246128123,-2.491039297569163,1.3732087060328406
MB-0653,-11.689592823890791,6.226602000781481,-2.605693807577147,3.479626113348805,-1.7082623453339254,-0.052157159788246865,-2.713996275640839,1.1991255330715023,4.7803257566992645,2.6430908752506506,2.394692381010766,6.354418903615241,5.230221880672901,1.567726076791159,-0.9032778972501065,-1.6200727028894282,-1.9316099879431383,-0.06343309773521505,5.284969792740569,2.5264933136229075
MB-0455,0.39103229093520975,-2.018655966452176,-10.254690872515487,5.044726299912796,-0.5737082399881386,1.7643321385354909,3.1938739024284875,-4.782725574609313,13.453628264278931,-0.9033992829221265,0.5301952192091791,-2.9421155679672717,-0.20398676710770253,-3.3923579339153256,1.13931017893834,2.093605554782634,-2.8077332723151094,2.0682538773195436,-1.8307319179256365,-2.4292670907594753
MB-0540,34.92801785529115,-16.260681855127398,-44.081462547827975,-0.5780440279074569,2.943107507205568,18.564560127996195,0.7425097158055117,-0.21951114804524233,3.0880573382560628,-2.57740047730325,6.178678355285801,0.5578412121605041,4.135523130639198,2.9498429196086087,4.489846562183649,4.923310706840237,4.603300142479275,-4.010349431655577,-3.89629335242813,-2.7118225810085534
MB-0384,-4.317711075842157,0.38344637323977127,10.673419668858738,3.181744130416405,1.7723818589216034,3.3000993042019373,6.964697819923292,3.098730570851992,-2.2513650384378585,-0.9904734528721146,-0.7748424375018008,1.0696120581144266,2.2766243618466815,-3.88987761351203,1.3078657998154535,1.1366783672862117,1.7341205780165887,-1.3384295937891422,-2.76958326953621,-0.13480980185746372
MB-0637,4.597695206937833,-8.964900795644713,-12.531651005899,2.7999804882651915,-7.792410805386571,-0.2572142119614714,1.293544772320513,5.042601126022728,-0.21522886737127692,-7.173554484933774,1.9290946783065328,-0.32107423365823795,-0.48905169504819485,-1.2259608049497235,-0.3124202423829757,-3.6383733223552204,-3.0691043131567093,2.11614018701538,1.0700542998147484,-5.838892338853989
MB-0157,20.244200395141487,4.258273011511345,-1.7489258584208367,-2.16568122669542,-3.340539658039654,0.09142699661389382,3.1610262216913707,5.0115897617314396,0.6225106800755589,-0.7293012148203067,0.6127593496946989,1.0990354545519738,0.005179798498779415,-1.1566992244575356,2.51105278956414,-0.26325385463596235,-0.9146565693119364,1.6045547593011076,-0.5386362392026194,-4.351591981815228
MB-0443,-1.2760508560416965,-10.67284138472369,-4.694078277036232,1.015695063072438,1.1640242319568537,9.384035254732963,0.9518532769844421,6.270238868851647,2.854482227691926,-1.40202921405734,0.20670092734609197,-1.8868193043093195,-2.487467326762664,-2.0537774961630313,2.582665961672712,1.8060536511352971,1.3369091210429724,-2.007750594775855,3.0830826536066587,-2.1693162802213197
MB-0584,-6.027798757605114,-5.829057283712706,-5.912182556025772,5.590701839674192,-1.0239004124445912,-0.8110507739647469,-0.07810003033726794,3.813605732418771,8.2855078797773,0.2954931757475469,-0.48704146365010975,-5.520627801324813,4.239314247617612,-2.7848633929515363,0.4001281572090736,-2.463446462572298,2.1930209391685263,0.2272737670224757,0.30229819543165565,-2.338846916323675
MB-0292,0.017006481487762223,10.971061807730809,9.93232774623927,5.132356508771304,-3.808381753167755,1.0146393022953635,-1.4284146537728062,-1.662030909886131,-0.31889043406494777,-6.854993011832225,-2.7408796388848,-3.3683718097020994,0.657863140342832,-1.8217876042820473,0.7627395250237827,-2.7666367753523895,3.123332499473384,2.2202510383343608,-1.2499524385260552,-1.1030720379786403
MB-0322,-16.34465320955346,-0.3469914565222143,7.419350845418922,0.17802658530472565,-1.7320485370604315,3.9747712095503456,0.950662242214886,3.7598133749014924,-0.24371654978384347,1.2250233341110146,-3.799382797774763,-0.24691004224793717,3.2889164021285153,-1.0336926254220573,4.627736504960087,1.9269214214384591,0.671436936938435,1.7989575278792873,1.899504744291581,3.74755473883894
MB-0501,-6.489476759240896,-3.91092445492954,0.3104065593327364,2.0766378159005416,-0.7019538633385933,3.6821856272351567,-3.7923483184151556,4.301836691626301,-0.31868519544742235,-2.3743487480161436,-3.1623495486875863,1.5634485572929875,-1.7921339939735743,-4.667015171910444,-0.2884503034091352,2.364770649698376,-4.70439853184201,0.7066448373325177,-2.163750604781873,3.0460746870699764
MB-0401,23.01021979822644,7.776484894067727,-0.23150761116424373,1.2414674198254172,-5.767330719026061,-9.983403703185433,-1.214345433042007,2.5704781689641645,-2.674618935050046,1.4582561845803834,2.098797410254334,1.2090135631007644,-4.533464538206594,-2.4358271790520463,-0.9659901994300125,-2.4265278519951536,1.3097176072414325,-0.586367741665115,0.3834110729263503,-0.1808344058305482
MB-0140,-10.778330124390816,-4.542898894025808,-0.3222521633171892,6.317584063099535,2.5805195020680958,6.001493614502475,1.8786350583648999,2.866998381671716,-2.987260768950645,3.721855041623736,0.5693659900604903,3.025939871931538,-2.5799141576547844,-2.1458116377102607,1.692627946032392,3.7885096940874425,-1.600887711314992,1.8893329272959827,-2.1137648414977352,-3.958901194265825
MB-0606,-10.745070152734957,-5.567812726774537,-1.0336165337185006,4.873953541533426,1.2669642413853661,-1.143696691286958,-2.0783458138470876,1.9866545449911794,0.728703271384211,-6.4771169853837165,-1.226209903409512,-0.2870983017129602,-0.01294180996920238,-3.411231364412064,3.9866853780786453,-4.229133037943962,-1.80907416497686,2.3480894160107395,1.41140055846575,0.2019698091802206
MB-0666,-10.99966031394429,5.421368685102214,-1.907040136548191,3.0618621749164427,-2.195008942312683,-0.3384292455129873,-1.2543466504662222,-2.5731967955190633,6.794251205671761,1.0090674760320557,-4.835615485348509,1.2181021087627597,1.5548682187882876,3.0846491538211027,-1.158587113821845,-0.22765581350415778,-6.569587929390543,-0.6065166010128671,-0.3891849593214662,0.3970233250473338
MB-0598,-2.5918190127566496,4.3786953414254555,11.537786879687031,1.166463239500024,0.4464257969109904,2.297893491031828,5.478630482823235,1.0851544607204215,2.908855310226394,0.5118475252817599,-1.7421242838629738,-1.1334123977227606,-0.5464433398349254,1.5206506439556118,0.6425641913272161,-2.678665996781087,-0.24981345191809998,-0.5190622751400551,2.092701301876024,-0.8212946063379667
MB-0453,0.24196514335620045,4.841219162648862,9.729790893998889,3.439618676505273,-3.1672613955631075,6.548125890401473,2.957774745401824,3.3309433502556005,-7.829251987453115,-7.074502074418156,-0.5809693365496962,0.28787321731647925,-2.5570570538645527,-0.8129341542220873,-1.5477172745911354,-1.7839763646002684,1.3691830271915189,-1.9254004986408064,7.539875041310995,0.7963358166653368
MB-0138,2.118097904707263,-7.784167313598821,6.231762591273675,-3.115619892646512,2.205032180679168,-6.666166106939869,-2.400300549635628,-0.45181109591736607,-0.1452336671793461,3.850514979326233,1.8885415604099398,-2.277892195020526,2.8985096510847526,-0.34817967915067427,0.7090977473841371,0.9636756743878621,1.0083318399425636,-1.4350128314240413,1.9544759936374436,0.48666491240412374
MB-0579,-0.19926220763361716,-6.414889349981255,6.510663840570285,-0.14836319535499792,-4.148675197962214,-2.2841660097736516,1.1947364184138904,0.49133568023539415,-0.3771421840199096,-4.504275750296155,-0.9661703792490262,-1.3934978265624756,2.4438208648645623,-4.392908688522493,2.8464688865762517,0.20140673428415887,2.3141975024070303,0.1774081717853167,1.8946447141607088,-1.3058035366176934
MB-0405,-16.352276383030237,-1.6157344972551944,-4.82787502792848,5.0896801106297636,1.4235136770217829,4.301565089447993,1.5773181886967431,9.24658170040703,1.0889209251649419,-3.180296991769445,5.013363469527097,7.458902823861333,-1.4111564344120846,-1.0243272875516685,4.183408937087505,4.003000874173619,0.32898907437204855,2.115886678983291,-1.5757277147026063,0.2074260246258165
MB-0471,-22.613711898533232,-4.22682593420715,-13.303885296257096,7.384975487354735,-4.729595424204933,-4.879756745368486,-4.569192674174713,5.985388423703431,-8.013039645492832,-3.7916429326878016,3.800511199247311,-4.443702967356002,3.7809116782216576,1.794542444723643,2.3953049667147273,1.3677807546338587,1.8805357856841154,2.3903836051548297,3.6168932735886092,4.9152165297578305
MB-0347,15.150965801103828,-7.947812202191999,-5.724637571152186,-0.624459700340209,-4.583166835121527,2.3536939473570158,0.5462355781824957,2.8653388883017725,5.65713674870921,-3.28862117445085,-1.595775377208341,-2.3001447266089965,0.825452699714532,0.7618609093845076,1.1768254871057127,1.967754181483065,-0.6975350962501239,-2.389463479544257,3.5392179706748403,-2.134038272894873
MB-0619,-4.026348932387782,-5.002281441086844,-3.8316641730265055,4.123683269243879,-0.20903572253876593,9.21819962020754,1.5954867953784182,8.862299183067474,-5.517483177535874,3.5742085464493423,2.258396267115187,0.8291611830495997,-0.47195549744426246,0.7136263212625238,1.0500328956702476,2.641081280035767,-0.007829526684354536,0.10009391948467203,4.112384673376923,-4.617140195099036
MB-0171,8.604227176023684,-5.193684201798647,7.798068490222335,0.9568849921466134,7.60146296347122,1.8064386573921494,-4.226361737746233,-0.20351214249490093,-2.547875268004397,0.14834146459065178,1.3227869373831451,-3.2662672398183945,0.42448256349634195,2.4351461885157133,3.5700839529297426,0.6180725857789664,0.6576295283946683,2.9642799560235935,0.4703501913771791,0.7924158751147765
MB-0310,4.620129714948097,-3.8210115733308525,7.914803570979001,-0.7975212280073437,1.8804781976749037,3.834713043186302,1.383242012291775,4.073390174327476,3.8812744889760262,1.8097084421710452,-6.328689949435343,-0.08709175397743876,3.232330397261777,2.2113619513275236,6.093024958009962,2.6424270913979457,2.8275932534446215,1.250674609004963,4.293488880676183,1.490311247723098
MB-0621,1.907991695211656,-0.6314404259857771,6.890651654133679,2.7714252301751827,6.069171787600476,5.928996696021499,-4.31736084000569,3.367968301761789,-4.422165449400942,-1.5925903097033278,0.7044753303518348,0.5562478917660405,-2.2976098082950207,1.9379193321488275,1.8144052240021518,-0.003604580963188345,-0.5980772067498191,-3.2974551505038354,-5.027843096984586,1.1595185790663853
MB-0614,5.539299490948576,-3.7870888776293903,-1.2414023878060423,0.6040151221501432,-1.364471808683688,4.741165554108058,3.0172611422069844,6.009459547315364,3.0913628058141396,5.724177391565605,0.2830717509363469,-0.2561026612604692,3.2229280443061463,-2.2437928979625976,1.3632177175446984,0.6806458674877639,-3.402663019734324,-2.276907323602965,3.3408960639334446,3.8204460433613616
MB-0372,13.7410717702705,12.390297375836294,-11.721513813419175,3.434069483971979,-1.3233572977766328,-1.6672071141491382,4.532363597094905,-0.5289353825303186,3.9677657810564417,-8.303483912046916,-6.720795518522085,5.879483365250378,-3.8559164685313183,3.9745331590399813,6.4464939917555455,5.253862135614133,7.712546429104353,-5.963156817025962,-5.572455017086338,-0.3298503080508772
MB-0374,4.464752975107466,-3.382295632498719,7.848254287438387,-0.14176502285803178,-9.761068174577527,0.3764241775956033,1.7011624986827865,7.760792859403995,-5.445857898616761,-0.9416140662883972,-9.880808415580482,-2.1351656652799282,2.801267052346431,2.5692652835046097,1.7260262058214768,5.081967450733843,1.6119031810710607,-3.4717981118419474,-2.2250337641977427,1.7752768738390738
MB-0382,5.039908080371081,-6.383394150472442,5.39060925050508,-0.7440726758985394,4.669263296910455,1.4677126851955955,-3.6509194439409076,0.47553673910487027,1.6600196721494314,-1.0281981712534365,-0.26616279805558163,1.810073405622866,0.5923918061606069,1.854171655942639,0.590387895392138,2.2623373897161216,1.1919553460357306,-0.20875756560999548,2.4752683809597227,2.221290569078559
MB-0327,-7.495797402906777,-5.580243757166612,1.4791220114145123,8.38569297963604,2.67768473210052,5.486787156437772,-5.40895023729584,0.8122475024961235,-0.9696688691469857,0.8702295366807716,-5.99186308159035,1.6113146199047454,-2.7814467902906315,-3.108185199261645,1.8565696441717767,-0.533226909856824,-2.98213538865322,2.211776306600847,-0.42295799760965064,-1.716078977161525
MB-0066,-10.3247629020127,-0.89282522858643,-0.9330036254021408,7.365562403090093,0.6909482995145999,7.970369504144,-2.041680094299305,3.5774459048023735,-0.3461110375606908,-0.2593940821285305,-3.9977509639479294,-2.5494469166290123,-0.019649897759251533,-4.75468357231286,3.159429021054032,0.18862907576736476,-4.686103254101557,3.5193807731592623,0.22906948281388176,-2.0543887762467983
MB-0144,-2.1770067825280695,-2.3818411246285844,7.336082780863445,3.8940837846630765,5.310923311293747,5.5939692335372335,-1.2030872847470842,0.2665557008890318,0.3079085778492268,-0.25199898330931114,-0.43190800618212805,1.636580577218739,5.231256183741704,-4.249034699227032,0.3195970959728181,2.559210714532774,0.8259588077397695,0.1478993614849804,0.6455985904217058,2.368389326378954
MB-0596,9.936481413859916,-13.11955554361237,-0.2356722389350716,0.6212198543339462,0.10715362050522524,0.83339484169169,4.386140786563145,-1.4860961361226612,4.139889394141408,3.6439789182420577,4.2735077583691155,4.277270278139915,-0.17955061342059966,-2.264424767670605,-1.7635537006509634,2.530656315679792,-1.0317742596764927,-0.706864383286683,1.796996124503379,-1.5654954781696797
MB-0164,18.665506821217306,22.23904829940719,9.172343912143068,4.502694435039738,3.647300936469476,-0.18334633580390705,2.716783298799355,5.8162197331014225,1.1737028890775598,0.524972390436866,-5.909672575334477,-4.405751433431911,3.7008239623032666,-0.7163481170456479,3.8426043822055176,-1.501315738536706,-3.8499593329754114,-1.049994402494721,1.5743151875779067,1.847906185058024
MB-0215,2.3078172731639115,-3.9160675508693497,7.732977019485751,2.5354446014751564,1.4954010932783377,7.413982668987369,7.215863037177264,4.32938102259868,-1.6809211689941412,2.9872599135158793,5.137441803528156,1.9592963532759702,4.980476745297781,-4.635121230682658,-0.07790604835177534,-1.1544912122086561,-0.6952737904928374,-1.828314134428497,0.668717209070905,1.7536268014601488
MB-0146,-18.076120736636064,-3.9969280046001305,-0.7406473630404163,4.326259300056036,0.8801458406122264,2.6100014784968506,-7.281913827420255,0.15471217399260415,-0.2639665223942198,6.093977582865906,-2.9513291439496574,0.7266815976265995,-0.189859270466879,-4.364524959932731,1.5769835747952494,-2.1283292199704245,1.7234504296393658,-0.9490969588569171,0.6475024691427271,-2.6655617198736796
MB-0229,-2.500946700243399,-6.706980154679891,4.575286550373832,2.8252734670618422,1.5344144300191147,-2.990500239203249,2.754176804012758,0.0724008335002289,2.449523649546509,-1.6175943130118815,-3.5668251020883637,-2.0101987508301353,0.7189949159595708,-2.7706044908109413,-2.3872974317981086,-0.24756295997340702,0.5124432860830666,-0.2544644721978938,-1.1886476005053281,1.2687720511372549
MB-0505,12.091931080426143,-7.712997630849817,8.713030515711527,-2.2811744294219367,4.82978136964068,-1.7007928806235726,-1.8178791347369454,-1.8499684392009839,1.8096703730176193,-0.8453864546984972,0.8680977859398362,-2.702559389172995,-2.048179271678538,2.267570560278559,-0.2430614114655205,4.782363385689966,1.1914290886272239,1.3105638422927888,-1.164985974328407,2.490313726119491
MB-0102,0.6713657537849368,-0.5333816551130807,7.0924841835869605,2.9793640998641377,5.500971387958698,2.8303580334565015,3.037636514996085,0.861316634295852,-1.819061266608297,-3.728915863616248,-2.268978972692715,1.0970729096069392,3.138947360797052,1.3716265470258087,-7.781747763408036,3.3242043888394033,2.5442650233955306,-0.8111649807461007,4.073006798852562,0.3137790693342295
MB-0569,6.086547904587786,-8.832873636409513,-1.3662132438324945,0.4758575164455987,-1.0742086331557976,-0.9230851899820939,4.692874549486293,2.2307951440199996,3.1425813280011474,-1.4181976645684096,0.9720265648953549,-3.6660607389603372,-1.1835548206294713,-5.1249443756747795,-3.569046721570808,-4.561032577257797,1.708527444655856,1.5527159146014207,-0.3561246351142015,0.4934489698473416
MB-0516,13.258982298056218,23.112894031213052,3.1352202355596877,8.708612406025363,1.2427879862327968,-8.085754105757147,0.18322256189568428,1.116328094525726,-3.3261825549513917,4.3863945705595455,4.5764820116785705,-3.4976987256311407,-1.0175869084400346,-7.743959492470629,1.751186062398722,-2.0026998268607024,-1.3385174291569335,1.3386793971093056,1.3824029969737313,5.309318939015782
MB-0272,-4.007203029240433,-4.898573559955596,-4.454023089366767,4.77004867265433,5.408433566892103,6.036229587347938,3.903980196259429,5.014821768439319,3.406353704328304,-4.423923835340617,0.12525051153249406,3.561576001517534,-5.05651382157187,-3.23443513887761,4.1884545592664475,-3.1016487969434103,-2.2444611403841526,-2.3776258666488856,-6.339145544701546,1.6540675758524228
MB-0585,2.4692174769229234,-8.56322676021518,0.003177258353264884,-0.3665593900149534,-0.7463849612651617,0.4804464535307868,0.5536781258063104,2.6639385212436206,-2.1103807789637954,-1.7269821210243634,-7.078621054666259,-1.1443555320233336,-1.6142912830131892,-0.6972981177200956,-0.5235365295066846,-0.14733639249047423,-0.9045481943624233,1.2154062941623163,1.7781876884943904,1.072433681349192
MB-0494,14.323956700927194,7.39537309114869,6.616010339430936,0.18887560322116492,-5.840452536586641,8.444479714440275,4.214808896110138,4.01632737272368,-1.24023437345084,-5.290053464579954,-1.196567137488743,-1.745125962758937,-1.09462800317914,-2.8603610679817457,2.211015290335454,-1.2051452192899748,0.2965828274517169,3.0222360642625095,0.07576054107297409,-0.08075749669660891
MB-0306,-2.976091555796999,-2.382846820629161,5.307825450758935,8.3070751787061,8.932767467452157,4.477191989772702,-3.74397195427351,-5.192288072377369,-0.24020493221839032,2.2116880177803675,-3.4571866440900756,2.033804778853471,4.556694302224205,-1.9329893014982436,-0.884600765647963,-3.0357967239789136,1.6297789268417837,-1.0090460370217793,1.7404875124737866,2.376983414783846
MB-0463,3.896390662446208,-7.593480209820591,7.957178162404444,2.2012832803466327,3.2708843330486657,-2.5859358543413444,0.7287519001962771,-1.764847517473674,2.3515557313927973,-4.795971578377207,1.8771332425340217,-1.9227776674377546,2.406499016109488,-4.0187586598213505,-3.7040696696977173,-0.5192815193188652,-0.15823225314402087,-1.0598799469341527,-1.8137994121927308,-0.9481620883289107
MB-0198,10.3701482788858,-8.53183969087831,7.912448795494368,1.8445976774747803,1.7244779505920027,-10.048942846745126,3.3833900651352127,-4.935918239718382,2.034903785069241,-4.237564902054648,-0.635578465436292,2.625715395057185,2.0939821313290534,-2.767726352148572,-2.945802414864123,2.449747709410174,-1.898533192669984,1.156972793146627,-0.16753185070884138,1.9668677742435436
MB-0203,-1.1810978851873388,-6.739611756631659,1.9591908532298228,6.667224606604574,-5.251936893216063,3.2042859037388522,8.658316527344946,8.055455191636621,-2.871094047690623,-1.9453042103954028,6.153458613153196,2.039027823711198,0.7630464848996483,2.3627151488660774,3.6736083050756516,5.640953898265109,1.8054949619868619,4.980546508978112,0.7561689347177648,-0.6087195481567088
MB-0607,7.1425743962859665,-2.47466670041729,2.488479158345605,3.972047362465841,-0.317964346031795,3.214187812175104,-7.868019143585288,-2.799105651727661,-1.6826051441384282,-2.957325490637415,-1.9898125067880996,-1.2563630225160154,-3.177982818481337,-0.3603682311262029,5.0171687152649245,0.8057781285077263,-2.4251878085951306,-5.456794635224687,-7.357300968917551,3.110084403663935
MB-0631,-3.2300691447218446,-7.648851696455811,5.6447518874138645,6.136665670610045,3.7579945375810087,2.561241679451667,-2.0109062944042946,4.176269171217402,1.5271337865459813,1.0731934204529068,-1.5015345691001056,2.24367356904872,3.396637691300725,2.070516472239916,4.019142434894468,5.6647633869959755,1.8909209048411724,-0.5054174362659057,4.396159554487146,-0.8186968170142576
MB-0363,-0.1304686163030659,-7.642747134855225,-8.796007427627075,1.8260894730535735,2.645095610623351,3.4948210170696954,-2.3605553887801523,-0.562269353214884,3.386311730941575,4.476385996830329,5.540880103999453,-0.3918364998436562,-0.40117977651858816,-4.982609400911574,-0.4201572964840842,0.7047044419679825,3.585695560081158,-3.676019883587938,4.914148121637963,0.9181336247488119
MB-0427,-5.68464393346902,-5.630464531113419,-11.68817835538385,4.62356009167876,0.4122713024905935,6.5234520345510605,1.906760635103519,2.487570033368455,6.917499859243639,2.2114662333528323,8.880393644659764,0.8428848362911312,3.94197166460639,-1.3695686635171926,2.6081694610190755,4.848899135902714,2.6285337257781842,-2.2639587258054363,4.535518613369825,1.2888912684335192
MB-0519,13.483151709830818,-2.6481931578938185,-8.986228450761992,1.6472857934589866,2.487063727458286,3.265883930556303,-2.0605821596184857,1.051806539485587,2.4264196727212615,3.2003059298677945,5.958511162990223,-8.620321133648266,1.2463743465909858,-1.0491182117674585,2.550058778374783,3.3983034420056666,0.9085879392105457,2.6103090649234626,-1.081974006337501,-1.7860993321303043
MB-0371,9.690265229821419,-6.252975958755931,8.1611024834797,-3.4532280436245424,-9.32275191916157,8.194748314447622,2.269394043642343,-1.5764852540538843,-2.6074073501050137,-3.809494562383138,1.88972369835645,-0.27102552088880544,2.827901742583839,1.1601119347621656,5.375206146279017,0.3123341289415923,-3.8209461137185374,1.6840155227991076,-0.8340520948025896,-4.9492425254380485
MB-0380,-7.031267791878719,-8.584000924131502,-11.51437639497409,6.688218518611258,-7.03155675183271,-3.5754572797285333,2.2610929235879462,7.700385040105859,2.3598125019901297,3.017152723597242,2.23946833365259,-2.274532921184914,8.209354893996766,-3.396829540546734,-1.6503799337931118,-0.9953425264065231,-0.06713727239247909,-4.045082048807401,-2.4999370275116397,-4.391379406462272
MB-0221,-4.224066418519926,4.959820260903926,-3.3446084958143287,7.711182032418271,1.9993267554047074,4.125383261773236,-13.92802365590764,0.3357707638278799,-2.176306147204308,-4.7257029060133995,3.290259856385891,-2.4178004208884114,5.837474918994682,0.2732171372594746,-9.004820235718483,4.069501005640779,3.4881161203422293,5.0874176322153275,-3.0694866151743083,0.2643598550433564
MB-0348,-10.622109877125158,-2.3519054030956617,-2.9502244085420557,8.706032874810013,8.035713009038217,2.7529216375201813,2.9410014334388737,6.552513729529872,-2.3614170468474347,-8.32689187611734,4.6550096323916055,5.3463516345227875,1.5355912908691791,1.7108876311351437,5.327570514791114,-0.6355612188518189,-1.7497211048381127,-2.4722637464745114,-7.857638907115113,-1.5818820788012289
MB-0261,-6.758233178111976,-6.235289545478851,3.399388667428007,4.930736840192816,4.243077512902994,1.0725348198117033,3.1552628418430673,6.535472402850001,0.26890712211931933,-1.859140139645931,3.2548906955555803,-0.419767504952115,5.446864260439696,-4.033164226949874,2.824898306837719,3.378059532268614,-0.33814789849304755,-3.257488763022137,-0.7214018423287463,-1.6785518160361124
MB-0576,7.9265241357558525,-9.11453536288572,1.0434931078147536,2.1060747370650272,-3.268958289739807,-4.077582990907001,3.791601830159236,-4.395751043027868,-2.7188197506710576,-0.45548097107916136,1.1183049669822467,-1.1997059425399137,1.6660761662936254,-2.086923638924898,0.21783117914872846,1.591484874742008,-0.43972377592584694,-0.43540125362746124,-0.10196332779252817,-1.2066373426460235
MB-0385,-7.864052162308414,-5.817798842616088,-7.3458104709671,6.032837089256468,-9.970610819344833,1.0314952787877625,-6.0949954181455865,-3.702647995741899,-2.996645513667457,5.643869991158472,-1.503824115353539,-6.988436963045648,-4.594422459050933,-1.6090826675771845,-0.07150408481370367,3.43400509378764,1.1696941614972718,-3.0420574120191395,1.6533029687438288,0.4849494157404332
MB-0659,4.502197029720064,13.676893612172933,-10.663038796701299,10.360743639700312,3.4352761331129993,-13.751772489452287,-3.9103024377874127,-10.107287834927766,-4.69531713565231,0.9107940395846765,-0.2705586252943857,4.138140347271324,2.161876831412996,3.3991419533223715,9.705642016046266,0.6655138349294186,4.511812219972144,-0.6808385282422993,2.0773690431732903,-4.9378228773100705
MB-0270,-17.310822714414186,1.5020286451643061,-1.9546090869019803,6.233447892286531,-4.747489566521045,5.141338781635634,-1.8506097869900984,8.54633614851509,-1.3963730094677254,-1.6389533284187763,0.37272609574712806,2.167858680375566,4.213359973198387,3.6287837740414615,1.3297020178588728,9.174539998066821,-0.7062289817096087,1.4368467805831375,1.0269292924973394,-1.9416497482206365
MB-0379,5.093803253359826,-5.223004967586513,9.109146500960938,-3.1661058340880417,0.1566624607155908,-1.8540416661771233,0.8843928674336733,4.596330677295993,2.754904190645243,-3.169929970809579,-1.524060426382026,-2.6117990486789457,0.18173973544553787,0.7822168628042842,0.5699879411908262,0.41472837836984183,3.7833000972939073,-2.709512877481046,1.7168492184337794,-1.5444230124549883
MB-0432,40.89668323438273,-20.982441218357025,-25.606245226331048,-2.360343113033375,-1.342369582992474,12.721138664427434,0.869253521347578,4.0280605631046535,6.441616354406054,-5.848021896258129,0.9607811296557734,0.20829864790207916,4.278960646044718,4.1393759585696275,-0.5354621018187059,-7.8152978821131045,2.267014731551269,-4.277867778245443,1.876535174792587,5.591528917005722
MB-0527,9.91428605196677,-13.702892735577217,-6.241497468897453,1.2205243479397114,2.570910242851111,-2.3599919927522377,-4.236484335124156,5.018491151099128,-1.3732675379400283,-6.73804438647757,5.708336575223607,-1.8203232706311923,-0.922206841845051,-3.5493163056005654,2.4266472010139486,0.4692861760216871,-2.4576961846789365,1.1422847682451638,0.4140977069362744,-4.247728178438923
MB-0624,12.507673988624813,-10.054390568063617,0.4689077806511597,1.3364617489217556,5.356877740217695,-2.085044333060738,-8.798010005311424,-1.4623709737145436,4.45582960065119,-2.6388856422193623,-0.8038051845849222,-1.9090875000213452,1.491510365578189,1.377196968866488,2.920205592808647,2.9626561055553853,-1.8311519485409304,4.4285448615037835,3.4965035828402953,-1.6385389577394724
MB-0273,-6.361788364452095,-7.28811313309937,0.7866936955546213,5.350000284312811,-1.8551425252845006,-0.27308452702100655,2.7695829233243683,6.579817220270979,1.9291713753497943,-2.784254311898153,5.535640994863341,4.2154271659280855,2.157903149924843,1.9043463628858694,0.5692152330104918,3.5504262670420705,-0.83560414581133,-1.3397773969883962,2.9518807329049093,0.3295416267786746
MB-0050,5.8199328841516795,0.41888806406456136,4.457239287139034,4.516420918952875,5.625992492952426,-0.6540336947843339,-6.124480855161317,-0.2028476015648345,-2.137255786848493,2.3435635363356684,4.871587823934184,-0.3360344753313535,-0.5535961409506714,3.098093604233989,3.198872715541061,2.934740048346088,-0.23919521824406756,3.559462838415922,-2.3951134809470362,-2.886058561800134
MB-0460,23.41269815815137,-15.578809727111565,0.8609684497838346,-3.125029275039967,-2.535673323693048,2.5224736645078414,-1.828724188593321,5.0107739483356095,-0.7762060611967951,2.4705744001872576,4.792211663094482,-1.46761207083107,-0.781102532519048,-0.44460926119310845,-1.6952914877883651,2.5032651477672583,0.7534976395924032,0.3429188231683969,1.164075440338193,-2.30426934695019
MB-0654,-9.800121028206753,-4.336416543920237,3.7638216070643256,6.361772553902862,7.6672943122031585,3.6821241603983155,-1.9322375213962824,1.6304614406729114,3.3377836958754887,0.24132174485929817,-1.558060174622603,2.9098338849686947,1.914760627317642,-2.454022245705587,1.005599777357042,3.791814760956454,0.039701380401993114,1.597464826940418,-3.5148874577705342,2.482388373922818
MB-0454,-11.936801279765186,-4.517295650902044,-13.839735560059687,10.01042520078007,1.783134111752425,-2.890461216244956,-8.978618688456564,-1.7371733789261832,-2.1405235991442066,-10.853004702414234,0.4138394285001215,-0.567265366170957,0.7304776731608967,-1.9904921949050152,1.1096589408920585,1.0119832164934732,-5.3025989682428305,1.227435510028978,-0.6341036107530126,-1.1334465812729115
MB-0392,11.438825709805037,-4.645302788881371,3.9808250663166365,6.436219117152508,-2.4821247838746547,-2.8061571866268196,0.9372919669182561,1.864387782400391,-2.122659356256391,0.8630797389697445,2.358899267890488,-4.16676949757864,-0.23442784975762782,-1.3349013375262324,1.8328554404074333,-1.4969364404027523,0.283645836456983,2.940575267486781,-2.8228957311599876,-2.795910734521146
MB-0336,-4.679842228346086,-8.649382797000825,2.2674495337925356,4.659446023019095,-3.1138454420521042,-2.056893451267239,-0.2540554997598385,0.7699620288188718,-1.3820350201641656,0.1801285177000656,-2.560431108155126,-5.640642075103156,7.35349636702501,-1.7012494822444686,0.5947844132700925,2.547762218153027,2.6732292749826096,-1.992750107446946,-1.8232396825508332,0.8672075864103073
MB-0467,5.204860482993476,14.172118589112554,15.48737536461935,3.8386277609244326,-2.4997147474770425,-3.0705106662682953,-1.0378056921298813,-2.003339786179892,-1.6158945257682904,-2.8543982288859095,6.825477507872503,1.5993788122042116,-0.895113499939912,-2.4004695683725084,1.4681128189872397,2.9025077912497292,-3.7193740574181935,1.769572681279821,5.1821301163895885,-2.0487682655640382
MB-0349,-6.3701213121513725,-0.7156887016094959,3.0580394028103677,7.2402641037232645,0.5379531678272799,4.187493178238816,3.870911850121765,8.16332650480279,-3.047329103016679,-6.075725948596274,-4.119210555037582,2.12401071695202,4.844142210258381,-3.3396894457847255,-2.1343917390403595,3.783458206854555,1.5137622970322502,-0.6039145265575864,-2.7140302201346507,0.18763278873383543
MB-0378,-2.1503825831549976,13.690329523048026,3.7906238061136004,9.544397039290045,-15.648018695870192,8.49615081960511,-1.9759198953926589,-3.0575544339574026,0.273515997610779,-6.411733935511663,10.550909877474272,4.076602785262942,2.7471570454071914,-1.4303363330046939,2.174651962565045,0.5494314019544432,2.840897387110831,4.9577382541285715,3.202402775361332,0.7923564447901837
MB-0176,-4.775147712167049,0.04967527316034879,2.841357151049134,5.881432931296692,-0.6922571477093489,-4.257419765076335,-0.44927748397716905,0.5002185731468958,1.7170944569589115,0.022728319226554498,4.1169858923598275,-7.515334349765572,1.023828020725437,3.530945734213438,0.611968575246546,1.7410212486884311,0.3489651781762823,0.8515762448081293,-3.581048377701983,0.14151975382071408
MB-0429,-8.205074408531829,-8.167530854052444,-5.2831840558850125,3.6811517391697413,-2.864729711462917,-2.0873323425932786,0.9604722441775695,2.472896636407224,2.9267590578472498,2.235039277078837,7.311253714389634,-4.888466007094027,7.806336881399858,-1.543252676197765,3.710646399024545,-1.6314484569000127,3.141257479310202,1.3341279778451065,4.488770333518847,1.4096288313686018
MB-0397,4.320068814337563,-1.1051187830497606,6.471810138478934,7.055199028637858,1.9006590987654661,-4.597173513211268,0.46187250365277555,-2.996567960663079,2.0853655475241943,-5.612972728292126,0.6288577347475455,-7.2493531453600175,2.180453129637503,-0.41970718288153336,5.131202510489773,2.2701243117093957,-1.5415512622156478,2.791792871788895,4.105184140106006,5.510955444345764
MB-0571,-1.0859993903391931,-8.03303556133671,2.9303641460149334,5.3548331293790845,-2.9526129147797215,-2.9686444188055607,2.448487339876727,-1.521708185494602,4.81237176681641,0.6137715355164672,1.889803006033114,-2.92912060882406,1.785541521904859,2.9579727681987245,-1.770347585572668,1.1618685646601608,1.282297968797873,-0.04592693753281568,-0.9236671169548429,4.3640879405233175
MB-0426,7.562623704391384,-2.049972120654296,7.672294596410991,5.0886776929722295,2.4418790577005467,-1.4633869538571564,5.571415592272157,-1.353769632767066,-1.6129441897058616,-0.8114732921106972,6.476446400501688,1.0871878919093767,-3.047783871846114,-2.655651733491675,0.1316987707544466,4.796618299063943,-0.37003678355460684,-1.8665308383080281,-4.415355995752236,1.318809488638737
MB-0135,-6.646204896310848,-9.264985422073613,-4.652948756649082,8.716154842054557,0.4820418690961857,-2.917732796291313,3.4708117941312957,3.9468318297652543,-0.7240962101499906,2.141722796172993,5.720438350419742,-1.6367957766561836,0.40326949252511496,-3.4928166630931505,-0.7737563041586331,1.4397523354725912,4.87408594759075,0.5578594882741041,-3.114290995644025,-2.892357588167309
MB-0112,-7.589333828164583,1.9420362696123266,4.751855832100781,7.617718766890037,11.374883986198075,11.432580707419081,-4.177749601749225,-0.7424067711342575,-7.223922731425882,1.894328329984711,-1.9947210036186949,1.5077591943893338,8.30896555652611,-3.259689166965152,-0.9404086733008437,-0.7717921421835523,6.87320275784029,-4.43506647648572,6.284943485580257,-1.2280031677999317
MB-0352,7.57902902081223,11.044247072627762,6.455291874041797,3.117833466740008,-1.1956775782354332,10.04470532872198,-1.8633904228416422,5.416332536531123,-4.757153913685104,2.3771925364612985,-1.3098428882700244,-7.876956503960412,-1.2814845343874919,-2.454986271196072,0.9894774934348938,-1.4321346532721928,-2.695985288969968,1.1158177945002599,3.3653520188720183,4.186711702908399
MB-0644,20.558112452943206,-16.355367319201935,1.280814836586697,2.7731469193864684,1.2340189204559249,4.103025429843507,2.083884482080544,2.6965346790639684,-0.20925604667702663,1.7091765811699278,4.8616630310028075,-5.0046301334184236,6.937284788308701,-0.37151720197662863,5.519103608958266,0.7225925525290676,0.023865236290602297,0.8717441852596012,1.7912580024845577,-1.8640230352266756
MB-0601,8.451765073738459,-5.442154941703984,9.504810484287026,-1.9437904665114,-6.192908646473788,-3.496238134843295,1.2459352527914986,0.9054396107688258,0.3069413186750827,1.4916149478261342,-5.2148716741235805,0.3645960854226664,2.241249939495647,0.5148801369889056,-0.03254174419028141,-2.6609030200124084,1.467233355009796,1.7639696976333263,-0.512222466555556,0.5292967904501675
MB-0568,-0.2754146874167789,-6.119940813733895,0.5671974344922541,3.017590495355848,5.601622302896034,2.6212460638988815,-2.790021061731121,7.269728190908648,3.550920963116482,0.2451718960353204,3.6754317293457204,-0.8716975354278717,0.06457501252357224,2.9212079288055626,-1.7600810160338016,-1.077964403258347,0.29554313385736,0.4568108665453009,-3.1506570012219157,-1.0087666100211308
MB-0328,-1.1233933424001399,-8.440266076119592,-5.7602815088806745,3.91919102573063,-5.865264492693153,-4.458833977332664,-4.2029507114962295,1.4467321202397254,4.393117239554037,1.65331409584102,-3.6844236653168525,1.7807878939019282,1.5360780212733423,3.2799041831636684,1.8057702211931366,2.1963521223483067,-4.3404462011192155,-0.0805695574186812,-2.627606087934233,-1.6963699737539393
MB-0325,4.453739619198021,-8.197524784324386,-27.416442421414793,7.598787452360781,-9.110879053705574,-4.831158507656888,-8.317229273038627,0.7193740119114673,3.230465872427347,-2.2573254646958536,-1.6983588360594284,3.808324343660654,-1.1119298806096443,-3.939044286423148,-1.6471987029899129,-3.1107616029135343,-3.169616786602709,2.8516078373886735,-0.2523663791726103,-2.8372876987724984
MB-0358,9.65581780202658,-1.518331422351997,2.752746986761272,-2.6181078437196224,-3.6844619996894457,-0.31741349915616424,-4.3312875538576785,-0.8507550674790971,1.7612289142626216,-1.7538192035346936,2.3687616965782525,-1.2202050722643598,5.345592321050789,-1.8897392591630375,-1.17120899135643,2.551418135845395,-2.138261893283966,2.390203720669712,-0.380535817903122,-2.235512824346405
MB-0413,1.381250917001271,-7.7985838271531875,-2.2400719460854415,0.5070570595140237,1.2660074696297268,-3.519366659487869,0.6789226415361322,3.5480940533032475,2.3136152269836896,-1.8391692377989273,1.5407292069980725,-3.2829516208045106,-2.6575450143222827,-4.9088733403209,-0.6838292624099123,0.47606800292199164,0.24460421204622237,-1.3560336538339406,0.3873569029956072,-1.5925164186689769
MB-0158,-1.8837458821972668,14.591071536747188,8.680139053331898,6.874961272567468,-0.4846643893144041,9.21966757484777,-3.277917632027227,8.057674750425756,-4.697294053463065,-0.9045529731133353,-0.6099619005479129,-2.5595881458908067,-3.1482547437738466,0.6159275594152233,-0.44917909990686394,-1.301432841964643,-4.2527030443132565,-1.5160205081246476,3.505751790814974,0.2872767846248681
MB-0636,10.870314541925792,-2.8644292709226273,9.233406566652684,3.2445084031466704,-2.0370268254157224,-2.9717725642171935,2.7793843274012686,7.40988896585588,-1.0135477716217038,-1.9603621795124941,-0.398165451234368,0.7746473238264034,3.4084527647671186,3.4166661247181915,-0.6280336646247775,1.2002503066705945,-0.6124160483337159,2.182151175969038,-0.062288877466174106,1.4683605322324524
MB-0145,6.918291618977757,-7.467119566834878,7.369253883524955,-3.1747878674610908,7.127388879047887,-2.044278967036878,-8.476065564901269,0.6160384414650747,0.2633203057424067,2.3863800911072257,1.873237230487303,3.6743270161990385,1.0842150272855742,1.480779730008741,1.6114901595644369,2.1631207238413808,1.330417259713114,-0.2754560378237232,1.1738456906646608,-0.9803188017000039
MB-0195,-15.283788500575277,-0.9160203966899366,-3.8205526125775853,-0.35551316268105887,-9.0392617201798,0.6195319546960727,-0.9815401048710112,7.999251819701733,-0.49377944953434527,1.2864348240688341,-4.345686299356807,-1.610221239934295,2.9805181757321426,5.264687950187671,1.1193448219885374,7.992735068181035,-1.4072713823463776,-0.924462814190761,0.5791154699176425,-0.1004221850523648
MB-0422,-6.317600424799699,-3.6371476471010546,3.9322455903555995,4.028292769344346,2.488427509152595,0.25726653601516675,0.012098995853946203,5.103793269893846,2.243207587619744,-2.5873462038677437,2.4957060390670303,-1.7765538853286569,1.988789109668911,4.120661727289143,4.624995793130507,1.3206503101432523,2.5854290424379154,2.5997448365314626,-0.4326721323834626,-0.2993672560984433
MB-0483,-6.168610678403946,-4.707042160797855,-6.700689142679408,2.6372313860762775,-6.280034973788606,-5.278776879625574,-7.6460554677559855,4.490596820833971,-1.8517215459260101,3.7424003387849836,1.8113532699837618,-5.460067550488914,1.1789965514144798,-1.185596010652802,-0.09967917807327453,4.06669109713045,1.8529857370083074,1.3991310634664047,-1.3951155951106626,-1.6617241586187963
MB-0317,0.22332871475667448,-6.384937967878759,3.2820442766247315,-1.5902821683881434,3.146377929301191,1.4157649712362428,-3.443557326325083,6.150911537597882,1.2017143121728309,-6.341357710330718,2.2702197498075827,0.524910070238049,1.3563440329566263,-0.5556735950536524,-0.0002505624128610298,-0.15732181811949852,-3.388943312439506,-2.8039612017329416,-2.8563736945987337,-4.661447879624476
MB-0486,-1.9619189128810024,-3.8656948534022932,0.4909040236749322,4.147538643306416,4.689245795501083,0.19650030070961436,-9.177578623612822,5.18820259333028,2.237008442349459,-1.9229279177624956,-1.5139158027029147,1.9719879135236529,1.7278246257426144,-0.2477526932892477,1.1982649956140896,4.205443451749269,-2.8766683592009032,6.8380099075761125,-1.290407656637611,-3.174030675777818
MB-0139,4.167796963123297,-4.83577071088315,5.508618720265711,-1.5747826072649045,5.133869282155894,-6.092990709102748,-7.025964482576006,3.007785307354908,-5.566649555233658,0.8107713567601207,9.536292485331712,-0.3260701965615857,-2.591788149995048,3.224079922356251,2.19658751343586,4.190644654279534,2.353924200561519,-2.240277458942387,-1.8040209955760416,-1.4629205212404084
MB-0257,-3.3729066854855114,-6.92437472879743,8.071617535777262,2.754356000339482,3.5316375667196604,-0.5074312338043181,-4.662226757020303,2.988983801619235,-2.338310279262041,-0.025087003648278886,-3.949677341347889,3.45751535086877,2.2810205254837395,-5.546697746110335,1.4892163782850325,3.7857361641567273,0.4865299169219835,3.4424539518332504,-1.2094557020151013,0.6280030373923481
MB-0345,-2.477836501931253,-7.7145975713855375,5.59859137168318,4.332435544667184,1.1497533691144792,-5.074663819312766,-3.9092293993969074,2.1554086491613482,0.6850294866817294,1.6188788322568843,1.7318862132315302,-4.198666694108707,-1.354491156275386,4.00141309560795,2.568599696562883,3.211744361630342,4.3148892730882205,-0.16299174365258615,5.09466882045956,3.773232542605992
MB-0375,8.837098481422355,11.84162343386342,-3.937105917030125,2.8979890313866212,5.386534041586375,-0.5528680658854951,-3.3969461830090077,2.5806019281513315,4.404176923299829,-0.4572662173787288,0.859275992351517,-1.3399580835466591,-0.37295131544778076,4.204944988285855,5.305447351559477,2.3814840369769303,-0.8446260724025582,-0.18222608087093067,-5.400748281358863,0.7055616657532723
MB-0419,2.6868192656009193,-11.592532552954294,2.768467625427168,-4.194741448815468,-3.4803955124435006,-6.21828812990586,-1.120130043191399,-0.9890056994569403,0.3092424248053067,3.6347591557692542,1.1859275284536128,0.1536049260269448,3.6905789137209943,0.6282343605180395,-0.5247159074497676,0.7187279628502304,-2.4934425749534825,0.5119001620949748,-1.2522526504658384,-4.628098407483703
MB-0480,-3.0218436484115907,-3.483530822374986,1.6962929500843122,1.7228387189580996,-0.3698936798289786,-4.333947458718397,-6.482361930343788,-0.871083760350577,3.2702999645874677,1.7767199070458282,-1.2445709536740632,2.253978322694799,3.4239020513520617,6.095638988877244,-1.9216815960391187,6.0108438332492256,-2.2002819517485084,0.8540766475382632,1.5587339761836414,0.5312835041644525
MB-0311,0.6397057981440671,-0.4080796743723932,12.029644512001958,-4.340073632158669,-1.7566563095154213,-3.5339975693198524,0.9365215391076243,-5.9460935393339875,-0.3170368794514675,0.506714210929442,-5.651628386694543,0.4869039196886693,1.857510478463274,-1.8536781265945934,0.7031224203658665,1.2987615648333488,-2.028850764776368,-2.47343835877239,-4.643471637785388,-3.8381842305588854
MB-0324,-14.282635825346587,-4.529477574519991,-5.437204472953132,8.06111787299007,-7.026518750257729,-0.7724553956750948,-2.513204170345113,0.5363098642766329,-1.647795217963997,6.906812924501189,2.655575285049614,-3.388250963622927,1.438868272802169,2.998821685368803,2.026137776346155,4.14187222060641,0.5132106645193808,-0.4268660882326777,2.9984678425979294,-0.022373285724760886
MB-0368,-19.738380666567192,-1.3726868741425546,-10.074519736612672,10.318606153997159,-0.977134765281001,-1.5461236822872724,0.051823112662361025,-0.3702582948170346,3.7972370556660446,-2.1883726096290745,-0.3422341801655318,-5.823370935243182,5.461174700531175,4.323182766236349,-0.08381426325878949,3.5876457663429053,4.013792347407461,-0.2879291990747966,2.0320661025359357,2.081568901689271
MB-0389,11.064547979057233,-11.25354001700146,3.900411998105311,1.5707353501547132,-4.609913868406549,0.1434380569324234,-0.03477702407477945,-4.166723208064662,-1.8620015214499823,-2.5681458385203633,2.204044537108348,-1.1595947877159938,6.35302845561695,-8.382710476188924,-0.8166754789689287,1.8235083677621735,-1.386841085572264,2.700612609060202,-3.0071951617935575,-1.4125199555872006
MB-0248,-19.555282174349074,5.478546565701903,2.710430021980615,6.3869378411933075,2.1404706337596586,4.623818633377856,7.8411487987820525,-0.6646410069112977,3.5657440458912233,-3.7881319935435407,3.2714814889316917,3.937834831913266,1.726879856965342,4.995285420138613,1.7567605164148616,5.807611968703191,-2.8960178279716975,-2.9698796852649094,-1.189901469122706,0.8794813511208157
MB-0035,-21.527858015146396,10.368967942269752,-6.845784914710717,10.52011716148567,17.0373566772324,4.979209112905661,-10.831796339310873,-9.623961200534596,-2.2077764112842164,-2.391266552690876,0.6912020734445564,8.229405000124823,5.60918675239308,9.186209111193834,0.0013589506227649193,-2.3822525258882847,9.331018747584615,-3.595650361141729,0.06241603694023799,2.4898928231125477
MB-0667,-5.924326439506325,0.07200931878699084,5.997875473959873,2.853657167178841,-7.326239163406176,-0.2100235148394264,4.8561290559800305,-3.7106996932876846,0.7886611710214544,-2.9502960418177757,4.646138412336591,0.9559146246380572,6.945514524149975,-2.2822188437144826,2.600646931780238,5.854353592864079,-2.239331941342965,-3.0559555610240428,-3.349311747295039,-3.9049092686335176
MB-0423,14.680663274773165,-10.69799017518587,5.951884972640238,2.0447821202222607,4.3116446138593645,-2.6371965120418897,2.849634258082733,-1.0406554628184568,0.9205168395329388,1.2712896230994581,6.486115976517459,3.269044168366467,2.658241651784196,0.8938839492702019,0.9639685310141801,2.9950326886188994,-0.17108753390417844,-0.46454466437413494,1.01393201775906,0.5611277230499689
MB-0904,0.8891563143547254,-2.688613980003073,10.215626174658365,0.14799305285400807,0.1970402690199575,1.9488789876399868,5.4075624529079445,4.812125852694346,2.0989996862169473,-4.883879770724325,-1.0203606958770606,0.4963919453471286,-0.010169947069864184,-0.031116165246627768,0.759370488590318,-0.2748481116982235,-1.357198678939934,1.211474252337717,-0.3207484332839065,-1.4585127059502683
MB-0119,-6.329308498899685,-6.6269397415178215,-8.084418020016281,2.2340751049466374,-4.980906138616984,-1.5245491380591183,0.32422461909113115,0.6698834193552804,0.7646921286792486,5.972038623890266,2.6676759423614476,-2.2956230580738293,10.405768535452538,-1.3644825011201942,-1.4618219212542802,-3.7794670351843473,-0.996128093896347,4.069661791720583,-3.928862982406168,0.27426574491480843
MB-0650,0.11339890069589668,-11.59234756423714,-4.710659861066021,1.034603201999978,-6.891079730468927,0.7175079706348291,3.2104543723600765,3.069171951893425,3.726431403602921,0.30756692277177605,6.469522564216316,1.6811023708498543,3.585772900670603,1.268351268343603,2.0214080308376756,5.538732233179852,-2.4556099167291054,-5.580165399467251,2.6248295509350825,-5.151557199157618
MB-0204,10.52199981129907,-7.671533495377907,10.30880549248133,1.6257371976802504,-2.3510121625410303,-3.3274339857380286,-0.9732725683604511,-0.37558516752171656,-2.369465169790636,-2.9398436228194536,1.6654868545318244,-3.887905374845303,4.59085984206146,0.262292989535167,3.755862052484983,2.976817340552534,-5.070489551329827,-1.3574349225669142,0.2979307613604606,-2.632024977185153
MB-0184,-12.273913305877635,-5.536866654697812,-16.365002884197914,8.27655837219876,0.5538738967499155,-3.3600241528854284,-2.727681999421259,3.484747337512334,-4.391090492728203,-14.492413288738812,2.827634373013903,-2.327224030999993,3.292217107357338,-4.908770839226774,-1.6873410021391235,-1.4364498577148577,-1.9097695946067734,-1.5292429040485531,1.8081303908226407,-2.5879558561961997
MB-0600,-9.895927076119893,-7.003312076741255,0.5301243464636519,3.8954307965532133,-6.901291048547795,-4.985958598449132,-3.2806714959593615,-1.1316409157480751,-3.199784482904617,7.377275882350087,3.9852533680552287,-6.354483127317057,2.097310424486969,-0.7019026816605444,0.6671554917340129,0.025388426801303998,4.456326534591878,-1.8096709290154915,0.4131752674217162,2.844152826442681
MB-0400,25.770597185899245,7.339982059837622,-3.8216697764925334,3.782659339621147,-4.7047103646254165,-9.796842440640178,0.43565045408462305,2.9901812877412572,1.5529926959325864,-1.531396260708443,1.1243949497159083,1.075436191925656,8.063787184669287,-4.49972398391791,5.4944749840474785,0.20521364769548986,2.030263238889089,-3.2474405307894245,2.400500086710967,-6.330532975921887
MB-0511,8.907145479083878,-5.8602368266354325,8.124097394456374,4.589388550742083,5.332761779094395,-4.115832412932558,0.7429961522473262,0.09228645413189228,-0.37829572915798776,-7.835476424812594,4.756305033224368,-0.3999612901286467,5.225201759562932,3.0451986974638396,4.721293050654328,0.923053045188768,0.19877572992939097,-5.397023730786942,-8.012899302379093,2.7986925786128642
MB-0059,-6.807915494620274,-4.872353548889123,5.408134276906149,5.5748485209634575,-1.2539165303264526,-5.995636461577026,6.356507182297863,-1.4052081523475797,2.6567705541082693,-2.0369927798103995,2.8079487488383177,-2.6507816267822037,5.444327690106731,-0.10661159556211035,4.41063373775067,3.4400895707862063,0.7687120883344282,-1.0299035631258235,-5.3586630305503835,-3.567654185485306
MB-0500,12.200623375564458,26.413995524031908,7.93067299706951,4.585071055228038,2.323558294534224,-7.245976077483786,-0.4581151924022333,7.826178489326753,-3.7493147246071348,-2.327073932394015,-1.2426241492193506,-1.1075766394486475,5.247888803794045,-4.466100460411563,1.4802022855565498,0.19222324614591363,-1.3549922143551643,-0.21574096418414146,-0.5569351420027777,-5.53927323082606
MB-0150,8.878587506783045,17.9951978431471,-3.1832922677595694,-0.044261442437567265,3.180880654987716,-1.5207967307261783,5.874342312335172,2.502696818597918,7.181545795102951,-6.9360899308455295,2.571266624224563,-6.02302529580323,5.200534970007005,1.1404254160057938,-0.42672592994576847,2.7829957262298413,6.446725768514256,3.592016805285363,0.5772613703980146,-2.8605457728521904
MB-0895,-5.98430097995994,2.976462987701763,0.13681455474829857,6.257937168302267,-10.59344098755086,0.8615982620772693,1.7217086225665141,3.2332411175464912,-0.5870536893951511,-3.1405181503462947,6.03442163667613,2.074491365719166,0.13226219787884536,-1.1183293991218388,1.3669610466207187,6.345089517952838,-0.773681830969543,3.017385380575003,-0.5566820201478752,4.986041103726291
MB-0366,-13.377999685966168,0.8040305231358702,5.811170170016312,2.174780174548808,-4.505364488545276,-0.33715579333771106,4.43991021177428,3.1969944926375566,-0.44405967428242815,-0.9316853135218311,4.1852899471302845,3.498635979862428,0.665609556653591,1.6267080452131457,4.299036454754218,5.923055541551227,-2.2190711520138153,-2.944809130663323,-0.4031397884183053,0.3500659850350588
MB-0173,-20.27880203600669,-1.6584340513035591,-14.624799951138948,8.545411631737965,1.129916597403861,-1.7409838635488255,-0.509071797034024,4.877886154239886,-0.6290340362693597,-0.9824685015899649,4.188615437004385,-9.123148684301952,6.994103712010253,-1.219177665010705,3.4668309887829367,-1.7690730051588945,0.1399416117142447,-0.04416319520258209,-1.3461729540303224,-1.1248505844127337
MB-0131,-2.7754256998239466,-0.47206470715622756,6.6662904437732315,0.024807664221768125,1.2698625581747638,3.129560685124304,-3.0415817421685647,6.861849796732618,2.8780144392248426,-1.9359577305319868,-4.252011288494545,0.977728195910127,5.6263425743537,3.324088856633811,-3.83476061113704,0.9519807663253442,-5.458590143647467,4.102797019702341,-1.1531741888916902,0.25801548619711406
MB-0206,21.754927587517965,8.06946355337889,-6.612235918809029,1.610043055607972,-2.2104269463414634,0.07047515642697227,1.3150157736260224,6.261280871288512,2.099783973730984,3.9927317049651148,-6.807280790051253,3.7225388213450445,-0.22032671182771452,-1.1310979030199348,0.7218520598041227,3.7229266143861897,-1.3081732043467276,-1.4915324720052239,1.4372025115164466,3.527847113812059
MB-0315,8.896483560691014,-6.369105166740552,11.612741959170819,-3.373261722555278,-2.0371590167937614,-5.476079253398632,-0.6955151737786632,0.6548281046595659,0.5080592464515137,-0.30090014817934707,-4.015388098902953,-0.06929891707045625,1.7955577142957673,6.390992150802963,-0.24396845084095375,1.2546276488970256,0.7435086697709078,-5.621615787810468,1.1371584457153772,0.8886143288214229
MB-0361,-2.8656350003709656,11.008906547528444,9.590873623356783,2.602486636448303,-7.883256284225752,0.673816010723825,-3.9306883736047102,-0.3736905161180998,3.982055426390423,0.8615159558857034,-1.075343241753258,2.2566972939307997,8.149734655024417,3.742268654313314,-0.7195989341425123,-1.3415565529080704,-0.45827746128371766,-0.6163038220096795,1.8277946545713686,-2.0447451777814187
MB-0545,3.773019534525207,-8.116006670006179,2.554537704169104,5.441373740163814,-2.593730214290171,0.749221815733052,-0.3204946445243532,3.2889783780733346,-3.1790176964874366,-0.7031702264178255,2.8265635815464267,-8.699017790295153,3.60469556962279,2.1198207085276612,3.6180717111879677,2.694572859362751,1.4889791619711192,-0.9168583832920186,2.9532256759481035,-3.1006613285580418
MB-0370,-15.16157093906238,1.7420568081128327,-9.10481180506367,6.784136092383966,-3.2397088921164734,5.858342142659199,-4.097134896734752,3.4211766573717735,1.1295832494988032,6.90169715142271,-0.6389057446708896,-6.0310714099008464,4.077700171406152,-0.32930433289431055,0.0185077669278063,-0.6301252777984524,5.803775177253479,1.5548101655180255,-0.25741490492553687,2.663556580601445
MB-0642,-8.970745848784116,-3.6575463558375536,0.9333118643029591,6.532436282718007,8.453646285446329,2.7912253173214068,-3.196413469982358,5.979103458758432,-5.3659554864954115,-5.586748166199228,-1.4059737157521621,4.095970546305721,3.4479073466597367,0.07042428022251221,7.2682676981351495,1.84282442469738,-1.3171739170432675,-2.1119253128564934,-9.076074198653377,-1.4707549439380323
MB-0431,0.8009034093214278,-8.015528001705091,3.6195715712218446,1.7578221178956002,-0.36916840657154526,-4.944179662804126,-2.3499428975296635,-3.966777854946284,5.952410570525749,0.8135619858091608,1.3651973659524765,-0.329067310501072,6.145109130233336,-0.2568223245635748,3.429115408063578,0.3997254548401933,-2.392087721646754,-1.7128148086079154,5.212422345648821,1.263773085072259
MB-0181,3.921274797350519,-9.891535388467299,3.4518209745181028,0.8695336713372197,-2.8407896815469047,-5.3004068991957825,0.09709942742102227,2.880061343214872,1.0045102348617883,1.6550333122475267,8.571186623059031,-5.378236935005564,2.0088822549089698,1.4682009657774244,2.086500518792398,1.6640697351041547,-0.06473520409347144,0.129921178690487,0.9967029382836488,0.2077454218874827
MB-0603,-7.222701068501055,-0.44384260112136553,12.535976158063246,4.298726872357859,4.698081327949732,4.511719169385176,1.2452916074875457,4.377803249143959,-4.810739918344672,-1.7349557131422948,2.4721384684298338,-1.1006277958034845,4.541471875666142,-4.125628099031249,-0.05102787023680138,1.1231923669519754,1.1991346069791822,-1.3759652872904056,-1.580522506855573,-0.6993731497867118
MB-0295,0.47319086617043715,-2.6041741725403487,3.997139133939749,1.0856793608325894,2.80392147130384,-3.1043848087477333,-2.5061945409215616,2.0102322030492057,6.262526318528678,-2.089659464848369,3.4319152106663227,-5.037107944166455,-5.1341475670684025,2.809571048699195,-1.00549294342895,2.2358567658176742,1.0872114730197637,-0.24672401736149321,-2.414128004136335,0.7160891930451964
MB-0618,2.481130236849262,-10.400962977490959,4.220168851832286,0.9491831027833828,0.3225819969896045,1.9890101375191294,-3.2569436015460718,7.032333767431293,-1.644270406159467,-2.843288575581633,-6.157112430583608,2.66644707996376,1.2454211201551413,0.6477384284188653,-0.22603094239603244,2.9537781667456673,-5.1019255680996345,1.03069108927458,-0.14197582770965958,-0.9044600460016505
MB-0496,9.456721937831931,-2.599360785072364,6.465334643578761,2.5126193929257643,9.250028303864175,0.4690217485363386,-6.43700462037609,3.637360249118885,-1.8111432313240352,-0.10891758896582754,2.500567842150695,1.7228062659184438,-0.20538079395893,8.170532170457712,6.341897649415432,-4.979044052875153,1.2939769087880975,-1.220919985239483,-1.433328416357034,0.03913984222509686
MB-0411,12.44071596774774,-6.1165636841685185,4.582190080725914,2.926530344736569,-2.0630310693729537,-3.7280429446209387,-0.894533049362784,5.275487348407836,-4.792621624160246,-0.6360033124309254,-0.11876270991358212,5.170002931732755,-0.8919194663535398,1.9647967704058267,-2.1130404171545107,2.832092247841833,-1.3461797238280584,0.9941919115379523,1.195725716441429,-1.4096267522573471
MB-0285,31.305612872739747,-19.257724234614017,-4.927330947182045,-2.2170978322143107,0.5884633061835378,0.011870732656470213,-0.05908892334654837,2.2076336804139793,-5.124893401006652,0.38908014039078587,6.226288750513337,1.7988720497257091,6.865117951069041,4.580561726504228,-2.539932910701656,1.4282163226244255,1.0944998985037968,4.397708745255195,1.739236698283548,0.2421859286143109
MB-0360,-10.413527802269522,-8.52200691566478,-1.540385058256733,2.754725774438638,-3.14788029273649,-4.7545253455025245,3.3850497615366892,9.42631584809102,5.226566595241182,-5.080330572685686,0.24744862484994082,3.496056217713183,2.496546789121014,1.0735644841729268,-0.42014957072488696,-4.565872106400798,-0.9796795021906651,1.3622547412702855,-2.3817175707092724,-2.8603943826154903
MB-0359,-0.36858936926991376,-3.619712997040197,0.9465463354117323,1.261416707788485,3.7211149400057884,1.541453823616668,-3.369628531686055,9.117961445325513,0.18533211556722498,2.8621668785993792,-2.2015626346994726,1.6573972213325339,0.09033373860155494,-0.36753892208207845,1.7659593413096728,2.5563833359911365,1.2484799561982038,2.9903287775580587,0.8159330951859851,-3.003612771979902
MB-0344,2.0693776587937807,-1.9162603782681755,7.050991219307522,0.05964685148096808,7.333183803213004,5.052384199250043,-6.117772276037458,3.8528139037183515,-2.952424144757497,0.9614665745222105,-1.8360062210920776,1.5720565450357709,-2.102043404503712,4.312000533703481,4.010073742160124,2.0155805705678573,0.3543817378790347,0.7964002663087376,0.11228762926037254,-2.664532392951064
MB-0583,-1.754760521096555,-8.975638803566305,5.655094097506347,2.527088905797838,5.834913931862464,0.08105402904911407,-5.2538486954421835,4.489627781668848,0.7215347590948389,-2.674139341161689,-3.456111878043136,1.89067083707665,2.8026421806972346,2.7623644735609454,-0.2613034035524555,2.916155107410919,-3.6582301121406253,2.1209037609014607,-1.5280990672239376,-1.117605648885873
MB-0202,-3.7845368890829976,-2.546404864817864,7.752792239743478,1.938774318984586,1.8633386431386558,-1.1867057405266266,0.2741487329206748,7.655229595945172,2.709982763001748,-2.7939163792632042,-3.8548498837988294,-0.49492613739665936,0.9760661672441235,4.06064901858883,-3.144322272909824,0.23635885332856485,1.8241647902625022,0.9764082246648493,-2.684718317448885,-0.9137093192197068
MB-0485,-9.004845936695245,-0.141473424225764,0.6982762710670478,4.914981056274271,1.493980408283766,3.8921265682287003,-0.24516167426738483,3.0287708025683746,2.7198522169335964,2.183489858248227,1.4470303040471288,1.9002224062180857,0.5196457236369748,5.818271944268074,-2.8923910931371295,7.140724460573519,0.6985853498251094,4.657587750167219,0.1874130491682143,-4.865890116648562
MB-0609,-5.528655023667766,-4.325252364273268,1.2741403049156497,5.265493305030562,-2.1524245603108985,-3.4480822478937054,-2.4219665392360303,-0.38998183303468853,5.524088940930336,-2.3531742749671465,-7.579003334477103,-4.922327364108349,2.1006783781467595,8.855993018047378,1.5433234044998565,-1.0726975795803968,-0.7377899483560313,-0.2420115105162846,-0.20243670510993003,-0.1616864410693986
MB-0538,-0.6483910669270153,-5.999587250138841,2.5690929715163584,2.206413820042649,-5.096245270292989,-3.061632330588172,-3.698083354456358,2.6257919327528474,-4.202847464341157,9.323233767592834,1.331921815368257,-4.87234414733539,1.1352267554651645,4.154126105398395,2.9560819218316334,-2.1202332440473413,-1.308735542841419,0.6926587950068543,-1.7156059061227207,-1.5726145480085258
MB-0197,7.064199671987724,-5.978973710430714,0.21315897431191244,-0.8110040534075887,-6.336529867312847,-3.3267550161633173,2.6482790832970924,1.542494899345363,5.41579720225374,0.08034152331208055,-3.858732297069524,-2.1289079900811245,2.7953035277441107,1.4273900776710826,-0.5668833080911029,2.7063176130037983,-0.6597329387294422,-5.673122858744924,-1.7099779013653886,-1.2348735554562063
MB-0410,4.061241025184187,-7.48782474031782,-0.20329272353095923,1.5477991501578905,9.069641537185328,3.3651783007406975,-2.875414855058132,0.4309852783704453,6.229688881909865,1.920936581886087,1.2446706460245809,0.9204818580307874,1.1403760054767043,-1.154569949351228,-1.142636148859525,3.044782204327627,1.786940277728565,-2.181643959083609,0.769350355182697,1.2004322552109588
MB-0528,1.5181990633335376,-4.399884741967896,-1.4175212934156372,0.01564828138255589,-4.126132919563675,-0.8167273753402351,2.031267495586745,3.2925152179926815,6.633890382624637,-0.16856814708515042,1.1635890866925482,-2.4082545419394097,6.37595793597036,2.321383362851732,-3.0309492025025135,5.3056268785419185,-1.5062252637376763,-2.764980892716549,-3.923989219805789,4.880993141243401
MB-0165,3.047089068040102,1.0126048103917993,7.140641714298717,-1.5142070373155259,-3.9850573572855614,4.178037027389887,-7.246672790943521,-5.815244566989228,1.5495342087380568,1.104618177269334,-2.696565757627771,-0.22089103101451027,1.139000065973942,-3.501768661933739,0.36025128214727203,1.0458110146912376,-2.56366181789453,0.34341421118256055,-3.941647437262366,1.4696158719928436
MB-0152,-1.3121189248712908,11.585914221509197,8.89210982147948,4.680041410425216,-3.3838911504335107,3.5464704457271257,-9.756010165895677,-0.7606172420202844,-0.3595509175582084,-3.5914059827208904,-3.8061778461016886,-1.4410047293578345,6.149033446063463,0.5707603050023533,-7.921627124601893,-4.034169832947664,5.520023455943005,4.170779445790861,1.5386968751491206,-1.8074561773428572
MB-0546,6.892491640299959,0.3375999863110592,7.118684915733004,1.4040781509968567,7.8213468885816875,2.1590228854189117,-5.017571494473427,1.840761723484425,1.3974446969974912,-1.125386459032988,-6.731681963723956,-1.4726230115952244,1.7312046606808806,0.29404240457142605,-4.354971220618678,-1.8776709048736624,4.914193547580754,4.125727915876637,4.043894489336843,4.395936412794226
MB-0148,-0.5699152302955781,7.24957732977004,6.455932898337232,3.542680153842502,-5.058745709416268,9.096192894196225,-0.2959138776237456,-0.6426537819881017,0.24614975638436926,-2.6362760957136966,4.807927541740207,1.7952125866327842,-0.40558446640784557,3.747893449184218,-0.19823528674483973,0.17916997550876437,-2.105683769363906,-1.5134526307539793,4.274253556463464,2.5862800689606664
MB-0594,-7.056713388882852,-8.293405198545067,-11.464070980260454,4.412027302390734,-2.4529263453112704,5.013309341015836,-2.5881903120106746,6.291959643870477,-1.4365391297880108,-2.1540617817310213,-1.622016559944264,3.366268440874772,0.49405156486963714,-0.5496520037603212,-1.1513930483084482,4.646038729605601,-1.4810052498387407,-2.582910878800442,2.552254347220136,1.8042085834093735
MB-0521,10.92855243703409,-4.876784301751094,6.553496597220888,3.3781736799189424,5.951921082596606,-2.853282575514853,0.9622630212047206,-5.666146839913914,3.2448210831052724,1.7100841819536459,3.604533428705962,-0.02598338151673252,2.808288500567357,0.618159587859473,-2.3808515917490483,-0.6409578544276944,-2.242711043911051,0.5161286990483446,-0.8599001021390085,-1.0953678806223084
MB-0532,-3.435142191479147,2.0741728819163123,-2.8029135170884762,1.670380928347593,-3.5675291003164387,-5.037492075147148,2.9269442001667167,2.5608290574302686,10.118125414108178,-5.30165425112434,0.775937830864341,6.330694825349832,1.5950388809563447,1.2197170196871756,-2.060722005308613,3.0261163673517135,-1.8351700446633141,-3.3753058935762357,-1.6671479899330781,-0.09229871877236252
MB-0536,2.7511569331389,-4.9810951520081,-0.7759505307094504,3.8288432464930477,-6.998697474519424,8.69152052702614,-1.503583053269531,11.849717347453172,-2.8252652220810304,5.473000540576183,-6.807160403953091,2.996440481171015,-0.00029751230378502957,1.8889212581596928,-1.757669326218313,-0.004156478413120612,6.898017519806762,1.2750596612710912,0.6013513973936327,0.4393089404965007
MB-0319,-10.822902441944347,-8.762452925917131,-9.820876190958035,-1.5216227712352497,-5.411898187120141,1.7795677102128291,-1.881752944119299,7.52944532406247,-2.956642477726297,2.3136163185868805,5.5321780967118634,2.8447305885867107,2.6564131230202457,-3.4749940575185656,-0.08741023182145714,-3.5041919574997196,2.6983456591170936,-1.9682024506763622,2.749297925714013,-0.7484244336167686
MB-0491,6.233722588482568,-4.869564623418919,4.268191634713816,-2.574109615119209,0.8398428659617907,-3.0819685847061686,-2.9135748163758066,-1.890287670671128,6.889737686050469,1.853788398086063,-4.8028662032021225,2.9126403605175466,2.976301364997674,2.526725145326611,-2.071124393720133,0.4414979570284664,-1.8281091132291967,-0.10234373957608014,1.654126653816528,1.3348470687604375
MB-0404,-9.277773909636817,-2.819259071041811,9.409601771604299,0.650195424977793,-2.784681487077335,-4.801988356994141,3.177614912708204,6.304440408131168,2.9237143147800633,-4.210463034613018,-2.7902542135866644,-0.2353488292459951,1.73454337513485,5.556382020305399,-0.3499482987337332,0.5140727834544182,-0.5420370691898335,0.5608564479894478,1.875372036036852,1.8104476297464107
MB-0243,4.499455062218694,-8.952529457567788,7.382156367295025,0.4917433236923871,2.5783997878791145,-1.4208593652159625,-1.251054545786442,5.7199610503917935,1.9663075589007581,-2.9871133343500373,-3.612773344332279,5.9597440489902525,2.3192251354823115,2.2630636120220586,-1.6688237129720602,2.454499968373412,-0.925370602499834,-0.8884073832225617,-0.7954187051606594,0.08577698797934231
MB-0580,7.481289886957036,-7.452801633615867,2.56410845214259,-2.987754174690357,-5.323254907877185,-4.2953334682023705,-4.209458115093861,-2.6484990003329556,3.153040665239225,0.12117186393451808,-1.2123102288946344,-2.415629045752313,0.1511684224315337,-0.7344735621863983,-1.8078086908530258,1.8721458981819974,0.13820411668827084,-2.9226730298228056,-1.9550189987725528,-0.3887794128808009
MB-0312,-3.0411297011358416,-10.103790144960081,1.6330217636898103,1.9573534538614341,-3.0467264155368765,-2.7198217682311183,1.518367149432515,5.435579913882038,-0.18817125508286986,4.273731602360319,-1.9455765784742909,2.0470336493977883,-1.1484196261665836,0.4248712639965204,5.137331586950786,-1.0296578329413657,-1.9323149328089164,5.528370981624335,-0.5950828745048276,-1.2255410977656318
MB-0060,-7.281471709251343,0.011852013953744602,-17.935702149093327,6.543566382318731,-3.2608299850112163,-1.0160684338939348,4.497104663084065,1.2901867174594295,10.199799859889035,-1.7805173192270733,1.67583687593748,-4.582129173188336,-1.5780192807732576,-2.5024122743987207,0.5335691930691974,-1.8251026529007592,-0.0775064666250456,2.3516818057160465,1.5627171411477216,5.131367000063719
MB-0635,44.279041745244335,-21.586480450336218,-20.73709452641807,2.5505025306201774,0.19239471105033612,13.324335938862871,4.685227750890366,2.496337443844054,3.739999196172293,-5.894812989123306,-0.5951952753533333,-0.749035454825011,7.136449250694246,4.132357363893584,1.4251280014922167,-5.989835662693092,1.041107557218614,-4.5166143079964725,1.428607650131769,3.9985217940023814
MB-0649,5.148731881195744,-6.506916670833642,6.874508546912539,0.9576221703220693,1.8441924937134648,-0.9574924632388218,2.3747962413883466,-2.8571940284257527,1.6421546280385169,3.204837725981604,-0.44098910440323213,2.474802452803708,-1.764981210516641,-1.0343956635333873,0.14341286461181732,-1.4764971416386208,-0.3137188460312438,-0.9422401774710034,-0.8026573028030224,-1.1717870984421082
MB-0643,-9.588062300637956,16.84446329003381,0.6029141283784643,6.447821235893506,-3.671846932447631,11.76642243804058,1.8991372944184415,-0.17943141634148846,3.575848628433272,0.8980597492506357,2.7516267151431224,-1.0236000394747886,-0.6963083818833453,1.6122757702439392,-0.966105223868671,-4.559691196141618,0.3182242836371215,-1.4983730890555862,3.89779748555378,-1.8298010953288906
MB-0581,10.166472827594157,13.329009786663496,12.121932745245406,3.905937835637801,-6.0995606150935,1.1123000554887323,2.278274985192889,-1.0871608057032538,-7.210417376574838,-0.9110763661088158,-2.186311428605978,1.2364187027040985,3.389634261220521,2.530355870906828,-4.569452493852745,-3.1516201902383494,2.6005998325296455,3.646355644839773,-1.3221291331217049,8.322230525886923
MB-0383,5.250571811919955,-4.796631716260544,7.401006629287185,4.1262937981768895,-6.212233724865837,-0.7926327156916319,-0.5825180380157603,-3.1550961396102304,-1.9522027816107619,-3.9014405511262353,-7.587712983274587,-1.7860295718125119,0.5172628362522886,-1.2442662261345079,7.129844697872016,-4.343053298004095,5.013975369424681,-0.5264118746861486,6.829455777403162,6.671646065004418
MB-0142,-22.259911320084463,0.5188421629268919,-7.430166964999835,6.56110745042349,-1.0927117582251682,2.8033314244467205,-12.354673955909055,2.1247553494404308,-9.733433441871478,3.2931332949118888,-3.1720512255191515,-0.3525475197002827,-4.0479010478330135,-0.8641535204617634,5.0400969477478785,0.9357837624902838,2.6357892644159153,-1.2505959851013024,1.4794562628056775,3.7154519213069546
MB-0320,5.9765827227373025,-11.427796815435928,4.971449268736746,1.2852407326839845,3.3716304644805275,-4.115697559588752,-0.3746391829068861,-2.048697548567201,2.4178542491103494,0.5871425168142325,5.208342317550306,-2.8584100907232526,-1.2135962080949063,1.0274701548470138,-1.2629364398434415,1.8657331099758387,2.3453079128209584,0.2621351577713907,1.3012044530913958,0.06551357010282079
MB-0207,3.9482934738085844,-8.311164226661193,7.231815502089166,0.9814737437326722,1.1781336131867597,-5.410393672964038,1.1400684065553799,-0.6745202478641991,5.680413246454984,-3.4983054782672425,-2.341939469023856,-0.4938235308607342,3.605424737489325,1.589059569942063,-2.031493134083428,1.0922189499032828,-1.6630669517727308,0.021557994287985126,-1.25784869105763,3.618837294871633
MB-0167,-5.030715779018767,-1.9777912143848941,-4.331377082630377,1.9351166998173872,-6.242667049105871,-3.505505563051611,2.9261029803939542,-5.254624988855401,2.735710751282538,2.657961289357247,-3.775468690018553,1.434522630739219,5.088714115656724,1.086318660933026,-0.568086664311831,-1.4033931755309865,-3.6772375681514675,-0.24505149304371457,-0.18715699277530012,1.7358783028485796
MB-0591,-3.2067483620847277,-3.9404941443464767,2.804955800997468,3.8920126516883755,0.5636042763929938,-4.753272328240537,3.409605673446621,1.5686373198787689,4.005190633073324,-8.971249928762912,-3.65466441600416,3.5130945707771333,-1.4318027122489994,0.12437844344839699,1.363687870557831,5.622434404151004,-1.6485516853805686,0.2957304038989433,2.825881976343491,3.396719123816969
MB-0613,27.23379572841214,-5.392418706463357,0.07549982397930352,-0.7552493749367022,-6.338512888850853,8.858315462505988,-1.487488715435524,3.3949136069325627,-1.1620490287750802,0.24590371056204563,-4.05540845994709,-0.8328553017757108,1.5897676644467118,-1.6510251375030582,4.504331451410897,-1.8873484801666525,-1.7069038663044183,4.60157685957821,1.9854908892985712,1.955940188113812
MB-0313,-0.8451331777351179,-4.832049686505666,-5.31043680798971,7.409444665117582,-3.101209017627311,-7.370794401617612,1.1090847404404436,-4.740668776630102,5.4199821262999235,2.854102401764808,-1.0733877081902594,1.3294458629734396,5.2108628650395294,3.2623566541681828,-1.7085878431516373,1.98752695892052,-2.0695152844030207,1.2830253761564543,-2.0466548646615292,3.1624598581919905
MB-0599,12.654711768362757,-11.646789216567674,6.407656080903177,5.352974525576981,-3.4880829001574067,-4.485213513226462,-0.7746827260753095,-5.61849950137788,-7.425490678010815,-9.92159657524574,-1.8561362913823887,-1.2674926285324466,-3.7392077978853138,-1.0903051247288582,2.1832176088586226,-6.1649531688506976,-0.27163072006748634,-5.6722914026188045,7.564126269068798,1.4678775899174556
MB-0286,21.846666665602573,-12.86621195724008,7.0705297042360105,1.1040287625776317,-1.6148763947247147,2.5105957093633515,-0.012404867558992942,-3.763282005557005,0.4535356322484134,2.8597718486647183,-2.6062856378799157,-0.9181489563339391,4.8515142655285,2.0446973558928203,0.43194756885699565,2.840493065325785,-1.3865862958548274,2.103004852944636,0.5377902988167814,0.0852188413321305
MB-0575,12.757286254374952,-5.921920222508456,5.578959807702072,0.15351768585244321,-4.087503267414906,-4.5258453743735725,3.5987377164836603,-2.084352404130727,0.8352724545054651,3.0448913292620112,0.27419617417988684,1.9156632908438218,0.2710239621542185,-0.5014986478237653,-2.567533787568641,2.232167698468707,-2.7883017538639696,2.087305105146217,-1.5765413125205165,0.8770183103973453
MB-0549,-8.606184953916872,3.718235390002651,7.544285887261593,0.7543605514003838,-12.217012534339322,-1.5403190974516803,-3.3695373946433107,-3.3838027051258974,-0.22193622246923614,-1.0499562195354772,-3.6085844726899996,0.17212536284862773,-2.7910065458515194,-2.7041715214719675,1.4585020341886017,0.8174683005818312,-2.6688635686343876,0.4429001713319102,0.6646528971250358,-1.280423220131684
MB-0214,3.7587038046308243,27.262255118755135,2.595097309896238,5.942095103968496,3.5629730566221163,1.0802300697994909,6.41430880078043,6.563710792835901,-6.076886193845228,-1.8671588035343984,3.1701234004555174,0.985779075175045,-3.0995002286632483,5.658016850555738,-4.519080985921747,9.375419786604697,-3.793949782063923,-1.1010419583354918,-3.2469603824271585,11.617724585164128
MB-0589,-9.907849222895706,-1.714600923135422,5.2534167799657014,3.850119946750186,-5.054240298717577,4.377104816865193,-0.6419294173882052,4.164261756705537,-3.760380660087557,-2.777497145155159,-5.0289993309075465,4.711844939077597,-2.41416683358713,0.03217551087107677,4.426009755455447,0.35996582938094956,-0.5339992186596628,-0.6497908148732553,2.037223784648902,3.454126969919185
MB-0406,-14.141046354135495,4.258386595851431,11.103906005245111,3.4434229343541873,-2.007069017232414,4.0436193656374835,8.219026379476153,5.260756302828493,-0.7477610800985278,4.863409836651323,-1.2947626970308264,-1.96662102178028,1.2141959934086504,2.710893341153403,-1.2593302147457528,-1.5088238579830957,3.671834203851626,-2.583923154262277,0.21038452586824188,1.3520410120253725
MB-0452,7.858591608992927,-5.959744879662359,7.491314427121597,-0.8079829975440507,-10.750969423904401,-6.126365464571653,6.3944126792631275,-1.82947530047142,4.5622573604952,0.9446568067245162,-0.9783981689590806,2.981132910228854,3.403444790737487,4.80183445948344,-0.5369898565504783,-0.2881487706587631,-2.118680152789405,-0.1752530094310359,0.2649465363023402,0.5778451653558067
MB-0524,14.272225469573375,-0.7681764009367733,13.658685857366601,0.792598528365598,-4.249362385219585,-1.3532035846375674,-0.1358710406379319,0.6992956920245706,-3.222082704877919,1.175023776816659,-2.8458725616461513,-3.8230263307238888,0.43172909393041203,0.9777324843120273,3.7052704402428476,-2.108614684575634,-2.0163528526551735,0.6209226241071745,-1.0454221701205642,5.347219952400673
MB-0880,-7.750630926379862,-5.727298844799159,0.6294166254775095,2.759378057268841,4.544522525859282,0.694931628266043,0.35733263165393087,4.143588032667799,6.423762526358829,-1.0299536212542924,-0.42777014643807876,-3.297362076417258,-3.614668582054185,-0.9628057142548697,3.6179305102812975,-2.8890618301908484,-2.6980943903294503,5.092429892816257,-1.2230858916869043,-0.16651157578818218
MB-0573,17.870272386022208,-15.983082037346643,-7.413701969306585,-0.020818164410334974,-4.895640349589986,1.2541680854839004,0.8287445854194019,3.4992391285933113,4.399076771137655,6.473383780655652,2.369864776392964,-1.0146454701507421,-1.8909833103387197,3.127046802212615,1.8929230122780807,-2.817317153228444,-0.4073541196493753,6.611290755248679,1.3477200734983381,-2.5930938287825276
MB-0664,12.821439090977979,31.717301921404925,0.33417127093392307,3.7861046205453075,5.955977226850186,-1.4335055464403175,1.4821651362218564,2.608580744743336,-1.3684515642054973,4.081139414409791,0.3110315734077716,-2.9016160872034673,-1.3801357369608158,-3.868769881008497,0.11391101273704621,-4.4708693491559925,-3.5854881008755317,3.6231827313305796,3.980414007683501,3.3577949609420314
MB-0446,24.686946165566333,6.060928746559483,3.6421917154339987,0.052356324116762214,-1.812944010893029,-2.6042185841453054,1.565040092002075,2.490396602802717,4.204748392830056,2.8869514888790415,-2.4197780004511498,-0.6268034339320108,4.7578941060390685,-0.10408259503445835,1.1149285550034744,-4.671150202182129,-1.4185696752008639,3.6125702665366934,1.7709485295996619,0.35777577718033127
MB-0008,-10.389583646348683,-1.9410271632306482,-2.6320541736047196,7.321809893852456,-7.801789627418035,0.6356398910841412,-0.028215315880962686,5.1817698167016735,0.5149199731171842,6.543449133206241,-2.5470172387613816,0.22684731760399476,-1.7296193466784453,5.5995278017407095,0.8683026269720552,1.6369670802095586,-1.9772586327412232,0.7841839776501709,0.11912598265172095,-4.713610183111153
MB-0656,13.44290672073518,14.986192424758604,3.405515894909464,5.979929216006223,-0.9934299881000443,2.5541094837903757,-2.9132022456584656,-0.753678211026204,-0.3678385448491009,2.7978209864935666,5.718951475993818,-3.9729163888305754,-3.1322010667180122,3.204252172344571,1.0964352243166948,-1.3977534679092518,-4.6472342471171135,2.2662189122974237,1.6979015026140665,0.6901961590616823
MB-0154,6.043211488153901,-8.64452222883802,7.627540901173012,4.7145733662635605,-1.108800379593329,0.5140566822526615,-3.6013341742435214,1.4744767813130828,-3.117841811046837,-1.2895042503535386,-5.57430909357176,0.5784058961196571,-1.028333487046684,4.600159935248607,6.9395693086445345,0.9285227592261865,-4.79859757827787,-0.2959174748997879,5.276958039614992,-2.424049611952093
MB-0597,12.207662829762896,-2.967175351180732,10.951267929750328,2.921562165129386,5.760353686327238,-4.023213066176785,-3.0283205334945493,-3.984621204394537,-0.413144374452841,3.2288617893181684,2.651667338569293,-1.6692390840980313,-1.1529161676890571,6.542602005236335,2.5771315802188237,-2.457098308728572,-2.1162696291147447,0.8456360539039075,1.0447418826349204,0.5392938996456045
MB-0550,0.9579644799027892,-1.3938733076972627,3.861402456101954,3.66823909583708,1.7232986451077872,-1.4484536107286619,-4.506316532649419,-0.7684943262174218,1.9682705348525316,0.6060657217918847,-7.832286930665507,1.1453111121811046,7.662469142415011,-0.49011897967345924,0.2869032334464785,-1.6334539704144695,-0.22054643230404347,-0.5987081990361842,-4.275809174984878,-1.7890456243444428
MB-0616,-6.744779852920903,-6.530786103885827,3.7472915569500223,2.210657056733117,-8.520740245378786,0.21314291973647265,3.4619691001325634,-0.724638613153127,-4.944790646600009,1.0497632870718565,-2.433253794013041,-2.557521135671331,-2.229193054902494,2.792417565175792,-0.36009350342795354,0.756116592016962,2.6628732107034514,-2.4884307815105595,3.7099434961197257,0.732972331587558
MB-0448,-12.794386037864328,-7.875590010007014,-8.785395693373568,3.108611294493844,-2.4819012576260118,-1.6364662181282263,-0.9851775982562387,-0.12345735770299608,-2.5129489728222385,9.235995977480524,7.452427780230469,2.431590090845288,3.1322435370547765,-0.15396497294991685,0.3245242696716528,-2.690410075088519,-2.8080758721588466,1.7589228573378457,1.0623529285729987,0.11258147195804133
MB-0412,-5.383369237391982,-4.237140811584006,-3.359718173127735,3.2603762598515305,-8.46380446077002,-3.103436572437499,0.7550363797804709,-3.797425116293265,-2.0643054071758375,5.550965395526908,-4.484426301452899,-4.8061805499170145,3.4656765872539927,0.8155079633138528,3.074677881028688,-5.123980438697786,7.19444183415809,-5.703975564149897,-3.1860875148265704,3.5641530876322087
MB-0122,-4.773595212593358,-2.5897451873187496,8.486736112025309,4.600871654374194,2.520730914135822,-5.232003858449598,0.39774736280329265,-3.975242295375371,2.819342171080664,1.9679668176310514,-2.0181333858105033,3.4421579787187837,1.4968533028989333,5.049718619329322,4.840119653519029,1.5157090966211646,-1.9149222077986583,-2.607330777895686,0.6340728225038793,2.9762651583486974
MB-0425,3.4592416934989174,-7.122067863531694,13.137511389517158,4.795850068562805,1.982856580232232,4.925884462582801,6.691799920579231,3.665839222670111,-3.632603365423625,-1.7585477944816155,-3.654906741667996,5.009318427343683,-0.977942822873717,5.250946500673601,2.362722894409431,-5.37484272051034,-0.5934896096643052,-0.452216524582168,-5.473633988971873,-1.699471779776082
MB-0314,0.4549683497956105,7.731460059262248,11.351923041593885,0.42870539239356126,-11.652529803252802,2.819004362048368,-2.167019714597753,-6.564397850061012,0.6302088145279977,-0.08392674312273764,3.011485578789764,6.293927451880062,2.4206505719144866,2.004131323494376,3.6742101945104753,-4.864945257298531,-3.8865184302524476,4.669165071729565,0.6519777036393029,-0.048906790062169594
MB-0356,-0.973411774729435,-4.001351607925674,7.318375881182541,0.13630557905555507,0.5963377285025852,0.8894680017458705,3.805046846819038,0.43119260557752803,1.5763458866626774,0.9910910196208099,-2.3608682321090835,0.5051873133158007,2.3038470438695096,0.520090587347618,4.929616607667246,0.5905070641302425,-1.019424243293273,-1.5730606200798478,-1.0859227887141145,3.7886183822245703
MB-0440,-13.128901247453264,-3.6994658370612368,-6.880902305796165,6.13755591843303,-0.47294024291493075,0.046643099108572644,1.1789609686717248,0.49269206761511536,-3.748728842348789,0.33761014295703584,-0.5598065705781475,-5.756985518894499,6.05837188524787,-1.9486984680376076,0.7654561950248605,-0.4432794110891122,1.3298069741845104,-2.9636702171822873,-0.5044252144379955,3.780387766143437
MB-0398,5.014147935473059,-2.453417115288455,11.201924837687848,-3.14126460329043,-2.843645739528686,3.6854138769390574,6.982544569411539,-0.7890576462687099,-2.0548505631813003,-0.7511089394874017,-3.6254372746396077,-5.7372328461892135,3.962330172313392,-3.9735264500447776,-2.639149531964016,1.1735944399472185,7.493521825741096,-5.96970055060912,-0.7299175256354403,-1.6954949212357204
MB-0438,-1.6657605093837,-0.45778803620137143,0.7096519215620088,3.3268620393599595,-6.910016971959439,9.1137363770916,-0.625543865708385,-8.07948348349121,1.4187341825911821,-0.26140522805660077,3.8855941677262584,1.0216796997802309,2.673794292785257,-0.7748303349212795,0.7857178114989551,4.378092097700165,-0.0873417662072592,-2.3282835601299685,-0.9865847212260536,-2.8620994985882655
MB-0449,-8.973942845792184,-0.9018711123850849,3.686248224617512,7.672046547854793,5.602284429786654,1.4342534185109397,-0.04719156955498147,-4.63006546446473,-1.347074954559759,1.4558136563615756,-1.157405520904596,-4.242701752468448,0.8103737595723967,3.329779689323093,0.41623869318617696,6.719187835190864,-3.1819584882290726,-3.387394696739074,-4.3035124397122955,0.7517791456521447
MB-0162,-4.823434772472769,-4.294044690172775,6.627483367864651,1.7234550178419932,4.47160897656197,0.46400301032988384,5.558742306472428,-1.477198046036105,2.956177249353084,2.1957651629892583,2.609084751529549,-2.7053388650080548,-0.9950573716826122,-0.9122213514612028,-1.059392674172804,0.7299595236937615,1.8795979063729236,1.028156600846559,-3.548100118833812,2.129846866639238
MB-0593,2.8745539212372297,10.664844635035333,9.5950553323031,8.09365572466928,1.5027365760555365,6.958683647710239,2.208680543256455,-4.332245980236627,-2.1206002208678765,3.751299188956144,2.656940435920079,9.118542648407978,4.057904410470953,2.4814383019582587,1.373021028814753,-3.2228249656601653,-1.9146652004516913,0.22832962727154676,3.8663184620645583,-4.314234614730668
MB-0301,4.480319490010066,-11.645917764241013,5.964175244870222,3.1909038629381477,-1.1723559908419539,2.6948880767453818,4.842782357916737,6.5669176695243205,-1.695560863714614,0.7898193345348905,-1.161443483099676,-1.178738547118233,4.231346910652269,-4.793132185247517,-0.6673695423838815,-2.5863242539936793,-2.703897494730942,7.770138842278871,-0.7427597435314585,-2.9173040671945354
MB-0628,4.645789846968882,0.2406873207474805,7.4739972699310036,1.6194120788315516,-3.0350764715952456,-5.080739946373987,-0.8712377947129065,-0.7522087889072047,-2.7790140622642023,3.925690845620119,1.0020324773096039,-3.702219587163677,-0.7383814047345733,-0.11680849679370141,-0.09531454046383038,-2.3284311803132,-1.9686423932077528,-3.2586036650151473,-4.198881607265698,-0.9762965954116682
MB-0283,-10.18006289074901,-2.2316552112662364,3.6420050258800507,4.465072316764449,-0.13444254006877948,0.6055419179561029,-1.9190625806101411,-0.30115005559041497,2.4828408215365734,3.125368482930431,-8.078118716330634,-2.094242277667123,7.491505336674583,-1.4019475728658304,1.3686464824435505,-3.8136817781412193,4.212224845244524,-2.8881583519916014,-1.8094676289400176,2.4586734533379255
MB-0106,-0.4976718795231894,0.3992678666396391,8.41917527314052,-4.057629835447533,2.892429868922582,-4.777222334656729,4.7564168807910425,-1.0093425362152684,0.09316090667264394,0.9220116142235443,-1.8742186104366456,4.962049078480003,2.05483430073158,1.2527595267111582,4.733608391541327,1.7188446077315451,-1.4084095084128005,-0.3597551431566013,0.4339335877841827,2.968678518386933
MB-0341,2.1461518533637327,2.016841249844644,11.475667767680978,4.548995735966517,-0.1564439720501692,3.388344897798882,1.0208407259150738,5.369311029219705,-1.4109449269567855,4.916998537550216,0.44672298149474154,-2.590284806018462,0.8978046949898166,0.8248132818504678,3.8379314657773405,-3.8386909834412064,-3.4506206546847698,2.2336657553733024,-3.240814056722249,4.186774549426236
MB-0474,-4.127241677576725,-0.28844308206890734,2.0375001494594107,3.3325529120816992,1.6852239630887964,3.2901596034226435,4.854356695048118,4.61284427970829,3.4419143536893073,-0.39757367471568106,-4.410160757778415,-0.7387734420387764,7.827699056932815,-1.2089049320808039,-3.576398624986885,2.7238862780930972,1.0574687691242415,-1.4884103290202053,0.5275138633549038,3.542983883397426
MB-0394,-9.510279311185457,-6.543565348634479,-0.24352610373336744,3.401359942128665,-2.4871250928219317,9.007169456284204,0.9570871690602851,5.873977957140273,-4.054192606306183,3.1858198174261076,-0.6948037459422292,-3.137093197273544,-1.263909272803165,-3.890334945351187,-0.12583679523761446,1.4490302754791098,0.9840607312291246,-1.5457703763426307,1.0414497325666343,-2.1777656401595453
MB-0373,-5.051503524880177,-1.2515132490471776,1.8737060533612349,2.6951486272489498,-5.2766353813421505,0.23629334790856205,5.561386833628386,-4.791608616608025,6.140992008418242,-2.9811134477298995,-0.20052754510549292,0.16971505158851488,2.266934774131081,-0.9901427365872499,1.0702974297136232,0.8729922473079931,0.3288772434064377,-0.02032203795337615,-3.309862394703644,0.20782471318374074
MB-0247,13.650795122739234,-6.442193653594015,9.508351097706921,-0.5439770169330691,-1.4812046437238557,-1.6375840154980694,6.364597242263492,1.8518744824537603,-2.072507126270509,-3.3270770815793096,2.7745631362691987,-0.4609376715064241,2.8303283153654872,1.4756573832222368,-4.24441050555497,2.069410751834433,0.4783030400886501,0.5448947119246559,0.5864377181406847,-1.3009369746299202
MB-0225,-16.403519843473227,-3.6409774588861272,-9.687695552721364,5.538822015904109,-12.399053379312194,-2.3819492540829135,-6.696141634845834,-9.828888453636507,-0.6196454515683344,5.355418609970647,-0.009108097833434243,-1.4752561049735422,-1.9574095708627393,7.592176037463747,-4.38061018933598,5.1551350727008085,-0.7534088148286383,2.7817057792154474,-1.7110800046425003,2.0707807493607238
MB-0424,40.32212746228275,-11.96817414046307,-6.731973207014036,3.5144930003174712,0.6497434588295647,6.89493422350729,1.551508143061633,3.966679019815434,-6.667832812411401,3.2075619577211816,-1.2214428731264284,3.6375650019604557,2.24340396140247,8.119776991460217,-2.0868910505998173,-2.690261281193496,-1.070075003304317,1.7916440608201158,0.6478490430740325,2.932917251357044
MB-0209,33.40010020098031,-15.165545225496425,-11.967403789948653,1.5279522334014233,0.5192679736373655,8.458626693612313,1.6902971058582217,0.16012465436282358,2.5466583060893084,-0.05657428496166385,1.4184947849730711,-3.096220537137974,3.1368478539040137,4.300336815627945,3.9232746292167078,-4.797824261209487,-0.2389061217333379,-0.08091412883423765,1.4021202172394085,5.22591217677207
MB-0115,21.014299127576827,12.662446402511513,-12.046450855890399,3.8644008869060795,0.3953947701415658,-8.128290398263722,-3.4302797445751767,-3.5194578167306414,-2.2283532731056597,2.5329890371788353,-3.510540080425436,5.380597951209603,-1.450105793184108,0.08282254879412876,1.3488200344394772,-0.9006438023076547,2.9490230386137477,2.3151757492938825,-2.615809603016433,-4.129179091328089
MB-0136,8.151692562759852,-6.8364401933452905,3.7466823898325172,1.0897651302232845,1.163880378219512,1.055054524637215,3.8245023037768613,-0.3935530232637226,4.968683084198747,0.7761886310366545,-2.3620636984181087,-0.23179586073717587,-3.755985341270508,-0.39726688318556247,-0.8508086195426151,-4.456243143117191,-3.2520977795026087,1.9976427820048723,-0.06315643991230933,3.6161202149456737
MB-0542,-2.462289864807585,-0.13676171459078731,-3.0453348552464212,6.255086003730127,-2.8315680448191065,3.227554923574832,-0.5393122200275507,-1.705088916018273,4.936798983485601,6.1311759531405015,-2.0807327553676718,-4.483638647106659,-1.3962855237611183,2.3581137358549027,0.4602350655646569,-0.46295740286969855,-0.25466138002317606,-2.1345813144931407,-2.9579080378959968,2.030610471732783
MB-0354,15.474188793336252,1.7157722793864794,-4.3021312839791035,-2.354020218509036,-1.2840330368244033,12.082167066585894,-1.8579330148749142,4.033315333217971,3.1506749820616484,2.4140396483473165,-3.1829639861179126,-4.871468412517934,-1.7356615893104694,-1.0121390146149587,-3.191337658556388,3.5138972468319687,-3.8405085508925287,1.9729048257786959,-0.9256606061756878,-0.8350902050571012
MB-0151,-9.906760160409146,-4.056853280545581,-0.38181126327390597,3.3305787340089172,0.47558558089977593,-6.488087548999432,5.444535650851687,2.1130636015768403,4.026285878721628,-1.1537574640005528,2.6450482004228344,-4.322182024006854,1.3900145454217647,1.3201203237396033,1.9954118233857547,-4.5139644724080155,3.667079451267352,4.3829922410725475,-1.915251193414381,-0.5551001778107059
MB-0590,-22.331556602302882,7.22400255652418,-8.391518198394095,3.0554243270579913,-11.602594352844532,-1.8404620371706688,-0.01585056642079157,3.7436640619534227,1.5489682106860476,4.567786278548145,4.8591846010977555,1.6803710888517174,3.2216788767528324,7.3611303025853285,-7.647301697165948,-1.7072427025756205,0.036412360519638594,3.6082004436838724,-1.0846107219106005,6.481192284694414
MB-0608,19.849495495362458,6.310547385905151,-14.997722948246615,1.1506654659698845,-3.9470042142773565,-2.9252201663613784,-0.5785059259571423,-0.7559924788465419,5.4282149413903165,-1.8684826295790287,-0.8328625787244661,7.182054040306284,-2.6858660291188245,-3.0696224095083746,0.034818606474675,-2.5647517886039766,3.1442702093629626,1.157576147650366,-5.071693646189832,-2.4206962824436578
MB-0657,15.646756232536834,-3.521339957309114,8.250200898835168,-2.1423258640470775,2.696985822110116,-0.6680529613656283,-2.363271516204729,0.0004753530914889795,2.4158342332088028,3.9434896404408337,-3.57425655396418,-0.29855327498889406,2.3755952246456573,11.092855233875225,6.4693719676734025,-1.8523503984941936,-0.5654589335685642,3.2960047229932123,6.385730503054927,1.6052452633556349
MB-0559,-7.891726508764305,-5.29868363533458,-3.8657271499118697,-2.380376571454918,-14.900093393947586,-1.3502022063959027,5.995973609221927,10.321835912461687,-0.32180631946837535,-2.3535648022169973,6.891734784034264,6.76653117007374,-0.9274562544055851,4.57617835982441,-7.351706543799929,-3.4790123324950994,-1.9119612777484523,-2.3496546394112263,1.5324331889838263,1.9703388922517768
MB-0893,41.65588431502611,-19.86957718673088,-23.816189233498918,-2.368396752205311,-0.9937016325544752,13.706059990936915,2.341491242086973,4.393928423476062,3.1170664703954665,-2.2211297592964265,-2.2003818243423243,-0.9365692723392403,3.453025252337497,6.307606366687057,3.5954050417230694,-5.724057014235159,2.9676025168812266,-2.2903732281390226,2.940886948979136,5.254144418495744
MB-0514,2.84838602786813,-8.280587323334386,0.7893396608216188,0.14592619004074162,-0.9210177077392492,-9.449025447989957,-0.8208111616195017,-6.837772904711005,7.356339456349751,1.4850902107593784,-0.2804498400532838,1.8564727998828345,3.251042642830177,0.6522410216626761,-3.3180816503125405,-1.352210045731887,-3.5301849049688245,-1.357306246108506,0.14168357362837672,2.0448769631950543
MB-0395,-10.566801241011675,10.829517216684643,4.8803063450592825,5.984213878803828,-5.605589357990466,12.107200194104287,-12.013924597934073,-0.352789154471744,-4.287474418593655,-1.6492508296814665,2.5930839109270627,-2.0603384345442963,7.877124865434595,-3.831372798657736,-0.1652393920678804,-3.6365425030196863,1.4580902634491955,4.113057606341989,-1.2926632726515248,2.2172658628471362
MB-0294,8.74475799190075,3.3994983222029913,10.255656578418222,-4.015215832993108,-1.9330382730474538,5.77527934560374,-2.5679206666090515,0.8446482045886524,-0.7387955779391293,-0.5878554279051471,-3.787341151419649,-6.721859226261204,1.0453969304571253,-0.9871355096918945,1.6925394679257926,-1.6173882051397546,-2.9555878945871266,1.151836761037487,3.4627356503954365,0.03949382236554759
MB-0439,-14.246513908349373,-1.3429207139754378,-10.689693623676703,7.306591763480038,-2.033749950063804,-3.5462643292235896,5.798469041315931,8.098737487222452,1.0472794490382142,-5.103197864377597,7.091254001411586,2.87828954159963,4.54547153841888,3.2141263433604257,-1.8246623955953671,-1.9967082020888167,-1.364373491191837,-1.307847351297659,0.7088500851249417,-1.1217148418333496
MB-0481,20.131153107642778,10.091608161728814,-8.289933531131624,6.827865197950852,6.477468075218189,-5.639279964207497,-2.922419038012654,-5.105060710066939,3.8240469804059622,1.1108010168215097,-5.987812818851998,5.921186704104893,4.227499776802721,3.7683912518925387,6.245011255313357,-0.44490359515594646,1.4973250688001876,-2.5573451167415637,-2.578228938368533,-2.4155060971038385
MB-0529,-10.12145467480297,-2.1907012766131153,6.311245658724231,2.7844019797104598,2.6229394370953782,3.0653269333996596,0.6663934199481442,0.4628280711900104,-0.530907292759382,-1.3399290784804807,-4.1580480163181335,0.9140760944849188,2.583171569905415,-2.2985173853743532,2.2048328348259663,0.9794667509409697,0.49232341327190743,-0.8567250521920775,-3.1511667820549665,-2.672798739461275
MB-0224,5.0115715225713,-5.721387112870642,10.356632035796038,1.0128988360837403,-1.0029129923425568,-6.100575508476225,2.289613648514019,0.36754066651596096,1.4248461422060692,-0.6650764676410237,2.8561508987832807,-2.741717045380676,4.580007660583478,3.8383760781177396,2.361802610207429,2.430888188057293,-0.44909339791679787,0.501929984707399,0.3680797963469095,1.7890171746699304
MB-0302,7.9240053349325485,-3.9649693156032777,12.621137457670718,1.7814732668587918,-1.5064228825650336,4.543892953325783,3.0612834434645078,-0.4045316639130638,1.6971762442940597,1.4461059686742999,2.3471268736207374,3.3610938800016124,3.8714241374518927,2.133547816424174,2.410537637666452,2.3882558207127564,-2.574276902204693,-3.1678595254002144,5.290360772344305,0.16449024381013805
MB-0126,-4.468716485278096,-8.20096219699891,0.79305733085368,4.05185101242958,2.7355749230483233,-4.150096290305427,-0.20153355438308754,-0.2241633242546823,0.7505690224208108,-7.305806603896912,-0.3490789484679541,-0.15548550171518913,2.367073314116364,-3.8746704925239714,3.2769249001376197,1.423032354968668,-2.1487921220248416,0.2794179627771346,-1.8928470270198583,-2.7688882415518496
MB-0220,22.518967674368863,-7.511882168624691,-5.531131491120501,0.31000988971699106,-5.148927384326259,11.83405093936462,-4.696607069523868,-1.6051603777638581,2.7313348097369743,0.7896327734661228,1.9635248534631735,-3.7637870968071643,-1.9136656470709685,2.391848204355793,4.697847951071053,2.712288640908226,-0.9663071664317907,-0.3328595102893507,-1.9680858383408482,0.6775408191711417
MB-0192,10.997048462839025,-7.187426449393194,-9.325483428756872,1.8815982087574483,4.74066912422719,12.282921317464169,-2.694254805556124,-0.2814283958364899,3.362713009066991,2.698655731170136,0.283271979736541,-0.8109885285499412,-5.823072717283615,-0.2657663076827528,0.25796977236997287,2.3550210888040093,0.4188483916252907,-0.9497532920243686,-1.7522727547733836,-2.431676127238728
MB-0121,-3.9418928046556023,-4.161248670497169,6.6707330159601606,4.277565103345821,-0.032820858374509945,-0.35360170631908644,5.1735566589135535,2.1423827876999004,3.222248083392902,0.8917610156361405,-1.5532495183703054,6.203216442828331,-2.117168467004682,2.082150744847675,2.7423810693692987,1.2828895272397935,0.19039766494096638,2.9747508243340826,0.01310539968175451,3.639938142249293
MB-0239,8.707238053654239,-9.833910933760654,6.301284393590657,2.5056655994822203,-1.1830662619183183,-1.6982065038128624,3.567823885076171,4.215993795397209,1.9404589017592286,2.8972282171821577,3.0564681017184046,1.3369570416620014,-0.7118601700843786,0.5846497862129308,-0.18789303885974082,-1.794351079894671,-0.37119584538437744,1.3217295381254244,-2.0288124595002937,0.3328228568462984
MB-0364,0.12199672096940839,-4.891595885529708,11.072282374731099,4.386270598613847,3.6775851211271298,4.674827283158849,-6.12848059798107,3.3089330272830937,-0.16696053672101915,-0.7440268219792993,-6.073991058062982,-0.03612781158618177,2.382518597670365,1.414949744909076,-0.3999946242853893,2.0093659295550417,0.15535675109961677,-0.9025696610432532,-0.06359519207947602,-3.0988989845994594
MB-0232,-6.432765409465067,-3.1647358575198177,6.206234865880979,5.050359241409942,-1.7840502321521599,-2.50301882369886,4.440974133690711,1.723987992754563,3.7359661036865095,-1.899492620172227,-1.6650480210451286,5.881883552008575,0.4831161225404057,4.402053029990637,0.9281564450672223,0.838755930948197,-1.5798811680202536,1.421288667638119,-1.583793785696586,0.976074753629823
MB-0884,-15.450728185126245,2.521590712577131,-8.981026667526075,7.184754368443093,-0.938328414099575,-2.553719959615249,1.143230803921508,-4.708687936727325,5.55718807076781,2.3429916487538143,0.25301954506857316,1.1963906519077476,-1.054466164980737,1.9971111446832623,-2.7114452159518927,-1.9898091879584172,-3.417478542050656,2.5065102992500305,-0.49906037400004977,0.006016809200365851
MB-0238,9.344074140289969,13.05659488423624,-12.680682428743198,1.1259764564576424,-0.2850197861487773,-1.8401515065835405,2.2180225316244453,-2.09464188060245,5.579196110812716,1.9700370292534266,2.2322027239499773,1.5034927028938334,-2.517640728396191,2.271272170630756,0.7561832553020157,1.696978343488189,-1.8875826728189784,-1.379070561042804,-1.2138026266252353,-1.225631764145571
MB-0194,6.997776608639839,-3.19037988858649,10.389220241256764,0.8265139396233111,-1.7889677623652043,-5.575373587280354,0.1535360162062747,-2.0704685870550836,0.3012310699481868,-4.3771132422421015,-2.5647364683034213,-2.9194976149728005,1.3197198260608325,5.946933233650992,-0.09650780852315098,-0.2596808354940072,-3.2782965526975287,0.15989618222043644,-0.5554743239517633,1.0193874488171384
MB-0882,-0.7979140796281005,-7.7181264431725,-2.08239184791588,-1.0027865598359131,-3.7266313059067224,-4.416587055095746,2.9814834953439577,3.802993745294155,-0.5823138891780367,0.28357293195513206,-2.0662586681757684,-0.27353834178400843,-1.978384495942381,-0.9455696901624979,0.9030912218445627,-3.328204838210671,-4.291458417493871,1.5703623447331194,-5.499614781349823,-1.241310170915197
MB-0010,-0.11008170785445805,-4.266807466409487,8.38274683316817,5.046945813095693,1.4705447460058012,4.956880048164582,-1.1000015302356827,-1.2690101653063164,-3.117487398595932,-2.002037499559304,-9.506151242354191,4.4917006586648816,-2.7494600796267843,0.7015961961482178,3.2333321588865385,-2.367640297405231,2.644064350399273,-5.4876556763730875,-6.429324461179607,4.2093976125673995
MB-0236,2.040255517539542,-0.9428300936445796,7.8393699636600385,3.770293580662128,-5.119194743125054,2.73105123708811,-1.2588610289364834,-2.619563803052659,0.3395020416209157,2.5684728046256375,-1.665254369405317,5.308491113096786,0.2781749056475408,1.8052037870191466,-1.2724016174409594,1.6907496772483308,-5.861499799684579,2.1886014739324495,-2.6053363399095626,-0.5433693956499644
MB-0377,14.345825357445243,-4.129436236672485,6.428587465630882,1.6822670036637288,3.141072574006515,1.6041926904659554,-1.4548143838584737,0.02523977567876685,-1.706844551266441,-3.639406554781042,-0.3198326289336743,-3.6939730395201815,-2.85085574431475,7.3682093188919024,5.978183447950911,-1.0419582462693586,-0.5086511389120902,2.3204222813528714,1.397242026203252,0.9191479860078797
MB-0123,-1.7285983112596242,-6.089642923106546,-3.7302907599503405,7.84390421834191,1.3989069193667023,-3.2404495731616967,-0.663426215057334,-2.148491891603019,0.019213474435091117,1.9524560318269508,1.3103904331755556,1.1961049889116409,-1.986326075612858,2.281105838964554,-0.3662116143627852,-3.3948006138249207,-0.6259103894637981,-0.4608572164025066,-0.23542751227301142,6.567216408845943
MB-0504,1.999644815151459,-8.035308465161888,6.4785579577819945,3.3941221711226155,2.399940637891861,-0.8672326365516583,0.3243155358740079,-0.7537541912846285,2.7686844189119304,-0.7452187381117427,-0.4746541950575073,-1.21509799912792,-4.208478648740913,-0.2860384232652368,0.774907895947044,-0.5574515015463265,-1.5846690561716066,1.9510437347429814,-0.7731277507012446,2.658195370220284
MB-0564,8.089846143525127,9.508375977851856,13.525270270537389,-2.762262355943867,-6.607421804630141,6.5763571587787455,-11.401057004310747,-3.3097473642531257,-2.3486893165700975,-5.70930113561959,0.5075041663008094,2.841980205636612,-0.7937880019347806,0.3598392383671148,-2.5160510749889298,-3.766101963639551,-2.610459977758942,3.4080371351250696,4.59159001860823,-2.0372897893412736
MB-0475,-0.14454870366902509,-4.639893027045542,6.030825768176183,0.7288886662635846,-3.904276363249314,1.8170729392111253,-1.700284590298804,7.378960341001154,7.519786280791068,-1.1494533750485774,-1.0718905939603807,2.2762972813679863,-0.8072196191058474,3.4420289993243536,1.4971649832973597,1.2098605631871744,-1.7554758263316612,0.9381413411993099,1.903457572858738,0.13079320185862853
MB-0321,-20.969903743697135,3.380790147147444,-5.152350493669865,1.888018485701606,5.80639115878599,-3.81971956709578,-8.22332301652368,1.4732497254761736,6.262845168554389,-6.025156757823355,-5.056105325462174,-0.7166492459005294,5.183931901632558,6.425297948890845,4.246389994167225,-3.350510472219939,-2.6405025824177213,5.145582411808557,-2.8842134081986828,0.29497364252888725
MB-0482,4.531907365566224,10.229604824794263,9.201873972825002,0.35275446062997856,-3.264563756420193,-1.7241047164576162,-4.689635668661023,2.038798855083951,-0.30496276429483415,-2.062139371716219,0.5960786752661195,2.776666359551592,2.226107513629627,4.954437822852252,-3.791830146296771,0.7887509667089361,2.562204258788215,-1.5801049412475827,3.9233716973713757,-4.090364279827251
MB-0101,-2.0455118493525566,0.7204181214747,0.560234138468917,1.2207921873057184,8.435748075792521,6.59085027365939,-1.8262722273311904,8.637438052689992,3.6603656578347197,4.125029056656185,-2.285281829668665,3.693709502293028,1.003174609517368,0.5107552943701121,-3.7323104808277954,-0.011706863053907723,2.911401950851924,-2.448861958302205,1.6753439427529182,3.770039535034656
MB-0662,4.437823428359141,4.574672373412534,7.989590751425286,-2.2913402248515085,-4.613969069883619,-0.0165452256764865,-0.9278599216702899,-0.5244601835997511,7.377378339458824,1.4906049604086542,-0.3013997435279443,1.670903231928772,-1.3895113056053798,-0.9264792806301204,-1.0274765712849883,-2.105923540581211,-0.41780127147619456,5.00439135757833,-3.3441755864478133,0.918917888493887
MB-0291,3.239156209331046,-4.401310158135923,9.526282337675639,-0.8474831797712065,-11.201535969719977,-1.0081903770145142,-1.1265448590408145,-0.3524523431388208,0.9345513996217545,-0.27998786069921905,1.1076270220924271,1.963868710250612,-0.5931460302184581,1.921614598626771,2.088718438714861,-3.490340481132028,1.7565655291628623,0.9045006909301132,-0.7952194481687879,0.7455141193198016
MB-0465,-1.1498903001283898,5.787838700225585,13.420595293954513,-0.5947904465440531,-7.7939313130579,-1.0547666814149939,-0.48738638796268713,-2.936683771489426,-1.0011046414101208,-1.9672541397146,0.16800087253166057,4.3846916419247695,-3.224478083668561,3.589780923485164,1.6558262697227748,-3.2693800795107437,-1.1076881216915127,-0.8157080227515521,0.7700652459282481,-2.7649990215871685
MB-0630,-5.927626452929897,-1.1310534194503326,-7.876409252999828,2.4452933218223003,-13.624302186969508,-7.781920637610484,-8.208858388118118,2.1416979405331973,-4.9979148385990495,2.6646701725653155,-3.5724394419826084,-3.1850621370380656,1.9002934055706022,4.9339966548320096,-0.6427050459720196,2.189027072573832,1.3405411515218701,7.298033269549696,-3.563059439942611,1.1054361198024465
MB-0036,0.22663248334232117,-5.536359365250443,-3.3116778788824734,1.7206345871058617,-1.1779162512182628,-4.003577991997393,-0.3611974334272375,5.319657006791494,-2.3059230810188067,-6.3154645419728075,-1.108808895609629,1.1570708004172345,-1.501149464896398,5.139490052990479,-0.8300773844732047,-1.22886429149486,-6.642588372633034,0.2830037824318901,-0.8322320355803773,-1.1043075692534015
MB-0166,-0.07461222001019994,-7.44112183797818,3.4136429677626263,0.16959054314385094,-5.347829827835158,-5.682259946622449,-6.108420052333177,6.358322323795437,-5.318637300208898,2.475917118650589,-2.23406529365087,-1.9718544558258142,-2.1911476627464364,5.094704347439284,-2.0063127577913416,2.398577485624477,5.4871609807142745,0.08808071962869002,2.446194949732499,-1.9138902809007954
MB-0180,-3.4175430741338535,-7.314132058103157,2.6940177620765784,0.6637910397167371,-2.415592300101516,-9.878055475738785,0.14699524841296072,-1.5184174876106311,2.5346030628213496,0.8019599784782425,-1.6982999795827791,-1.8048899006441625,-0.15810472386510196,3.0358423495130245,-0.1254468520066844,-3.8498439580232797,-1.2618518470873772,0.756480614224101,-1.377420832440122,-0.8364040896496067
MB-0525,10.794646618641716,14.665451729333219,13.655606640667527,-0.8136184343146453,-3.3634920769714745,-0.4297535710156949,-5.998545785646616,6.1947361344852725,-5.538156072079525,-0.9864161815808803,-2.9705346459679127,-4.359128596423002,1.8119418745133855,2.5767772692204383,-7.157630601935083,-2.366757031640071,6.30721093840908,5.022731015028896,-0.7636408989540477,3.850676046458353
MB-0307,4.9894830198712885,-5.3425146239854815,-2.0770562166219135,0.4929714113749838,-8.217085188336505,5.183560504731789,3.1837783792679,-1.391530799473529,5.653841980858362,3.7127163242188272,0.4886538206336505,1.2281549487537584,0.6536158485482567,5.999440046438456,-0.16647836163325472,4.1436711273429685,-4.913250175753247,2.6172337583175906,3.175016139535928,2.1461511114857323
MB-0002,-2.1491634992768387,-10.003231745989869,2.0979719980723175,7.493614269829337,-1.0584102983252417,-11.51173978560245,-1.5425042855046835,-4.2977481714931605,-1.2129778600983394,-0.2869759476605785,-6.6941191787394345,-3.6298924406832853,1.4174744616387802,1.4782446789725674,-4.398035160530197,-0.0031780149837278104,-1.443159340653149,0.5423413990837423,-0.5675254970261541,4.446168016799567
MB-0408,-0.10833233969574989,-6.26868704415609,5.722892700384666,0.5109425849017318,-1.4114200248909003,-3.94787973852717,3.245791169786487,-1.1918727037327121,-0.9769352309375462,2.4003154691132638,-2.6939305820178636,1.6528941428391044,1.099494048601165,-2.2171302038770935,-1.6624897029376116,-0.22438146484853144,3.0455237198963987,-1.1404028915370688,-1.5288404264247437,4.837143545787974
MB-0466,-2.993386522308923,-3.8329209376237405,-1.758355103144398,5.362071978452823,-5.002532512048578,-9.924434108135413,-2.307942687670167,-3.342905501130319,-1.8392321880401954,5.7628002068212405,-3.040792633134176,-5.276145461291688,-1.6498445252751464,3.7199294322943937,0.9436417142343062,-0.4047229541012132,-1.6234299260362335,0.28550168875584525,-3.495114229551261,4.300812994792132
MB-0632,7.134847854209964,-6.658413116527134,16.049536548422278,-1.4484629926457853,1.301881643530604,-1.7296857452033758,-0.0022766570618825326,-4.76213636088016,-3.8411474986200913,1.1400937887471947,-5.375791578941303,0.313280135797238,4.195005181645904,-0.9291781277636523,-1.1265640364862075,-1.2471648940588493,6.4510263515023185,-0.6444254276543716,0.7659529915290831,-0.12629113892614283
MB-0120,2.185433606423286,-2.9524342246347937,1.2336557395118701,-2.429450560349696,-8.827812726450441,-6.118784168824719,1.1696210721392208,-8.353007490880337,3.726731917107344,-0.7107053930380387,-1.1602331038689435,1.3647922712139298,3.652347649297096,-3.6094322916057155,-1.595475074728644,2.973410201827071,-2.785309471567946,-0.8496170618189725,-2.6294258526194727,-0.8377768759809655
MB-0507,-0.2944301162595818,-7.773870237599872,3.783438503164752,4.816653909433906,2.09361327862563,0.8656241569309986,0.13906790256497073,-0.5999617802190111,4.243588577500773,5.366463566096745,-5.022316331480311,-0.908037426750856,-1.1971980402840685,1.2947952069975863,6.317411076545137,-0.36082830418537404,-2.0144268618107657,5.823871754438281,-0.8740188571801913,1.6627333283327834
MB-0287,-7.107511328854265,-9.507348758048057,-1.9159347879660558,4.987318711580348,-7.210132477789248,-9.188147429340185,2.136079138555566,2.251048605775809,-0.6856059254642198,-0.05861423750539735,8.661387786562253,5.626951329542157,0.600831487364344,1.332836153278883,-5.606382741191671,-2.20737981690316,-1.0889833341794353,0.8985300956324224,1.2113692872075672,-1.8301802138324084
MB-0869,12.748161918021955,26.87364056919984,-0.22558620080019848,7.528805133563375,-2.6531666707727277,-8.581926721527894,5.18951430351979,3.2403501574216387,0.4999277517708124,3.5571939076927195,-4.024882381766951,-0.8312224601161872,-6.0600951667814025,-0.4550313866748543,2.2483216732607154,1.2247973754473132,-1.2345170022073506,-0.4950799839874074,3.9540544098541024,-1.630326633389783
MB-4633,-2.5928160232991413,-7.711702398354359,8.57329433220396,0.36430721642318437,4.623945311797455,0.5069017090933728,-1.4718188914955461,2.185498300674027,1.6444108257025292,-2.6340916457020844,-3.9371960742925474,-1.7025361400429027,-1.8525707193549066,-4.397010777919427,-0.04538691084667339,-4.535715588210461,-1.5208625234529087,1.4396634124437313,-0.7182466020130799,0.16304331962885402
MB-4627,-6.86116104763308,0.057424700150854276,7.084039368664215,0.1264213931600215,2.332129499936877,-2.3833916627743474,-1.4057064879868049,-0.8491346964399148,3.313917850490215,-1.2600369880444842,-1.7858989551516278,-1.1037780496734968,1.3841156186510937,-2.4832750575112055,0.7260965433352189,-2.736727842928715,-2.153872616156714,-0.5239812834282728,0.2070601942823589,-2.0483403560665945
MB-4004,-12.483188339987002,-1.5561418332751338,-11.964270174876711,1.448435977311585,-4.533403125696774,1.2802598731206694,-2.654233664743845,1.9125105478227296,3.7117002104069967,6.953113562171628,-2.4323994842263854,5.96074563710629,-1.0878352845326098,-1.6713707075201545,-1.5216923502186255,2.348303263323321,-4.512967267224148,4.414307203136585,-4.035713088927849,-1.6996596119594154
MB-4708,-2.786654235523068,-3.0665968631215303,3.3867466889473032,0.7232223905761432,10.226068029023136,10.020743591498517,-6.920382485890998,2.532036845769075,-2.342234577285682,1.2181256120281856,-1.1921498771177226,4.200893388072955,-0.7696587486260167,-2.0070482242708865,-1.2427367795806838,-1.633175475354494,2.8086040486711763,2.172010272771627,2.884604994015028,-1.8579577887696217
MB-4618,-8.806866775527041,-5.587275221162228,1.7601056796080845,-2.9645099941628157,-3.671635745739594,0.0665454658823429,2.443835555954818,4.25472034196181,-5.123952577193121,1.2544846234511726,-5.089498817861795,3.016414490937102,-5.151178964986167,-8.771378092598908,0.08164372728825021,0.18706910895842405,-0.6775594173887163,4.517027128138113,0.5856646557524904,-4.622550587534149
MB-4641,-8.001275695664372,-2.159444205134942,5.76098611943532,1.9437280412271667,8.058342297155141,0.18754774195332993,-5.368974106474352,0.5018129653176447,0.21162260086754475,-1.1626487257664613,-2.5374956789877996,0.8638636540339942,-1.7254348065912553,0.13334409160305838,-1.0119017825882972,2.913048414133409,-0.6757514646729105,1.6190389187863126,-3.1210059288000225,1.687503748372353
MB-4622,24.777997850151866,10.625404170821021,1.3325600525831924,-9.346375354194915,-0.9508056084182255,-5.06491622609564,2.912518335433644,3.5298418853912614,-2.021699893137282,2.6475670088623766,-2.3309907619308823,-2.3779662380103934,-4.332608337008195,-4.085125437874657,4.916469259367552,-0.9197842109974409,-1.903085789033675,0.5701030918581962,-0.6243979336227714,-1.6026260327667774
MB-4634,-2.2592349251979136,-0.6072254810202361,7.961342387734235,-2.934391100011395,1.2502393234655749,-0.9945462195128186,0.6797145170421083,-0.49666507198794335,-1.0067713655564365,-3.1795478244622264,-1.8549010523464715,5.414284687293153,-1.2293685798829994,-2.4364306243911966,1.880357993231624,-0.42715205943094836,2.9202994171628642,2.4381295267076317,0.8028018035185963,-1.16613271537848
MB-4688,-13.079860395805937,0.3366431890732777,-2.9705855426187964,-0.05119004920810615,-6.4135758764128745,5.4352762636004694,3.7859141687527145,-2.1535936507983497,4.073176822822131,0.10139294633473678,4.924710592541178,5.148491293702769,-3.834558906307782,1.411765992150414,4.517938204010287,0.7540449658395239,-1.933627490105935,1.8711719200209165,0.15213349948407773,-2.5165352241922103
MB-4665,-16.052102166656184,-1.3865302782966171,-6.037089404294396,-5.0750068265345725,3.7692280431845386,-2.066118026038794,7.130861235189658,2.241838822732827,5.390990920361403,0.9126469986612159,2.8780515267072,-6.811458054071693,-4.367757285645529,4.555823309968676,-0.670089112482886,-4.259716814687233,2.6037890119864016,4.614025751311295,-3.4004943603394033,-0.525785353269791
MB-4666,-4.492799587747707,-0.3530659298042494,5.322043749373553,-1.3510000942977751,3.017668290262179,-1.5252079098267817,2.3729567336099833,1.1413055622653676,-2.5626586167588097,0.5773469068955125,-2.6735606339664164,-1.3892333202336198,0.5413681130302946,-4.314460393545389,-0.710112695416989,-0.22905151734839058,2.0281924910734155,4.937462741645877,-3.216307347037334,-1.35651532925229
MB-4640,2.1686562988106104,5.255469086078747,7.832329083338106,-7.27312537350224,-5.964509063875417,-1.4932183746521699,-2.13633135072755,-1.9052183511965426,3.7672387850734257,1.3129650822297534,-4.087871788405274,-4.863205971677867,3.9258129592891415,0.7913322887947802,1.3688334691366792,-2.3653574365071552,1.4209831936362234,5.836401721539252,-2.370938210981177,-1.718599411343619
MB-4691,0.7815571425433233,-3.6555164787548886,-0.34921296548471464,-11.560660608333958,-0.8734607263719693,-5.313041132044576,4.868016764417483,-3.222756503250273,6.442604748746252,-1.932470742012377,-0.2544920199007311,1.4359314146177606,-1.75164311111702,2.9120116360718855,0.0668524789806451,1.501008280481379,-0.5167175609090686,3.972429538886239,-0.5772338599406673,-5.107967451043072
MB-4671,-12.549706779508686,-0.5707386336805828,-1.5950308648473708,-6.743323951436633,1.0997653657802628,-3.91297468468101,2.1273534535212764,-1.9736399145635966,1.0878974981129528,-1.337793730137587,-2.9505942157424303,-5.273716023802734,3.8231869473167075,-1.3752054436281884,2.304616640537983,-3.0234683334575605,-3.9219357715045557,1.838305910271575,-1.2030059803455637,-0.9499173299957356
MB-4667,0.6866173432037065,3.518138924639947,-4.531462026614008,-7.508572073636491,4.194862904516653,7.219185978116564,-2.767714019670866,-5.391794324150147,-0.5852295302135622,0.7303818719999156,-2.7509677423622207,1.4365671769611452,-2.2349416743713255,-1.3594993734853071,-1.722405872230735,2.9645367945659316,2.4631144537340113,0.722218706588989,2.389433087010864,-2.536781607764821
MB-4721,-4.780921626232274,-4.1419148513174235,6.518212439563425,-5.140361232908047,7.469452657813701,1.4164058973393396,-5.419027458878224,-1.4891314354274094,1.1107585471697752,4.867605518377751,-0.1039756789816581,0.46152867259414265,4.710477016954309,-1.0020423446296818,1.3389556975570989,1.7821471417235126,2.036381520078057,0.3689353581511876,2.4967472355016658,-2.268323575415457
MB-4723,-15.43367137826811,-3.206050946395513,0.7620431546394065,-0.08416876803826567,-10.663770242144109,-2.225155200618463,2.2851727593556523,0.8528786130424442,-0.34505388853208546,1.3662989188168844,0.39605571170709697,-1.6035929565176585,-3.167001158424813,0.7025603039295402,4.574524009376146,5.56798781092137,1.0269007504996717,0.26270986840900956,0.22859054379220647,-1.379248212569692
MB-4718,14.359811989941438,-7.541913841185322,2.241257814026303,-2.8551663155750955,6.3542655730793145,-5.131405124020333,-5.039099418890253,-3.730590591181539,-0.6727017423439251,-2.6571192765882854,3.840713058214266,-1.6125224093803756,-2.3881748437798125,0.5298401399873478,0.3200923868467417,3.5692977079717676,-0.6999381810890676,-1.4533168119162276,-1.3782238993413283,-0.8233035793774016
MB-4716,-1.6333882373499624,-5.317928528130678,-2.12938083817285,-7.553440442099558,-2.4993755284237285,3.583120362424993,3.8235085349950304,1.3869922948961677,1.7671073407369724,5.090035514557072,3.0621134999972304,2.2857374739000615,-1.1841200744714946,-1.6676174351914463,0.3959197555607326,6.270719949891851,-1.1399527518100754,-3.697982415334881,2.540123893437957,-5.104753725340173
MB-4729,-21.477793545002314,12.845315203505065,4.037266697345666,-2.58683092927934,-1.2505386904779412,3.297477159564325,-0.6092369526668433,-3.934154766076462,-2.027225212274698,-2.073246608644469,7.074796495651495,1.2617983846087595,-2.604183957613436,4.0910256433455485,2.8417850137418776,1.318161253571381,-1.6418875927392569,-1.9610311726145127,0.885181089321895,-1.9370245541510147
MB-4717,6.797622340245496,20.189267711995583,-0.9009063197961733,5.895022833561172,0.8835787772849111,-11.556014486062404,-2.0987986153860483,-4.158671792675288,4.793510882770255,0.770149439199741,-8.485099903124572,-1.7211610604219876,1.6807084770129068,4.919975087380535,5.192195587148729,-6.9161502394603955,3.3962588428415104,3.2613873258198263,0.4954231446913958,-6.194557228211956
MB-4724,7.688670976204636,10.059108034827098,5.988312296853455,-0.41376848995118143,-5.518579882746511,1.7819304665405469,-7.275236106576352,-4.85265715386482,4.732761066633001,-6.2929022141030275,-1.3267666249570662,-4.380996428932826,-1.3380467174278343,-1.4606159001266612,-3.4518356394677183,-2.929146286801329,2.9684067540733166,4.306378403574453,-2.2010756831160747,-1.4583904266884467
MB-4770,4.030058130714012,8.715350932608947,-2.1754688565449043,1.2342055594174617,-6.5734851889271715,2.22840370234992,-4.864180295988251,-2.0956293435878854,8.478154589387454,-2.532483431920111,0.3091396386888183,1.2335070010188764,5.169778551459875,-1.5025882111273634,-0.8584593937156723,-2.866976703858296,2.0098731555344815,0.6995461522943748,0.7379952299345385,-1.0343078638327063
MB-4752,-1.9102843675298897,-10.26153138187451,-6.749297848882205,2.2892841098057124,-6.819284875651323,-8.866428934150495,-5.0164415827447115,-3.1853546769935095,-5.867956640685433,3.4949134326529947,0.5206099686723498,-4.381942948609977,-0.10563286355635054,-7.002835150107227,3.0847027393096136,0.5327131297459508,1.60066877940361,-5.0581591483613355,2.8893810499553467,-0.8668725828621711
MB-4762,4.4650064847313695,-8.819289453260302,3.9135299198463094,-7.669805333921044,1.5698244148017666,-8.448653193091022,-4.081591751523736,-0.1763989083489633,2.8505884417982124,-2.8685577474971087,1.009890241075954,0.22504368031120497,2.921065625804329,-4.309852122586351,-3.6932008883673957,0.11598701958277353,0.7923111894477581,-1.8203377229873383,-0.39922245743252316,4.295767927152266
MB-5169,1.7206674432514981,-4.005942750297158,7.573300190723481,-1.145647844881076,-2.4122837767050926,-5.808595573166802,1.0808275635180995,0.9125664127285674,1.7364205360001235,0.004902912368422453,-1.552385439902699,0.39105115880008157,3.848794267656426,-1.1000946666892306,3.4257939655502083,0.9551233415113355,-0.826064261923819,1.9829887105576485,0.9864607231019036,2.6960751584122367
MB-4796,-15.76690530212329,0.3022147779904128,0.8265074344232465,3.8192759504878153,-5.6146595471041705,6.731467354222932,-0.2351329111298454,-2.866355711769834,1.4268209627597574,0.9450495426133583,1.9838819276122548,3.3364178559411672,3.3696966838199334,0.09530008480930995,-0.9606102525696537,2.4217878964050565,-0.7570504237123175,0.35316308992270656,-1.469313954905008,0.9030348151345454
MB-4790,-2.719207740640776,-5.78805761448102,1.5378638753442269,0.1237901876241714,-1.7523115567064758,-3.878883362673584,-2.6103062714919147,0.40799466658837735,-8.64945664613808,3.549072164549368,2.3176213047337777,-3.615474745797423,-1.6970340340628935,-5.596237574964087,-0.37169002898543757,0.6270450580445404,0.017125483917876147,-3.8489109551753664,0.23270572589391963,-0.42789350789579006
MB-4797,-10.027462962075555,-0.9954981943759366,-2.168561964761672,2.7636348230583163,6.494093762507917,4.0467207402588175,-6.174874317206553,-1.3613040359339963,-0.838851446764537,3.1209575659375997,4.933096897068047,-0.6343891529481709,6.148172041030565,-7.06974148794819,0.05753912271168897,5.887775779523342,0.029359555096961615,1.6736703995164572,0.0820413421782676,-1.0737440419156306
MB-4800,-7.154366979874856,1.8464104256667115,6.27907975843908,0.6759067580027026,-2.5013864122642704,-5.11834422854866,0.8641836142689708,-4.887236552442638,-1.9055386548005913,-3.827510225046625,2.195096028405472,3.4589026751516205,-1.785196869507664,0.28508291914828787,0.7151322718994884,1.7839245319799035,2.477044359817408,-0.4475950732840314,-1.772270835531675,-0.6649919443311579
MB-5541,7.263202149456791,-2.800836844766159,12.025541439747693,-3.1406638125671704,-3.133173120139882,2.106105188231785,-0.6008408358124034,-4.5214289747089484,-4.554255805138561,3.1342495525317173,5.989410045042012,-0.42725663534759034,-1.17288377522583,-3.4370280496330397,-2.409008636677319,1.158907587344198,2.718753586025658,-0.05729295820642835,-1.5302935356020737,-2.4030526901769984
MB-5549,-2.496907750528256,11.732928604639227,-1.6873703783592604,-0.058210738053631,-11.441872555129637,5.837253486281623,-7.6156240926024825,-9.612989711612853,5.389588248811754,-5.829497386363886,8.48520294877472,-0.8291363974629877,-2.8654219555808225,-6.474017199189829,1.8284288442776289,-0.8387016624364126,3.119500076275422,3.1783862854887497,-3.4945901574036515,0.8065413377438787
MB-5519,-6.862565266041141,-0.06713292745218372,7.086922037779393,0.5982594858286948,1.6078182427466536,1.8986195758894138,-1.4441937573267358,0.1625242239706744,2.0603752492118232,-0.7025303379223798,-2.1910799025470964,2.40411753554219,7.27369464813036,-5.91918815102892,-1.7530536297135553,0.48537636303213877,-2.307215769205697,-2.228669174097886,-0.7320224555912025,2.6173186169121303
MB-5495,7.31820921334336,-1.92245263837694,5.0387239371019605,3.854596803015151,2.339134107997925,0.8915669955783877,-3.480556879080426,2.5694660266237745,-3.242960522891571,-1.6231943330330854,0.23452516811053242,3.052091874379202,-1.4743874800706067,-5.984241251065329,0.3201015812010029,2.7057424776533874,1.728819255643646,2.804921181475232,-0.8230223218404442,0.8371880983857279
MB-4832,-1.4135851293618806,-0.8615595341786302,7.465990389602586,-1.0223751015937281,2.457024429856833,-2.8868733622481835,-2.9503147756753214,1.0880352261890172,-0.7668553888615456,-0.9376592959349107,1.3548115626525674,2.731445381267577,-2.654769986739318,-3.132917403539252,-4.0429801896977375,-0.009873505988738387,1.8698697288589767,1.3692273509441772,-1.3309214526001896,4.222055664502223
MB-4745,-2.7523544307330496,18.03745835872778,9.050311333647677,-4.02311844712401,-7.23646678314345,10.506808620377827,-1.8772738601082952,-1.3317392799503556,0.2240932751776505,-7.725494181259302,3.523704051934456,1.251237137901735,-2.7925330742011316,-2.559216226609477,1.9098608752633497,-4.315670988335174,-0.37873326278379466,-4.774259470896476,4.790813133491189,-6.515262199280372
MB-4825,-1.6705917957660128,-8.628838913276407,4.78343047291912,-2.3741313346041624,-1.1594621062381305,-3.83666539397741,2.2410434173235694,4.427122607486602,-3.3274027212145816,-0.7941672760659817,1.145470402400435,6.818323002716787,1.6529983748760921,-6.577247305797578,2.268478199296101,-0.032504444579271895,-2.82669341594621,1.8421003836198733,-2.7995121360512334,-0.39268758337420073
MB-4814,10.05995993263989,3.661748446903851,-6.512430199125905,2.0628688077053474,3.6226584229297933,-7.963025251833631,-3.2052612710535504,0.793377523836754,-5.352514469891823,-0.5058394543269465,5.534067165327488,-2.648685914127865,0.5234048223127725,-4.549260140600965,-3.033108449659125,-1.6986515978603705,-0.925256704753868,2.25023282631525,-6.287855938950956,-3.8687859524801027
MB-4757,13.122641280479124,15.634580670360917,-7.082769439727068,3.451209570206453,0.8712626845549769,-5.693381455145043,-2.1952408625744075,3.31484526756986,0.18967929816708767,4.972856838059065,2.561798398648479,-0.0857454923062907,1.3947401667347874,-2.209836920116202,1.1690043404394852,-2.9467243565224366,-0.6303906317810491,-0.6073963661016,-1.951888926047471,-2.0726268289231955
MB-4694,9.615999578911904,17.129736996811854,-12.487361924396264,6.82505880857023,2.985101580662011,-3.2580283557771224,-4.142773060975556,-0.9652261164460435,0.23941477805201186,0.9786841022965205,-3.278543832285499,3.9096989784732092,5.207660013965195,-3.324511974205383,-1.0458470976257146,-2.6062401997934708,0.3000565762806367,3.4395296515892197,-3.860144179626197,-1.625586103792584
MB-4698,0.7619794577522645,-5.687096041966771,4.960290484917085,-2.8102291568460003,5.009719405995261,-2.2759383757515255,-0.04661160503386852,-0.13625486162242736,1.020166416626996,3.4666974980372336,4.758976702778002,1.0124730126370116,-3.384231507366041,-2.2112523154365276,-0.16122492768707264,-1.8412739152432969,3.022842901692755,2.16571083588754,0.21716684443768497,-1.4244355030240006
MB-4715,8.889308227225978,16.95126788531243,-3.419100923039684,-1.9494423184994683,0.47423379471782207,-6.899439985555494,5.5699346254778535,0.3293460428824637,3.4215782123239595,-4.587470470818421,-5.975177188006458,2.271956172775878,0.7730583581106839,0.26728553089638213,3.2817641710515195,3.820088623202693,4.335824692855282,4.573702470260203,-0.4231994623229366,-1.7595733212877225
MB-4685,-18.883574690939184,-1.3464907448367376,-7.2932763663231,-0.1755439484447983,-10.609736627646628,-3.5496587285094083,-3.9767330955632376,4.958806849034582,-6.7994433191426165,3.6244115234251297,-3.250280018164008,-1.2302698876236153,0.7837691334644076,5.314387275389345,-1.149320859678669,1.6755225708148833,1.462109194670754,4.297810462301337,1.2858681154512122,-1.4004620496450144
MB-4712,-9.564618808625506,16.79412489986668,5.497568282845978,-2.500876474649832,3.099179699669385,4.575292123603253,-5.119611940490188,3.1570126353530976,-2.110098736100793,-3.9315872019715186,-1.6940970521944405,-4.041372378384279,2.2786313638405944,4.197204870876899,-6.053403134932493,1.6200706443116495,1.868454880701165,0.20435971090048585,-2.1743388709643834,-3.330440010386086
MB-4672,-12.273380674970682,-6.287629159615558,-6.062714856782027,-1.0001758375590062,-2.4736390888612116,-9.667073795737968,0.15933183579441723,0.8746946183449094,-1.9531007593013028,3.8985716752380366,7.43277996152847,-4.076496989091697,-4.078554061648654,2.857018741789385,-2.1028309162360195,-3.756947172647034,5.583704535840831,2.947087353425136,-3.5416247575050614,-0.15350986160953178
MB-4704,3.319980647154524,-2.371243042860664,7.5296334430071585,-7.699850805413583,2.374177688747212,-2.82912590693292,-2.6503015386611897,-3.0029135520844603,-0.37906615735951654,0.39793295332270073,4.297994678781333,-5.7805888078268,0.6679398227997287,-0.19437792519548777,-0.25945727637761123,-2.0320617511213115,-2.0612312554697407,-1.85729933699145,0.5349841768321181,-1.5523683655898903
MB-4655,-12.184838420186338,3.510394336276261,-10.533940607288411,-7.409418683091939,-0.32271717060987076,-0.6073141150749398,2.036885520685253,-7.702665195498972,2.20775753418919,-0.6329764326765027,-3.2029752893512815,-4.215375429911733,-7.492892975694612,2.274062953489776,0.245778923032576,5.979699213072254,-4.836769751549764,3.280509142835027,-1.82574294676301,-1.2504971753227951
MB-4651,0.35154185833004814,-1.1313917000399094,-7.000428835967264,6.637072554227488,-2.5982152703611465,-1.139187487242903,-2.5590735851869466,-4.023701930036191,-0.06984642843892061,-3.5704314510107773,-4.431038344812309,3.1617688507574724,-2.4309548206098754,9.19733692697226,2.5578957136693545,0.4095152781766938,-0.6771139307984028,-9.349662153918624,-3.8751171137617813,0.2925363133042417
MB-4661,-5.5772306719886595,-4.6271666151038655,4.930429326190045,-3.9912230873295638,1.3994330303846365,-5.033423454626777,5.75907402646027,-3.958523378753236,-0.32659429336472534,-1.6771477224346987,2.342363126913731,-2.9194773189823597,-2.827401833188739,-3.2446870343281913,0.8077061130682718,-0.516584841614796,3.7105042310947445,1.1474863811950728,2.2238318950744262,1.3469223616565116
MB-4649,-14.647845614478817,5.669978876967666,4.81311168124381,-1.934790914799067,9.317125980320267,6.557502724901015,-1.4681537065968984,-3.5361471231373187,-3.6292335826174953,-2.146520585841516,-9.458300890510472,0.0129170326246212,-1.9949687592193788,-0.7352958531314115,-1.285722382476651,1.64115566032037,2.2854757542321975,0.22249279522369428,2.9232075773877626,0.44939803514244603
MB-4642,-10.763919336324829,-2.7366784851508985,-2.453409701592226,4.766614373095222,-7.8654176651706855,0.5160095879663305,-0.4388653668300032,1.2038653255731615,-6.378259194902854,1.2685773354569332,-4.9269238189559905,-7.116745469963771,-0.622589249589504,0.5637970376996415,-2.54916172933281,-0.18971954080532524,1.3403744173750725,1.0556761217914685,-4.1075784907207185,0.7799503426311518
MB-4674,-16.585383636428105,-3.70846599837571,-5.815450614832658,0.7825181244284443,2.626529075418876,3.3319005047883548,1.5869006172532771,1.4477661708989942,-2.2211137824698546,-2.3838821187834807,-2.0236371798158004,4.105211074451243,-0.7755555887847836,-4.795182538292378,0.22852271561651985,1.482484752978296,-5.617110995212484,0.7702495597042053,1.0647787527020371,0.5586727924285999
MB-4648,-9.151116130908369,-1.5652790095385583,-3.61437296553362,-1.5995203485019696,-2.6524765562371466,0.2597223090818354,1.9703491053699533,-0.7840084350948461,-5.889232510558048,3.029424686001832,-2.872465978817977,-0.0948903288445052,0.16111902100370942,-3.2901162855988435,-1.0575930707028434,-0.34013787101055865,1.07986792210117,2.5286009490377306,-1.2275045796342166,1.8519698088112955
MB-5197,-8.532473454123778,-6.1802521014651814,-1.2519995039505478,0.8367203539916963,-2.6051307335524636,3.031356402420818,-5.348507903116856,-5.550449984466982,-3.5630039284919195,9.956115986688928,-2.168831147249573,-2.262867928025481,-3.3929503459410335,-2.8343883248420156,1.4634131571537055,2.2607071813801216,-0.28494586083011236,-3.341263548029961,-0.027580066853324234,-4.484776181902501
MB-5152,-5.250554238583458,-4.568881193744619,1.593464872543169,-2.403148488164593,3.186871196344235,0.7864019840632046,-3.011919864082661,0.391298249084162,6.228490246988365,2.123659298352364,-3.530692874796991,-1.88198751598649,0.8723968843802012,-1.9644294888579557,-3.0428007325730317,-4.1844042679804785,-1.41080646261502,3.291209252354267,-1.1989347655034126,-2.6281882332332325
MB-5201,-17.0025098865319,-3.3422671309686236,-1.47500315143743,3.31986709277999,8.300966893461542,1.5363905336787897,-4.498103659737318,1.7101981899202943,-1.3644842287304992,1.7977736970078013,2.067469562487158,0.3600853944103306,3.539993368895446,-2.0944246007841416,1.9032257897440832,2.9446260373955653,-0.8585686676501803,-0.13625037484676294,-5.603616262099128,-1.3466610616631203
MB-5189,-7.243801198472075,-2.9368447086460394,5.2794327488181,-0.3513793533466616,-1.9671611168145584,4.849439290889071,1.5219323883423859,5.538942757669525,-2.4502510585015775,3.1329974069735704,6.781534421017525,2.8410825854329818,2.5109942061534216,-1.7284342348257822,-1.6746712550558132,-5.368937672586421,0.5750965961939516,0.10885988065280343,0.8870799283501547,-4.766120336342916
MB-5281,3.50577632462931,4.7198178554424555,6.651070067035014,-5.421570490488598,-0.682101400048282,-1.0538695523128032,-11.33200683362495,-1.5351871110310902,-1.7221272064745041,-4.511068413847782,-0.7537670801893265,-1.9558742571081684,8.892802702909714,-3.134560373862759,-10.332335244011253,-0.7251422277402991,0.9975262194304721,-0.6021993305770794,-5.2047658142794395,-0.5897717312298555
MB-5212,-11.258560874183186,10.38655855493793,4.761499523539182,1.8789943136596434,-6.084778859739641,7.441388591467387,-3.4477025052072015,-1.154911657900189,0.7036439531177938,4.977184827289849,-0.2857280587848081,5.452575594118751,-0.19587283054153729,0.7712392834801912,1.1005427921172526,-2.0382510235559725,-2.195044569116229,-0.44666240562293213,0.7387740325630239,4.532514200887241
MB-5172,-6.202889647470906,-0.3928044556504704,0.7994391555678184,2.678489737861583,-7.414194546539346,5.047622829915925,-4.47885433094031,-7.25487754991771,3.7633885506827034,1.611147079897688,3.050653533360726,4.46851142134668,3.2508722433258694,1.6903447865743555,3.6066020799857985,5.574480728783059,3.6695800765070663,-2.943069260289244,0.005242344055112502,-3.2481898960266853
MB-5183,-3.988929137682843,-4.103078308388064,2.5500865203409093,-4.382052687866476,1.556276806160162,-3.973173169183221,2.017198909610404,0.09850585372589962,2.3722576476537784,1.9480267519165142,0.862878048732275,4.413749615012502,-0.9216054801721549,-1.2640410445682777,2.0095153775718613,-0.23833786445376937,-1.1081897010717237,1.5301846168042692,4.48014891977794,3.2453624681148403
MB-5185,6.3721103643903065,-5.783760710851811,5.182452588083059,-9.546365356079818,0.5153741170681786,-1.3165003746997919,3.4359667680860824,-1.5637842133843154,-3.1029269011108496,-2.7111647092717495,-5.194179560673394,0.21022184697313934,0.20617435725870736,-0.5647041300335468,0.030445553412862265,1.0566593704368645,1.1318615175109692,-1.4499531058025736,-1.6443066845549652,-2.5158320321617897
MB-5022,-4.908352964398457,0.09756115173952405,4.897658625553326,-3.7871886568203794,-2.890529692889793,-0.9592935020095104,-12.002549154239057,-5.8663815822010426,0.9089658641599873,2.6837641669504144,5.258624149902472,4.159515423508125,0.9311868164548028,3.4584081825945177,0.2779975011362824,0.2903342462930371,-0.587268328919943,0.8019759917581296,1.4721862557023562,2.249024852851185
MB-5014,-8.987248578753883,-7.8819904787652,-5.8389600410031886,0.7651360388618406,-1.336957862425099,0.9821536034290611,-4.57556248944338,3.4351216553756685,1.2847084132864055,3.6488600892452965,-1.8306002135648376,3.242392918702974,-4.462529099554434,-0.8404300693501771,-3.913521129361951,-3.410859194536405,-3.736123885304609,-1.064680548338937,-1.1648027256846158,1.066440606093651
MB-4994,-7.437404785870435,-4.628550069035169,4.385578084711509,0.19624616529544958,2.8472873671752112,1.4377764153978372,-1.9070612836067578,3.999295079733185,1.2485461569881113,2.645155159741247,-3.191103594626559,9.147821756511162,2.4080033240566787,-3.6781994013694415,1.8791316620973129,1.042820682060551,3.1078983866416148,-0.4593742613712988,-0.859171547375808,-0.0483032461098546
MB-5017,5.444388358432079,-6.312604118339487,-6.518300905625834,-6.324014947486414,-3.6694600573049634,4.327194189386449,-1.9486237889649942,2.2947526417670105,4.435404539499954,-1.198510812751131,-3.2008081610735513,0.3847217845353374,-1.5822922419400933,1.1715434749787084,-1.0769235904717718,4.420649742995239,-0.8643496885390827,-2.0073749586503564,0.49702663098178784,-1.0002255600089578
MB-4982,5.62230747731359,9.250087951519932,6.3480490196099995,-12.077513851436855,1.2645468894117085,3.073750037991203,-6.196319468498817,0.794197250801928,-3.5211148327545585,-1.6157800464691767,-3.1267671441440514,0.05665857438287201,1.5032966073565888,-3.0235938244899203,-2.775171590388516,-4.36938180105264,4.335926656816668,0.523087552887828,-2.579118724483429,-1.9363216937825074
MB-5004,1.6341618812065688,-0.044390611082228686,-4.761162119200321,-23.052242860104528,5.653964730013134,2.833675716762719,2.4938618214009396,-1.694081449502203,-3.8698442520909233,1.5680201187982348,-6.0510383679129465,-0.4535393723709036,0.9528728741567224,-0.4703214032657514,0.6904093393951801,0.302721601470888,0.4644136578706431,0.35643551272734386,-3.0202413578892515,0.5499515017915275
MB-4986,1.3294407799854926,-0.6191438607822629,3.0324921064045878,-5.888388209983396,-7.641505763659749,-8.272335237624242,-1.8820176672220006,0.5067331054491663,-3.756236124910883,7.634629860364044,1.2233228632754003,-2.005929962192303,1.7886448452336523,-1.9614984286834494,-0.8749004046698438,-2.090589690604181,0.010990565784238428,-2.49151189006103,-2.072802943349212,-2.1368480441242754
MB-5327,3.6544516950203603,9.281934826729534,5.459068034248414,-2.6488536496708877,-0.8194593714409859,1.5633701686850479,-7.705943448328554,-2.5156399079831075,-0.21592273453174615,-0.8546447498290041,0.35501665582336334,3.1223146435837035,-1.1999329943702726,-6.158516177146572,-6.9058303266290375,-4.4988299503800775,-0.9177454712152312,1.17771175669577,-0.6950057068612446,1.1353609014008395
MB-5341,-14.827294114262285,-5.043811599298265,-5.567740515128088,3.5791800025216896,1.3018657085875516,-6.973981702716254,-6.139812051193703,-1.0127312760250247,0.3974000246623788,-2.169585131702722,-0.3402845576650139,-3.2496962851821825,3.3778375206649813,-1.310651131958985,-1.747223979194065,0.5501310184469403,-4.134021852367156,2.2634603186204285,0.8489854724580824,4.5573846428710985
MB-5323,23.45986008378869,2.3358876406657876,-11.703682610075086,-2.724117680634781,3.743016708843802,2.8186844430174007,0.9841974953953909,-0.5354088153439126,7.926857017893229,3.7289674171966527,-1.403671919899332,0.6381246269121761,-1.562895057248638,-4.119764528172129,1.2857423187550314,-1.3945501803151643,3.5439562081505303,1.5245286516447507,0.05304135343898691,-2.3731846571658637
MB-5328,-10.681571429371674,-5.199302648528387,-3.2516985030925802,2.4632218807333306,-1.5546204680596305,4.159399223549849,-4.164517956994048,2.958772947910716,-4.103271438620639,7.370713915394658,-0.8492105782005225,1.1638471575292966,2.0735936626326303,-4.482274865888473,2.595494470178122,1.2293370638368992,0.9651321281198187,1.5208390491654153,2.3154325056598513,-2.1325717794319248
MB-5318,-1.7681069781431176,1.770746239706245,7.391240874082249,-2.3026166720050925,-1.9340364155429728,7.156502524388723,-1.7271886231252762,2.048164541334198,1.0289247635701788,7.332558720715443,2.9354142399313568,2.2155200196133995,6.8334899334340475,-0.2519163169828368,1.4971322869200492,-1.5227968558183185,-3.2395650941755028,-1.1288587388858649,-2.859253725519729,0.3421680907128378
MB-5287,-5.579974425040347,-3.210158153724588,5.564792053823919,-2.5256840570042334,5.054820802602401,-3.269191915632862,1.3902532093153959,-1.9451469360108202,0.37430111844412134,3.0912236552665657,4.4558703471049625,1.1350911140610056,1.96433155339214,1.196319248883238,-1.5222186521131347,1.577943294086528,3.69493658827654,-1.6130805350479034,2.294065227405873,-0.5401834292836556
MB-5324,0.6083388963916038,-4.053149013808637,7.149683423023559,-2.157202044151681,5.281580168863251,1.7715843180084747,0.29807308794345005,4.553267084263074,-3.8824655109998005,0.8359258049244881,0.514993565441392,3.5768283148801143,-0.4372207728672076,-1.962529939746756,0.04466209064955568,0.4764863175323372,0.06386779824592285,-0.21950783698972548,-0.812656981841301,-4.86913137035066
MB-4682,-15.8754037833667,1.2817839126982622,-5.7244247134615245,0.5974565316240268,0.7503938286127277,0.21193145594829352,1.7397512330908909,1.501976272733008,2.763730653493558,-2.8484857315226186,-2.740741060182912,-0.7163603280289887,-4.088905016304114,-0.29166711079301993,0.9065826089935638,3.3737974280034546,1.4155665849436596,3.54725867639133,0.2571591193736908,-1.3710125001896192
MB-4710,0.14314707247350741,-2.763346744301061,5.192118200593023,-1.2480521610625321,8.180311095904317,3.0135196883298407,-5.20695911763006,-0.5092628193049599,-1.3637833849124572,0.31614828791782085,-0.7717540953653699,-1.5712706928039577,0.5969816303941544,-0.6479600313850166,-0.4408931024336837,4.52031166747745,-1.2515964536650346,1.2023387134952557,0.630896815139836,-2.375692464312849
MB-4701,-7.088595144413276,0.34942912651888497,3.7044153406048914,1.2780908151924646,0.34101860294489544,-0.05706770546349938,3.210255207116585,3.7879574859244793,3.1021446468010945,-2.0131863955665366,1.7549834918276488,5.211132569071222,-3.908968632535522,1.5989780037040742,-0.3677584280794831,2.296973552508136,-3.832551290383332,1.639552640481157,-2.859935353566103,0.2537083510851038
MB-4709,-4.478294269480186,0.2832163723654893,4.536974898200436,-1.7769437366029068,5.393392104929276,-2.8632555839931646,-0.8357858349192492,2.69526428115845,-0.9588175289392435,-2.983145962581909,-5.341645099020251,0.5146059392901905,1.093186155885175,-5.030579076621476,3.003336434818523,1.3931758690444855,-1.2121330963908366,0.7860921203014664,-3.1703498421015572,0.8787948943901552
MB-4686,-0.6529900756454612,2.1082004621131905,8.518580609863735,0.839684043527072,0.5735017543021209,4.4055930598749535,2.31768281117581,0.8608624320287667,0.49425477745602364,4.2973474715252165,-2.9517294799992926,-2.4532695264685924,-3.031579147947966,2.707627559397339,1.7011712309024463,-3.3315052515007118,0.020810332235534083,-0.9074957860957862,-6.324405832130666,-2.276812964988634
MB-4706,-3.2109266648050263,0.430384256241919,-5.5814734610693835,-1.2166648259992614,7.122662277461476,0.5922605547977302,-2.142336450863888,2.8573020208391227,10.314036735364313,-2.814603193038485,-1.1243590435191217,2.5271533239614206,-0.03944726027130706,1.3957930983478115,-2.219958318564903,-1.0535916641980445,1.9861104286556006,2.058696894583475,4.367894208615491,0.24995440065167412
MB-4719,-9.592088206755772,-2.3405171153285456,4.1071859465169425,4.385737980747418,2.6771229290210696,-2.2858564352778754,-0.7501831164424186,5.188520711185908,1.1571378770300869,-1.0579101528728494,-2.2751084964896577,3.768573916911134,-4.217870971278652,-3.3756232886756448,2.550071139575634,1.3117318638897268,1.262984322747025,2.200153905505026,-0.28861200651770125,-0.6857677605565844
MB-4702,1.0146642439244953,-5.485808241892741,-14.93640909298654,1.5433465764561434,-4.685196739289255,-7.761198173516146,-7.562735081974996,-3.395649922376189,-3.993557300180654,-0.10731191638791679,-1.652282833517561,0.5473719438664342,-5.204928301564793,-3.5790554451814938,-0.58056207721072,-2.7205460593752147,-0.5169898925032078,-3.8835298708814348,1.7206250353116026,-2.1007590595294965
MB-4908,-11.057042594872973,-1.65375613759678,4.145057757609537,3.166954059383746,-3.4861707252035674,-0.13842007138692936,-2.2574029672506915,-0.9891624614571484,1.0304650699537043,3.29060829667609,-0.7778959965348118,3.15103822368891,1.3952514182290454,-3.307880109458864,1.31630508307764,2.8437743452066186,-1.434087251436138,3.6440771134801024,-2.04254747221424,-1.9920208826897965
MB-4871,-0.2307387642101645,21.74308084551574,2.3388675003052226,0.40328429159618795,-5.294147738792126,6.8907768309226425,-2.0987671237694663,-0.2619405468933686,-10.931395786076482,-2.0443362466117647,10.340303637597216,-3.1628189171967116,5.944533353283101,-2.2643962747215247,-1.6808213250076582,-0.14096975507202184,-1.8779828111952612,-3.7118515368610154,-6.517726152775253,5.616598090421422
MB-4906,-22.130264329126668,1.9834661704654575,-11.518774121698192,0.23236595480738653,0.8810373674398458,-1.9261958883137893,-8.938954554033725,-0.2573685336934393,-5.799721665080056,2.4768206369492467,4.57590960499016,-3.089566799115181,1.9297916833680933,-5.529393279410955,0.3628273499446501,0.09033960745985532,3.532681680975171,-5.586095484498159,0.17857505510033644,2.4294954411359218
MB-4911,12.152082162217079,28.496044252072817,3.1676072154582657,0.9446370043933814,2.1322938971204395,-7.914684609336062,3.4557614190584958,5.218298905986448,-6.113108872257257,4.224726103179249,0.8116783312715744,-2.2797953717456934,4.95790637855603,-4.525396861233974,1.886653191550617,0.812794692056556,-2.9947836001247805,-3.262603792794646,-0.6675776439245033,3.72375474792078
MB-4866,-7.147078344852982,-2.446867550141253,-0.9966257860190486,-8.796426804530169,-0.749534642246668,-6.422497867652247,-0.8332444191166694,-3.8916241582912847,-1.9309950486145901,-0.35794028352050017,3.0102473455364303,-6.216416433772019,-2.153445419195492,-2.4955996981806083,0.38852046894877723,0.6402633494508283,0.8574955734631524,0.7937951669896822,2.729590631466369,0.8516532999028577
MB-4858,-12.277934102019547,10.293884809428247,6.137093863819235,-0.7560925710104085,-0.69436847632141,5.121651324131441,-5.2628655963696644,-3.4368987951392116,-0.525849055005592,-0.9491397649365982,6.72980458939845,0.5424703582089847,5.341035770439724,2.605634473947323,-0.18998804310732165,-1.3277547099053681,-6.003624984762647,-5.310787258472234,1.9117181099735419,0.05688819348194222
MB-4862,6.234774512455085,-0.7693812473363796,2.733439581114507,-1.2282782219877513,-7.595625842467531,-0.8172718146680201,-0.1004061217704927,1.9268284151577064,0.4752335232219999,0.8729415315128892,-1.2740301021790905,0.6208503280966927,4.945779747845059,-2.371898153046432,-2.9621594482970095,2.332345673847973,5.001841095774794,-3.2725510155034434,-0.3722221586066044,-4.700191681281625
MB-4872,-0.8811956106854395,-4.297449982765507,-1.69839417375958,0.7762199815194404,8.144712600937057,8.151465303630951,0.6628924424095345,7.217430973008267,-0.9340568192703937,0.35022173897616216,1.7297663005005948,2.3630429472718175,6.375925985471035,-5.096477641541484,1.0374582861500152,2.2309019326869417,2.767762573498784,-5.180293211639735,0.13256544770751583,-2.7567451109988403
MB-4887,5.520835252315194,-0.3255802136367167,9.964990045517416,-5.980960454209248,-1.7237126618772223,-0.6212341012362002,-1.841094275406329,-0.7164461182356902,-0.1997590274639492,-2.6762988586830856,4.804815683966922,-3.476410960207114,10.925135297481258,-0.8278547038072332,-0.9959497716586364,2.4518773870597266,2.6399905412505906,-2.5380775899613717,-1.527322065171226,-3.1165762605046585
MB-4867,2.351148461311482,-3.7563186309037375,6.003366487758185,-3.4532342932006452,3.0469964039084347,-6.1475320823795085,2.948804286891593,0.04497495121484751,2.5551112500458677,-0.8064167252159127,3.43873698423272,-0.16541845540815098,1.6176434558446617,-1.140564001587889,-0.03695515211267049,0.8125626593676546,-0.7319416394020144,-0.42221993448517436,0.3609337730508597,0.06884093494759295
MB-4888,20.812832535675767,16.643869228994056,7.9100682035084935,-1.833716471889591,4.929494722103366,-5.441992757288339,-2.340186938925972,2.0183975166864827,2.061054582799868,-0.8317611665688013,1.5795006636663447,-3.3981848515151283,-2.6919773468100914,-5.401355223451729,-0.45601257323569344,-4.759965150064318,-4.407421132588773,-3.6732969660141888,2.009444866755392,0.5533261343987208
MB-4929,-8.787751763250323,3.4121212747666227,3.318055249259279,-6.959165777009872,-4.690879049259196,-0.2863715862613222,-6.338141130638029,-10.516273743123657,1.2639060126941477,-4.797881747600924,4.142921735838378,4.8436165518170915,-0.6638033089566736,-2.802834356732692,3.468471445539847,0.6063461481708083,0.2837256080495532,-4.212460845561849,2.51804159773919,3.741858247758975
MB-4945,11.498786472078674,20.515416691285886,-2.508725369595751,-7.300021271230659,3.448296529410942,-4.971553970883951,-0.1018569854337876,0.3707663647850994,-7.679013451398257,3.2293034944823487,1.94683333424613,1.0190867952424338,0.8886894976127995,-3.976903340288544,-1.6417789545912311,1.9078714278572526,-3.1779837516502187,-3.1027159511914553,-2.577228464595562,0.8967745047854028
MB-4930,-13.590419810099426,6.160698738060517,-3.9692384083026933,0.6371765587605477,-9.6149726437874,2.147554539898199,-3.739097330602828,-1.707183591352484,-0.45336987671438844,-0.49854386062250267,2.9967090558165244,7.425666865331718,4.3554070287667335,-0.9983967271292327,-2.0537402803605156,-4.068004066409013,-1.2958120452450888,-3.6144719156814373,-3.7078904480348203,1.9605600613382408
MB-4894,-1.806980090862106,4.047182199276052,-0.25811081075706865,-2.1178781584942272,-1.1068307017945345,-4.439226117995899,-2.471114714580739,-0.057247858225378354,-2.8545283201686025,4.836363035226583,2.9225673189429338,-1.1648241028651296,0.2668324724751197,-7.544541212076165,-2.249048385947118,-0.32675269546699787,-4.306236441541596,-1.3234273226042519,-3.2827214703040886,5.152851152741057
MB-4898,-17.883150837726664,-1.3745647443767948,-6.36840380127487,2.2209125923273154,9.187822318469872,3.4417586639490625,-3.0432704427299524,-1.0417605007489334,-2.637020877576819,2.619527216577923,-0.00723093767010316,0.8121304205510687,6.331610333848699,-2.697281656906585,-2.4471550870623657,-0.12791155270221588,0.10099671859473865,-2.186347609737531,-2.2513391048114864,0.14508962922339116
MB-4670,-11.668876471875217,-3.552225690547783,-1.7358783517079044,-9.74806223456254,3.507252797806578,1.4063483005059736,1.1848107042077665,0.6383505264869351,0.25485038388725567,-5.284618802975402,-3.657281685098916,0.20583016642791974,-2.4028879895083857,-2.5901085684711824,-0.43207507136238055,-5.021458155281604,-0.7157886650153371,3.039198817232892,3.2719348090204248,-2.943842363254503
MB-5013,-15.150932698361329,-0.6974704835287552,-5.24295495880776,-1.5335757527993177,7.1828648632211465,-1.7364613329214946,0.5957427889089909,1.9125681421585325,0.3620495867345156,0.7632203098617096,1.3489874646847169,0.08978033166653117,-0.6863292887601246,1.2758982983412148,1.8812946635610515,-3.0664726337864656,-1.0372598443075869,2.2080256835915586,-2.2244845076791613,1.5046659165432492
MB-4977,-9.501258721742968,-6.428943049342792,-1.2629047982751185,0.02327508190641821,2.232562944758219,5.870697464759235,3.093498736556403,1.3461023552900122,2.007306121375658,6.111227144642594,0.24711604687606342,3.268742184320603,-2.6968830621896727,-4.929709687126868,1.9203868317966772,-3.7307276553071964,1.0601414887000742,-1.6433685230280535,2.1495782942619193,-3.3412436659911076
MB-4967,5.762334050832821,-4.967124358770595,8.04352784725576,-5.794469095604303,4.245587597579869,-3.729250576673588,4.198899472333128,1.4308873611578607,3.458630569172029,2.180090954692784,1.838219284110222,0.9097838772298086,-0.5167027953651357,-1.4441091253663092,-1.1801754398661124,-1.6786051306991387,-2.54142745163098,1.5318048471482428,-1.649607310288011,0.9405783119296439
MB-4981,9.047687920271121,-6.232703749816477,8.395162206947555,-5.79723400971422,4.214080981331782,3.800140156263502,1.259101642704382,1.6217456640061803,-3.0317085013800806,0.8536267464064837,-3.8305571926583024,5.191538660506086,1.8014362763417555,8.32790766337139,4.884260872669067,-4.8527307097892605,2.1982099004900584,-6.02997682888815,-0.7914858754420839,-2.489070892008749
MB-4003,-9.55562855851233,4.21616786064969,-3.8585722060231626,-14.161526374432357,-3.2639492994032127,1.8322484692115113,13.007699837384665,4.614115539180906,-0.8479709944464119,0.7968550242326127,1.7885788877312399,1.0244659204325512,4.189810643690678,1.2428492809972203,-0.8727340258721475,-4.921489616806764,1.5216882512471672,2.4704654759682283,-2.084358361811029,-0.414734842163084
MB-4968,-7.469429284600908,-7.584935292278829,-1.1642314038332024,-1.5275821803020182,3.9703881060370474,-0.9162175117066019,3.424194186066292,6.037390393591028,3.465599199502529,-2.1851007473198116,8.099691011040367,-2.3673470526523013,-1.3087892653465207,1.582912189892707,-1.187207335513771,-2.2061021781935772,0.4464620283964292,2.524054310883594,2.6358959593036158,1.8360903733838054
MB-5052,10.850263477881215,2.419759626001762,-3.4034298140900097,-3.049858699787466,0.5583724976782285,6.879240890012031,-7.516084156909293,-0.5192347124564888,7.154961893727221,-1.55808253702819,1.2116302261205816,0.010302979865845186,-2.059788610014233,-2.2376318412818685,-4.3326894150494875,2.4259443672710312,0.21544174491621162,1.8574761607656662,-1.4419218565289555,-1.2650760379701167
MB-5049,-8.758612457579899,-2.3907268144534295,4.039177104052457,-1.9603225688215575,0.023905806925851304,-4.1356156889444415,-1.7390834404301825,0.22457309409596315,2.7397685861555376,4.237544729730609,-3.811105453442444,-1.9623640716384692,2.1689401800986965,-2.6110966900080155,-1.703199697744831,-2.3811167923644754,2.503909889140037,-3.5763724590306567,-1.964719143056487,0.45744295863801465
MB-5041,10.290877807602465,-8.552076402626353,-19.94916713686894,-6.787599597175977,-3.7579708863576355,4.746800279670944,-4.626987756851655,-1.809705393355478,12.496641116344929,-0.2252957271307239,-3.1810993953442623,0.4174702478383921,-4.237331634515735,-2.026043853771785,-2.614582513569289,-0.6090615104378857,-0.6261234793792713,-3.124688561574241,-0.36792565013576345,0.7131556839434425
MB-5044,-7.102998206081092,-4.4984432160716175,-4.650444289227824,1.2149030760034703,3.9923906734082664,-1.095776863271317,-9.739000844151352,-0.03453315625587192,-0.6486665310297391,-2.527703918146049,-3.849385260337565,-2.347799320673045,-3.89401986268858,-1.4138507354488634,-0.7913814978281959,0.020939562602127582,-2.9752498364430955,-1.0935728396545619,3.7187875174757843,5.155125174301355
MB-5072,-2.416092185948373,8.98227614638081,1.5797208969986656,1.1781592073417229,5.047795279440938,-0.9187002926804885,-12.47257057987599,2.672631674960899,-1.3292718644885375,-5.314985388277172,-3.2657620033972288,-0.669498814187895,2.556825513802232,2.5882687254745993,-14.619726618693168,0.44463573869938405,8.78422640910593,1.038560390356275,-1.259857651818936,4.712767458014204
MB-4171,-4.875383215957204,-0.911150831286834,-10.553361435989537,-14.073551025480086,3.9291989402700707,-1.1471585876514874,-3.1679666746507222,-3.4177033022836616,3.6939210219720113,2.454602079059959,3.390066613280912,-2.5706586868683003,-0.8923856669474608,0.8904311796199618,-4.152771478932822,-3.0970328006907133,1.9598742667549554,-0.3482730702197515,3.762315878323265,3.517218830760684
MB-5053,0.8995773462816145,-7.121576976584334,6.577081932161665,-5.9851899878557155,5.280514429140421,-1.0241083452794906,-4.4350126073734915,0.6221233471658162,3.880059596288874,4.801417480447956,-1.736685703656989,4.148764618611418,1.0747970511762714,-2.245871224280647,-1.9845629310284423,1.3100147487977458,-2.1335246529439558,-1.9493944503920666,0.8541079415892642,5.541554808391342
MB-5045,-3.3353956169665224,5.798375310837218,0.10152502396016269,-6.221546654194823,-0.15832569087498521,2.2656160830970755,-1.0566602731840942,4.062908132488176,5.167598946900108,1.5755246189197383,-0.617945940605252,0.510891455426773,-3.8393073790744117,-2.779673113808058,-6.6721277679490205,-0.5614109049822229,0.9759019902565675,1.8629786503406134,-0.1254164173868126,7.3507416799577285
MB-5116,-10.918145389455727,-4.527824204742637,-7.476704558841374,-6.91584723855706,-5.258639900863651,-6.471863671711786,0.10238446362477197,5.061803607021463,1.026912724156362,1.041944632558335,7.107704398885062,2.9671375746340756,-2.4258310858831167,-1.5350532584752847,-0.7317216076065272,-0.8905412261506598,0.5951852151531188,-0.507270961531675,0.2503313571883457,0.7641631147786011
MB-5120,-12.376054664797348,10.499782974021654,1.4666936005505045,-9.056245514002692,-9.625036883672758,4.219697549150415,-12.32943598465918,-3.642824464237652,0.45475021123041653,-2.1798584377648504,0.6343732273990084,3.8687993180834144,-6.171386777358535,-4.30400918171941,-0.6426723927048617,-1.3487518765849682,-0.16304770232768198,-0.6834905807485543,-0.7207865702272748,-1.3424996259573223
MB-5074,-6.370506695994772,-2.4415406442063943,5.579632573777054,-8.1706825392901,1.419559145743554,-0.5453786818410721,-3.013872381614033,1.364890723510637,3.2450610910929427,4.152005881480108,3.727707284041762,9.51043841941431,-1.402872469408621,0.22553288240364347,-0.5028121662110668,0.7322258169641238,0.3883710179347919,-4.201231496807552,1.836433435458826,2.647832519356564
MB-5119,0.5171368422174781,-5.7339174569662505,-1.1454979702884223,-5.5577141244490464,1.3004247330203134,-1.3800111534464705,-10.436412532129482,-0.9348401794557933,-1.8418567798925298,5.4954241488185565,-1.8070725127804954,1.9767626104276792,-3.7189882303126045,2.1198491720746966,0.26548861048187106,2.7511772134673262,-0.2073407220429743,-1.8941192128685727,-1.031255311549022,3.719850534852981
MB-5114,7.123888012627151,10.46346697881939,4.83809593176268,-3.701100705648355,-4.184794260012756,5.3902008161489245,-7.804875638125914,-2.1423023149373566,5.343648328910081,-3.3491543036323743,-0.31723591111320126,3.537257397936396,-7.406673161271986,1.2114138831703987,0.22067303321957646,1.57889547159981,-1.0335167400593213,-2.090218803330586,0.37733392373672153,-0.16289957441284872
MB-4230,-5.230970164486679,-2.752654971780107,2.3797207489122747,-7.100141445668517,7.25146380853032,5.635142827987939,-1.0062398064968812,-2.1163921005401023,-3.122053816294481,3.914125372372449,-7.028448769462047,0.8577573828000588,-3.0285664250662405,-4.6751739928616605,0.3389566300438421,0.6583428019032465,4.859380497001267,-1.2203663820885335,2.1218369788424507,2.078286495508514
MB-4154,2.980450352096324,-2.9476560740945854,-6.007738891082342,-6.972026250188939,-4.170336917671012,4.71489700580473,3.4155098329017433,2.8265173691520986,8.36071485741415,2.672036675996997,-5.153039163145857,-2.1607342334126263,-0.06961926001330429,-4.355734733864023,-1.8199247483021077,-0.6825969250276239,3.0727509190282936,-1.4665724089654888,0.543717257105452,3.1529833272451526
MB-5115,11.803129672932132,13.556504174326314,-5.960253585499091,-0.4721707681351865,-2.123054663204134,-12.018879154661684,-3.9928152645143444,0.3641733070207083,0.7369531173091824,2.484990303986563,0.9980912496928255,3.7017886856514983,-1.0437981513747898,-4.623280789847973,-0.34859810665940305,-1.0906373344004767,1.20240393223773,-0.1420685879838122,-1.784396938992541,-0.7290317843164255
MB-4737,-5.2501072110435025,-0.0736528108603205,-1.8175742311709204,3.442326523921646,-5.283817607471606,0.6546623975461738,-7.214746529584909,1.7242891169708368,0.2314240575591394,1.5977225284143568,-4.360900598110387,-1.3944711135305392,-1.3444869487218385,-1.0673539914844505,-0.6525168685505961,-1.5962527146359564,0.3952939099642277,-6.033955081105009,-1.251974636814795,3.6506255344959424
MB-4764,8.260752511396195,-2.884854725208194,7.78930850785429,-7.2709434267383655,5.883262915194964,-3.4782701794525868,-3.701588673862815,1.8728262154703335,1.4867764282132032,2.051527957961389,2.2052318158111315,1.1142994181467327,0.894074493949031,-0.16989233745321172,-1.7228545472680674,-0.5959030626694096,1.36760911362248,-2.356800915259081,-0.2956148669058614,-0.31078569145387497
MB-4735,-11.190645596082803,1.3030865598375234,2.5997735942589673,-3.1326641425934008,-0.5173413041950021,-0.9177400623466928,-0.8166348034474028,8.169007659682418,0.22627834370663058,3.5572935837167687,-0.13283536916245303,-0.06548026071635248,-1.3741892246639917,0.7860202421634115,0.1677096974980138,-2.377302142021343,2.904593376973713,-0.19065023114417798,-0.06697207034567794,3.2901352684394842
MB-4730,-13.204412462170676,-2.244806443599645,-2.678040661633575,1.1343250986351714,2.2707628765834476,-7.295206030474201,0.2033205540338522,1.7981494100581148,2.562894499129975,-2.6559079559693375,-0.785348068930589,8.249555501028203,-2.1412278114710195,3.8004000607218416,0.6120750164980625,1.5540183832881829,-2.305772622662371,-0.8347811230671919,2.990816548908588,-1.504970782428472
MB-4733,7.423308696263556,9.268659949689846,-5.146021261062849,-7.169072037364291,-7.111284572377913,4.139373170660566,-3.1324963636446896,4.150417410697599,4.077941100964287,0.7117024241279164,5.477741485665228,0.10840202243301872,0.6921968358073036,-3.727726951917123,-0.6662207147586202,0.5490416786954007,-0.4764819286542846,-2.3327960583876513,-1.7682262554188977,-1.40174956859109
MB-4758,16.69917614403972,22.589287869776264,2.275136932854169,3.5785506570961743,1.1494951502100625,-9.973823230946183,-3.9890281004906862,7.760573742655118,-9.471090411111302,5.184221311093871,2.9948413030604786,6.508682750657647,-2.3200987103159747,0.3115962400704025,-0.34403759317906457,2.5161624453923324,4.1041106641162735,3.6361443432478033,-1.805135343322928,2.8995702292054903
MB-5033,-15.854873400201505,-2.1976899996736003,-9.075168398340935,1.5144297914330962,-5.855520596130342,-2.9312392145318755,-8.438837773070757,3.847925555809235,-10.891954848526408,0.7212427353635741,-4.754172371928901,1.27234704536697,-3.6913539739203447,0.21344948756537035,0.8584439897412535,3.7079801102180254,1.6204213484885939,-1.1978705692267224,3.0633117019948988,-0.8895076495938269
MB-4741,-3.3838573294349468,-7.865012487500852,-1.3341141164916532,-3.91130564306965,0.029051415228813972,-3.2569960490627685,-4.0365043961760385,1.4180185860184793,1.6065463690472506,1.9489876347744444,1.1343867849966718,1.768599813056972,-1.9920894035594896,-0.8326979668134294,-3.142106381892448,2.538862135112199,-3.994315129871767,-3.6564286037471585,4.065859928283703,3.0108664171293644
MB-4732,11.770356297178242,13.096236203666457,-10.875425413373826,1.008860454278373,3.9585429153841862,-4.386877579075153,-2.7813553192805096,1.316423098069107,3.633854841296771,-0.01434004112972454,0.5440558972029715,0.6796186646719481,-3.6245468740574083,-1.8320476656133309,0.48590807056893337,-1.131070947626416,3.1605158543256358,1.4254330919545872,-2.3029729271317305,1.002834227007963
MB-5305,-16.33711283038076,0.5512629137944474,5.184737290412118,-5.752838104648274,-0.2797746830495223,-3.3570974540808054,4.880907288421669,1.4453832738326615,1.8543090238927202,1.9587556074158041,6.066198482416568,6.8540302174229515,-0.5255787764052633,0.516768641555892,2.7909965491180015,-3.1669941358707403,-0.2110325533178475,-3.045324970607511,-0.5807107807344317,0.9160492583219141
MB-5256,-7.6109865506789145,-3.873108136687833,2.575694983265321,-2.9608663837787006,3.5173768797408136,-3.1860871610697186,-0.9496446830402938,1.1005841354332384,1.4659006413988196,4.14547969041898,0.653801163061816,0.583532470367556,1.7152888060952287,-0.06271680783176574,0.9093786994487947,-0.10489698821776779,-3.5333420058627647,-2.2993564614437503,-0.3622984336492063,1.1048543256237067
MB-5273,-2.3583983414563425,-5.061261776564045,-2.8308730949440735,-5.7946438623651355,-0.8592297736662561,-4.479409719692988,-2.9696057583921682,1.2543962524705126,-2.340806228013479,1.3344082993739628,-4.291351933033105,-1.2344740894096242,-1.8933354667006765,-4.271944601532464,-1.6010175676007616,-3.7821950809170577,0.24662190618997418,-4.730522883168147,6.057526609816645,2.343210697396561
MB-5236,2.371718136696363,25.735282904205096,-11.108491884056049,6.47559529094174,3.6357751982062676,-0.14402456940897695,2.0181185611392443,5.864520388571944,3.266249265038464,6.378094394693742,-2.7531237232981125,3.214838903760565,-4.167977048071181,1.7603441305411947,-1.4293531110349478,-1.6543239430074674,-5.515571006931618,-4.1060913442425555,5.526264507398097,3.8225013713892952
MB-5238,8.785338306635117,7.7205737262524545,4.2645637338656535,-10.77321177360093,-0.06176607110326803,5.37898325231761,-2.50064037314477,-3.622571210840765,-3.6474966442263,0.8926090422642011,9.705043577376113,0.30920018603047744,-4.183107086601485,2.1057398301263905,1.0644200145661873,-4.826788151574899,0.45923633353834276,0.9657064749581314,0.6331956997681998,1.4578031349395084
MB-5233,-26.853018474405268,5.590667549939,-3.6627345265601714,-4.889010995235999,5.4521381229842,-1.7716951255851228,-0.848956250839214,-0.22233396094093227,2.039649822548618,6.595016572105559,-2.569137795004342,3.1298966289642127,4.567652907101114,0.9379828706335945,2.9550131543845923,-4.905296911112984,-0.7178596133820081,-1.1546219764826369,-1.625898157553196,1.9867079852626217
MB-5244,-16.900632338869876,-12.181975064794331,-14.68673742541624,4.164845506211763,-7.951136077669749,-9.277917766320224,-6.100080673218301,-0.12754688715585466,-10.813059605314308,9.605372358762462,5.578729005375042,5.57705573481775,-0.4788554298252967,-0.7841256893773262,-3.9438248513744196,-7.359697061627782,-1.9314257979995182,-6.605296559864847,4.406150684562412,-0.5763593331250157
MB-5253,-0.6375783788736945,-2.6660704747396027,-1.5178258691768451,-5.41651906693048,7.702112528506577,-0.905056724940787,-2.642843702206891,-3.157295909935063,5.169326152261265,6.848136257828059,2.677290845861004,4.594327232739162,3.6411144091873138,1.4224426048611314,-0.7269133844666753,-1.2472909600350437,-3.045216235379131,-2.1409085362066675,2.643205528756901,-0.24096359706955767
MB-5260,-13.03958418369983,-8.509836216606706,-2.623348583566287,-2.6231239471049674,-1.7687196355193162,-5.399460025988836,-9.670004806207842,0.4093838109184525,-3.0922814320489094,4.323505307862,-0.396030507946526,-2.210245338616251,0.6698754503830321,-0.21711679974790504,-0.5320518909620187,0.4102757940190298,-0.28075895094941544,-3.535928963647765,4.773077116563985,6.42235900311126
MB-4998,-21.191126021786484,2.6026695345143254,-0.3444210348703888,-0.2300331029190666,-2.8069597862657694,-2.5724621510080525,0.17141734348936793,-2.082724299396114,4.3426580125389895,1.983962793960671,0.8960888288280827,3.3648502133655063,1.723678706400234,2.696339052150544,3.6039614248884164,2.650137273714314,-0.31579712211743977,-2.327054682787369,1.9956847101198234,1.396407007904515
MB-4993,5.3698571082390085,6.144160811812593,8.46278646368935,-3.899128729222599,-0.5085869135187536,2.8224574398728617,-6.276731521642691,0.8124348065723425,-4.588092090648165,0.24456225135508167,-3.4786744292345624,-1.047561478629403,1.2989110189149051,-1.0891267736160233,-4.444580332390465,-3.857781709037396,6.433525656796552,1.7319114427892814,-1.4590177202104935,1.032934865259311
MB-5001,-8.463944195759844,-8.792826768435413,-5.511894979186066,1.088069049993638,-0.18393790696970022,-0.024060992299951272,-5.752249981385214,1.1025851366617543,-4.172331048727556,4.24861544288525,-1.191561837974359,-4.81366997355062,-3.8109498412343683,6.260204229082467,-1.5424584908369434,2.7590876227302226,-0.10704007036599636,-0.1938219135160324,2.3106541364030218,-3.6068307915090996
MB-5084,-8.770655036233306,1.3648593984021284,7.953946017769257,-6.814895815740636,0.5927026450344266,-0.9565786345015302,4.133432408291353,2.174952472226896,3.213578286672405,1.492312542591641,2.96354182370862,4.241846523853462,-3.5180371990883135,2.169539433258647,2.964070181388291,1.3284260716506695,1.381382618163573,-1.6699607021676819,-0.06919249378100979,3.395763605949644
MB-4969,-13.903361082336765,-3.336247297198618,-1.9116599851681766,-2.66517561069441,3.2678013886583814,-6.853658391652858,2.645170563638945,0.3867039608778409,1.5144204821773384,-1.09715574231428,0.9370190946387487,-0.018246799887730175,3.608471279625484,0.42746438954255817,-1.0736500824333746,-0.2091184810736339,0.2769023825560218,-1.5118231986514836,1.9996151449002615,1.3357843964729736
MB-4999,-9.50149306849661,4.557553193162787,2.696284819489324,-6.299671727891897,1.3022077367739318,-3.7230803364272425,-0.12776277876258077,2.559726803824919,-10.23214456242651,1.2772898577740321,-0.17873433232078723,-1.707555080378163,-2.8067656571143353,-0.2679693249591407,0.8207884736622295,-0.9706960142608405,-3.212876416861227,-2.296466633087116,-0.20746454065729034,0.057119421611375634
MB-5011,-4.87628227384549,-3.8711895263568112,0.2469715891486898,-5.349055175739283,4.959143680095708,-0.25542720299133365,0.33261919362705833,3.26875261058643,-1.884060298438545,-0.4366543851836121,-3.5865662849288587,4.609097210549236,0.27931397325000107,-0.15062654129937192,0.10951655824850311,-0.17628945150262576,0.32890425865329403,1.7544778257574456,0.866804900820839,-2.8041200270020537
MB-4959,5.089121801796386,-8.09402221148886,7.243397481191411,-6.39400359393432,3.6824808196541783,-0.9555331808523282,-2.404786770108947,2.53279837170299,1.232069348752936,-0.7987706958009229,-2.4290940909195116,0.9962180373373042,0.08764006184082195,-1.6304897225289803,-2.6794825201194543,0.8737619326265021,-2.0925628727038394,0.25428673034367777,-0.8459350077567491,2.388245670228262
MB-4599,-15.63163445525894,-3.6767135669019084,-4.763757578969849,-10.409828152244271,3.900337519115637,-2.558720437371279,8.634828558809957,-2.364565545495007,1.2246448810893498,-1.3110628767955261,7.299972166769805,5.684857726703362,-3.353300865369905,0.3470581681619818,0.04294191786289636,-0.7302411378671285,-1.1057270849898855,-2.712612997191512,2.987604513861866,-2.4528281882205514
MB-4616,-17.428010981522185,-0.5083815571496254,-0.31352296858864415,-1.911832283291803,6.883934682333095,-1.522124310378362,-1.4410474908515583,-1.877421767307885,1.8337971519503062,-0.2976696474866618,-5.835538631900684,2.3932655391567814,1.1777355621922991,2.813024884650634,1.0173027236349204,1.7563910544393226,1.1444930291854807,0.05329307162054868,1.0013384856900167,0.12732920451463903
MB-4623,-4.615315863052373,1.3954745265146893,7.746098470616526,-7.232132838646426,0.8726235646351812,-0.21053961080000194,5.45685426986992,2.2518635156253115,2.2138731864748475,2.3893924912688735,-1.5333107004456477,-3.3031150787446504,-0.9828559486602717,-0.6176221136529819,3.5635066380990117,-1.5450020799569681,2.790010240800504,-1.489104059998089,1.6397140829489805,-2.389622369675675
MB-4644,-11.611595945163021,-1.2436204548377945,4.097409241708081,-4.556779637312287,-2.1987236425700094,-3.831039992892494,-2.5658777805312187,-10.183620110776454,-4.27294150403121,-2.3234113691287885,-2.5413621016510666,1.541661843726475,-4.540883781026775,0.8988871368491748,4.401738940514777,1.3468569584785484,-0.8746822151605095,-1.557070100823093,1.7203733019023157,0.5523217782772974
MB-4869,-7.438057166073487,0.32621565343291303,2.4783553681272585,-7.973579668615085,4.336253373515436,-2.0734774614268496,3.691047708884665,3.671759380988199,2.036461987211756,-0.7855410807033973,-3.4920056633283734,0.9518741531187883,0.9661107457464371,-4.681962868993117,0.6316820305150365,1.6942202220791334,0.26377549787427373,-0.4616886871828145,-0.957257413232703,0.31211434302034013
MB-4878,-0.24593906583408737,4.669613671653768,10.113696206481874,-7.954743836717978,-2.0744420548439195,-0.8339279836573176,-3.8234229291765276,-1.3062200554327243,-1.6751173569124642,2.644082813070699,1.588642838715131,2.4880818560774443,-2.0540294661854643,0.18741640216862093,1.5245487865273244,-0.25905480854228513,-3.221859676590964,-1.6833561870531921,-3.4390636587332137,1.1955318057531006
MB-4851,-9.67464654070426,-2.3957922802443625,-3.0906295191453625,-0.7126031432719888,3.508224661229324,0.2896315119591213,-1.9429125844926387,2.6886756193515673,5.531674382197175,1.552360574581939,-0.7850319909332738,-0.21498622796635355,-0.03915018958573376,-4.400799720497964,-1.135903781719501,-2.583136538914263,-2.2701852886797873,2.5201461921612145,-3.9942218768187696,0.9671136833131504
MB-4233,-10.56248401483434,-0.38796272829488,-1.2535302186554143,-9.34568685273111,-7.732226877561703,-0.7790984375004376,0.2108175906108747,6.029909783732635,-1.2131792361918923,1.7689765193678726,-4.7459821867613154,-2.5125697692625053,5.331203921060558,-0.4028051152688063,-4.597061163700258,0.9989857785604321,-2.842922706672129,-2.4746776467960943,1.652907084749657,1.5990925122976063
MB-4937,6.239823419904044,-0.2731995760806051,3.997808582357478,-1.6137780308434302,-6.832987361718035,-4.553913342967293,1.3473407718976107,-2.4153369470082775,1.9086967838327318,4.408910819523771,-1.8626729301346683,-5.660905628838338,3.181245530790288,-1.510093550349376,-6.554920657539114,-1.6655083290127484,-1.8238844435495987,-1.9020262088177857,-4.82856496324719,-0.958084557439012
MB-4934,-6.719491295044971,-6.259603527880967,-6.279573649129271,-0.18476380212817836,-0.16882861375438546,-1.2424950837289677,4.583775239979382,3.065623438745885,1.916753272294148,1.3354704325885227,-1.1928463278182189,-1.5619410089013686,-0.0952983738267944,-3.757521990411421,-0.4612195291936302,-0.11501565916371402,-0.9373195271503817,-0.970619798175372,0.07992209173462546,-0.8812470155234828
MB-4899,2.517200663364076,-4.197260762565782,1.6381207522199916,1.1443912973187014,3.32183277401007,-2.8758915827756875,2.085737390727443,-2.1099968614807363,4.872262062663699,-1.9269154813926672,1.9921422493692607,2.353186199410465,0.16253882908153053,-1.49722832260327,-1.7527366717449195,0.025696339294325948,-1.1961606688584328,-4.823104502314681,1.83383386036742,-0.9104485035550091
MB-4912,-10.359467946860558,-3.1257760234452086,-5.8782941428179,-0.3339169734268251,1.3801637561460287,0.7715370186565128,7.774029374533005,3.882299383527226,2.3052577152367255,-0.5520501376849791,2.2752976548235706,0.494570634949406,5.162904397484998,-2.053913928745188,1.194795138187459,-4.727080115034888,-5.9670593141265185,-0.5696070083618696,-0.6977298333920783,-3.4931726190438486
MB-4935,-1.148851668266713,15.194363953348462,-1.3868014719518549,-16.32193295806215,-5.164659987525494,10.321240080527803,2.1378941041572417,-7.752009525959382,-0.5362482595352753,-4.083070317903796,3.471049346802837,1.2046979273063179,4.652320341816822,-4.118012585561974,1.5287494352032684,-0.07824456124696022,-2.5036040859417596,-0.8254432557505983,-1.448268309701827,2.536411029095416
MB-4933,3.713599290688765,-9.244927033828626,-9.126712862572074,-2.4517305251888373,-7.644322580471391,6.700544729863121,1.6024415237175316,2.831134739335337,-4.006416473482576,1.6119951438784426,1.2638842135974744,-5.027877464248244,-1.4669684240052319,-4.909359956916777,-1.9342178830698165,2.8336202089929237,0.4681727521966917,-0.7318914136614612,-2.1357754150319908,-4.895077295291087
MB-4900,11.109154571450345,-6.121759506837049,9.07931747044244,-4.297555449357221,-6.564101336723384,-3.0360164790689437,0.042653552171251934,-0.7688935490779003,-4.996143704460229,3.1497825749888424,-6.35586703081396,-3.943809321285882,0.8930584535349817,-1.7669771647934724,0.10138339956272956,-1.1102679658674108,0.0644314162445605,-3.4687476393828085,-2.8761852879956695,1.7104224235169874
MB-4941,7.738807481555078,-2.1557543074033627,7.102637187905955,-10.233573373681448,1.6744496043459531,-6.513047097728227,1.8465457076037988,-1.774982157095373,-3.893716159676856,-2.7933956592979485,-2.6253315373123,-3.4377686533068865,9.83656793424434,-1.867820508859248,3.314401308230194,0.7370444740156996,-0.55271442642428,-3.1175330489522284,2.4462215802467773,-1.5020653882464816
MB-5221,-6.556345450766577,-6.098147245847652,0.9065253551378475,-2.7057532839783214,4.525866175155399,-6.342528025029712,6.268982397651315,-3.204996862656218,4.017485036367481,0.5367946123941151,2.13516280055874,2.9358623694431114,-0.8364591018242729,1.2781439106481531,-1.7061220127978096,3.1449456077694635,-2.16283785693918,1.5895558751977736,0.6419120215356127,0.3444846754120905
MB-5139,-6.0311381478119035,-7.003796731744735,-6.886503970384821,4.33102942478109,0.46594696966595445,1.940405051482826,-4.834525059893616,-3.3593744025967553,4.393287586529029,9.530066202834092,-0.7745717145448635,0.9083303420448343,4.317289443554485,-4.529134525453819,1.649052656812992,1.9283138523172096,-1.4791444514900887,-2.9966477342254545,-5.416483636806635,5.426315674820475
MB-5222,11.029372108198633,6.750746570039345,-10.950840500948798,-0.28052549453982173,-0.04266746392872146,10.609545589829606,-2.857342646283161,-3.1873273855462534,5.880442374280913,2.3693057803444257,2.272614219535995,2.6584685941087782,-2.109664739891901,-7.096367896554936,-4.931297783858352,2.4208265115853873,-3.8214376131222467,1.3318967304004898,0.40911913916307036,1.6184884794552208
MB-5097,-0.8721675329812582,-4.8043790714243135,2.88960365397263,0.019282522163110067,-6.235882821509174,2.1387269921306156,-3.1694779721847435,-0.6903804260779944,-1.8878767615174965,1.4931455326320855,-3.3796873021714284,0.09477832034926205,-0.6562453240646423,-2.7909648252824497,-2.514473989765737,0.5406226924609016,1.7244145319731077,-4.128534197230022,-6.483986439471082,0.6632621677217474
MB-5338,3.9882863258049426,1.3177391559458216,-0.7415861226388688,-0.035360851857318076,-5.222459212839012,1.729929584181091,-0.21480765817122757,3.036025343600699,-1.325709341728865,2.000179055202709,1.631111118904985,1.3643857937942354,3.5950029587853245,-0.7188146231973165,-3.500018801980164,-5.743564354085524,-1.8826696242452547,-1.827674339084329,-6.425351317101147,-0.17125211018386155
MB-5315,5.774209874754423,12.017520242505213,2.4467912794094495,-7.247742481795793,-0.3958785662126403,8.607149810911157,-2.7382056945568585,0.34947959682838703,0.8668742778420925,2.1337954597771804,3.4442510348795516,-2.337959735742073,0.8835698955119273,-1.1483538819664258,-2.738254077241142,-2.5092575925588596,0.3323285102425635,2.683320259430191,3.888919216830386,3.3767894703500434
MB-5195,-3.262272636102775,3.907991078915911,7.617662508823364,-5.892650834444388,-6.313304484341243,0.6009592371010604,2.936514802130929,-2.8338490986685216,4.192547216715704,-0.20672043562166514,0.10939839547694481,5.411065641011043,-0.5779072613222924,-0.07215278185995606,1.653794242960574,-4.926817373177794,0.721032379117227,-2.7086626517660974,0.5394120978899211,0.32014307130215747
MB-5226,-4.1214281683909935,-6.498475038614259,6.465827030736419,-3.7584402577310727,-2.784263502502044,-2.1493950136682263,-2.2080771484021477,0.7606114747425176,-7.906361714567427,4.856418697741982,-3.983869710376212,-1.5311793929773263,-0.6960261509657141,-3.734503532254239,-0.180560454396152,-3.9607301220549127,3.398866541198202,-7.231105532821863,1.1906770466256467,2.9613741703523164
MB-5232,9.821175198239562,23.709805740105843,3.5861574951564084,-2.7134047401559207,9.243400799110754,3.5492801276637986,0.19524094405740208,0.20840356550682496,-1.9553640351622312,5.500239034219667,-1.114756833637764,-0.8091873430737442,-1.249137804896394,1.080942473667863,-2.942532438383644,-4.303305645079052,-2.420872483961194,0.1692077492188359,2.9825225061770415,-3.3926630876374997
MB-5160,-11.288388990602668,-4.228356349009388,-6.280576681173465,0.48947739871817453,0.9475829803247248,-3.9155299751635972,4.0191741699972505,2.5791359852886946,4.370789867220597,4.259192613956821,1.4888329968280982,1.6199959496839658,-1.5840937366702363,0.06887822707531881,-1.6865892010483652,-2.308410328317624,-0.8753701053214252,0.9912346816415554,0.5194301794583591,4.116142664953534
MB-5126,3.224783973913491,22.62536296300241,-6.712735034867304,7.154143834989366,4.507440739088384,-1.8155764161908208,-1.6397614466882995,3.402268754716432,-0.7702513918219176,5.800722512546304,-1.6005201453443,3.114023497898288,-3.4990974405196695,3.895176206189963,-5.022989276522754,4.436030625115714,-2.1753789156190178,-5.202015409113482,3.028236993934443,5.336307722169596
MB-5124,-0.5032805778327648,-7.120753049409372,4.611988154987855,-4.722434324864716,-1.186037018470397,-0.32325094932792836,-2.2793830975788034,-1.9377922040252966,1.7563311415151772,5.795398543888463,-4.1106920202365576,3.128515191139582,0.6418255889328255,-2.8957199488683196,-2.2713223740848356,-0.07056593859612588,-2.532258956161539,-3.9864747839910026,-1.0471738909688897,-0.01172133978126785
MB-4855,-6.544500627506406,-3.191047008585308,-3.719914273829025,-5.107830808038658,-6.59584723827684,-1.9697080605642001,3.7008543401515874,3.4933210118864277,1.1069298716359757,-0.6332543840704377,3.9257915033065443,6.636676963134552,-0.5263302307712362,-0.041521305284796244,-6.088685693228799,-2.554916340585303,-1.2352114635251399,-0.6751987355135214,-4.622038514561615,-2.420884517778611
MB-5279,-15.570973622418986,-3.1878406656597433,-5.524568379163876,-1.0952349011860776,7.604688417805555,-6.036968442702419,-2.989651851315166,-4.244553162941818,5.4469447428581566,2.9941547261956676,4.55800832791326,4.601706885262986,1.8793988669693757,0.1892682786286934,-1.6894841086618193,-2.8925493004289065,-4.6271428201722715,-2.967305767618985,1.9482159073115708,6.093002061234062
MB-4173,-9.231628853660938,-6.0457375724729365,3.1913565440108274,-6.63028229173833,4.257041354188128,1.433216273135267,-1.948024835205011,3.1207576447539216,-0.835944246765423,-1.6075679272218604,-8.014560450656472,0.45713568378155517,-0.9373009766209541,0.5352144356127289,-1.543040777965468,1.2010843562345692,-3.070325778630554,1.850992813640077,1.024204179606599,0.4427195438809925
MB-5145,16.365718910166954,17.227541257172962,-2.83570733784066,-0.6665823189125657,5.557721669880227,-0.2247663089603041,-4.772008769884697,1.400431348810334,-5.811740241796483,3.207941401576305,2.0162904748286223,5.662488042428393,-4.080660171661514,1.3147757918988812,2.0433982678081812,-2.5559092635697267,-0.04561503854649433,-1.3509311480643862,-9.018352866588906,3.9994932959644642
MB-4944,-11.6293305012532,-2.2542889225705838,-4.872635385886981,-1.3289326303473115,-1.2873906645209312,-5.841401761922286,-0.19044816964146385,3.7059330133262796,1.9206605602968752,-4.773450561715031,1.059605385158938,4.9946486024774925,-2.6431669518537966,-3.232271301184631,1.0414031518202502,0.39519108585128193,-1.285888013985794,-1.9344007004684785,0.9076529030804749,1.2308968840788987
MB-4961,-2.5410438897797034,-4.5644743989780485,5.350945788745015,-6.574855240461034,4.1960810105547095,-6.729944168164018,1.1510295578775411,0.3169239551695072,5.89112366327315,0.057525994755458665,4.781358927088016,5.1632773590587675,-1.0471109170188209,-2.2915180175428467,-4.9054621357582535,-1.4295284401148425,-0.049578900190300264,-1.136183350739763,1.1583482308195119,4.070253787039332
MB-5121,-18.23060027634274,-2.5236491314294676,-4.712619629435466,2.5085965415995934,3.665456099336007,2.473330941666306,-0.4683294826501636,5.77312943129394,-0.17544847587719836,8.017654300453085,2.7090832293537637,7.028962689936647,2.641811167096441,-3.4224373215051815,2.8409135188245576,-0.9011406438018895,2.595631558480399,-1.7899039835362853,3.826720607680861,0.5437207179396129
MB-4956,-17.038634317444746,-2.6398000987982075,-0.4971893341044718,0.705926618702644,-3.671793395268792,-3.461949766299548,-0.6990134612135607,5.026853581020387,-2.215817696880211,5.357554652867658,0.9351984902056582,2.2540810629378867,0.3861236255635432,1.1935242875462395,1.435596433098201,-0.5819645537467883,2.7328076185334953,-0.13207313327773507,-1.1666059584144668,-2.7631304900538205
MB-4886,3.0538699088394554,9.722981372609699,12.181409242301699,-9.534140266692107,-7.916329507750811,3.5448710272753594,-9.537839470804347,-3.723864625832191,0.48733169229286494,-1.6254681060695424,2.1207673029687104,1.706625878290744,-0.14639396426549278,-2.9733374736375224,1.3808921726869916,-2.981467132545913,-1.3451562462161892,-0.8266786358031292,0.11695531929965644,1.457336690716137
MB-4950,-3.5541622182907786,1.8235918931523774,3.266760987769179,-3.647890136710465,2.6358218074715403,2.258154318685953,1.7376371683228682,5.345356991064407,2.326624894326505,0.7421977502234379,1.503528436549388,-0.7592183072419452,4.346303993894927,-4.374079485940639,-1.7501841543521865,-2.2429564030673417,-1.5412400095366074,-2.0125812147781783,-3.799913092790411,-2.1834631982504225
MB-4965,-10.356965156024541,-3.395170765674063,-1.996522616040238,-3.9924223019782743,2.022390929746662,-4.88010794714331,-3.461783153377289,2.6956434512350578,1.7473430067542308,-2.704318172387454,4.395727552284926,-2.1478862400647944,1.0422733780734172,-1.616077285786857,1.785114694036646,-1.3193043114190703,-1.7028961311132726,-3.298945851259586,-0.9867345461585824,2.4230880868641864
MB-4962,-12.19648359694778,-0.19577486036790953,-3.033934010182113,-4.847015636036906,9.005709791889085,-5.039362906390466,0.7212792865909796,3.219681899241818,6.3842440381907295,-3.4649107448968968,1.5662078922991025,3.150104512701221,1.679804137291976,2.085584927891873,8.693015803058014,-4.1297354610593695,1.250005721913953,-4.07136290525679,-6.683434833353534,2.912076719219377
MB-4952,3.9063913480546164,2.602959974916145,-0.040142662722791704,-4.336080747060854,-10.617637649877432,9.396970778327711,-7.7617928461353305,-1.0524449261036883,6.266911310551944,-3.23196758561018,6.5346172477211555,3.5750531799108436,-2.158697053100682,-0.9069190256099238,2.6872521967308396,-1.0563679463155566,0.3900664489233315,-5.259566789207052,2.042005265231186,1.3359225025460668
MB-5267,4.787243988376294,-2.991312435515552,7.827762381560275,-1.5370399795283192,6.0159909232517705,-1.8355231585347958,-3.0114180883387003,-0.5182240606106637,-1.753505320793802,2.7316217408356054,0.33299558741215357,2.3904613453143235,-1.9772529789010018,-1.4417935709695526,-3.324070140800174,-2.108973533958296,1.9746920995749253,-2.760634999789029,-2.0365020402801726,-0.9427235896126029
MB-5266,-13.177753853720095,0.8506373496653863,-11.443953105338299,-6.543267449790196,-12.073619433541683,0.35336674249093136,-3.102483001970622,-2.450266466804626,-3.651770172625468,6.836189152143187,2.9724173921081505,6.416721751807414,2.635061134628167,0.6670509950574582,-2.415716862865201,-3.7824362793561925,-3.104480829013683,-0.7217915187648135,-3.284534731831839,2.0605775151236276
MB-5396,-5.281657987012899,-3.2407971076671704,-4.208209177939228,-6.196445312860718,0.7366560353216027,1.775072112879656,-1.364025003160006,-2.2953817436739437,3.536746157037696,8.182103197061775,1.650044177710923,6.628082193654637,5.665973852943009,-2.912973949334256,-2.6074595647520717,2.0821398598280116,-4.324671837597131,-3.89316023002964,0.8012775118974464,2.820413724327263
MB-4938,14.766279305515807,23.692814697516447,5.9407787405834025,3.646740335858341,2.9763974852923836,-9.597018325868802,-0.8627309713479262,1.621333564587189,-3.5133192138303326,6.379255144995156,-1.2488404516900584,2.635192253716457,1.8639873060344578,-1.9304751203772748,2.8913722619442583,-3.2393672291320184,-3.3020584495283276,0.10576475069266715,-1.6506407502652523,2.235269491383291
MB-5351,3.6245126436228032,6.758499770961541,5.985444957520386,-5.9616187398622085,1.2295832404325788,6.155558062962976,-7.209679261844196,-4.962508658520495,-3.146542577570749,5.4460221211772755,6.705589694272275,-3.3478382651489853,-3.116349770986748,2.2765163288612165,1.7175467004948273,-1.863657546109444,1.969640735571237,-4.170791674672074,-3.941006236624448,3.1129944663508335
MB-5347,-10.951015319868864,-2.6847683501180963,-9.113535737193947,-2.63225405562066,4.3624575588996395,0.7406393554858183,3.877182140715583,2.429290543202773,-0.9253597538090266,0.35046160650712094,2.7958322904832795,5.193677213527541,2.3206813410148945,-4.170915014933482,-5.623399281799152,-4.487548517300916,0.17020119640895157,-3.7329387664629174,0.8762520108267974,-2.418593429816789
MB-5312,-0.26050504727291857,6.919199307878913,-0.4089979582492035,-2.020146037698725,-6.268515943036566,3.7151909850005422,-1.168580958854228,0.2286710626169118,1.5629108357236914,5.557469963263419,9.057689920278177,0.5704994820227469,4.721032521668122,-1.7607497364506235,-4.073360762885095,-0.36659518537290725,-0.5622778385383714,1.8123054924695317,2.9234866190240827,0.23205537181119223
MB-5311,24.495631582444464,-10.926133893102431,2.45156363020122,-5.961610526711589,0.2500308873287322,2.5938807586056343,0.6224593666056308,-1.4260121638935594,-2.6561497454914647,-0.9461408955849839,-6.08545262471876,3.096353462761601,1.644227224196584,-3.778171879714281,-0.2608734765075832,0.9690392876230565,-1.022388621744626,-4.851317974765028,-1.7263672018495653,-2.202214891945294
MB-5284,-1.4891921045882135,-7.595621291275245,4.08422578643547,-4.744685433337076,1.6777209931177115,-2.8529182171494547,0.6899513975304808,-0.2492901162696299,-0.7450981827693004,8.89348630249023,3.5117364337152317,1.4180748449558898,1.6053145953401815,4.0424268040187465,1.3835319816324485,0.09031982780605115,-4.10311467322706,-0.5379531223746687,1.8833406096455787,1.5318159197543424
MB-4148,-11.717251435501199,-0.021764567706532272,-4.37830335102412,-5.206909859225248,1.3590052055220019,-1.1197586752497846,5.299016972301103,-3.722920172456526,5.143124146847672,4.318173145472013,0.5774506295697702,3.6503850137924547,3.709107720201218,-1.426832712707447,-3.612056831852125,-1.3356657209198228,-3.2465234653555894,-0.21521165451880175,-1.1523312570289432,-1.3129363804294727
MB-5078,-7.666732211286165,7.598997231643064,3.027837855550052,-5.202619528149715,-2.7381991850257874,-1.7859885159260414,-3.154767965955758,0.4477645836622847,4.392361942199492,-1.3235515954683292,9.240630336008007,7.973458632744975,1.8891615895999803,-3.355030008694505,-3.462050795969192,-1.9057748103934056,1.5189076092121665,5.460776242079524,-1.3773138153899762,6.224669301367942
MB-5088,-8.025093424406538,-3.0565483753719214,0.05157061573632158,-7.249001039050248,7.337529555281514,0.27917075971465716,-2.6314953354515254,-2.166349635168135,1.9300355164425764,3.924010591681688,-1.7726956962800378,2.2974584416438693,-0.02796567882961519,-5.3586192739151155,-1.2337837675807437,-1.7226663147339747,-0.4511344014542239,-3.720578324461929,-0.3115859458632058,-1.1814914937938925
MB-5064,-2.6865751186865405,-8.623643756815039,-9.122045825544005,1.6999630068992901,0.05446497994497131,-3.193257956712129,-5.140414728260965,1.9895108749355728,1.598609197396035,-4.030881501356925,0.6501423140024927,-3.4778614452521643,-4.92033132401743,-3.949546107737219,-1.1675554807114525,-5.456982159251433,1.6290889194277156,-1.6636325932645837,2.306247113059324,-2.0119826682953006
MB-5107,-15.050401886120492,1.2796610552408947,-7.347682655129537,-7.343947734815583,-2.145435626694692,1.6308465928799059,1.4245423013344738,3.5100384989240663,4.050936243772427,2.73511090067198,-1.1414982346814637,-1.1099062620435076,0.7485245920557994,-2.6171056934778365,0.19371141276158985,-0.21528293207758342,2.7209930241512184,2.067346508349957,-1.6310976373736572,3.3961182830601238
MB-5066,-2.755432357452996,-7.48263166948534,6.3138565126609505,-2.2888048117699986,-0.6013682460892908,0.5882165472951734,-1.3945470189085243,5.613478228348538,0.7105769949935433,1.4439960210101075,0.17245320498743752,4.848952477305705,-4.1000938530643225,-3.34977080648668,-2.3391177326132846,-0.6204597344804715,0.0038590375755213173,1.2392011268197693,3.0871863381329057,0.9767484515744018
MB-5068,-8.487590452813615,-6.893705951685826,-14.384353630973852,0.26076865839113955,0.7144528937216723,-4.576257127313982,-5.0374528413462665,-2.2514302857797173,-6.209635573530942,-9.76999787237316,1.2088725074979334,-3.0664540109815124,-2.3625817410685244,-3.2900756676950373,-3.544888219314075,-3.517599151752937,-2.1029979968730355,-4.0714378825602155,4.727710562178483,-1.9539516545406108
MB-5061,-1.2060569875257856,-11.057139494648599,-13.246977181766963,-6.281197030706377,-5.71392322038272,0.2148496220565959,-1.9940113645065083,2.8959500014888593,3.032628850234621,3.518793700220803,0.8819116484713384,-2.97845863462118,-2.4212830044811757,-5.992152434091561,-0.3320505165342526,-2.327215565348435,1.2226552755628686,-0.3977595812746365,-0.01902673081705294,-4.758197906049894
MB-5070,16.13783345782191,11.861788984421679,-3.88570169666834,-1.3723015035789765,3.837261205628994,-4.968564080850327,-0.41206892271251405,-2.134882704135644,5.2514459303059375,0.5548423577149684,-2.9200000828828196,-1.051929668389501,-2.5197070446503065,-1.7278351202921465,3.3293087112432547,-4.6453039085262695,-0.9875919755221223,-3.208433778613575,-0.7215483870583885,-2.7055419704105494
MB-5059,0.5860939754645543,-4.085361353290418,2.3262408024541372,-3.4797093515545465,2.748178386688006,-6.583152251398099,2.6712651966924033,-0.3124370569213531,3.6101003296107135,-1.1186772224586885,-0.9519907131252342,2.205858532632678,-4.883328105902551,-0.6792808033397391,-2.1170478053460626,-0.9868780139844973,-1.1572659608452311,-2.622263183934168,-0.2912724563207029,1.230823246529831
MB-4266,-6.701764933341546,5.82699013574324,6.6120545722618775,-9.712027899005834,-2.963248285399033,-1.132528635976018,3.970376004447795,4.93893482131239,-2.0933361235178074,1.2049090214355744,-1.3262771585140645,-5.376765254639748,-0.6254546257452845,1.4367326859343028,-0.379193019582259,-2.1450244881211646,3.416531450322894,2.074726028315872,-1.9163101090461,0.140118218813835
MB-4276,-7.289998224242425,13.03790944916319,9.126338018131792,-7.419701931857058,-5.768738304620121,6.313592111161957,1.4444634864607462,-0.18664913063366786,-1.2339878905668482,-5.250202404018932,5.78639634247715,1.0398303516087641,-0.1077710810118533,0.4908826248905517,2.7752942647590846,-4.4522389446191495,0.7493951839601246,3.603663175682186,1.681437494339166,0.04294392752682457
MB-4771,-10.367538249581084,-3.1530622812959823,2.192998935747543,-1.206265457521904,3.2765397528029307,1.4502981999466533,-2.066477106687299,3.1307855195121155,3.3385985420521043,0.10445794499428712,0.8861379485618579,-3.334258140122002,3.4233135200236413,-3.750211628402553,0.19184215896940182,2.38752137466976,2.677825624469568,-4.390430472381614,-1.5770625973723704,-2.3007257178239366
MB-4739,3.9145114378401598,-6.7830181947219526,9.063536200276454,-3.1135857234775965,0.4519892538451649,-1.7652823912570081,4.789068495131871,4.992103251089868,1.912957165634459,-0.8039742209975911,1.2429016639298094,-0.3518440787179389,2.5552590795039594,-3.7933407964371875,-2.6574203609831573,-0.3764647681162944,0.4767332121047963,0.8971966881592814,-1.404320134149158,2.157777817457016
MB-5331,-3.866954912718743,1.6463953683203572,9.919047150796978,-8.037696408824939,-4.713078811197608,-2.9406973190933225,-2.7649403275624427,-3.2888324237710953,-0.23494173281087533,-2.2890278119529905,6.448295428466815,-0.19137580037582969,0.652089015146571,1.6374050252488956,2.139647830354552,-0.04740029716758539,-1.8209675948968473,-1.47355583746097,0.08732707274644262,0.5630535073738895
MB-4743,5.392827056097569,-3.305263398160944,7.287651046200869,-1.1226998195177655,8.937522873661631,-3.802773362244294,-8.123633896337681,1.398469601219613,-1.2878942562003848,-0.5656488552160124,5.176003551859145,-3.2840985683721935,0.13992152243445594,-1.0694839465438863,2.1896675264786696,-0.2575860259928513,-0.6784691457758069,-0.6026961882878334,-0.8087407887454601,-0.047195565646364984
MB-4785,-1.1761688829292891,-5.469963168270939,1.0881630957398942,-7.106608693882132,6.096075345989791,-4.517698853048658,2.6353264150487785,-4.113541813052562,3.1521225733197604,-4.626979153258835,-1.7177533374115,-1.0177072943533896,1.580075583519065,-3.8465557883994896,-2.838239619564509,0.3454660393227328,-3.834492150261207,-2.317665879582416,-0.8356539248475032,-2.7481137881292397
MB-4778,1.6503738140253168,-11.8517720897428,-3.9671312624005104,-0.2129401152468019,-3.2255898726794556,3.205759363753214,-0.9647062371749661,6.230440960677713,-1.4689895544236546,-3.5792121860741415,1.9543618541698704,0.7023023430889613,0.8419975932916182,-2.9702152910972557,-0.7387640026577211,-1.8943205752555305,-3.3125015348071862,-2.405190430924346,2.7113480600097657,-3.3818776741736953
MB-4763,-9.196987871801301,15.62761096885997,1.0491722266644423,-0.7994314067144012,-0.0038562097042807793,8.420880821814896,-5.730210592679828,-3.4618765972874592,0.608274969872765,-3.0135892957152017,2.541275690072383,-3.184539800426008,5.335506757117471,-3.852919464103924,-1.8818841010450742,0.17119089078970237,0.7271958757901729,1.8373109476898013,1.6311418398059405,1.9393462984036303
MB-4779,6.3474849564530675,-7.513516940915442,8.248182248808705,-4.930901590712599,5.430145752651196,-2.061962531576784,-0.1941169728827489,-2.396440504414611,0.0496431426274703,-2.739848007066658,-3.761096005873179,0.14538021670080167,1.4715317151435117,-2.774685167266644,-3.7902167542417997,1.5547609270177554,-1.684206510072804,-3.6117244832668036,-0.4475516144735345,-1.2469834966220095
MB-4849,-18.687841664514874,0.42253714828939776,-5.935814307706062,-0.986410270544055,-0.19250140699878507,-2.405214555050241,5.797754574743461,-1.5300253223757516,-1.4377948463567582,-0.9102470437936363,5.134069299818568,4.523943959993847,3.781000233019615,-3.897068926669686,5.831688357677606,5.59895122988062,-1.8671036722974093,-1.0122418741385115,-1.9231050474993296,1.046588058491673
MB-4787,-10.154863888383705,3.483368137033687,2.1042785369421773,-2.683512438368138,0.9492807282155898,-1.378505802292348,3.857632482208318,2.14839456247947,0.6921665943551523,1.9148141559445067,3.8619990884585023,-7.066035707629116,4.146901145570929,-3.784850637456214,3.02738775802667,0.34409116697805064,2.429941233000584,-3.0763399095219683,-3.7806211113081156,0.06822237641657553
MB-4767,-6.28283511998469,-6.916248720063243,-6.587554845995924,3.0916257150246107,-3.283675305036008,0.8007471320429389,1.6663389410798999,0.7227682770980028,0.9391973865074039,8.662129557816643,2.12760808121365,-0.8609843562186028,3.547996123643899,-5.120897182891477,-3.232561893019863,0.5086307204182244,4.861405472728003,-3.1695132325565036,-2.242993240289215,0.5101225071280046
MB-4784,-0.6454574639849907,-0.572052237190641,-4.383345256165954,-8.530719583441787,1.109562295254612,-0.6990909138637942,-6.9702230466181385,-1.5742585915828298,-8.656650166958174,-2.294977459964039,-2.2283498447943897,-5.878031010003365,5.568480688241778,0.2481586194315248,3.192722704807589,1.1415027912841496,0.6556020320745725,-1.3880905284963274,-0.5901383431600806,5.6627742214173535
MB-5043,-5.786082287181974,-1.6526814181426706,0.40580858177047224,-3.5067710842946953,4.6405372424811,-4.330617777989502,0.7253127691917003,1.0601520778636133,5.8864652331761,0.21206635506361637,0.2943418772359976,1.0990145720374827,-0.1740667465841257,2.4742936589179347,-1.299559911374162,-2.484443200043941,-0.9120480879002862,-2.0876336035941896,-0.7972711652795075,-0.038369391584685955
MB-4992,-8.691422199599252,0.5116496009094693,12.144355146890229,-6.047653634884624,3.2205582380176234,4.774442689582127,-0.2772138058305084,-1.2760794517631189,-1.6506892371218755,4.772072679694728,2.5900350303158906,3.6958958777186104,4.484835157573291,-0.9200198146536025,4.426520899140402,-2.937355696534673,2.079180573003464,-2.9447026851450335,4.130144055961112,-1.5719213404988082
MB-5020,-5.162914860911166,-1.8271176875553223,7.27793006735611,-5.900362471942529,3.5078705297189705,0.6746236693223341,5.097726249167371,3.698183095811282,2.906165799466825,0.9057162535525808,-1.9855581733478298,5.511559872625149,0.0077999530067083,-4.971362318733965,1.6679927855933478,-2.179591976256767,5.467808857343442,0.017025021990563334,0.4790431949996576,-0.2943692927402103
MB-5019,-0.38928317291887227,11.807301328334235,7.018763575239921,-1.1426696282550777,1.7317613545376707,2.4213687091853022,-8.16323743526869,0.37390131705550034,-1.4231659164653028,0.9314615835303536,1.8374485712838617,-1.6673822194530843,-0.5486156690226139,1.7943123060461934,-6.0422736446972465,0.3690475706023687,0.37248120827908965,-1.4033593938529323,-3.325868105040776,3.0030559688687553
MB-5015,-12.443433867202627,0.6698474896154585,3.089263020601317,-3.6432979003832644,1.1945162547192085,0.3535010791126062,4.717444417178023,1.6771101425987964,1.5173245809280542,1.706903895882848,5.6435455060113915,8.231055034999127,-3.0854315152378877,-2.3941863503343233,1.7947441345084565,-1.032669062790449,-1.6243547579832207,1.6985532943291326,-0.9652429263998127,1.2184209440401172
MB-5048,-12.297719180497996,-2.5421038669199536,3.488944807268081,-1.7173268923409488,-3.2230387635462514,-0.1348870578735698,-3.4779938812819298,2.2672381215677992,-7.3896092700701175,3.556821457892944,-5.468212803932546,0.12814946114366677,-0.19607828413368508,-2.9884075674130415,0.5895317107034364,3.6178531298257526,-0.6899848642557108,-3.6067074583083847,1.2182700769308659,-3.9235580746774543
MB-5035,-4.198649865287202,0.47391057101123996,1.1671891374836703,-0.25394530541097166,5.553614744889533,-0.9940509850879746,1.2186217061971156,0.24841698843026933,4.883080429766028,-0.8411367125688501,2.798015649211866,-0.4394556363009842,-1.9045311182664377,1.5652555354089381,-2.6673292783283284,0.8700445508561837,2.756277583776127,0.33585117398646375,-1.5522480273815356,-0.3821279751334403
MB-5398,-7.981034915790645,-7.824604607472869,-1.9730652334839025,2.8805303590238904,5.405588607151568,-1.5499670223324136,-3.846343305463546,-0.260913630766558,4.893439392125649,-2.3027196263136926,-0.21273725038007887,-2.748298144380416,0.0314604380647781,0.14643877032137778,-2.554417170093793,0.8732668403817779,-5.424532638870606,1.837275248454914,-0.8861087133235551,-1.2614573209921354
MB-5377,-5.013540147086455,-6.210812627235052,6.095351091125597,1.6541265684794226,3.8769748563697557,-4.731957661946478,-0.12440964153690368,-2.8995465947562287,5.886600021358771,-2.0464338904828345,-2.6253583732527157,-0.13281940127485553,0.5912091948260304,-5.599208108015328,3.2599186532516806,0.4259429803265832,-0.8084012678948711,-0.24628858327209355,-3.4282055821419997,3.8451554773425616
MB-5291,-11.018606667235193,-4.591436420838816,-8.427813660764032,2.961258278224036,-2.119404911415674,-7.140897698209616,3.1326587589731596,-5.048472000103174,0.8069114275542867,5.065817699110247,4.422669816134606,-4.671531990211446,-2.6743268124225064,2.921590071839241,-0.739816950798256,-1.7586553644103937,0.9929642378479624,-0.6254250413824141,-0.9856917701810499,-4.132840624400158
MB-5403,-11.804114252342103,-5.602534236130435,-6.803666514064635,6.691130139283517,5.9360319899690275,1.947135278208907,-1.8690084270620397,0.36120915756391714,-2.641851295408891,0.27620823546995993,0.05568459681376326,7.044571437249285,-1.9383231598266148,-3.6121523300432736,-4.7712895403297235,-0.6594155800395808,-4.490401525525258,1.4295205166561338,-0.5375073168740809,-0.1286820416119419
MB-5224,2.1409484163779435,-10.733820668516229,2.583108123513768,-1.6051406950088267,6.581535209323122,-6.651498085876604,-0.043988604842055586,-2.9855811147723306,1.7067678379483449,3.978144369616266,2.7569128912734766,1.985045191684592,-0.7111251127318038,-3.383233833241917,-0.8444953504557472,-2.5724283561858647,-0.431333378374076,-3.2741545774410143,1.5846623004992735,1.079575882445083
MB-5369,-7.034405907071822,-4.397378491222864,1.2235306419326946,-0.7286024386570772,2.812570153609384,0.05959138158552859,-1.2656326509488276,-2.1500811218120877,-1.000459329390374,2.1728419205833913,-2.1069466280387785,3.488929953773943,-0.46711875690727306,-6.827981579837532,0.48142599824095517,0.3395538997268869,2.0100051615685106,1.6457557077016516,-3.1010145251849286,-0.6282702336383511
MB-5404,-6.45079667712298,-1.721856474507808,7.14836099558482,-5.130623548893619,3.976247352670178,-0.6094795434193948,6.1382560412445075,-1.3668001049153233,2.7293756901120547,-0.42833502444017835,-2.962578712244023,0.7402225871901584,0.3313927780857805,-5.717344041828267,-0.9296527481116131,1.3149544880465094,1.155014120448466,-0.8325639558215608,-2.286234247630998,0.09136788201127544
MB-5397,-1.3264841070744304,-0.040787213897675395,8.467266368533197,-0.1974618905071487,6.312660830486852,2.586841206809645,6.669272494812223,3.2286588791492905,-1.0769570075934705,2.8871270738489674,-2.7890636960346993,0.3942018864195285,-0.5987199185661656,-2.6859887309391777,-2.648214327259339,-3.861319390522296,2.231572432328201,2.601607956989807,-2.075480185187755,-0.9648149622829598
MB-5378,7.615739594452094,21.324708198135585,-0.11759253295872961,1.8902960875530537,1.229876463245312,-7.175244470979299,-0.554416537114143,1.7667916006862772,-1.1261097343244304,1.157030718697645,0.7807759985884029,-1.9784268377513274,0.7253869922488236,-2.1201553101444133,1.5602627022178017,0.20255032083294155,-1.824864092096243,-5.005941413055986,-0.8531362366762609,1.2498657684789647
MB-5388,-0.7524891738935291,-4.554562707325891,1.758195894357095,-0.9832407711968233,3.2671757388781493,-0.7838067611341553,3.5955177759860866,-1.6424206275744813,2.7001238019887044,-1.2285615281375002,3.2438183442281163,3.7343602366040844,-1.8255589238068897,3.925010007664916,1.652628211331463,-4.366860920563369,-1.2317942945494356,-5.361507983980203,-3.9483891617613303,-2.14869129028606
MB-5395,1.175881250030426,-2.184689528913052,6.285145820980041,-4.948773683235403,3.666833565268722,-0.05459832832002752,6.952783780384607,1.5589789998029349,0.0005617639174182936,3.0998502579284555,2.460426140625662,1.7583010827227838,0.3319312799004312,-1.060091892770021,-2.075201261164055,-1.542319449486488,1.9454609810738572,1.2603006446347902,1.5330491990791906,-2.0624856006371917
MB-5365,-8.920125467813643,-5.446919300962397,2.5256810354812793,-3.0977204128294,5.437457694741437,-0.24087819702372953,0.6322423255759684,-2.7446170141395085,5.4291227749749105,-2.1531631738267563,-3.8609858086647537,-3.5130953344291593,-0.11050828850100233,0.32813880716524946,1.679393109840617,0.6842332097904386,-0.8475721142746516,-0.3939192088532571,0.9839684653415737,-1.774636180224293
MB-5389,-14.540956148290563,-7.147664302850064,-11.023165971657036,3.7496235587798425,0.3737330784774191,-8.179817830911091,-0.8255361718523438,-4.93569185419484,0.5701697867348982,1.8922947876185865,-3.1050964431232306,-1.2116096667485776,-1.7608242472478046,0.9202580263397832,0.9605764644942009,0.9536826025470702,-5.47545401710417,0.6204945042362372,2.986523450741754,-4.523568102286167
MB-5385,-20.073160424109258,-2.2323795103565187,-13.623283070956811,1.1564068751163792,4.179432410567334,-0.38148158368452695,2.6107424862534225,1.921292116909477,3.2571494770569456,-4.980518747649908,2.7213314845865875,-4.1315773103378985,-7.567250156422487,-1.000427057103587,3.602297525442743,-2.3911039593921557,7.71261503798944,1.1601635423012178,5.223897315065736,2.1815096697592713
MB-5393,-22.89943696331818,0.44065981685020955,-16.75433766518243,-4.024097438654516,4.481353880517952,3.1599906501155735,-1.2110347399047972,2.9827629960997095,-4.972643738857195,-4.262502287764881,-2.984491622840971,0.348894917787681,-2.479186529160581,-1.9613543830705562,-1.2112147902788362,0.20123538019188367,1.8116269893564048,-0.055868698010054924,3.710256575101306,1.1882464358808986
MB-5289,-9.87003794506875,-1.7407359052874902,1.6961565072430487,-7.269877157780125,6.112577687160897,1.237293145753644,7.090315319065024,-0.567682885944675,0.2554719705579685,-0.3985695712956223,0.9432516706953428,0.9609701786808522,-3.297323152448991,3.3075511632229526,1.5468057226756495,0.42359969219725785,2.056006832192514,0.4849794355749533,-1.550314428209474,-3.022316859197105
MB-5361,-6.7599082501240035,-1.4418365292204913,-2.3851976538977904,0.28399824020603853,-5.846033391652162,2.75947615354599,0.9271287531895644,1.1232358931670834,-2.478365149646494,4.259867980962262,0.6367371216940624,2.1041040470517918,-0.6865685005459108,-3.391207983276792,-3.1694259649037244,0.19300251586462008,-5.930917889524119,1.931663474841629,-4.103535634266016,2.905410438385394
MB-5392,18.44636984707688,1.160015765043883,6.187775117391139,-0.4061707566835258,-0.7409118837963334,9.613379062555877,-5.028063793183427,-2.853916053905797,-2.801687217367292,0.9918830202238964,-3.1898163810937916,-0.43788670850059214,2.8829780789486037,-2.5481071894033134,-7.1566073051178165,-2.135140878014205,-1.0824896569461042,2.40923866618369,-5.083963419373477,-3.898083276243389
MB-5147,2.0206923223797855,-3.3016371730095715,6.517769123838728,-3.619975960605162,2.7389101406504155,-2.5560669410659353,-5.156417500674999,-7.00404571067227,7.172339909825877,-1.5965208574770813,2.63140252672131,1.819208997490662,4.125096007723159,-3.8355729938086105,-1.7297886586142055,-2.6794328036983632,-1.964746205198981,2.1841808095349418,0.5689038789185912,0.0027589966249648504
MB-4140,-17.847608856159454,2.3287645058222206,-5.53508389814229,-9.100219508545248,7.6335604474092715,3.6671635672166096,9.260206504288945,0.20490528349273035,0.9436214532680623,3.370280982162245,-0.09347113511683115,1.6099315439499247,0.2296439714325058,-1.5328593682342802,1.0412109152610614,-1.814249520431859,0.7913062120373409,2.0452647277180365,-0.6089769997628127,-3.042945943430555
MB-5138,0.5419888236855547,23.789646573235547,-4.163394294121402,-2.1364221626176616,5.867048085751804,2.855218040728802,1.6351191652141064,2.817161655550007,2.427139942607666,0.6788319200986455,-3.929514620218845,-1.9933153604728924,0.2754064884108708,-0.33529348618273713,-4.379777142858947,0.5951472516426639,-4.214439426778792,0.09456872262569911,5.860890316260642,2.247231352047116
MB-5123,3.5415123813580993,-7.843766426322399,-3.864611096636327,-1.295358486936119,0.6577713479086219,-2.6308527591750273,-3.3668461928819453,-3.4225476309336673,5.677350996581551,-2.645493247101405,0.5419304560370991,1.4222416800510334,-4.434569229470785,1.5029960774754558,-1.8838390791590878,0.16728850804244155,-2.633952621896354,-4.301873060099861,1.7745286411157624,3.602335219577605
MB-5065,15.489431430161012,15.385603808804202,-2.1029763670962374,0.10658387008871484,4.512740262195416,1.3440149853892491,-1.0456427167673046,8.841184493966223,2.0620356632225696,7.375219984308697,5.967878661431242,0.6723862328520167,-5.229684757111864,-1.860301553435966,-1.1581230749092928,1.9173046343424915,-1.92004331449543,-3.0197318925504475,1.5707937335480815,1.5048669497872187
MB-4127,-21.183025733398136,10.306617240751246,-10.936149743654486,-13.699991918148376,-5.759664273732527,4.031008611183467,-5.314235206480487,-10.952540429042115,-1.0782813546853358,-1.3625725720944433,-0.21696516095408727,8.75674802398227,0.5137622395529021,0.21656159900173655,4.255690448238964,3.2931863092930826,-0.2799465810151019,2.2260936407701406,0.13446539823065773,1.003121572577927
MB-5058,4.396187537568275,5.741853056498828,4.838710078604444,-4.791511921712228,-2.3740305667821087,1.6356290099754829,-8.865014299933215,0.6847854069894321,0.5323379295318033,-0.6414380791149983,-0.6056405205383005,-1.2680492860940729,5.734730494363158,-0.27339833772450495,-6.905298665923098,1.246043236671967,5.052320162995102,1.2446204499325333,-2.3312525576817906,2.6339620085231914
MB-5050,-1.8341189071518014,-7.049191932404433,9.014996827812139,-1.0299645316875146,4.267917735907124,2.6892496400278807,-5.032104250759556,6.211973908068197,1.0695435957199808,-0.27046142131165635,-1.1189178867847394,-0.3465330442040648,1.37509824067613,-2.124071696509551,-0.5035030822183694,0.7403857740774749,-1.5231801915111383,0.9880902113986095,-1.633373003622364,1.512527769679433
MB-5027,9.796134465930203,-4.742767371524587,5.519711965181746,-6.4260537292467586,0.4488604261496802,-5.160407585326542,-0.7816882834156548,1.2338881114008182,3.648500600745214,-1.8127919655465334,0.11993912104051968,2.9088823746623538,-3.17920451772101,-0.696721262271855,0.2748476751727394,1.6369377351271948,-2.9503040873289703,-1.1078301637961026,0.19223790104826693,2.7778982457267554
MB-5060,-4.601732235341891,-2.58255824146417,4.093259499223489,-4.140444598901726,2.5154529726858375,-5.454738397207244,-3.7354335496612197,1.1852518970698187,2.876440286013913,-6.036583552032182,-4.222009246639232,1.4544086725619234,0.14481704284133456,-3.2262561540597265,-0.8766466595477311,1.1440785102349034,-0.7718988813595594,-2.021047257938945,-1.7153190032781402,0.6740229862010503
MB-5062,-2.3191871763798475,-0.8495382276624397,-11.948373784480637,-2.555831643732073,-9.786879075548926,6.0090477977654615,-5.551823354647446,2.4630982401100194,2.900921844106684,1.9929844895029107,-1.7100262409981366,3.2478518611306826,-5.121463807954185,3.1943094390644826,-1.4051752550108292,3.492720724182523,-2.2199432097271434,3.450274725633082,0.23959581982250125,0.5312905590492348
MB-5383,4.803451154900073,-9.433430668548532,10.336281671807654,-6.513522655762375,0.7297069915283421,-3.7166408412732674,1.1536787802072768,3.895951402098157,-2.531583015395756,2.1735161042674194,1.483376623753603,8.266605894558282,-0.26731995272006825,-0.48834922720001106,2.189673621596319,-3.4535061694146565,0.6927650938724529,-1.7029208362018387,-4.093166137557473,-1.6842422244002027
MB-5101,-15.618994761887828,0.9645833244722399,-7.723215929536058,2.208469930231709,-2.3912533606571573,2.7713502128371923,-3.890692206852157,6.032844120929729,-11.486736150577203,-0.030799216956886,0.052325613600002194,8.420394901152644,-0.255850581736416,5.168602078083094,-2.318388299112194,1.035375909035105,3.5538197461426115,-6.490634452368742,-3.685997348597102,4.56440793198513
MB-5258,11.163103886369669,25.737586466638763,5.283137472202241,-1.1120216364626831,0.8292844695162453,-9.174872935960996,0.07799385316152299,5.855307158969615,-0.9671122957259,5.06638615441164,-2.5138496760437476,3.7853606215625852,4.294499796874498,1.5664188502714156,1.1381599893797272,-1.6207753360902848,0.8158909410312862,-1.296355820693046,1.5995086216867402,1.8457091589194654
MB-5268,-0.0183368109153412,-5.029312523972165,6.302143933784368,-4.949282595399008,5.076873027516465,-3.7229679102486326,-4.711180158469494,-0.4980859866726676,-0.8860124967449566,3.597529466180519,2.795899114194699,2.6965523569246677,-1.915742252504089,-1.3059992501318696,-2.2338316699818255,-0.5413728517664241,-2.259378582276962,-3.1795500050930516,0.09450077494329004,-0.46816049441882945
MB-5261,-1.6741834127466695,-10.322289955842653,1.0256677256591658,-3.743352125543212,4.970091768893266,0.5493705425127187,0.8675569692164173,7.636303243389787,-1.9254736057803732,-0.7743522123948311,1.1541252424302353,2.3026104253883815,-0.061769398442905986,-2.9643757300354006,-3.7531440155969666,-5.1790355676478494,-0.4936785665459554,0.7195353378228453,0.8838282887317325,2.056112870433264
MB-5272,9.321782800254743,-5.604334058873598,-11.347829479640193,-2.309911704553844,-3.138505055378523,5.012818217784778,-2.6033424434192822,0.9654251621686992,4.0085729270414125,3.8811384619412257,0.9096817632597978,0.5039973324319114,-6.1569982608785665,-1.0685632945538615,-5.516032900202279,0.45797660421111097,-0.69411379784536,-3.037864299643526,-2.0456208998111025,-1.768294611384187
MB-5264,3.4108308615190106,-5.238530513893689,8.207997996683723,-5.665577041053372,0.12443780743443957,-7.152937433081845,-1.0011982967364714,0.31960556567063475,-1.1902381948379206,3.795543898167391,1.4566418912760812,8.27955973118305,2.248101705229315,0.1209379959887207,1.283115397954627,2.1940980538577644,-3.0622018730413805,-4.498110939082609,0.24740530972337776,-0.8073678547157827
MB-5259,-0.4846041337489463,9.774519219045853,3.8510420551878464,-10.708362304795417,-3.4518963753260854,8.346151977683647,-5.881190485384856,-0.81408823074957,2.904715482528772,2.570276661568148,2.153972951786097,3.3068800595788,-2.119416153495071,2.4582920047960695,-3.184766973487444,-1.0750415242965838,-3.1019542993021108,-1.9433988026543219,-0.20963590239463128,0.07023290476734888
MB-5306,-13.293951366155644,0.24968947799652055,-7.072346406195416,-5.816087386156276,-8.566775720968334,-1.329301411484191,-3.642242187330249,1.117625443943453,-4.858718343532605,0.9118878198775207,3.7727383477372984,-3.8533358362100385,-0.22600797621391852,0.2011320265533937,-0.554816846901697,3.4427299183715023,0.7477012887811076,-2.1700301357727443,-0.019072235878171574,0.8627201067419572
MB-5270,-14.699372599069136,-0.07461803240061919,6.917419364041539,-0.9192061596333753,1.7875926456436784,-1.471771626422012,0.9521685943776473,4.228903049113893,1.1907092417490297,6.590743683770616,2.708638085269635,7.294537698246664,1.4773393562466626,-0.4768711297692655,-0.5466666991574091,-0.75081994718695,1.2632161839140632,-3.797272711376074,-3.930291660622667,-0.35237782918151384
MB-5411,-4.228518491134397,11.822466160129757,-1.295218737277656,3.306010752917417,-8.446133590773362,-2.868086076326702,-1.7540833489548529,-9.923973092290273,3.027288880836719,-4.725352202862079,2.696141448546365,7.156489326462537,4.059437006326694,0.13229495271451322,-5.708561774703577,2.0283212371393615,-0.08068649325403045,1.0549970443468941,3.397668108562342,-2.5828408516215675
MB-5490,-8.452471167642992,-2.0869611091788616,2.510297715903847,6.442752612315245,4.357848841648426,0.9902872014550551,1.3975117757364013,-3.0024440889713704,-3.1639418531677768,0.7092718942297085,-0.22507246441611403,6.932116667529996,2.913275129660882,-3.1044386652145723,0.8302955892539976,2.306466940163754,-0.9348377435888608,3.516472422220476,-0.8515458122003381,0.4719204776553702
MB-5421,13.38432611699292,12.529389857109363,-7.292872814282127,2.324325442053898,-0.3061298838975892,-6.164267452354165,3.6254903534501746,-1.8670134209553109,-0.5089041114591525,4.026011010372457,2.151123817150543,5.866404680424004,-2.9508765046219114,-2.8117964429607576,-0.1268369801082618,5.539063221109359,7.353825503956674,0.7835740436950532,-1.6909131353570492,-0.3877546006870809
MB-5348,10.98682784432274,22.17324854238421,-4.027941243661005,4.527547808530847,2.304151464437183,-0.08431275713313179,1.5033417904418023,4.3024626339023335,0.2654898760954917,4.371587515856614,-0.6839637411635618,-1.7979079402786877,-4.990095557174891,-5.560404733622614,-2.9893230944746327,3.426129622116312,1.7696961073743367,-3.431285167457767,2.7696384133463687,1.1443023178782485
MB-5429,-0.3949579040893326,-7.0817676434842305,1.4100071188948762,-0.9670481186976455,3.4025044759974947,-4.617369677385257,-5.76700043862171,-7.338966709110147,0.054721375421907505,-5.764641491591965,-3.9176823535886047,-2.0583456657242265,0.1614066974063855,-2.330525924556723,0.8169975380711199,0.7120301388684699,-3.347611473401953,-1.369856897106803,2.0242398327365225,1.5212056860398753
MB-5405,1.5096022257147979,-4.372486325236852,-17.817143306899208,-3.0676359228814847,3.434428362972341,8.920299508246545,-0.9518939443171749,-5.6068571165037575,12.126116797433706,7.651716688317165,0.013388677834858295,-0.37032720161352223,-0.5523758418862873,-6.657925832977956,0.9165815741500443,2.215693020716041,2.356389577635918,-3.2993441320688714,1.6991879013095288,-1.1756659112773704
MB-5414,-11.681264291420979,10.49662803419351,-0.6127863952615162,1.6821213346681294,-3.9267230063346346,4.00853929047546,1.6059775681070931,-3.274309287113803,2.5663298191378496,3.739875648860573,2.0764038762646595,0.08047448516819421,2.474373396804124,-0.007772073402389518,-2.7482195824004605,-3.143391449020966,-5.840424927847064,2.1403962572587525,-3.7202635978667398,5.348740966799018
MB-5489,4.104175968353425,-7.805720168165789,6.7199195525526,2.2955761611624244,4.220716366926192,-0.7870000878871751,2.1851755923943506,-2.8772687368454886,-1.7774825065367703,2.403166473557614,3.0464778672893464,-1.0340722195797143,-0.7537395221703128,-0.23107122571387587,-0.5659701939233603,0.3387301472883171,0.01966789478687838,0.18199832774025895,-0.7086027356012402,-0.0403758916296479
MB-5417,2.4029386641985315,2.146417902897166,-0.6257878840197212,-5.541783577434386,-8.600820689634961,0.845839534058808,-2.9928284942483137,-11.896609338167012,-0.8975695737513184,-0.31933578408221275,2.881513653009465,-0.8181661857018714,-3.0974336385172276,1.3270134241048097,1.096105305221301,-2.1305031767239746,2.2074570872772896,-2.389664615383501,1.7802275040015523,-0.1098371606399002
MB-5481,-1.0025811351245881,-5.088106006712456,6.342718404904682,2.769062728664603,-12.371766476217767,-2.5507405364681865,-2.8632577051031807,-1.346678599951731,-2.0445026805834843,3.6469778112699713,-3.2704225703774026,-3.3419663217118747,-0.7355357427051933,-2.547579450272241,0.1988326215858687,3.417228571082979,4.624202596272826,-0.777743446627138,-2.858443418852752,-2.8756124867120127
MB-5409,1.036038609194681,7.936284109570549,2.8801873940482285,-3.856133212225541,-2.4811252309897807,9.547521067545821,-7.453086895296162,-2.3202463940442737,2.203899584081323,1.3135712362417402,1.6320191960760744,-0.6014464962691741,-3.4272461450414577,-4.701378439476308,-0.9649081431840147,-3.380859792797036,4.586493040691375,1.2640558998711715,-1.600099766422472,-0.6217880511799676
MB-5413,2.026635476790885,-4.540309115003705,7.944602241451315,-5.984557353318997,6.4391754020424425,3.790949327213855,-2.3909240740372395,1.615061879621623,-4.262138598112925,-4.815493314867762,-1.0914481697004186,1.8077195022304142,-3.0641893663024407,4.22149100638263,1.3132151268592709,-6.158550072306567,2.7369512271491208,-5.319909098968121,-5.489328063414353,-1.331208262490294
MB-5299,11.295726943334577,16.98274268353462,-7.7314686660688565,-5.541945124429782,0.65947582525256,-4.712711306982015,-1.493282692861524,3.4730440119653516,-5.461136215192209,2.293049383329059,1.963669552701493,1.7105425847213054,0.7985109628447655,-5.274531093930276,-3.2864894158644504,0.4572363273366143,2.409483719650233,0.8762793869134794,0.14362120919207352,0.3400571666639687
MB-5408,13.73022705667277,-5.566288567086169,-2.926683664409165,-4.861710427441998,-6.575184211680367,10.04084153131056,-3.798211310983318,-4.471211145898228,5.951184982257403,1.1163042207711826,-1.737827785436955,-2.01685069334963,-3.7975385553840986,-1.0786301052818192,-1.1107044965382735,3.0265702852567355,2.662376212908275,-1.5339046085531791,-0.304308444971886,0.5476424356103373
MB-5475,-8.526043479558291,-8.256542400359088,0.5519209896274021,1.8112781619936442,0.6617550194553039,4.865080804067379,2.0415395917166586,1.6939634464645907,0.4901405532814611,-4.163214454653634,0.4008239406452631,-0.8091181010392864,-0.41190325085058,-6.104921800858097,4.652942874084144,-0.18383084990858248,-2.2604910629618247,-2.252669113431296,-0.7234471155662896,-4.684409749109307
MB-5505,-12.387037286891918,-1.7785709090537203,-5.716273815884837,-2.166679665106432,4.8416292566263746,4.272154771140368,2.9439931166963387,1.8429668651557078,2.2922745186382203,-1.2848244899907582,0.6527164670024287,-3.744364848935294,-0.2139838844401766,-8.302143594070131,4.637071288880975,-1.4778184191683346,-1.4112075713625094,1.9150514840563393,-0.20320113026550285,1.6957339376098355
MB-5100,16.98164728815734,18.840048015206644,-7.7076850774542525,4.01778662129332,0.004900339122361045,-2.1202658698449666,4.121788652442624,5.341987036179702,1.003397600350401,1.7156230475693914,0.4350162230798781,-2.7143550854498817,-6.828677824126314,-4.768399025793371,-1.548593521789798,5.721099773188686,0.1377220796356048,-1.7924534800691725,2.989839300370094,-1.2874150081784652
MB-5325,16.388649835399182,14.825721856248103,-2.9890799312608545,-2.163634047103154,0.8588940785808525,-5.512533945053116,2.9926121453774837,0.1489487714653912,3.5453339433679187,0.7867292796815141,-2.4062897001640704,-3.899409161383711,-3.381801758268604,0.2873215708338632,3.8921732528657813,2.8730121114669873,0.37180906019880106,-4.567154983783998,1.4977975121154024,-0.6000893681389444
MB-5502,-9.522758629361356,1.2698087391250146,-1.3689797748667556,-2.277096953602456,-3.1655953668831196,-0.6261810081425276,-1.4281712838633893,0.10517578694945934,2.147993606886758,2.725652218569563,-3.482212905457056,-2.387015607458818,3.4003534138346145,-0.27042992285314615,-0.4090952843164137,-3.3841804970864615,0.01411216060006532,1.5765128164326634,-5.507369935504442,-1.9255674626142485
MB-5485,-6.306032809784165,-0.43838554306233324,-10.948691079959719,2.4811752979762423,-4.462584797166546,-8.746935627246708,-6.257157145715432,-5.401613772592606,-0.5603072493339095,-0.4591129989985581,-2.3892843001557575,-2.3277474532701845,-0.5027148518839961,0.17763035300012575,-0.3602507819071555,-1.2094793193561026,-1.7861098419023747,-0.743964828381138,-0.17205667748960715,0.31143511214084885
MB-4293,-0.25300062344287416,-4.025175584402213,6.989693721869779,-10.352861054941979,3.22356267230304,-5.464886437551068,4.133030350358677,-2.1186432170073193,-1.1383953516953802,-2.856420669990486,-3.2768038488058586,2.8639370446329693,0.32900531289151436,-0.5639338118363959,0.0991956213548822,1.4707795824481196,-0.22844745663569282,-0.7539909707830876,1.1545802512768175,1.7357873834550965
MB-4289,-14.563958159107386,1.2382936901092974,-5.316390526989448,-16.21194196608629,-1.5364770158417516,-3.8086389709422606,5.491364660682809,-5.82082290872523,-5.738893320767424,-0.3418845267919784,-1.0712607773330323,5.448307907523486,-0.6755179401850564,-0.46401050149936546,0.05840220168275636,3.0195600145623476,0.8346194628503478,3.3326393309240157,2.54172059230333,4.453045225766328
MB-5293,-5.0232681037054006,-2.169677510169145,4.392671026887731,-4.949573031988473,7.257740420286393,0.19385710260911096,0.92245228164477,-5.135333912847694,-1.7861580966945334,-0.5127497388259361,-6.243654042459384,2.7150881424208144,2.9158411158284188,-6.269240793100869,-1.0425095439203815,1.1238714468219857,6.195325534010163,-1.5756363019484168,-1.6681650056681492,-3.5746042566898804
MB-5381,7.5850835873935,0.9386640310161074,2.005849776737096,-6.8384296408703955,-6.415732516267653,3.165028571075334,-0.06752124181929633,-4.981334138592378,2.2182312340086026,0.008107564581855325,0.10709856224453117,1.4674578102990918,2.4062457049459334,-2.521884244229152,-2.7094445828664036,1.5201878346137654,-1.1779060611229064,0.7997883540537086,-1.2647868542168297,0.8780531578253835
MB-4834,-0.5617090025175058,-5.7313311247391585,-5.42972792622144,1.9034626742950218,-7.636467428293565,0.6433022846075214,0.4164168649190602,0.5669773270915984,-7.5082941654683,0.8989132306552375,-4.636180594586842,-0.6863144313433704,-2.662688665958819,-5.6584593837486965,-0.5428898503695734,1.2972966989538801,-0.5978475700999805,-2.47148852873559,-1.000157921975942,1.0888058570542913
MB-5498,0.20908373844585545,3.428597787914772,12.621213761013845,-2.420403777025931,-11.254233486009088,3.0409483434901663,-2.5573349882194623,-0.54780339174572,-2.8550553359204733,-5.275702571439698,3.4298523278691726,-0.7561256853739483,-3.086827845171451,-0.25428919352118834,6.2305697530887505,-2.498064319762158,6.3856012014066925,1.038684778921867,2.1483687578522392,2.674607287396544
MB-4749,-10.136126923999672,-3.2882055321449086,0.11434209075265318,-2.3379056786800576,5.991464381266743,-5.469278128699166,1.9430406592023513,-4.013104356214317,3.9653293876297098,2.6993712671791164,3.6008963724490943,2.900043055524817,3.63769232089715,0.6543705999478548,2.1577657859931527,0.7546647792955523,1.1820086892621633,-3.5056766328098234,4.254143825480003,1.4057775255052143
MB-4818,-12.476762364562706,-2.9927669784910944,-6.61260717509002,-0.94978565011945,2.9047950436250547,-2.3207807727793264,-4.344172334510297,1.1222697632975593,2.3925514506467955,-7.455810174292943,0.6196312212693128,-0.15820444024605346,1.4086145817208737,-5.643140225698622,-0.6111680843009001,-1.3315931161231616,-1.6121154436497498,0.3175216288379946,1.895678373293367,-0.5938217257190782
MB-4805,-2.0226646307520793,-2.732232624943395,7.823886516594468,-0.2702675754237555,-5.309698803901234,-0.6496601252074388,6.031704084630187,5.506844779357187,-3.3737165979088823,1.3591181963203638,5.526083301188904,-0.06568332345614071,4.1225748040153345,-4.19818786419278,1.1963745153273937,-4.71297252761557,2.735333903269401,0.22824481817057043,-2.370174637582706,-0.7520728862938086
MB-4809,12.705604215132253,17.730820244521126,-8.151020123183915,3.1668433991266127,-0.32453037386700356,-6.398653221369331,-2.3948705388292773,-1.869575451007448,3.1537000496222687,-0.1475402024496639,-1.7183035060112903,1.6024059934807189,-1.7494765500900578,1.158634419672559,0.9528310900440229,-0.5296104212532567,0.2599129960184434,0.3339559793850365,-3.0846643556829942,0.10136776793930363
MB-5418,-6.1711983865121995,-3.255903690477549,4.241956469394767,-3.014740729736596,1.1220398633175108,-0.25290725831368305,0.6739485651344483,-8.735199958525802,-1.4529043490263132,5.612595128910882,5.835488329059627,4.779742085126562,1.1023620564452208,-5.851005311702418,0.7158383289207771,-3.3947637529828376,-2.653956979104393,0.7181570321761327,3.13157383970033,-1.8512479667593593
MB-5441,-7.152524265535901,5.652704266908761,-2.212984402086955,-5.079536137665451,3.7225456500201948,3.364251633542767,-6.028869809500021,-8.433104263770025,-0.052443233494384,-0.9878247114982247,-0.5541611892496879,0.5413143408044917,3.797484569986489,-2.878937838287935,-2.5849233977632373,4.59981093767767,0.33288070946416043,3.367913075424256,-1.7795313765191203,-0.4257205407747303
MB-5424,7.346245370706909,-7.23315256830508,-1.6354749673532596,0.33908432069021044,4.836103427521135,-3.454291406201181,-2.6899296151979373,-7.466143900096611,4.21872001145679,3.2095478450282315,3.446164013179223,2.7425085651412777,0.49655050581579074,-3.9437659969793377,-0.7441187935625966,1.2575665168398837,-4.862944438439734,-3.6373141649622083,-0.44846015003681816,1.5469733621381934
MB-5296,8.16506708428815,2.5265885491703393,6.756092041020904,-8.390454643992607,-5.959623400490282,7.082868586689325,-2.253307717405057,-8.299006978315585,-0.12366176805583175,0.993615642098482,3.6165482240813764,-1.4073383839527,-2.978622639515459,-3.3396099436322455,3.1315287909452483,-0.42657416966323475,-1.027496187598156,0.9196248947183943,-1.5653055606229789,0.7960921771457868
MB-5446,1.7280037530874783,8.58146015529189,7.555564094416035,6.218222245171371,3.412999478160716,0.43765909810125025,-11.813323613873044,1.6455116823856342,-3.288277502213138,-8.413927372253779,-3.8234246474116587,-4.549534801896035,6.656301541238385,-0.5103425012603152,-8.131577580226761,-0.37132786806485707,2.0285488860884895,0.8944211791347295,0.0461052197581144,4.472589538796309
MB-5137,10.824311937853716,15.387027766788673,-6.766559998062541,-0.9699997263613728,-0.9063144767082071,-2.3451743396688642,-2.8357755628914036,-0.48329685188336,7.493579343538575,6.360926459219627,0.5400128404963809,0.3389327727284191,-2.5681690910346138,0.4326466778029248,-0.5597414524562995,-0.15564622019661337,-0.8724332534632103,-0.8339109821469514,-1.0716798937333232,-1.300789549313906
MB-5219,-8.483182122692217,0.4239791110735312,1.3495706519549102,-1.0872672876085456,7.113227869109803,-1.8604240502789315,-3.265363814357077,2.0340913305975437,0.8770485764727376,-5.312335333685692,6.837867199838957,-3.9741706697853467,2.4060067192770447,2.9047192664137946,2.158060967892396,4.167173260977543,-1.5367134256666637,-2.7735653603499766,-3.438831688008138,-2.8611920772664594
MB-5093,5.14808303140292,-7.4092449146730415,7.604921370766606,-7.749295166803125,-11.681664409020206,-5.272899529664088,-1.7272200906227877,-1.8118009954666932,-4.322224995057514,1.2185982580456334,-5.211909546047636,-2.7453885951072916,-1.1638639991883624,-3.7191177684441574,-0.11032133862133241,-0.8074457283102483,1.5683353718958082,-1.151910308104833,-2.2767979607621687,-2.1138163721214878
MB-5350,21.005732261321892,-10.309100533496055,0.8091119559856282,-8.954459124278504,-2.9586592253782835,-0.9133152614506642,1.9162333794146849,1.2988712383503396,-0.9172765696538766,1.717106471493304,1.3217698557499018,1.3173848931850916,1.5381957706508096,-3.931911280033073,-2.7063581966961485,2.4242155877236913,0.39974054768335227,-3.5816225542063176,0.36552685277526725,-0.5781958204148486
MB-5230,-4.663501246270232,-2.949865505798605,1.3814453836888052,-1.408581361962205,2.6204439495533602,-3.1390110185063316,2.8284310484308763,3.666292851954842,4.993861468017271,2.3829130998103953,7.789146759289249,-7.649828570964302,-4.425303605057174,3.489306361700698,-0.8172948381463645,-2.146404149639466,0.0514596571800062,-1.6131742315037518,-1.3839167242604706,-0.9812087502773845
MB-5206,-4.863124418374651,-4.445192522601239,2.9768632356996885,-0.8148129262851992,1.0025282560250248,-4.933530391183441,-2.780585763515708,0.1767172755800152,2.761155897097628,-4.784644557240811,1.296403820662399,-2.353811326579212,1.5736645311784336,0.6378071277268277,0.5977976262578245,2.508734501112963,0.14588061485906453,-2.2517875811063663,0.09895232312810559,-1.1787460429563577
MB-4687,3.3531352307917315,-2.5736107123341747,-1.0505615026229924,-2.7148464370842182,-5.585616198344805,2.668036241700997,-5.62172999938892,2.157806186216908,4.926671647337544,-1.9397968987423342,-7.107404842657717,-1.0397352565028952,-5.211196760270754,-0.3646983803124934,4.925475870019781,6.864192957872274,-0.31922234692568235,-0.9409682748348777,-0.022311149189011583,-1.6938381002501557
MB-5433,-11.543992054097346,-5.25279067668304,-2.7265369677801776,-0.7325612437227973,-0.9278700692338212,-5.534172542573847,-6.917854172062504,-2.4453567048168003,-2.068153714252678,6.6587205193655965,4.046585071068936,-3.809998106820842,-0.6645130782838035,3.542749980662308,1.2190411392004696,-2.998900497655377,3.042351038733554,0.871552710296359,-0.8720394162009172,-1.4009901776550884
MB-5442,10.777485899437343,10.045761639409664,-15.90981769814238,-5.105284806173849,-5.836904311252296,-7.759711692272595,-1.4734120304733833,-1.893833892667234,0.5245475562479903,-1.6423209461745882,0.6488311430314243,7.493829725552542,2.295821099854768,1.2632319744602911,-2.1218661964729466,1.044846360325589,-1.994917775974372,-9.05036932098775,2.753896120070696,-0.37927902647878187
MB-5427,6.9514659474953095,25.96317646839363,-4.084178482389746,-1.0040373201799426,-0.2815355786617785,-9.431720685871076,-2.9880851093632015,6.746786240143385,-4.917556097946275,3.5679017226797165,5.075072785544403,6.60298618140329,1.705656418458709,-4.149132829634779,-4.178327872737925,1.006394441684426,3.6508116193603084,1.487896830951005,-3.775005874061616,4.797452768057324
MB-5491,-8.92130553899644,-3.389739530446975,-3.337219077977161,-1.0259381909987668,0.8038528962989332,-8.472368274464912,-0.347003833259042,0.9774600998728362,2.1358689677277867,1.4270600433690268,-0.7619460444378471,9.557392685898614,0.21346550846409315,-0.27214454041157815,0.020574508589266134,-0.34743395283908834,-0.30703042698711874,4.278386018485195,-0.12117850606248266,-0.01007836816382992
MB-5493,-11.188382962681533,0.7009621337272156,-10.314637354673264,-1.4874669202751332,-1.839206547796941,-6.754850437633738,-6.2620508085605895,-2.1891329303511347,2.9590245263122643,-2.0296926608994044,1.3053606744768398,4.792746724519493,0.931481011054186,4.064119350878513,-0.39344379765698734,0.48752911445122304,0.1945079348854403,-3.9505544902237575,2.528909753322394,1.2112170971494804
MB-5451,-5.299135040744445,-2.4386662659523357,1.601336028161798,-1.347307655244073,5.854877268593636,-3.9769175276129087,-2.0054372751399043,-1.4030589064354553,4.076341677022153,-1.1234750444644017,0.39936452420555785,3.6558560210993774,-4.292488392704562,-0.10996222299782722,0.9240536906699524,1.117746609484912,-2.6290795226785484,-2.1581870743539673,-2.2446264516576537,-2.1268154634037466
MB-5454,0.21160524395643746,-0.8841232778399674,-1.6625951462700022,-5.424581935280152,-2.0910118815214256,1.612353628828802,1.9032939626612162,3.1410757088125942,5.503233686338974,-0.019278363008108427,0.5024468272513417,0.8672358454625081,0.9174471584694521,1.1680754120019385,-5.55276062821074,6.639638614306473,-3.738939741397696,-2.288021129235417,4.56822544541064,-0.5388319154951722
MB-5360,-4.273719111985189,-2.9739888561400476,4.310381089612158,-8.407797951610846,1.410992461863201,-1.164031613579658,3.0410782880681424,2.8080284594407994,1.5164920851371004,-1.6452754179093008,-2.3199928696631877,2.039294388115963,2.2686997918473386,-1.2931932015196115,0.8648776492280446,5.043566606340761,2.5876389877050427,-2.0004910990806097,0.18621290283277933,0.16918365373700137
MB-5229,8.780749203875942,6.990226986137407,10.049217101504048,-5.503248668016703,-6.5929496953042985,3.79090870399169,-8.077516574128671,-2.2038349160920916,4.2976756824849165,0.11594125865451424,1.2052481915162532,-0.5683373211090481,-0.013988596210485482,-1.0455456324317005,-1.0662102392268316,-4.118472598441681,-2.814978777690554,2.492787822684399,-0.7935114956902294,-3.9908295813742387
MB-4827,-5.439959873298157,-4.591412603828334,3.23819152701237,-2.836989993251066,6.115897715069333,-4.195027969647844,-6.07518287001624,-0.9167308518125358,4.1705640148239915,-3.7441682176785083,-4.249857095560297,0.9105774779451615,3.36762220456228,-0.1241411031110743,1.3858294278634946,6.3658848470936835,-1.6815197410437333,-2.5646537020285094,0.5672377517853326,1.3518464678854332
MB-5455,1.3420736607798645,-1.3525310142633762,1.8214800179492854,-11.24890687436453,1.8889535042552132,0.9304092834742049,-4.172255546846243,-2.554864185538393,-0.0889816582305945,-0.6022593268325644,-7.698285195927717,-1.0688332855360523,-3.729071965118885,-1.2619880238580679,0.906401614532453,-0.2655408140054336,3.7253189098240385,0.9582093966164116,0.09880422611709892,-0.35145945277080803
MB-5349,1.3550044449359242,-8.253646499262388,-2.0208592857120413,-3.9563944019642285,2.3730846462655024,-5.426557843455081,-5.119353060799391,1.9686821040015758,-1.3163007233142112,-4.850344544146377,-1.5755700399824522,0.048812491340628726,-3.0471174515298465,-2.9575733746640176,-0.7840204873525443,-1.543211466702347,-1.161643075220694,2.090499096707026,-0.17775389814147352,-1.3854618359691313
MB-5370,-15.636194960687241,-9.365895886076048,-11.178500268549662,7.587825900554889,-2.0885850765223473,-5.225837789786167,-7.801602130870315,3.4987318809147494,-5.230814553604148,-2.4885698769773112,-0.18712729234323947,-1.1717549149291484,0.7117873226237855,-1.9591389788007159,-4.115465380509713,-2.802554716140274,-5.16785849167736,-2.8620598763500698,6.145108017903748,-1.5555348235003943
MB-5290,-12.145909740990245,-0.19207589250032392,2.55142146703456,-0.16335957630683592,3.198429631111111,-2.916722434501612,-2.165216376576122,-3.8178292116903996,-1.4908756942567947,-4.845785780562709,-0.9360282052601158,3.239102016505098,1.8842017862348526,-0.24563733231691906,-3.49883216804549,0.4716780895546789,-0.7230318057754028,0.6377739226047983,-0.7301272591548071,-0.2676354846968327
MB-5366,-5.319415967634676,5.412928212161538,9.981345902069716,-9.701422548233795,-5.506450548219468,1.3563843398868987,4.641918103067445,-4.1566615305346115,-0.8279215740175097,-1.1098141440218996,-3.432165167642247,-0.7564255482144687,0.40133972814607244,-0.7266205932767571,1.8178577237096925,-0.285900931125552,-0.231879513385767,-2.1978103414963774,2.453165418936378,-3.3006979037812365
MB-5382,1.9225226104478172,-9.139875253575765,1.0222840530064614,-7.098895453736685,-1.8400608772172264,-7.068259790883599,6.60454677065274,-1.6198747522537031,1.0080935149761159,1.8543804097068077,1.823500242917399,-1.0681759230217758,-1.486439353147046,0.6178100886832298,-4.492693874669757,-6.637851950014868,0.707289578399494,0.38787527722120996,-1.0354537754655608,-3.3302550149347856
MB-5402,-6.756770032491591,-0.717385083897906,5.53791589630959,-5.3420194364556925,-4.493794659310931,-5.707552072561413,4.033510130944467,0.6735751596488732,0.6279356791397165,-0.8265113199517613,-2.810309401569559,-3.3990765551554687,-3.3583386664713144,-0.009318587804170539,-1.048934189502301,0.08489817561596782,0.2858723093935108,-1.0901723771367593,-5.381154152159011,0.011684575420961199
MB-5288,-9.810537185753311,-2.186347993040019,-5.117854813418552,-1.2768678503153303,5.060621246084585,3.357413967555759,-0.7308280456845717,-3.028288999154349,6.4283622523709765,2.284808422291266,-1.7467864576008834,0.5676731845411317,1.6222870645193952,-0.8790601666793403,-1.091921349553736,4.255255502427037,-1.337172755751825,0.4503659102956292,0.3817054630031608,-1.6830307296551517
MB-5384,-8.32915414417992,1.4087943081553338,3.6457472579236043,-3.5574793518992873,-5.843581073625397,-0.10343270448847093,-0.5234177289333138,-0.9235253195677291,-2.988135606534994,2.864971072869428,3.0979258405140233,-4.937359896628553,-1.5787301127095221,-2.6631443863145337,1.7775293302869195,1.4651611273694125,2.187732047115338,-2.0374155299882686,-0.8903468070095899,1.5652978255911492
MB-5358,-8.079409133895052,-4.783250774422504,3.1123378073933443,0.7308776128298784,1.644179214086914,-1.3498370938177127,-1.4084897494280795,-0.25800653298242193,-3.388357190300197,0.7702511360923422,0.633897216533912,1.5068858930232423,-0.9237964488321784,-3.1502324838990665,1.2799268727158026,3.428712329737804,0.8012550838147667,-3.825852589585572,2.9052514290563067,-1.1426500837307842
MB-4357,-7.760185435666897,1.3520163888139765,-10.589013913549456,-15.458572183396836,12.370341791048865,8.747295264889518,1.716846220249519,-5.358273889272958,1.1494886044526624,2.100058453060604,-1.9656935890372191,-2.931620833306504,1.4396976329926057,-2.5902692397339013,-2.655670559608446,-1.6833863857567388,1.7478896703213476,0.7828399336898232,3.30983983515629,0.14387726250926705
MB-4991,-2.543008331903281,-4.807399332222774,-1.114420683739287,-0.3403354565094121,-12.82580843032335,-1.050074366146742,5.7353237443824305,0.6816602953450656,0.06176676949396158,3.4409148427440903,-0.38522823242438053,2.9704566506978454,-0.7950852426860157,3.944923282226857,-4.401407059759483,1.933650090358809,-3.239851062395306,1.076195584468862,-3.745254065385113,-3.8301044883997357
MB-5401,-5.83623017496214,-1.4150238213202981,3.066904814458115,-4.882985908727549,1.14959257917398,-6.233994781733558,5.097642783920717,1.0843391075055164,1.6418534912257357,-1.13729262146192,0.7040852540019885,-2.935116825383539,-2.6222878188650585,1.1633591575142028,-5.96223316854487,-1.2675840481002287,2.025540670107165,1.3028720274750498,-1.4974016291604755,2.190730759351455
MB-5387,4.522039004761007,20.19905273965648,-17.719534788902045,-12.721131939392437,3.641593299364167,-2.8254248154468247,5.783183123279179,-2.8608533452827087,2.1027793985503065,2.7154948160914456,-6.526927071595406,0.5256007217913207,1.2194758075259335,4.720228309906207,0.3612454956931687,-2.2513691277824686,0.6018560112407597,2.1119605447356857,-1.8271137085603695,-3.181333728844908
MB-5390,5.083518688432032,25.315237792952036,-1.4225933119166785,3.9776732434499946,-0.7634259382958337,-4.895746846478088,2.545878158806506,6.228411378411954,3.3992680411516747,4.967871704678084,-3.5955423746734088,-1.028815862553091,1.3752023101667925,1.291323974442513,3.262273399021307,1.0770505916713113,-0.39426796740423486,-1.7435907072760075,2.199587804921849,-3.695159623260937
MB-5412,8.914861569087373,-5.4962207920761434,7.824586998645201,-5.021533371507402,1.154679695103523,-7.456916018577548,1.488050617061694,-2.9096709733955968,1.7364193113773332,-2.437238780086825,-1.2919855494043677,1.8004732744516565,0.5325964450917012,-0.3427531356168604,0.5917531981854066,1.4710237510579547,-1.2309880849657775,-0.01096943368307658,0.5252070839269954,-0.8285394017612667
MB-5193,-15.86820478770346,-4.322789537771126,-6.066547380376125,0.08886073701086378,2.7573781613035715,2.9289341768987662,-4.447742457906213,7.064344082686214,6.878376125926439,-2.3114373655074822,2.2911035042230647,0.7091968712608065,-2.4545605531399404,-1.2790945647420746,0.05917611488378991,-0.6246877601733225,-1.6515398129546788,2.1311711389222516,0.8245532137060029,0.6904788696602017
MB-5182,-7.907611696719928,0.24323888632405555,5.617439773170153,-2.617222132974628,9.024659485431062,1.681521400880096,-6.0612961243540076,2.307022060641733,-1.073908298025737,-2.089428198361163,3.0922072823015627,4.355546285232758,-0.20260916544104351,6.00384995787354,4.160117630741466,-4.121552186998735,2.078144186506498,-5.826976636973649,-5.603324706196195,-0.7206271715559966
MB-5157,3.5972362991980282,4.814311974612564,1.9606944159159863,-8.773280353220692,0.45402819267101785,2.459301450988955,-8.652989493414788,2.425972361867174,1.302524728484014,-5.736660288826442,0.8180789214915359,0.1268760039655529,-1.8549396400815026,-0.2804438650905564,1.0402457860281409,-0.779140751176426,1.5448776406344935,-3.273792563228183,1.9305441054774397,-1.6737343384933243
MB-5205,3.6610743219436674,16.19292529974746,-8.281628851274185,-2.1029744773129107,0.5176594741047517,-1.7621165639308263,-4.078888185663361,5.734051951210629,0.2900612980907294,0.22692509413018266,2.107936014438739,1.202882549296665,-4.831012700339792,1.7198017064159445,-1.8979364307422693,-3.8322872243900603,-3.687070406979671,0.208095074615816,-2.473496013339547,0.16708176258091137
MB-5161,13.219886486608612,-2.8155748539617136,6.381395327594471,-2.9042471807515855,4.558341188738238,-1.9848057535403643,-9.447286191854907,1.8929431258733695,-1.1573069085073766,-1.1015565771729825,2.970043950712045,-1.8244838229067606,-4.8462191418751726,4.822021147076023,-3.1236590850863024,2.8518761183935237,0.020015035821397013,-0.2228992437985466,-1.851109329377649,-1.0791988337929936
MB-5292,-13.029509573629618,5.311779444303975,11.639469310729538,-3.4123422261372403,-8.924418071476905,4.660825991192411,-0.31860875171385505,0.6760573095133743,-4.742084023800416,6.5620652797396275,-2.0622693816211073,-2.417866390486858,-2.3065056616294273,-0.2084029236225761,-0.22452662625943953,0.011749195730959212,-0.48691878982696574,-0.11713095556779797,-3.3866981781330616,0.38314982564896743
MB-5211,-15.922798863386982,-3.5369511578904125,-4.894463533287581,-0.0550080140173237,2.781861684392023,-1.5287721944797157,4.942504456104757,2.6554917447626347,2.257147180675569,4.541475454019748,1.5783433005053364,-2.0646813550486955,-0.5233592524506021,0.19824545275392005,-0.028255777435823776,-1.9081034877442378,6.383971832377199,0.8372788144436949,-5.57712210009175,1.0543969043946984
MB-5218,-7.13785635998773,-4.721206428440674,-2.9997996190764287,3.815201844987745,-7.599276232861247,-10.071508230916665,-1.397197914739598,1.4993179586978223,4.711965967393661,0.8325347825446832,-6.50897116943846,-0.8650229772210467,0.03981526207599851,1.0969947262089241,-2.7204280152196136,-2.1955030497894263,-0.6329953690716523,-0.2916492796508575,-4.076410601632168,4.241736794092369
MB-5209,-0.9163370325235485,21.051808995884493,-8.9545961191763,-9.71460128134945,3.519089401663233,4.724473973581206,4.676444165019672,3.2268845777819344,-3.8017598919353164,-1.2230582747704672,-3.636075758211267,-7.6570646420191855,0.16954649444439532,1.9789658728766206,-1.7721994996628334,-3.07959710480169,-6.151844912551817,-5.383041919219575,0.8877731894902572,6.539156076846761
MB-5227,-2.0895581306968056,-5.775564018713668,1.230468849221029,-0.21109660059940344,-2.7563979014832887,-7.066065278065287,-1.2908632315306385,-1.2221212495751423,2.1150181510724413,1.1877105118516522,-0.33124094985810715,-4.525900434038128,-1.773310086069446,-2.361474853051842,-2.367338160822707,-1.2691299151852404,2.0591789204307807,-2.717166625351619,1.647412487856932,1.8928874632021793
MB-5213,0.6635529841063639,20.15027026557277,4.038393171249043,-3.0780990104182235,-2.9909152694646486,8.029044202609201,-4.119059159925008,3.462766569154355,-1.1798680234158292,-2.6838905870659255,4.117616107734507,-1.4478557475758396,-2.966585109913328,1.927965081307642,-5.251674553016578,-1.7637435187199768,-1.3301734444337827,-1.462655152993235,-0.6818360471684164,-2.637441952069349
MB-5166,-12.638437924398977,1.0113027623672346,0.9214845846819678,-3.0612505710395155,-4.204939544144263,-1.1454458705082895,-9.756824420253569,-0.3949761343757771,4.230375534689885,2.0338009914166584,-1.4357520374796826,3.5982739791765073,4.43536863105642,-1.8923329801979165,1.077697405256813,-2.127296506537051,2.3537977934505983,1.0750612188236164,-3.0821091558741394,-3.4570365813480777
MB-5163,-1.3613662045473631,-3.5439587346016252,-4.214695345556092,-8.862826758102555,-0.45732276241936715,6.980198724905138,-0.368687240250855,10.885815634121,3.140140752715791,0.555977261562637,-1.441683826073064,1.79119015648935,-2.726813448876901,-2.579743420184028,2.1870703942061844,0.1927193195222968,3.179232231415701,0.9617713655286455,-2.1194686669322964,0.5255754864524029
MB-5188,9.333169908297382,10.488554281822895,7.112659184260818,1.2614501079989648,-4.993643159900939,-2.144930352308376,-2.2650121138743566,6.640389364276,-0.24805714296075304,2.179514805524645,0.4870475879302334,2.9417670647935408,-3.5387634222918662,1.3841881649588075,-2.1424019473911384,4.808940406408953,1.741192392573486,-3.635225892887089,1.6888915040580186,4.351263047839966
MB-5143,3.463627312897297,-5.181022284545306,6.01819144839701,-7.1978113271124355,2.28931931974514,-5.315687445407873,-2.2834792270835003,7.310042258653183,-1.2473689888005228,-2.496020106612483,1.1175640157294489,1.7320721035853677,-2.5292258908075,-0.7594503004027342,-0.33093101273011,-2.5601977159976386,-1.0975791200907923,-0.24846134576406786,-1.4448962536295316,-2.1643179815442246
MB-5329,0.42795992027155955,0.32049337221329316,9.92258722522654,-5.97187937412487,2.9657284202913936,-0.44828437533188026,-6.478194797715905,5.918500898927306,-2.3008574707584732,0.9131715690925851,1.1616771587285293,9.20572131252041,1.0197817830787295,-0.10403795282483744,-4.20063933683372,-0.5936853510721736,2.042228969227384,-2.0505869999390676,4.92245237289638,0.6505359326680275
MB-5322,-8.74051650966951,-3.344166423705784,1.3591123108612249,-3.5105061800681505,-6.2164501354080794,-2.6863888427371325,-1.8703087310453486,8.458075767625743,0.9517522818580422,3.5749868172145387,1.0213249932397404,2.942236711751092,-1.136623556501136,2.5111693837652482,-1.3450873740654288,-0.6145650502867629,-0.7952431768934529,-0.7565803634871817,1.5498506919669934,0.6342240862773035
MB-5310,-3.317554562088476,-6.114781874902915,-1.2679679370013266,-0.7884548396009379,0.6296839274649595,6.002161727773956,-4.959343298363699,8.694799881483023,0.9112887568907118,2.5650389904532336,-3.8224657844018046,1.0383259658801764,-1.2438815354897805,0.16952368323566908,0.08431986907399495,2.1377544196829956,-0.3143788548683015,0.1812365605340292,1.421377062056296,-2.9694069218992416
MB-4000,-3.8655621865999934,-6.623433535172856,-13.98166423281752,-3.632217490239822,-3.2128922389740873,-0.3500301760193603,-10.091007602793274,7.559821030644603,-4.908683607466379,-8.583858337133815,-2.4586572626901595,-0.5420199902724232,-3.9410975167839215,1.7555508729351668,-6.044659139366283,-1.528479836537958,-5.219582496519843,-3.9635834640870344,2.9915105757707208,-1.0616469356981162
MB-5240,0.5977091717105987,-6.808494105544452,2.2137094715107657,-6.753641718218662,4.370946623998932,-6.312007324727432,-6.293038666971807,5.833672626432676,6.453218923966486,2.8850477406738313,1.6657218204163844,-1.5949420843539872,2.4829665006801678,4.019931355458767,-1.6382072547057114,-1.2337975450722458,0.8126306644595306,0.5897859934124995,-0.1533863887033116,-1.5715443229377382
MB-5228,-8.22871090282019,0.17394738692137782,-0.10121734320208138,-7.6906177192414304,-7.234542311090604,-2.7215718661229964,-8.057218217137187,2.1422579061000677,-0.050273984604327346,2.8914243513222164,-3.861594308640696,3.1064527232391455,-2.921824287917932,4.0261482545954035,2.0096386733337113,-1.9716595776339776,-4.1832190230666395,-1.409677038387662,-1.6906076212101189,-2.8374895245178315
MB-5136,7.174865002038651,-9.054041795658868,2.654831337536366,-6.806780252794162,2.7076944523618223,1.2727533481757307,-3.404743150612291,1.6573768778309703,1.5617512952989079,4.839399646377618,5.677687509557438,-0.6494470835697723,0.0460753129036927,-1.6148703509573947,-2.8644650951141983,0.9840980617958014,2.7725469886135903,-2.2688165767116124,0.91997592068668,-1.4028946362526928
MB-5140,-14.32800156377835,-1.189133844609762,-6.119283536978758,-7.161668726701567,-5.210823631154851,0.16478862665702515,-1.1195739757437193,3.5189512644630905,1.196479968747253,-2.5977784356222444,4.411342084967669,3.93277595327861,-2.452556504304519,-3.3331133826672716,2.657140571845403,0.6035812882868236,-0.8179509391755588,0.9101266196630894,-3.822121274935356,-0.688197993503024
MB-5106,-8.105090415148362,-3.0809594581277686,-1.5230404508413469,-0.49157107976187064,-3.3556358455099815,-1.7987311805935693,-1.003073375067492,5.469096965069598,3.554116445529993,3.1823682682032324,4.548705252895643,-9.22230483538532,2.688255818157517,4.228532562542744,-3.4734529627796187,-1.2248079926616073,7.137319190079354,-1.3162195411137985,1.159480885462935,-0.7633922030893304
MB-5117,-9.730178402080625,1.7730016384776561,5.339803960001948,-4.73305183484613,-1.7869711159166715,-0.2287881744519925,2.550063859088392,7.729890871460758,2.8078127428108304,2.2483398380525337,6.530398523001842,5.031675657700835,-3.569015756609037,2.778934369324,0.4107435636201338,3.439113888902963,-4.192990181627615,-1.9150489038453302,-2.9581748279791937,2.2360917840905072
MB-5104,-3.0799846432287263,-5.59846958950475,1.3981617900632384,-11.494333770157906,5.942896499219107,-5.161157948616047,-3.4476695164080406,0.8009349751897178,1.5839280128741282,1.4260046810834643,1.7438711083316276,4.5550177121935365,0.42501426491931743,-3.8078499092135036,-1.7130761043700713,5.8832955499221855,1.6555139147692577,1.1268623896829881,3.538453537448419,4.687381091156096
MB-5131,-6.014996950991467,-4.1174595119007416,3.981091599059665,-9.689842672829931,4.179316493604884,-4.663566385503244,-2.2270698558717683,2.224929059903171,1.8698042036487803,-0.8823708481982427,5.605671965326816,2.064576635537548,-1.3835961412951943,3.1959273415164664,-1.4014906704515109,0.22619540624747855,0.09706928515406728,0.11796392981570004,0.8652857299577018,-1.159121518387377
MB-5109,6.421510044755057,-0.6472396712063441,10.974856427002209,-3.726777320165155,3.0894013844998405,-1.620328894301013,-11.111136254501337,3.358231320297892,1.6080063327220695,-9.586029165474498,-4.634427424993092,-3.1241316048751697,6.142309176958248,3.235925731398499,-7.144570659340434,-0.10825295657855317,0.6449563548124196,2.34314132856925,1.0815471320042027,-3.5368333932033154
MB-5176,3.9345812362032455,-6.30408060961268,-3.6643416106521745,-4.99835039409084,-6.965396179189242,1.2521001066787492,-2.6306972004809506,3.947679858862163,4.746258811929547,4.039842956969285,-3.862429985246809,-1.7179719594554688,-2.765619816886837,0.6202907389851059,-0.540009161128634,2.3590955588334808,-1.1961331434734601,-1.6522562653675552,0.14984516101365525,-1.6681949767285424
MB-5158,-1.175387530090724,-3.677223413169592,6.353472087242699,-3.9957094689608144,0.37833416922433105,-4.700648139228611,0.953213780066081,6.3769959198305015,2.379686457214346,-4.475251182596171,2.9290127774426598,-0.2047444079003027,0.7681436644253834,1.7039620710009824,-2.8993501082165487,0.931472667501417,0.8022668948649535,0.7118659340882563,-1.851658354635439,1.9708896214657157
MB-5076,6.666107969464601,19.350622096326465,-7.183923576883078,4.490142816523947,4.082331417109292,-2.18561458275833,-4.7070110024443865,6.6586860147781355,3.280736342088569,4.866536909290991,-1.6271881092267995,2.8581904355740164,1.507253711588123,-1.367747213227625,3.5137427189854553,1.963785399769576,1.681370628194287,3.0014859856983547,-1.7895135877519621,-4.445025084371603
MB-5215,-20.223559908796503,-0.7527735830932363,-6.305484858053155,-1.5026006196054793,1.1744848952725486,0.6207760024421103,-10.821935916226755,4.217422979216051,-5.574141326183407,11.05598460461114,0.8446307812553452,0.9976247122369646,1.8446888424933263,0.22203767173445166,-0.6844061392653785,-4.551668271137224,-10.13039941585056,-3.9020482633384463,-3.363251053807033,5.814371117591372
MB-5223,25.010676394075276,7.234639052628968,-2.168034577919024,-4.2572617324478,1.9683294143417114,-3.0188964063551396,-5.9034393258956355,5.672417304357523,0.8902135174285782,1.7818563500426394,-0.1504228794214623,-1.4391380173452906,-3.444022319755975,-0.49584775532288533,-2.1016191891523257,-2.080968476292736,-1.1477818227233174,-0.6654043585154512,0.36731104240513723,-4.703850878310625
MB-5179,-4.673399962329449,-0.03576249987378761,2.323341494616685,-6.760405102790976,6.780875455205065,4.154701641192328,-8.332918804263677,5.160205155690111,-3.4573423147376845,2.494504136095456,-1.058003754544139,3.429335412054575,2.6100676877779008,-1.9025613621018047,-1.9977345993150182,2.4909468660994447,1.3516940475661838,-2.9938611240468926,0.6691095410587476,-0.5036304855796256
MB-5330,2.0315449310327547,-1.7850229223323673,7.581019766133167,-11.799342908364071,-0.6650409855084022,-6.075073358012259,0.9026540323272928,5.529916985936307,2.888093804600446,0.04064148525049627,0.10302115346588736,1.8731769736215929,5.633357426341309,-0.8172661216621989,-1.0678684380790144,-1.665731282975722,-3.2037326660572885,-0.8998403953561968,-1.5348319698392248,3.146475002983527
MB-5144,-8.313037280627466,-0.7319578818720396,3.289206388132264,-5.117041682339061,-5.932766969080856,-10.930312853820256,-2.0993332565239085,4.894523232727785,0.47213915355967884,1.809003356179423,2.3555102249711903,4.241212721833442,2.3805787967954344,1.313508361695089,-3.0525526376822127,-0.6454612054332823,1.4895644789722178,0.9372451429233657,-2.052566525429808,2.2560914076295977
MB-5196,-12.10087565520049,-1.8510280767464593,4.832328637680875,-4.199666891145178,-7.94170086729741,-2.0736800061800253,-6.41763561584968,4.200156718855714,0.7335259644898157,4.77854234444861,0.7018468094841348,-3.295372305957473,-1.7839749435480095,-1.3569868170754986,-0.002332227535860887,-1.4476869959721195,3.985059565829813,-0.1918344961254091,-0.894138549123463,-0.15429755268179832
MB-5200,-5.353842936659004,-6.0372836910448715,-3.2655649501213673,-2.8963579820766783,-10.622231829669264,-2.0057115217675494,-3.255527715010477,3.814126357756311,-2.088178928379151,5.39109462067235,-1.2203263272902682,2.4534539145058165,-1.389756380770027,0.43691887024405024,-1.4301496085874497,-2.6561665543046153,2.230332165184589,-2.7068254569917216,-0.9497305997183904,-1.8250619614435875
MB-5583,2.8064719278633747,-2.678344791395241,4.285617861269937,1.1199050761212603,2.6218196307041706,1.5047377991849307,2.351705638462532,-0.6871497706071813,-1.5342383140057696,-3.7335459534733304,-2.424678778093491,-1.868724315338526,1.2862516026772772,-6.9039610340271835,-0.038117186354009555,3.91574645816791,-0.8690987573598834,2.0113767947516084,-1.054608110078784,2.8343621795183553
MB-5601,-4.38576621854365,-5.08644925067189,-7.124759982103594,6.234566652470867,0.1814584974955941,3.2304981800194237,6.102357086964776,3.005492002916807,4.834521499969412,-2.71217012215219,0.8182151456119293,0.9046871050817271,-2.6876991890422164,-1.8142471806904636,1.8270510692629687,-1.5699653933111088,-3.5179264706776663,2.1465194033079857,1.624554069411521,2.5488005895629713
MB-5632,-0.40087336443532734,-3.597982099537147,4.170919535836677,-3.6426166790261507,-9.91681962620973,-3.2339375518933116,6.8950191571142,-1.8567763906913186,-0.3885362863479716,6.378275695825112,-1.2682130240937637,-3.2280816819992495,1.5479694691534827,-2.659228027272262,-0.014001922738450412,-0.9362221619184112,5.2976620826781184,1.9990709988655793,-3.353006301416011,1.459877435061034
MB-5616,16.587109216404446,14.302793539366226,-7.872004214316604,6.146879821170426,4.10580979399556,6.513088949047032,-0.42136187428814553,2.5421912629546357,0.4913499739154979,0.28173670303175014,-7.564094454645226,-0.45249851097945226,0.20230859219770128,-2.851748149372032,2.2406412141188143,1.6759915226604831,-1.995929155118026,1.4723988733947637,0.8181634168417734,3.370807479056337
MB-5604,-18.413917796477367,-0.9793640621324867,-3.4081753545484665,5.671713193151387,-8.029179629705244,-0.09115620216404662,2.281817414261013,-0.42488908802257547,-3.2219046943504153,6.705860006891021,-2.439547277711171,-2.4801250873351437,-1.7808145828885216,-2.1067401222013795,1.584095536486774,3.812559044573988,5.917781659695774,2.505523603820641,-0.7714735542722773,2.246963508803354
MB-5589,0.30435380003042617,-5.801194020251921,5.111406654768281,-1.2778515599638176,6.20834668360458,-8.92325607432309,3.3769833569461434,-7.68360057900695,2.272496471988026,-2.8368398670589263,-1.4843701814985195,2.2616409272706863,1.5715630564927936,-3.29129891313114,1.9488851467149322,2.5028213554715917,0.2044769527989114,-2.0930593060187745,0.5158887300127997,3.049430947266771
MB-5582,4.409493464200707,-5.807075684617137,6.397684361971027,-0.0767674505201495,5.222545825404945,-5.816650434041552,0.056251089544708914,-7.249406324437409,2.594862461045801,-1.978006196619677,-0.10895400033981187,-1.0836595285029766,2.281996787645991,-3.812749717852209,1.1549866757836245,2.277364266006912,0.7386487516834097,-0.3381182895640911,0.48266780184045205,3.931619286770407
MB-5625,10.913001182375025,29.935001574662294,9.500762045973142,3.2009440651077847,-1.2093511049764976,-9.53482699355271,8.117465396276891,8.030317354203975,-12.203896948118109,-0.12724820510834317,1.2547716811546878,-0.35768824693223394,-0.34401916312980857,-5.4774172047447625,-1.0541114190201746,4.012707574699913,-1.0171396903418375,-4.662315352893145,3.8177032343714643,3.9864929142897627
MB-5571,-7.28633601090053,-9.87071254373255,3.058191820960113,1.3281247456428884,5.4959329733871485,1.8502944178731522,5.047142348280594,-2.2694479246492896,-0.8387787858324208,-3.0522625058419814,0.9691939789245494,0.916786736315932,0.119215143764312,-7.382786459313216,2.185840950472127,-3.1766401690465083,2.7656138035160156,-4.337457213257123,5.399218642434343,4.128546386517781
MB-5596,-7.527492871625508,-0.6656458433249225,3.5206482959184067,3.8017664402608866,8.34477651914065,9.34640837198606,2.999544598259272,-2.694193469080433,-1.5094255650719215,0.017521886369588523,-1.2866214012703205,0.7981040133126535,0.7824143807830531,-4.6722460263368575,3.624153211399862,1.6371902345880036,1.1968881151107327,-0.628586350204608,1.0317471288758808,-0.5252118065627019
MB-5590,-13.867911173465167,-1.6223880078756008,-3.3561865384661123,6.235249535714699,4.809900741883623,5.177463783484501,7.426438473391492,2.309067932792594,4.6447738851561695,2.0471501886733607,-2.0486684075617094,-4.240398383120434,-0.9654373741288595,-6.542120444547847,-1.014956809289863,-0.714306496511836,2.8343167220774244,-3.793400711564505,-1.3985043883666615,1.2933494176304643
MB-5599,5.008658963035659,-5.856283818169621,2.368502115356564,0.3844184019586576,1.643350383406111,-0.3594972693328393,6.397863340971824,3.153805296958743,-0.35478540632084743,-0.45998705501008474,1.1702490877803433,-0.964727953280255,2.8673141805717415,-5.843446395264693,-2.343437435892697,-4.019195316994906,-2.526254597701661,4.226507826000905,-3.5812472769591923,-0.8473838802849024
MB-5629,1.1129478105432389,-2.5253510532532486,3.098862569991718,1.3684607088432441,3.411170315535352,-3.8471360256512455,9.352463787724364,-7.230555270913487,5.524474460347812,-4.7646462996619325,3.74777379942797,0.9077540198266082,0.31397194243380777,-2.350800492059582,-1.2224642287989014,0.08634493056024288,-0.8828813192249505,0.06641907110120143,1.716889830239676,1.8847657760919414
MB-5579,7.214765608225575,-10.461704016738391,0.09421026018837139,-1.6002503535651909,2.4820794254367287,-2.5909400223749697,0.8710251808227741,-4.572025151337233,6.713991882251067,0.2732502338581752,1.1227034134450393,0.20574596436297857,4.413577828053677,-3.395290262421581,-0.6258746773806043,-2.0758100184627692,-0.5721670095480803,-3.5687793147872253,3.875878547370503,-4.892512665094836
MB-5623,-4.760068632291089,-5.290760739878083,1.047373431719371,0.35064091074502396,0.05716613693385841,-5.812362209961689,10.654078258394655,-5.899264869156007,0.7667067360785955,-2.968357990372463,1.4926649665789156,-1.7298608812003742,3.2784292226416074,-3.0915760583572753,-1.0772183143386798,1.3238533617030832,-1.4381834236308062,-0.9615274494037912,-0.31004222682123295,1.899685327233924
MB-5654,-7.386606658304289,-2.6854140252377268,3.3117823549877574,5.788662938493882,5.877820010724442,-2.4544398113616235,2.240034881867893,-3.5009708441182767,3.2807295988362655,-5.122711747100293,-2.2676992933503484,1.5698247918418529,2.540310794597877,-7.215608262079838,1.6699388302960654,-0.21910835675578946,5.41402159170612,-1.5513261399066058,-1.6525136400996414,1.1436999199813709
MB-5617,-9.89161455757474,-5.46692576041745,-14.709509892386839,8.676101478749787,-0.4290516310671006,-5.321737930367823,-1.745736371265183,5.681558189534132,-3.75786776243547,-12.346225443881606,2.5980756159705525,-0.7735597044324469,-0.8213981095664235,-4.88760749419601,-1.8672393307407014,0.951623478422901,-3.8391789203155366,0.13620644735262047,0.15609665672089887,-0.8568494744144389
MB-5638,-2.5408189565611035,-3.4351476432164243,-13.059054823543851,-2.5483937801409433,-2.9115810654498673,-3.663184245988983,1.1496076574879217,1.4700031447938624,2.4195584198407283,3.6029707147146683,2.605853682594455,-6.418476391120436,-2.3402051820703558,-3.74513033999154,2.2819029120548096,-5.522030297682942,0.052704437376801125,0.8626140076806296,-3.5561219881450317,-4.041108779192267
MB-5635,-0.6300873266023015,-4.90089238468074,4.9619874605867915,-5.750996404735368,-7.887940101145429,-2.0616248910689143,-2.819699839101321,0.8151800375544735,-8.902917568512438,-6.200934951036474,-6.5135828537650555,-4.769878486569049,-4.296481315305288,-8.037148745806482,4.027643531544576,0.9983659326783876,-2.2720192669253376,-0.14834464494205674,3.6177737074342593,1.5208660299069725
MB-5642,-8.785590834978853,-5.486488053485093,-2.7008492406105504,-1.845612186226661,-2.133046380611719,-0.2193155260673125,0.11740887841493923,0.41632828754772794,-4.265822960617384,-0.7774778814638467,-2.020825099347197,-2.1683225382616205,0.21365207487026713,-5.377492041165305,2.4057312552243952,2.6603406383012564,-1.5439744648558518,-1.1232963705929673,-0.15886647390998107,-0.4376224038203487
MB-5647,-6.193556301706858,-2.5630483619063202,-4.503952239762122,0.8294369623343787,-3.623820002356613,-5.546688690944638,-0.45338943688807587,-1.0593708431195088,1.6886763609240203,1.1971489419432375,0.4377604307732625,-4.589675268185876,1.8561425667262472,-0.3464651133229673,3.928031019104482,-2.1000495249370257,-2.2939197777084437,-0.9667048712467652,1.6749259816312227,2.4864290316926727
MB-4018,-1.6781890067340999,-5.349032001795999,-2.6587623205342945,1.311071863427674,6.848595785080147,6.9181142578239285,-1.6776620394818136,3.6433179683926094,0.2833308515168649,2.8577201570190276,1.451591066649199,2.9586701678874228,-0.26139354960432093,-7.122008099304269,2.502452324437407,-1.956810298153273,0.3127840234755935,-1.1955054146138357,3.2245964931676347,-2.6382300601189037
MB-5584,2.5952995384683573,0.7812247030011502,2.7659175619376235,-1.5678893998810592,-9.943748407548593,-3.7847463241526675,3.565079046414523,4.193673715954065,3.874451995470604,-7.260472021271712,1.6588820291016924,-5.837065101895628,-0.8868231718172095,-5.294813660990391,2.3090486753319373,2.1946065916805124,3.1264743632262357,2.699010950354419,1.9099802303402023,5.227566411675294
MB-5626,-7.306311738615135,-0.9706407620571843,4.206615857786319,-1.5425802267325703,2.0148853255980934,2.700828778485163,2.226323680837289,2.9043943568291364,-0.3113202350875199,1.5921761546250932,3.5495340220285065,0.9699286558408973,3.396733256329955,-3.100090222885526,3.290276995819866,-2.6849249908099595,-0.11641138340048661,0.15612394928369921,-1.7706561608359475,-1.9392392406884837
MB-5602,7.016107956461468,11.858984980009179,-2.9154223690630956,5.02921681079421,1.513822366744826,-0.24193972767929944,-2.6578493589108305,-1.2654716628400762,9.221908209934895,-1.3273221158791404,-0.15700736689875447,-1.518841466116377,2.194400128167142,-1.7053024871253029,-0.3810499698715472,-0.5992432599445341,6.698295852953264,0.9122064364809395,2.4565717051017213,-0.8653765774366946
MB-5653,-2.7295041174549115,4.650588207152617,9.222242035526564,0.9468248221324063,-2.3442622620868954,2.716234472452896,0.9523346910184333,-3.1994742358954498,0.16492662258904647,1.4723575349250764,-6.050354710049589,-5.723121954373514,7.527582777109674,-0.09368126331522295,-0.277696432398381,-4.7752112858672975,-5.169322961412613,-1.0055456044345927,0.4214825917670894,0.29842510184081883
MB-5576,0.5081807453455648,-5.74237644779337,3.388243836752781,2.439833455034685,-7.506888776806325,-3.1702212034040382,7.638054871721103,1.5503374171422328,0.4259822164673376,-2.657884806910843,-0.9818378723718449,-7.194927890068297,7.084964833679758,-8.052753612289235,0.6671014915091885,-2.3712146407911825,4.861584249382088,-0.9807626738880538,-2.7540139412268068,0.5093864682314729
MB-5575,-1.8557686575131642,-1.6635911138973354,2.194569482460946,1.2717136255444212,-5.083602730293148,-3.0491321862754606,6.900531196712309,-2.0238542179455217,-2.146911603975778,1.4602969621121538,-1.8253972740316315,-0.5491922214630789,2.6283193337049977,-3.8699838600116596,1.2219953246307587,-2.9724052214232826,3.8436579242224496,3.806017412983353,-2.7991445457539808,-0.6207202986642812
MB-5646,-13.912514063905446,-0.15777489739090836,-2.897303323601006,0.09496386059326563,-3.5487413015466744,0.02748036397495394,1.82022545652419,-4.766282076199747,-1.090412236471141,4.276363263146683,-1.9173531571685416,-3.1921199205609723,4.343978930124332,-0.8938508411298677,4.662189908443763,0.3684913841941581,-6.128755960877387,0.8926323538601821,-3.893748670765783,-2.4735496288365146
MB-5634,8.96299602034778,16.64625067980327,-7.874549139020437,4.366272723292205,4.802221709661594,1.7152941427065154,4.803285789788055,-1.5372409937140108,2.570455621634111,-1.0123679713647504,-2.4373631269047222,-5.362160929557631,5.314496803187433,-8.320452353463777,-2.5227874191760744,-5.166767543504261,-4.598807071739703,-3.941959853004975,-0.3458260524503836,-1.364916421657474
MB-5591,1.4902075599301958,-1.8848005096274194,7.54058879500068,3.1492034641222295,6.338839713981005,0.2819184064377863,2.2690963421730705,-1.11706000468732,0.4355412190602669,-1.0375438282824723,-2.954622424661249,0.11935154443165878,4.4614870405256895,-6.677850294417685,-2.5851095635795995,-0.3727361036548257,1.9033043397581053,-0.5908059181046765,-3.8590233764267285,-1.3230570527454815
MB-5567,-8.22103043702533,-3.080872669234573,4.131817560864201,1.0187368929026956,4.459378618527066,-5.717936652897504,1.6685345960108753,-4.333446237403493,8.590155558581035,-2.74892976084263,-0.3360672023254683,-2.1131550726783046,-0.7556287330868215,0.4517455818484991,2.244326901559871,-1.5216525068442548,-1.060300495872438,1.0246226849964595,1.530689211306591,1.689110976712262
MB-5651,17.256439044595236,9.355539735418208,3.068846573402825,-6.821125765103263,3.241883305117896,-3.3974236493558494,3.3727641651187557,-1.0566434372638531,2.1391950944277434,-3.2541643910287155,-1.5989346518829435,-5.293391691910677,-0.49847408355405887,-5.405368956866823,-0.581932253420416,-3.7641812921730704,1.0547935520103726,-1.945198587859313,0.2409183239514837,-1.2931832243516774
MB-5603,3.9381623552681755,-3.9788574806057055,0.429359129795358,-2.3975835725977452,1.3880090343899871,2.792393141583244,-0.4613493617062857,-4.55505794616154,2.114690458189596,-0.17505583329292396,0.49027749575727664,-5.26515012752848,-0.5242246522336188,-6.202490708401816,1.6800196490992167,1.3689115523791593,-0.9552005373478848,-1.2251860738967444,-0.981604498941314,3.6399902951124807
MB-5622,-2.4360051996465972,-5.437247335858318,-2.1598706566461052,1.623249038117383,-4.013422558106455,-6.850515422240294,7.352159699476891,4.412124213715124,-3.6543160982143723,-5.701551014747235,1.8390597515101474,1.8584481159833155,1.3030175730451934,-5.439407624715211,-1.6602043643583795,-1.8859922359549595,-2.66387044841913,5.23092608882161,-4.705626001483174,-0.987580428759478
MB-5597,-5.176856263343413,-6.662833191831605,6.46249355154593,2.1242709278292393,2.655345979644567,-2.755407615503014,-2.3702774677434935,-0.47695116597579246,2.0289092702495095,0.7569592179248096,-3.9410331997847954,-0.8114159860970481,1.4387142086403442,-3.897297796325808,0.431392071091007,0.9964306756695402,-1.6239988201035216,-0.4068975428690851,-1.8102258867784882,1.4810665473603115
MB-5613,11.646567360180303,-0.938387891728111,3.3659117446790643,4.370469217504532,0.6085084404016092,-7.263232940496713,5.304642261834919,3.1809019685499194,3.991381686168873,-9.382250686104419,0.18802057326390603,2.045758738773458,5.835819190740579,-1.3870770617536738,-1.8305717486972515,-3.0703991527949146,-6.457613536005963,2.6914134136075556,-3.6444879005819404,0.43025568784781376
MB-5580,-4.052982425115793,-7.9324124749609055,-3.3960836035040005,1.508717313629302,6.213827248553072,7.114933786895911,-1.0332992255212525,9.01359345448624,-1.4201419455841562,-5.773355555722682,3.8863193139388685,-0.48516595087841624,-1.6749705089730116,-1.9717955558725517,5.581230864585784,0.10729321152329538,4.100287693162822,-5.888282196771413,-2.8482760788818293,-1.1906166473563624
MB-5645,-11.371425506507931,-7.5065795727245925,-6.1845115694006,1.340993413836181,2.8330893306993556,1.7327639828531727,5.266278342238608,2.791740050775509,2.8683955660858964,2.552058485186273,-1.2936750479139631,-3.292984266544436,-3.3023966824811315,-1.4529036953635586,1.9572444628925556,1.4342936489793734,2.4099072545278557,0.6786257883035967,-2.0263895380065917,-1.2977195499577159
MB-5548,17.594400314891026,6.095420741576821,-10.049063877818893,2.710962432502504,-0.5589940616451566,-7.841429063754645,-4.524820776371528,2.6078781363091568,11.480075825530673,-1.184480346904991,-0.5287255680802256,0.5934735837416424,-4.29841811405253,0.6527626403752407,1.383950647746553,-2.270597167043573,8.140127452619538,5.247383052359275,-2.7018818901413826,-1.034323838030327
MB-5526,11.612907188471642,16.82984531878186,-4.258080361013152,4.800888846044267,-0.546188070015931,-11.592740125064218,-2.9641556254002963,-3.1827012353249278,2.283881466562365,6.201617590294761,-2.769665765811035,1.099824642307265,-2.5681286365524016,-3.5031686355198497,0.4855702442190327,4.404985913088096,2.9391869468068283,-2.1510830243555397,2.505815003436599,-2.106684271673403
MB-5531,18.820504303971273,15.69683610643076,2.251750968000493,2.9532948685307723,5.863930014023604,-2.0084081907900857,-1.116395545158098,0.7684145999352525,3.1799224693007795,-1.7975508619342069,-3.930390937319596,-3.5387428359751043,-6.362204241444507,0.6122318523485758,2.2524390111960138,-5.3076784785257995,-2.8182138443713174,-3.1842363482740073,-0.009277995258804416,-0.9919144005947921
MB-5468,6.8414659576540275,15.380354362124269,-2.375749836958739,-2.2034753056584013,-8.91795776605854,-4.969456511037146,2.818693971382346,-3.0545889580412235,-2.2118735196359216,-0.8665200231548117,-0.020318295182091266,2.988719736741011,-1.4147584640349664,2.9977816752123756,-6.803037459436656,-1.8598829246892616,-2.598381718402233,-3.3452223700590062,1.6083892197002858,-0.4397201885722533
MB-5474,10.8130227714001,9.738208338130029,5.209356612542669,-6.664572524560953,-1.734117818162214,7.19188727974952,0.6660942781747775,-4.073608258085956,0.5976178670106428,0.9494299432372342,0.7625906903985024,0.5988800604830279,-5.3306884807153265,-1.9462635548912541,-1.5115182951933959,-1.7381172055261567,-2.8474887876503168,1.5332389074546042,2.8267315541681866,-3.3900811611948143
MB-5514,-10.969601901164284,-6.126641508312926,-11.90518496701426,7.0715212302882655,3.544605152173033,-1.8549375765675746,-3.077392436282629,1.254466410240788,-3.499755667677684,-10.740585055022915,-4.166647638245146,-1.283280841278013,-4.9232591414462785,0.03821566821085375,-2.8516728337418344,-6.245197218624687,-1.7531740523546588,-3.095441934475418,5.325190184305407,-6.311074806516802
MB-5302,-7.744868062625317,1.6556977085036373,-1.9379281398406931,-4.109069364216419,5.396619000597435,-1.9274606715926543,5.0300178236055215,-1.0742223654664789,3.146909948617138,4.190724336709933,-0.6553737244776011,-0.36660712062835177,-3.199248925435173,-0.35133718230244354,1.526535206462101,-2.8568501212228283,1.4836795380438,-1.8263291697113018,3.868367741931177,3.0798619568689696
MB-5510,-5.960806912335244,-7.674405165244127,0.8338134741490161,-0.367048441057943,2.272533642598388,-2.9556193110400533,3.5739997229793485,-2.2181499905464173,0.8636121402542664,2.5698574723809324,-0.09540546955591564,0.09153987125671965,-2.682288216826786,-0.4812198869327002,-2.68287870298885,-4.342626231260076,-4.393536664656258,4.367972140070948,0.3827941055697078,-0.9380125920816185
MB-5473,-3.8047539688749885,-5.639288259071241,4.740391966786395,1.5300851812977148,5.379870488283105,2.9737279092927604,0.10720706756954387,-2.144338166617908,-1.614370799137611,-2.2915850204073807,-7.4528624603174665,3.5074905040352182,-1.2111352591078055,-4.316823150686652,-1.8864588732301446,-0.9000807329673296,2.052013083230742,-0.04362654031019324,0.7321319965126906,-1.3558483756562718
MB-5484,-2.6261691033062107,-3.1774901106509112,2.866199567795249,-9.70320810385789,6.786334498658626,-4.963099088580394,4.800417569324254,-3.246931879499028,-1.207545507513967,-0.08192799475572597,2.8473310346627825,3.6880157141823093,-2.213714200980897,1.526213855132855,-3.6565606887402367,-2.967220146344128,0.3251597277847477,0.11430026491709994,-0.42620499800220785,-0.4031942224849465
MB-5432,-11.575729083170469,-2.719603903450068,-2.327646614722596,2.1496212052135752,1.9825113801461263,-3.954542385855753,0.6653548590341344,-2.003418744420609,6.342304787317929,2.611562106269721,5.185033101872264,-6.712745628065094,0.21974983219162597,4.3218113885021054,2.694625500166161,-1.746488780804889,3.4692821392982434,0.5268587919632111,-0.05807863859701415,1.1428970531371685
MB-5525,-13.58818979241847,-6.073767778685321,1.4681778232435532,3.2564731939980733,-1.685527666649627,2.0409664079827867,-0.057465373455142535,1.9931144761099047,-4.860783756329349,-2.2599053953244472,0.7871254956395067,2.118912495039669,-0.09236308587784116,-3.361128956518239,2.0572901819782157,1.384401642835718,-0.510013296887139,-1.467248463981196,3.633406008577308,-4.187258629497403
MB-5562,-9.912748315846565,-4.098914528712119,-2.981051025476124,5.563704609871926,8.546092160017139,5.556209967760573,-3.2690742818016902,0.9536782453785073,0.6512019734597804,-2.838546533751446,-0.40030855085644573,1.977958053709503,-2.475134122955667,1.0025344849716242,1.6662907974912702,-4.246056869528598,-3.390963028683364,1.119710304842569,-1.0350920221334494,1.2935378571449814
MB-5497,-12.064514809455462,-6.40531031961912,-1.2323809942461283,6.951087150157198,-7.73940501840724,-4.636226330602082,-0.6532385564860855,2.6945260086036145,-4.210546973353068,2.266107601684776,-3.2318259194105288,-1.9894284091305796,-2.701685256988877,3.5832955104114896,-1.8832074050735061,-2.689840693126725,1.9540336333519768,-2.538187234551746,0.2180065551919104,-1.14471428186096
MB-5551,15.880717513129373,12.492554838996503,2.4101505548735407,0.4848571464265714,-0.8867123580656705,-11.17721997458036,-1.9595139802465884,-2.6680644116178396,-1.4468889758792063,-1.4333251969524423,0.1114248191174225,-1.0433740893103647,-4.215134968907482,-1.1814409097948417,5.638111926527504,-5.369384535653728,1.5394482663564422,-1.1023515334878253,1.0605290457405476,-0.40680795745327725
MB-5300,-2.1676622658178366,-5.664682226071686,9.758670335751662,-2.436183578052175,-2.2377667928841243,-1.891556206048545,5.616127212598443,-1.912994987429993,1.5120464355591534,0.349195793352661,5.313455209806798,4.577352361769583,-5.555333382863592,1.8051379193105324,2.08093918009779,0.6484456613237647,-0.9569011228148092,0.10806104488985954,1.5232083840986337,-1.7767166665438086
MB-5560,14.668033180250095,14.16030296508465,-8.46885519856096,9.353659112456977,-0.0877913511296405,-8.758097512494915,-3.705795634774982,-5.711322801850038,3.0370641761132666,1.6128570678597909,-5.757020870452374,1.5582941723515051,-0.7840684409110675,3.361055392698639,0.598304614606969,-3.9358642837289315,0.6695050471180789,-0.36707093223295706,-0.6301603536110224,1.4174317262493272
MB-5550,-14.527113106115598,-2.1731769770500065,-4.322136227372784,3.9710429243882284,5.336275949894203,-0.38067361572520847,-3.2177898676407524,1.4707416255040902,1.0187487571525575,-2.641083680600417,1.9879725489949365,-3.0678520521946133,-0.5922019952568655,-0.8608892529337225,-0.8786638744289081,-2.8320936974010134,-3.3786642349011093,-1.4235838353100032,-1.9924203387530737,-1.3746879003513968
MB-5520,3.6639399235158354,-1.4645733019240095,2.3303525025204883,4.286267742160501,-2.2621594192787424,3.583991082590189,-1.6758670235778064,0.553185910629316,-3.1517207753143786,-0.4946913214211273,-4.770514168276259,0.33691348982102265,-2.723206888072548,1.4794049682141766,1.905715269226689,-8.996283162256407,4.0634067756488585,-7.788019875283936,-3.332782478661077,0.14716014979572864
MB-5529,7.867260933344026,27.29905295410211,-0.36353375416637146,6.791187729132212,2.7627780153361896,-5.314570023749848,1.6576952161765441,2.6867791081386487,1.168480252000532,5.4538167869404885,-2.2294764646168184,0.06448949879676438,-1.3997782648637138,2.0166345836527055,-2.0825701919866466,1.3293711080645392,-2.2846435523967648,-4.057742902078437,5.410228323975892,-1.54225954391175
MB-5554,-7.643313342179982,-1.419343920307454,3.4888807448279575,1.8662650071195186,6.464144084957575,8.024394565620282,0.38641657408827623,-1.7751900437850787,0.8782911657307827,4.665275237418294,2.9362056579689386,1.1810874475789348,-0.3545846980763234,-4.195455382163165,0.4339607332490211,-4.923538681590809,-2.5057437306919046,-1.6554274772621145,1.1046930089843763,0.6584050871938935
MB-5301,-0.13558813760293692,5.441235884616628,8.563860224097224,-1.892228990487562,3.298021317682426,-1.8725454722307853,-4.193797422415408,-3.4048767061047975,0.6321431225409151,-0.5636625984342428,-3.4189858922523415,3.721408429337335,4.979600146614569,-0.5943501602159252,-2.068564457226264,-4.531396185572269,4.285546658377585,-3.1546660032699374,4.414625410623978,-4.0759668683939685
MB-4421,-11.124726367487407,-3.1672306617763586,-8.085501759412537,-8.737454658824463,-3.572086195028902,-7.032200489149114,4.880017761038971,-2.5356905978079287,-4.114231408911251,-4.520198518581106,-0.22683312898027816,-3.6549846998272173,-5.220212736675977,-2.601009581369326,-0.6649463793497401,-1.7626109407830568,-5.264676512129613,2.3270340183688325,1.6711839349537758,-1.0813390078746228
MB-4408,9.236806388245784,14.445943287636364,-19.784584240107968,-14.007899235900343,4.860186731593004,1.2652590276521989,4.769654418190286,-2.5175813572514234,-4.980436160089671,4.574660602336254,-7.255562902403541,-0.9490103059376183,3.9830559602258493,8.018204862555333,-0.6395101019529351,-5.74386876687931,-2.365969595169605,2.104652758092029,-0.14473828488269452,-1.624334046086655
MB-4146,5.666957383747382,22.22076189078425,-17.87108801778956,-16.72215643224072,12.586676004669576,6.123883945594491,5.984799301040212,0.9390023282145031,-2.5841407182771667,3.378288612677177,-0.9801789894964862,-2.4352886737928765,-5.544601767130523,2.576892282844466,1.6979721463098716,1.2892627846730258,-3.842445903229625,3.045991140160231,6.519133485869496,1.4263424757592396
MB-5534,10.459890037378628,-5.623298946825975,-7.765281661014811,1.145460210582173,2.5157498707248127,5.509899059229553,-5.496974097391842,0.1719196781024883,4.83540976642644,0.9254671705525549,-4.936568834489739,-1.82955292874141,-2.013590719359941,0.9134086632983505,-1.219055793858984,0.08468968283408584,0.7841598852021289,0.920989552592036,0.31623514530173014,-2.7174231771019732
MB-5521,5.037884488423143,-3.7147204928190343,-9.475874512909655,-0.030918778301881958,-1.8548169458995327,6.392053522900121,-3.6571370025439345,-0.4136374879473628,8.680263726150807,-3.290900553379982,-2.1551590692700344,-0.2669331325151773,-6.216869712807563,-3.9929331591587625,-2.6549996355071643,0.8030480985346601,-1.8078807267662675,-1.5197120910079278,1.6790429545815693,1.3097068849981925
MB-5482,13.40803129056642,14.552945348157563,2.8554696456517763,0.6352386121581731,0.27224340979758505,-5.999820700197729,-2.3952954040075514,-0.4601803418322626,-2.812522052688216,1.4074573946517026,1.594532731254115,-1.1392472458079432,-5.3381684252313795,1.509876860895945,0.3799632271458726,3.23459883650431,-0.7402741679730511,-1.423641486198234,0.3190632400826367,0.5008012102642475
MB-5483,-2.0424727430898186,5.1526368781532526,3.261205012217474,0.4618539659786624,-7.060414300343303,3.493064391691243,-5.884903368181813,-1.5617239463142434,1.9222781324670697,0.6512612166677122,-0.11403435320438719,2.3562267929665945,-3.6068546923825666,2.536473525542567,-0.5028214840455875,-5.052358796403133,1.414934234657655,-0.049481631960039546,-0.7921424004032886,2.2583247621457345
MB-5532,-7.459748805331722,-5.74156849759469,2.65460284839818,-6.943533250272119,-6.5763500726963695,-5.24844960088004,-0.32325426892432896,-2.2837717480009543,-1.8706835293312698,0.13972036533328197,-1.2642496159333318,-6.497955688654832,-3.042177151903597,0.868673938465744,0.45276613517728004,-5.537976750180044,3.1030258217305082,2.524321330267285,1.7591316414376137,-0.3820595854847017
MB-5556,-9.067163220096257,-3.990824974542052,-5.435649291723931,0.2494869091409454,-4.127599304612985,-6.399207245522774,0.17009994332263761,3.8551906851007787,1.4577287575048237,2.2875654895579105,-0.977886164979592,0.5339345521991548,-2.6568968030681477,5.613936911091835,-2.633495205721194,-3.7754117607717372,1.8709030517284777,2.0762756995034475,1.7194442710941236,-0.05565947795276786
MB-5518,-7.391179013276424,4.332436822471906,2.718871517505942,-3.4138794095053653,-1.148643382048573,-1.6445259043428302,-1.6813486939374656,4.084109160149836,0.015503314289732431,-3.690914973568121,-3.9774060080208087,2.3016700863490263,0.9328417206488993,0.16113839066552918,-4.79417181802764,0.20085463331877507,3.5439699644660725,3.275044117615619,0.8472420432434802,3.1025863451805846
MB-5486,-6.882697194905933,-3.435318076240819,-0.22914238411617746,3.564693609928927,2.6057644667161552,-3.4493525589897223,-6.329115888811291,-2.1345634747194544,2.956628599960844,2.8730578438368557,-7.009272786188389,2.0718015915813606,-1.242307253914942,-3.5199439547382134,0.33803371376993496,-4.212282564106291,-1.5853608425726369,0.9302070004754824,-4.566109840390158,0.7695342122857813
MB-5511,0.09473266684955034,6.665495562520679,1.1555413408062483,-0.9491577081538141,3.1683449253718052,0.5015258073503183,-8.300631643264296,-5.182494364170855,2.3508356321965382,-2.736680249942525,-6.079014764500138,1.0992591208362537,4.606726289485017,-0.5828907880363946,-8.933327706239997,0.07201573410108901,-1.7817020084589603,3.876705286077684,-3.392506027239848,-2.156623347515712
MB-5422,-2.290930572216287,-9.043070134948636,0.9863478306258647,-8.664552203594475,0.9163358834954874,-4.494235010181748,5.540410439836579,0.970668221889387,-0.12316447329834979,-0.4416737347821339,0.5120052309962236,-1.5075255592907504,-1.4200366620263896,3.075932996277599,2.865468206986147,-2.400457452112154,0.6282990104027776,-2.1497693449191955,2.7849203632633452,-2.637605638560495
MB-5535,1.0465462002333212,16.201990718886016,10.044651900059446,-8.406512870967495,0.6297662263751265,4.446590943762093,-2.6777821838643856,-3.0292039308791505,2.82586814468528,0.08687370243394038,1.0733381821853833,0.3437048624096254,-1.2345093875684925,2.8500881333250536,-2.473411668435343,-3.3879733396257827,-4.083936111431153,3.747075466793668,8.136180366439115,-3.511472014312791
MB-5477,-6.781378807482285,-7.052024031658817,-3.6095906974995855,2.249545710818188,-3.870246198740293,-8.138385486271645,3.999348508013959,2.745210711356894,3.5356032640671917,-1.1316231300320339,1.366786274470534,0.07161343226417372,-3.9245359221685723,1.330559016455238,-2.2137340392793963,-3.372969858849359,0.39802459352918185,0.8748437844411961,-0.7449261800626933,0.47323274713806757
MB-5472,-6.447012728693777,-3.8027080305394647,2.5191977935511205,2.812450865250995,5.150909912778108,0.9381425137348633,2.8513636723648763,4.922632565525884,4.190673736506435,1.8408737639382857,-3.3952489960393795,8.155604198114041,-1.5437682741460423,-2.715190770163857,0.7031062273783939,-2.842415465732025,-1.4639253748952146,3.9420699418826093,-3.320806276538732,2.093190413211861
MB-5540,-3.738512165112145,-2.306979064070884,-0.8740630960594041,-0.40466704093705785,-9.25835505067233,2.1063602181650327,-1.2401196176916698,-4.994320528791703,1.4968140612512713,6.478493216548769,-2.01212927917608,-0.08842858788832504,-3.1312118247436924,-1.5925984757199119,-1.5455105119862844,-1.9952613064345266,-0.7693365223789137,0.6785727511702928,-3.018969182898603,-0.7456994084390363
MB-5184,9.89994501375259,-9.140883403910577,9.135644382726879,1.2367733718033271,4.453953060880931,-0.45609395515622253,-5.163883460565244,-4.161506900359721,1.0304432579715497,0.4065288825103626,0.5410572902718401,-2.493152253203914,-0.6757819770946107,-1.1012022497143805,1.439183267793912,2.2257793816379823,1.0903564510666095,3.183285453334188,4.60007407757411,-1.6287212684895445
MB-5294,9.547306167049273,18.474409864821563,-2.8069135729944423,6.507327697540793,0.9312449391478455,-2.052966595715419,-5.004444716199991,1.978318233717062,-3.250652702580609,0.7632406190599945,-0.5091453396912264,2.896746688029911,-5.946203565222076,-3.0435979288829462,0.7949610819052598,-0.4499747224819518,1.3438274672487494,2.8680813736540696,-1.459690258488576,-0.44272682682804576
MB-5565,17.5513313439268,12.449105656991453,-5.780640187615899,4.347155649658156,3.1699568583150968,-0.057880585372026706,-0.31252646981404497,0.6769512431354283,4.802963904408241,1.8071371789706405,-2.3498433095673974,0.2518064196954718,-7.348213370687961,-4.250349116322267,0.3241756982732059,-0.5747766868195536,-0.06767631226667971,-2.5113003585292084,-0.32951368781422746,1.008675243558545
MB-5040,-4.5920889459003265,-7.080642101191978,2.466091992404455,-1.1394406670411361,-5.566665495444283,-3.4033581963907578,6.630473805319587,-7.540082731380115,-2.8038848106846337,2.733898068402183,0.19169711171875933,-4.801632311342203,-0.8655350043442185,-2.8970211163868695,-2.478813055710011,-4.037048499996135,4.5936889696037735,-5.081446192026996,2.7034030139267697,0.42580501782743857
MB-4801,-5.874125534050967,-5.89053195964068,4.386710353443479,3.836595178695589,6.428859053185904,-4.172466994066067,6.115196516558926,-2.9969110965615346,-4.134055377936705,3.504399590230183,-0.43466475967954765,3.6081123065828127,-2.291172830088928,-2.735929112203024,0.4477574202737301,-6.263687048172348,0.1139259220384251,1.0576093091452177,-3.8633025285743066,0.15627685135547054
MB-5499,3.9403290827700967,-7.598941567540413,2.398760151275836,1.7341217905519366,6.641851001602599,-4.167831278099317,1.0646443684089428,-5.6719970946267155,0.6342124272290316,-1.242676278797336,1.0609054728379717,-2.6731487497610176,-2.176551224314923,0.16951769487929907,-1.8904524765386406,-1.252633724959989,-0.7547970886339586,-0.7047083895561153,2.785015488225055,-2.6178926460797336
MB-5459,-10.28400170075191,-1.9572195296522688,10.076005152862532,2.3900696178574417,-9.321902299759625,4.230194159824706,-2.7264974420539128,-12.703561407549294,-8.076392286373245,-2.844089680366159,-1.0014754913663533,3.517085731732114,-3.0920647901007867,-0.8642283409637848,4.801402524582624,-3.1375754413864336,3.3127333831957415,1.8961086941930854,0.16442116140454188,4.308633918522078
MB-5243,3.78667320485813,-6.842902618177204,1.40011730331766,1.8374411326116604,-1.6080254381037078,-7.3864273257133135,-0.6474365494344354,-7.216433055811459,-2.819965307222638,1.0981848429648828,-2.122234036445566,-2.159666354923548,-2.058838557414255,-3.530318563235592,-2.0790927773927623,-3.2201926810943338,3.715965879952528,-0.724236430919374,1.477816129048251,0.9404616960325092
MB-4120,-10.37237376472644,-4.929760897269265,-0.02224155644756914,0.0944672790594391,4.986716353874536,-1.6031090826409595,5.235469902273277,-1.7544206175593264,-1.6737165622433727,-0.6998410837369184,-5.276588872120404,5.137726437420576,-2.9047079064251307,-1.850717971471376,-2.2008796737656815,1.1291009286002531,-1.7316991765813246,2.1052603935150787,-1.2748949045228553,-4.8760993283204135
MB-4966,6.069064590421506,-10.650997469607479,5.8064061686513755,-4.566942266387117,4.074893064385156,-2.2858341756856104,5.96932619128434,-6.030638413404215,-0.16994877459749969,4.620834578706266,-0.7075794659663792,1.5120501726202542,-2.840574443591407,-3.6874114822142396,-2.4200730031810385,-2.6635156100460238,3.025072057720278,-3.3116594205018686,4.812354501816385,4.474185158239283
MB-5457,4.798389639845574,-3.2823613208660145,8.938837004195193,1.4273447279225147,2.6281225063032085,-2.1315393970606533,3.844170093363724,-6.954217968976349,4.265625839682739,-0.2807544523989081,-2.4062454786181986,2.559983296069338,-2.912151334091134,-1.6930078951881762,2.486017335924116,-2.453871250441819,1.9264788476328583,1.1377316428532258,2.0195717299768794,1.331943114263771
MB-4011,-5.147976249510176,-5.9145203342542,0.2613998926788516,-0.1354988451103027,-9.313077623296682,-3.4393093740743166,4.29628191433233,-5.1782741614155405,-5.737304703246942,-0.7420567615176556,1.3645265817336103,0.8317168625508533,-1.1305211684962178,3.819473498510709,-5.624917988758999,6.157386698647144,-3.352668829667751,-3.396142449019696,3.2629294852937427,0.44495810480485665
MB-5478,-1.6550270432782854,-3.85888197508521,-3.737228345811624,4.424590185355303,2.550009884999248,10.53859829933799,3.7022816748995613,-5.048681986291174,3.3908955211202674,2.393860088950548,-1.525181965827053,3.2122634898122033,-6.220586411223813,0.04469773349672014,3.8780890175722282,5.044133870268664,-3.283788413847745,-2.4774383916934015,1.4589804136044409,-3.3128756357087403
MB-4822,4.085890769918854,-7.253634018327336,3.706659724779926,-2.2253338453415523,-0.5865368515711341,-4.719199049763732,1.5155854853148718,-4.009566127580876,-1.218753922707502,4.675623399619496,-2.423539023513206,-0.49422329211851557,-1.874876936139181,-4.786682626711374,-2.3921074528543746,-0.49026054174203426,-0.2170083604130043,0.32266260835079036,-0.3101535541206902,2.732893287453956
MB-4017,-20.4339911396938,-5.2435922455693245,-6.308156003415,8.9411846133848,-0.8132431404219458,0.3261685799018699,-4.112833078528204,-5.824277528597994,-7.711081447524504,6.539010620827422,-1.9327759820566202,-1.8976456479826518,-5.164890682976974,-1.207794408424282,2.838058058108786,2.3370355281939914,1.5026816189946615,-0.32646588490435025,0.4468286520498024,0.41943206552501494
MB-5018,-8.096385116346513,-6.216776831138015,-3.9485559953112648,5.988117710854032,0.4805675403279978,-0.6260214482313092,8.662669883308219,-2.5658260344364185,-0.7073989970363309,4.855036942934238,3.720384349837374,-0.6666916466616245,-5.05443514867937,-0.03802050480849035,-0.18570443063987152,0.9580548492313763,-2.7645602568217864,3.565238327626595,-1.8871109861222461,-1.1480663267170006
MB-4791,-6.9307667094714285,-3.2196053172748744,-9.242115015091645,1.0395451446193704,3.7650197186915513,5.0473062865022795,-2.0354127423656028,-3.936290222709711,9.752850073419706,3.40081996676508,-2.087385577654585,-3.8280032022826096,-3.2076279440761652,-3.569839254655945,-0.36421042296252015,-3.742129374501958,5.2226847059790025,-1.8259514059665687,2.5665087219093987,2.601720580140794
MB-5118,-8.470906753921076,-2.532584616396675,11.317900571579242,5.765907486745594,7.4242643813034555,6.492696286502463,2.30828399354327,-3.534245066226619,-2.9693786752648195,5.394435970611268,-0.486323556931637,1.3371527885842411,3.0061950883950184,-1.5320484978031406,-0.03520076988526817,-2.8087662936245286,2.1964246347199827,-1.4821209801640023,3.0303407231657102,-2.2943742717945876
MB-4806,-0.7413793160184025,-5.710946270540526,9.292670194154743,3.565289840694016,5.749830399448019,-6.959770033161447,4.922129257222112,-8.235131643914926,1.2059479019035129,2.154950540610135,2.7052489836787585,-1.3954970589756168,-0.15722012469044677,0.6211284029599456,-2.795451548615667,-0.9742061522933928,2.3376033720600966,-2.753799348572872,0.3454351795058416,1.3795169710979616
MB-4970,-13.611119264259703,0.02130128197239188,-6.2203444838573105,7.8368168146025186,5.157460836318503,-4.8660782503510145,1.5036250203614032,-6.245030725430057,3.6170227258231775,-3.0955967707363943,-4.163970892071413,2.2822428512855875,1.8027083314120178,-1.5885294419909672,-0.4629458714526436,-0.9245028058661746,-2.0016644822594687,1.99546718033014,-2.4396849875986697,1.0560816303376312
MB-2964,-5.0744742943135766,4.503511505305529,5.366600507313014,-0.009346959299693388,-7.060200265537132,2.2805389714922764,0.12570297566446129,-2.0501780435531716,2.547929048490879,-3.6486406221195673,-0.7628881933943246,-0.9492650233687481,-2.8076264717532964,6.977352237937779,1.5285913960943918,-1.4024476241285968,0.6206319814361163,-2.849617087009713,-1.0490495536639688,4.821688433708805
MB-2963,24.19645024883059,-12.957440330074727,1.7260757323932867,-4.958303037924041,-4.125337920142124,-1.3802486794012998,3.446205358271761,-0.22659559745611088,4.737332135169776,-0.8891703759856749,-2.016298657155287,0.17702771330116793,0.9432418107519834,0.8163369424326274,-5.915755061619166,-0.8334563440796867,2.572381733314205,1.732809279597375,1.5031103757033932,0.07351508919526205
MB-2957,12.150296402505964,21.353329844900966,0.29210190436277234,5.694388120570311,1.2079716727450498,-0.3100474319064526,3.6186072954044155,9.727139772762584,-1.9038124942858443,4.403904797940664,-4.691058438847326,0.5892607599398758,-4.064664519839859,2.6793894176342903,-1.9645697507435125,3.756002426522012,-0.053169465172581726,-1.4717334504407298,4.2290276600592565,0.8031318471641145
MB-2954,-9.959234260164074,-2.4150713470085594,2.6739058556020296,8.892212633054774,6.620109640440759,4.533376055054268,4.5131858779271115,2.3679864038585174,-1.318666278122817,-1.5866086577007703,-2.291259180100611,11.937966800285134,0.24973542832444853,0.46263758796043936,0.7196530580502927,-2.9974984677386423,-4.293329138603291,-0.06082971628181333,3.129103884339768,3.1424058882510377
MB-2916,11.080228827881815,-6.053075398647719,5.249633203639425,5.746637413254617,3.9185510145863236,-4.214947422550156,3.881214643696342,-3.127076258712908,3.5403979483523624,-3.63757862353227,-1.0343954092320415,1.6383442994832014,-5.362565144580311,1.6887323395726652,-3.505795749294374,0.13185248813922676,-1.579615193225669,-1.0448928736898464,-0.44539027188582825,0.44779342431628566
MB-2725,7.732954384964908,-6.17917603194684,2.1291910255417648,4.222926227748213,6.598921291293512,-3.388976707224514,-2.400879322265976,0.5383017437271119,0.3958382890689428,-3.362379376581557,3.287704564700361,-3.917328361645193,-3.147063897721749,1.9580552432983236,0.5701426451524877,-1.5016677098828972,0.22141546646745283,2.1127492889630966,-2.889935347379241,-0.3917597769160392
MB-2711,-3.5901111679323616,-10.457747358001148,5.223262913762951,3.82151280020357,-2.5805220854222948,-0.5049460088612692,3.6880217476523174,7.56500292648882,-3.74402695465558,-2.7030596394485165,0.6464740724421661,0.2756330083855139,-5.385887948718591,-1.8237413875194137,-1.182080576281179,-2.21878775462336,3.6334184679134625,-1.2616507141310322,5.3803856411105055,-1.520839617127786
MB-2730,-14.536095963172443,-2.2426362898383005,-9.529079359538652,8.66783283985298,-3.9948252086393574,0.6322527871231658,-1.087366020825909,-0.1555537848618118,1.7258478756202316,2.5108719964347728,0.1407089912846164,-6.6897989691377155,-1.3223527136548658,4.488349775388114,-3.214942057846095,4.702519389025338,4.262452699206476,-0.2904684312950216,0.10360748662235762,3.04504193593001
MB-2669,5.767315896389431,-6.533623642771911,12.022994587167684,0.3660496489655351,-6.213849358195483,1.3001845880173704,3.4786220555794394,0.5935586117344759,-1.4594795139807795,1.3155321196754308,-2.4335993927772317,2.1876819314199705,-2.463216905299932,0.6415925150014588,1.8992479986286628,-0.11973878685676444,3.8954514745135973,-2.5656489099724538,-0.859318197318372,-0.8280261884952999
MB-2705,-8.435067234292742,-3.150777098738633,6.392831303754224,-0.20337936641226928,4.963709166476452,0.8487287054935237,-3.193700944883384,3.5117705075870917,0.5502758204246371,0.29570525978760176,-6.047414415168622,3.832264059501766,2.94662378971606,-4.852596314527351,-1.4268576761129093,1.7339108222914683,2.3273364479129857,3.862349661633906,-0.8837163891974351,6.165595856173775
MB-2728,-1.3269593945850333,-3.0046338160078614,4.2291146470977985,1.4522822405068676,-3.0954476382629914,0.12299222885119443,4.397412067895984,4.0107294543500664,3.846402987952358,2.9140770209284086,-4.237393506887739,-1.2180417520216036,-0.3273510443033116,1.1294774435825636,-1.3166534071165914,-1.1779732011344486,-1.6598706368459035,1.9442778633869764,-2.469486594591929,-1.640338646738314
MB-2708,2.0315731374966117,-6.3180385753733495,6.77439299495347,5.40635600163131,-0.8796053582422243,2.516962356422861,1.8063429025434519,4.160225162016563,7.060574976336262,1.620399676842701,-6.807364818110605,2.6457033436062614,1.4400411528600876,5.23075517435365,-1.2151794778469525,0.12300118400426024,-0.34287835319600235,1.821458425423773,5.824142894778822,-0.42050826857024903
MB-2735,2.5800882765542434,-2.264674419375336,9.120382656920864,5.073443425243853,-6.372428773727964,-2.118463756495466,-0.15130214568271125,-1.2067441787561834,-3.727770814455188,-5.058819286108888,-1.7924286053818284,7.399582737004841,-5.456516740039853,0.4178717926661888,3.519309164834585,-3.1114091191143767,1.8435521881563797,-4.872583582145431,4.269245742279383,-0.7067728796894494
MB-3035,1.3811557617098538,-5.009427567722357,2.1407876905633114,1.0184758420249036,1.6155371502477358,-3.2521592644359165,-1.138290293672102,2.123202977583224,-0.47960738519032586,-1.5718492975790734,-0.48912113129153617,-0.6353858207219298,-0.4473821589953767,1.9394021957929437,0.3559296695138675,2.5167318279658875,1.0416041631975157,-3.50271390227768,1.8339728072755939,-0.7904433933651909
MB-3064,11.892390729300496,-5.288039254812115,11.44538533538995,-3.9627940444821435,0.3725726041569621,-3.943623654461903,3.996892847473248,-4.749977860456804,1.9302180751635234,-4.200461713358102,1.9486879721351102,-1.5390715518593152,1.2776272189237348,2.0140023168744885,-1.8433312825154793,0.8975896531669271,3.504955706146739,0.4886580997716111,1.4858956598103872,-2.57049671934279
MB-3060,-2.251868253854734,-8.197415289921839,6.021874876194444,4.992651020196988,-8.252621179382745,1.4157200103836656,-2.559268016666162,-0.2792663094483887,-4.959533400996895,2.678784858039495,-3.1741152701179214,-5.546617866648107,-1.9606392873226317,-0.28237096687229146,0.8649411118217545,-1.4641013781368541,-1.2134551002213174,-2.9738375530432815,2.406167396602523,-1.3220092651699076
MB-3049,7.818321158279347,-9.249729873378367,1.4312171517187833,-2.527429924228933,0.9924036815716202,-4.352922375830527,-3.1749027036298956,-2.416323493584053,4.407495987587726,0.658140007851757,2.583451139005846,-4.292447119662939,0.7190129996690041,-0.2879600667106887,-5.54129256624684,1.5857106665487972,0.979281157106802,-1.1015420160775427,5.6065567221333845,2.2022222139718433
MB-3037,-2.161507794703688,-3.8258018221880046,10.246536888086274,6.2723147124854135,4.908827625284675,4.36574888541974,2.0446125293525874,3.00374308391022,-1.6789077024523036,-3.0238882076026345,0.23600486858071978,1.9685910613857334,1.4707822856857027,-1.973446719545705,-2.4821305834257115,4.678072478709786,2.5068894670773796,2.9872070964814723,-2.4780128065314684,-1.196032219181245
MB-3063,15.554480134221507,16.896595019084454,2.604470697485577,3.6678764599070073,-2.532629706806456,-6.264445204018742,4.860585945083765,4.525224231533527,1.9921683479590342,2.4528169068648995,-3.0665096619427916,-0.6758780057095163,4.429754203208718,1.5299815249328164,0.3241619533817386,-3.4625584821468056,1.3941531405037235,1.4367586252270577,4.601201676055343,-4.033132034524506
MB-3083,-21.162538596585403,0.8283808755575882,-9.26468166775084,5.921710793492853,-0.7377042242251125,1.399507734084883,7.440696493432155,1.144814518251423,5.989701431518087,-0.22224414796018624,6.609015968328772,-7.15946244877921,2.9145925432568465,0.12151890051047723,2.478512071378901,-2.3828032870219973,0.7303312765608764,0.34048561688982215,0.26035743416949353,-0.35390773684490645
MB-3046,19.489894366251626,12.167655144398852,6.394811645105041,-0.32224949536470265,2.896391505625346,-4.5653951111351825,1.2310033385964674,-2.507066712001198,-1.072390881654289,-1.462409034419437,-2.438040957577063,2.1824696092722404,1.3663925028706836,-2.807082879209058,-1.363337586791361,-2.228772131149325,0.8359816223937115,1.8166517481733404,-0.7140621749407283,-7.547828879821446
MB-3067,9.872950708793455,17.096078068428707,-9.981136286305595,4.524785418068655,1.5678764865188064,7.270899870156512,5.430813538499564,1.9274993485742762,2.821333108797169,5.07950922819849,-0.5477755423985138,-0.579270522470999,5.354763981815011,1.1732647093327497,-6.4038292236705265,-0.8455036282750686,-3.5138006857215873,3.16942212633658,-0.34809194897785806,-2.321303284328282
MB-3351,-1.410753265014379,-6.154811312961022,3.144192002535009,11.939159804035757,5.12890923321006,3.5764769409120127,5.125478065407009,-3.439553843566918,0.0016544942556465123,1.9967273448490008,-0.8475520132882508,0.8669426274085922,4.851410600008065,-4.5223617036128605,-3.6631408293824377,-0.15144095719181738,3.5229956420413178,0.4398211760913847,-1.4761653211409094,0.3146411464399488
MB-3367,11.31851508634928,22.17146193832947,-8.91832005250856,3.810382077103452,3.9662642041015803,10.683708592702787,13.915643462471508,0.8596718157949864,0.18602157789410892,-7.0946746751475525,0.9839248365953094,-4.072035438454728,-1.6362069504890686,1.7520524860625002,-1.3262012032858204,7.854723727847458,-2.04438077123642,-5.319738141977764,-1.2227447036013317,6.536529051430782
MB-3361,-4.990730947508961,1.4319759523719278,12.366889913474434,6.772858982308249,-7.406096292439123,2.0952086961256016,1.2339746747725648,-10.109164280309502,-0.7461671508842418,-4.547495484247727,-3.4089511848916834,1.6834037779388846,-0.33162118372743016,-4.137211733560378,3.6892396247723545,-2.986526885338472,3.0872220266051413,0.024053900814055732,-1.9957218089782713,1.4572866115496677
MB-3412,0.4760390296451887,-5.766672203654359,12.470291392312726,7.230694941408806,1.2177646420338613,5.983951167028983,8.616448552634095,0.9778323031305294,-2.6826357907998366,1.1766601925295033,-6.247073389970001,2.2823007403793105,3.4008953383018263,-4.188263567082831,6.06606360606121,-3.803722307409983,-0.37188887874305865,-0.5141710575364878,-1.982476238349401,-2.084222589021267
MB-3371,-13.656604721834082,-1.1585475761365813,3.736795187546879,6.2887320860211275,-3.720718956490261,4.873102223327923,12.259517259372341,-4.5176744651117495,2.059364295031926,-0.10499045125141052,4.62092463810065,0.22666279950692514,-2.591003584534083,4.391307566305403,2.083116689168331,2.564058972345729,2.0420312725381424,-0.6948413503514355,0.500321100477298,0.9515276633314893
MB-3429,12.533243336302121,-4.636321559104962,8.554769448587583,2.374454096360247,6.42323029187967,-0.5567956053973107,-3.313584877221149,-7.234034802914921,1.9199074945326822,1.6083892434105191,0.5699197217723379,-1.6986352981165673,-0.42037570993575246,3.1743121654650195,-0.779290822570874,0.2801036309407132,0.7357212221957647,0.04104264076480518,3.9564398913513346,2.6282083582429108
MB-3360,0.3480236661030043,-5.212214554009612,7.305297544266129,0.42561553812079034,-2.945124872156272,-6.508647517965368,0.14868827821779804,-12.144081092445145,3.63971504791567,2.784375533251571,-1.6045441930609636,-1.2853743384608896,3.0890492149848785,0.5710878070656074,0.47775448380454216,-2.5594707731643127,-1.5075058527046046,0.2578277057363455,4.199194014233868,3.258063709834877
MB-3403,4.278431995087028,-8.300696608142118,11.791122158777146,6.9252442242591625,0.8334358415163777,-2.8964389089633085,7.850758805993645,-4.6196175309755425,1.140939412469027,-4.332490631499659,-4.443245440936622,-2.265959820932649,1.6939288094445168,-0.9825927813074369,2.731745234841078,-2.7866423097527666,-0.9327459923805974,-0.09760807465470442,-1.7511987314630915,-0.8552944071981147
MB-3350,-18.3009685251481,-3.895099602878241,-10.817849159724556,8.416309889193446,3.5193541145377614,-2.1260266759389053,3.580836763386396,-1.4940453414739798,0.09494026484123294,-7.64171222623914,2.177420728391706,-2.7480988681718554,-4.4427065688680285,-3.8256932502248113,0.9679934205566277,-3.7083368159761556,3.9099426556602026,3.2896449438888986,2.453620354130364,0.9000206866486964
MB-3355,2.1211585043371035,11.43278572634454,6.658669300584617,3.7805469969967005,-5.9045587875840715,8.184435912856207,1.0767765515268115,-11.623989444113228,4.739759974954218,-3.69668693628621,-1.142352551491988,1.1480493125024085,-1.2779533186257088,0.6983998793697793,0.4270471678101754,-7.39061978090956,-0.03407073098570445,2.397361014656198,-1.0969079163418884,-0.34910362015845564
MB-3329,-3.8352772523543637,15.623730135065786,8.528729055606796,7.932075144640812,-1.964665809491748,5.048131320094811,1.3694869809118893,-10.393283626029937,1.8394587414646013,-3.617738983921264,2.8947534163707758,4.217930670215804,1.2266591961256514,0.8264858671976013,0.007970543034045178,-0.388688726553003,-4.458232486511661,0.5480062862909816,-0.8005476181689052,-3.3775494122241296
MB-3467,13.947561392794373,10.093326989532866,18.566706603567827,2.441239214598374,-6.027684391296467,-0.8413554758011978,3.575202788529757,-6.288696743745466,-3.584818623027018,-5.184854841434008,0.7844513045584968,3.3738335321558894,-0.09445822870537031,-1.2187760390370448,1.2707465672883338,-1.3943145451565393,1.2213759136362214,1.9865287916929018,2.9658734911912967,1.3628470877394485
MB-3341,2.2712743215745115,-5.033932031745319,6.5815475134846,2.8645042257218303,3.6798875178883863,0.6094253955425187,3.3761215903955124,-2.0995800793511825,-3.4905755273362162,-3.3139969001606073,-7.400930273070146,7.612280819794683,-0.8201920818230679,0.6139747294432446,1.5953049092796208,-3.228111976636047,-0.17421431184567893,-7.892562401278554,-6.5860074991246575,1.119818733586125
MB-3298,9.335525888656596,-10.53202602714554,8.198861889339788,0.5572636021015182,6.309799944985137,-0.094850235996221,4.502598443593309,-5.504255119369686,0.2502671696771907,6.485100210296491,-0.5371676605742318,-0.3376143247393575,3.4160520599104918,-0.27954581021705405,3.07232228969122,-4.5057766554099645,-1.7282159503811654,0.35759907264741736,0.5021242823944592,-0.1531943566542523
MB-3357,-10.235686923147814,2.8781265473701496,2.680809155366395,4.127497068722574,-5.978039912881491,-4.230517005083385,8.506662492501668,-3.8253933172543197,2.468923045718883,-1.439667574631643,4.754088794946062,7.921973264317281,4.315680310127022,-4.546139969085644,-1.1169443346492804,1.5608365436893334,-3.3832145811784735,-4.105869351259798,1.286455692328764,2.1194415575035093
MB-3388,-11.815365880457238,2.176624747462799,-0.830679060033226,7.843225398176998,-5.3748566524063754,-3.045279123723046,6.750443358824985,-5.248735939952807,4.616536197836737,-0.37522098013775906,-3.960068391400289,-3.4653394975782468,-2.8947689606149307,0.6402327972965256,2.806357299781281,3.3633069938780857,-2.3704064221651455,-0.25299485635882457,-1.1503787570785915,-0.19429349599565432
MB-3365,-0.951928869220283,-9.718920503874141,-7.001301508843366,11.646592706334559,-0.8617676677688366,-2.2562428492562567,2.7857378397046055,0.7601730668850145,0.7559721137764057,-11.40168376979036,3.453930220113293,-3.688026922647501,-5.607366122988265,-1.843826320895991,-2.38890427879374,-4.349106311154842,-2.700612053587302,-2.824317786237129,1.0691160022763817,-3.6845738903344785
MB-2749,11.503436359912852,-13.220228978773944,7.9316894753494696,4.3195043146146554,2.4887844452301846,-0.8380299033722693,-1.4612531317858128,-1.27968500560414,-0.20070363385176618,0.733500952441452,-3.244235380232969,1.6368938496252186,1.2260892258021368,-0.6954987461785392,4.232544469189312,0.1666320129767304,-1.547158661218832,0.4838194752659433,2.413827706691513,-1.2892199222570213
MB-2754,2.596872638667844,9.23331739764199,13.058560007033968,4.472782438120275,4.2976990962201675,7.048516928512134,-0.5640418619982396,-0.3956936401023644,-1.862516921556924,-0.217115589418987,4.310851604107516,2.9854294184960044,3.195688232868714,4.774339167510609,-5.598594889866236,1.7327273681406077,-2.148814782224792,-0.6090858640776077,1.8587135574723808,-0.407792458718591
MB-2752,-9.372556154155518,-3.833084802144736,1.6146781049336778,6.412432976512191,1.9494438005174626,5.265678532970458,2.1148379697366124,9.534846736133657,-1.580239610456662,0.8833052563169744,-1.0114617525686256,-0.937542785871082,1.018961482475737,-0.27588790441852135,-2.4791611341961577,2.6447935641128435,3.3267964951502274,-1.6924042522355436,-0.620614093631778,1.5757418178269458
MB-2745,-9.257690440560568,-3.0353100320796624,3.044904136442171,4.33155593494385,0.38860509313755004,-1.7530226216337539,4.2425164415933745,-1.0595722659835036,4.657797945596699,-1.4584004637281582,2.5678269331700263,2.448860692747445,-1.967438000069325,1.4268774642290765,1.8728047421628693,4.306838571628885,-0.4444039782188195,-0.22526786292398748,1.5332553766009243,0.340396653237948
MB-2747,-2.2596564628801343,-5.642419860371209,6.570756843431785,4.921800317770525,1.1140680200932334,-1.7115017745402084,2.237538786940797,1.0199728573982785,4.894286278811793,-5.423348391594553,-3.721296994631496,1.6415673695954092,0.8255140765982015,0.3150473641044485,0.4138020152456542,4.1039279664603034,0.8324456441867574,-1.9113683042283998,-0.7779845501722742,0.05044264557019641
MB-2760,-2.6327733324667246,-8.70310385918205,4.8027904198837295,4.979636504873816,5.508164998683652,5.54626729581722,4.6916512800543755,2.3765349934253805,3.0073222211363593,0.7548296840599511,0.9773878864691647,-0.1464369270511585,0.6860870866366737,-4.013298340252743,0.1050974330284148,-0.5388017603312188,2.6405464605001483,-0.19642602061062542,0.8092550809718919,-1.9741821646720712
MB-2742,2.2920769730685504,22.120885281427796,4.299176035182067,6.153712770548878,-3.0605743016403295,8.495383911189732,-0.0029106150094604715,0.6240674730902116,4.1852038095203685,-4.17878525848852,3.9372959467009103,-0.7086149405748169,5.5374079490623185,-2.395003788682877,-4.925429736044907,-2.8723495941850286,-5.000531327995381,2.421003507031152,2.3764875518400834,-2.388884894213059
MB-2750,-5.64112582554373,-2.1520917009551757,10.8886059972605,1.5676445067549793,0.786251194203382,4.247195631128452,2.1309149288947657,2.007587184346043,-2.2670845423229617,4.08182125288785,-0.35264432728245776,0.2749320022386068,-0.18649375190612028,0.333144305714085,4.138230416921469,1.6002631912871494,4.030963408201761,1.4466512391397737,5.1465117465934,0.8036432825086359
MB-2753,19.46535378565149,8.5524793874767,-7.52116540245476,5.904758336592944,-9.210526570769181,-4.032493110527543,4.0607436723084716,-5.230662092101142,-1.109326141321294,0.8256868803707507,2.5822364787192007,4.011449564674037,2.51248909311551,-0.605511563810481,-4.516509421033308,3.7981834587359797,-1.0541686650957587,-4.940485910418134,-0.6849847803485078,-0.6549385748776102
MB-2966,-2.204091193041404,-4.318247822874373,0.4427464883063593,2.931524321615214,-0.19625249159429323,1.9984907054665297,14.403826738483586,1.7832605514018496,-3.4680190386871326,1.26545863976501,4.4265154476456345,5.771823078005499,1.2088298063947849,6.046386156693208,-3.564186411186054,1.9929713940149396,0.36150150244136386,0.431469862701287,-0.021218489116155054,-2.1404503930532037
MB-2953,7.265824632392982,-4.3620456085906625,-1.0615471052010361,-1.6260763049238016,-1.0375486567504377,-0.5008647842705329,7.366142206926376,-3.003885740931124,2.1642933688455415,0.33322880573112257,-0.09734979293537604,4.546020263387109,-0.419354921361094,1.363624779672648,-8.50548383843411,1.3078492588594852,-3.3176568874564993,-1.921529933057241,-1.733186443363298,0.9378806901346479
MB-2969,11.952510472584848,-9.423811681611385,0.16302916408380413,-2.363237603666257,4.080627699487229,-2.012122163130739,5.5293285288983025,-7.880882966947006,0.22104450926708757,1.701789378263257,3.0876584393993145,4.431403450916117,1.2209919926071857,0.6082110642488473,-7.527533521529521,1.5567960266191119,-1.964648541263617,-2.523282204699868,1.5719683844528167,-3.0538332269727215
MB-3014,8.66782312749947,17.677866313877026,-7.477131670696883,0.8333041686727174,2.6227903872161438,-1.6387884096480423,7.183854329868034,2.221686879762136,3.3856653820424514,3.6121622136370246,-6.829453614331333,1.6935676391636438,3.6452830753921783,0.5651777264907283,4.441419996305108,3.519051656477439,3.7017119809151695,-2.632321267703802,4.042140045016951,-3.428907808790966
MB-2947,-1.547660194331536,-4.093733221625696,-3.635602824779353,6.83794100794652,6.135944674660468,10.902937019867542,5.774803589297901,7.679343580760151,-7.730780298116527,0.1761143911368802,3.9190803601328184,1.2122826413274213,-3.4471756987668005,0.5813406897288179,4.727129876816036,-3.3592972005238573,-1.8586351726318033,0.2287553076431872,-1.0871259275671636,-0.6361037976580418
MB-2951,0.636371571538327,-4.843012497904687,-9.250788641083703,3.8541437912184144,4.6934547891044565,2.9335314758651494,4.2914880316066215,-5.115186160231219,-5.165601041936608,2.4184749430263475,4.851943004194834,-4.289359006143398,-3.8548259592423997,1.4067679083711528,-3.7512434534561625,-0.12593017351322255,-0.046240558750694924,-3.4895990232873877,2.2760325342338246,-2.9252236578806907
MB-2960,-1.4081674254833088,-6.177345341904733,0.5483017528257167,3.462938136846318,-2.761103445891858,-0.20208759008248678,0.9182966192701346,0.6986276795918319,-6.000292294570355,0.7007125847510043,-4.852168449589166,-3.2745955202558648,-1.4367535818341164,3.5126566221155797,-3.2530156267196353,0.5383628573919965,-2.176249417017074,1.5890129628097076,2.3209530358885515,-2.4604886710782985
MB-2970,6.665814384918777,-6.5827042588798355,-4.305920868977662,1.2322240733343524,8.663580414241359,0.31468895383955264,2.4652025773949404,-5.332922827906508,0.8713187455862235,4.0979751133733755,0.019695033630180023,0.8544871674621325,-2.7554934100575292,7.661556935161786,-3.985226618499282,0.784564395964503,2.6036749861086874,-4.027894992882337,3.2193614280267564,0.49410817894120346
MB-2971,1.0143018440592586,-6.668462188758529,2.524786063388288,-2.52890613029225,6.826429494011441,1.8793220592565858,5.42205195367445,-3.9047600423524784,3.7130748536480795,3.260490439111041,-1.3741386618217954,2.1441027608721708,0.969840322006672,3.507562840402504,-3.690938110803928,-0.8990605171024789,-2.294817859705174,-0.9032439372310103,1.9705091777368795,0.8588109080324235
MB-2933,0.5859616730292638,-6.447094653273654,3.8327481100793377,-0.6330043305546666,6.963873714208724,-2.2541018048663997,1.4870995149429458,-5.749879193523075,1.3788551940863474,-1.9121279747185365,-5.70048546054913,1.3938403234138472,-2.85400239797629,0.6956942156004416,-2.7069928546677806,0.9965820807828716,1.5507910395284703,0.21961861218130752,0.477009722331947,0.5034194284804886
MB-3479,26.15119166866958,-8.647307122873903,2.8553939651452254,-3.8356682841417764,4.144031227668811,4.843125307745844,-0.030450445082977885,1.2490795363914924,-2.5965835324183955,0.8551026748299183,4.0950936678640595,-4.5382229823671185,-1.9766546818213253,1.201243228489797,-0.7970035012831674,-0.2845735641793724,-1.7838280281049674,2.241487213276736,1.3465062912595707,-0.22016313633472903
MB-3490,1.5185386227635076,-7.294278491712475,1.2002766427960438,-6.612016963990211,-2.216928525701039,-3.608627446931265,6.684753555662575,0.22150517556881158,-0.9909057763144555,-6.958861890402951,-4.954777679456781,-5.406369289391449,0.8136727868547989,-4.012779968646008,-0.636451241186617,2.3081924608754933,-3.7628769219740925,-1.988950201072238,-1.7681574629491008,-1.9901388666390967
MB-3487,-14.322835076685454,-0.39492465737550847,-13.550989981923243,3.801759270059378,-6.870289379277376,1.2775242075881499,-3.294723790090753,1.2432386834200202,-4.137717363028592,3.0621502123588145,-1.4454437392959625,-0.8606779549298642,-0.5558990960317023,1.0366140052596424,-3.957653589170695,6.1689367446902805,-2.656730600953369,-3.8260198552308964,-1.5957913521211258,0.36531151678703194
MB-3459,7.366028639781926,-9.240085747902484,-1.7050679122101524,-3.343807639129659,-2.9731865152181656,4.961655965199488,6.314177864351597,1.1206567394973501,-0.32559089223496235,6.535459352967754,2.4605961225453803,-4.19953956896712,-1.7811763624111028,-5.28935367425946,-2.9264855289688563,-0.8132296378694972,1.9694068438588042,-0.16412280600637386,-1.294700943104635,-5.708213379460006
MB-3476,8.056280679220066,16.843639590476165,-12.679675508674242,-4.660699806749667,4.650882408111593,2.7696729565439795,4.437735525698475,1.7997478849087682,5.817874602446105,-1.182779414670691,-2.4013642156332904,-3.5239907693838455,-0.4363234572546,-1.1131833964619087,-3.553355936263478,7.382134707626394,4.700885226328495,0.028463757324089446,1.3983617961436576,-0.6618222103350175
MB-3492,-1.7374748657527466,-3.3249114726684947,0.014519456301800147,-5.241420388151106,-1.850717356517251,-2.09541820043459,4.428857320692112,-0.43382375608396906,1.1708976445507129,-1.7744453094297412,-0.9717604450641364,-2.012425433882349,0.455134944477025,-0.6404661124427875,-3.929274028843493,-0.9093803404231167,-0.7224794512412652,-1.8662383803978593,-0.8655931866012468,-2.4641662685170647
MB-3452,8.67986716876561,-4.334002876619342,7.139298419948968,-2.839356315202773,-6.382835857662363,-0.4866496834926829,7.233672948679143,3.0933379827137943,-4.879173183766644,-2.2676364342287654,3.679020713697288,-1.0184820342284502,-4.787454608464088,-0.9680727767365422,-3.0266242674550727,2.5462755847027276,4.773174296621166,-2.6360454126221584,0.5784553401448587,3.1589459052267372
MB-3303,2.731112597042044,-7.467629638778447,-6.87395761819048,2.584736654507456,-0.7104416055115368,4.379382978423854,2.7045909051504435,6.193730777749994,6.325191818155451,-5.503025938390966,-1.9126352576130052,0.8540451865102592,-4.272545139905463,3.1743476131039094,0.790090504252752,-5.815275527825358,1.6035523260038207,-2.0431542425623492,-4.274854279236525,-3.072711201715588
MB-3328,-3.810437614799247,-3.0757289324516153,7.839184362885966,0.5938383990290684,-4.2543972767467295,1.3143130976752293,7.866935480748599,-2.883056824591297,4.448169171966735,4.966650261769709,3.171834318904186,2.537842000812617,-4.176856512436584,4.971461358419803,1.1217752721900167,-0.6325279376120504,-1.594043829703791,-1.47591066241751,-3.424968684523807,-1.672161570505378
MB-3300,-7.109544157646103,-5.6494446170077675,-6.956105470132953,5.314822667662899,-4.640319392550767,-1.3469525555767694,7.345901492847416,9.65976501359345,0.4436152471218457,0.5985931480100111,-0.7903988059761605,-0.2459798592424397,0.38831073614239386,4.731767614127895,-3.527776765791616,-3.2260482967135142,-1.4475405818972935,3.5639568090116853,-2.518222617472351,-3.3625437300146275
MB-3277,8.787552716097311,18.66107447080996,-4.798270082965681,2.6640587533320392,1.8764911137023443,-2.2013405019405794,6.427392514989157,3.214367995715999,6.39632966966893,1.337628762383127,-5.3388878263446085,0.18706258443035528,-2.116519349605288,0.46611971313610956,0.6711458315321992,-1.7550842185338873,2.8547148492572822,0.8510988606549185,-1.8265674339623992,1.0224548373499749
MB-3254,4.503534266726893,-4.167966489233152,9.890182258476786,-2.8167982245953134,3.1064366749272834,-3.7122523387140625,4.750850126814764,1.048009428186946,0.5592493445648219,-1.8957772719885138,-1.647837318427247,0.653142953765061,-0.35132047355087487,1.7660595382357474,-5.754090635579968,-1.2829703591319714,0.2936239150093391,-1.1151648485152634,-0.260994504951923,2.6921341140369712
MB-3275,7.912959734842542,-8.399461088848142,9.154161150132673,0.754643536884064,-8.020543661317902,2.06021920021291,2.4277920541760474,-2.429073540634722,-3.242766265384775,5.342359192411109,-10.114971730972403,0.0562821092944094,-1.030498165311158,-0.2947435144829308,0.8913906958378437,-1.0138815530883096,3.9185098765014135,1.063697799350913,-2.2204574267262998,-0.8333462639456033
MB-3272,-5.709150297900078,3.7217340428116885,-0.9860564167994301,10.3936127754455,-0.5427705423699991,2.292902249342462,-6.247375932146567,-7.307871385284768,4.486166642331582,-3.7797412233767216,-3.8408798951200906,5.695435964702328,2.349468624111597,3.264888103426716,-0.3124779269916199,-6.421399897381314,3.7251316922942155,2.9951631297556633,0.6750679853828029,-1.2471159404828593
MB-3271,15.83402172583733,13.502516383665153,-5.2129251895210285,6.46799547495383,-1.8122571596870225,2.4305400566775317,5.512253002152187,1.9848992727640524,1.8943269004805152,-0.3835280920804464,-3.6679396763009864,1.3527671909215246,-4.325202635194813,1.612149720790408,-1.159430474810783,0.4336270296751926,3.7748546293041665,2.7774658792795544,-3.338594721984109,1.6846301995700677
MB-3292,23.10286528686696,16.14657467156664,-3.864707768177757,2.2394405708135454,2.5630765043303323,1.07480385041669,1.7153709215018698,3.2869313694501066,0.17119449468098694,5.922063597565698,-2.1304227748198836,-3.362508100085173,-5.08499616819357,-1.3371659774239097,-0.2553740279557497,0.2888112007404015,-3.46762547276425,-1.351497013647663,0.07653086920935089,0.2543275608271957
MB-3840,-17.092514796420406,-8.05756722204742,-9.256442725829164,5.276666239539545,-3.1782078331012946,-0.47821742248132404,1.4307499743429324,1.4702328588851354,-7.924165027463277,2.391854665556877,-3.577471076854958,-2.889364642540126,-0.9022645240704674,6.254670236353947,-1.9929833365575176,-1.7683836162254556,-0.9323269929210662,-4.32707074361726,7.60629294396933,-9.83442302664456
MB-2536,10.642203773813474,-12.350662735393175,1.9865199673983727,-1.6302657754296763,4.376650790257165,-2.026091763999888,5.5345344131699905,-9.021938645354062,-0.020139385540155253,1.3058272128081203,-2.6705223473558237,-0.026484994875367724,0.8667003076402111,2.9176462526146185,-2.7504870981306255,3.7148346014128877,0.4097622612748463,0.7488986639466025,3.277485667567575,-3.05051538207263
MB-2564,3.103322193169203,-4.647913949434091,6.424156713745983,0.4137217079120519,6.8106675286386436,3.8172367127959097,3.2228889232501814,-2.746577304467432,-3.1534186233005457,2.1218956417512107,-3.6813865794562046,3.8524554658070387,-1.9837034657001122,0.2745091256372377,0.97285956687254,2.3310180413445436,-2.918684695275249,-1.0680018182158397,-1.6549602582963598,0.894448655950604
MB-2513,2.235652972023294,1.3750904268997752,5.094696539476863,-3.1968271085540985,-5.748233982737622,13.788098215254125,-2.382843697110932,-8.128317796909991,-2.624703756602592,1.201230568396897,3.7310454459339026,1.9476717248561475,-1.7442982802409952,0.60687378733612,-3.8766708013545452,-2.6209830710510422,-7.5002418347342985,-1.239912652616856,-0.08386935171765916,1.0315330013325292
MB-2617,1.2479064018120842,-6.234453058434217,1.793960481237617,2.712349577190451,2.8573130655276575,3.5168665325770276,5.492397797688024,-2.5460794001287113,-1.831306268313402,4.678027334502218,-5.623184968046169,-2.6146570319424254,0.6147396725250098,2.245938300346547,-1.0567551958686927,0.04253431699372978,-0.15592926983818842,-3.097407821184735,-0.8832559473311766,-0.43161410556278745
MB-2614,-3.1125748342503328,-1.508595761648189,5.588818764384153,2.8759583451177977,4.927987761809804,7.889987545817784,8.810086591417937,0.9833382524939677,-4.912881109349595,1.230456966976064,-1.840532771610184,-2.0540852223060164,-0.9945527798447134,0.6866372757097242,0.37286674625608723,-1.1319050464484224,1.5733859157120749,-1.1621462994124645,-1.0947752078590536,-2.2393688233655045
MB-2632,-8.555195315828145,13.456456477736213,-4.192516380936471,3.124647399797983,-5.016300847418356,4.649577797564295,-1.1924097770096862,-4.749987445278251,-0.9321761053996731,-5.752355768232618,3.819842148242844,6.851951675284361,1.2069641916833591,1.0841926597291776,-6.111990970259257,2.97228332780784,-0.4728872594994157,2.3600269205846702,2.5164615346809303,-1.9155751823700748
MB-2556,26.911536810911887,-0.5177442815781519,-4.56104316061141,-2.9148466117234073,7.948271423305227,3.9768582860486164,3.746793403059625,-4.613482509091971,-13.208227304714514,-6.535762936217955,3.305243557080009,1.0209697028152398,-3.6774455094274185,6.158453721362036,-2.817021047807006,4.664617981149758,3.4183570844067015,-7.110606383727143,-6.775637113452622,7.998634568541456
MB-2624,10.773607850641778,-5.045659491474237,5.086137746720125,-1.6354182569889042,5.806860166926816,-1.3760579044402703,6.408106476831936,-4.321182355412469,-2.4028621881530814,0.7213856285662003,-0.03103705335533676,-0.37201141205199834,-0.1578798196149363,4.3871658322058735,-4.1496117976649565,1.5736027534757069,-0.2871664573649018,0.1655559870642126,0.9228199703750357,0.1650362398888998
MB-2867,6.374266750771748,-2.8345849397554663,0.28689298241388117,3.5150958032631063,7.072330066850702,0.6188468357105072,4.278142039327335,-3.4704656564588277,-1.2322440351756012,2.4414092206491733,2.4634565941760687,-5.608522210778857,-1.082924143977265,4.249641065902632,-6.057242966881948,-0.034382315243437864,0.09665380686255301,-1.2455707592366907,-0.7796686767282534,0.015527287988971778
MB-2922,-2.5717427303730025,12.05195524518146,7.713915480712171,-2.8982439205040107,-3.886676424800345,7.15933886912965,3.2032842840121654,-2.589476670468217,-2.9286412862754507,0.5633810927999251,-3.3800836638603053,-3.915824399630204,0.5100429021262479,0.24753568574683024,1.3741158461683558,-2.3435537030802585,-5.5333203912366065,-2.3620499226294065,-1.9033023271439793,-2.5898442749014357
MB-2917,8.763299490896536,17.508066743790103,-4.302326917289402,5.767223364539351,4.737926498544569,-0.8832860049766832,4.654798511729045,-3.0447300751337396,-0.717102591459469,-0.9480676380293177,-5.148025274434447,-1.7506435551789896,2.5705481845587137,-0.2205523872524739,-2.4706580605010586,-2.997062026182651,0.4841996547521786,0.7434172087298876,-0.21592340397364318,-4.300822220670313
MB-2858,-8.93510176694025,1.200449188551802,-0.7427973944828306,1.1176637215737533,-0.23969173618594378,10.017981497219118,2.554496092661664,2.5981504130300728,-5.132927974525712,-2.192475018698267,-1.7634192548975696,3.2267063180989686,-2.5152333596597156,2.3308354555302517,-1.5741209337892526,-1.590480250282189,1.6885881688977564,-8.364699078754658,-4.700139997657355,-0.4989507288473559
MB-2854,-8.846261663102892,-5.420281388586005,-3.7793580103639006,-1.3934308722172841,5.189243589022704,-0.46891227421905946,2.644357556103369,-6.67349845070566,-6.132524019055095,7.780359482474154,3.3993707266368913,-2.3594269887836363,-0.014818099936450972,4.281556926742642,-5.743354190455497,1.4322920306025329,2.618155065117502,-3.231056782512744,6.262233007849507,-2.2594102776229885
MB-2853,-5.072225653177508,-11.050454993300557,-6.855617743214094,4.524151077829788,-4.842728434105956,1.3757485923571164,3.5647210264680673,2.05775702949241,-9.905833236432045,-0.8830858693903146,1.9210909198795705,-1.4530429201002346,-0.1331591725516585,-0.07841272400513132,-2.196291643371634,0.9464665860493169,-1.9302955738213887,-2.8879076877952516,3.2672478806566376,-4.693675704661455
MB-3235,-1.4995196233370822,-1.5101072758303318,7.843522881902164,-1.0143956920960397,-12.688069094700568,0.3870188085535356,5.670715558345644,-1.7293728645760682,3.8244822862976005,2.003958097707007,1.4664716144407868,0.25722677121782583,2.4954485009809315,0.5105466561017891,-6.3309857593106225,3.497621461008665,0.5592501966608353,-1.540811658027203,-0.0805123208665863,-0.8541680838409673
MB-3165,3.6032899302756003,9.195841315163536,0.8237985750611858,6.671513021908031,-4.348348417983927,-9.24758965388262,-1.136411601478996,-1.4590254219537893,0.344921556126561,-1.9684053332974432,-4.161715571237787,3.0918715261817886,5.503995001152316,3.118202390317369,-3.5885849580139197,-2.296835629849242,3.6241136041104784,3.062414102546235,3.158709312500638,5.277971671922563
MB-3171,-4.829443354922277,-7.3187259896379215,2.934847487217731,2.0514970630891263,6.188262287373489,5.158649329933193,0.8943507771379636,1.348896735423326,2.7202456744352577,2.81111320328323,-1.9449598538161996,0.24000015953858755,-2.936601215589731,4.206604379983666,-2.198054077205536,0.2979826738558925,-0.6994265809211038,0.9349690818948109,-1.0833136077514598,-1.8956944627730876
MB-3167,-14.762526246393188,-0.20058445388962107,1.8526880984494787,-8.706318720278745,0.04472424584060425,-4.003404403104287,9.609142332887052,-0.9982444057121282,3.3816910929114714,3.634704751690886,2.9016241212219955,-4.228087404635723,1.1221839634213087,-1.9096887160734384,1.5774620679317173,-6.223972489105674,-1.2253887341007563,1.380563931637787,-5.328894459011323,-1.5766093583277923
MB-3222,9.05093084112047,-9.80337916389517,10.885082473123767,0.793847129492654,1.0966048727650664,-3.7279674067755715,7.424584597209176,-1.246619464141821,0.3590311395503979,1.222685810383229,0.440806747418239,1.2201340469975637,0.7530231565209643,6.27275137974659,-5.8671654843978,-2.2527127755613554,1.7416034478433442,1.3823116551932613,1.5292891281524403,-1.5920422130319016
MB-3706,15.231124850542427,19.648936674274196,1.4460278332785774,0.951014646418118,2.309064957424968,-2.345012961163854,6.729091222289829,5.7429623302000605,-2.9776647546773183,1.3948103652909198,-2.910233983448032,0.047098915376331874,2.379496054350715,0.3470171683250362,3.7068477777999886,-1.6216856779660656,1.023284111407815,-0.0708454748379903,-2.5876444643276586,-3.5909427565786696
MB-3497,3.8419040092225605,11.685272180147798,4.812266472515785,-3.694700594769351,-4.341744123079892,2.39401674796708,3.29728095303506,-6.275275861300953,3.088139367982223,0.9968755878221426,3.370694701128065,2.0334722959854328,3.0822119527019787,4.327417374192345,2.7513873677399263,-4.291405185254574,3.5135850273569225,1.568236041091961,1.1285591046678,-4.316993305932303
MB-3488,-10.00050860276971,11.617290857148415,5.614481446094588,-0.5432214412042385,-5.099546814514978,12.6043399792586,1.055331159683525,-6.385247094542713,-2.9947552568022155,-0.7285824908577624,4.301675549838201,0.10161260222721782,4.325117360758982,1.9312510770989297,0.1742931910567724,0.4353420297646633,-3.359119245592152,-0.15068774873039473,-3.1377412214885263,-2.460363574428685
MB-3711,-3.225838369034743,-3.3007123532071843,1.948531750127115,2.34665054730876,6.167464946639744,5.675363737153753,4.181220100912165,1.5280522494991602,-2.7206951569433255,-1.0084476895444807,-0.9496499769629775,1.0898765187990243,1.0342013429827857,-0.34654219515093526,-4.471731199912712,2.1365654896369266,1.3555346929367307,-1.4533238211186563,-0.707503427339485,0.044236890066083806
MB-3548,-6.498364075795544,-4.421925240722108,-4.11390375465532,-0.3471392333134291,6.723925508873013,-3.185643553116114,-0.11598546044759181,-7.762627324394626,1.7609214339202286,0.3001659153993949,-4.241554033520117,-1.8762938425186604,3.701509800475636,1.002456456531708,-2.8178624440539353,-1.750633276211203,1.8573367895717638,-2.9815563457702474,3.9121894296802195,2.2049834806906157
MB-3506,-7.907520072623983,-3.1545487863030974,8.56764067221,2.383855701432686,-6.207005532105214,0.876651334188241,9.829435583671778,6.537611353210894,-6.73373318268042,0.9457622661554915,-3.6347019855986757,-1.9895728466754088,2.549132315756665,0.9503871416463439,0.5256024072487425,-0.706324414421034,2.291402087313965,-0.9180575878131717,-3.808840041415546,-5.423687441385404
MB-3525,-15.273585329192093,-1.0309551883228196,-6.041493715804426,3.6770738404079126,-4.204881105207122,9.084396435390282,9.542274920269223,7.190158782058239,1.2382105859617685,1.3000981991108371,0.44890032077381753,-1.2921698300808808,2.2461953660453835,3.5120903057828303,-1.6157255002972641,4.365516257989691,-0.2791794259820202,1.6120004449997203,3.0557807185005976,2.137488276153296
MB-3606,4.302564516754732,11.542708166129339,6.94743704464775,-5.936661976728571,-1.6053920029089976,8.232962456165021,1.3585684013882453,-2.806497121735586,-1.6711253327805204,-4.695053659013714,0.43099296566281486,-0.1697506934990322,0.7297665761284859,0.20508178418363124,-4.606495063246143,-1.3190652423717706,1.052787996654651,-1.567660804854452,1.3585553910546169,0.04287755922782031
MB-3453,3.546324141417041,15.506665848808932,10.905048855147145,1.9564459889420631,3.2370752144104125,2.6317302263225324,2.1808133740984617,-2.784009442098692,-3.5177991608004335,2.3538423516757296,-3.144480423857769,-1.1055291318318758,3.698773186178526,1.5324423023447593,-5.089614459626279,-1.797951652759949,-1.5174591315217856,0.8147789478291223,1.8744632561963785,-1.0149291766788657
MB-3545,3.0690853111544323,-1.1042581619295628,5.438139710755267,-2.2066373051330648,4.28361357408018,-1.5617604167781511,1.2265987841417096,-3.761399673169787,-1.5048120257496767,-0.9771845289880104,3.0684153646818904,-4.110901795080455,-1.6512126269309568,3.2374489657752434,-1.8387518094727902,5.217632290121059,-0.8367357875104577,0.289859479191034,0.28498969173016925,3.0171842288913107
MB-3470,1.4809057207451315,10.700212963335396,10.275699935474634,-1.071953794213943,-7.038300185399425,6.8685823116533955,3.166308273315513,-5.118445694834928,-5.175182706757248,-3.7721696104478846,3.498107743302949,-3.9847446893218503,-2.773611954250648,-1.00185191678137,-3.6565148592769985,-5.921156308504748,-2.0862626772151507,0.7830602944861503,0.6075547120110738,-2.4901492487082413
MB-2765,6.792345280845982,-11.745718979339118,-0.8504282197492106,5.39590234999113,1.1884379468037107,-0.3499516165900901,5.594421268826681,-1.0573928557621999,3.7701355276611492,1.5256824192395873,1.4626155899252749,-2.1060488235908066,-0.25264658232168813,0.0750279409170575,0.5900260279243905,0.5513435077869642,0.24771621221674714,0.7113863681318168,1.7372666682782196,-4.4063773016383445
MB-2763,-6.675521461761233,-9.698173721725084,-2.0237581309391737,6.959575743159023,-1.1945524899931497,1.1807312404355943,-1.2671231051659164,1.6759409017825602,-3.2012769051325676,-6.10069267080988,-5.152595469211651,-3.033458633212406,-0.47501710617437526,0.4846136093486418,1.4223443095385095,1.2351766858058182,-5.070399023046058,-0.1986917962323274,2.306705478184905,-5.939623792148726
MB-2767,4.194830962361841,-3.838196989384428,12.245641160237266,2.504602653981507,-8.008239113125223,-1.9508394963262456,8.358581320565014,-0.6095128150946697,1.9003811350852566,-3.3116096338355594,-4.520595860522948,-1.8412508940319097,0.9659625919826214,-0.06499041964888179,1.132532857868098,1.8546240559628795,-2.3540246876824527,-1.5584126906820182,-3.50752335927092,3.562088445662982
MB-2790,-5.522307448841268,-3.028651810084573,5.64952659844516,5.709703854449034,4.675473832099892,3.2187406266617655,7.182634560166385,0.749246199513269,1.3394386227502078,1.7846233199302775,-2.953331579437375,0.740550917145749,-0.20120568227043714,-0.4306996962028394,-3.4565142164004135,-0.6726280996168269,1.355926659242389,-0.15556422897841715,-1.0964527264826547,0.9477993724279139
MB-2769,-0.33265681175241607,-10.836452855149657,-3.246855635945209,5.187469742030581,6.2154860246814225,-0.48638165336316685,-1.2700267200557345,-5.535786606062475,6.132710473975557,2.5970448721206187,3.63261238131938,-1.0220553987509664,0.038652610235212166,-4.294646782641958,-2.4431894990496303,-2.5357315507773737,2.1366593726036958,0.903963525423885,4.34641775243146,0.7772688479654389
MB-2842,7.138821502454797,18.508669037950572,-1.4855504351049296,7.198389144288526,4.016252716993664,2.5198814235331968,5.118780597445976,7.114061519508249,-3.032477219551406,0.5853113782446613,0.28239546424790696,1.5160298788391315,-3.2626315178926277,-1.8751689551971533,-4.399262240272866,-3.1064224358072083,-2.435747089803952,-0.8175169338121203,1.7240083024363368,3.865797844995759
MB-2772,12.888306838450955,-12.154204884080718,4.954884404639622,4.272292646429095,-4.199884467622763,-2.030993401252652,6.409087014050017,-0.8806118199122426,-2.5069626780603116,3.4944317240982787,1.0435779731991042,-2.4293763589391157,-2.663007379487966,-2.476797146381016,-4.333691376070562,-3.7696536004334695,5.646733376870188,-0.9954185175926594,-2.1252722411236395,-2.7072862242088953
MB-2779,-14.480024233458751,3.130464211039913,-2.2537141130736256,7.128396637956774,1.822945128939316,7.210334978787972,-0.15556826579969887,0.6693301144804352,0.5256838412257027,2.944255602377738,-3.7552696987151806,-2.18546745189545,-0.4038929832982473,-0.17640020838473705,0.8268710761258327,2.4030494105175375,-6.778396644539988,0.7076683422514171,-6.2835664716495225,-0.3915433641042101
MB-2774,6.285468307297969,-9.423043724012578,5.107854792094606,3.096600608208846,-2.8888265854013517,-2.090289480555279,6.726466450845652,-4.178681963576398,0.9475106946263794,3.451085004430885,0.1339802279304074,1.141287419845076,-3.077160096255999,2.4240579449727253,-0.8348947247227104,0.7826747042966621,-2.3909988201835874,1.619463238769371,-3.0572966247836244,-0.45743300644772955
MB-2983,-4.301288049092568,-0.08328175655281446,4.150367911666533,2.169364457178953,-7.968825419575975,-2.2402326553770973,2.6269873537484876,-7.320068844127672,6.518431969131538,-2.6310161181191067,0.8536220680486866,1.9241583331463459,-1.412944303691552,0.32038591633645114,0.1717941537828723,-4.864609212815584,2.2831726100221186,-2.8897964342542846,0.1252596217565862,-0.024595317500082703
MB-3005,5.696178428847179,-5.933805952524573,2.4691464676293093,-2.984343283910093,-2.2199308821975463,-2.8336336682331114,9.648016967403052,0.31410904419313485,2.1104518286527734,-1.8982075753919079,-1.0317662795294635,6.665665827480816,2.067077767145391,1.2894672122180115,-1.8875962010958003,-0.6666419652943978,-3.520819954201812,-1.376860202135184,0.47877698351250075,-2.6393160922594063
MB-2977,6.16071330977044,-11.518419210121406,4.93107041997984,3.289073975953216,1.9309872267499373,-4.948621424855105,3.4061434137322726,-1.8652834508332476,-0.10318366252709282,-0.22873534684625615,2.3063979182822525,-1.730681066129418,-1.176765149439308,5.071961728605883,-4.8990492321527705,2.095944522411131,1.115359820063005,-0.23270866707697305,2.576836636979942,3.2015211988643064
MB-2996,-3.2766957053865573,-10.133417068655744,-3.656850456900762,4.5662389321187895,5.1886220958660685,-1.790104531530072,2.4234640750049032,-1.2361170485478443,4.783994220102587,5.076436775791325,3.087104427198511,-0.6816874030819423,-3.127842880173109,1.8752953591635324,-5.499691751457286,-4.926755046672596,0.9676111915521224,0.26498393116402597,0.0481217658500118,-2.863431434100426
MB-2999,-5.808817147961886,-3.9150613421134732,-5.454835215955272,-3.4517240689832343,-5.293642145339896,-5.845896352254623,-0.8357886342369741,-2.714712210795076,1.4359295078119152,-3.778982863691935,-2.9600867586875887,-4.620167769893044,-3.693466512713602,-0.5503033685837398,-4.309493852795842,2.3734973880726176,-2.4410712344774197,-1.4052099608034057,2.4276090636067242,2.750205876096854
MB-2994,3.644405785562911,-5.482633652784182,6.920206942572112,-3.4637874166243705,-0.9927933041760472,-3.9387880697043265,-0.8689599008648415,-6.480542547540101,4.424054470779902,6.419826632387153,1.3938914505020097,2.7134769790101236,2.028763567993662,3.7514265212114783,-1.301862257886655,-1.0354224616383725,-0.1892233411305751,1.7744261338505734,5.170729754251721,0.7934404008095912
MB-3025,-8.579208312831273,9.844523391954562,2.7941022063165537,-2.401791262283937,-7.851347774633626,0.36055052933258547,-0.2896227517359492,-9.142486831798518,1.2786780573446208,-2.417448672308665,6.311403601574215,5.610615209713539,-1.6232847579890068,3.772131138868547,0.3073860535988413,-2.8215130231868066,0.4033330397210901,-0.7533488192473614,4.8010911073382845,-0.34135164821046504
MB-2984,-4.660451070472002,-1.5495506654350095,-4.570946934627663,2.726649362725343,-10.01851757964674,6.017889455258653,0.34182763176730796,-5.536659805587686,0.619257402845813,2.2036477183352865,-4.679274381389627,4.695789015685629,-7.9950649415057224,4.732695429420038,-0.45922961986315974,3.6799668389750573,-5.025108364084526,-2.522013421638217,-3.6105124909366246,1.4734897762203187
MB-3002,-1.839671222063694,-1.3510192601004964,9.681704267378679,5.041335190717863,3.0088295804798513,3.9336594069578235,5.480242780650657,-2.3636498915752053,-0.36145035104641365,4.058519676984777,1.6946257496636288,3.698706065209948,1.1849149741918834,4.965662517493545,-1.178487991579168,-1.0080469379881265,-0.8223681906764032,-2.5035831693499935,5.704523314079421,2.9182445575997558
MB-2845,21.611379309271562,-13.899491537614932,0.2936007691389141,-1.2982987059249271,4.584362036497455,3.277697667090735,0.5939962286582847,-2.8105105951156815,-2.5170269101090224,-2.443688798159969,-1.9374295008714852,-2.235660269257471,-0.16860122191656385,8.406827898136706,1.964804768123717,1.997126007278883,-1.6822217230929248,-3.003748738574735,-0.09339799552782568,-2.1700699937728025
MB-2912,15.661663235899915,21.49518676500876,0.7340376110054473,-1.6587373440602935,4.717330919412192,-2.5116569446360058,3.1440352592691942,4.050412705037529,-3.757252779263454,3.312201674003944,-1.3631260796751647,-2.1375845269185993,0.7312027624047192,1.0755094150620927,3.1211060758858022,-3.089381923454449,-4.057795851017867,-4.3565985148114414,-1.6724436076101203,-1.778957971654359
MB-2844,-3.9166271727070114,3.5878808402234976,-0.18873184413227495,-0.5651190835651299,-10.225852483524113,4.836154341483361,9.234305073496792,-1.6859736885913719,4.589030521280248,2.0781198436901396,0.9466123023101826,2.7578803776920564,3.214940845656275,2.7953578263456116,-3.839863119985863,-0.6276880828087117,-5.090678610090721,1.078949905425585,-4.443469891715983,0.3765902402987182
MB-2847,-8.407363306119263,6.903405303677113,5.81961446291845,-8.05510141952129,-6.409603961661916,7.225093369056757,3.1733332127947382,-10.403170730633278,-3.424605927616116,-3.685619173328337,-1.096374252366899,4.50530447899892,1.0524585512284441,0.0020978420853425004,5.234891138864321,1.3319165487331404,6.624422164687916,-4.433800227755205,-2.1881214123085684,-2.9333977740294235
MB-2849,5.383397678292583,17.764253980763993,3.504870979009076,-0.8550511834539326,3.0273787230992593,4.663935030250343,-0.06171028120960815,1.3952527465737667,1.1632377427568736,-4.988168601318166,2.511567489376518,-10.560873658197064,4.493261651337865,-1.1792344115769688,-8.380214712926476,5.102846326550594,-1.3473755832666148,0.7770366083067068,-1.9773733707887802,-2.264620448211284
MB-2851,7.434298789019173,-6.37869528277256,5.447983950483633,-6.868174510142547,-0.5386620803238091,-0.7501452145986193,9.166924518457044,2.4911859862647097,-3.7012002139283298,2.6892218348840755,2.4650592506625495,-3.2333973927404576,-2.1128557482607544,3.1662560688214367,-5.951991405500458,-2.3320538173169574,1.2607023444917937,1.154829109275449,-1.0963180636976477,-1.314139740311097
MB-2848,4.3818293647599225,-4.9650882016223274,8.06238478554905,-6.193051027264025,-2.730508127196148,5.918560778076102,15.28877951359406,8.739819864663161,-4.691083818119684,-3.135070520085192,6.3757430705430735,2.8661411318564927,-2.7551503553865913,3.89290977698142,-5.194693740883646,0.07700567443601786,4.057442272991664,1.0950013373561167,-1.300454272810249,-4.254005046201457
MB-2863,-4.809364885760923,-6.410494509988604,3.718879343186624,-4.158637007075418,-1.4965223868027915,2.758793055846192,0.3833988804086299,2.608475380017496,-8.130709140377615,1.781599106827712,-2.3059657678376966,-1.261668300310885,-1.851431152183476,-0.5373271698852793,-0.6615912979022001,2.5478374789134017,0.4490524238949789,-5.379358097753917,3.234394310682802,-1.9930320796591292
MB-2840,0.7301961089189469,-7.204484057497278,2.665811778883225,-6.22469820489195,9.297529205669663,-0.015699692542000744,1.6004994857051507,-5.027537075550422,-1.7601706139397775,5.828211704734982,0.9927143540527863,1.9626045594602044,0.21314976537583571,2.8371990787224863,-1.7008776204553337,0.9102059106248418,0.8766707526318638,-2.6597483621992843,4.652906019307081,-0.5018858859774037
MB-2843,4.652002651291292,-4.320892871937146,-0.23127934815340528,-1.6275123294143605,2.2208766687991637,3.7588207918720515,3.5765835854024477,0.3675315593315166,-1.4486180372632456,2.959292155765056,-1.5970586930585198,0.3263337560927142,-0.4428030134121048,5.438898795543036,-7.6996144315219714,1.539032647646899,3.067586180017341,1.2804431727237509,2.806736290259995,0.4082902159430279
MB-3013,11.671347338406566,-6.950528753334403,3.626783360470525,1.8503820152179475,2.7747181220121013,4.20948740100515,4.253449796583203,1.1820199837153416,-1.7399305580824194,4.139745876877067,0.6712097990807058,-1.8239676227682746,-0.9742813237424419,2.251660646084355,-5.419302735090941,1.4415304395023483,-0.48391292336305747,-0.7700490632910088,-2.557936931797948,0.8860284059432436
MB-3058,19.15940094766011,18.059137820958522,9.547352050800413,0.7183345911538566,2.313280236577361,-0.5899465423655522,9.104357318938558,5.596978054575135,-5.967209553346321,1.1751212469604833,-1.2050408745506715,-0.06979788274022819,-3.3023985912808036,0.1216236129240554,2.0625888398915606,0.4656463449448443,-3.16608486955315,-6.688771032435744,4.1622326445612,-1.5738842107269055
MB-3016,0.7090496479179144,-0.4248022977025309,3.6312584545843687,3.5942186107662,-3.283182401428612,7.983756876667763,0.4700833294712653,1.2432226827303186,-8.251161443605682,0.023862884378395396,-3.120097549553245,-0.8249892316594958,-1.7408082079572622,-1.296110357604611,-6.283026160355108,4.519367023309322,-3.034011595110463,-1.9104862426265394,-2.7542265721234127,1.092783248767272
MB-3057,8.941701810438715,26.56930522710565,-7.0944857621139175,4.638133575278076,1.787025508107545,-1.8259137884323031,3.292387643903136,5.150470949074655,-2.158587829253183,1.2794522900248329,-3.1727799481476366,0.5639189238103124,1.2525372574302704,-2.690760479803843,4.31466626577893,-0.07692741752273773,0.44793670359302507,-2.226262461164952,5.152830572806261,2.602781133553324
MB-3008,-2.4271181423197685,-3.239231850787605,9.873180647442686,2.5789075378577,4.855188045127254,4.040170646270932,1.1697353160176889,3.3577748258661053,-0.7172977142101542,5.151872162780377,-1.2541774093729716,-0.7860536278817974,-1.5512360439692425,4.2236270369066276,0.12152993732214368,-2.4864769126531603,-1.398432818441091,-1.9641258323662296,2.0583960360832343,-0.8986172078256013
MB-3021,-2.587690747059525,-0.9336598636277892,-0.4071502360351979,4.399217446040063,5.816897848610858,-3.6806666070168186,-3.180920747921455,-0.2214914633572093,1.2061614786834962,-2.19509584006581,1.7675970389594053,0.49147726761740906,4.877535465368111,0.39376780114061444,-7.3104782156515995,-0.4214470695690888,-1.8796489428619374,3.82136401425335,0.6922843259673632,-1.1619541829618247
MB-3032,8.977407706071764,-4.498463749199654,9.825177393965678,-0.5549868161260991,2.9289100875721883,-4.105608594557034,8.069281946603295,-1.0823376290252,0.8065908081140554,0.31737532622798337,3.2042493033857067,3.278463838663947,0.04617262171022675,1.4633421860787323,-5.259715666115966,-0.24912513530457445,0.7104419944198488,-3.877249432268993,1.1855575806438539,-0.297381331005423
MB-3007,-5.483443412914045,-5.196112394536721,-1.1293703747995183,1.4688241651749077,-3.2658041912690896,-1.826965225310879,0.19293788191960964,-0.37778345108165695,2.233047350960651,-2.4480842105457263,-2.617455610861042,-4.73235150267204,0.12006644229175394,-2.7715772209696947,-1.9645948926145136,-3.7545388004912703,0.16795722055107945,-1.8222908638106003,-1.3964978930273102,-0.329516372502748
MB-3033,-3.065710942145599,-6.612238816152409,7.275977208543714,8.35929113989163,6.386391227628277,4.305928197359569,3.6537188479260463,2.706671793812389,-0.4141364316460679,2.4788072493933764,-1.2967869774981355,1.4118108656454549,0.2682609557605869,-3.501488411377907,0.35136121081700866,-1.230689184434374,5.295714307773484,1.182638662576756,2.1173069018241666,-2.648493139237542
MB-3026,3.0348614355590136,-13.691222562777465,-0.7323694250569791,3.7580763126478454,-9.110754365798746,-6.434819939312749,-1.581825944183047,-0.8743128833132977,-4.260728136857058,-0.5173904449118545,-2.089898135931727,-4.576945572481049,-1.0522148662991866,1.28539550893089,-3.071246608501334,-2.3338568701778564,1.9133963463659251,-4.791611989844266,4.465947223733682,-2.9698291242709667
MB-3006,22.927949968276046,-5.919423541963457,5.23623676842092,-0.8049758737171762,2.2532685936621486,2.5751495399266355,2.568148798928827,-1.89771241287249,0.5580791518407294,2.0007952734631997,3.305422708889985,1.5429715858134851,-0.9251013353210481,2.727660819409194,-0.7588899494962432,-1.397816065605019,0.17635197837519223,-0.7640891202428604,4.020355047912123,0.4747340519869786
MB-3439,-3.494471876528884,-2.7328691631502897,10.72061137928285,7.9358347016874395,5.251868088635195,6.087737368873991,4.905827054486672,-1.7856378768974572,-2.4574538417381664,-2.359580855046941,-4.040429822689221,2.2110441303163584,1.1168268849623102,-1.5321129668779885,-1.4225203993171938,0.5543310422466073,-0.3393006113891221,2.3679608100492655,1.6688675155405703,-3.258554241081414
MB-3437,-9.39095376474744,-6.904481628730964,-13.659012664009715,8.095271574173676,-0.46552476524475955,-5.7365562462758595,-2.74580263969501,-2.0831008311600807,-3.0982158163980453,-9.992382985168105,-0.5410243368850837,-1.5643016894079875,0.2446092296023942,-3.7885838785815724,-2.900960507560805,-1.948916034934137,-2.5579069852878273,3.6701403076772428,2.590868004205545,-1.2100027307271315
MB-3395,23.539325119387794,6.874507403765767,-4.0415089675217,5.011987449495182,2.0440235411450804,-2.741772267750661,-0.1353766726379821,-0.941719694003462,1.7896723944636252,0.7015981810548119,1.1080099410620743,-1.724616299175738,-3.483254749932229,-2.656911872677644,0.7727383304507202,-0.3101695320117902,-2.63886585923028,1.294523764834034,-1.0011091917546715,-2.370529248937971
MB-3386,-9.317291734274539,6.121336047438487,3.6950784200307716,5.232269327594527,-9.492393361066705,10.659799964538465,-0.04665139913243029,-12.136079180025487,5.8933588319485235,-1.8794632733322587,1.2386639704877531,0.291687125913999,-2.8913182384269884,-0.8715856818862924,7.993390331469927,-0.9376563515217012,6.128622360456244,-1.017597785455876,0.2746044007286805,-0.024729318703514414
MB-3382,5.356896333312187,-6.851491032562897,9.425442502998859,2.1817076498252654,-6.800197446500863,3.3783651526714107,4.199342446378738,-6.7030744029503015,-0.639181616369191,-0.07185236614693263,-4.405554677886665,-0.5291942682172066,-4.223092654774062,-3.0382955710994426,1.1680717671278964,-1.825419356517127,0.1362649897441245,-1.0824337229808059,-2.5880568478027794,0.31166526997948335
MB-3379,1.6613882549167245,-9.06954422768795,11.032508423673953,3.0936325128334827,-1.5956081465043996,-1.957164343960402,6.050467860255661,-9.533161200668426,2.7261344069319344,0.7782962064769835,0.19200930967108795,1.0710784401638958,1.3034873354658552,-2.8674965408683954,3.9988227491624952,-1.8053314984679152,1.6370619314213197,1.509502384606997,5.342391881726216,3.647765666645035
MB-3430,-1.9761916979679282,-2.2360009887949914,9.539942460724333,1.6113529319756363,-1.3078593139533607,-4.131578491703231,6.4106129660502384,-4.465712810832029,-2.375366292526877,-3.8920845911730977,0.09470974539939718,0.2583248963293997,-4.61834227921799,0.8698952274696676,-2.502118110899776,1.6908307133780516,-0.6159706716693008,-0.021213027210392844,-2.4520591627463153,1.3503843568347795
MB-3389,-5.263123657471002,-2.915802906715446,-12.627212295067672,4.287701591999116,-11.436995941031206,4.998704986520818,-7.666600740445977,-6.588662618803974,-3.848691250481455,1.602820380028914,-2.898109562961018,-6.766462734709337,-4.516009264731806,-0.12373678832127462,-4.432427009262192,4.657446952500279,1.0679282094886944,0.908945694579359,-1.058995039777929,-0.26399111674979775
MB-3378,11.793805983977014,-10.188303366039925,4.297744081949079,4.3930656222846896,10.08148822770776,3.9277387161859365,0.1977821221216499,-6.174659569642418,-1.1312474570197828,-3.779825544295722,-1.2798389045886849,2.5432455910500438,-3.165858834252746,3.2600001489662414,0.23077010490365105,-3.8068326845679046,2.5813092651892533,-3.4229309861012838,-1.5607085363814328,2.0545692342818316
MB-3110,-0.1613725461162914,-4.321239821305418,4.414667497939557,-9.13155777451868,2.0765663888300088,7.592193068865651,6.3892686779586265,-0.43781141186274675,3.8152385956997974,3.315828370688896,-6.036397071705078,-4.411292190394825,0.39647085692554085,-6.721614572453701,3.4662981449725647,-0.47595176098920733,2.2660185356302804,0.09621295731156962,0.7389621767910092,-3.1143745528197084
MB-3079,-2.3394470728025496,-2.548382904506938,7.012132023838194,2.000264817786229,2.5095093067912297,-2.8798562415545055,8.366790811183627,-0.5590132589549548,0.0908362029733414,-4.2186698606886965,-2.05273981399585,3.6195773258676516,-2.449058817292414,2.4320749680400193,-1.3725487843889637,2.623356034948924,1.3312321171795398,0.9473959854293472,1.5820750793755272,1.3641116760245917
MB-3103,-4.6842668161605,2.1802634845774223,16.94920919373374,-1.7497045297753833,-9.313120258167586,5.127546243559604,4.454252375618671,-2.4516980914913318,1.5759798654531723,2.659393966912547,-1.9250353147440502,-0.8244801129182768,-2.3602941560607817,-1.6575452843553553,2.859119030662128,-4.139246860049813,4.06726890967602,-0.9107741378581643,-0.050752997422699016,-0.47247916221512143
MB-3102,-16.72651499691133,-0.3910786318705378,4.480119966974398,3.3048988819093483,-0.8458315407064934,0.4834302657397635,6.3239789417842305,0.2608847498105863,4.332854313260401,3.529696253851265,-2.1677324766047175,-0.5994054864484283,1.7126941166650165,1.0620402555111088,3.7990483414293794,2.500601513196086,-1.3503492040652347,-0.07266936314190334,-2.633677558928302,-4.9284243422362195
MB-3085,9.40510277288302,-2.1812895521653375,6.881734868928069,3.306637658323856,-0.837341332083962,-2.848049999090965,1.9990792040092928,-3.2291380473821816,-2.7579307285243266,3.7534908623647727,0.021229021162564837,-3.6165983964538895,-2.3098818460699477,2.614529941662918,2.0671781096859867,1.5064611776345898,-0.3559385991736179,0.7685910355586599,1.4436660919166626,0.44446976437254904
MB-3122,-4.81279533854661,6.379310558742618,3.1500827255580837,7.19824390722614,-2.072208837310855,3.937116182498229,-1.0846458842988065,-10.116408038319067,4.239748100807603,-1.1732867821326753,1.389682252399332,4.764218425097231,0.08217825810699929,-0.17935436630590262,-0.6088548514007439,-2.040699797847761,4.4749965676248795,3.058910225239761,-5.048468439459821,0.09927364703119908
MB-3104,-16.013181405262536,6.309626600620545,7.567363999005005,0.24598229570514657,-2.6301466030278,-1.0500130941940782,2.7761696154658364,-4.858751317921393,-3.1996434617989693,2.279584688498866,-0.5237437072349459,-7.451471666539547,-1.425779355619688,2.165407178247302,5.11665763964241,1.4245888493465801,-0.21486175090822335,-0.09195348260537696,-1.593477989380282,1.7475458080366173
MB-3123,11.817333499281911,21.163523777578558,1.8526838417218954,5.689200947813617,-4.205678182747684,-1.1446791635535432,1.8624664440204635,-5.531656423653702,-4.339690096967796,1.343514113282229,-2.0528487798202613,-1.9807014196902837,0.1603432869528588,-2.5394308290573884,1.3099594044508565,-3.911612218094995,-3.5354037070254996,2.3197636864264055,-2.1388373644809024,2.858758646939792
MB-3121,-1.4269276696814792,-12.711884173286254,-4.1674754753063965,7.591499314112689,2.839493107371967,-0.503076541299628,5.586154382788741,4.027400448303462,-6.5087713600300585,-6.177367511827254,5.20467229171362,6.604031518161009,-5.853116126856339,-2.2164123251837182,-4.477942579156261,-1.731628451840398,-0.09667071208448705,1.9929361630679439,4.459697126701094,-0.7798425397253609
MB-2835,-2.9484660469330093,-4.058473362977251,8.993243928775952,0.25266811897310326,6.758894183965296,1.8735053603646066,2.261068900427337,-0.6793604147498014,-4.395670222645716,2.669066325514895,-4.063602946600979,-3.476331751763312,-2.366146707446049,-1.728083348807437,-0.6034122668681222,0.026779565938272788,1.6277434359751053,-2.157488229681833,-2.4684041756698476,1.986305144935692
MB-2838,3.5206282788603143,-6.398169417168289,-1.3485106125403825,3.454599324374248,8.32179386054191,0.2924109519580382,3.7301393649423336,-4.968965893785433,-0.9809082978800105,5.989589729287491,2.3129140275734836,1.7237982507917706,-1.0699910737997755,2.456065162211709,-7.112869068912534,-1.3193001874415888,-1.4421476894669634,0.39184384747505224,4.309450984366691,-0.39354772968462093
MB-2801,-3.154842382282085,-5.4548520210633775,0.9724212542636208,1.6594270517334482,1.1446758396434635,1.0282925968617476,6.436770038451382,-2.116600343355177,-4.610320942570514,5.004147367255265,-2.072891051190563,-6.0613535862819745,-0.9074372421652553,1.0017247205126916,-2.7510606622265166,-3.8162805754802394,-2.531060158760273,-4.965813464188159,-2.3373803465741276,-0.34167700919880445
MB-2834,9.013307354488832,5.434811679203294,-1.7054236376151009,-0.7797766270738614,2.759113875414451,-0.021881943857563056,1.7324926483007286,-5.6448946126299,-1.8721219182138178,-1.6520227429983776,-4.763313115547302,0.8738193543955156,3.13569344640054,-5.392953974229242,-6.507211313458757,1.4414197120685004,-0.213694300904648,-2.11678496076528,0.775097685698849,-4.319338729687231
MB-2796,6.376519095306259,-11.75502820256061,0.4526975592250127,-0.990100783856702,1.9055539423992034,0.791883978967921,5.992692626511744,-0.6607608854759169,-0.7260260640902352,3.3308203802093708,-1.2506785935412978,0.08589496022094084,-0.1419407651841312,0.6364541676307388,0.5517043504765996,-0.6776894660587547,-2.097043959070017,-1.3133997261950532,3.2862320320670673,-2.2838762267910164
MB-2857,24.665503381667943,4.9437173032859905,-9.930635151930245,-0.10219567990509308,7.749967769677677,2.9260913558844077,5.210128232356557,-4.794499172407198,2.31367975874995,4.191982793757345,-4.093497435654772,-1.0733890736594704,-2.180413885866202,3.1928588481249003,-1.7705218646437486,-3.2789288296252845,-1.6962457729582325,-1.535247577591472,1.3904673206574352,-1.4065954941492944
MB-2819,-3.2342492031838206,-6.654339243482592,0.1944553368473821,1.1400166470341047,5.556033114177632,1.1166528340774686,7.814955005843782,0.5386888621692243,2.4492564357124658,-3.8686597301759367,-1.5200512639680608,-0.2854460152425484,-2.171022076964378,-0.6981886640638082,0.39935096506722734,0.8753762242496472,-2.6203145099161476,-0.571426891452336,0.9319876504920707,3.055953441119383
MB-2781,-3.1761970920653853,-4.392749113094625,-0.25581868002344493,1.8034402316311928,-11.186023656045323,-3.498612342619271,3.5734492023176947,1.259031305028554,-0.8671665357567676,-3.603959188438628,1.9777326682779013,-6.86836909989718,0.8552195881455632,-2.1143792097066303,2.4493151044506325,-1.8639690441550485,1.4669494583563143,1.340154597311665,0.4785643227062678,-5.54710178746898
MB-2793,-11.422683859837498,-5.774877172762507,-1.845474291635256,3.800930763299281,-3.416250942263389,-2.2487250485722283,6.412082418437824,3.5723018022896262,2.286862802887639,-2.6100648865724874,-0.28701476703448786,2.413368448636826,-3.4013717868890607,0.8818776572083306,-1.786084052800231,2.839659399233731,-2.993712958459266,-0.9054586870644582,0.7654799670966703,1.9856702135598976
MB-2827,16.724396510723267,18.95982279385868,-2.61276587626311,-1.1192352027342385,0.37179891565255535,-2.3178862829690923,2.9955194395002755,5.1006302575700575,2.609539219676381,-0.08738054817161436,-6.473991276398318,-4.742348445582976,0.9468374011152363,2.5718303657221404,2.833138055120583,-2.866017938971482,-0.522442928948506,-1.6557980725925343,2.1051926072760034,-4.105704494076598
MB-2814,-1.8178759635832265,-4.810858094190883,4.858347303068096,3.173332813508289,4.184487269209921,-1.2201557067902442,-0.27935428437336235,0.09840254641982334,4.235819060089223,-4.763646963435358,-3.9414204350579687,0.22388529132108745,0.9227599936652549,-2.871887807921034,-2.904291792919379,2.208206983529484,2.6883575920555445,2.5382111502493436,-1.7784953148504505,-1.0772166667978673
MB-2791,-2.0724204498139573,-4.900675323575083,0.924360317035117,4.347871741264711,2.8105138493634048,-2.5069732088999532,0.35905560315105167,-0.447638410348834,6.434772714068945,-3.0968608145680054,-0.9927216930245002,0.1642833512206095,2.4303519747929343,1.1536449724352795,-2.233017151204782,2.419782530231533,-1.1242807047451335,-1.961505773292521,-0.8408720639204821,-0.4635803751672196
MB-2803,-6.39933439421241,-3.9290401739000003,-0.006134162192588338,5.314572454525491,-0.9635672556243049,3.6391766349696044,-3.324453127563211,6.840570475508796,-0.9796846721643031,-2.8634800442305246,-6.482115725755371,2.848335208205657,-0.3120752290860503,-1.7744484363145112,-1.715072939133224,5.039251842097814,1.3550485038479414,2.6158481194520498,0.14255465348338806,1.6481517375004227
MB-2797,-2.03633682346021,-6.354298939918163,2.942781287022915,4.858748638616188,-2.0502284424872457,-4.017162889919394,0.24423368573697668,1.955930919018969,-0.7542861064836276,0.6777662446574171,3.4175076512838127,-3.3610995775894414,-3.9411669206231665,5.116786819692548,-2.1352891112639982,-2.615916947508744,2.3166910424995204,-0.8966303596361688,1.4302652267297717,3.8559375894521453
MB-2795,6.297503383349219,-8.730418629042331,-5.272435252199754,2.7550193013138875,-2.971131394844606,6.807809571742706,4.448257522612302,3.7494460101936835,0.12160277887094385,3.8760281603803404,-2.49454542528683,-1.1692172035530837,-3.051309986793486,-1.3927460627696142,-4.678388957676724,-1.1180816764076595,0.6256379529233873,-1.1065332530941494,1.4547311782491013,-5.769173628735096
MB-2786,0.6739471005224759,-0.8847269050902166,13.312779796850759,3.471485235287613,-6.358290305830723,2.184128096633315,0.6804248647455019,-2.414651069497152,0.4164500652255811,0.7755292542872683,-0.6646659634105175,-0.40847733179512774,-0.9187697499915569,-3.356279267720009,1.5378728556821097,1.475584888239723,-0.3655809148184184,4.88316811084474,-0.6129743361866246,-1.5166000490768234
MB-3850,15.070063656431797,-14.14773455246246,9.556096017243386,-1.341859855160827,-0.8569698759973589,-2.1029061034589396,0.7702275154973013,-5.003167172672697,0.5194944169273497,0.8482819342997766,2.9714556213642425,0.0881779691760031,-0.446651815013262,-4.3596484441272665,-3.9687512071363598,-0.1370972117894679,2.499016147614557,1.6543085986411736,2.1011326527079284,3.6467663092329063
MB-3556,-0.5774465721640529,0.312542623201439,3.0880264216144155,0.4241003571144384,-12.130356816165836,7.316153713609996,-4.631506367529897,-8.385199293610127,2.407118341871979,-1.0712432287370177,1.1807038929943188,0.6138891413507661,-4.311810511578006,-3.758528346407686,4.424355574743128,-2.0493351511589624,2.124170123690835,-0.5324396071184587,-0.24223018359344756,3.856679458330975
MB-3838,-12.01094633109619,-3.8638898553995316,-5.017583614625016,12.83824376514739,-2.117580697729683,-0.26568350268802376,2.35279207599661,1.8684731940037405,1.7833061377558388,-2.823983854326957,-0.9320371586177786,1.1538727290152928,-0.5895839984188429,-3.6537792061116003,-4.241419943244314,1.597848967939674,-1.9162013386160504,-0.4701285119140206,1.1509511544459627,4.268029219652241
MB-3707,20.517523459829974,-13.656334039958173,-0.8440820304560986,0.012195156179553327,1.3846981774169778,2.849116000793539,1.109662688364734,-0.7988762013785182,3.759983361388648,0.9451920803350259,-3.4543337821924287,0.7693673532730148,-1.0668762556432427,-2.733098845178512,-4.217710378868675,1.2169219869521357,0.49196307856563937,1.1259857597622212,0.7235155629063745,0.43815218620218893
MB-3600,-4.09449366476525,-5.443893369200941,-9.444554477602578,6.557571640786291,-5.787419027437319,-6.4588562741991185,1.837068658118384,-1.1173381264375724,8.074930419836978,4.959337677199559,-3.2264711596983093,-3.413347591315452,1.3588923518281488,1.281576069562498,-1.636707669445528,-0.076900374862482,-0.6957112189938592,3.338873431551002,-0.7352193316505714,3.9785132606462876
MB-3824,-9.32243559311124,2.5108728199862607,0.48590125597951966,5.34261995601988,0.5180926433893689,4.387977237155756,-1.7296115803864545,-0.818366600552212,1.8344485735589,-3.379571611204187,-5.843680335979594,-4.16710273153941,-0.21986399212294963,-3.8836953464622317,-1.188416423671428,1.0694510193563969,-1.2625396963515305,2.5268669022850623,-4.078260618431512,4.842734351806257
MB-3823,10.328078480216156,-7.2719960804055015,11.08832568436959,3.5963526398715246,-2.1196158690656492,3.39506551921076,7.888993004531693,4.276919380992884,0.6642265957952288,-0.8983246822967949,-6.109001172735698,1.5792587684390174,-1.6427323377352947,0.3541643231078935,-5.57831194089261,-0.9970043497500862,2.1574213386300247,2.8496952406947886,-1.2276806150422188,4.256991109348807
MB-3781,-8.549608919522754,-4.405191808395773,-5.548264217337375,8.327556788749407,1.6017431407257419,-2.7178949953571987,0.1585470454804059,-0.3995749374798442,3.720865285717246,2.038596272017903,2.9166002890729352,4.06012587283943,-4.417816709424021,1.5165047418729936,-2.3683084276062525,-1.7495218856112966,-3.3594302631169484,0.9443397350962138,0.25006017000761677,2.1314784525827557
MB-2642,4.60117680459596,-6.410499474014866,1.945613940480024,6.870820084479653,-12.53306297395578,-4.7330778624276375,5.266645067116301,-2.1254225956847663,-3.079589361798565,3.710946511868959,-2.6805267979636334,-0.7082994859342361,2.833567611179998,0.44464487598080443,-0.31299266049188595,-1.0980653690095226,-0.9130648340020694,-0.5121614695328736,-3.408798835373305,-1.4390136682893913
MB-2686,7.817776193731617,-6.820816725756151,-8.731844518327847,8.347172174056455,-6.862206075733484,2.4849663226709215,-2.814694633092792,-6.451091254708384,3.5716929447577135,1.7359448946626268,-2.331918606987002,0.7818027088148636,-0.34387279605261434,-5.786998464684817,-3.8875035860554825,-0.2863471406146803,2.634516968078165,-5.887810733195317,-2.5707914295455683,3.7939006641386794
MB-2616,15.661095494297719,-1.2500411008491863,6.443059727895027,8.632961440115619,5.824705152303188,-1.628306810143072,4.46162821911065,-5.730168691239408,-0.3583928615114669,0.9246684978748534,2.262837023509808,-3.6002838740792806,-1.6052528621829032,3.4524796259518444,-5.4758004520179195,-3.1537929280986448,1.052512779543645,0.8648116205438838,-0.9014599412020508,1.364668401127773
MB-2634,-18.452600271900724,-1.372165106546156,-5.178071072778493,9.248702804301818,-2.4340897751170725,0.7413841654410959,10.124059456453027,-0.643601690931648,2.3222377193095407,0.08331262228937375,-0.3434077966280607,-1.4019261923211142,0.3611517960390803,4.629224083645848,3.7871311878409224,1.1646792140606734,1.1266885311068193,1.6003303658163501,-0.7827686972193542,-2.7022189192311914
MB-2613,-6.282578976064491,-1.2816669930028681,-2.9636289479811815,8.329617620620915,-3.010912092698385,1.8959164547069365,5.658738631691267,-4.371013538753033,2.5639156345115954,2.2961796062230464,-2.505298275046189,-0.10694562248552279,0.6139192313042515,-1.1843356896144261,0.2980783331535294,1.0396904803431102,1.1244163627957182,-2.1311299324315685,-3.2914360499067907,1.7985936953825294
MB-3842,4.656478282421533,-9.612614746207939,-8.069559230983543,6.335050971653376,-2.5358617032356325,2.2065350662215426,1.179238081883371,0.42026439689105854,3.9287364697732827,0.6652125669377063,-1.9778355502506182,-3.471570400364449,1.6635403089283316,-1.6670432782350095,0.23078483726257207,-0.6297952373680462,1.0145799124084265,-1.1295074481972327,-2.1742152731649655,2.8487946843649126
MB-3866,4.754954476930585,8.964538077454984,9.539949602503473,1.4803113328217603,-5.442558602313272,5.4499845431552005,-0.1666220290370147,-8.205516146900692,0.4404002788470977,-4.1442230313869075,0.20039499970224084,0.6437615489560199,0.36961374473094366,-3.3474323528243204,3.8023550340450085,-3.762773265710396,-1.7952619391503932,-0.2636835561937681,1.986581142867905,1.3912505664750794
MB-3874,6.330505967505357,-7.741574806508033,5.653873247876813,3.346976904274201,-2.0986691927204695,-3.0642388549462267,3.500432642761708,-4.913848652291305,2.7348337160777327,-1.130763030993405,-2.7382402246402364,-4.957731822718741,-0.001140414859337081,-3.883530082717795,-0.0067097895382192485,-0.740774934778321,-1.5430634400080865,-1.0227617861899791,-1.2655527931129482,-0.8177030840311058
MB-3871,4.102238277866487,-8.004149458030748,12.000080484542766,9.725850164440729,4.7309199764128875,2.5804525433085486,-3.6363847109720626,0.28652549995711224,-1.167163690873493,4.738286783796885,-6.118589098536159,1.2219716520959534,4.018806766543192,0.5966066291113582,7.234780875876637,-0.028284930353696367,0.26716644056384764,4.8298654249973625,5.027025302392802,-2.3621493903600044
MB-3702,18.13800675614632,8.359581809473017,-1.5691053911994668,1.4372595016584804,5.824642460392812,-2.2584584425083882,-0.9427807313804502,-3.054790189124317,1.713441746903181,0.29195684763232627,-2.692425188683622,-3.0855480213178708,-4.989995784737386,0.8129408215317333,-1.3711830468098494,-0.36296903311871365,-0.32314137834014883,0.44712759430198795,-1.7346261293163567,-5.238912265118574
MB-3105,4.815396485008922,-8.690689866000888,2.81654849735456,2.4597038556301922,-2.477738901795709,-2.0631649881023892,3.5082593506025144,0.6060817891110064,-0.652247245872497,-0.8306232595150862,1.7577283865231694,1.3796523220455261,0.631601027988411,-5.796440292137398,-0.4285743809375649,-4.76170229163023,0.7670004020171907,-1.155903316432437,-3.8184816610221426,1.7031662628917408
MB-3852,1.0362262654223928,-4.830245249106776,-3.078214362226453,2.2299705474741023,-0.9262799981617562,3.4142668724572824,1.62480917827945,-3.5344102548214957,6.1592543887811075,-2.7227888706286674,-1.9238753824188939,2.064301130696406,-2.810919571337438,-3.4466070063764938,-0.07521279812419966,3.5189266549092526,0.9563580806421016,-1.0788168948141097,-1.8314834552737242,-0.3115085913911511
MB-3854,7.2798243617044225,-2.743021831452756,6.817941694535221,-2.113769389222224,3.4375981282574863,-4.754701655546961,0.2974715676457493,-2.1679083581965504,-0.588340471230438,2.8801103625132085,1.1662730251198028,-3.1605702288507453,0.7181572063801913,-2.0454067845054955,1.9193511606664178,-2.780399747748155,1.9768998176506096,1.4256355852565727,1.9520218755132577,0.22747258806690662
MB-3865,16.28490092083144,-11.565469124605153,9.197136800891396,3.6450827870717517,2.9932556654378604,-4.617821237575282,0.5472820053761704,-8.749961375996943,1.0650303167202673,-1.9040590910668949,1.5006715243238156,-1.3129598632852286,-0.1230506361523338,-0.44365551595848846,-0.6394223899939903,2.155205201413453,-0.1312646679152071,0.3915290340506498,2.563520766512878,0.906058035055811
MB-3228,8.28061793104547,-7.730718183887767,8.602996426529634,-5.050567874696686,2.4056873937884626,-6.927393089607063,-0.07527316385784798,-1.5286217055422884,0.8152359620401076,-5.367810931872482,0.8059985768644351,0.8837658377425269,-4.353676569383206,0.09469887944798407,-3.3789619008570106,0.7351047063584585,2.570585548327909,4.27686428946717,-0.13562067136946257,-2.8769991979155853
MB-3028,2.419496554621293,-1.5742078373605226,1.6254604475792633,-6.619148534485561,-4.951663293531306,5.205424744350489,1.5833120587795193,2.319203540837648,3.649109612918974,-2.0102242562253863,2.8151077826181723,9.021077813689724,-6.153600922384648,1.268325512717708,-3.032834557780847,-0.6053880168556591,-0.03276194212667221,2.514392275791801,1.9488647515368667,0.24788746900616787
MB-3502,14.012017926770753,15.109056267294237,-0.9908741196207103,-2.27435497769778,3.378338116595814,-0.36860285408077764,1.9367331631425337,7.607134430815298,-0.3871610564816515,1.3664678471433287,-0.7772372805169956,2.787509780685038,-3.954844679794213,-2.200696734250082,-5.640362704172263,-0.3121923626643944,1.9202783500030545,2.8349952307459363,3.9323046826573838,-0.07461783480608354
MB-3567,9.594355267034144,6.311789564051176,-2.06293870436253,-1.8491704435719019,-3.417043876372916,0.20940035069569743,-4.852750430849977,5.272379385849163,4.876939137576082,-1.2276397707074342,0.19928095278794647,5.7540782069033245,-4.977165852513431,-2.3719337412414068,-1.968183886832706,-0.2723061781214048,3.2956295241614564,0.7441569013938034,-0.35249100638642106,-1.5849898240028228
MB-3752,25.06077045950507,-0.31476900871173297,-20.511458126666508,-0.9253034296491445,0.8556000843535155,3.4256533308194896,-3.908514536514337,3.373570714385991,6.8564560320549575,2.2174245912238035,-0.5310518584021071,5.321408869023717,-7.592358215578552,-2.917244311760118,1.0352933094726349,-1.9201648972957814,2.9294665547829846,0.3707552071216559,-3.843213015539279,-3.801671204530298
MB-3450,-5.916925588731981,-3.1841488638301736,3.025118876443508,5.8671468720139135,5.051625909932197,-3.556778185545554,-6.210578383474345,1.0586606424772522,2.0248470276042703,-1.4146479993833885,-5.352296781988976,6.272581351558567,0.28175974330298925,-3.2374051470116045,0.8796627305537108,2.3869131752535835,-0.4942109614464569,3.486429077521456,-1.7018557028451335,4.8457695993649805
MB-0444,6.026440951381359,-8.217684934723488,8.533348480719129,-3.5961380335303437,2.6990638430684775,-1.960861702857402,3.123051381375835,7.004071233845826,-0.9174764915614921,3.237352517477917,1.4042273571824306,3.1982834692249584,-1.9994234212989443,0.4108380697467317,-3.492589960744012,-6.520420200682237,-0.39226725358033304,2.825017082780542,3.596850742645287,2.1188194413548542
MB-0476,32.065945382363694,-16.484909441737486,-15.860940780798032,-2.7150553290481603,2.77532695414436,9.177544604290256,-0.8718152584651759,-3.6555932705552077,1.9625213811630113,1.6762127931398747,0.25151892500923795,-2.886887705607632,-4.692909545093282,2.3965062849360206,0.3377017302342007,0.6883901675034828,2.2470758443296672,2.962354934556996,3.589226500577901,0.20906873919679805
MB-0610,13.287419164658814,-10.406175468748819,-0.14539905142272241,-2.8297241180502817,-3.2929686597107257,1.0899203811428668,-7.28759015292728,2.554483094893277,4.297533277982015,2.1989978727096644,-3.43238540028536,1.356403022086113,-1.1596067567785726,0.20028395062469784,-5.022655322362536,1.3397837502002992,-2.1775963827739906,1.6056345462151087,-0.3866566152361326,-2.606513346004958
MB-0451,2.5975759086095342,0.8569785030975577,9.042655604608667,-3.279560525659183,-0.33763342546677333,-6.483275631042676,-2.864744307647426,2.291581915389706,1.3729345599330405,-2.019893228997838,2.7461633996008277,4.369293812460799,-4.82338032419749,2.238526028111898,1.3442760297017742,2.722385779075063,-2.6274383189212562,-0.17525736491522523,-0.313146000916803,0.12647168169544315
MB-0133,1.1143466508502953,-4.275638779355138,5.51767510684924,-3.265200409973282,5.348520035557492,-5.326536367093446,-7.159848449863495,0.10960654567794548,0.939302228638902,-1.2734522348366264,2.5093629156833264,2.3676525928080743,-6.485493245050388,3.972503836960646,2.0292171204267153,-0.29438125449613967,-0.3407566446861791,-0.6947999509684761,1.0659652599267009,-1.3378947581077518
MB-0005,8.100848721442055,-3.9019469316778026,9.128326882449118,15.898617279578474,4.627787999130515,-1.7990434179497552,5.382195634886081,-10.793300504011274,-4.661092192816406,-3.5030233517087135,-7.776166872622609,0.18253876925579254,1.0043856639402464,-4.055332828091097,0.10368062459735918,-5.124864691382593,2.70202922207083,4.259247255270124,3.1986862007746213,1.0896062766070018
MB-0048,13.280937819401444,-5.547340024355242,-3.820437950710435,10.693718831972733,2.9478238726045873,8.47721621840479,8.42851115890566,-17.412968019679607,-3.081115725054596,0.8719383272836282,2.8015457382091284,-0.038708318455960684,-1.9263464935472465,0.8276456882353053,-5.692430997948179,-2.0710773743994815,-0.21369338261502685,0.51883971367359,0.39297003981254547,-0.48068333285042353
MB-0083,-0.37709858691994197,-8.629225043169084,-3.109609566762971,18.99359438524177,6.159978607111301,7.084462064857983,11.989833458193736,-11.160645756880047,-3.889135788265935,2.204393462587648,-1.2534792158488781,-1.2032798136819454,0.2773274471387752,1.4047066840705198,-1.1423910899810783,-1.711547080946185,-3.733129732297356,2.319844655113363,1.4076219787465793,-0.43553760905476085
MB-0053,-2.7087508501238697,-9.196852755351117,-15.443826281176788,18.873332817101506,2.515499759354071,5.070945816586462,12.162712526498515,-6.365225927447555,-3.948592874009374,2.3251880566024066,-1.5594497374785794,-2.7953838825164126,-0.9029484408476267,1.927189049449873,-2.603764646635642,-0.5792163339501565,-4.235547664553193,4.274714092759307,-0.14580373202292876,-0.7265612975653488
MB-0056,-2.602286975696252,-7.475870427916926,-10.970722464299014,15.66543972193252,3.493377969969128,8.707558096233798,11.23318349244196,-5.742649957361139,-7.410396270840414,1.5592035715270942,-3.472009226012139,0.17852116621448008,-2.7568819185070743,-0.17468396909558306,-3.8571218655105475,0.7987263154566343,3.070695364923364,2.868522710094629,4.697759761234181,1.0261662150436215
MB-0068,-0.7266951569775644,-5.6485284800887,0.4944586436193635,13.964348255926465,7.390099626780691,3.109593144199897,9.976439183725608,-5.015558846107257,-3.7983880269155783,1.309939445298121,-1.1449269232500425,1.1552208018226613,-4.295525006414409,-3.29818171346975,-5.304960950257191,-0.7113893832233362,-0.0031294028646592126,-1.0024983341036136,1.1526502086630195,5.1201174569284245
MB-0093,4.714279315387661,-6.736748390851528,-9.108015331410565,12.668519146025414,3.300992714959869,4.9962763888322925,13.555328032300366,-7.9960916176009444,3.6102999233379296,-5.13185942478109,-4.752154826239846,-0.01855643649858899,-1.4855659894143374,-0.2430919811554777,-5.061663158237711,1.7076537928604971,-2.740286643579343,0.04966358437877184,1.312263643084256,-0.14809807371895725
MB-0079,3.8001007992557145,2.988080000741138,-3.003350603449406,16.007684048447594,-0.03251410457713798,5.146056776000749,8.724403545125115,-6.546859943104998,-6.193219252245705,-0.37069155233406487,3.0640600707462413,-0.5493896115941316,-0.4101017285162981,2.433086259303361,-8.272434282579228,-0.6977738884539774,2.211151079039007,4.323328320341361,-1.4903166771436094,1.0080119953497797
MB-0108,7.669662581197705,-4.354851455578536,-13.983430740336233,16.812986615709033,2.5424106173756744,16.85777934331829,10.71604082308149,-7.895243058270117,-6.688937190776259,4.869807735341191,-1.6424069475816845,-4.7994087230185505,-1.6401515571958594,2.973742064582318,-7.154968481026565,2.854489949579274,1.4460214439930121,1.7969659111789524,-1.2981902792367823,0.33765864622527236
MB-0006,-2.886896943508733,0.2057963709888265,9.59785265182005,10.755057255020203,-5.758909503395404,4.4579017972471435,14.282545035244482,-8.000469273394192,-5.672189073258156,2.588791236451141,-2.1035077073923487,-5.764220649309988,0.5241934435825932,0.8089268934533534,-4.5627398738759535,0.28111320166191317,1.8019676421555761,3.1844850311433697,-2.477373747071531,-0.9752499680841691
MB-0014,0.6279218031792847,-11.003932455808432,-3.323446421446941,17.413872494834276,6.575501692061942,8.994749727163285,12.607163897608363,-11.193513676145427,-7.446287066680297,0.6834632016949634,-1.7730584536979688,1.7070416993568944,-0.5920584669121448,-1.5502218975581523,-2.0361966537815883,2.6778867528120505,-2.9511214310966785,4.5738851233875195,1.1158898515762228,0.8977935909422705
MB-0022,11.544919942948901,-10.545725420417257,-5.760953932159064,14.287329798797982,8.639767917161638,11.52978515587335,11.487557461960538,-13.039941675126794,-5.480693748475721,5.816341012097086,-1.2898131894902094,-1.2272780705847577,-1.0145015330929088,-3.4172313007209345,-3.7789448811454154,-0.5546078504762442,-2.1155404170493766,3.1904646447018403,0.4292073017729557,0.9979239983625119
MB-0039,-15.680474986635415,-4.284115795485888,-26.247924523167818,19.81268778043912,2.1958098629217977,6.889872308465379,11.120290432981163,-7.101276032932939,-14.907334485032646,-6.05437412488747,-3.7434048453251916,-1.0305357046492984,-1.944452517304245,5.487604619608996,-4.180709121408091,-4.984369911403811,-1.2669480951783554,1.3132311710640996,3.8987127622988553,-5.552755520960438
MB-0062,11.613848380180746,17.810311050457614,-12.646653565094837,21.079005073718378,3.564756819081815,2.8398387646441345,17.218123193539974,-8.973127592924394,-3.683211478134251,2.1498891796620745,-1.7039323849160317,-0.7566337964338172,1.2469538535509643,5.636326878357653,0.3169551894932632,-3.168747975425195,3.1242505739025446,5.953863707439538,-3.2590193203804616,1.8637662939439545
MB-0054,7.861912108534281,-6.539760260995315,-9.743977636077206,12.920645549101604,-1.5840686852079202,6.625135510958303,13.084866372454304,-11.729601808014614,-3.5074389833500534,0.0863352044614902,-4.0143180904293825,-2.7665827455687495,-4.338304556997386,-3.303684573658642,-7.122013307953352,0.4745106086599202,0.9145121759000713,2.760212527202692,0.40108957293391473,-0.5254133384125268
MB-0081,11.53146268677947,-7.459205959075123,-10.766258348345254,15.679951297139882,7.156123846469159,6.651189256287405,17.959007758383496,-13.078779472511993,-1.3314180208650488,0.4133884291048852,0.8816729462502156,-0.12315048308636058,-0.0670758453650222,1.1273636381575856,-6.458270011106147,-0.7984318916054877,1.0488407013479153,1.3853247029682163,1.0519592509437345,0.8649535832067863
MB-0071,3.552770337496411,-1.42466619111051,-8.826437533405548,17.752255313992503,10.367749906955934,10.031444421189859,13.14573926748084,-16.124281308642786,-7.50439820127039,8.118946696676904,-0.746516770091604,2.306559985565188,6.683469799725056,-3.2339961859788295,-5.928224750351412,-4.034019804437631,-4.130126025894693,2.1250001568852688,-0.1732511905690106,4.748426788532516
MB-0099,10.332911074359561,-8.708839874716759,0.5861638849778342,15.696862659606609,9.142589835327186,7.197943609804102,13.39422001964307,-13.962712703987608,-5.747364311860434,-1.231021610525865,-2.4697422731272334,-1.1004319842267776,0.4364313323377883,-2.089869949092066,-7.219635132022464,-0.8058030117644702,2.3361392063896087,0.7612349566643536,-0.3382943206641988,-0.42386900298739516
MB-0064,0.6594882379652559,-10.703685317247913,-16.281168340693107,15.638039006936495,0.18714486876500624,-0.7296965683880117,13.91572743747266,-6.155884411754174,-6.80476076411318,-9.74920914537264,3.6439488515371843,1.423394061052228,-3.2694900645412637,-4.825643224161233,-5.1686913888159145,-3.7689964788803563,-4.691976884352666,-1.8348195993226322,1.3957802064675036,-1.1727927765814554
MB-0107,-7.1712847943324975,-0.8531464952457372,-1.499387837594073,14.471697077001648,-9.247950160213113,0.31516726887869007,13.360579634069449,-10.307826161931457,-8.079641249234934,-10.085071671105252,-5.795792247151914,-7.506992387726951,-3.156975224593499,0.37632568361885893,1.8572423420758366,-2.3896197305810625,-0.43427969089988233,1.53259999770472,4.19268912007237,5.48024028920316
MB-4681,-1.2069830025940258,-2.3075716700061544,0.5645382726490807,-6.282130705957327,9.048987992767975,-5.165230148800858,-2.5727620665267397,-0.2841045624916938,1.320176002471838,-0.5450790014890644,-0.39645361035939164,1.2257378670761105,-1.7495135768960106,-1.4794611850500994,1.3977164341975665,1.652704780256394,-0.6996653014367779,1.5003636214370641,-0.942905649478786,-0.8597400090456234
MB-4626,-18.388083830156177,4.121012783604692,-11.308943755667707,-11.391350356142771,-2.177001516718315,5.621472834851658,-2.092243949840721,-6.388173626214709,-10.895380609556181,6.012580260966048,-3.4938455416368965,-3.670767568146661,-4.239918013827312,0.24287090551704582,2.353887514819572,-1.638423354205516,-2.541387788374637,2.6557992973320115,-3.616508412386567,1.4430618546965233
MB-4639,-19.59516307200748,4.934568317430596,-2.963691575067089,-0.48880622746910735,-0.05221193303032968,-1.892205110295809,0.44117979842619587,1.0562446958023965,2.0720515502127683,2.617370186548195,0.6679719328282294,1.391342911308364,3.449113117793773,1.0960218877433605,-1.0274109988291096,-3.990620144674564,-1.3078406602565336,4.570579182522138,-7.304499302865582,-0.45054706773892883
MB-4673,-5.867862325125811,-4.505618766592208,-3.0960806229488487,-1.4612138670082713,-11.445941005495852,1.2143686374467864,-6.942694071126371,0.43974355534315507,-3.6476824494380953,5.5937942038601,-4.876181200863569,-0.8484913038916914,-5.121901448969494,-2.085276085566052,-1.2306421381099173,6.620527736261711,-1.7955281076071343,1.436940722391632,-0.6364716145901665,-0.015997597032804914
MB-4711,7.404372942228445,7.806434803460715,-3.735037443957656,-4.562327750080502,-0.4214578218532005,12.001380878597223,0.4860853796307114,-2.8976893151624377,5.567944999688383,-0.3142292645345397,4.664836389417028,0.9367039147231141,-6.242720754792034,-0.13004894487705765,-2.0406489301653075,4.177093955235918,-2.1626558216702616,1.3329048618611152,2.4229416852061036,-6.532865037487219
MB-4607,-2.7349455664218603,-1.6275644567426828,5.115130710209399,-12.109090878039709,7.968683973701053,-1.9656535286169434,4.754933727550806,-3.387327555433998,-1.0226739585194973,-0.6721272740421349,-4.669458786551069,2.476923035007591,-0.012232118461109841,-1.6033715767476229,2.8398143166699095,2.837683923104983,2.2636118454816327,2.6658957203703157,-2.075199967515874,-0.2586777440269033
MB-4669,-11.986114910356333,-0.15050995201373563,-14.355535155042485,-9.452661540369292,2.238247325133402,1.6058241302676828,-0.2614684908260575,-2.068820706950481,4.634848310225449,-0.7951361353673545,-5.029184610381763,-6.556360601700961,-1.071222926492676,1.085458717792112,2.4383048568798156,-0.9770518003037647,-0.8239951265250909,-2.29647162866003,0.2363631499634611,1.2675113891091618
MB-4015,-3.641578758298347,13.866714646729726,14.416555673766913,1.3731183218609693,-2.8697176893965888,8.058752645479355,4.27199487665058,5.901557908444711,-5.023341330918899,-5.992689639987574,1.6022115259944,-1.5216405859853641,-7.345014087318103,-2.958740958153665,1.6932930962213677,-2.8054968265764293,2.875491745168048,1.5996415690550012,1.9007725038238323,4.503738240961491
MB-2931,4.316036387206728,-9.265605696346567,6.580650462603229,1.4813972544729979,-2.506322343235274,-2.271619006176909,10.137211643790232,-0.43439699270650006,2.1196118840119085,2.662282989276913,3.6220798925515316,4.911990849192767,-2.2612289549460245,1.8139393026602988,-2.5618866634757147,0.17407369264582004,0.4405336512421498,-0.7516272950065465,-0.0661782823649476,1.6026887467559816
MB-2927,-9.114449947513942,-4.307425315996766,-1.355072518766251,7.87921722023797,1.860312858288032,-3.0621628533927905,-5.247500237923668,-3.329814666027316,1.2640169247289936,2.9759691453216552,-1.5783045516922463,-0.5296371294795829,-0.23460469901046543,3.3674484355226255,-1.1185700486767063,0.45714119333376485,-0.4097209803931715,-0.642948721952667,-4.9811302451517925,1.3766752131083289
MB-2919,-9.277141269331171,-3.0248134806738363,3.9111437149778925,5.65512008488058,2.464513786451179,-0.40802935089942804,1.9518209934140422,2.2954688970640507,3.4374514109461694,0.6401457470869398,1.8163910622945538,1.225456430023398,2.1498718263545844,0.9138759387489891,-0.16623233974227436,-3.094426089889617,-0.3479707718939926,6.313893259800295,-1.6745665977022843,-0.7764936060418168
MB-2944,-3.4324844529871945,-1.0635736433189473,12.670639417468664,4.607253483553423,6.701843741158316,2.6645286805556525,-1.1151973035443232,-0.7093161996633425,2.946664406890257,2.604760836722074,-2.9885368472194944,2.707041249173105,1.8338280460284415,-0.36999461228201325,0.5986958950902594,-1.5477391018155144,0.6811906906423181,-1.8953459967503754,0.09390362139699658,0.27003414266600534
MB-2929,5.941408749056878,3.90186212171948,8.845342297168639,4.242220316034094,-0.7073763538895604,3.7238448279827914,-4.240065567535886,-0.27143515438450494,1.4980691905515156,-3.229077993638037,-4.9373110871745025,-2.5753478938562773,1.122009319901076,0.06266615022825649,-10.592755216108396,-3.249460402299151,1.6728949437324236,4.664022270590906,-4.362578266655232,3.7975046527389793
MB-2932,-17.748501500403712,-2.6536326690795247,-6.284599616948092,2.1322314846551342,-0.44966089720543556,4.881838285539368,2.023013700671132,1.7181687232378895,0.1514594472692729,5.694069389035937,-2.386785285410959,-0.8470887260276089,-2.6442418214097985,-1.6372782255018559,-2.2667314985645763,1.2482747247303008,1.083694612359084,2.212785143251669,-1.9202955872960739,1.2523739535842064
MB-2724,33.68985604065049,-12.7277406381433,-44.526330244574886,-2.033496169223375,2.1134231323527266,17.414380480465468,-0.006850543325956542,-0.4874893854193647,6.647182432410933,-1.735629799488449,1.19186458107067,2.705017561363609,-2.845917892307337,3.856934079219293,3.2883209873578476,0.8389247653881808,6.24288124774599,0.350644031859954,-2.5374801893887673,0.8151039855196042
MB-2712,-2.096735330516164,-4.346546656927716,5.041291856884348,4.204836294819811,2.2589305447493255,-1.5456639619951709,-0.3982720985004902,-2.022949025933654,4.207704705665829,0.8863480230198689,1.0069808751578384,-3.8145068855068427,0.15596799701903438,4.645769240642911,-4.721908392515768,-1.0306693893172216,1.184838701446614,-2.5622758018394687,-0.23846826514117242,-4.007658674181873
MB-3062,25.33670842014631,3.60675804504483,-2.134470840633377,5.046694309667026,1.8896238941449115,1.312860903259429,-0.3420505816566416,-1.6522363334300074,5.572917825640618,0.9664944394006121,-0.9503503152556024,-2.6846742648300728,4.1731261698979445,-0.8123605815476653,0.08247788086202873,-0.5964658377959952,0.2725321809219001,0.002494229947169676,1.6868416808247868,-2.3520637804396842
MB-3050,-3.629318229572289,-4.927495718530877,-2.9541408928823722,-1.175542887755511,-5.274774504157817,-5.0473906613783575,-4.798464264328762,-10.135763803330907,-5.753666809194694,-0.6260528447242154,2.5297457909938585,-0.45544464201791085,2.1579152146791154,-1.3540112401065778,-1.2308795855953134,5.593680022387515,0.24921101839131815,-1.9440911594026544,0.6714749520457501,1.211140428028921
MB-4722,-13.33994211348108,-3.129190919909797,-0.014591034832530903,3.976497122851717,5.453694991591623,-4.144299595496343,0.3705826605164271,0.9311331939698261,1.340078444818382,-5.244208334528803,-2.2111186451764224,3.219617177267224,-0.8707495330875139,-1.7822381484480283,4.6116536855089985,0.4827030757001486,-1.9265774049188502,-0.09308138212169328,2.3022723910911433,0.011798517050247197
MB-4731,-14.595794047043679,12.42499544172664,-1.5409660845892297,2.305052900473242,-7.3102119768590335,6.285565184701007,-11.151992961725789,-3.7018986844283797,1.2318693833208656,-1.0065709588953267,2.77278453253134,1.456462432023595,6.34432168323751,-1.2614897063891464,0.476831659118446,-2.4102312031045026,1.156508504197899,-3.0401181456042994,-1.0891994903712547,2.596531687123781
MB-4725,1.690816335982116,1.9060154135231264,7.045645565107523,3.939498695920957,-7.547909666159755,5.489686663556694,-2.452587313901752,-3.3116167806629977,4.236426227255084,-3.7481943237776667,0.8821510871705751,9.444633153199097,-3.3769660082108652,-0.2585582668329891,0.22805989001429738,0.446577059821985,3.2744534072863103,2.5685005721681926,0.5964024294244457,-5.819043232234381
MB-4707,15.669199106544236,9.242509892278912,-19.29564545308896,7.229939890622339,-7.267175088115229,-7.562534105968338,-3.5746454754829453,-2.6492167744770687,-1.8706634487600482,3.471585513704906,-0.5290797946126357,4.168718010015982,1.9052230295223025,-0.9017750151171464,3.522116720449792,-0.45109827043471684,4.20963621842729,3.224939585277212,1.698566187865858,-4.52197589132677
MB-4643,-4.929010670465799,16.258335246274793,3.030911423344983,-6.059982325295327,-2.625219624226696,5.695662354271569,-6.178257419117746,-5.437547864121282,-2.8495576626792896,-1.0957320052714354,-2.351557256222393,-1.193815129754541,6.516774565303878,1.1913401077805275,-2.9183314249304457,2.0383042057336405,2.113302603444781,4.63514202663994,-2.2633249228666323,-3.5822669450602453
MB-3363,3.524297219324911,12.452437976348014,-9.491529005036819,10.848211982843699,-3.4936642618600335,-3.343502190036089,1.2071957224613121,-5.65680627641652,-3.358723020688401,-7.223159967865576,-2.520338366786836,0.07729494649885181,0.24740590262097933,-0.5666078158017134,-0.8367861249913958,-11.116880538262214,-0.959260603806151,0.10895670316129456,0.3334556200421798,3.4254773043973454
MB-3383,25.91515265565775,4.405785672030136,-3.312904029884752,4.640942480459231,-7.487941494280725,-6.559504351755747,5.106980058489165,-4.729558380678574,-7.0782914399835795,1.9852880944985636,-4.1415779091785705,2.797145372470701,-0.9066091694473856,-0.6860783379057817,-3.223856779146318,0.9311628136924113,-1.8015297719867396,-7.23339659186697,-0.04903640749640693,-2.423569867344008
MB-3344,-5.219762907729414,-2.962905744489385,7.627376605663199,7.64457914768853,4.6811985440865165,-1.3214061769635754,2.7703528193001583,-5.106364848198377,-1.9617471413105765,1.094171616602534,-0.5255372417760432,-4.38680988403131,-1.0268690236619398,1.3353714917244064,-0.5826799079595435,0.9490632964870537,3.864026491950793,-1.996999101173005,-1.1040500970681846,-2.948894925937226
MB-3381,8.208380630227154,-6.480694604046566,6.554246537635124,5.241664684400783,-2.29873644517452,-2.1134888081060907,2.6535362257238284,-5.271588423359374,1.6312358108553278,-2.4301300321035506,-0.5635222545577807,-7.584262940637405,-1.5830308545207366,-0.7557925049186734,2.042654011491318,2.6106899848281953,-2.3632047360688033,1.346777240497144,-0.3442345903853122,-0.1478663341937636
MB-3297,10.383593598574352,19.523440938665594,-6.730830660374043,13.695387084949306,5.444552593695777,0.025478762712114033,5.945900883696156,-8.011068718597226,-2.0608350247691596,4.6789026100218365,-1.0564800453016416,1.9589506929316185,-0.1435137258594478,0.13354759253825738,-4.4690825854721155,4.8361357728440515,2.817407366032324,-1.3396531372882228,0.8242512668487656,1.3585089553292646
MB-3301,6.094631271704037,-4.803246269149192,11.764106422547469,6.05400940202148,1.1314622861379537,-0.08298402182199204,9.511225557689768,-7.190923645267839,1.964627906637322,-2.397575630946989,-3.403142853634127,2.539396592653588,-2.0232764148744233,-2.0037090932877066,3.599967532670848,2.512650590859827,0.8196374799372685,-1.69334970998605,-0.12384784090193625,2.3714880253603785
MB-3088,-8.922014257826381,0.09748005647018185,0.24695354091642938,-3.0449758556719155,-1.7195281734753154,-7.534454435949957,3.380522129561406,0.8031819478572028,-0.7129759151840332,-5.434785911345184,0.7674437072460271,-5.311833964167778,-0.5095325112869705,-0.17733152185206158,1.3153295810711476,-5.626861451584773,-3.3158822062616533,1.4239672274070216,-1.219864903765976,1.2243811987933544
MB-2764,27.390934202185143,-9.931175129647102,1.4565830979611714,0.410703962273128,3.3313467006374005,0.32860385832607003,-2.8429008298293015,-1.627642495582899,-1.1200801026079916,-2.3687795373870095,4.969927206965213,-4.609338235050133,-0.6831867101515885,3.52342405729008,-0.840889375806705,0.4052586837258144,1.3821758164733957,-1.9147608185678933,-3.3130539076100214,0.21887130241787214
MB-2744,5.8271036245927545,2.704330225317052,5.764400178373402,3.801074537481998,5.186660723930625,-3.069416594835109,-4.199411235917661,-1.7957847336161004,-1.631757836280718,-3.648973477880946,4.826132811166618,-6.516496346282494,-1.9169999262871222,1.9053436502917085,-0.7233978221117943,4.3881861940789575,2.818497694440852,-0.521814958198118,-1.682272544297574,3.1455905840739913
MB-7114,11.178490555278119,15.597728595591137,-10.850953166896188,3.363088592699306,2.309038767260457,-2.452483003680934,-1.124793582996207,2.2609081069288193,7.3135866144935155,4.234970350964389,-3.5009818396491705,5.461363758083757,-2.2982027223637003,-0.2949893696764082,-1.7259586927712633,2.6240430522942617,-1.6973224978382173,-3.326076997183975,-1.1383356530958157,0.4903922795058702
MB-7118,-7.758341247058492,-2.1292585955036696,6.353741059265683,-4.350045292698057,4.7068872856303,-0.8556108312996326,-0.5054610262774415,5.279560155761167,-1.6798364117965965,-0.5706921586088827,-0.761870089277702,4.98752326733171,0.15176808559989804,3.980998029547015,1.8478984499003082,0.5289162789636707,1.2825423649926824,3.008326020538021,-1.766153983715242,1.1079626413039008
MB-7113,5.518415880700328,-4.648755037782903,8.911934830750168,-6.187331865178447,0.5905380145259558,-5.342743776800466,4.608264486930153,3.673063072628199,3.5390552918612928,-1.8055279901565737,0.9983624108824409,0.11240851219038038,-1.781599936003028,5.912780020528824,-2.65250885996541,-0.6950024155385554,-1.1283573878385176,-0.9245362395934041,-3.1275463007608972,2.3471030699515714
MB-7130,-19.45613992303384,4.278579991862339,-1.9666612466388953,-5.476359645006019,-9.591395735362754,0.36078303169668186,-0.7047816416248013,5.275136191178871,-2.0949920841673317,4.187130862222552,-2.966600774417641,-0.2306358914119934,1.2968456580967258,4.568722509476641,-2.6579644272240874,3.420604504308101,0.4560416582277413,3.0689759313008533,-2.0886033513217104,-0.7046459650612155
MB-7149,-8.455105390857915,1.0007122424553965,-7.596319194257675,-0.3520201552504865,-10.786303588878717,-2.5286535657461413,-3.4096996199299157,2.552815295139898,-0.8906921756812443,3.912273329107083,-2.421544114617897,-0.7122868584628963,2.46264564036942,11.296661934427778,-1.5391775470326758,5.024032048376847,1.8216294461125797,1.0970399032460003,-1.9847271285601376,-2.1181520190068874
MB-7140,-8.136984735288763,-8.701090969913466,-7.229811357335689,-0.6021243824486046,0.5859986318472945,3.8460325057074876,-5.1082667501865435,8.559306662214516,-5.003161673371948,-4.8992861249280315,-4.171011074969235,8.472458893734112,-8.471348273511374,1.7651435708721321,3.243877250212273,-0.6353623163664313,-5.623631314303889,-2.4320182008590665,0.0737885277591319,-2.1208127589977583
MB-7148,-17.890405573229657,0.10851706452908252,-4.437058762982855,-0.1242011642777942,4.935216053764942,1.7656920861199,-4.81326900079709,-0.7927334925271673,-1.146277377994564,5.36138985180534,1.2706981518277576,-0.3857535475602864,-2.7887322206335887,5.139188818959706,1.307337514042299,1.2525590049977309,-4.7213181756271485,1.7604283977330288,-0.548718469952688,1.671977412244055
MB-7208,-3.1128977868005077,8.725314576455027,-13.620648245178995,-4.1688893211695515,2.290359095477457,10.442195542707488,-11.878740125538313,0.5562169723898688,3.1859267827527558,-3.8477502874399163,-4.233063663359489,-1.757146497861067,5.3691180207384726,4.341441202877788,-6.394981269808056,-2.371286068085325,4.12302754057584,4.6206990524452864,0.6930710299041719,-1.7018089867967476
MB-7170,-6.439251291647981,-1.6436282429224143,-7.99598239712412,-7.339942177006681,-2.468056085364276,2.088074600544225,-9.08933633398621,3.5437845350343444,-7.6615313989006815,-5.847526902314505,-9.378298207819142,-3.2444629634647666,-0.1315865178400698,5.950967422320473,-2.8004956009045223,1.9088608396842945,-4.208320610065655,0.5876880405883226,2.8650624547666697,-6.054513137113224
MB-7174,-6.199477150075903,-5.156056397645622,-11.25440279419152,-1.4565434484469622,-3.8562045652551733,9.264317768164458,-3.1379271331679175,10.158229720639259,-3.27246244137683,4.101011912854328,1.0160530844929192,0.5972663107792182,-2.1412710857516584,4.85448699247455,0.4043323637655598,-4.096858207871471,4.6890218177565375,-6.182855973079736,-4.732357316047429,-3.054640507520235
MB-7252,0.0326567635905551,4.974074325604581,-9.908417478455313,-5.101462694006197,-7.111800012051877,5.201336743166561,-4.764285834886929,-1.7880627810347236,14.33181091915707,-3.406289785704738,-3.867442886146585,-1.2492277696678031,3.614475230486388,5.394891205674234,1.3609781842759312,-0.7181930544870377,1.6153761766971002,-2.817333559261649,1.4419655174002368,-2.1524099308477282
MB-7244,4.537194091229492,-2.81826344243218,8.189309785462727,-6.672009371827654,0.916726744822865,-5.123001790309621,5.245639523395142,5.228038466037534,3.584002974653467,-2.573562056752085,0.29688477421881326,0.08071568263891118,0.6071195585664536,6.178873599232755,-2.6316526806278397,-1.837323163907498,3.2688201311052905,-1.323509021747389,-2.0842224064820294,-0.8803498586608922
MB-7187,-0.13605250999354235,9.638844481811704,3.658918258699286,-5.841310461430523,1.464139440273637,8.22615213741366,-8.774327056363608,-0.20787977085621956,2.099362985540091,-1.9450290076210395,3.9743596810055593,0.22947845346992662,-3.7150648816104948,5.641310525885173,-4.408929240195998,-0.8147127851281278,1.2075703522092835,3.517358212936136,-1.432340147305288,-1.6798291304911939
MB-7251,-1.7197477504980963,5.414251970705584,-0.3823402569278646,-7.499419386708095,-9.054012341930319,-0.03386423879770117,-4.065695920662434,-0.957920025993992,7.9515263256656885,-7.625072825074691,2.816249596557397,3.270343231364239,-3.223010580694402,3.6337123497680275,-0.06237448492845535,2.3093683564869836,2.5219984080835536,0.5238654905734672,2.8243762082545425,-3.358206946438825
MB-7173,-11.014322133918721,-2.8291495224733665,-0.5271352297209583,-1.0400820314545738,4.4120932150317,5.064178542778022,-2.6460508096213773,1.521840759875643,1.8486843273436153,5.24460919145147,-0.6055513083071913,3.039924200928559,-1.3698438082454862,-1.694718913147068,-1.3994599628785758,0.8782155395343346,0.3997536282184001,-2.6116421797234413,2.7057342104844575,-1.051931225864418
MB-3001,12.040724401575874,12.351977578647867,-11.390655350749473,4.772045209452702,-0.6362092608297849,-1.7439730616610072,4.036753680013029,0.47294101403932376,-3.608622620951256,6.515387995560824,1.074590916947546,0.9741706122500509,-2.2965211174477487,1.360485779585644,-3.619817718881315,1.915153404281244,2.967566408197736,-2.565272880584511,1.3282734648838026,-0.11482283342507027
MB-2952,-10.350945561084826,-0.8309815581424921,1.5434049983655191,-0.7362154214035841,7.3328395094056535,-0.8068955692345567,3.141719294534806,-7.001494689055716,-1.537019936449225,2.125124500159781,-1.7208466974988277,1.4034926285925977,-0.9805703421081348,4.817704737717052,2.9236816740405915,4.538174384133448,-1.9123218228767083,-4.682898642234207,1.1292854185437387,0.05687836443902521
MB-7097,-13.076692969913376,-3.419921426733875,-6.269195958788375,1.1192468970361966,8.596615787624478,2.6207944375780663,-3.914942384039857,-7.276264537820155,-4.348467584672725,5.512611751325379,-1.8706090752901736,3.298089245778936,-2.8614413572755053,-0.9902580074198946,-3.2673767673164686,1.314449857937717,-2.01612997984296,-1.3712024182508962,0.8506971971482793,-1.3936673086029414
MB-7104,12.094620778517093,-1.245121369646859,-9.848909304178198,1.8614886570956974,-2.0926339061501325,2.9111970654221935,1.2728214113272072,-3.573567764902881,9.123402578164674,1.1729443837242994,-5.474461785214553,-2.9847912137180757,-1.5139431699232202,5.14435881563213,-4.579309937412409,3.278746632554657,4.556706881150373,1.5861493058642229,-0.3909570510650891,-0.8702097374655873
MB-7099,-12.950840961489183,-1.225657916727029,1.1758393046668183,3.461754983761954,2.585428003714126,-5.250004606218948,-3.3642201936423937,2.2204478655467192,2.260155779187326,0.9829578157850019,-3.5963636392625316,1.350641300373896,2.6056264019825077,2.2815104025451776,-3.359678779428192,-1.7061365290863344,0.8456214809698471,2.7529430507928305,2.9956022394451853,-0.030556299451390753
MB-7069,3.0385566687578383,2.546312905925991,-0.9046672620394479,-1.5712156096981897,-3.3139805936680986,8.287662216255137,-6.299758141861603,-7.223875739689743,3.397794906104036,1.4703674508457376,-1.206350324253908,-3.3700258247341988,3.312054633080316,-2.2249958124061866,-2.185040233772616,-1.7971449515436029,-2.766526156419274,4.60019991498073,-4.485984673485143,0.17280178600789778
MB-7066,-3.5809274473538006,10.148334801144221,1.282650815393916,1.7047380752867263,1.069598313191313,-0.42136283708630734,-11.57801899443458,-7.862843278424992,-2.3363967315058423,-2.022082639174689,-2.471447250333526,-1.0997517006023212,2.965740890516076,4.216944927171483,-6.911779462744757,-0.2988663603157884,2.58462020798096,7.013308212205394,-2.2998566375225873,2.0708742391107693
MB-7100,-17.653651278728812,-0.43643293987586423,-13.489595347035394,3.260078843383468,6.640790892425383,-2.0093365185825025,-7.837100878426943,-5.270259919865561,-1.454448633141486,-4.301444307267899,-1.4262525782985793,-3.657169805849413,0.9776360087473591,2.8425662361363195,-2.574905215214058,-3.423686282498252,-2.7208964989924356,2.832110156329932,-3.5152652225042607,-3.4811340852843244
MB-7067,2.954959155207345,9.47267881316294,7.475394621944746,-1.7600548316677673,-7.672099624205367,1.582808343123557,-0.4712454138592183,-5.914372995591079,2.9825294093085803,-4.9960783258884,1.5343271231588573,-0.01982319162341675,-0.08147546533557137,1.3072956072951687,-1.0178321172983766,0.7153271880734178,1.6159452542143802,4.046155915165802,3.968616199545189,-0.8761083001718238
MB-7073,0.4294797146384594,17.65605241678214,6.715798128867486,0.7692683205271641,-1.6862993091436498,1.1906382350842997,-4.974024202574476,-8.17622444007185,2.5848123438770254,-6.189123689320576,2.2683696378018894,-0.8964205473438525,2.232242316093493,-3.2021938560077876,-0.607678982474714,-5.20869629991987,1.590110182976955,1.3390523548158755,1.228889633652087,-3.954134935733897
MB-7063,-1.3325203042385938,-5.896272281416686,0.8923229100950363,4.6590451376642985,4.44386212274959,-0.17738211507374682,3.8663353098418525,-0.41385810903185527,2.3047435126333653,0.5791764639406596,-2.617512909169562,-0.37061214030961526,-0.26662764434804737,3.934991920648315,-0.45508436018794096,0.3293137305874513,-2.7913299783927332,0.0031753443682428334,-1.6045128849540067,-4.0991211437294774
MB-7102,-15.003304783386794,-4.426007240101436,-13.831343191704725,6.037570519081399,6.140271353617956,-3.680316334824117,-5.094028902782507,-0.1398104638407467,-0.37844795502962897,-5.230842144381964,-0.421403594727863,0.03279504188481144,1.469484823089235,0.5651782339107916,-1.1698027399697093,1.7325125226152647,-3.129172971867787,3.274126014663516,1.5170586556842376,-0.12764305001305737
MB-7068,1.3200860087406407,1.2011697700578863,-3.604604225266661,-0.28299569384815004,-13.141578402846248,5.592046434066715,4.4930879848420915,-2.782543157920305,6.205962955863955,2.693115969764854,0.19256063847878505,4.310099973321552,-1.6096126606096655,0.2861158781283587,-1.0573521643034138,-1.2671186667764367,-2.6069533491197565,0.9811570617467692,-1.7765496517708446,-1.830384402939428
MB-7075,-24.79136107693089,2.6163613862007917,-7.164417275682054,2.656799035093852,-1.4573526382467574,-3.9470906416591713,3.8998587523827855,-2.805374311851027,0.8549648715728116,0.08188946870502319,1.245945140309117,-4.149850406312102,2.5184537924333705,7.90876170947722,-6.578551077597879,0.024974566824916746,3.4094091508639504,0.9928189387500463,2.13985020506207,3.8375178567963912
MB-7053,-5.944564244552733,-3.4879899703034907,0.862909958783865,2.4146293639393646,0.0050097708042165685,-4.710296383442515,6.182216804985331,5.244206226604335,-3.040722418435305,-2.6413440914335724,3.120635721530829,-1.2865129224747467,-2.7568358085590376,4.332082742226018,-7.820738181041956,-0.9079397979552805,3.6256147562917227,0.3349192774224698,-0.2915512836038615,0.08002537670833673
MB-7074,7.540408672670807,-9.748533267540642,7.921475554735656,-5.648070551118109,4.626923380154813,-6.340671453863646,-2.4389286644185377,-5.182640240431136,2.047904715942404,3.2017849638190756,0.6572257535561967,0.0663030343157238,0.21757219412546555,4.6667725418105315,-2.062715407909868,-2.310571652479944,0.843074684254769,-3.221686216009734,5.508250861971268,0.2392203020872035
MB-7057,-4.1147674987383835,3.594592736566427,6.779876804349175,0.28916679028869946,8.192957785629869,2.3742788578722314,-7.240593678001892,1.0077204112758162,-4.215192063137221,1.31037583230381,-1.9154835247013178,0.008875894016059888,3.9010281494499455,3.1221634872915964,-6.601067532014728,-2.5498386260737522,1.0615781591086824,-0.9325053211207062,2.8113504776269376,-0.4549138259029307
MB-7109,-13.283165018009418,-0.1900095821681599,-4.844908158150866,1.0797111081821904,1.8916264616254246,-0.6041825402961537,1.3164434210393738,2.64109415874082,4.8334205289883325,3.400514359031823,4.356418311208865,-0.13446432132346536,-0.9135143385145045,3.1644219454152758,-1.089807755663388,-2.389123529957085,-1.3251351544139656,-1.1602976458943082,3.044860572395713,5.104277779278382
MB-7051,0.2214452532450035,-3.0554793407398666,3.1572281381807854,-1.481313180616329,-13.589453936282231,-3.165384028121336,1.797302378510079,0.4199821512792712,-6.036132620779197,0.7421961520508871,-3.192119309683811,0.09514524652211423,-0.108807415612376,9.728727191365426,-0.09928338048166738,-2.804298731948257,1.240597773723151,-0.16193994418272625,2.293539855876229,-3.4484217648071707
MB-7071,-0.2094117888224705,-2.543041708296353,-0.8929870420197122,0.2267822843674454,-2.766703135992014,5.414312728617007,2.388813400352538,0.7956866475689764,4.856929404821195,3.4577729329588545,-0.1418335455191708,-0.14559868904184933,-5.128487300274046,-1.467257373580944,-0.1434725900082233,0.05664611538715961,1.6994177822395882,-1.818628746058324,-1.5353107494293614,-1.6178667121500294
MB-7106,0.6980049900597814,-7.165141255646595,6.87581418627297,-2.812915539380242,6.389974478001985,-0.6645114072106348,-2.9370983054167574,0.8644940931202171,-2.429048132058187,4.090054308349377,-3.669855797358272,0.582108310839841,-2.2433809368833093,-1.3634489675573027,2.411851679124435,1.4111403551621868,2.6703226023321047,2.773357765560489,2.245370075383245,-2.299104475958956
MB-7059,-9.998093501580847,5.9893528026573035,4.972003201938812,1.5437928004773562,-7.204411164886019,5.410811114824619,-2.6970610884204924,-7.295389688611997,4.216767283107959,-1.2488645335976816,-1.4788530815481973,5.585663203843666,-2.9288125466690933,2.2179772871612027,1.088407385946129,3.031080938126733,0.292970111477674,2.0889912203929644,0.4203687783359322,-1.6767505025039975
MB-7107,-24.233863191817633,7.068634540482762,-1.8687905246121743,1.186996491081453,11.635331277303695,5.713318927195729,2.9650224707705584,0.4939245214753851,-1.8538935515848918,1.3487324783566008,-2.3828172544786996,2.6420721926655166,1.9365515827264776,2.634756883595632,5.423804181192094,-1.7340454108931038,4.611296863938487,-0.8613788932135424,-3.252997821130357,-3.2456615720075948
MB-7076,-11.199032071641227,-6.790304911644157,-10.368807263036308,1.763175144849432,2.200346201423114,-2.151116569420864,2.3568225229310893,6.344835021177894,1.2601830535416776,-7.0176408583381775,2.0396789140013105,0.815318574128451,-5.48677769302664,-1.8647486727926261,-1.6506234513922833,-5.494869055559729,-0.050835844914233846,-1.3042681931665472,3.8749794396986386,-3.8640847336427235
MB-7111,9.419387211034323,-0.8879053961223221,-7.514963817186174,-1.7017805218261093,-0.5979416088916627,-3.0958426470054974,-0.8034639354556525,-3.4871504995475906,4.643404021856541,-1.120725238532981,0.922962227554587,-3.8880966286939302,-3.473821290132942,0.6211833189378623,-2.3559651281692644,0.03975209638243039,-1.7396657661743273,3.8676201512146364,-2.0643069027173926,3.9404194944527786
MB-7015,-3.965833847375799,-4.003110213141511,3.509640138552891,2.7947987451700596,-5.2349625167467755,-7.6003488923796665,4.471133457542096,2.0546443200237037,-0.08188254240786054,-3.3286750952389648,-1.0216299553777632,2.726044348278137,1.0634460623481536,1.4111745258944648,0.982122833031643,-0.28689275944462744,-1.1469414936348843,0.9504718948828791,-0.019051139550351252,-0.15684332434288908
MB-7026,7.728845860719552,-7.36642582485689,9.937797832338855,0.9415145498060615,-0.19360777834811152,-1.0512394553148372,2.6906843727216527,-1.4136658534638666,1.113390656275947,-3.690801056899645,-2.624624542394415,3.3761244717868046,2.0700876033616686,-0.559603665648217,-3.232566450280922,5.253529783724876,0.9544142421784327,-0.23590257766999848,-2.0198401094888263,-1.7637057652686043
MB-7013,-6.5075744845328,0.33728643253471124,-1.2927544083710338,1.5482286613261935,6.2438708511329954,-1.324561425429571,0.45833150911222,5.546809480569647,-1.2307714068712756,-0.45431494230384073,-0.6889409439072449,3.3333156566373403,3.7695878899897926,-3.275054573987904,-3.2230264039299237,-1.0695080130526624,-0.8639601303504022,2.633776073127367,-4.454511804162335,-2.1100913824147898
MB-7023,30.79168521636835,4.577981736731771,-7.954748631762089,0.9863543131339519,-5.458934502214362,2.4759094001791615,4.784635555491269,4.079420674830662,-0.9366503964218641,3.209473666331241,-1.5115276679264154,0.6646163252924092,2.7810527578913367,-1.5203782284708245,-2.5959829548499522,-2.066865145204259,2.9827097350785214,0.19328763004149,0.8157636908116295,-0.09523839573414648
MB-7024,-5.460226044555683,-2.1352962946366327,1.1022270273422188,1.1246378145400253,-10.470377007157861,-1.2400886490499474,3.436914989329978,2.786795546937269,2.5183546853895424,3.326995478505549,-1.5865744824579238,-4.041594855826545,3.613835327978589,-3.2789499509797317,-1.0224992793825096,3.7787513110741178,2.2192572862248636,-1.8701824101403521,-3.4515107578714255,-0.15822107746538175
MB-7014,1.0531434613933917,1.9962361669697695,5.181955781470868,1.6519892081756127,-3.9628340468338608,1.1937431861542318,3.196341284073143,-1.038622680080533,3.8531791617066378,-1.2984047233772569,-0.6016903647170424,-0.26819408107094406,1.8618735396049169,0.3529965864219637,-1.347335382035827,-3.105568499195095,2.1024308536418514,-4.103096567713223,-4.3154625800833735,1.5040840681591436
MB-7017,19.000664773426358,14.659115018262975,1.8859632266125226,3.751489498245406,2.959567821506049,-2.9136191099472435,4.347319830868426,8.159594535668298,-4.253837669176554,2.5646318226115334,1.1847492852733579,2.7493486718193294,-2.0943753028807297,-0.992200676027337,-1.5919884013762773,3.213266936500209,1.4888609611314534,-0.6539021874745471,1.0398295768041912,0.4979348887539185
MB-7019,9.831825578026004,-9.122107068069523,7.598423405222247,2.452360681461688,3.1581818848326053,-0.6281948908882192,2.6689265529883492,0.4166467053246718,2.3687221940127734,0.7335997130328451,-1.629194408869838,-1.070660895369489,1.6384772968160206,2.0134603879434567,-1.2078755377829098,-2.385939327896406,0.1336902964889809,1.8792400632985773,-3.722589345050567,1.2252531283778432
MB-3510,-9.467172856105446,-2.3039277089650594,4.448338448255988,-2.3885513114708927,7.764673714388661,0.11833193696211058,2.175991434338793,1.6426080451296905,-0.46652677142731114,-4.172091768372356,0.13069156074395,-1.6345739061115079,0.0842262427702693,-0.6408398372130528,-1.0805878369106716,0.5420491905993351,1.1100242681017503,-0.25528362616208683,-3.4532821128067246,-0.9086804756584856
MB-3500,9.020870361602817,19.45309748380187,-10.87207041745835,10.805155910143384,1.2369607559414215,0.30675229821742994,5.670841105481846,4.3090714550634965,4.049509187646838,-3.528931303229503,-2.5557250880264504,-0.7651053387766953,2.7543310501610914,-1.0609573315130172,-0.4423312454235535,-0.6675731727544613,3.8394989535945925,-2.0730712233065343,4.095639837016588,3.0584007263941384
MB-3396,7.364910516676212,8.398608919065934,10.6665881508261,-0.405651244519277,-2.851526995458259,4.262163153695418,2.2146287272135146,6.105516956878863,-3.4715780329095045,-6.7718660421229275,-1.5245534815558153,-2.0400037466755947,1.900445720219367,1.589222406063865,-2.9792442509255537,1.8515755092638568,0.20853888816578345,-0.4871620520320729,1.14685297499341,-3.541474572087949
MB-3435,-18.671846349923907,12.960102246227878,5.389377592234701,1.5578998883412123,-5.70558327194803,15.680845499359183,0.6027740766610354,-1.5093796537536446,-6.094560912860449,-3.4640928124412396,3.298138853964757,2.973664879972068,-1.2390584998279874,5.167354946890621,-0.6973095505726846,-0.9853205923490557,1.4408164100516634,-1.6905243625744395,0.8106877368467493,-4.234044058411892
MB-7186,-12.169308913726857,-2.3793272492434383,-4.0724352407265725,2.403772054387689,-2.840868947485322,-6.619528028809008,3.9856809931710635,-0.9110899042729221,2.7677377393542297,2.5279312946903953,0.5278891495531586,-3.65080768537872,-1.535914719734591,6.314712306935244,0.5602805511984866,0.977517810422733,0.31028194967513706,4.305521019833771,-0.03681806645899139,2.4169388154182947
MB-7142,0.4673875673979094,-6.403714686390594,4.671205661229457,-7.938002445304898,-5.121811020553154,-8.312868108374019,3.6442338575477544,-2.801595810861638,-1.7649279544486405,0.5556312538690572,0.3799752845313589,-4.45718052155396,-0.37148566294439356,-2.5595863799565444,1.2476406259802284,0.15177457925794233,1.4518411824613744,0.534432078641801,0.7823760576961645,2.2256735288737777
MB-7196,1.3133847545961073,-5.319813140835329,-4.291669067411975,-2.4049055628730898,-6.746637200541639,-2.3500913840368027,-3.099385537481762,-5.392594338031824,-1.636725208340617,-1.3368513924618217,-5.814895574552366,-0.72793728542514,-0.8646999781900455,0.4162073423009592,-4.102379775287731,-1.4052874700201448,-0.22192450955058807,-4.616188484428968,2.5628362224577903,0.0599946232822736
MB-7171,-9.995763246337571,-4.810617220898236,-3.5059827077158703,4.110804427877061,-0.807754873985073,1.080205705610298,-2.3151976689392733,-0.8903757524387098,-9.23040300165922,3.914382394372309,-0.6096674940708312,0.10130043179029848,0.46391420536739025,-6.164036171420912,-1.281787327687539,-1.0556702533061597,-3.051315000973204,-0.04775558471031158,-4.665998194541235,-3.2574391927923383
MB-7145,6.602217441862283,25.182262216580913,-13.123784040177897,9.104858797630687,7.121698171437275,-1.735246534420489,-2.3975340369026976,-4.88446812218279,3.2903149469004562,6.115160486662888,-5.1861131890084335,-1.962087634081536,4.837561193411989,-0.1702751317996161,-2.163542717318215,-1.020079727661623,1.4906489547412098,0.8004437571342184,3.66417399924046,-4.541828969420631
MB-7132,-13.426908425377613,-4.004211627223166,-4.780161869263803,3.625706105548516,6.539927901369116,3.105158502172938,7.000081156025923,4.667380807683573,7.054996354441338,-5.819102577707808,2.375625596243739,-2.7760866611756776,-3.4724832535164754,0.24035529216029558,0.6202847567440054,-5.414141393650719,0.40993513076352983,0.7865261042081184,-1.5189270506745003,-1.0745639328728303
MB-7189,-3.5457603899517705,-6.768033397591467,-0.3155149352312293,0.8440128760532477,-8.624517331330006,-2.9365495033877838,-4.8815144690831,-2.047325925988596,-6.140851824675238,4.954501163867946,-4.630123637071468,0.3872438632231097,-0.6893569240249814,-3.122359986898783,-0.9164318131045682,0.10255828335036649,0.8593964816216088,1.105512251504607,-0.23564354825354217,4.506876227241147
MB-7137,-4.774175344061646,-7.038217078823207,-0.19135201375805364,3.7773912321225382,2.713781478486268,3.4544878394702843,-2.5201331754250034,2.803635722294953,-2.5358463310272294,-4.532783724942469,-3.8700155224341453,-4.034416230196643,3.073940023807257,0.13070141422183135,1.005550574027001,1.926009487440602,-2.402737047353841,-2.6393155097545042,1.3321918411887737,-5.672386689554184
MB-7181,-15.72405560873918,-7.354302610968081,-16.909892495199145,2.0518084970810158,-7.157205197687872,-0.847402685779515,-5.51739816941244,-4.884419534189936,-7.253221766211407,10.832045401774158,-1.3091654302568732,-1.6297479337837986,1.8992391925174117,1.0897546766510497,-1.5567791393658932,2.0474120780623495,0.9587900425732583,2.3058276901884214,1.4861166631907001,-1.3931985957791486
MB-7155,7.6398526842075585,17.30272110779886,-17.379051554167486,6.676095731822358,0.545883525236524,-6.364686153260996,8.342863549621867,-1.6059126904495742,4.328589457584364,-2.090871427228826,-0.9995383450391967,4.952074170192487,-0.9520382129685435,-1.9388145876328402,2.8965325731831166,6.842854742372824,5.0642978339436056,0.38074175771561214,-3.717228617525552,-0.34073062557454054
MB-7138,-16.288738803818966,-6.250558869847318,-11.848569088315879,10.780192593641972,1.0890911009712718,-0.35815253087097254,-0.6227464175651914,3.7755082951630548,-6.1322957486808845,-1.1873747400798575,1.262667117345439,3.8923706839197023,-1.9546845889511053,-1.2912209150135563,-1.7336220591441562,-6.116680479870132,-1.2457832840584984,-1.4505838528971928,2.805143986387291,1.5900668322235667
MB-3295,0.9751876457241533,5.854572191017272,7.180005012553414,2.6828324920899735,6.535884772814737,-2.581484841267383,-3.52778537049409,-3.8367747206936538,0.199353323459829,-3.7822275548954716,3.88178949790443,-8.099684511981291,-3.22052577657172,4.925208389509638,-2.7511989068167297,0.5641829570729036,3.0316203880275183,1.3897283433326766,-3.0687405886199404,4.571558345145147
MB-3218,15.465959712877787,20.647365335865324,1.0565602898435544,5.657236278266447,2.8164023316746114,-1.150085585400392,2.502079359044842,6.425940262467663,-0.26611825848254905,6.285342590815984,-6.737437550239353,3.665245339309084,-0.737770734525419,1.2751565829298244,-4.900469931190813,-0.8429678322578386,-1.189639984437764,-0.4848979430551866,1.6965971653873206,0.1466704677023858
MB-7232,-15.122009145463485,-3.6168692177643247,-7.984707083091549,7.037696990886196,10.09929152408018,2.6788599079097235,-0.984431925111085,0.4717083192257258,-3.3927860259474336,-3.9194165899912736,-1.5837011159197065,4.110769315477359,-2.1627924866099963,4.830236522064624,3.8626260935630192,-5.812924636531167,2.156381332393129,0.6541074607602969,-4.556220974668547,0.8790555562450064
MB-7281,5.899216212603842,6.2626628891019696,5.583418962186784,-5.94921260142502,-8.094570260236186,5.56364643331792,-5.831769140076459,-1.3954890557682649,-0.7133159734520435,-0.9623776996493045,-1.683759364688254,-2.0958074073814954,-3.521823708752933,0.15923643724359612,-1.5463772477959044,1.3709408991860037,0.6794958471229262,2.1383279127150385,-6.480582674056541,2.4498742933707987
MB-7270,-0.9890067323490911,8.731387040660579,-8.396589800015283,-0.4073338400371897,4.88697132111568,-1.2264663143768433,-8.576662644880228,-3.836435994324448,3.9323155618248986,0.4818515922199029,-4.754141059040268,2.4228202121082023,-0.9860073588278678,0.6405905629701055,-5.8853503232861,-4.2195753554394235,-0.20098845967504547,-1.6531737283556043,3.39021506018831,1.2410879289637304
MB-7231,-14.331287314162806,-2.8191822616625473,-9.04818180582663,1.6882127571052796,5.118133819738832,2.8773009385908335,-6.428442945938379,1.7208317755969467,-3.5408271790067314,-6.699919588210353,2.330006389203525,-2.5519792781024115,-3.5818084002447046,-1.3712189403557231,-2.412239996952852,-5.272115443383049,2.568755765464484,2.370678159163902,0.005696968662969595,0.45273492077313493
MB-7220,1.223268749036124,-6.974867578553817,4.765159437998322,-5.007268198676548,3.761635562563546,-5.504725678157472,5.981560916623906,-4.782227137138582,2.1472527673937525,3.8001395092570642,0.7378049239057792,3.1496814554323804,1.4352722038829238,0.4415773562030801,-4.434676039704629,-2.1400703740848597,-0.24445250495625975,-0.2977665962924905,0.525439372085392,1.0092924492965019
MB-7277,-7.168275204470011,-5.07683972858389,0.740995740768716,1.0312275455120705,2.913928627578921,3.8089588707785302,9.26314228138024,6.685850240608848,2.399152467123255,1.5936790894281658,2.3973880015177795,4.457697296527211,-1.7417564097672085,0.21632416263646811,-1.6904593649775501,3.396241870946007,-1.2288488415055452,2.661004207768076,-4.4961031442003305,-1.4007514431542705
MB-7269,6.159967818200437,25.346345157326613,-6.346521464902299,1.6378197218057755,6.108639651247562,2.4401458254836195,-0.6117700865834604,4.304132025699534,-0.8555041725797057,5.186232569539713,2.8928514049700524,-1.1879359583297764,-2.054956756311946,-0.86650907315042,-1.791484349671253,1.3209767465373614,-4.767583105108208,1.6895780396665538,2.2794902713376546,-1.3416646475021172
MB-7280,-10.791057481529265,-2.394164743086704,2.514963353973496,1.3815915475781861,1.937364220025861,-4.83160053217818,3.9731598387102207,1.1629658175080066,3.581784005562054,5.537143161351979,4.46036975980158,-5.0306952206296245,-1.925920640621652,10.804402035518274,-0.05582930917153012,2.654003806538687,4.4303593429962635,2.1516503006079692,2.9164220268282377,0.37072815123264463
MB-7227,-10.060344145760633,2.8910183188375247,7.841942993787214,-1.906363144084639,3.598262791169007,-0.5454069325552171,0.2753338410122897,-4.1606986991125545,2.40805164005913,-0.062457803931173075,-0.7053218638494915,4.41708683356716,-1.9649806351969878,4.581727469549892,1.3145310198741915,1.8046388093097063,2.4194684140710394,0.8806728655692888,5.6994358115942525,1.5269323529871937
MB-7278,-4.272387580093859,-5.306128597003304,0.6236562281950289,-0.049805879913618595,8.77667119529691,-0.7984117629472384,-4.843514629400376,-4.4140584499873565,-1.1469557545678426,-0.11991560898109092,-3.0916211309951285,-0.998355280767892,1.4631547516319252,0.07207913911547856,-0.9634085665828943,-0.24005525378813083,-1.4433625917347042,4.831233460290339,3.4707937794337096,-2.3055375800540117
MB-2610,-2.9373706103107304,-2.5108284608954397,4.650111044299377,3.070666906880648,7.513215017709648,2.9848948087987615,3.681685514484248,-3.21806080248152,-5.0744183489774395,4.724740555606276,1.3959724939113347,3.3063974946238854,-2.1291735677786043,3.6681301956291357,1.7477847952692251,1.7848215461505037,-1.186703374787393,-1.0718250147865056,-0.6535227557460618,2.566363634404821
MB-2517,2.983024204643155,4.950364062096981,2.945884670476575,-2.7297106924786116,-5.87745034362666,5.787944381153946,1.7565970468251504,-8.188096897003744,0.6140711114296618,0.8864498394419348,2.2255300429806533,1.0237370880375105,-2.2205996406452146,0.3179961228040858,-3.6365424000387856,0.593039584950609,0.760707507508859,-2.4918883467769413,0.9757009092479071,1.882674392162382
MB-2896,14.219829837386444,-8.587261952075034,1.8808047136652128,-0.5484194464317792,-0.3282398680079976,0.41287479903868496,7.02607540884503,-4.071809546039021,-0.2726811385575989,-0.5381868037619041,-2.081840791757899,-6.514638081192013,0.39744983642153514,4.812450515440808,-6.181997174753047,-0.6335499256507057,-0.4705953329072432,-2.9866688404314865,1.0856899452926645,0.7357995056769557
MB-2901,-29.368005545617336,1.8873766286854035,-13.131963090269316,7.118153788342159,1.1021422459697314,5.984961459365782,2.211332538166553,1.1837254775233534,-9.757733157252908,4.0015934676128815,-3.216647863038473,-0.6335507953393211,-1.937219160599728,2.7888701483379648,0.5553642561519965,3.5100196581099024,0.527504718287931,-1.007070799089628,1.3003430943818048,0.7852677768543157
MB-2895,10.518101005780222,7.844182767390852,1.8933811546012362,-1.1138991688229811,-2.448357341809572,11.340448891450897,-0.2953592987353317,-6.978032702800831,-2.0351847330254027,-3.8838389173937635,0.5030197123615415,-0.17445004075758133,-1.979869341959086,4.72581871837139,4.504743301300167,-3.6047089187501262,-3.7660141860596843,-3.335538860218929,-5.98887684631173,0.6148940114226475
MB-2900,15.454400067861622,-0.6487841060241752,3.2470836420954456,-2.4051204321993565,8.74532073298379,0.974658180463358,2.540418804800841,-5.959260125987684,-6.43942204217648,2.352432371314672,0.9793167427118038,-2.123328156616283,-2.2685355384260424,3.2487565201689708,-1.9921098206934649,2.5048255210088692,0.1671242694377046,-1.6527977429529235,-1.3121611420158805,-1.666795926381799
MB-2939,8.101316320291588,-9.07336984784783,4.677368551159037,-0.37512152201427834,-8.810688779980474,-1.6316515131073384,7.187605626297896,-8.722851801378168,-1.3364033413974015,-1.864021185215819,2.812481774991319,1.2891249318574545,-0.839992313798269,3.5375546856110414,-2.535034010709825,1.7173141861771914,-0.5469561378566768,-1.964504026454443,-0.3836859497529855,-0.36032903904219127
MB-7008,13.71104189843399,-0.7859587256650734,5.289661140349703,3.662516422578598,2.4020175964296255,3.918322533109745,-8.405471203531935,2.0670418756466846,0.47862508862018016,-7.010480342731729,-1.9616326643204807,-4.202069176587696,7.694239353886225,1.570361414713204,-6.957524961475857,4.90244117463845,4.6368244584271645,2.420776553711492,-1.1893971212225531,0.31405219772380844
MB-7002,8.703478529200154,-11.817761350388247,4.675088158340598,-6.068062095239409,1.0090632209233508,-0.3397347404801373,-1.4038734939757467,1.9182924903032494,1.8488381805738883,0.3732013851197245,-3.6107145387495763,0.7025169016345294,2.117013044011348,1.7958969723815532,0.7044158275810021,-2.4393649126104573,0.11574451718794317,-3.2500501540680258,5.773732287995037,4.101163797678287
MB-7000,-18.999992157975772,-1.5567458207498774,-5.253646307544475,-1.2115548804985679,-5.410551735696967,-2.2938802424920386,-0.7568959242127536,1.7957880083102218,-6.09726464087688,8.172414407295127,-3.5130284726138843,-2.746703775918874,-1.9872522544832858,2.029075641123011,2.6199638159888767,0.7422273026875216,2.9083262178656883,3.4508056855498017,0.6370523029519093,-0.9284052821368455
MB-7006,-0.9896004781600283,-6.021476518879069,3.3315731624225626,4.052733602369308,3.6604054985002707,-1.0818702819406214,-1.2375540992387484,-0.752267920629605,4.116654529611371,0.3430250064457533,-0.33577668416856277,1.9394281255430166,-5.582471626472117,4.206920954607977,0.18631468679848323,3.3887732751957973,-0.9019841994094194,-0.30080217356501343,-0.36568603631351204,1.6608467529217739
MB-7007,2.48888420423904,19.315367260573417,1.1602928435715207,5.175191174379034,-2.0454997585283223,-0.6279439280628394,-3.1393265678802185,3.0206511840889902,1.3763734706667463,-0.4885914936551734,1.0229467282780478,-1.4912116004709757,-5.199938555134541,-0.05113083635339627,-4.4828101841495,0.09555349149961248,-5.2364355475408075,-0.39179257198726464,4.911671651849394,0.08689771076067664
MB-7011,-1.5183030891031113,-4.330344462322173,0.19773603472678328,4.526111610696531,-8.530244591354512,2.3733814690066026,2.6406217762048447,5.397909198691637,-2.85834107750994,2.8626418560470652,-1.7580489456475303,0.709348000099019,-5.950575770680121,-4.442131513650354,0.5235185226637739,1.4092511995568522,0.7599778116437386,2.7572479796555567,-2.0525851980780536,1.675941808981808
MB-7001,-0.8178229142845458,-2.9885992282991523,4.540260813264383,0.17580038433579934,2.313860917397713,2.3099337713591273,2.8616120586011085,1.0824602224945379,7.862540530821705,-2.921298512820725,4.874890994979401,2.3800817994519172,-3.1374324620099574,-0.3519465389997929,-2.8122545831182677,0.19765110956821216,-2.6463164870619242,2.900082856352581,1.1748497920139207,0.9897641017320439
MB-7009,17.927088699808458,11.952299330107333,-1.5223633925882762,4.053069340761906,-2.5731190316451373,-7.14222051814549,0.8966978019863815,6.742923972762953,-1.128784393025716,1.5510113196166737,-1.1236877089419202,5.787593386148702,-0.7817108882027712,-0.5819458396015558,0.8493794673489817,4.157330994310954,7.113786695449313,-1.0201561812301614,-0.21397090042280825,-2.309634066600628
MB-7003,9.760353537647132,-4.0093995212517815,5.917171489679796,1.759785706618458,3.664450070327729,1.8256815557423884,2.604702786768086,4.798445910253056,0.46873273644993346,0.36867805585469593,0.7710621123353784,1.344348048288682,-2.6062478403217564,3.587402744763519,-3.1802860207232655,2.5775297251649,-1.4312322200914702,2.014335676004221,-2.535384929194431,2.780249537159581
MB-7005,1.9181193667482703,-3.335778151488873,5.894646957186832,5.089374266579214,5.120701519223933,2.429506016785609,-0.23263392511540068,0.44151712546971944,4.754877740596169,-2.2965442934823868,-5.956044135238371,7.740575161323758,-0.18180414375542528,2.334716096820179,-1.4031000751581852,-0.048239216073756246,-0.9364363080574808,0.07848848888214321,1.2180659052954552,-0.7420739037496202
MB-7010,-6.8581463752243765,-4.66185362618052,1.8250836099265693,0.9271534003819609,9.385251575403721,0.5852994616069411,-5.305332102388764,-0.7147798207047102,3.2882578333440953,-5.6107534357688715,-2.5200946454734243,2.3190513202734166,-3.9080327108826065,7.557915621757984,0.9346204346407255,-5.551256121785166,0.7898495176298829,-2.1286718106156073,-4.97633256711006,3.2395393052012293
MB-3153,-0.05444341761297303,19.960397887314667,-7.041702520524984,-3.7247656153616613,1.2074800795270102,4.238373564407472,6.97428666163212,-0.3221400740183634,0.843957891335577,-2.097263032167329,-0.7570709503760141,-7.297232505561416,-4.320099594062549,1.2614934243376899,-6.810291867300052,2.2889592193930026,-8.051945916656178,-0.23935670778993265,-0.7979723187493232,4.240259568931874
MB-3211,8.566777579036401,17.32791499369723,-3.0605231747743065,6.66892726230158,2.0354419806769926,-3.3483629397883408,6.912550283808302,-2.880444645906614,6.039397075742774,-4.312552356969476,-4.4564857811916125,1.3216367352259022,0.8620898739288008,2.5714377127237555,-0.12792314637618832,-5.759521758750767,1.5395644880826989,-0.12768513023297615,-4.681370533427521,-2.606708085317859
MB-3181,-10.302619454365267,3.21439536504107,3.453504081034987,6.38825218424112,0.7063157779705138,3.3808595804661845,-0.9707323561238487,1.0268043434981429,-1.5408338963257828,-0.6996685802750111,-5.541897097651809,2.327517413489332,-2.8798216154803193,2.6419820748601768,-2.935183004300668,-0.6818506829097395,1.3055575836012958,-0.72808199978126,2.282067882326202,-1.548116951046227
MB-3252,7.2430208838909484,-5.843413567117457,10.097804146427508,3.5066420967781498,3.8821100553905232,0.8063960089619857,-0.16042894221933043,-1.0418184616141748,-2.656124902173158,0.8873215857094588,2.5354487879763297,-2.0577481740025503,-1.0795816465147696,-1.5623972630987593,0.42606890208587106,2.7695931720711013,2.209052446097053,-2.2654598664130234,-2.4908920157484973,-0.9704494818176148
MB-3266,9.700997228428381,-6.591501546113043,7.973479567288198,-0.7775770073521411,-6.594397695448791,-3.804351334816901,4.147759376445198,-2.0626132427534567,1.001726309604974,0.6499760875850097,-2.6398895673450795,-3.8265959320756124,2.9403514476968655,0.520621046237088,-2.6449678271066785,-0.7277420776462992,0.12214380429497056,2.126414239066845,-0.864737470773369,1.5392051851094908
MB-7082,-7.721662250497833,7.3035332806907,-3.9319712922430248,-4.32217524038423,-3.6234949299763177,-0.8889051063658903,-5.141553090782522,-12.442392388695618,6.802284957798888,-1.885190717673471,-2.581002429661288,3.080412874889277,-1.9835130683320097,4.99535444596074,-0.847183041150162,1.3609335597590706,3.6864980401542264,1.8457571902089454,1.3413291893661923,-6.50730484008827
MB-7081,18.1620898426168,7.880875855104731,-14.175674006390276,2.8691415960140874,1.6675099432644733,5.777820187352731,-1.461047716593682,1.249987492565185,10.85857263029289,0.7945250580966445,-8.031732528993231,-0.682556734600732,-5.863498198865964,0.7271744580935106,-0.5566603756847442,-1.8359898239043115,-0.7420957540512798,0.14802516195377777,0.5535340519941596,-1.748883975764903
MB-7093,3.127596868849153,-6.110909478683311,5.654935385347474,-1.3494453396130488,8.914415027148817,5.003439385720884,-2.38096384191481,5.7945703169106215,-2.602216093064588,-1.5684208222013898,-2.3985940886869455,4.665591670254545,-4.39595916420246,3.3216003605629054,-4.260912399538319,-2.4151095409318732,3.261286043256298,0.23306050067986225,-5.244868518781711,-1.9278142007100652
MB-7083,-12.902231806816596,-2.3743368080758676,-5.043641443362986,-0.017001103653610884,-6.4121769812170655,-0.7662713781632301,1.8940964413160999,6.798517758882098,1.9627643338185845,8.293139757415277,-2.842847811209927,0.6075491666680748,0.5224356107988117,6.13965444733388,2.874115866607714,0.3284826282153556,1.2304930435434942,3.3567798922774834,2.070275987784013,-0.6102494833837145
MB-7091,2.1509185572291347,-5.53568080010011,6.925968790782796,-0.4430783953022894,1.8368417102861396,-4.751723840671127,-2.130333121065678,-2.857671372183035,-1.282550464064111,2.136421271904476,-6.435165347156913,0.8987685630892187,-1.6005598373539012,5.717608570860656,-1.6996702544114901,1.8268866850682564,1.6965702213198706,-0.3277165429707367,0.9202219089647666,-2.5090222504801964
MB-7065,-11.554196018255944,-3.2994709138740688,-3.1250065169683183,-1.4066589460536243,-4.457574027535026,-8.535525095476723,0.11217307532238498,3.121027358496044,4.943412811942206,0.3430591198990686,-1.1244679388313552,-2.0431176191209475,-1.076733910418252,2.9212553868144995,-5.0416184578967025,0.5650262859684352,-1.1476636639864102,1.0638829830701426,-2.7661762255251987,2.241103461220796
MB-7085,-6.9382970139950695,0.34313523553948744,-0.3892922105788247,-0.4023740395516015,3.0551555705531888,0.8330029210157419,-0.5349532550163971,6.304520477482825,-0.39112307658849566,-2.9048827174954495,2.268413040534215,0.2525478151632143,-5.052410934889664,2.2915216433102605,-1.611690204850269,0.15806464863593897,1.110240755700446,2.196516378359882,-0.6717224006294219,0.7141452771633341
MB-7096,2.8702392195123534,-5.215446547679653,1.3530207255550155,-5.057661719747217,5.369033808864881,-5.473452838773621,-1.5922355516209545,-2.701195419748033,1.7889972612019283,2.1189283316786267,0.8588206421465162,1.5356670666426648,-2.6209320366035564,2.725694508714389,-3.652042975826808,0.42234080469455415,-1.3053121690284841,-2.242302779367385,-2.314916227722489,-2.1667501209124542
MB-7018,5.609128702138292,-7.1224368318785904,0.8879779752485848,-0.451293584517813,-0.18089039530119871,-0.3273210711149925,-1.6124616540413244,0.1717456531314584,4.331186487622191,-1.8053050459566777,-0.2948132066531327,1.5290558980965818,-0.8760025379176729,5.115548224946087,-8.033344110386539,3.1457120383296906,0.8583892971089412,1.2082930318978788,2.338127021987962,-1.309880212957162
MB-7088,-6.619243127589546,5.420965069812796,1.9470181574636607,-3.768120633832616,-6.933840359092989,3.771982669309444,-2.345422496137177,-2.9642399722564297,9.107645906059354,-0.7257140089552929,-0.7948616489318696,-0.5271254527130589,-0.07727893884662339,1.8576066443128645,1.1597489825726703,2.250801939893528,0.03881114705833869,-3.5642236344332856,-1.0110975152217319,2.411755127278116
MB-7055,0.48360385507463644,15.661687819537352,-10.354331641916984,-2.4853695904261395,-0.571370023297343,-4.082140381182346,-4.167539263804111,-6.113333591341918,-3.526902880096595,-6.034535793183157,-1.6945602557331532,8.824662778502265,-4.094479009083138,-0.11021287366345048,1.1905654019397893,-1.3364029408877165,0.8257626031392475,1.5728188900636857,-0.11823636222943171,-3.9834804279199196
MB-7080,-2.4710579604250937,-4.030674734053948,4.341974797727059,5.839910100035536,4.507900665165782,3.3769492069492775,0.4691274907254813,1.3546562385613345,2.6478789263477194,0.794487162494177,-2.6986621040043017,6.377159651534609,-1.4010138589665881,1.359770984399269,0.7944971359988209,2.628183054179099,0.872151996985825,2.630021213125534,-4.640415939607278,-0.8839114858309083
MB-7161,-6.049206028649433,-4.486709341800227,-7.98703139315334,-2.1672665328842107,-7.838796894157567,0.1403028666109837,2.126135739504047,3.4561539957766247,-0.13932192163341808,2.1701218865720433,-1.1252474670792263,-4.142689551280057,-4.954686401206793,2.69917423848029,-2.8990496659293283,0.9799039244450493,0.7432017749636625,1.0562140741419348,0.7472184867764595,-5.525364500757022
MB-7115,-18.087321905904883,8.783089592772308,-10.633999402463509,-4.863270774617672,-5.92762060696718,1.1030784281385106,-6.717921968905336,-1.7194995546429392,2.0706796939969796,-0.1058895242400812,-1.3281117535094351,5.29275335862691,-1.4629605280110958,0.8415430374778529,2.4017213654011305,2.2616364678086938,-0.0841492893727607,4.856739619721838,-1.6609093408256383,10.655263135042018
MB-7123,-9.882594042768615,0.48684588872067064,-0.9720020508823444,2.8403746481690546,2.8813905321598376,7.6534755234263105,-4.800338538044191,5.091003776955637,-2.348157927531865,0.7313764220643246,-1.4268384927535456,1.2146395350113408,-3.5693128084967958,1.8414633101117666,-0.6690673324343347,-2.37896424156594,4.670695703414192,0.4772845753801987,-0.1028317901088298,-0.6527767501473842
MB-7176,-3.468882431315304,-3.8031922890714407,8.777220705450148,-0.7552910915789485,0.013526834734412845,0.9748815020409538,5.30495812213296,6.657303231748563,-6.0489238003352925,1.957204403446976,-2.8015520579713318,5.646863327280318,-3.8385086865363687,-0.20655353663491466,-1.7336447392617862,0.5939035541586836,0.9894752363234793,0.8742864004235017,0.9435881832897473,-1.2250619112856924
MB-7121,17.87184928596484,5.655954777601954,-14.332429383258992,-2.425235139933436,0.369183079846926,1.7575996852590223,-3.2502059759174924,-3.272234578004514,4.310271415190032,2.5938750296893445,-1.6499307892513015,0.8218482302161192,-3.4364324623153726,0.8163639493937074,-0.26030755740556694,0.8667956794566604,-2.1753597210890967,1.3866235050912032,0.7217153366371016,2.102727460368233
MB-7172,-14.285070044500756,-3.0863517135185816,-1.6864658380314563,1.6728749764066513,5.34316668822305,1.518515891378311,-0.10317898824472627,3.0806984170836365,-1.410348084200338,0.9203822469190645,1.0283757763072652,5.957094985444691,-0.03229743616882057,5.185184101565821,7.247857934022757,-4.396441507396676,0.6472038062525778,-4.159411792012736,-1.8204887074215708,-2.3889386272443986
MB-7164,-7.140732806939922,1.4939586004420549,6.487734482791733,-4.484274585331942,6.384140619843204,-2.5939180089379175,-4.844782020174551,6.005496701427052,1.3422493044718005,-2.183052227767018,-1.840272158146879,0.16201225169056818,-0.31411200206989426,-0.7751415961837216,-1.0009070645932485,0.6385964619066691,1.7760531073949977,1.9942930304366329,-3.548018595277571,4.825899166118125
MB-7127,-8.716125215640748,5.945386894137068,4.293482842423528,1.9211694914164712,-5.742008811479691,-1.788303652865279,6.043851310420811,12.645358086475026,-1.4287581322821443,-3.250041342361893,6.405983275199159,0.23897088737908728,-2.654902657311496,0.1805576463858681,-3.7811053045643357,-0.937033973383791,4.735549274450931,0.8498933961343903,-0.7183959605169219,-0.15982169392510942
MB-7128,0.31263879362025465,-7.8796771912596775,0.9255162595564134,-6.887432197196342,-0.0020587842216068506,0.09313975723984516,0.48443222911581507,-4.327214114424545,3.1888426567192836,-5.788810456459958,0.46812238375096143,-0.3296847451095827,-6.240595335778776,3.6433934279042997,-3.059151403348367,0.7255995295965015,-1.7176094141357214,1.1374146992219545,3.3344083058740943,-2.434918820586843
MB-7157,-18.758205608595727,0.37894594329455167,-4.179957498608827,1.4671310763890664,-0.6090519115798326,-2.3297824299157184,5.293156861078595,6.252654409576878,1.4828658434127568,-1.0900521580187728,2.948992498371124,5.081972979591186,-1.738067416477505,5.649133277080514,-0.8406601330337706,-3.58189295224247,-0.17188233717220422,3.280676657379975,-0.13811013646771989,-0.9700280674321496
MB-7092,-11.584684702898102,-4.7788450496626735,-11.218205053814893,0.5659290966525999,-3.707653899187918,1.9868009897606673,-0.5262180893488284,1.783158834187194,-0.7879367480061776,3.7460362500250044,-2.6166985897542885,-2.4300069889387816,-5.339996938090857,-2.0563719655214077,0.11773926459261105,-3.4466087220272015,3.455358435378882,1.7593462566413178,-3.7494503253773184,-3.3553792212739864
MB-7135,-12.648951972969915,8.685954088746994,5.657542724465426,1.2106961863037453,-0.04599224416498385,2.865852593081808,-12.285721915767411,-6.7632723968495,-3.6724526905284565,-4.157490355805305,-3.820514272947525,8.725670174071606,-0.8970390470336067,-0.7409280032856821,1.8902714672995122,-2.407997511729581,3.122147941687253,5.526487033260239,1.4480737734089597,3.2824756005723943
MB-3754,9.491822034925924,-3.957177986938103,10.22103791330607,-3.5581936228440365,-5.688470023616659,3.29235201219727,5.075834880263419,-2.155361241613825,-4.41087731742389,2.540328048675761,-2.3574841809290468,-0.07184604197660123,3.0622800541634714,-1.1011720505982086,3.0916693394970385,-2.2693461008763602,3.3154011053226426,-1.5647230089827768,-4.518074776402556,-0.30284489025855627
MB-3536,-0.5607182870030547,2.3698586806872943,6.4193740614631585,-0.6668126850691144,5.3291873170591835,1.1512874244460372,0.0943946558862901,-5.52331460891012,-0.6715190858349909,1.3766495756813604,0.026294898121831434,-2.7430229357896003,2.856255785399162,1.5466922836145354,-2.1800586354069296,-3.6471519964821972,3.3481046202278963,-1.958445048398891,-1.7074070241299362,-2.848632167168582
MB-3748,4.118159471819876,-10.570017216294683,-7.110439518820299,-1.303646395394077,2.9245928698486687,0.5271022084380491,1.4657598553575812,2.0185478564162214,-1.5463583515578019,-9.526148411697505,-2.7878026234509803,-1.2324618409784491,-3.1039736132897353,-1.1308261814440392,-4.33514991016603,-1.7737220097952369,-4.174487455739854,-4.8341886017717375,3.48249279607553,-5.598003305779648
MB-3530,-6.147939463224475,-8.307613473779163,0.04322066380756519,-2.9014259577731187,3.41624680659351,-2.3066228155435717,6.751682232902075,0.24571831582285317,2.529202418624991,-0.7908476222867197,-2.2543174319649286,-5.656977257820474,0.5343844273356627,0.41278735638059333,-0.2217145349187464,1.672412334875871,1.1309889486877933,-1.5327337120118494,2.9056967467176973,-1.391429802578984
MB-3582,17.044729963455577,4.991627723591505,4.615796978641711,-3.5991134497326494,7.345625471441696,3.9855429231100015,0.2790092644918669,3.728483857309229,-3.4197865120073896,-0.7423751173521445,0.8033905784745269,-7.741904609136871,-5.719373314484721,4.421933133503108,-4.354856498462037,-1.203754610508509,2.010940834981021,-3.8338094777096208,-3.4966017959676026,1.8418766829344513
MB-3528,-5.824645800581977,1.8034147144355126,-4.0791296810818825,0.3680434492064924,-2.916667007964474,10.33842428423377,-2.3494508969437407,-9.463499413551803,5.469407590605567,-1.6718748857072656,-1.8752491599804473,2.0354963440689904,-1.8424319438693293,-3.1802185840015045,3.097747708107586,-0.3896702366459205,2.2581911838825586,-2.214545896662728,1.5964005480184047,0.6004143351326863
MB-3547,2.2167978792169003,-2.775348582670887,3.403315906362053,-0.4973227724348818,5.015621663152829,-3.541685499015649,4.098592634557798,-0.6757934990375877,-1.5703554008117488,-1.9882655495522799,0.7622860398270196,-6.060907366148042,-1.3654384170268152,4.299433411525776,-0.9934808699261365,1.3113101977364485,-1.9659232061406484,-0.12290884778936353,-1.3826439913595236,-3.116725899578147
MB-3576,-6.6905167273272665,-5.911116635743392,2.5474180639076467,-0.6521653895612328,-7.353100101156373,0.8946888590877099,4.857924174863084,-2.2896693886170536,-8.697104578841834,6.339572222624304,-1.7978078645846012,0.8179527145358684,-0.19410517432144409,0.23639007023777422,-0.9856232718120368,3.174527537232646,2.4391261179735544,-5.054564149053507,0.06504397115791333,-1.4012508627496676
MB-2770,-10.598808223528044,-3.6063806056891528,-0.45388949813063173,9.078743477058689,5.518957064424646,3.6179648420152692,0.34921895908179545,1.1447146010128137,-3.480941546492,2.758739262726008,-1.3224021526440009,3.6154469517359074,-3.3502442252236473,-1.843931059398344,-2.1124172690344123,1.4804946470287086,0.02035406716777586,1.3022930364613088,-4.221215567618407,1.9156372386874367
MB-2758,14.724261216921008,5.130651594794934,7.310012223194671,1.3451778839663475,-1.4589793470075691,8.468829236809487,-3.5018516802579813,-7.0367144845336265,-0.5007266220467247,-3.0808414282942147,0.23940497034671004,-1.83152555866275,-4.495399630825798,-2.638956540388508,3.0805128447886116,-0.32735640831093,3.261987990519325,4.548345658741338,1.305958670125719,-0.5616359279951573
MB-2771,18.341817614765592,15.29491103241173,-2.088699852889005,10.881966238309982,2.895816618704257,-4.848312184797704,4.813819504975917,0.5556803033168404,-7.572207381815079,4.36517614077559,5.354255913623599,7.366825063438943,-0.35286443187858596,-2.304137006680342,0.3007861975890183,3.468672991338228,1.6872118899582897,4.643471153221273,-1.7996189366065845,4.139290543120538
MB-7152,-16.86977510739222,1.0343190579449553,2.4065054556218555,-0.5756294199329892,-9.814021470432348,-2.2435853587330996,0.8436692091877785,2.796199759149671,-9.238315786852963,2.7342012324481284,-5.926765627428604,-3.5333071904506292,-1.018956848088519,4.598348054253531,-2.519672652042651,0.3670895031983184,8.63023278192735,0.2010276872600637,2.2708504987762796,0.8118341994854058
MB-7143,-11.307448010800503,10.316847750326263,9.486972674104358,-2.7091891524362435,-6.35022138457564,5.506361206790745,-8.36284697170073,-1.2009619862119372,-2.0703383692359396,-5.809424757145044,0.7368251544330887,-0.6593060937465196,3.7381903530521647,2.183440457705908,-3.551871086264333,-1.9980481809191746,4.946539878867633,-0.1858189181391217,-4.785390219241149,-2.338804791744339
MB-7197,-13.981398614332223,1.0289160591339281,6.124348476942701,-0.8247759024044786,2.2749999775849816,2.9065120680070575,4.259196358789479,4.1240045818003965,4.762673024621564,1.6440051100033997,-0.794216881332326,3.5275474299136587,0.9068839805030938,2.5229586062500706,3.724520789876671,-3.2364479957071968,3.1451047880703804,-1.6007079458435014,1.2785586471439185,-0.0808720274049661
MB-7153,-18.983484299637922,3.3433986125454638,-1.0646249649204824,0.9443978801924703,-1.4166089171740028,3.945626985769844,1.2854740715357953,-0.07403049400103323,1.856458877569374,1.5322165431922066,4.746964729472214,6.61906589215266,4.329213177083905,6.040364844648793,-1.6440058598014,-3.0577888082395943,2.011104475386413,-7.759380510574508,5.449732014764975,0.3516803610146115
MB-7144,-12.297600017958564,4.330749217777801,0.5784931100658499,-1.5220083467161785,-0.22897927502008183,2.47639256322669,2.8413121170357596,2.0799474036640286,2.675052503138986,-0.6893451638986029,-1.364444086960873,-3.5480419312756384,-1.0574131176942292,8.025775053020366,-3.65999504267658,0.8850380056214953,-2.596810451948864,-1.561508147648626,-2.2566409838421064,-2.9499939776062387
MB-7185,-24.404924568324752,0.7556983300473218,-8.026257412500376,-0.7689940849556397,6.052006542928777,-1.8713356152831995,4.79961616541905,0.12900806657255873,2.6767010203711745,-5.532087515736259,3.7232406250282386,0.711638442017564,3.6740198413574143,8.525863435283743,-1.6650895534081824,3.302227733401456,-3.6518402576009987,2.8542001062867217,-0.9003865417096292,-4.060905940878524
MB-7199,-16.478215867115424,-5.030228051934212,-9.927949072187953,0.5703365658547088,1.9829134031720441,-3.0274760195983674,-5.112508173389715,3.7053062541495505,-2.107060406082493,-6.169408377730631,-1.3837630583577711,-0.5611613412789459,3.3312726427324457,2.9459350617329942,0.5924681551445029,0.785574228695716,-0.09965736151908101,-1.8986334074060134,3.37411057793375,-6.835779315547179
MB-7158,19.056728810932526,7.93142051694324,-6.659605380693829,-8.735440385184898,0.6575229588565563,3.7037197743280754,-1.8755957157625234,1.9583136622746269,4.086973573771093,7.759324333020739,-1.7280835225986608,1.2292517270633878,0.38095588637693684,-0.49683132621072906,-2.0656383374676053,-3.8794119326378076,-3.9662438782065763,2.8924474755510228,-0.18728647816372482,-1.4635968446147833
MB-7163,-1.2127876737393668,-4.11960807654123,4.740960657092561,-3.841462449936892,6.492408095360655,-0.46110184267543636,-1.2434975796227246,-1.2349413565710414,2.795567893700826,3.0795656704528565,0.5140877767182341,-0.9902365644233885,0.14879414860174,2.277017027492055,-2.882279324605378,1.0829866908122452,-1.2760994879545176,-1.5845262220176812,1.551354290244313,-1.8329623311483085
MB-7215,12.5415289737236,-10.1540923222954,5.977650620765138,-1.7565959500698491,4.253312795122204,0.9235063819074836,-1.0627481251981405,-0.698973861375944,-0.9620453096167835,0.5779262251645443,-3.422822937776701,-2.2466009530060416,0.8045326205403576,1.5538685354256723,0.2882687154947782,0.25239579391097017,2.3593007028056,0.2209634749701902,2.583341316450432,-5.076420476553403
MB-7200,-6.198419961265415,-2.39157057931245,5.149994731731118,0.8418472551575622,5.387919015721884,-4.552204908983103,1.1492648094296345,-0.7145201773163459,4.367846054268395,-0.3367900349972786,-6.039111190731209,1.7874668179865894,0.13032869706476324,-0.7664253922918097,0.4701686581088247,-2.5806073206321964,4.347965265126142,2.444079842229284,-1.7408797583875826,1.1334252908183464
MB-7193,-8.4228604771578,-6.625294124041188,-5.914059489389205,4.839167678717989,-6.0878728322697295,-0.9321930581261106,4.547464603795909,5.55476603381175,-2.170919647503472,1.714232784790562,-0.43631590506941265,-3.5169047406297116,-1.5538712504123475,0.21508209579178092,-4.20851368032758,-0.028573835141012964,3.1078252854168684,-3.0242962449368984,1.9121201712900098,-1.524013290574768
MB-7188,-14.952167189690954,-3.4491499154373355,-6.218723037235717,-1.427891807083831,3.2514696950897233,9.13033292830445,2.540277127764971,8.111399012745794,1.4377777720567857,-3.91662585731284,-2.615824032579232,-2.2464272542759884,-4.948467355821401,0.9780593146121086,-3.464558693600852,1.7281362789708794,-3.161744241456859,4.567085071352405,-1.7037864029352112,-3.7014947928043322
MB-7198,-1.6489324646847212,9.060215375539833,4.93515807495071,1.088433549086061,-3.7297588871954153,2.687521994988887,4.764569817842258,2.5457521639383436,-1.5444119566922518,-4.482301384076105,2.59481034945784,1.3913466511831183,-4.103463389709714,7.253337150222881,4.192874243479503,-4.6006259312718205,2.947407119825105,-4.35740568855848,-9.63661513728989,0.2099229732236361
MB-7256,-9.735382998340832,10.757378028196454,10.899649914869856,-3.0554114113387274,-4.747543400348141,8.538126552389407,-3.0486666662281623,-3.1342128002153893,-3.2998297761146205,-5.696268013382841,3.9430102864868513,1.3513128774990917,-3.4010624595909693,1.3970401826866292,-2.469685153004808,3.2392744695077713,1.24899727334091,1.822983118447536,1.4306679853167221,-5.520615471087346
MB-7258,-8.237807733176595,25.662576630100432,-3.331842124503599,-5.166205776957401,0.7895325790244221,-5.0085108814526995,4.825077672414637,6.761011789363603,-1.3902904086683299,-11.31312328063412,3.692021287335928,-4.26402251558832,-3.647110035157851,-1.8211946598867619,-2.128913112764212,-1.0248439385866535,3.1250771733272353,1.9335784730489967,8.099801075493428,5.098762915883727
MB-7194,-19.166121699832416,1.333328273476503,-9.122122301290789,0.4417690023588651,-7.385073252858997,7.7530880413371905,-2.540249192685021,2.5130198226500617,-3.0354013195249228,0.7498820885733295,4.668302695650058,1.403685670515904,1.8956535274657247,-3.2875647345020114,2.595362911172439,-2.531769520189727,-3.932307651591652,-1.8535851344564227,0.5522694419715192,-1.8888545801109364
MB-7254,-5.984361530926237,2.3777427971682967,9.18152038307252,0.4296400753301446,3.035684628704814,2.097493941011534,6.409074727235625,-0.22958612526339475,0.5063246714726694,1.8437997169189824,0.8950587586273552,-0.855426437655864,-2.0912391495215954,2.308337406519379,3.0553968382788175,-0.14563591182874047,-7.442121241042455,2.1217600276643713,-6.638099618291765,-0.9550759820677218
MB-7262,-6.836416944645977,-3.429462460340633,-21.50419094506741,2.147062484960676,-4.99425159214467,-2.343983000214466,-7.075442321262263,-3.2826350459092946,-1.7122450400085385,-3.4680556563494447,-1.8718584539263146,-0.8927870543733756,-3.47433044311332,3.3342043836306137,-1.6096994250768775,4.761839267690189,-2.813207919719271,-2.171336314567206,2.9796407689521605,0.29599036898468883
MB-2990,-13.235941835455561,0.05396560523383652,2.424208183230083,1.43376662767809,1.1501135779933234,-4.528794640612104,3.511787372311653,-1.1850326299287122,0.316600881446488,1.431878466325788,2.4362865777639073,2.6595827837766515,-2.386513938917813,4.728199618725148,0.9498489356381136,-0.2502908660054016,-0.8899887506004678,-1.0650802552739953,1.8826874882211466,3.6422604754780834
MB-2993,20.732970934694592,9.986483037370153,3.815033566715075,2.9367300001102508,0.7164079678922519,-1.8122437721017979,-0.5736205029347987,0.45297780055254466,-4.676449581704275,7.368178273686762,-0.9884107202526553,3.4124704343801895,1.0760295507081283,0.46073000079267856,-3.02773285086838,-1.9546442166592364,-0.8243978275632717,0.5841822585590374,-1.0184512768332437,-1.5018715389786066
MB-3031,-3.5516208463342,1.9429703523048987,-7.308671774596011,0.0951956380890261,-7.592478541929728,9.269027914000029,-1.7513422074255869,-4.144276154990979,11.323110478751119,2.4558348802462966,-0.1437478373882886,-1.2613285752048715,0.25578238234187833,2.0665266153315502,-3.3921658321753356,2.1724703026776098,-0.4940201550218904,-1.7089778787450864,-1.537473176573479,0.1742023514764474
MB-2904,16.59071021780411,12.478228021102687,-10.859908496379617,-2.3423148544210823,3.5852834777956155,-3.329239971642874,4.498715215425061,-4.138091303451761,4.287430407866394,-0.31763659841203784,0.5501146874213042,-0.14093877736198798,-3.0893926142719894,-0.44724468208846935,0.35844997154724806,4.67124021979095,6.8835266931635575,1.3093472445737586,-2.8500165743567267,-3.2882890902367663
MB-2846,-1.5860110296527297,8.858599866068422,4.804315060386023,1.4023355300874185,6.689707161197248,11.98777982011587,-3.604469531411517,-1.5028973626808642,-6.537109918803963,4.796478505887597,-0.1346841419698035,-3.1823527786326,-0.8323265224632841,2.0354410795971565,-5.740606354716189,-1.2384798150379515,-0.4542235177052788,-2.6446815533079637,0.13025353919781674,-1.2979594323461494
MB-7154,7.366164490056826,18.061223693968262,-7.130219224716818,1.3190497088842208,0.7176636110941732,-1.4259961853570349,4.487138558915519,1.950243952704558,2.778113744439572,1.711510774538308,0.6236011033933773,-0.9305259512577312,0.9317339250490319,-4.085186497405464,0.851532538053017,0.5270591877461414,4.083363240916708,5.047548731506027,1.4887030227590625,0.25308751035722016
MB-7229,-19.781860747730416,1.0710852530418786,-1.4382774185154743,1.0696517711801012,9.928228482156577,4.186064185589281,2.9965134875746102,0.16234204564933905,1.2047192591478657,0.013794209689771075,-2.09531527520078,1.8434173122226505,7.071105512433361,-0.11491183254907576,-1.0261047167247086,3.0173012387068376,2.7965634583150876,1.4475072436080314,-3.477443768208525,-2.815101308648182
MB-7151,4.214641686682168,9.396460165586056,-18.359778592741467,2.14591678046997,-8.965500090427104,-13.430546618608265,6.834712967427288,-7.192430989320848,1.6706720171129281,-2.422530994701459,5.519156622441549,8.005106533897413,-1.1511717162510111,4.010196737197125,5.60165002715591,1.6450007251128287,3.3064207956801845,5.557166339846838,-4.138286633145455,-7.330605934711845
MB-7228,9.820959239609424,-7.298072125146208,6.034213475035345,-0.9984399339189488,2.8674750968511087,-2.079195404133254,4.020860030241103,1.4359204195315016,1.0052992850175346,1.099902162443757,1.7369515137908038,-0.3089504048040359,4.462473134536664,2.806271619506211,-0.22709177224627283,1.0686816427049746,-4.25414314824185,0.62698281984932,2.5977678166414138,-0.08487805647445583
MB-7218,-11.5448457891074,-2.767858931117112,-0.9203984027916143,5.3804644929387555,8.938440595864595,5.541975022652012,-1.7673563046268916,-2.490154622032747,-4.757723413997648,-4.69326665521043,0.22495229026023514,0.8747740082677121,-2.6425578940313623,-0.5155415144785991,2.8998009493866035,-5.2060642580844965,6.396867199231894,-6.085212120905867,-0.4766970747473806,0.31516763144090204
MB-7147,-7.359859115768916,-4.367840153589032,-8.516594240203817,3.7017121383638636,-0.6196895816037147,-2.980602761914182,8.436846638494192,5.230492723005928,-0.17828440280521893,-5.767169579815831,0.015376483069258061,-3.16966528059352,-0.6252627698021049,-0.9138730273735115,-2.0490316350198943,-2.159909327252779,2.9821763602289058,-2.7139911424190983,6.147593226588526,-3.4260245284415523
MB-7219,-6.790266091093536,1.51143179218949,4.362101207287373,1.674175725699904,4.309388912805954,-2.1549676768881736,1.973568861828495,4.733558738020602,6.018554201925876,-2.1527287833421505,-4.4654128902544565,-3.897322491126789,5.999535852019649,3.933424367056633,2.6974857596425452,1.383657437214065,-3.441646630490204,2.958084600317167,2.3530523073014726,1.0666981176631092
MB-7165,0.6362150917466471,22.939837738522527,-13.259842993130015,11.149733306626372,4.519194659677386,-0.7734352403067608,-0.060341180033095014,-1.4184599445292971,3.0562988246953613,-0.16457876727514067,-5.274734989344186,2.4114305569082504,2.4565761009648623,3.3721640457151825,0.7209733571522483,2.1816190625827034,1.3973468064051646,-1.8306428980415757,-0.016442190992062584,-1.984428884313416
MB-7150,-4.131109383060526,-2.4721460375535256,1.1349555500415076,0.0677511511596603,-1.556418601242161,-3.8809503104173264,2.977014040072998,-7.139048809611243,2.030253820690102,-0.4977214431204712,-4.361000268357647,-3.357203176128737,1.2687368343879506,-1.4487466815961356,-2.203231004089153,4.982153795302315,4.712885331053109,-5.157024711835293,-0.2820844372235282,0.49038540581160556
MB-3436,-10.7763238542908,-3.7699684954870674,-6.371754330440588,12.87267915610397,-1.6825943251628486,-3.6189806239315874,-0.35823247524934554,-7.1489796572687885,-1.5372961228674231,-0.536977113912449,-3.031392007872984,-2.232127872270248,0.21926252658216797,0.510949980481119,-2.786541724512662,-1.735985916497679,3.600660188339137,-0.573170891840788,-1.291113297106567,2.1529104684557168
MB-3462,1.6880341452307996,-5.864389285832719,5.367306931226218,8.088468713993818,5.386271408699653,-0.7543806396667406,4.276700760217432,-3.06230059493498,-0.6111112734476083,-2.6757479309534973,1.0781736081935054,-0.8049368238897027,-4.470017426027397,-1.5908983149253728,0.8230843258971731,0.8517091839037498,-0.23361881397760761,-0.21083767465641878,-4.572606751850377,-0.8503621960541771
MB-3417,-8.397201538495944,-9.761375582386396,-8.429306984659059,7.595643396552249,0.5812908385478746,-1.292260750652173,4.976528902023509,2.6626592414493393,-0.36389958137995143,-5.203243058184669,2.3622982300048427,-2.395952116170742,-0.19701340981405543,-4.4353805403261095,-1.2342448435108633,-3.9869525519426103,-7.334997279097743,0.38786755120714356,-1.7387629020620088,0.40507334408715606
MB-2721,-6.717651976704272,-5.295948960982034,3.912614273503763,-1.067701580162825,7.2162404833507505,-4.434095413871603,6.822232080236426,-3.979631468955213,3.950259434668867,-0.8475943179748405,-7.530173262561659,-1.97119906617197,-1.4430617861394555,3.297272089215632,-1.2277356271867013,-0.8608677902043294,3.1731812262846444,-0.5329514555308417,3.73776229291725,0.19682948725910593
MB-3092,-19.01087721558208,-3.514249693034335,-2.8418540473875353,1.2334491316061729,-1.0447511158631277,1.1792500848852254,6.493390465327989,0.0720581276533139,-2.602508330796222,-1.3993812976476254,5.018468191285713,5.0266416088061305,0.8078154326695139,-0.6185356737755566,-0.6594465981161108,1.0352245558220465,-1.6289283299628772,-1.7576046534057175,-1.715326819437524,-1.9939502765334214
MB-2821,43.78465582092352,-15.520549797576702,-10.430032589676868,-4.729710157695614,0.5167425205081906,3.009579140964869,5.950536295627474,-4.136040633559648,-7.2247023430130985,-2.8885623612098015,-2.0262048655252607,0.33049488759170714,-0.6980920947189228,2.3107277752770496,-1.1234802706572096,-1.6994772783164067,4.434987072619919,-0.1911356091487274,-2.5050405785489174,1.6773787837866985
MB-2850,19.8881577825225,6.8988119206804885,-9.209763193877347,1.4324376979253053,5.880664516525734,6.357074841718359,3.6924847945027572,-3.389697875816592,1.6291227378456588,1.3967380404594096,-6.8850709097377125,-2.3221433099201914,2.785038256110125,2.6950837828356007,-4.128035860387794,-0.7980147461904002,0.7614675703346325,1.498767550392759,-0.39470904709878735,-0.6176813483230945
MB-2820,0.25632440648433885,-8.295918625622905,-0.33982205573023616,0.7828221695145211,5.529668045370298,-3.7725519788488793,1.306815968988786,-9.412080087028304,-1.0813841047996442,3.7979377005582897,-0.5713889234949195,-2.842695110923045,1.2644873402953163,1.5074870643400713,-1.8192258713768932,6.08730201983024,-3.498774803731635,-1.8400120629588863,2.369943458849982,-1.3935569824410854
MB-2823,10.298363024666612,-2.275041751537307,2.2498151809903795,-4.877896978787814,4.219968891290839,6.747129938754577,0.35498599577616274,-5.6381210622939495,-0.325354887840982,0.07755993584225417,2.4749694589338436,-3.5745641100508294,-3.2503397867604296,1.1940214475211925,-1.3042644934370198,2.73579511143177,-0.9997318914918087,1.8029639518955425,2.525839429923243,0.34033385963421864
MB-2792,3.7273741807447136,-0.26064218074047774,6.988900832226156,-3.9704289631915146,-5.3948785461825395,3.0803004980429862,10.366504812699882,1.5411393021189195,-0.7149209654646498,3.0128014317617766,-0.11411576652889177,-5.546253903469194,1.5197261462153782,2.3469075907803187,-4.051390588624546,0.15205419112310842,-1.8551740631089415,-0.2526621211580024,-0.02716414507548876,-2.25821755749851
MB-7273,-6.287075717271073,9.051343655508877,1.6969679879831416,1.154460115958722,-8.746224961205606,10.464899210129847,-1.3654921484974105,2.8625108939773956,3.249565514328055,-6.061102086978052,6.152259185667488,3.599655434772426,-3.6792674656666313,0.25519098967317627,-1.2876736247481382,-2.406282912404771,2.435471695826216,3.1676572209659852,0.979456872925686,4.098370361175488
MB-7283,-15.152935488554059,0.5742823572305832,-8.777467696666639,-0.29006845954475363,2.5253580935689266,-7.111670792466834,-6.0670430376024385,-4.0632593009687445,5.467430915041236,-0.8757393422792501,-0.004912139519319491,3.6623550769423723,3.161443635400073,5.30509136035537,-1.0514452795804083,-0.4814610160582972,-0.04936699477472223,-7.011890565852708,3.2640797175849645,-2.75212222558858
MB-7284,-1.3416142364484462,-7.713828425057976,9.688459039269539,-1.5759308754930534,-2.849212554946946,-3.465100201900295,-0.10372844443787058,3.7301216522970657,-0.29983732635907384,1.2758052342940815,-0.780020516437172,-0.19071573052039828,1.7492906938761121,5.873447299000815,-2.170151596306174,0.15948922594976694,4.441411769358391,-3.9755433097266755,0.6396054286889921,-2.572376305879101
MB-7279,-15.983410358360482,9.503811879451723,1.160844736458409,-8.319886707403402,-2.9817213356876864,3.759051318961356,3.958025342075896,5.396812474991731,0.8862245700740714,1.408896214536907,1.834160719275648,1.5813259710140155,0.940197359658483,3.971089156692778,-0.5085017401690044,-1.5286172424718043,-1.902002759921377,2.118218264704843,0.9031672767097298,-3.0539851004636116
MB-7233,-7.674578451693505,2.4569730734353104,6.647296169820436,-6.564259158712342,-1.729055768269083,-1.4852177883991167,5.816663121759724,8.254705678499707,5.479487447624542,-2.103388140363391,4.849084644466659,1.126990379276586,0.5431706204011054,3.4333765838940358,0.35361370087216054,2.6686781648855464,0.7259554331620793,1.7263888062327897,1.867769572842478,2.2403960993917864
MB-7287,-8.43471402797282,-0.5784263172604018,2.4894192132213098,-0.23784505700689956,-6.78547600589521,1.2975235677843477,1.9154559803801443,0.6970910629531321,10.172159508974293,-1.1675535124861975,-0.19801445953707644,2.0999957466443426,1.5416401240421282,2.257234158960658,-2.4881411431150156,1.2650704915892779,0.8361985360278935,1.926981272288229,-3.665982977418089,1.1122248270212656
MB-7250,1.7344363226680328,7.731837208498159,4.334598588266429,-5.508160711235847,-7.201452936665811,9.326016118477416,-7.476206165793242,-1.5189106977471125,1.1383659278574505,-3.364657158834875,-0.4498121839833103,-2.1050711779237052,-2.9447673872589766,0.06235222328907346,-0.20398986216801387,-5.270323329509704,-0.6578843932566076,2.876123600553599,-2.8162790320848066,-0.34024139118038527
MB-7238,-5.954679615710303,5.838048673043724,8.808376954545201,-0.0941044409317391,1.2646233886372724,-0.8471144915582738,0.4775799666192127,3.378450238617227,4.197607607976328,-2.1174211800593166,-0.9148294527560824,1.4674353121454518,3.1548646045221798,2.6157952322505382,1.5347576197836508,-0.3432363936327745,-3.967099052340048,-0.3709471743503243,0.9433229631819767,1.3647888018278207
MB-7285,15.168924467409722,-12.257471226643112,9.373590491996579,1.9721061398305613,-3.724626323655788,1.944584514661695,-2.131365000224803,3.5893396286976387,-2.5230797367380813,2.6755746546157453,-2.2665149765054844,3.827961536620717,1.726604691342591,1.2702562197280776,2.988275128693273,-0.16570238487965172,1.0956094487377133,4.160793929919519,3.6096530663614645,-4.0480968714015635
MB-7260,-1.227328028275463,2.4317820517151447,4.050686064534048,-5.188558147196961,-12.697520414171384,-6.778464156279071,2.7705319439190244,-7.163574713967927,2.8800202610769476,-4.947030059658634,2.7113945244091253,4.412956883618999,-2.9652597574758865,-0.1603260769511051,0.08422568552193907,-1.2417446395816392,-3.5850986851906415,1.502750299473,0.41613720100024676,2.17705957593766
MB-7264,6.79253399117853,-8.114386904274426,-5.285854425348511,-6.895903316034886,-1.8046940472434596,2.9413149137988115,-1.731978155832301,0.3755559439742406,-2.562788186773225,-1.256923798320964,-5.070727473942223,-4.839708394373168,-5.155290447006917,-4.858465189898728,2.4587903724541618,1.798344455543717,2.678575114792057,-1.3367314958281504,-0.5159348934096734,-0.6296447700237429
MB-7268,-10.596952310815427,3.836381123119561,0.08766741145208433,2.238764354669822,5.887297094959286,-0.7136917828886195,-3.885880856908246,-2.5766213681889205,-0.47786339730696237,3.0998902535665103,1.9857294664028582,1.347093656851374,-6.12122959421472,2.0743187903425633,-0.6538640031882456,1.6764245354054346,1.7701781195452477,-1.1096242575551125,-0.6780567836038536,3.510412563455637
MB-7276,-8.98457153226129,-2.5581645338164263,-0.1305376374983641,-0.3521314012477577,8.13873516100175,3.7205972500992566,2.1860682914996192,4.110877830211172,2.299579972679656,0.4650818703167836,-0.791190025667793,0.7795716320826453,-2.318279205663404,-6.772167936432499,0.19804371158477335,-1.5366687698058443,4.219984325765522,4.018541849807717,-2.07685391709808,-0.5181399302169851
MB-7212,0.22162963320475748,5.700189884564758,4.448707186417418,0.1394703346058967,7.9916884474889835,-3.5080360815846743,-2.8355794697872914,-0.6987005712244091,1.2307937458438951,-4.155077125377933,6.5565842561432985,-6.899116222298716,-4.086614381999253,-0.43123420408850277,1.465489875854964,0.5797640761630363,0.4534921710567329,1.6573550875841014,-0.25967038809449633,5.147417896376936
MB-7267,10.27837023224911,18.755315374093104,-11.923247267802926,1.2264275334737997,-3.9112000301076884,-4.6148529330041494,2.5128101964136045,2.1852425755069946,2.628053789555024,3.6056116146044954,-1.573373203958754,-0.25240234121604255,5.600017496653617,-2.0119733651928375,0.3906631524398123,0.4223473607286,0.3054960598258982,1.7536964954484207,-1.1342634567481324,-3.4100594711156687
MB-7266,-13.282263097416104,-3.144912773051989,-10.16776873328364,2.4588191866783333,-1.7499361403716471,-7.552530416159251,-5.142152067047124,4.167048681044721,-3.29640177909519,0.6723581332128769,1.449359604700692,-1.074568871390142,-5.467099953877523,-3.1348113110058478,-2.9105389565675375,0.39640402328728347,-1.5563755677420934,1.2623997948341423,5.174026382983891,3.4122072058043575
MB-7216,-14.600879821727347,-4.693506157565313,-13.900474468614402,5.191439625869837,0.0022910195342234416,-3.720967490291551,-1.0040950493565468,3.5982138316974077,-2.308325726134937,-9.203109787670302,4.105829141120649,-3.1410976103444055,-4.897573924030137,-2.6436999544471944,1.1392293290463322,-6.190318894924337,-0.592611769303502,1.0276236746171468,5.020232099504026,-0.8485982845691264
MB-7195,-16.497504397730488,0.8353076596737703,-0.17793361596232124,6.435809244137222,10.102487761482447,1.21524201742396,1.8949479600681773,3.0516043675481477,-1.2844456471789285,-5.58897201243726,1.1046387580022308,4.161310887434305,1.9034512659608123,-1.3433837905678805,4.429533176888412,-2.077503933972792,1.7549262069616216,3.0894375858194225,0.14494280895309272,-2.192346872279596
MB-7201,-0.6879309171984618,2.922022854433966,-7.0712425878702865,-2.883620539473565,6.405994535627127,14.964923286982756,1.0743145354820482,1.0972185484716872,2.1851245114843363,0.43788693137403223,0.8427933270981177,-2.3185639617655016,-7.264240463566385,-3.897177935992894,-1.6533305711260895,3.8845906113976496,6.111991461716132,1.1460967689718657,1.2799316211666676,0.6291754490939487
MB-7217,7.8858576956409685,-11.739162554766942,3.2548459866100767,-2.5072120919656014,1.5811886395301467,-1.5672044243790517,2.2717390837585687,-0.4895342937517074,-0.22636385901997183,4.003331971842898,3.0677801851847577,-1.1992646905414068,-4.907720105631261,-0.303524199845764,-2.4306602304991367,0.26914376149027053,-0.8253383687655699,3.1953490398401323,-0.6653697502713855,-3.3631764250192866
MB-2778,12.36887186948444,-8.807143068179265,9.855087826581354,1.528227518431399,-1.9198830008958458,-8.078924007926032,4.649777671504338,-0.6734851348471732,2.5573148227662292,-5.516381545836792,1.3504160896862736,1.0626847356787952,-1.1576659222273824,-0.3917132708283131,-3.3078299579177206,-0.009636005130945643,0.8210241841283417,1.1885463092837592,-1.7307014767416762,2.7503684128531285
MB-2815,2.2702286840180737,0.7507886672064112,8.62220422891448,0.8668907818490537,4.997975837790262,-0.8901440039174885,0.20608278690804482,1.9397803986274398,-0.9589864186741416,-4.675454293129389,6.786220616503166,-3.0629734821728456,-3.8486035348975727,1.375283755166242,0.9830604055636459,2.103319419602292,1.627679058785189,-0.05039591050708596,-5.284301805759175,0.6164759115086909
MB-2833,12.794610242775965,7.713485994272298,-10.283468816084211,7.85416232008005,5.552413221092215,2.8859120666637104,-2.983333633381986,1.6611410542441287,3.4489216149467854,0.06568081037752782,-0.013592398691335042,-1.186092439363671,-1.4034558441714742,1.1672270996896186,0.7298920878858243,-1.0674921781502142,-0.22376612331774143,-2.4500291385974027,2.0490279778018707,-7.599219160853041
MB-3614,12.670115101389555,-10.83638637611822,2.9511252954987985,-1.6422669122016926,-6.465954302793669,-4.786553500873612,4.620906953873733,4.309391650749707,-6.338873764018957,-4.815521020833012,-4.1454897553002565,-3.0152307630580855,-2.3142524861616933,-2.713303535593534,-0.5197443063938135,-4.920077897466955,-3.396889980695362,2.0739982166174653,-2.1015765311590813,-2.0760587912907504
MB-7052,10.657906136133635,12.56758009631367,-16.99257565902626,1.8441289081870518,-2.550238161160846,1.7875618019613744,-0.9845923351846099,-0.28754474013711023,2.2846007605304175,6.0266019759378535,-4.0096748503831385,-1.7784518158737863,3.6429099389166684,0.5730780332181239,-4.231015997777922,-0.6065977914581409,-0.8632032143820546,-0.0737981682109907,-2.347928413630653,-5.288850403782551
MB-7124,-14.512894949635289,-4.968382735020615,1.297139525475847,1.033106246738609,1.9813261853577915,-4.464596943430046,5.681650432763896,3.4592043846117773,2.8600272746340125,-0.8326642512514593,4.340107426175798,-3.935253207837103,-0.5501766230194864,1.70908400334583,-0.7156063069319338,-4.053552813783905,2.693699181164039,-1.2855197450351945,-1.4570240390870866,0.33772482429014283
MB-7122,-0.14579157973683665,0.6631012501083781,-1.2041849942114307,0.7312972249850126,-3.3186405526555025,4.1698034864713165,-6.9233166926356935,-5.169233387826885,4.445672396536866,0.04195350651038579,-0.42870997093707575,-2.5551495308905863,-0.6268556038959029,-2.0193093976495358,3.76967178087078,1.194509347305081,0.5966902487984842,-3.131457308201331,-0.6121446836740807,0.5482787466051408
MB-7133,2.1530319374241373,-3.665855027235204,4.840863807650992,-1.0706404462462682,-7.200895398440245,-1.6448149173291808,0.08301761424572796,0.6875850572936636,-5.3044876846185955,-2.608030884933277,-4.966774229303654,-1.6877114023355664,-1.5892858645012888,-2.645133097866143,-3.4433786743988612,6.43099806618439,0.7752625145036262,-2.724573673428961,-5.899364325313454,1.5365560552012636
MB-7084,15.661376594016524,18.482603970804142,-10.407515607429898,4.834188151403416,0.5162975953006774,-7.68173570616095,-0.6070446712427561,-5.027040993912269,0.38353582915030515,-1.3098639507571874,-1.6084197811923913,3.341890053707761,3.296249387582689,-3.24148436306138,5.860452615661215,3.9136923373961565,3.8932355290447926,-5.121289639312139,-0.6229500056976824,-6.95489465446406
MB-7101,-6.976771682045039,2.054155268168338,3.888449538614826,1.0562509194231466,9.64042000000215,2.6117857344945556,3.243508780144909,3.0326064621021502,-0.7476662831811165,0.7731674477999142,2.973888939529133,-2.9082689506139046,-3.9737494924032792,-3.809953454563925,-0.1452156543897558,-0.036890628800763124,1.697330554774553,1.9293135695229477,-2.3875393380407335,-1.0177138617007697
MB-7116,0.573660388710419,-7.131510825288228,1.2225581130953675,-10.925604786465879,-0.7065274735537413,-2.4699995162259265,7.91535044704883,0.8019462096942215,-0.5355728878838193,2.141259183656698,2.162274534260294,4.726376254696452,3.2237525381671785,-3.0108622395863356,-2.7671395128064393,0.2976422185813322,-2.40876273039523,-1.3944349988730311,0.8609479004636799,4.7886753749764415
MB-7131,-25.40136977942146,0.25371546218218494,-8.525907584731044,7.267926490675708,5.496822533641659,2.097810184040778,-4.512082345543044,-1.5450407421100338,-5.2536122780174805,-0.6822853897127938,2.901087729736431,4.083244949875537,1.903786321010921,-3.6077600600475037,4.110697187766741,2.657004108482543,2.2892559556446943,1.7601086904498582,2.567638416820909,3.0745222371183702
MB-7090,3.8798179547572045,19.086783715725232,6.887245091174426,2.9184301972538798,-3.6790321669814934,-1.9988528648290116,3.699066405542889,1.94201269553994,-6.287981815197995,-6.166910728529831,1.8704933600159317,-0.9168409068968629,3.8428014602004135,-4.487248664690887,-2.981914642419648,-0.692445810196504,-0.871579179206509,2.006602218595582,1.7855284920994077,-0.7076972495779001
MB-7095,-13.92640448801157,0.4165423661692966,2.7245448850275937,-0.4581012056632978,4.150491689426939,2.6606582351320838,1.7327234559275448,-2.4262774802019718,4.266147515314919,-1.7895101642220232,-0.12331042698420544,3.698714776305916,-2.10113512140852,-2.679790956266159,1.626040637580347,0.9270356802669509,-0.03519828648016698,-2.402760515699871,0.128910122913542,1.9720408229442583
MB-7094,-11.876069171781072,4.158117820461741,-3.522201312585471,-10.988297718743356,-1.911413100598584,6.4131371509323385,2.8818236728379873,-1.1614372603417624,0.6659855443614222,4.543279177562749,-2.946699501143657,-1.1351642972696792,-0.2843950218991202,1.7720018481126272,0.7175564690914389,-0.2657895218758768,-3.191916201784886,-0.36917029622751363,-1.8052098016808105,-1.6081660938415614
MB-7087,8.233509193513342,17.667864528023784,-1.4033150495665019,-0.2555877453352267,0.7131342020897908,-7.3590047649198755,5.202982564593793,3.6879478560436665,0.40086772277447175,-4.146670136631857,0.05082998078663892,-2.2321440536195896,-0.9985462488961034,-0.08768780719870446,0.6267201661122621,4.053529953939232,6.136558696803685,-0.6902764100242251,-0.47653416404692,1.9238313754794412
MB-7077,4.443662609791445,-9.69909226750426,6.974984122915162,-1.090297058835797,-3.216861347398881,-3.8495259362387753,5.564593565804809,1.8562366515699364,-2.7060265616335526,0.14978761078615382,3.683948562558409,1.941188417271852,-3.9459712843446493,3.194725970655153,-4.6989248803999235,4.793193077977716,1.2953955261982864,-0.944728842391394,-0.2117441993310095,-3.750229671961859
MB-7072,-12.706428636053571,-3.587408535086728,-2.342547427804231,0.9425219827882804,-7.565013549030205,-3.0413396839489337,1.7125669141834934,0.4830466902915822,-3.800287922401514,-3.72720078956583,-2.4075481406798525,1.937666461487081,1.5729497382079325,-0.7969771539814675,0.13083933986260368,3.437657026558844,-6.512507159723643,-0.4596883912662325,-0.38205688760485984,-1.136064377100423
MB-7041,-2.4166613666714527,-4.4435248847361075,6.8919962135585795,3.444369819685581,9.586619531068335,4.751379261071026,0.34559047941471743,0.6706814458374728,1.1963287312628719,2.8702717825662885,2.2345052999767208,2.925102496680785,5.718174953050694,2.9194760683210186,1.6467295456128788,0.7587576568348433,0.9753299901375184,-2.4398654460652747,2.37478037823859,-0.0443093037375532
MB-7044,25.23207192923831,-9.678714860084515,1.6905143646014333,-1.4188227708021246,2.478002357944311,-0.10065635282518763,-1.3193393269693472,1.5295721387543726,-0.9307698980098856,-1.2095238391281753,7.80960579411171,-5.616070094303745,1.3739104126244681,1.8867809400760946,-2.1506249790293497,4.9331624174933,-0.7844004663366115,2.5421907952347595,-2.4498499629528854,-2.8309556580625834
MB-7022,-2.535258375525716,3.264112239395759,8.41874785714633,0.14195254075997746,1.3099458753414168,1.6338279699430094,8.433176892181338,4.75172401290039,1.72909161671874,3.656590102144515,6.486324284258908,4.109875844028787,-1.2045418097029152,-1.2377950605664765,-1.3968462116871456,-0.6069485204636489,-4.069258548879259,-3.9787774219213774,-0.5281953161921303,1.4908902114583418
MB-7070,1.4285903212282967,-0.18450460216111972,6.428890423000752,0.3945549463491698,-4.925311298872473,-2.3375864893467497,3.430158804068613,0.7299574632500337,3.1175575279385743,-1.3169394893708777,4.798119505980715,1.6774104036856403,1.3785537116369748,0.6680169389374376,-4.549262167183826,1.3282474230557,-3.0876415615782125,1.546950594317277,-0.04205103194374907,-0.9002861983539848
MB-7079,25.546033453944155,-8.472832414791782,2.893559404362113,-4.50839498554937,7.326120984558976,3.187290522266797,-3.2164440666127834,-1.5326377504111934,-3.2187697892046083,2.5731923585271392,1.43917191307133,1.8279993416982352,1.143211340633706,-0.7359943403680391,-1.4364358959661556,2.237468672604741,3.063878876157787,0.10043467735391963,0.8449956381602559,-1.9253783040646537
MB-7035,-1.2189082481505853,3.0693848574221527,11.397400148850982,0.5586706894472571,-13.280815101572268,4.391315221488306,-3.525781454421024,-6.410838944740294,-1.0868476722898177,-7.239857519168514,2.1611082722523136,0.24077279917512376,3.36415137994466,0.3693875964880026,0.4598112326926607,3.308114382938551,-2.974507050170882,-4.275486635107332,-1.6767677690181562,-4.545074333600148
MB-7025,31.60816956392986,0.36228688123949837,-3.4097316869634255,-0.46337321055016534,1.0849688761400091,2.429173897462808,2.9017480247381693,6.562366774142694,1.315939790491525,-1.0688535796398817,-1.3062068616422047,-5.396438100634691,1.07667552990359,0.9396690197503597,4.329701876535779,1.8319757768066258,-1.5172334531879768,-5.529520213011174,1.5299841366085363,0.532464418524534
MB-7062,-5.1711594004056485,-3.06504736638407,4.098745142573024,3.859410979007863,6.016210855876805,7.9311859394605975,2.8325930566492317,9.29204533167877,-1.1266753222789223,0.12313173466270248,-1.5247764595375086,1.3613809398973655,-1.8643681959965468,-0.6825359506535301,-4.046459862997358,0.8917513480009073,-1.1090061334476327,1.7838422561885432,1.0650604614461123,-3.496350847875609
MB-7036,10.575132960530606,23.831565471812873,-5.9359904963683965,2.0206499030711096,2.2362968909784144,-3.5684995188993476,2.414539061848546,7.497182682379001,1.1171238593627024,3.8923556731766977,1.5824537013791398,-4.983124640063544,1.878075616330987,1.6533110141454435,2.155303235161404,0.8283931227625789,-3.6685434838296573,-1.7461230279913622,2.956034014966366,-2.4760836353925875
MB-7046,-16.07258079468716,5.311648157684275,2.4984370164000853,4.103729963566194,-5.187070861848859,1.2016441105567643,-2.670551703153637,-2.5230944199389387,-3.9430105018485637,2.0497731256010177,-3.1551892718557704,-0.8982116334152619,4.64833462143997,6.1662137873545815,1.678688898528414,-3.4274288725290742,-2.213173161637313,-0.21729783521522142,4.347497999198081,-7.289520807330966
MB-4839,0.28469826798366454,-7.7550987868623995,-0.7748909487906989,0.5409995744309471,2.991547955888927,-1.5031734745696406,-9.21615743741086,2.663973970403622,-0.1791780038502977,-3.045570788608875,-1.355227095017279,1.8261587155238865,-4.215975385714888,-7.075990624117407,-0.3555168586440112,0.936581454528677,2.1374930622579416,-0.41342534372945366,2.579964414866575,2.3262116571687113
MB-5559,12.084997716070527,17.84300280169718,5.10959700795088,-1.5471322349040484,5.135078858911501,-8.975232371444458,-4.716767212928202,4.387511713427831,-4.998101493280792,0.18967241359040804,3.2416925190934522,-2.45500701233362,-3.797593261768393,-2.265001942468258,4.973231936265163,-2.058563914721918,-0.1701785058718696,0.36008555052510355,0.25391572900117165,1.3472625603810084
MB-5463,-11.517107948086501,-1.2064534252137287,-11.019156106572959,-9.466463638262015,-0.8415728120141683,1.6652517486212748,-0.5320967576615728,2.830845073912638,3.4345793609182556,5.735747580938722,4.048829439283248,0.9468215185857569,-1.5288152400821076,-1.51842201167854,-0.8935220884233624,2.4535246073274433,-0.2878273980585115,4.010464233361612,-2.073679126495121,0.9485007628909844
MB-4744,-14.71769114186658,-4.509810143797756,-0.10837003529229923,-2.0364093291343033,-0.050268016445460244,-3.1496562472942244,2.154241126418882,2.3072113906143494,-0.44999558070710804,-0.6733447135691688,0.6176772838788339,1.3940133410837259,3.045854996325678,-2.527489251819133,0.8883685488740171,0.8980063990493948,-3.842268086459052,-3.141740232458191,-1.7119557020415135,-3.130755613428193
MB-4769,1.1717787932588284,18.829329699642056,-6.735479993689402,4.838805328475838,-0.7539274285921924,-6.283463345392524,-5.118113350976895,0.20283827852040234,7.208513779251422,2.021739083142475,-0.8587698956452501,2.011305467939972,7.265744519632642,-4.7482810654675225,5.495298308509267,-1.8755667309372492,4.58714934583303,3.1880995397228054,-3.1922742522182546,-2.1007063790106
MB-4484,-0.4110363836456913,1.6795830076767295,7.0812092569742315,-5.30024262707877,7.251765831773053,0.6878223213018692,-3.597880192551907,5.2157187522875095,-2.5299171870648194,-1.5597420669204416,5.293436849661502,-5.707734723524366,-1.4872437727677204,-4.073917800894871,2.199734171301139,-2.048441233439454,0.9160196918048478,-0.747719491677757,-1.3949946929120982,1.4617088129956015
MB-5558,7.626206906733727,4.759132545644194,4.85061093368285,1.0382781794574136,-0.3226739827304474,-5.455655440940264,-7.257373495107265,-7.194219916255743,-2.0374592575216517,-2.7707971448867843,7.6971623665264834,-2.2254763639941637,-2.48464108532271,-2.353814154027958,1.4702120613720453,3.3854850040174616,-0.03523560940820135,-0.8276067486451734,-1.5995936509208275,0.010217212010569065
MB-4750,-5.840139862840788,-0.4379898095610422,1.7777302078857156,-2.4150632126720404,4.382011595688977,5.091758817407461,-1.2303495160810924,2.090272309076391,-1.8096451385794092,8.719183748447715,5.661855562027095,2.9560109726886195,-2.0276007895050916,-3.121259293584735,1.2539432303826317,-5.232583747659082,-8.306257583059901,-0.5110570560442104,-3.723525261131823,3.2373477288231034
MB-4793,11.949707558313342,14.599559959792236,-14.699365478161582,-5.806161582083992,-0.9574740609126914,-3.054890298254686,-1.9797592633134238,-1.663060982091073,-0.3485485765844574,0.8657455855161328,-1.8798914935577316,-0.0681641447520436,7.79641006663249,1.3104247442292007,2.1101283986450072,-2.264055197872593,-4.093430764247948,-6.829490489052925,-0.7763736863652444,-0.7272330712520809
MB-4843,4.88917154161428,-4.2383674895348165,8.280544930736845,-1.4027264670191564,3.2559471319957454,-1.002949670786249,3.224488076623471,-3.043853009648407,-0.536932102723744,0.6261444404830678,1.8957707838611546,3.280918188821973,1.9963011276016471,-0.9845361107980614,-4.612218668862407,1.0960240513442754,0.6782325315817829,-0.3916413399652005,-2.2674510118209303,1.829555308420996
MB-5563,-8.425086988205596,-0.75442556838315,0.41119076706862395,-1.1576062693117084,3.6263471629607027,2.831753093055275,-0.686042708385015,0.21849330220930566,2.3959703996112682,-0.7021823594619463,3.8984551822133575,1.9837353487615494,0.9227426046429859,-3.9163183072031535,0.5848531401393576,1.0568055004155585,-0.1066591556609089,-0.5336133171196898,4.388326594071868,2.694884401362739
MB-5546,-3.5229564510625893,-1.2880780696197016,-3.378984499480346,2.7256436489240845,2.6101442086667648,-5.75411796594779,-1.475070428837281,-2.8947622005935756,-1.1207091878341393,-0.12951916614005643,7.322412265347655,-4.212563012770123,-3.5954009926408266,0.4339434138927786,-4.872305138083026,1.5545548108016294,0.8967954245739262,-0.44614635104770334,-1.383038790610213,3.533894450303992
MB-5513,-3.029200383363331,2.5541744943895015,-5.713400163914589,0.14109543125089968,-3.32973617669208,-5.011119053038301,5.0539414481509946,1.8252847553971645,-2.7396052570552607,-2.0623946619757056,4.336362441038595,4.0648588848811205,3.2318042116506347,-2.6219824784230092,-1.0512791418430174,5.459135766365987,-1.577506855350614,1.407519036113892,-1.5439419714785447,3.021454405862227
MB-5656,-2.8723926951324534,8.610785312406962,11.406422193259312,3.432088795484507,5.670340932072594,-0.3857262607651404,-1.6926263130257755,0.7018256740989927,-2.8623988463124497,-0.9714426901621457,6.771230477776002,-3.6922859330229714,-0.06085535260440112,-2.6439987055056475,4.092298200209115,-0.2925093018159954,2.082567727394921,-2.05376336620401,-2.937418985757588,3.09426824584692
MB-5530,7.444775001825262,-6.99497688561284,0.5017630683180123,-2.0364557313498413,1.102365095328916,4.683757357212475,-3.8769182849790504,-3.7044423072648085,1.123628470672437,5.835899791659856,3.047999599884929,-4.122337038031288,0.2813225186564449,-4.00764615597929,5.62600520510031,-0.009733198053673054,3.423118265363837,-3.4068542064338794,1.2997150964738609,-2.8344520780913496
MB-5553,-0.16459163712408345,-11.150434225592782,-2.0821788574438265,3.0681807198026187,1.0836983503756474,-6.540716348369869,1.8963950976785569,-0.09096872761797194,1.246356303715234,-2.410256657107737,6.057574012854027,-1.803809449343182,0.3938910737574919,-4.777578860074883,-1.6283501509550309,-2.703232515388753,-1.3125431680550963,1.2181625219812804,1.5495669921296575,-1.4051605092074222
MB-4836,4.879761778885241,-5.288979491455403,-7.396324182484636,-15.141713438477954,-1.3531773816804062,-1.4739717822842089,-6.887090559991233,-2.5809901650416767,-8.749470350059786,4.357427355296824,-1.9385813204485247,-2.4576503595405184,1.721572764566846,-3.5531690905890287,2.0833793234890807,8.619270572330498,-1.3315842507267082,3.66731359805068,-3.90441243882523,1.9081565929013298
MB-4828,-9.789170690398715,-4.889787970289168,1.5927537331341954,0.30400743180676304,-4.606950950128724,3.746234122537001,-2.2190181735874175,3.2408767616835568,-5.283862092035554,7.839664843688758,3.9851506366604066,3.380884263364671,-1.9784076175482734,-5.304809553569286,-2.0864482207417434,-1.8905047433095654,4.48891165883024,-2.8941184947462633,5.9376418304609295,2.6375246291761867
MB-4697,0.24728150494004167,-8.445982563428085,3.366869354019057,-2.3878311347843333,3.525622149660537,1.7003905318347357,1.4989705625669665,3.6956003225613054,-0.597281269418542,-3.3199389742620977,0.17405550435133088,-1.305865632596693,-3.239079061351517,-2.359034466489649,0.30513999154303345,1.798172113141696,3.347075517340714,4.49038581093487,6.504429633244886,-1.7062142781467637
MB-4679,2.84266839380774,19.11981106975235,-20.540908452014104,-3.4826065439262797,4.582248109825216,0.14658227522973372,1.6889396436116686,0.9909208378162598,3.7802966449173385,-2.6763341551949833,-5.460118535060139,-0.4608985314507368,-5.072318191543326,-1.446288441145552,0.7679072024213788,3.397178871211155,3.3652045188748088,4.241550005621142,-1.6941614838646275,-3.9402846808733267
MB-4033,3.883833433565962,-8.762828742251578,-0.051165939236644455,-1.9125634505725093,5.8150217823066255,6.309795923009163,-1.5568515955245337,2.6120116596140024,0.33584280819088486,2.8188451293864745,-1.291228867988308,3.7596396652901927,-4.811649625111505,-0.9581018738149445,-0.9707130813557419,-0.7942381709749918,1.9041700020419075,0.46502875275394345,2.1304993048985477,-1.6532673069043171
MB-4692,-23.47247906221128,6.272465153952585,-14.475560241538957,-11.137850926189193,10.48933007290277,3.199886233575168,1.1754045645279156,3.421613157510244,0.6178116769971934,-3.194646900110381,-0.7049365202805429,-3.070029086970372,-0.8827204947825655,1.6250765785331698,2.951093298793058,-4.392148624089315,-1.9931758085707556,6.348628318594575,-2.8441656862837794,1.8975822696174807
MB-4675,-13.82896590529008,2.7685153759629104,-2.6137037029403003,-0.04415521453712832,3.301568506964025,-3.973332230679102,-1.7921360042479562,-0.2920877047381016,6.267026365861309,-2.683877859324167,-1.727802060089959,2.7755908928466284,-2.6697734106304356,7.119265165675431,4.251463985693736,2.0591457689751573,-3.3764226036792735,-1.6128134391107136,-3.523820498659817,-0.723701337696597
MB-4653,-1.276331611236392,1.5056562761618013,5.216347634092169,2.997900488073114,1.8506349300830136,-2.129321812219477,-3.045537613268947,-6.535842752883415,-6.285105140825329,0.13465028590833475,1.7019311434063362,-2.5235850974615475,-7.484639601899121,-2.144243574133639,3.327852262479375,3.10518940364304,0.39661797046709696,2.3119475859017617,-4.15895692534948,0.9963783659686313
MB-4663,-2.5325114779034132,18.393020417957445,2.0302385159818703,-2.2393546063180225,-4.2263062509475935,1.5292281681438291,2.9512381914427275,-4.200577772366129,0.062099884303526996,-7.025654158227183,-3.7930490859018753,-2.4690618170440266,-2.85321957189284,0.3136132315416265,0.3060730804402525,-2.899492438019698,-2.578534620877768,5.308821629504153,-0.2449939031209627,1.4054877865471544
MB-4660,0.7690123964110916,23.035210062045053,-22.76856353668896,-6.545168446289646,3.7043425682261817,-6.151405943685554,2.9534707618879743,-9.469772249034461,-7.056918076756827,8.051610710538757,-2.5503636339782205,2.1727840946244887,0.5400228567687346,1.3959953198613309,5.7860268862426185,2.583731142598612,5.52160795031193,6.0596289708862665,-0.6581425025357535,0.5540708843214138
MB-5275,-13.368925180991454,7.784786322189365,2.9632695805214477,-5.748040450884454,1.1034972589657537,7.2828050292828745,7.9783652352555805,-1.047161468101298,-3.6819491080964757,0.9663818841175206,-1.6516543966315638,-2.9268348947005984,-2.2325443360910464,-1.271618272904613,1.69844083884293,2.487157197757239,-3.2377787144707986,3.2877058983443805,0.3996876799214555,2.33244567854923
MB-4654,-4.062363627901488,-3.2046830551195384,-1.7731898534431894,-4.172689109359115,0.7485784703140721,-4.390975243623276,7.412178536739784,-5.3284859982876185,2.9183875312985528,3.4867536164707964,-2.8045688938179487,1.3594316324404434,0.5212211810930053,-3.5739786736465864,-0.07720345169981048,-3.2977944413488904,-0.10369195065105836,-0.26417523078529204,-0.6302087232821522,-2.117210496463161
MB-2618,-4.173818434994877,-9.792394384658579,-0.5640935711015805,12.746514840263865,-5.508397911747829,-3.3390498762879584,4.990503764320556,-4.901071656059622,-6.712618742160361,0.349996452232927,-1.9743764016088226,1.551972436577971,-0.654092771395803,1.1461955236978771,-1.5041566133427082,4.40208596682459,0.9551995364247184,3.5306977214774036,-0.8217534726904611,-1.5312885908158973
MB-2718,7.3654500949260395,26.90805026569664,-4.316473603651875,10.541989385269499,-0.20294451242688397,-0.8586257268163291,7.0275627675374945,-0.8692057909251018,2.413718287018608,0.6194517818801476,-4.315330198402855,-4.885491900543961,0.11847721168612413,5.557658488572835,4.466181228206612,-1.1218443915971876,0.8411552428886139,-4.476997267657429,4.912871875295731,-0.4845411164514375
MB-2643,43.18505662901171,-19.599325778758125,-20.074819081536987,-0.46086741895389244,-0.8052840596645277,13.14832904790955,5.137184782332199,0.787559430931335,2.904922527710527,-6.208589142689826,-0.13401668655360238,-1.2110018095332915,6.408606706796038,2.7676543132672755,1.3622428298290266,-6.39528528186129,2.821063391679227,-6.286031778900215,-0.8536409644815992,4.456976042176855
MB-2629,-9.697682236082677,-8.011471269816035,-2.4337763939155286,14.067702288120609,1.570602777932882,0.14983377242287718,-3.859951523689371,-1.7321794470556302,-2.350435271614512,-7.960759177449328,-4.336571211974252,-0.5881529021810701,-0.7398257574471131,-0.6212419988354284,4.374237159734672,4.7133439380774815,-5.7095215115290925,-0.4144146305500498,5.75540833673327,2.64827881210252
MB-2645,12.876480492444248,-7.068695325690226,-10.315119784819828,12.742944524963594,-2.347400986808814,1.0285003441457687,-1.6238471885423063,-6.424790065139087,-9.9255273795643,1.9736258557961959,0.7809461948615519,3.8976049802132064,1.5682408898288915,-2.60803707921821,1.058797623262852,-1.0555246028708916,2.9805170273844226,4.666653885093339,1.1777676498134035,-1.3252194396461414
MB-2626,11.715331244541037,-6.49652897657527,4.400595573662059,11.031323771625782,-6.961929232124995,-0.6720653452880865,6.12481482508736,-12.73431345063775,1.9208898338768923,-8.224696856580936,5.65890186146832,0.6116318169155369,-1.1274819744303448,-2.9932833373991943,0.4313641131324464,-1.0554013850248731,-0.4255611798370376,2.9537181934236743,-2.3908884650650744,3.106294357694142
MB-6263,-0.3510963651982207,-4.201444941204351,3.2674024216867545,-0.42867067611958776,1.5377163732014512,4.633628594695918,-4.352840020580831,3.0974069721059125,1.2702539009767526,1.0578761249107622,-8.797953104359722,-5.12953020635366,0.4549167879722446,0.3147638302362707,0.5053023383249056,-0.11029468873300699,-7.700237538438544,0.7878181805594603,-0.3157667800936187,3.946123757552795
MB-6305,17.365808320075082,6.225043069879117,-6.274446683146039,-0.6485323682945106,-2.549100862257339,0.387036778271051,-2.589956820386015,-0.5706683795698907,6.107355171930131,-2.6933253547212948,-1.1850852692969243,0.33055824249566257,-1.0997077194478138,-2.893770346884608,-0.9701406590529444,0.9277072376802594,0.3160921109699766,6.296686529191137,2.0336607245868,-0.9357274592136385
MB-6185,3.6487495070464804,-8.080558623295824,6.421931597489642,-0.12147763730361409,8.26472149826461,-4.302500246527582,-4.124463534313831,-4.814157495773522,0.6581925637130392,2.121789283337335,2.4515253670302934,-1.215691744495376,-0.03670726629084036,-0.0516613486532114,2.0588093310764526,-0.49571247601241936,1.5135272528764014,0.9101160972853428,-0.26424198995861237,-1.4469651384524154
MB-6187,16.140007901828923,1.113832963074776,-0.9275878525210117,-0.018646989647463127,8.880385536929575,1.2893851244428276,-6.991639367668292,-3.4660892916062287,-0.5773144333052752,-2.2365720894831855,7.936136831944024,-7.172551152389709,-2.717011411024184,1.95902312152124,0.9611299995471919,2.6219253075368334,1.1463629051159483,0.4043642669337292,-3.720797742522374,-1.3218288079392229
MB-6248,13.44389855681853,17.631333582247805,-1.242724504505566,6.483362518519435,2.6536646409617832,-3.1063000556889944,-6.049092321230007,-0.04194750006683445,3.0598860849764424,3.1578685845035324,-2.7492783778544285,1.9258409947670867,4.922033971326357,-1.1724685240377624,5.941885189026716,-1.9078193627692237,-3.7777897806630967,1.9613833525008273,0.7172152651307292,1.691834033466227
MB-6330,-1.1619498622798075,4.68300149348806,-5.009120738076964,-5.392248792262366,-1.8319489741695407,12.522566588807972,-5.452332773125289,-3.15394215163342,4.973802739650081,0.19164421900999506,5.8010224267181725,-3.7230015892906647,-0.7166934650383786,-3.7642657629293157,1.3534382207997293,2.112063255504721,0.8689791214127618,1.9823950298496626,-0.1370147368575405,-1.0434086205701139
MB-6184,-6.475483488208644,-3.5456922425434048,-11.094344966266512,1.5106499462877252,0.5319551154247343,-5.280452802569211,1.4325860037514075,-0.45916344274146487,0.4275490827144405,-1.0227306894609929,1.2292429378382619,2.959656466041891,2.3649772540695335,-6.378193710364096,-3.1075580727234056,-2.248563757911424,0.16891479991649952,1.0415990285900951,-0.913542446598908,3.6780190964477955
MB-6329,-5.367234021933341,-6.116449655884549,-8.129905332091713,3.907205358849281,-8.036609175827119,2.0436848544229766,-1.9716721800542516,2.660613921353582,-2.9538098869013587,7.591200631195937,-5.027429338822323,-2.3304031920402606,3.1065306068399607,-4.541405229174289,1.1323697755215774,0.023604840107388836,-0.09237349403891075,1.5488507492800094,-3.643866131235743,-2.9018636327686678
MB-6283,-7.637796021866249,-8.699329432432076,4.057128629575078,5.5221740671347215,7.134652792226649,-1.4478393706351476,-3.080741687926205,0.2798505236716773,-0.7562934311232364,8.551730833087975,3.907840530067712,0.8895581608118338,-0.5756768116597726,4.375646214000691,2.8307085403760905,-0.3994733982396356,1.8012852144500622,-0.1981971114493533,-0.5255356817002846,-1.9192960589389105
MB-6359,3.115161148187325,-4.185829138020749,7.692448603575166,-5.346291834663254,-5.083112816971213,-0.9629976522509831,0.6992081072463098,1.8118782616701663,-0.007740577550973813,-1.9480735164374372,-3.463133124634865,-3.0724204226932814,-2.4001187201595964,-1.374677504287988,6.606874488085169,2.5029693106435524,0.5277392294717442,1.4082493835529164,4.463995400217176,-0.8854395390439931
MB-6337,6.95874343838429,11.989445682401437,7.770132979527064,-12.210366434887186,-2.840160403372201,-2.4500247615122515,-3.519616672783171,-6.985001095086652,-3.373930277527061,-2.684500262310218,-0.8405578574813676,-0.9056843239666866,1.7279804170242448,-1.236210640845197,-2.5331425965255057,-2.353372187622016,-1.5207987928455033,2.691340416329087,3.7474831629179426,-1.8189217130879645
MB-6256,-4.600997101088813,-9.514687116448531,-5.510043909245423,6.172109813204374,0.9595668823790493,-2.0987892149852807,-4.262966273911781,2.7322864362533106,-2.328710810239469,-8.892009572763973,2.214606601272572,1.4009744889655142,-3.028518125340005,-4.936968443889542,2.194503850250457,-2.535116297716526,-2.845831030732471,-0.8103635569557762,2.0652478404755565,-2.499016877678516
MB-6201,-9.927855201716634,0.6347861304959876,3.191486328984422,2.879609903557593,0.617065253495211,-4.929938160234447,1.3851160144001258,3.31166462966175,5.6946396183434125,1.093576280291828,6.200829649090373,-8.01576455271276,0.2209312380438472,0.17768863414229605,0.26346477269476604,-5.072627745984626,-1.334383504985717,2.1388493129464425,-3.1877091713536485,-0.1584081572157679
MB-6207,-3.461475155467429,-0.4569087128193044,6.380221761585584,5.598773815985721,-0.07202556537497691,-3.3659194980751197,-4.4002321859720235,1.2119278952469816,3.7238220730442553,-2.381104179189696,-4.444235590595126,-1.1903374218456495,5.407823076980076,0.824468406237176,3.7094586577818562,2.8169106759690195,1.4757738401801586,3.377449465508114,2.89762485737525,5.241767439146747
MB-6194,14.467741709653582,-9.384931480804815,9.853590052528363,-2.3308751220406716,-4.97568390914384,-5.056085278517588,-0.535415830632197,-2.6208848294434137,-0.06533962859299378,-0.9813936724351319,-0.7281995260142119,-1.0027021768854494,2.9334225817981645,2.078970444302223,3.239178523316675,-0.36250894755559004,-1.2363159471230232,4.709272378260535,6.79906681146213,2.008807429468721
MB-6281,-15.430073362046334,1.1995106441880286,-11.944896218782288,7.117512600275284,-4.461388085892764,-4.017039514578599,-0.12366992770717301,2.3468775451282022,1.7686383021734176,-2.329467050361745,2.0693365537614246,-2.636750489968488,-1.874004969231504,3.3769475549932046,0.16010019173100673,2.2646257602292574,-1.350877295946577,-0.1791491037299831,2.3304850150847254,3.9440353932035075
MB-6322,3.5784569329431464,-5.4498952227574575,4.394341158938742,2.0954176844975234,-2.3029815882430675,5.5502799194763615,0.028131257078641926,-4.378162316914526,-2.0081712839666848,0.9666579327301618,-0.701049972012809,2.3148435729735195,-2.491596780509106,5.210107788138669,3.1343156666668945,-4.768323687824308,-2.0185848475401484,-7.0270430156919375,-6.0025727958777155,2.9509056871698824
MB-6223,4.558483734471477,6.792610724432027,-4.104555082634051,1.9979184583983245,-2.1163416887442654,7.476531281053547,-4.575518283727912,-1.5878303936199392,1.849639883070005,1.3053259194259172,-2.1172573544062385,0.06873290598344481,-1.9338278401144156,-0.8365952336953071,1.5818917211015433,0.5799668586738098,0.16719991433727138,1.7357062173786157,1.6338897288401704,-1.2790418311729908
MB-6190,-0.15628429705124583,-9.43159572271721,2.0445398298489645,3.602835604931131,-6.273148128985137,-6.770515530639634,-6.029030181111654,-2.6830977166352796,-6.147311792557329,2.701237747720416,-4.456086336753193,-2.3327495703789274,-1.0954100616137343,-1.1344242563101992,0.1588528486243434,-3.881297796851942,-1.6067219665661556,2.9835010977383494,3.5635576238862603,0.22099336375584192
MB-6306,-14.989578994495146,-6.260641828054982,-8.806892388958401,5.611408842602744,-7.573541949180827,-4.126040705268459,1.2017946581489387,1.0098736281326448,-3.120745807107118,2.684123176419423,1.3438009847926156,-3.0001525015320007,1.3017217410630986,-0.9110042767090685,1.7362111477911675,0.3971810351031214,-1.3559739535992434,2.4678857043092655,-1.1188666352555516,-0.45609790839707914
MB-6188,7.85390112113793,15.232187794937209,-11.630526459708946,5.954452694423378,1.5779287038177439,-0.1899692587259644,0.3246800235724445,-2.044213295928,6.909334887440072,3.891964385198318,-1.8361137232397058,2.7427987397170805,3.4301060448524456,0.15555542731476124,1.8373535996465031,-0.11914819623917698,-2.2138235841673737,-1.2355457129690504,-0.033747262206160186,-2.913947760548294
MB-6318,1.5405673811795175,5.972365034522862,0.38153712104444854,5.763060786370428,-8.320737803765573,5.175865944682909,-1.9671263001003814,1.3132862630767996,-1.5607296168246336,-3.8331936582639194,-1.3002089345968484,2.4306486112893917,2.3831885442025236,-1.5306060228825042,-6.029657821814194,2.0434940663224497,-1.8391152443080492,-0.8578173521288446,-1.1294490897226197,1.5857295680007168
MB-6228,21.464491305147288,-1.8008651051105582,-4.855106206059824,0.004114049014491311,1.4285241711363061,3.081988962210142,-1.1729703827958755,-1.637436697866544,3.717516841453902,-1.8321317198859408,2.3765330767949306,-3.1751982194745647,2.0386626809948125,1.934119955686312,-0.16034549806104761,2.0289043467000583,0.1280667643213881,-0.16393448905872493,-1.4179077531294295,-2.20845943201114
MB-6226,-10.420397986553988,-1.208415794681735,-2.5644383048338146,10.221340482187156,0.6122672129430998,0.06393008100939898,-5.159318574063353,-0.5918741057879952,0.28525726362607956,2.927720246286576,-0.120868459101507,-0.5846763373673147,1.2665485730216466,1.2113612201018107,2.4247068294431235,2.067056522564581,-4.836457146117697,1.5234464173661935,1.8096841303125542,1.0336948294884436
MB-6225,4.498838804886642,-6.720199381036824,1.2362808886733045,2.457293218381291,0.16317153396962383,-7.788392951634406,-1.970473426118153,-3.7204181137097834,2.3265987121785283,1.4269799809330261,1.1003658993242311,1.011814002912393,1.5828586697668243,1.7545247616360353,-1.955730332340442,1.313813054974343,-0.2857970093749086,1.0752197207465795,2.013545211355662,0.8611502687953231
MB-6280,8.018421413890666,27.97262937784592,-3.4340664959371274,6.393438550578183,1.7997624490294952,-0.3011939752511758,6.644585959342486,3.758688031075459,-0.3214071363341416,3.1539131512906535,-1.1867836956157152,-2.4446579288135095,0.12372278288581354,-2.547972177973716,5.162712310410274,2.1962766138042094,-5.078098679150942,-3.4651216505429234,5.335693830793922,5.984824951828759
MB-6253,-3.9965593439711458,-4.844991423502148,4.93606902464625,6.6710971186996195,9.33964161023317,1.7165071676799335,-3.8356221596662166,-3.1686967429303063,-2.86400536566639,-3.2889199146948864,0.16011991151331667,5.3795115639623585,2.0076756039031833,0.37860014960732874,5.599234074930696,0.3166205369413541,1.6384049571472437,-3.221410672188535,-5.497734857501104,1.9926443154000804
MB-6098,7.16633379978143,21.08294527302894,-2.1539497773836502,6.066220906770268,-2.2909551013836422,-3.4638865162261294,2.849835290414587,9.49622750250299,-3.9632260366638654,1.801721258977999,-2.430798524910539,6.0011675744965425,-1.7424108844407071,1.916090559910252,1.7675763413448518,-1.0646055633157798,2.492782418662028,5.467629067340207,-1.2562359954181752,3.03825593431058
MB-6017,-8.593374041424763,-2.1219212434586647,-2.4389675624690748,3.5386696251000433,8.305949300348878,7.399649818945507,2.592867353659122,9.599359468800243,-3.40830530461901,-7.475710812110746,1.4356339351828609,3.7385210385799037,-5.230283611464761,4.249903034058549,2.456011064101174,-7.273593972848451,-2.9926658215400046,-1.5118439142233806,-7.826174052243324,-4.0313975973385245
MB-6019,-0.6070482827993711,1.6359734793206582,-0.12129286820354426,-16.73125460714305,2.411725367694012,5.100886245239316,-0.550562047700422,0.33437984532957643,2.2428887675620484,1.923880477263927,-3.8824659745040395,-4.221906578395463,2.3545445700872447,0.8542777513108355,4.196270192580066,1.6124617447160565,0.24119568185756632,5.788033209197809,-0.06303941920409367,3.426941572831331
MB-6163,-12.36327104025546,-3.3622288440073205,0.3286684693364759,-0.9581490112992277,1.2898085761318883,-1.5700666915023263,-1.2750103088987528,-1.315933170190367,1.0235916632662898,5.007900113644114,-1.772692651947063,0.6984621986889091,-2.138326154508192,-1.3943529315556358,3.272360309571406,0.0074963245375382495,1.8572306218660204,1.8134382583757942,0.01300547338215763,-1.9700633238304026
MB-6157,3.849220030766973,-1.268940100838253,1.1891074165651276,-1.715233035118884,-9.117005283414096,2.5135234171701764,-3.9483593982555885,-4.739736929333508,3.944568662200604,2.9231296561501936,-1.1701338854861754,1.6833373615639655,-3.9675717278981417,-0.8643635205576601,-0.6937060809227553,1.0734760619432575,-3.4415148043320536,-0.22189866614661433,-0.45313679803299156,-0.2603411005072369
MB-6179,-8.360905964469728,-0.37614296624113147,1.3786176455811279,-3.8519449486323962,2.1045615293882953,-1.5296702801374447,-1.0153182652880306,-1.458543066183698,6.426625864532822,1.8914834289028675,-1.7438640412487434,1.0383987076473642,3.8326188252536397,-5.3534752971388855,5.550525884953192,-2.802120551905834,-0.27228885887317095,0.14897115277194498,-3.6913385165712382,0.9481962323069739
MB-6105,-1.593614051451419,-1.4532377509455512,4.447384897836258,-2.0595085667915636,-6.160585661331674,5.114953490089821,-2.34434660540128,-1.2691012740173662,5.380084754453954,-2.6018719728832393,0.6899966718543734,0.7496357613843295,-3.9025378003519537,-0.5657713630638437,4.34295352740847,0.8879242119599075,-1.065028940017725,2.5467589964134967,-1.0525479425454634,-1.715717267482994
MB-6047,-9.2144484781413,5.442682985934344,3.088402138096178,-1.8660508463139807,-6.554418821126693,5.336318568827424,-0.9693319948283872,6.873940173830487,-0.8685181042148635,1.4092710747269048,-4.25464064492184,-5.003499855449773,0.9935293998062799,-0.07309043586776909,-1.6057283309611845,1.5188701308869286,-2.436708734959757,3.95184853275889,-0.09267492138880956,2.6242115342308177
MB-6001,-3.3242984739796273,-1.6605493083165974,-3.6031123414152,-1.5536905813422879,1.7710149706887446,3.6872188448622443,-1.9762390693271379,-2.4306846053369635,4.738856137694802,2.4980351565559644,-1.71674235186774,1.0593423384366534,-1.7488440681771507,1.7749618037859736,4.725297825665814,5.784801034600772,1.2607437339295855,0.1381951907554831,3.4021429828845124,0.04197437420571031
MB-6050,-0.7247401518436036,-4.652502008566669,2.408836876791122,-1.1077748456741487,6.441842399105682,-1.060325046512301,1.7154216262842352,1.5228442195066507,1.28674749933338,-3.277815027301299,-2.7193625107668415,1.8840037680316633,-1.670125765346356,-3.3817985885700375,0.9028757629158537,-1.285177817090536,0.5646972242401685,1.8994680052663282,0.07822690629766096,-0.7865889465919618
MB-6169,7.24127560724003,8.231815810127378,8.588323789685996,3.022600056949938,-0.5384223927977903,9.505177455842057,-8.444363179685691,-4.466115236734329,-1.7199186430329507,-4.096117248358906,0.7372406384220572,3.789491714262127,-3.252923064041661,-1.2601090259539938,0.44355289851660734,-2.736513736276363,-2.5509604910902612,4.77942421399353,3.048935003551433,1.7382357970017064
MB-4548,-4.327424865217692,14.24482128955124,-18.15543123957602,-21.12728182151217,4.958019544400621,12.860180662039864,6.100987412078527,-3.287629555700038,0.6149022552982328,-1.1787726489974488,3.288218958784678,-0.9510908371923777,-2.8942364932181013,1.0384906358881878,3.5846197111694336,0.7305698047225974,0.37261324308036065,6.310251741045768,1.939921903905152,0.35887836535773393
MB-4564,-12.524552961106515,2.935527616976835,1.4184610754904343,-8.318393013336465,3.052649091139281,-4.3642485091550896,5.820084710698313,0.5956787696232433,0.23642350243221777,1.106843999788175,3.2028971201757805,-5.587849355599545,1.929334983146816,1.7080619003842823,-2.5877364598685735,-3.6786070025991067,3.7659589083243237,0.8984712720711648,-1.833546632498513,-0.1771745939221996
MB-4591,-14.798043881727498,-4.078570396604519,-4.541569113153383,-1.581978676571004,-5.035285009222175,-5.760489420568563,0.8331984738189896,-1.3408946418407481,-0.6658972262059302,5.871145246231882,2.2513205276009733,-4.742510710768523,-0.370396140912307,5.524491815513208,-2.1137174196533532,-2.884405871667929,3.212963407690355,1.1656157052639433,-0.9893922773600511,-0.9010447472248133
MB-4557,-6.56899163460044,0.737943896748753,-2.9069960099835357,-17.92452807953905,5.698864539574828,-4.667368873899551,8.947943743379962,-3.346670982838786,-0.5718741844545786,-3.34851731207857,-1.5588642514609645,1.9355436776319561,-2.5081712358794848,3.754542583910442,3.6497613893460445,0.46740776200392953,-1.911788450577725,2.1250807559703833,3.037425733577755,-0.6890509812984944
MB-4601,4.798938763893759,13.400814934512573,12.089311486683613,-10.691602094826104,-2.2982319625272853,1.47176598143752,1.2608291597614887,-3.034079158725135,1.4125742050549934,-2.790916414157858,1.8929554924498562,-0.27160643509537363,-0.6552902932645737,-0.6660111001474555,-0.4229814407982016,-2.1997250235662,4.6141370936056045,2.7000019299601044,1.9175793190790644,-9.15892878919552
MB-4598,-8.039537570783523,-6.551525770286099,3.311811716643226,-4.740888491492628,0.5009436832577183,-1.6428569810030103,3.9112751338579512,2.7016494727800784,-0.5830283456586718,1.996229511775128,-3.454225017755379,2.8147361716832475,-0.9422214792330258,-5.275173731050617,0.15331337498479128,2.1698699119680156,-2.8125059652645237,2.30786260538666,-1.8648850063818854,0.5809868153538247
MB-4578,-8.71223613763706,-3.602907128417943,-1.9159244261720112,-12.560528314091766,7.722734137761802,0.7352971114083467,3.705451972163484,-3.2690450115628784,1.429772201912933,-0.1322451792019132,-4.788218491767573,-3.543227933434182,-1.1173477907967535,-1.8382045041354245,-2.2446859456787,-1.2291395426590674,-1.8528280076549788,2.888925219234827,-0.8072072870697933,-0.2676910045738157
MB-4593,-14.08251011006457,3.975763465062258,2.465109415871416,-9.45453079189982,1.894623690200465,-3.6891765711104956,9.29654494634875,-3.513157576061818,-0.33760401004655877,-2.714217082380637,4.754264845331856,1.8985753503809555,-5.046428386028773,1.1369605260963245,3.794720647538726,1.9542571030176006,0.8874083792543472,-1.8541739048516026,-0.14279845462219617,-2.263640974057727
MB-5186,-8.556801258790022,2.381326651514169,-2.6220140915090866,0.42430185181597657,-2.946369763573321,-2.7152934836671814,-2.5942862297306863,-2.506132490980748,3.68651983808666,4.909658714566613,3.436589147122188,-4.118838588937384,-5.347124775277097,-1.534387227040556,-0.42725315099473377,1.0606405857920203,-0.3158074148273321,-0.7157458315125198,-3.523606782854388,-1.5957761428849198
MB-4974,14.016932643705166,13.346409785756423,-4.181094473244113,-4.661062214257703,-4.611685445739573,-6.093713581822483,2.3418727460195554,8.045292719192997,3.6769019481620373,3.5489603751695626,-2.394273397069492,1.6807438499401721,5.128691032330863,0.18814442279296206,0.901954059987719,-5.625544301628104,-1.3356366743093013,0.4341700473766459,4.049339273063758,-2.6911651899452362
MB-4978,-4.107907446315822,4.107043866712701,7.060800520495712,-3.977966100894492,3.172980323363594,4.918445585250501,-2.184550935946323,5.509220343216326,-3.103723528362485,4.758114821940523,3.1022510289738414,6.008100410103634,-0.16327490241016268,1.9953739141424374,-2.8297876230088597,3.293423765134551,1.9448379983926725,-0.0444585942652599,4.548043677296209,-1.6595369892443281
MB-5086,-16.23034762407474,-8.04123137671031,-15.493556897485094,-1.8284906866992,8.007048969259996,-3.3893231015141048,-9.7967737829681,-1.480759739566556,-3.9935896649412186,-1.233276190679802,-0.7373688912389433,2.3215253239495786,-0.36857037503696116,3.3636210568432294,0.7570009219003377,-4.775218918681474,-3.135038480228708,-5.758154140336455,-3.185506764580862,0.9363943518700288
MB-5150,-9.262353661593947,-3.8547968428024553,-6.612590486817487,-1.1822640614247766,3.071933026977748,-6.560513763878445,-3.2002328057568645,1.4508854902028379,-3.200099649930385,-7.5910892140777335,-0.11136358441264405,-2.1395456503291506,-1.6265948908523784,-1.193916746137126,0.635966316230646,-3.752695282893094,-0.2482398796014628,-1.9541289410637963,2.1781782358789394,-7.260705420882724
MB-5345,8.481959875990114,-4.603048334124613,8.54734163899305,-3.958981195137994,2.7073907428680495,2.3011004187140176,2.12989662319847,5.880470836990825,-5.202602376284933,1.1932612858133338,1.0637137973099777,0.046477960628898446,-3.6230246050490007,-6.264243188990136,2.0526802833918025,-3.8693161163659173,1.461011000018051,-0.10168349542303606,-0.02211320544235358,1.1095364689623395
MB-4696,12.925218812878908,9.024604642392871,-12.303770424623167,5.31620661967042,2.0325148332231353,1.4261238190297016,1.491917467204316,1.1414404940896807,-3.0893251843138603,0.8386501023105111,-0.2323082877244821,5.3912136308694345,-5.019994058149737,-0.1751092243008238,-3.318635417840092,8.787332568381242,-2.994726196374136,-9.391637034914323,0.822773200192936,5.952633024805618
MB-4695,4.442141778342158,-0.5339204577338166,4.62859438521365,-1.0343746141985688,5.097170130026223,1.7138672345674875,-5.1842424633297775,-0.7070637356854966,-3.269255308331773,-1.1944746104275017,1.8863126952787712,1.0631399165512758,-3.8650791537681024,2.805405341622407,0.04398232154345317,-0.787520914281529,-4.07932875571574,2.429762588634237,-1.430860236050495,-2.7974779062162907
MB-4714,6.998636570375885,19.873133742723027,-10.815834391550275,-3.261037589722897,5.403689804826553,-5.155223195441823,-1.5268871129040897,-3.2678664427808903,-0.7882471097132525,-0.3324089002479976,0.059381776842616814,-2.606493275035276,-0.19551545438844792,3.4945707232874144,-2.848783614122903,5.687340638705759,-3.0544787503267385,-4.32653901380265,6.095595329624517,2.62253651845607
MB-4705,-2.000216220109204,0.26957894950623357,8.43551085524295,-0.6578613216200756,6.3149683918672395,0.16799676886695675,-4.255798243488023,0.9526708353744153,0.2551199481250869,-1.3966742791365552,1.8241844320014633,-1.3612916896189908,-4.593785538282101,-0.0288638915303144,2.9992483327265913,4.324929752544929,0.8579029461423123,1.2443946017560115,-2.039282224688826,1.0239623754616343
MB-4882,9.860065913029219,-4.651619727003352,12.071014985268318,-7.268285372095592,0.4425547462032184,-3.842310212987014,2.949509415310196,-2.5513657235481824,0.8286945887430206,-1.006009773367298,-3.6889341367697517,2.2939889360125374,2.524028169811918,-3.72748252327937,-0.3100224285480041,-0.09948331061661415,2.340514398120233,-0.24730781488311226,2.2466024600000947,4.348867843824165
MB-4879,-5.480483127350827,8.821917339299347,6.775585021195188,-6.398600390849135,-8.067380070677427,6.378870881590481,-1.9664646336107825,-7.795301014211079,-2.6988590503792294,-4.538947638078045,4.0406912137577535,-0.8518902108776445,-0.5744419882917547,-4.191858303749638,1.6868653753606764,2.441715914801836,0.8691945652995448,-4.351140189887728,-0.5758689391231322,-1.68941787879822
MB-4881,12.04452430375528,28.139324775686166,5.323029535836176,4.123712621919019,3.5468548657247356,-7.275375509999682,3.0738431791091845,4.714189015023048,-3.5897102665579776,2.283403763348106,-1.100777215393251,-2.477856848806848,-1.4173688411699321,-2.3862606089491747,0.9928742808648983,2.822882581494793,-2.2242747471730917,-5.013802958883372,1.896492391489526,4.220812792170145
MB-4846,-1.0710647014220451,-4.102506709415289,-4.669317892619563,-2.6843222887043985,-2.285421591961638,-1.1428675907198278,-2.823982160667838,-4.483168747108739,7.7586688731919,2.695306113075826,5.034461644007119,2.7699852287111364,2.593350919135151,-5.840263959000521,-3.494890801292249,1.164900230466075,-0.0006308224937026513,-0.22872575441306042,3.0139753976652455,-0.737194684975254
MB-4870,9.737756254408279,-7.9967002461920496,-2.250124284645227,-3.68098210462696,1.6521608927768763,-3.5425442942377714,-2.225945290613506,-0.2178282412026221,-1.466903483902931,-5.7074404597328465,4.433368491090108,-4.031962666186727,1.8100104287222554,-6.177416700364214,-2.6373558643591655,2.5402840456993743,-1.3713897823594565,-9.0230021715324,0.042670688791869436,1.422793119658564
MB-4224,-13.49414388883227,-0.32069209515911384,-19.178654122457083,-18.35753986732082,6.143604159926706,-2.144839479822279,2.679603624883617,-1.3470630128927865,-8.04455829405993,-8.537779778239729,0.9610329237974811,-1.4561306587257314,9.764368083273425,0.10393890254405264,1.4946719750014494,4.99157582390511,-1.1821225091034802,0.26897055601774905,0.6911587210981132,-2.127526964411147
MB-4845,-9.737234775270892,-3.0479352261191117,3.029792678081945,3.810376226800717,6.3491026850865655,2.266684337780633,-4.360506253663318,4.248448559813959,-1.1906433749358916,-0.3462150740717047,-0.4310975512252486,0.009239358488745767,3.3319114942493986,-1.9130554749565805,3.0926759276089992,-0.9605293892522551,-4.768190881177123,1.530103589507972,2.9656139024479327,-0.5488415514684489
MB-4904,8.119850913064552,0.21049891205308371,-12.348519898795766,-5.969410250992986,-6.703280125528083,7.17578960586389,0.07378655190864375,-1.5375595233482617,8.079928773216562,0.2520074521132511,4.35960823645017,3.327974103869424,4.106356103830902,-3.8585172494233424,0.28471160486888014,5.463367922063102,1.9867721322050054,-3.2660306367355583,0.6282364729709213,-3.874597872272324
MB-4865,21.628418763132526,9.31708429054731,-6.842643524185329,4.737926891514715,-0.6153122173686751,-6.291339543297757,-1.6080221187154262,1.9763459948511612,1.8262790203752717,-4.337833440026058,3.1057266919547875,0.29353792012077945,5.0840802248193375,-8.859054286972874,1.585182203778159,3.5279104234121617,3.3399039707156337,-7.048558521702619,-3.9954910663591576,-3.8360678976978417
MB-4876,15.638164907112854,-9.353902319502374,-16.280235472086908,-2.718044266286362,-3.2742088436863632,12.032342278481234,-4.223066633374931,2.811982310848552,1.6846430409007855,3.020890641224267,0.920964656712577,-2.2912070831309466,0.2695882385587986,-2.4126201897536377,-0.5985687999548075,5.756420434027474,-1.5770592411479725,-0.4706054268595624,-3.0441295737905003,-3.6011647204919903
MB-4860,-1.4411386885750197,-2.733413099091816,4.289789598412775,0.39065902465728447,9.00620735477576,-1.7106852600887226,-0.6544359729138471,0.015019461059209477,1.0409904175421092,0.7806353929068859,3.11777375854055,2.6293372890864837,3.1444497348396365,-3.499825153077115,-1.5181021277797662,1.4225566194561219,1.9418432721432515,-6.3870684904881045,1.2702449707477004,3.0453839362645336
MB-5081,4.2295256700156525,-2.365623281631136,2.7217938910773047,-5.878864982333725,-4.951143573378991,-1.330750359404314,-1.2927792315511324,2.00600173042458,-1.9039861110053118,4.472916805444178,-0.4498502415099173,0.884641707526316,-0.3261282325094134,-0.16845568959290094,-4.3769839145484895,2.009774797109833,-1.8329894545475853,-0.3177937134568934,0.9838137926663557,-0.9183272250281036
MB-4897,8.085731458617456,1.6338648461074865,6.268886004053187,-0.8898248731657364,5.717510334743196,-5.030684735492619,-6.103996553820649,-1.4422461580647112,-0.4418072853598723,-1.4821256354395083,7.169311152885854,-5.601927209096368,-4.87682600766853,-0.6615382423879212,0.105011833188082,1.9713622215600826,0.14338606105533372,-3.952220651374174,-3.4638123223082644,-0.016616688575988185
MB-4925,-4.223324675486617,-0.8327286352709236,7.01302388074821,0.38022845744865125,0.9242884424968596,6.364840748894219,-0.6772197028630634,6.7819148945109875,-0.9470008256333646,3.7290680692298075,-1.5321307380523659,-0.00991838953598986,2.5094213287922713,-4.737191988863262,-1.7262397448448092,1.0233202191083548,1.4445174274046602,-1.7268963983503642,3.631291114601526,-2.474573352629478
MB-4883,5.589471409260996,-9.475822942780459,5.341548945063752,-2.7503338662670966,0.17556227065292634,-8.189440044973495,2.0697827182646944,-3.7100969832665363,-2.1398973262155474,-0.27820233669391836,1.3718626214546819,-1.2230590694294163,3.401308370115155,1.1970442325772659,-3.7130024033918585,3.4847510867618983,1.459505229846507,-4.2475831131780355,0.8374353274617651,-0.1779015882216612
MB-4896,-1.065320216257013,8.243981724410132,7.089451013792776,-3.3886657246259517,-4.146835252426513,4.458408890119313,-5.408632113763806,-5.469393718377503,1.490410727527444,2.2733550573271546,7.483372766815612,-3.8572975335297532,2.673596721851148,-6.588683685959578,0.10803402910041686,-3.953811174641483,-1.7056566265937079,-1.8209915002746602,-0.5481000770247698,-2.9122037429437673
MB-4987,-2.021033167678061,-7.759442207805373,2.5039013155906447,-0.03607288398485169,8.220511153411831,1.3963930037950638,-3.479088990725193,-0.21923460197535302,-3.7697878653375234,9.166341918858139,3.903346199156421,4.834737190239032,2.816204753128797,-2.80314822588867,-0.0011046925727217396,0.22658427230558006,4.597976961753094,-0.996906474751612,3.4311024766079816,-0.1627935706397839
MB-4416,17.758008089234785,12.722537157119895,-11.304684313425472,-15.73597309807362,3.253335562725564,-0.12528055162553414,8.744454036257096,2.597901417129865,-0.2163279055777742,-4.527832686588822,-8.721296042218988,-0.5628917019067124,-4.08596629867119,1.439448626495501,-1.4519223963984222,-1.3854287327390313,1.8237989094922693,-2.8549972373147057,-1.7485796071573345,-0.7973543838709087
MB-4374,-17.053080905192488,-0.08825382011621627,-8.41541339427272,-6.537691541323711,6.727251034246461,4.961747063221152,0.14628011965937157,-0.12159367528321523,-2.796892584953695,-5.176991995997789,-6.488153405556841,0.34346539559900263,0.375081779738224,0.7573096542009197,2.2428542594468857,2.3936710974942392,-1.0258127585715469,4.196324827522054,-0.7009771506666729,-3.65655919866918
MB-4407,8.186326759182009,19.41805872112292,-3.7613506056731723,-16.79042308418878,1.6312336118866573,-8.417470009511696,11.28105306922274,-1.9895203896917195,-4.197551491424076,-7.8679143132833325,-4.067752222556683,0.9345018691031233,2.212943673369626,-1.596566416675119,7.241918280739198,4.645973728795398,8.76357478485542,0.6388831332429162,-1.3607598752168146,-2.9467353579947084
MB-5039,-12.266154831324751,6.7529301452152,-9.973664478770106,-5.307697155359301,-2.086393309374069,-2.0184538764630156,-0.5252153604695462,8.871200014924378,0.06843560773125594,-3.9456412429167464,-2.999850854136177,0.8731726576920961,-0.3727614432035111,1.3383488417693312,-3.484042614606771,2.1001091484833747,1.846224103827364,1.6666414695783083,-0.7207450451353016,2.6887592760816466
MB-4119,-16.577777059329456,-0.4177345151257336,-12.930647627223369,-20.129216739799208,5.736915361872636,-2.941105537987892,0.833899943267763,-3.116722801049119,-8.023075891715754,-0.03966865790921246,-0.9664372901332139,-1.1619767937736654,-1.5804656150043113,1.9964430879367112,6.252265136302963,1.3743432400405584,-0.7121721035986466,2.6096568388046144,-1.5339504939409099,4.202617383004157
MB-4091,-11.49861609681201,-4.414796916901605,-20.404413730544768,-15.944117561768056,6.596908292461365,0.8520304900041499,-8.699143596840843,0.5879044566539827,-6.476973754413797,-7.208385327545225,-8.118247784653935,-2.223974655917851,0.9403274695848565,1.2145167712158982,0.15821653235253108,-1.247631702085548,-6.5365094021901395,-0.17579122835427746,2.4960992737182144,-2.910461150219007
MB-5079,-10.427464459851516,-5.5149423991278885,-0.10636167286744018,-1.8134956009221836,7.355634669286918,2.0631124370162155,-8.04798504716876,4.41838597260968,-3.2893593891663606,2.6859101837574597,-0.533858821966872,4.284790961931314,-1.046110132354634,-1.3166194003506093,3.817747069778521,4.611933327825897,-0.5970716851980975,0.5653381201790666,-2.3262178590477216,2.363233743608924
MB-5073,10.678445573139157,-10.154222828669022,-4.449292166565382,-0.4628552981361751,0.17297269681619115,-1.3014809531933127,-10.452908452731803,3.878857214391092,0.14766932226021606,-4.080664320088324,-1.7518570816240286,-0.34169334163583137,-3.583700782727626,-3.496643194807052,-0.9939020768087606,1.3458712680314926,-3.967639687007845,-2.33086336180322,1.8668698294188628,0.9225953748599913
MB-5105,-7.634939022285678,-2.4108372183283975,4.79702684770239,-3.1382436354164485,7.367238451503418,-1.2425546646945442,-6.695186351940685,4.767863598571806,1.186216889808304,4.19450579487415,1.2977652096004768,3.294952555899535,3.8901214921594973,-2.558602516742777,1.1003565203130867,-0.9000415051059036,1.8667568697426953,-2.304549392228238,-2.7854748340422435,-1.1090185484281478
MB-4254,8.894317285741149,20.625808605410242,-5.4267476326312165,-2.9814240200419557,1.4331089684353306,-0.10024428204766872,4.27440820930948,5.547257061180727,5.773325882993707,1.0128988752295334,-2.911345721129155,0.5886519910414272,-0.6005478069314578,-2.560342131885456,2.5403692532637545,-1.9296712118110926,3.360364393689259,-0.1348539707506996,-1.3499221797343648,-0.3881749348013146
MB-5174,-10.916987128348827,6.401557964950444,0.7266381834750641,-24.40032672524552,-2.2870261654084127,1.7286660875423385,4.026918061437668,-5.284866984612986,1.2919290504927372,0.7673394387357854,3.3638423197744207,1.1249531246234081,-0.31403563373192217,0.5722015460141634,3.9045520579835236,-2.636214506201328,-2.8039269287290693,-1.2576689724798746,0.33951304298295976,0.4696657600082649
MB-4742,-7.593741144190714,-4.431397339727722,1.9704989629647478,0.3592740126580127,5.565714758440676,-1.9757516281550225,-5.0990485408619355,2.744393979417218,3.4668775686873015,1.093092339596029,0.9911147824394477,2.5679445278824717,2.1807825772276357,0.7934201309227918,0.1060411691366612,2.6164242922141274,-2.590387719724063,1.3898109835968488,0.1058580704670362,2.7660743191508232
MB-5239,-6.416173903179555,-4.278530104851192,-4.020615119044756,2.6581075188254166,2.081032032329182,-4.1636879172540935,-2.557761753552978,4.325048722763205,3.4331383606364327,-0.005931017980599456,-0.09720157905239361,4.101771593336794,-1.4991124565699956,0.7795600192420397,-4.829285229647063,-0.579148787407224,1.166963697378524,1.8412645512298682,1.7715563060937196,-1.8140111705858946
MB-5251,-10.932609860273566,-0.325878246102323,1.6765158055537486,0.9261872672070023,12.102559983448717,6.351546792685086,-5.265205456115563,2.3911400698498118,-2.267069602520202,4.720464777798209,3.0591507529650412,-0.29181270623074296,1.8164676395943342,1.4899711604640737,-2.8234119441352226,-2.43124626090079,6.14630424954636,-2.230647736761338,-2.899965296271639,-1.5705531502040566
MB-4996,-12.033520042920815,2.087257779921468,-3.0579299310535895,-4.100229283797288,11.317442304728413,-0.5896433056389123,-5.125445124091177,0.7240405944608247,1.6474717872129991,0.19538108271101215,0.601829503559462,-2.2046842069839316,0.9221453654551329,1.3400000624503825,2.300731361370972,-2.630071687222743,4.447121783196995,0.37813016152726825,-1.2834187304921292,0.5636209026188703
MB-4282,-5.334259059517509,-2.156199641560024,0.46839782146971526,-2.8898012475653156,0.4592601735958801,-7.1430599656588445,-5.886061684631809,-2.732346601544359,3.51467707591158,-1.272024311396283,-8.107469842099416,0.6144650192286765,-1.135459003209729,1.1077366100996733,-4.6813628486848735,0.9877041118939142,-0.9384253162007637,-3.524183682187824,0.4700778423355327,-0.5255350047365003
MB-4603,-20.76735061094151,7.711580788667364,-10.320436238764398,-16.53826009663372,10.565860245001701,0.3951775767021947,5.557769787266595,-5.308046521530066,-7.203786227920748,-3.4156732648049504,2.4018867696396917,2.6575085598045383,-0.16569086115071782,3.5266995220075845,3.445921724461631,2.1556192720285963,-1.8809744959904238,2.6316251754479474,0.532120802632027,5.623323968979982
MB-4621,-0.009866003843195331,17.925287939500826,-14.450724974559042,1.6569658405774679,5.1643210460539155,1.148914489415114,6.898468277675041,2.734499672052329,-8.97073568385462,-10.36973251751781,2.625044002274928,7.681377897547516,6.193947678506033,1.5902871988072282,-1.739734852811867,7.627906340992642,-6.491035076679278,-1.5510364714725218,-4.158054144937995,3.3453042953994236
MB-4853,-3.9557681380257983,-3.3412764082597817,6.264264913783611,0.08079060730351957,6.445273990978035,-1.3904173755822256,2.2834851974743553,-0.2889535927105104,1.8161878214162732,0.7728777291122438,6.213323344547623,1.6183578299937211,-4.225123629593198,1.3334361006283515,2.8580904432813683,0.5735289888500767,1.5746875706375363,-2.2954875236679406,1.2601421515820384,-3.160041253167786
MB-4362,-18.82660577321547,8.442341602055379,-1.012794401085417,-6.3809330854476025,1.648203172148914,-2.2791141914527753,2.1354190331002365,1.634507033391245,-2.7550391159144647,-7.086234047084984,1.1961244448069,-8.008619866378282,-4.693289278347556,1.4472510325655732,-1.056646050431121,-1.5182761540541776,3.6547846799622805,-2.139934514240212,2.754734888850167,7.9956826713716405
MB-4602,-16.349342449926073,-3.9645902789976586,-7.099124614746769,-1.0511114932044254,-2.029026736217645,-3.3117090639119984,6.593792023469041,-2.4818778457482615,-3.755420519569675,1.7054892042679795,2.4431116539076587,-3.394567896921978,-2.7848639960590904,-1.344751267881397,-0.649944670469134,-0.4814886191967267,3.4188767651570973,0.22592534461136185,-0.3769822898010546,1.9136218710535118
MB-4222,-12.44247123389306,4.266359459671782,-13.82035836980827,-25.36695679698602,6.413042769352088,-6.7686037608376965,8.732455965616946,-1.1490631500843278,-2.9148536209277234,-3.2930523489071746,-1.1214874020548158,-1.0680441052700607,5.0724721642445,-0.6527275628499823,1.73363053900397,-2.3697688765129232,-0.27545613383705086,1.8537994856918316,-1.0174348041262913,4.726963719016201
MB-4893,16.555601122058007,12.720817907110819,-2.3856556090044325,-0.48281297415520047,3.7220539963286092,3.732688561557081,0.7525289737173397,7.648175364267653,3.386649592590512,1.9571295957063708,0.5336857798387576,1.0605241066996227,-2.2125989390169547,-2.7576857829319246,-1.151967397502045,-0.558241516841469,1.748566292282355,-0.5033376139569294,-0.8400209191577749,1.0756690952066723
MB-4859,9.994781307965939,6.6993676970308815,4.498295776774954,-8.789619868716999,3.6809764830298337,9.632355575819313,-1.894446238853281,5.953481648539123,1.8866950625868815,2.3634228617332407,3.1828472520654527,-5.093926773874827,-3.6793754519851496,-4.690874116124705,1.2474766112455244,0.7053220652146971,-2.2286167138067374,-4.683677010808653,1.1085374842405868,1.0757656651782526
MB-4212,-0.6471963000629715,-3.5531801281334165,2.0739582802227536,-9.2656678742304,3.9179686568535224,-8.15853775754986,-3.400022250114368,-1.2258164598086552,1.411990672785273,-2.6306892329868017,-3.269387371781224,-3.4012195900598683,4.90058521843341,-0.3458317826963879,-1.5453156801135681,0.28203126485874974,2.586874709284879,-0.15405268134370254,0.9836723093913614,-1.404917295747057
MB-4873,-5.464241590145677,-2.2096205122291255,4.005264276804102,-7.326299365203121,1.720459688668034,-2.578006389035811,2.195281034682486,4.204897320183456,-0.01020930571804199,1.415076316144414,3.158742048528382,-2.1017381249376004,4.7672176506173205,-3.6127992472802286,3.0777575121232763,-2.209031174893226,1.3775416337873694,-4.4913252979270615,2.9392556189616106,0.6186987499951984
MB-4942,12.41689980645109,11.024723219863231,-17.64169560260643,-0.38205633088422275,1.673476185621205,-0.12751576012635404,2.0329450821014503,-1.449000250187546,5.10745602986576,3.775487009178273,-0.038542184293948525,1.6418443967703333,-2.063636681183896,0.11486299012036927,-2.0687788533105844,-1.751049662605103,-5.201414385231502,-2.8795026727030044,0.4641805786967858,2.019295846622864
MB-4949,-5.069408946979395,2.1419562994561407,-4.892112106459165,-0.986258564914037,-0.6519574537393861,2.4860453753438163,0.07521162308385923,0.5874526061249089,5.8545865627705025,1.5633029166281285,1.2665463895789109,-3.437244987096923,8.360244459640757,-5.715875774029084,0.3813621799035283,1.8093604830129506,0.0644624613474091,-3.3298967172116107,-0.773433866436025,3.967663022919766
MB-4928,-3.3151698856793406,3.4813877794982995,8.009963490311986,-0.826236025923967,-5.4305559293661,4.012630245534172,3.5533548494847063,0.16767348752839303,-1.0386633629869204,-2.7877442412303317,2.992912380139268,0.12518690977089914,8.763600501968979,-6.074119725425294,-0.2590448397065652,3.911083666109055,-0.4507019842305,-4.203989872722376,-2.2256755396825976,-0.1517961411946856
MB-5098,-15.973784106331127,1.484162178219434,-1.6612515895376312,1.488879689337152,-2.025751533481423,-7.602916137219729,0.2636684530476045,1.8942377546450166,1.0268245401466178,6.321504971057373,3.1256475076067085,-3.686041272083297,2.0512467291054985,5.339450489124469,2.0273648372266964,-5.5069861257817605,0.5897759590599817,1.5300558137154459,-4.230868248855523,2.732266356193651
MB-5313,-1.7484673178520973,-3.715821834190489,-7.746440249438962,-4.407644581093739,-3.765419650082993,4.954602216056079,-0.8755194050337959,-5.056194081399992,5.809069120282888,4.538348558642168,-0.16316222906020048,-6.1674397323199885,-5.100143684765025,-1.8298686949116243,1.1083283619987998,1.1877196070881457,2.665559097790222,-3.221756361089061,1.6009450824361986,1.5978750298818805
MB-4145,-2.5302441573771315,0.8955966493098875,-3.091606864818791,-7.674323252901564,4.895447428312261,-3.873806001862554,3.664250611815238,9.11788353603136,2.297776093728599,-5.982802936354734,-2.553818428124854,0.5060929806602625,-1.2822700247265981,-1.4178731633914259,-7.549033031397867,-1.0039636895262942,4.774458999011458,1.3846702472613446,2.0341836309989842,-0.09808308894564316
MB-5122,-13.198833630107325,-6.725006959227866,-4.516465319156658,0.6176971715577584,4.70114276059103,2.841251565836798,-1.7337688002040497,3.6570270399067555,3.978782234763109,7.73737237332724,1.250745080845608,-1.2920072281731028,-0.620724825106797,-0.7187541305769485,4.781969432585936,1.537800194889885,4.188416358925234,0.04995087674593634,-0.9153504571855139,-1.3529792021151217
MB-5278,10.46446342142603,-3.2717147169823955,9.384482930348588,-5.175394798500446,2.652143133884032,-5.41657400627841,-6.893602980080955,-2.9259850701044456,-5.373587617963396,3.050662260401958,-1.5658197943805343,0.8902673820202625,-4.376977170276492,-3.0742738640956304,-1.4590155459178185,0.6234490209326619,-0.12916348205927802,-1.2629509563081784,-2.8342883647576635,0.9319288553318897
MB-4213,-3.5409202016991457,-10.11705214120366,-11.519361219885322,-1.7427355464028464,1.114965637994437,-0.3411175191940876,-8.327721462414447,3.6848454499516663,-2.163887239545112,-7.174504426534063,-6.254981324392137,-2.7062283324380676,-3.59568641423168,-0.10820555231758913,-2.749850794742308,-1.5662080954842181,-5.479406035345812,-3.6677738011948025,3.239103111839439,0.8860692164919998
MB-4126,-1.128075291878891,1.2496393033001931,-3.7522939532623787,-24.61956224866433,1.6580980334228366,-0.9165192224678885,8.52226856518163,1.6867423568842292,-4.290756299824362,-4.4894710001968186,0.5085570632326557,3.574075187047594,-1.1867024983716707,1.563174131323128,-5.950187305771678,2.5601427249740905,5.924567536365131,1.391450187799192,3.478195325158683,3.4688757867726396
MB-4957,-14.108725686830105,-3.464423195915348,-12.542227914381915,-16.467512209860523,-4.016609814987901,-5.724705869094544,3.0925823535300476,3.8503107750931007,-4.715088377781693,-2.5324251288520827,4.408327401868326,1.4022690285956005,0.2704593351498709,1.1538634554533609,2.8333858156083913,-0.8513188114457942,-2.0475559546862407,0.7799464669548292,-0.8586284481134469,-0.2645987207484609
MB-5470,2.0754721452208558,-1.2205258582026515,0.8825720317874596,-8.530048354075925,-0.1810544934259141,-5.361953513250183,-4.166677097817822,1.2117087063163483,5.619663133793486,-0.07489694910531713,2.60935091119373,1.8393241019586402,4.461084377059523,-2.3350624284227943,-4.808811157979714,-1.0170232808099269,-0.7032999713052022,-6.675013212875833,0.8693388591589177,3.62725921852347
MB-5317,-11.926550077734266,-9.603614541667374,-13.63771776911327,3.307741720122251,2.615702430247986,-4.211291440240935,-9.184413747047145,0.27219315477279765,-6.49867554962505,-0.29458688511818715,5.149529142251236,3.3228957529269167,3.8042792498686984,-5.1927470592656775,-6.633025415198808,-4.614816208519984,-4.784608280598847,-5.925433319220129,6.291158160370407,-3.7250122594812534
MB-5308,1.4454775691051502,5.18665389504854,-0.5661868958335345,-4.501667423188075,8.919403746305024,-0.2216852987608896,-6.834636640011132,-2.9422319322167922,1.042537312721083,2.107206882866898,5.877009433918703,-6.391360093318344,1.7342620898533871,4.622505045165725,-3.0985291384188005,-1.139989598596811,0.7913131616781544,-4.716164272276408,-2.2439430050922637,2.2929000937084685
MB-4976,-4.096348623956091,-5.273460177569489,8.039547860008748,-6.053643316089363,5.453317400129074,3.752528360674238,1.0972260522035138,0.3067628698487338,-2.0699901378337384,0.27553970090106467,-4.127074061513739,3.3009668119939275,3.655502302898201,-4.086938503106065,2.831455145207028,1.9964780490450957,-0.35902309744551275,-2.7028660345827578,-1.0930571256784902,-0.175335472322886
MB-5277,-1.5389239713270868,-0.5959299460864408,-1.9742090698505161,-4.811400739024595,-1.3087397552934226,-1.0641696873211237,-3.6834034102303037,3.623040727238656,-1.5380361232914554,7.197589569829875,0.8739969030587195,0.8946312732689842,-3.835023045351268,0.6368005746553498,-2.135964318808649,-2.1750456524689126,-1.3824967327259123,-0.5529529225673783,-2.0875210469456076,-3.765952985235883
MB-5110,-5.552475374007887,4.6786955722566805,8.483828322927744,0.651007145475113,8.675812809603375,4.373787112618059,-11.94888974730298,-1.0359025012671048,-3.1493451792852056,0.18330749772371205,3.7970721186400187,-0.23308594315934447,4.212660821942914,-2.0784506470096202,-7.173650691904759,1.9354173507657304,7.252929602660931,2.949322006522279,-1.2447668428630176,0.0688726062088371
MB-4046,-12.35516257217974,-3.854337626775814,-9.285085803638717,-20.53280475581301,3.4857136605117756,-5.103851268833086,8.041692690667618,-1.8953896668200798,-4.526645616253531,-0.6617258565565376,0.57024600691971,0.371074816529971,-2.619817187725487,-0.24624977059677558,0.8183907630712293,-1.9613812408936924,0.67992127011003,0.3848477254053518,2.95808800646437,1.8822397437591152
MB-4012,-19.26826222698533,14.078834690536922,-5.4553946709515735,-15.292477199663155,10.948025698899142,3.6938281959770136,-6.929595906189401,-4.0930707257858145,-4.462348792814343,-1.538489006882525,-2.701272983187813,-0.6319689510624877,8.1079071798708,2.5542686250718925,-5.905990067073376,-3.494579051209589,5.005516915321438,3.9724882382629083,2.5607177675832733,1.7330398493531294
MB-4141,-12.313451962528452,-0.8323824962380334,-14.996245224346396,-17.93251779631672,5.415931598104849,3.6528241773102144,3.226007214861215,0.8031391067032921,-11.780292088832113,3.2100693428733513,-6.713016789419235,3.166970648408821,-0.14591780842071286,-1.4854046171713438,0.24616960485070746,-0.6821425853978156,2.6451389863096253,3.7786560944351333,2.11515464578959,-3.970696564927887
MB-4001,-11.731970206943206,0.15569827920968257,-5.562629819973929,-13.4080417782946,-3.2084849465192744,-1.8310837508198574,-2.494677634580734,1.4798556296400516,-5.475856623780782,-2.314445006948809,-1.3465822569756607,-2.4357441024889215,0.7935253744291905,-1.0327991878780265,-0.20659463951752574,2.4951051556506485,-0.7000033309848215,2.0716251186906254,-0.10140672939220471,-1.4131892987721704
MB-4792,17.550867735064518,19.325528550143027,3.770207298888912,-1.5068073034818759,-1.9067887536762254,-9.926094752314718,0.2246903339320619,7.468969450293015,-0.8819556305644027,2.1971622187688493,4.260955089160102,0.18654584243468458,1.484438021794512,-8.36806874888021,-1.4367158052913933,-2.1599102089585602,-1.361092307415598,-1.0477971551568206,1.5673467637205996,0.6061309217533529
MB-4738,4.881920735190605,0.06571975050352975,8.302256652635686,0.3798014796382875,7.0789974650303416,-6.297018475162767,-4.871044163222543,-0.39947092031801457,-2.81270818339651,-1.1742417343939313,6.443796434756265,-4.394021026304883,0.6979283082827492,1.0654410615310599,0.5177599331624982,-0.9147737747908735,-1.1932184774401822,-3.702088148964566,-2.5093068814770207,-1.927959202542268
MB-4264,-10.745600294676182,2.2300715282473096,-6.321283758446985,-12.083259817395033,-5.335635513986,-3.068949068002969,12.241974649034264,5.29995374724484,-2.2080379783640693,-0.6510185820480306,7.2088629380132865,-4.416892151563567,-4.7557634182900435,-0.544912143138369,1.6128105732380418,-3.0538629844455794,3.349243404705786,-3.5468735777590052,-2.6834861919900956,-1.413250009703117
MB-4794,-14.70706059661159,-4.006024867239396,-3.8830711872200845,1.0855578798851386,4.490522260756232,-2.018223368908434,1.041393041145521,1.046193189526519,5.617897459777653,0.6916906182779645,3.6576198571845713,-3.3403471283571915,-2.954144631831396,-1.2832275889139664,-0.6878053846654704,-4.562462544460999,2.5300442401284173,1.5707638963161972,-0.6194802646210649,-0.7383935932775519
MB-4782,11.144931983275114,8.021223624616713,4.385079335338719,2.463898147623461,9.003179443881692,-7.174604379531498,-4.480031566225115,-4.722158675030847,-6.586275440758459,-1.5160424469308373,8.255490261410491,-2.5863273220768694,-1.6937600024294235,1.1557061334692864,-0.116120973048624,1.3918163176967402,1.2398099160458333,-2.565969546324749,-2.06104910153397,-3.2629404864592075
MB-5008,-9.648715878358566,15.691400945927938,-4.381526867236379,0.1770427291180736,-4.424651834208377,-0.46068086965291455,-3.1538890466223295,5.232553323828067,-1.4419256620860081,-4.338941401824549,0.42515396312933224,6.447793928387509,4.784724580396209,3.727717854686181,-4.354359963512355,1.3894067580936795,3.5151008738935343,0.18111883947990726,2.272186493951565,4.476786893711184
MB-4426,-13.801989941291623,6.25309511685541,-17.711733315786343,-22.100898134066565,3.4227446407425863,3.8750970721931086,9.350797963258211,-3.3819266141080755,-4.293143699039856,-4.145712116653836,-1.8396338201868188,-4.158592040385413,4.529336484867201,3.410032922739549,1.8368190460979201,2.2386275106489895,0.39017651791842944,0.4740994200821434,-0.5470256710237342,-2.3520392227595144
MB-4390,-2.6071963672152276,-6.513826226038995,3.6647317650001887,-4.575494457828597,8.171024065629892,-2.556930597932369,-1.7672714930408309,-1.3799805408675998,2.670268682745939,-2.6769546201897874,-3.5759607048199507,1.2153460999539385,-2.5767303764226788,-0.12667343512277981,0.0539319988870676,-0.46572227700480306,1.0583222270614925,-0.6220935301286257,-3.5841037040976915,-0.5416932219647089
MB-4434,-15.521915892185794,3.4945667636881117,-1.1668892429649542,-15.751225195859917,0.5621524315567751,0.29465817432668684,6.528669771078776,-1.8894055399352112,-3.066901300015903,-0.5050782593078351,-1.3516265167010941,1.6262710132633584,6.161837280086047,0.6186518647576823,2.6877397990813283,2.6273491063104077,0.17780221879879915,-0.24106166460742456,2.230737276713199,-1.6687361954081212
MB-4368,-7.9242989076031405,0.6004280166228428,2.8538262302520536,-15.607508483395097,3.870531458665035,0.49134821994778133,11.605902337494934,-1.4075334082149273,-3.2603884632927906,-5.201866815519467,-4.562204944530133,2.996248389560398,1.4522928490845244,0.4125022345782252,2.8157014149346016,5.927079266852027,3.338078014966548,2.009057075985585,0.6478814752283785,-2.663813182496287
MB-4442,-20.718990467958047,8.47436109963014,-3.042551919005056,-16.21368926088952,-1.5499109428171192,-0.34362394777255073,12.71788984299789,2.5265548305103347,-3.387177623718086,-1.6974398085009546,4.246782794138384,5.179819231674877,3.694942291558627,3.6549416641071395,1.847391350157658,0.15478382135658303,0.2990030726689861,1.1150072899843408,-2.053600863441463,3.2149693339288556
MB-4418,-21.102170299002633,2.7776788915153747,-9.71626710667145,-12.116547486032506,7.470151797163794,-4.1183365829750365,7.3046344170637765,-2.6201240630168066,1.786045469168703,-3.8746567411827164,2.539186525873258,-1.3783624245684545,5.487081425430135,1.8155292594395955,4.354611214317076,2.165743170221944,2.5306184423139277,3.4620245081773335,2.2981005903051948,0.5530051763518126
MB-4381,-14.403556590200552,6.295447214846491,-15.089847247142131,-21.956923779474625,13.27311638931977,4.11181692754271,0.5726375950579748,-5.740299469094851,-10.238992397801113,-5.697584649465714,-6.350997006022994,-0.5395537461502683,8.797607945457123,10.2600005360311,3.957553473081141,-3.8468800121820856,-0.11358055250111673,-3.551353413789823,-5.105610031863657,2.0220919097034447
MB-4395,-12.715317288756388,-4.707192739209247,-19.93736497249413,-8.208561706379703,-3.266835696746287,-7.153044572982876,3.4435083677281164,-7.642026441587283,-9.603758179049368,0.3568311532729066,3.2195274678149386,-3.8277170583215674,4.175645345154815,-0.9352582871070952,0.7293926723770315,0.8971600041623085,1.4867301094953527,-0.9818509156784597,-0.4626161246991234,0.7533181002822974
MB-4630,-16.580750020743448,3.34341678857162,-6.836108035369676,-11.40781230663717,4.49927747104716,0.09441072522674322,5.09832029780857,-1.4749658078173868,-0.7030543295868747,4.583746645964628,2.355884218964171,-1.8235483627752553,5.747031314387249,-2.0598237156355395,1.5763178418414616,-1.5272504162831502,-0.41035511935035157,-1.2567304722867694,1.977446836355688,-2.276696802651346
MB-6010,5.569149765942226,-2.940421668064318,-7.984213044040663,2.6996704969496443,-8.050443549745575,2.9069307470172547,1.911515054325781,1.6504778624730827,3.6708234233386685,-4.780446415465332,-5.913533544387379,3.8591588101523477,-6.072704675753089,4.70313459709532,0.1835724946767718,-0.19979342517027526,1.7843061775816276,-5.653594285455061,-7.374444673359997,1.693267574543484
MB-6021,2.7280180872566553,-6.886457456428015,10.494544610566045,-4.999624710942273,6.468329964018362,-3.3938623473250455,1.9875036247125508,-3.9384184340926462,-1.8761980926561779,1.2915838633451118,-2.1058260412965795,1.273940984453016,-1.2344204143325967,1.2124273941884671,-0.36137538848946765,0.8652859884397163,2.2033391577966177,-1.3429338453760669,1.0813747319734892,-2.1191719231972748
MB-6059,1.6892947196773684,0.34313797198328094,7.118477019500311,0.12152034618421051,-1.4063733121437705,3.3259877980796495,4.066150849717545,4.40998308272497,2.1009503824757436,4.028508715425025,-3.5436431643475683,-5.9376866582078165,2.8774268893098145,2.113560042146226,2.1911093199381853,-4.22437751249784,-2.69151738790579,1.6907083077446157,2.608344736826438,2.287190989599291
MB-6154,-13.312908571888293,-3.5984486870618992,-4.340178556605524,-0.5743395679713214,6.978172375564212,-4.418957849980441,-2.0395283194316867,-0.9695219584614948,3.0511298362447383,4.7277824350758655,3.4460020095811057,-0.42311270653887634,3.1978672474963257,-2.5857793428564384,1.1883100205008092,-3.3661708578270892,1.5184629456605538,-2.377890118780456,4.647810768888623,4.675473460487391
MB-6097,-13.341400087319798,4.506446725632625,-6.5575662391409475,-17.27742456275669,6.117932593231515,-2.030154673651984,7.29167650851197,-7.406313706028553,0.7606603405987769,1.475996002363284,-0.26934219444240604,1.5245083511560906,2.123931964274494,3.276304980393519,2.7166989866908966,-0.9404811221061243,-1.6581056506203713,0.4021346840116012,3.7966122548081946,6.606195903474042
MB-6107,1.2338572344627985,2.8344428311187735,9.815130349916977,-3.393204141070709,1.380188248638138,2.301627646540726,-1.6984829335417868,-2.340283993821935,0.17045169859335874,-1.3552727109619054,-0.4959996392077375,1.6574786910382653,-0.2807488238078003,0.9534564329730428,-1.5644102372203188,-0.006785245498973511,1.7580711227291739,-0.0717203684327443,-1.2714775356966352,0.39160129537335125
MB-6023,-13.841146123595806,-1.5050559708479925,1.8381630004625937,1.4591316801815357,3.056667537028176,-1.2843550212841621,-2.5450104619649925,-4.778824887203352,0.41134210492385553,1.6162081009807494,-0.19298356722806506,2.716664329062003,-1.287925991007934,3.57033638802671,4.465418865537289,-0.9829189465589611,-1.7920184476989744,-3.1403217337443694,5.648331033409324,3.6805247582550336
MB-6152,7.457563625114044,6.948428089727084,2.9505059911387557,1.040430635829922,-6.418403132822868,8.024095225761986,-4.989925535303783,-4.531722416383867,3.145158268350559,0.19575697672380046,-2.630066693397963,-7.600661601717108,-2.0214192397331425,0.338662526248961,-0.6012268140464243,-2.093823776117285,-0.23852075140001122,0.7083201998402888,0.7628558217657773,-0.9879504860140614
MB-6018,1.5622477957684782,-6.206174744666732,5.082882285173005,0.30332745462882205,-0.5789514701408484,-4.41899183751089,6.178418065494211,-3.643738773491335,4.391912649990808,-1.4020728599963743,2.0982808829353736,0.6313844752551406,-2.2022302019197078,2.6677280216496144,-2.2840164196562984,2.242681580308519,-3.1883915997659176,2.928377943631341,0.1059648494838241,-1.0682741058210152
MB-6082,-0.214182441430618,-3.059997429790855,1.8969791306540067,-1.776449083421265,-2.2222062830771203,5.328406069148267,-6.428568410136203,-5.820835612703591,-2.716713916692471,1.2538313132338375,1.3957176821676889,-2.6946739324012916,-2.35457404989458,1.5365367709197908,0.5027538290050138,5.354533312945323,2.6345140076244107,-0.15609620012247313,-3.6916479708457897,0.256061996412548
MB-6029,-5.088302733130571,-2.2445842150531603,8.1172426010642,-4.773351411008691,-0.7602025603875742,-4.938424333924632,5.590732708406267,0.4748399578347748,3.443403157802656,-1.7884339607300772,0.4496913251518045,-4.694187723994437,2.5146641667830143,3.6172195104528746,-1.6575968497152365,-0.04305107042749582,0.904910017814611,2.730827416842263,0.8259208008846842,-0.578580247268569
MB-5295,13.396439850139869,20.167678671600804,1.4037279040628976,-2.807564220957887,3.4324031971064404,-6.878732323578864,1.8497831507640847,-3.6454712735645036,-2.384848048977529,-0.05227619721005061,-4.671666290238758,-3.128905967000507,1.1261366772819978,0.8635942819742803,1.186383368119737,0.08507127920880195,3.6316395531142107,-5.338012174682672,2.7752926268595184,-5.3786360398360555
MB-5386,-13.127563961443508,-3.6270324202607362,-1.5187836815664972,0.42572705764218594,1.3971365722764362,2.343001066362204,-5.048600090001815,-1.9927004782870832,-5.270322148999879,4.365117563590605,0.9984513317904902,-1.0614984380298829,-0.5278608773431577,-3.171626097116869,0.8222307979450715,-0.8791694101432381,-1.7820056584278976,-2.7226614013311443,-1.8815976453514303,1.546375015186225
MB-5092,6.752461626160383,-8.154938359710306,9.223649622828825,1.3112698131035319,4.714257523942405,-4.795313315290415,1.7566242620665826,-2.862369233320276,0.5365020589765245,-0.07419088903807881,5.111234189903029,0.9209253061301202,-2.300211410832441,1.859847105695995,4.303368939031231,4.89346358943045,0.09989989568950436,4.539114913447018,6.071337628058844,0.004718925128109457
MB-6068,18.795836083989737,17.750752191197602,5.372508365732347,0.3175779286318603,5.426573297328378,-3.4330165633122625,-1.890545514551617,2.617940312579569,-4.1610124691321575,3.013103498405311,-0.13644270363237634,-1.0516504097228117,-7.021619294227519,0.2642811173618146,1.7546949824729794,-3.4394121067828998,-4.660873560358806,-0.40978152937442197,-5.599751151538848,1.015254254050895
MB-6039,-1.0851960294720284,-4.037317641693978,-2.420999731451665,-3.078975905981354,-9.507714949081564,-0.9582514044941288,-1.3112833441835297,-1.8395447798692601,3.648995134673485,-1.3304111610922058,-2.6845158904322695,2.387344128948792,1.549406449396501,1.4851218820825438,0.6043341843912641,-1.8268943343243167,-5.367447004797468,-0.42858207031354484,1.745744790247272,-0.5743184170797082
MB-6022,-17.14823252996227,0.49506505555433594,3.6497011347049946,-3.0760965632354775,-2.2677423457567754,3.2014352509221715,6.937912959603662,4.823897209844487,-3.1695726864564495,-1.0932427569033627,-3.7318473265003975,0.5993789245010684,5.49390254031357,2.184839258186232,2.553635336425834,-0.7314892810709691,-1.1674389542421824,-0.5886293505388827,-1.8943739767717427,-0.6044305382052264
MB-6125,9.82770502049375,-8.740780505190706,2.8070520861923534,-0.03965386272681211,-0.040107462487724996,-3.1516664695022953,-1.2605907524802458,1.7930091953377356,-1.2685009253390522,-2.905793106313565,-0.23838784393122753,-3.025518826783339,-3.5765673048720528,0.6509844505642483,-2.898171154891119,-0.393735533716594,-1.976728190163433,0.7086071672148999,-0.07009850570286241,1.6175361559719363
MB-6053,-7.37234519201013,-3.5687684603511216,-6.4490990688359675,2.958553903065024,-3.8393736490282873,-3.908221122028759,-5.634949473004179,-0.537238229003213,0.22378420999461562,1.1268941812439313,-3.3650463110075277,-2.3885219323716695,-4.0731345890719375,1.428319458854427,2.53386436137835,2.49316308231461,-5.119657499932946,-0.020073949593932328,-1.803988286106065,3.112472675580007
MB-6135,-5.24003069087251,-3.4312426358106505,-1.7666589815779943,1.1142721731193388,-5.910548255529338,-4.067124004775203,0.5319514831815322,0.3508894602834713,0.9752297620802952,4.963729003159007,-0.3871587954854257,-2.5281690653302236,5.630834371896602,-0.12099558262767367,-2.46898575890034,-2.717162261812195,0.8367907864148476,1.141503978607178,-3.9940694476304732,0.13634201383767774
MB-6042,3.6203394676060032,-2.333747112548477,0.7544545757904415,-1.206783882176398,1.9386800749408553,0.33606749506747063,0.24865756301483177,0.57005333126116,7.222050502014669,-1.9565951345706365,-1.8146796126145663,1.9830770052045625,-1.4544864503503647,1.166530801253589,2.0229489177394755,5.405749102245254,-1.5293597263546879,-0.25577558084671215,1.3623736067035535,-4.841997650866054
MB-6058,14.041001521474644,19.423469353922936,-1.9754426165200805,4.425267269399186,4.59105937152037,-3.7276544306836303,2.1667432543826575,4.803175085754918,3.0504269991787214,3.3469735850183526,-3.190070506169926,-4.584799912598032,0.27145666738388596,-0.14322169736819276,2.199269876364272,-2.9637402064492413,-4.085358069675587,1.166772056793668,1.6879695960478094,-2.2452809640034914
MB-6077,-3.1131491710856793,-3.996922244883518,-2.0989790288809176,-6.049368160714071,3.265111386408434,-2.1370892985345615,1.8931410408661553,-1.6637523512172177,3.1172258086319964,0.6239526702593364,-0.9576223625651945,-1.8000382605366179,0.2054234978159993,0.19289385859248456,1.2857291138084102,0.3876420165848291,0.98429972558653,3.2907377075432866,-1.3690492117476358,-0.1405941831196796
MB-6052,17.67785090790964,2.6195303561205057,4.606167983706363,0.5330908961102971,4.187067881958899,-0.09045638033525334,-3.078329801967901,-1.8828367850995962,-0.06764719606511828,-2.183503395456439,2.6726244838241504,-1.4580240263858801,-2.290600846766122,1.1301466150934836,-0.4432179239098258,0.8544543256882531,1.4815310056303648,1.438810149089179,-1.4335363912694334,-2.6401706255793744
MB-5368,9.399658903786985,-3.910412936471881,-4.011960191552107,-14.217455037316206,3.161637337575088,-6.616977378626628,-2.3427692326404177,-2.185137087131732,-0.8780879441698087,-1.3058330564922997,1.350852611302882,-3.083044775214648,-1.1855872946324006,-3.075396633836854,-2.333036545101933,-1.1423824031360803,-1.313394286300797,5.009445172293778,-0.3107861809835492,3.8563098468863477
MB-4189,-14.014592269696701,4.507508139589413,-26.81007981598508,-25.45777077958092,5.232613632617605,5.810131396618972,7.852313739363342,-3.0918973761869637,-6.144193622143106,3.605354172677697,-1.6180880507099171,-3.0697636949950664,0.14943140204487299,-0.7884036211949756,2.90721005989596,-0.3408929385052998,-0.6031289480033484,7.237692132103226,-2.4065649492370893,9.701596014614147
MB-5335,8.007993587286055,25.119140587452907,-2.84150522071648,7.725803193442765,3.092987561137229,-7.444985683784407,-0.7285422404345814,-4.037734711024151,-2.0477402097968778,4.7037466179063365,-1.561501214460004,1.814878234600192,-1.0798407612690548,-0.4449140188294389,-3.1400580721240265,-1.645206501246954,-3.5903770074837893,-0.9477735391042735,-0.7841486343589437,2.500813319828746
MB-4008,0.5081414275976694,-10.574925617409967,-6.268041403632041,0.4949171976227749,-10.71437198898964,-8.157570718505339,-6.161345518398354,-2.60049648771857,-6.969235140543776,3.283466001780168,3.7771879105764063,-0.17133680819176042,-0.8765277909328918,-7.148819874206323,-3.7905868717910387,-4.288205223899663,-1.4496491691769808,-4.407179027727947,1.7331873677045484,2.21446678792134
MB-5134,3.916169401671624,-8.14311727056998,10.193648283570163,-3.5699230115781906,2.6336978352809477,-5.875663270152011,0.8918185492784501,-5.36623015299798,0.8816378755810189,-0.3249370472956121,-3.346523398124423,3.334846163983323,0.8733489144893979,-2.0550106527367924,-1.7235773520448978,2.1056553269859184,0.3328531263764038,-3.050703193024588,-0.3928685552394462,1.3623768659505613
MB-4139,-16.98769506210776,-5.327716652255044,-9.755430303786277,3.301592590022418,-1.1160381345495245,-4.026658967210446,2.4949815218887776,-0.9744407265068529,0.5440645895752733,-1.2978296766892892,1.1489269480692264,1.787341414089734,-1.9889670848042962,-1.5451643172532479,1.7541965870189762,-0.9694539803978166,-3.4648395403084797,3.771580453524201,-0.1796707617487595,-1.9821212575946907
MB-5130,-6.140084939457868,-0.2572645827310533,-1.1916367342528493,1.43926906575336,5.213431543590961,1.5805933904559828,-6.772203397561392,-3.7835774794782506,3.997959983024145,4.559034539933592,-2.4678018579435936,-0.001279833339481288,-2.2822783199517738,-2.899280409092984,-1.661339332856899,-1.757266396687766,1.4673108465256592,-5.6253564826289795,-1.2168364061840065,0.6262532867817565
MB-5135,20.16512040291863,17.311244383968585,-15.084889171987458,6.247196043967279,-1.3051979442466644,-11.66222197458027,0.9506493331430629,1.886969944772533,-5.561140834226913,3.9926121295283576,3.9884692525507495,3.8847265753747457,-2.0207136286707965,-6.773210542517528,6.290154401238876,-5.479570243036103,-1.154477281753775,-3.885352002703977,2.009584654211515,3.1717276545126847
MB-4880,1.9962337509817962,23.24801238358028,-15.23303809958851,-15.109746305698136,2.9984406363278393,-4.6328282763579836,-1.4992684287863012,1.7872694276122616,-2.4213377363059894,3.5167869751996665,-2.7714965476433413,0.18453862590569678,1.2010995076343352,0.1929724474967763,-4.082289597068295,-1.4948589436845132,0.29750653267064686,3.662062199832298,1.4514912342062658,-4.111202720673762
MB-5054,4.354096318556379,7.374313476292225,2.082103560403245,-3.550355598054446,-6.358846926665965,8.241675664677663,-7.790442261165358,-3.2683214952404445,3.579200343964292,4.551176154884654,5.408304011630798,0.7467281509318647,-5.426616134441122,0.3053566191600285,-0.8712714822480744,-2.629975477195805,-2.9303825618290396,-3.869042187448258,-8.357762283023611,1.500329008571828
MB-5057,13.314905495652962,15.54694122920286,-3.2997053015240643,3.9801148240370368,-2.3901620800853056,-12.304195280979474,-3.5453630675471737,3.4772687157636066,5.48673377583182,2.9289857699180435,1.1785387395989075,3.3951488875997495,-2.4365188369554427,-5.4253424284937575,1.2676625587855068,0.7960344557096161,1.9484831359816843,-2.4696423152613582,2.351969765619796,-0.8185910752592639
MB-4098,-17.73589951671804,-3.061901432608516,-31.12775552301504,-17.84318815813567,-0.3736257293194616,-4.893079757757023,0.23997961031756979,1.1685414249657278,-11.925773943506377,-5.995633508579584,-0.3211851203858247,1.9877997527871354,6.208595248220385,7.435231215665238,-0.2830319670795598,-2.560071675723961,-7.663405036839379,3.9340787856728117,2.134610336944498,0.6315569925230436
MB-4760,4.149339622913004,-5.802812866358806,5.420767325799133,-1.2580421099605121,6.014802878920158,-3.956640770184395,-4.886500451539788,-0.6056018191527964,4.289994699036431,2.2399459464941547,-2.2336686080785886,0.07336256537756912,-3.306447986868862,0.7197724019320247,-3.684744724261287,0.1386270624979551,1.5197316553697862,-0.7797592753034465,-1.5036216516257732,1.8194381317548851
MB-5102,5.527565944681192,13.40154575384309,-9.576752977468947,-2.5293450979271292,-1.4956940342282221,-11.266460676724689,-2.5327820189970383,1.9471509302768126,1.9696705728871646,-4.304233243699531,4.8387368697462065,6.47616727143657,4.269429144920278,0.4947574708214523,-1.4072406012348702,-4.466272128356533,4.269782602512061,-1.9860244439342987,3.0037364830214726,-5.475472723767902
MB-5420,-0.7337316992763714,12.247866894219408,2.6897619395045376,-0.17209316339011643,-1.1738584979039248,4.692705487950994,-2.9087790440042545,-5.062738484017263,-1.9682453234007922,-0.08949017318149845,5.157916954914792,-3.43716814109907,-1.976359230699335,-4.685840409804518,-0.6509041264339623,6.68051763623678,-2.7576253728020657,-1.0538195339446714,-2.4396442964923746,1.9555365933813555
MB-5458,-0.08394787008412252,11.70146586262951,1.6036361746791254,4.11485483612068,-2.3190909612063355,0.690996685449328,-8.994759182235308,-10.41375152974512,1.6881692553149907,-6.907345525256532,1.1962161323921285,2.743885844217976,-1.3706125624413756,4.117067789417071,1.7010222289807282,-6.163653316091127,2.3922442154792867,-1.9408305140045066,-9.856334409390238,2.7070260005697127
MB-5492,1.7615341210405577,-1.9491386996992615,4.015308879298424,-0.08271442129903533,9.85402283168394,3.239492572772013,-2.6977946846193177,-3.197098349402508,2.803434050584354,7.9613312092277395,5.449911669840755,2.4122289736614975,0.5840433467817409,-0.5123965068841635,-0.3643932065443605,0.747499173951842,-0.4874311288152321,-3.0781457627991013,2.0530553601798522,1.5752503911072269
MB-5407,-4.055428295378057,3.105427400515317,6.913967431509382,-4.804957202276228,-1.1752431051195937,-4.7804971909106735,1.9247781627836233,1.5902515343999324,0.8109982367662437,-0.9629690273295727,7.3710189809642435,0.9001307397850425,-9.23433638407499,-1.1383747731146692,3.7521054901046904,2.778273451723877,-0.00888704398552593,-3.9574100816406848,0.7407781133063147,3.004237535260861
MB-5394,-2.06245144412944,3.6470581778774087,-9.265746746262959,-7.5148944658080685,-9.048730940001422,5.547024448837431,-9.743932778494196,-8.632881993664535,9.258995012005197,-1.7062097993330212,-1.0053251792292888,1.0591899825545301,-3.506462286105321,-1.764246333872488,6.158258692038514,0.9775968308960806,1.568358510178565,-3.040031855756064,-0.7964114208517632,-1.309488380284609
MB-5410,-10.963075544340136,2.34902919302034,-3.3578713694388798,-15.670037736557944,6.793344114470665,-5.7900863149470805,2.7277389354422206,-5.596019785002487,1.116740218495923,2.4310916658779194,-1.3973867413070842,1.7015967652174744,5.516980509909756,0.6010576813172404,2.366905831530613,0.6388788381774991,-2.610022360795758,-0.19111983439814711,-0.309057323555024,-1.6690090074481363
MB-5435,-2.5102751537388226,-6.529325819597237,-0.08266187574705394,-3.975565113491656,-0.7780637206222109,-7.203791425566377,2.000397050808222,3.8154614888795506,-1.9894931720843156,-2.6434141300156724,4.040784910940499,-2.2875423829452775,1.6119283256499775,-1.658749790470682,-3.009765048248122,-1.1269646865422025,1.350333569650606,-1.972049199313892,-0.226918759832935,-1.9440635703316465
MB-5406,-3.2206776687458865,-5.977494089744077,-8.409043297871094,-9.159129200515327,-2.1761494135035795,-4.631884357944136,3.8426101603205955,-0.27535263687719175,4.280094507516581,0.1806630685615003,-0.12240243690910203,-3.068859157279414,0.6352490645404117,-2.737843450274249,-2.3442309744954812,0.026304856963871078,-1.8109290101973308,-1.3185640534798477,0.559427731279005,2.8383507586875436
MB-4329,-4.975105285579141,-5.1995530644297165,0.63090905141496,0.8339450308551969,3.812063385096279,2.9563294270568483,-0.10132346365084889,8.251697254458477,0.5906518979617925,-0.8145174705411079,2.6344486133597522,-0.47250375247773796,-4.832736813989359,-1.4583073729414362,-0.16984815659408592,1.261557199821698,-0.903486362038469,2.4119897832781456,-4.8030866615262084,-1.968264900321545
MB-4005,8.925063651158409,-3.9781975339462123,0.14797905310524198,2.794350331600031,8.338745205821207,7.807848549703062,-3.2752875363138623,0.8892342309443453,3.6067384770917337,1.362859623735189,-3.307408991386594,3.388566174702724,-0.17156738830970222,-3.965812570464212,-3.0497576105615924,1.283046483469527,0.37782650059586875,2.637860701768914,3.7945519258347216,-2.594035971790302
MB-6288,-3.971649484625443,-8.756146394564604,-2.8675137640630437,3.0234267926102545,-5.227107095390676,-8.274445575416856,-8.054269261441885,-1.2546939787223508,-3.8452825052334165,3.609826608780591,-2.9824675264910505,-6.087867938720906,-1.8294353879372105,-1.8139914041403666,2.751728861854226,-1.415080143184917,1.0738157873774878,-1.033994949393377,4.6716452890671185,-0.1606443535123905
MB-6272,22.98432015064756,15.15136726258631,-5.21980875307748,-1.5675486742160438,-1.712924078039943,-5.970454884103369,-2.138364714100232,7.1551977539934635,-2.3913300497109016,1.8812598230885855,2.8550084624868224,1.2327159138593178,-2.128077789226539,-5.748883405010262,2.214643317893248,-2.6738235879534535,-1.9844123150230437,3.3823439435895786,-0.7689651222459711,-3.1714859131358075
MB-6218,-2.413360115075665,-7.647248733857768,-5.807720068886268,1.0701686226479117,-2.2857237907587376,1.5627928911497688,-7.288359908443037,2.3362615141453245,2.82278381482983,2.2054602089504955,-0.8241694943301098,-0.21591449535435486,-6.455243780160342,0.2173533143351609,-0.5822590999356365,1.5773875252903367,4.2171024951697325,0.6066507417016864,-0.47930453712823007,2.117405048100528
MB-6246,-6.47335108012956,6.069466212981,2.0794277647628276,-10.88265944273351,-11.116112122672469,3.6490447547841462,-0.33067144606714366,1.8133497632392837,2.2672501098915467,-3.011398138780261,4.855893273841089,3.6079193496220445,-1.7491741408961123,2.720026898943492,-1.35915054931755,-0.7082053603872908,-1.7410066259157189,-1.6413349321940371,0.6503127386835598,-0.3124736607559911
MB-6217,-17.900918339477798,0.9829943256389281,0.01683907911308023,-4.435341228106194,-5.353572226766354,-2.587795696291321,-5.965477238637937,2.293582473100889,-0.012872735855481737,1.4836783943498189,-2.6025648630398925,-3.617452079821765,1.4968880587902942,6.416316796557647,3.2793130010786817,3.324855450905267,0.1211730042816196,-0.36327364409967144,3.1682697423256077,1.4105673263209217
MB-6308,-0.8171944455081863,-5.503422899066689,3.5801620584199387,-7.627633086688126,3.765309510638833,-3.6500928507420536,-1.391110142489649,2.9801225285591406,5.247355029433943,-2.856399657049619,-1.2988169726209498,0.751147171158746,-0.330721199901783,-2.1262534731974956,1.4579604988002433,2.3297913993738124,0.04966198997626642,1.1922698383757346,1.3871828885584874,0.5220573418560082
MB-6271,-11.52680050936752,-2.5248360756774693,-2.9721010010547753,-2.835778046275866,10.953783409857323,0.009547368808035549,-10.7498739161323,2.3321394177339996,0.6901418572943309,-3.5856027322302717,-1.6188006704418412,4.4195549897617195,6.940124446014775,2.1629000886399554,2.1780042082921827,-1.1136353784569797,-1.537383437645181,0.6290038004002545,6.995466406376671,1.2056162052704622
MB-6245,17.925183242878727,12.769999252922448,-16.14664267301259,-6.4147402894349606,3.35520694988008,-4.973774945452711,-3.5648063198577153,-0.06846405207152377,-2.395100440767053,2.9381518041868437,0.716583246893498,2.8040056069122263,-0.5640769857270923,-2.9274705169740396,5.222964714639086,-0.825980625085213,2.7139718871203424,0.15123166170818553,-1.1672577628013072,-0.2631518081556436
MB-6233,3.5243202564548164,-5.5339333075258095,8.047504573797637,0.9570711567088737,4.125179833986606,3.3957515867651478,-5.438776265913216,6.052906334236374,-0.2279530805036763,-1.0322722366582753,-3.6483018853824687,1.687050029332746,3.477977912503591,-3.927890562927301,1.2676208304497372,1.5145631924991672,-1.1799410887986126,0.4782133783512644,-1.5124106942381565,-2.173071182522443
MB-4343,0.2832797278866321,4.697730664001219,-1.7141041135871524,-15.880010177857734,5.403693203266753,5.073427542993174,2.6667588836907896,-1.2943037409918223,-4.624718610807617,-7.029546230438312,-6.258142300504331,-2.671681271721439,3.992373822254798,0.30098706181815393,-2.5753983157124862,2.7299403036177865,0.13312235363596653,-2.6499573922361592,-0.9839260041136545,-4.581401905296009
MB-4281,-7.251902745146076,5.664989829481032,2.1889523467872523,-12.118623110776584,-7.732501468352438,2.762237705676667,4.825346271049609,-0.5387188809434561,-2.5790410237694057,2.0055960251588347,-2.6791047102731635,1.611291384725448,1.1987720860882092,-0.3386269231417848,-3.318595365931276,-1.837282885480432,-4.679715309386134,-0.21648945255269955,-3.7153237342716534,-3.028633764644664
MB-4283,-0.10611411791268453,-4.120941706707875,3.163810381836427,-13.376371080583437,-4.080881230684383,-2.429697764772739,11.13294762098389,0.41370602454816574,-2.0661939593955854,-2.657805155431354,2.4047237689089753,2.2000053044639216,0.3685429386829944,2.298584005544652,0.3250958169802408,4.41378152664597,0.04225444134899836,0.1638511770726631,-1.4110448037739645,-7.581531657315735
MB-4341,-1.5963698723445765,15.536328402973549,8.22206662523748,-8.945311769838709,-7.86379263881257,7.271129548576736,-1.1386659219475805,-0.3939285078137224,0.4649066484585373,-6.553793832362637,4.541773434947626,-0.13059489200232174,5.021160965997783,-0.049170770300968586,-3.343277426141935,-4.526496163660387,0.3532141227917863,3.7016889284451593,-1.3182053993409866,-2.458883359574428
MB-4303,-2.019987434547134,13.817454585644777,-5.398839748175471,-16.683714591278775,0.531873205245624,4.169198054985578,7.138980762306734,2.568264354473846,-3.0098381985799314,-8.882205214228058,-0.8202328470356877,-4.251334825173271,1.4674343811339687,-1.6652294874727405,-1.0897271356681884,6.840203062084172,2.0093812440666237,1.2818721868642728,-0.21199303436515995,-3.4510506633119715
MB-4274,-10.937205323721663,-0.029100377209637342,-5.817424679590448,-5.398273120991289,-3.0518386935364425,-2.432268440637375,4.755859201652989,2.257886163512131,2.5613864327748423,-3.7252936911536194,-1.5646739435412258,-3.22876851822921,-1.9369286823873857,2.061829175572919,2.698257509612839,3.9128411950007234,-4.998265250413764,0.3977141354880219,-0.9906367935582857,-0.48203543820031425
MB-4292,-13.446540436028798,2.33934554833632,-5.2195635763086,-10.859328644504348,8.275132755806613,3.5546710918170703,-2.362097185090811,-1.7452774605505859,-10.080194624100992,-1.5846508156206278,-3.112438976604058,-1.1584680385055766,7.72505596766868,-0.08688403443211536,-0.6154775988165011,3.4587683196880934,-9.853741462983312,0.8572903951084822,-4.350495954010573,1.2723817105508122
MB-4278,-13.559414088527125,2.057087847283847,-19.33654501482046,-7.939997115661569,-1.0424823510725232,7.088130938840033,7.063038295751615,-2.084294970481394,5.398774346555072,-3.057278344089239,4.908960958775837,-2.900240900660793,1.2335165712450002,1.949539645725531,-0.5990847848572121,4.803076251384591,-3.0856378776128084,-0.7936541808147574,2.813271213044075,-2.3263468799633413
MB-5399,-6.176868376968197,-7.879974120391212,-1.4960701661753235,-0.20821261499852337,9.145485913592948,0.34260934861394027,-2.8453059331337704,1.0645112102007876,2.9422338469013476,1.8907184517749986,-0.877795213903054,-0.9358001320575707,0.33169943186944834,-5.4766522040087935,-0.16814538785756689,-2.4760923726273103,0.02862444934200372,1.8596261023281586,2.8064595856612597,1.164376000929401
MB-5364,5.860919478780846,-1.7441187825701776,1.0819938091756955,-1.9073804439129554,7.8082359135416874,5.0146436148728055,-2.866978457977272,-5.702479536639487,1.9860800798717688,5.634287870095749,-3.4779033671037283,0.2088747681547949,-0.3416239093706711,-0.5788820180186132,-0.8290389329194202,0.8279501089328697,-0.6765318454188494,3.6146735750278185,-3.441033707806751,-1.4839628994058005
MB-3526,-2.652043097530507,2.287692617832468,1.210733849909281,-4.606597199160633,-0.4482070012381436,5.511410721587559,-3.8112314956383058,-3.365479014811448,-1.0923525502414781,2.0083856400574764,-1.261029979488135,-2.1833080350467964,-6.982185377042214,0.9271075292121197,0.7742376591978966,4.6298271353175755,-2.167375610631381,-0.6664649321843191,-3.278863803821118,-1.1361292959122564
MB-6138,5.265739301952719,-11.347915622039976,10.399118927457586,1.106463312941514,-0.8446929365146013,5.771349949505353,4.865500552308653,2.2255804836658033,-5.303982477765956,4.837999857105066,-1.4628774983159742,7.2536089271484006,-0.08973396593265753,-3.1499714638171548,-1.3827802313362287,-0.8034863521769781,3.0303806160688582,-2.342819078293239,3.7414647973883928,1.8922197183551188
MB-6049,-0.3213140453122437,-3.3051865252455004,6.162999493784214,-1.1369759597886435,-9.694504515313708,-2.927737468904871,4.460126957290472,-3.5009813453292935,-0.10990412892541766,-2.3220195285401153,3.337929777303661,3.921162812441237,-0.18787013001836095,1.3312843280625093,0.08532601052313885,2.7677793887319835,-2.2426083198997135,5.312241639777483,-0.4103676104460912,2.695084877067842
MB-6055,15.740483070820375,17.33616325035756,-5.265854833232391,4.034125484055244,3.5089257916482146,2.576282493740253,2.524601772175572,5.5671966075371095,-1.9946460918902147,4.349999894145845,-4.079484031794553,-4.534440053653215,-3.1594723798193876,2.0603987493513607,-0.3932334601985158,1.8378834034264986,-1.6817888438019453,2.1929350913507752,4.24867711424243,2.7216859385011127
MB-6108,7.042569080841958,4.139842838879426,16.4366462191938,0.08252465943188718,-3.860166787162132,1.2750524085674086,2.074003501011088,-3.5855563197514058,-2.761722839889975,-2.7517703059877467,-2.736748275880702,0.44570852147276857,-6.082084636985221,-1.202491414743607,0.6518597055800701,0.16666094407060011,-1.2363732013439115,-2.0216049147398434,-0.7740776392166038,-0.22427565199260804
MB-6044,-13.916333524927685,12.154727226694309,-0.7320693155365218,-7.2521869327363095,-2.9118602630428327,6.920775961897039,1.60914648383379,-3.2665850268769168,-0.282160438339818,-1.6702087364494156,-3.0778812412609615,-3.62509106425833,-4.363229734551559,1.7854864958127534,2.052490349401608,2.210172635291261,0.09582862624195085,-0.5331663012164205,0.33297529489346744,4.230213295938559
MB-6181,-24.6370460847143,1.876321939873529,-2.5149967912924502,1.279798050050412,-0.5053215282686966,-3.951748658395783,8.982387013117384,1.165672150596207,0.794623562299781,1.5183311416153287,7.2022959118215155,7.772038900724845,-5.3144309505232386,3.7170032921115443,4.223404698446684,-0.12749563929386387,-0.46513435966487593,1.3594632814283312,0.18914406227965141,6.337402851663509
MB-6100,-7.753943261839357,15.930132132026868,11.273803009802581,-1.551624263390929,-9.334174364452254,7.092431981327655,0.5206980393340276,-4.000528189559793,-0.09588903252799669,-3.6945492190595846,3.2603458686202615,1.5757104143447807,-0.33659552767558626,3.353948611942149,4.436610501962853,-5.422676222167869,1.44634688638651,3.209082317490967,3.0441318356601723,-0.3756246827891921
MB-6085,5.858405704773663,8.034321770538444,3.187461814469556,0.26491282623824464,-5.164292081220659,5.79847858416129,-1.5479658871891022,-3.000444626874591,0.5944532592741499,-3.0628482535525023,1.1960437219047582,-1.8920437459847619,0.8262691983886594,-0.20910914754130006,-6.1010477130641725,1.394606516950168,4.131327997805444,2.9026570929277926,-1.9773651426926866,2.0938266071275518
MB-6113,-0.8060652399773656,10.67282597787868,17.120186642706088,2.351454093569729,-7.729966299712537,3.365836623808093,1.27016463069017,-2.1322436895753243,-3.4485187364825185,-2.4857283042516674,-0.10410830170449191,0.09317775670945096,-5.52661712959534,0.8694566634646325,2.205975180415009,-0.11228583572516798,0.027321041485156343,-4.4489468676801724,2.7246672382597446,-2.468763484761062
MB-6079,-7.873406121873281,-7.443777268263935,-6.127181201477461,6.129495847900608,-8.99922197036575,-5.463262557248185,-4.7545260755238825,-0.7597073437388968,-3.4196188977376814,7.759776180495083,-1.2357551732242285,-1.5754927947233344,-1.2060166683579705,0.45680938783949365,-0.32292649210679913,3.8498454202602232,-5.077190619009985,0.0716767273615077,1.0838004087641522,0.021602143873098677
MB-6103,1.2540822876652373,1.0453520559507201,4.044939136386798,3.360825194805336,3.503375431200506,2.291157305184314,-5.037446950685397,-2.880217800059816,0.19974153309997306,-1.6305099289546232,0.36701901687456673,-6.463780795196417,-0.018167768293128873,0.9883449004042505,-1.8169660826573937,1.8771323768741153,-0.3724463045944736,1.4497616473279957,-1.228185129402051,3.966474629651533
MB-6016,-7.97205810359158,-8.179920976531271,-11.023465317078433,-0.5991465138785543,1.494845240263819,-2.770574879066053,-1.036691386367082,-3.0089061069775704,-3.513895714838107,-8.807503835207447,0.7492923721972986,-3.6715681454586298,-3.6698505003979736,-4.240636958654923,-2.8452756691028736,-1.3954433281766891,-1.8126981148000314,0.1357217703679118,6.056544890763381,-4.64548417708914
MB-6149,-10.759284736311407,-6.006810991819668,-8.790024098852658,-12.785803828863267,0.8289767843239437,-8.984168788104428,-0.16680691793715718,-6.599340750394933,-8.330296903316448,5.898932543042562,2.074755963993201,-6.170271903694315,3.7697855534542057,-2.0294887510312334,3.402780430845594,-4.262222237871384,3.848000819844767,2.1185562911641274,2.085710504155181,2.48081990121514
MB-6131,-6.286144478714731,6.086587759518958,0.32980973732754393,-4.231603349904527,-7.445543528467817,2.039388720653989,-2.1630312188148153,-5.720828499822365,-0.4243115337708539,-3.718268991680457,-2.1771320862181147,7.752169597863072,3.673895036111926,1.2151395094032995,-3.262372102968517,-2.1906835362438444,3.1918070028828875,-2.3380708694281784,2.638838155682382,-3.4939682430903956
MB-6007,-9.71418964342325,1.0351621865358462,-0.34709098888568174,-6.7362077306835575,10.167793766592174,4.619075111725435,-0.07502132078210268,-2.59788342533055,-1.9566402293866634,-2.6612603306268383,-3.1435572541703367,5.988779716640796,-3.6157339599314544,4.269623055711077,1.6860295905966873,-3.2159319929232804,5.235733500592634,-7.550362876032495,-2.9219203259664006,1.7096127484720538
MB-6147,19.863461028716436,-7.991656087008617,11.307390423348014,-2.464933390582448,4.8540951246921145,-3.9765435961211186,-3.0736851802453526,-2.679599526232503,-3.04065274306115,2.0039025198965725,2.185244362186007,-1.930320918845884,0.7875929789084419,3.441761330115122,-0.11409999292476308,-0.10431834342301377,-2.603112757573665,2.197560184808479,0.03548752568342341,1.2174498380943526
MB-6114,-0.5108937077258456,7.808527492207902,5.746231686411934,-7.303512201249589,1.57152068080378,2.630387401873504,-4.8973116157703815,-4.795849151624852,0.5077545074195319,-2.5228870928939338,-1.041113920542033,0.6310941239812599,1.6000115607354488,-0.1479540679633794,-3.952774100381449,1.007312461119053,2.9795954921326238,1.233749696162283,-0.9557603756013361,-0.9446680313714786
MB-6167,-15.322497700372404,-6.117309882930879,0.6785542464271693,8.753630599489286,5.995335002976489,7.317426097158954,-0.5338869743776083,2.6548647101295284,-7.229331990544239,6.994422381906318,2.5504455863648254,6.065057870142239,-0.4575000573039427,-0.6573336146848833,4.059606702291429,0.439894911496832,-0.4993330387235947,-2.0595829386179005,3.441620362504435,-4.873773575563471
MB-6146,1.6398880178729902,-4.520418548920558,0.2520894020067575,0.39268139432922683,-4.863074109535645,-1.7093213679839507,3.090293643546555,1.3117272452791329,3.4547196197575474,-1.0976087632128237,1.3602845311070952,-1.1588234673110096,0.0341882518104087,-0.06396991140188273,-2.2315036185846977,-1.3132848916697473,-0.7160945622192619,-0.5982579914108556,-1.243520969703173,-0.1257206339477964
MB-6092,-0.798027478810711,-4.5001645966830335,2.727403887989506,0.4401919673443573,-0.8121819604369926,1.757719617583867,-0.1620025838386039,2.3444248288413094,-3.6931903090162703,2.7586026014865386,-0.2630040832208551,1.0121903783482449,-1.6110928769706718,-1.5306650759520006,5.1608732629678435,4.069174245533524,-3.9209792986964356,1.8799115303650893,2.7267391097397953,-0.6669999094142104
MB-6160,8.158884037782553,-0.48595746779107574,-3.2179925409820678,-5.54325184398519,-8.36461062923024,1.1843142892434122,-0.2470992087533466,-7.098841128673461,6.886370719269159,-2.4542393894674617,1.6256785729897976,4.609536574426905,0.22866359818841006,-0.9988227830294648,-5.05909902914189,-0.6989609219990742,-1.1376661569795723,2.75582224952483,-1.7351482416766333,-1.1771059603051575
MB-6075,-10.863065587392386,-7.586918918228021,-7.9199029674451875,-2.4311436132790187,-4.547441280743295,-4.391382629133316,0.8628262970572915,-0.8356029121607744,-5.5460889042574815,9.161524468125606,1.9479196748582632,-1.4684557856082348,-2.6118236225896148,-2.095459662528558,-0.9864795906434703,-3.4881307526795897,-2.9099956668259552,3.0553420115263847,-2.9689820039855075,-1.7284393772548396
MB-6011,-18.491655776246134,-8.000801619945413,-10.26761995088759,2.491712212973139,-2.580167253797176,-8.193243095986691,1.9542522972668859,-2.3335122290003985,-4.448857933969755,4.208814357525168,4.536909271742858,-4.574136193349813,-1.0385152319657789,3.5306522790071333,0.3641491280314602,-1.1005179372831715,1.463368481643478,3.377528503341503,0.4905249242334516,1.9312288389963523
MB-6071,-0.0457554737263764,-5.773130079368406,3.7954205880797236,1.0995200750113137,0.486187996325373,1.0831408414135613,1.0905772306167796,-4.992577999212817,3.6604469949791287,-0.5737279165184892,-4.465382289583368,-1.8667268457459965,-2.37738123541339,-0.3268902846157875,0.1707834064782309,1.9147712247121667,-4.377609690715014,-1.576151338114096,-0.6985977646867333,-1.0072907369386095
MB-6214,-1.980410539641352,-6.182539738090877,4.931976058223685,-2.787740214798604,9.695855070624013,-4.694949831991714,-3.725011664201125,0.6094687966614353,3.7546538751512437,2.0395997026081143,-0.4008381699058209,0.4125661262518534,-3.2806676789707088,-0.12642576316114545,-0.9866104787929239,-3.3795022192092996,2.4505786252680366,3.6202829952758773,-0.3524162852639636,-0.5115356780665528
MB-6334,-3.8490429239730464,4.9871896462614425,4.843197479113573,-8.74187147020559,-10.061488850949328,-4.6312793324004,-0.5603558419698832,-2.5429132383179973,0.5945426729573579,1.091056529478774,-1.3566598564592418,0.37362370560571573,1.8699005830363153,0.26466058264783127,1.30349475345151,-3.370343738599419,-7.418931031244149,3.8367265145487606,0.9450184133325887,-1.8745770274129485
MB-6346,-15.260018881826287,2.070470416918073,0.16368675227881826,-6.101268984628309,5.964908188283074,6.751117278863167,2.6765973514051735,1.6011875718300146,-6.945249392858895,2.2003569915093304,-3.666892439617204,2.2273677736685316,-1.7087695537989294,-3.855849698494315,-1.088298370681438,-2.1285893908150655,4.322898112207022,-0.6440297511481454,1.314180100801004,-2.308097809415868
MB-6319,7.248488746229503,-6.668064031779245,9.947611872968585,-1.554100219416915,9.5257955248569,1.942796827847549,-1.6063690910718897,-0.6133062150760635,-2.417863668841213,2.669178444805047,-1.8010779276727706,7.579410649531263,-0.4144463639024443,0.7962210316892985,0.2739144839060416,0.17749472877448927,3.212005914877597,0.8019377408980586,3.5218723733256168,-2.797283892228849
MB-6200,6.668163010959776,-4.801367759420616,8.090174829752613,-2.8162651258874436,-2.9557970520864707,-3.7141447543953774,-1.030865305083155,-0.21044554449564654,-2.4550446431932467,5.445520577198084,-0.5397856939771446,3.0981057611935765,0.7786229912412755,-3.1403553029755926,1.3135825256496818,-1.737964507227686,-1.223088056298448,-0.5032413013714884,-2.8112940453020983,2.25101055263407
MB-6336,8.305967352913324,28.51156691127959,-0.3102761727804316,-1.065340233516144,5.057426491283394,-4.1172653566127915,1.9531381042152576,5.836157821456853,-3.498350195708725,1.4900361226600278,-0.5851641708112939,-3.238599046943599,-3.285409560964266,-1.531151061876882,-2.265653573157956,-1.110218108852775,-0.7784930503702482,-3.165871886877322,6.258313740876158,0.9819593972117603
MB-6211,-4.551745000015208,-4.410747266368666,-0.3765549539904424,-2.7825836951326766,0.13748058612600308,-3.277981449616733,7.175093887024473,0.5360951077998749,3.280849032642629,1.3761968155734399,5.604760874468005,2.7999022667605016,-2.126227796594205,-1.0387210726210918,4.549634226914405,1.3394121628845501,3.828374871085768,2.7377726893494607,-1.8140969701882583,-4.028610999493316
MB-6232,-2.534569532101116,-4.431904112037832,8.364096821972032,3.096598152378466,4.284781068632891,1.7730108512562393,-3.421441328551095,2.207171784616312,2.057916068031428,-2.4047316402180514,-3.793697190796714,0.4209584542888494,1.3376861624317042,-4.033219871769245,3.8862886829767382,-0.26118968269959464,-1.223565643812003,1.5896318601688206,0.4134475903435963,4.947263892625724
MB-6234,4.304812305541161,-1.9488580675175375,4.623237725683957,-0.3569820033650076,6.320646496838794,-1.0352438425411679,-1.044489184605229,-1.669440168135241,0.9793418693694805,-2.8016730857224386,5.569671816570227,-4.791480781562969,-5.638983321732546,1.0205289941242948,1.1478864399753612,-2.3445254300683627,0.6718127831730849,0.8206836738305747,-1.6662924844563585,0.7644272680527934
MB-6300,2.9786076040004787,-8.29598532725992,-6.3383403802151665,7.234711872843465,-2.181543698401759,-3.564710788451629,-8.195204701998101,1.881986309315564,-0.2947458796453481,-10.853481450204818,-3.061199479886078,-3.067088495930314,2.1353624274832397,-5.312734501770663,-0.7237391333236427,-0.69645103707134,-4.515267536149067,0.09185654116932684,2.139759148564752,-1.0806400125545128
MB-5533,1.6106768113449603,0.9090121889074528,9.220060024412748,-4.038974146516397,0.49539472083844394,5.2919613976083015,-3.1559564665158715,0.8207694781196713,-4.092749767369526,4.094844413550279,0.6931143636678376,-4.690232333501781,-3.5354289696345513,-3.1376790293050925,-2.6897064624017117,-1.7571832950281858,0.022028225749988778,2.8123457825795177,-3.8382895251495706,1.4635213780582015
MB-5543,8.543846229293097,-0.9817757060635429,8.628293529774885,-0.17647171820119623,1.1197345451423095,-6.1913228724895175,-4.132487000752238,0.1622240936113661,3.8144841394565203,-6.396744233131247,-1.8563663012701457,0.17630705196605417,0.38006606093351347,-2.332382174801629,1.1568636037946054,0.8487771865908165,-0.2501622059068777,-1.4743447914821959,0.046806110499880635,0.8890333087160209
MB-4236,-9.753224205891149,-1.318611972690371,-16.844083741189422,-14.434032867350894,1.8049126080435838,4.193891256733134,2.3398247151506326,-1.0397053760150243,0.9647791826368014,3.8037666172313505,4.775740040230029,-0.8149915798724475,0.7616022433487316,-2.250130089697819,-1.1897069172846275,5.9934561148438386,2.170931923556451,0.8517380810001753,0.8249375489882743,0.008256714471104704
MB-4234,-6.964467418062586,-6.572184737437249,-6.748020361261004,-15.229490711171787,1.8523575173698068,-2.3523644021970003,4.725419637471545,3.7621476156618994,-3.535125213886757,-4.380114349251049,-0.01765131275346163,-1.4936826292183218,0.5148530397802954,0.8275085506991705,2.94745708021951,1.6933980857024113,0.3099292736917665,-0.3047080081894022,0.0433823446486485,-0.18805824339866048
MB-4270,-9.524374544088092,4.064141201592464,-3.9049546994899393,-6.261072002232988,-6.892386391730729,6.190372225554373,1.424686097024774,0.17175385312734795,4.717340812293774,0.037595335033447294,2.558348595154768,0.673055546774538,1.194270894828219,-0.7362713429522225,1.6419411293943487,2.7616798117877357,-0.9310280542069114,4.160028840489525,-1.284245878129607,-3.6729999795354114
MB-4235,11.938695473536365,12.045907552838882,-0.10581167491886041,-7.273784101256971,4.340820285401447,-5.375189076471594,0.9038309747521014,2.9092855508774793,-0.2001270879764758,-0.6759200048688866,-0.5332649848111028,-3.1187671257172895,3.068686513772462,-2.1936085055093346,-0.425641042360397,-0.4661930494598668,-2.2967723006307623,-0.6392093956312284,-0.6198588021522781,-0.7511385383395746
MB-4250,-5.749444376106768,1.8794412554661732,8.93658509176827,-3.415743654484364,2.9724418840343216,3.537939467579448,4.502609004823635,4.229159501069383,-1.4656482757308054,-5.397337592445519,-5.668208058127428,1.0447980684239244,4.285581547383541,-0.9797577224869874,0.40987266450687504,2.041646659081474,2.6115460562672532,-2.2250245537413225,0.9937234321822993,0.1778287268576502
MB-5467,-6.330392989868804,3.7410309582085657,-1.8208832917559983,-3.684714121430977,3.1349182361665706,-2.411781222190679,-1.7450764849931153,0.36929564128386844,-6.4040376081289905,1.4609775494994561,2.917529834329104,-2.228475578536832,-1.6078124876128488,-0.8765242642997033,0.01870287724236953,0.6028326172233466,0.5046036053239442,0.8795839626041656,-3.2917081160111854,1.8725156720388312
MB-4323,-16.34684002284861,-2.6741242545741293,-0.3330457354186928,-4.735544761345126,1.4862577057514552,-1.200902407215471,8.987806786180089,-6.628588004924856,-0.573597009951425,3.4082529765519434,-3.7837457558872374,-0.8165481248660071,-1.9032016064566177,0.05829289437478928,3.5685194412812793,1.7441125553553771,-2.507081464348561,-0.6866832398971184,-2.405597178957945,-3.6783092102980017
MB-4318,-13.172827768950999,2.244573857896272,-6.676686966831837,-3.2878037064793886,-5.793616318975624,-3.34689981971129,3.322125980769317,-0.974738656388916,-0.8731941553394914,-1.5058402639895674,-4.898663108508591,-9.555739446958524,-0.5717897440301482,1.468389458767989,-0.2859631808430512,-0.2557176952876711,2.431926357704706,0.1068735239291883,0.2639055322588928,-0.6803894119253373
MB-4333,-10.25591496870306,4.249393833649929,0.04459224715222013,1.1996790268669477,9.392670012624844,-0.7560036324067484,-5.5437087001823375,-8.44080371453515,-4.497371706453285,-2.9573211184320267,-0.24710609019540045,-5.53829641816835,-1.4166056320388263,3.3887567879605562,-2.259879022473549,4.470482521946708,0.1052811632702748,0.8364981778656552,-2.7424622538603263,0.9036227745950322
MB-4339,-13.881218891098674,-0.6772313103641364,-12.123085913951302,-8.369897198530717,3.6530293074855993,-2.733383434683899,2.854602268503323,-4.364917870269543,-4.322591624463754,-4.688815461072192,-1.4413901886130653,0.7057420454969614,-0.7906495442795749,-4.396999127291953,-0.7902841130961432,0.343430511043234,-3.362842745745801,5.525430434508591,-0.6872484941630732,-2.4826916171132445
MB-4322,-4.143205993931655,-4.850824085091621,-0.6740639123946045,-8.417700517722816,-1.7890284445942792,-1.9025542065731,5.990008834909543,-2.5175747161369975,-4.681135595223253,-0.18795057336084586,-3.8426233648824204,-3.594692661498321,-2.977855344725493,-1.8969137019921734,-0.06377260776631478,0.736247628804923,0.9639084402583313,3.3442680525519073,-2.7169602976042606,-1.7537742480384209
MB-4351,-3.88878889296751,7.707052108554086,-13.360574271875844,-13.549440379331482,1.8707560306666935,-3.488387132892772,9.386181365069255,-9.26603282783312,2.863854754688797,-4.845566416098062,-1.64472303333986,0.19582639141974803,3.167369200583051,1.2319624058061074,0.1470805105778249,4.080965120375999,3.922906976222654,3.4007485322639672,1.2233017650580342,0.17870092690334743
MB-5063,-7.2123763928252185,16.69385213117329,15.734059447733001,6.121633417321051,-6.909839798910914,8.91798247197499,3.2238181576559946,-2.0403621658902265,-8.442790175028069,-6.425000558851407,4.49294278774854,2.0831681984640094,-0.6170617790870425,-0.5496705958810053,0.9441754081152629,-2.4703450319171796,2.5914142857390723,3.9361701768902604,3.8479325491150704,3.5540754653272733
MB-4360,4.702210656900583,17.063588238794534,-12.492372021118141,-20.069294893925147,-0.08244482807603856,7.853155614450085,7.0645925453974785,-7.545668934301382,-2.7019493646505475,-0.6208952432610207,2.2306215435025556,-0.3268545549623488,5.862207297633388,1.3898028153473665,-0.24802843444807054,1.9854984650280063,-4.901876493825723,6.533561147938379,0.14671194819975486,-3.651666009047525
MB-4375,-5.230566806517626,4.978848286066584,2.8036064663112845,-13.812026376414423,7.127162410534137,-1.366143731628523,10.968398396164769,-5.5594309415475935,-8.2722052440015,-1.9272092570171913,-5.478860352640387,-0.9370565203038901,-8.042479476299702,2.7551293671501447,-0.28815730970642406,1.534973134528486,0.6555589639021032,0.19376231601611243,-0.023368385096882844,0.004467230121736797
MB-4798,0.8433808997947321,-0.1655716852091943,-1.2139371244717179,-13.62918101486281,7.829523539571296,-4.216292966372892,-2.5717148378222654,-6.749193296978565,-1.9998674030489283,2.023204588895812,0.3521497178566969,1.3500811989768617,-1.5840811412162237,2.1102540168180655,5.499204465186982,1.4942036732831563,-2.960628476174086,-0.39220810100432507,-1.3950420670746213,3.0805783401486884
MB-4746,-1.168124083878763,-5.063851047424191,-1.3174841371185855,-2.3338331805097234,1.604753671520407,-1.6780019798184236,-4.296056131772764,-2.728288752745651,2.547141735091756,1.9492815045656968,6.0269308855456005,1.4210278669139518,-3.341945791665708,-5.04034843930189,-1.4687474304024595,-0.27961350395896784,-0.3641572225968539,-4.117157623008396,5.7013738653969845,1.559422247653659
MB-4838,-20.413061653139614,-0.36164144583804403,-14.604417125679133,2.388590652212901,-6.6829317530578205,-3.954430332340704,-7.124399389151633,-1.8070403612699237,-8.061810490947789,6.84810140284595,2.3765720921364624,4.768633903681981,-3.2167805419377373,-1.4563879159716362,-0.10747337673274583,5.066924686077731,-3.00574467333353,4.031399663890693,0.3965314196329945,2.044470497771702
MB-4829,-6.792203184104814,-3.657826770275445,2.532936042640329,0.4687642721591863,5.54374814650728,2.51376403596458,-6.756565694335068,-1.7602223155081018,-1.5720242062440806,4.317968740205594,2.0047245883277585,0.32632512857884394,1.9386031732271751,-9.329155521675993,-3.0394147763611015,-2.178509088914144,1.3790533701864813,-3.9990490910452925,3.0873438911941657,5.620219176655664
MB-4802,-18.940270475455183,4.36719420859661,-4.5316081753843775,0.010645594322574947,2.479357018298813,2.6641325856714775,-1.419119767450935,-3.4526695363281723,3.6410319350428817,-1.3202200650853064,-0.4210150901918193,-0.5635760575875016,3.5443617416396958,-1.4744441647320428,-1.8592980332646183,3.442168335662894,2.1080701698834483,-3.4718755467964018,2.6286200589827193,3.604651177051932
MB-5426,3.1840878117571845,13.377064472432062,0.6628741111816293,6.152042724819263,0.6868227646733238,6.896606651241098,-6.862658098504023,-5.904836644935171,0.7031775920892733,1.3034364071845832,5.884013511054929,5.83048899750627,-2.5504545585089096,-2.1391114510824827,-2.597538096384225,3.072879369451037,3.5811123359457766,5.060936710963578,0.9966850997286563,1.0688590700150158
MB-5444,-0.6627789612105033,-5.605570269453188,-0.650294402882663,-0.8058495712882912,3.015780239312143,2.0206857988479006,2.6434876315022553,2.9196574150586985,3.3126425430215645,-3.5337198875852507,1.5518202499274143,-0.5698299923264871,-7.263032787750491,-4.836124139589375,-1.2413567743729903,-2.1094112732697017,2.431681100941909,-1.3071708122463452,0.41486442450096817,-2.9476011487410894
MB-5431,21.117702279147366,9.250210730233444,5.770118497423657,2.007078707646847,5.4909057826642975,-2.155925589879685,-3.846893364891776,-0.3511510000924345,-4.599105254311245,3.656880511071292,2.4453034791701778,-0.5981523085601199,-2.5697240791667566,-5.4007586100504446,-1.7384228390688767,0.7250160093791737,-4.979500116821307,-3.643771001638586,-1.5409542975051407,-2.6200466432213383
MB-5447,7.218282458374803,-11.717927198245532,0.9428581945817794,-2.7333812616203486,-8.77609209765751,-1.0227348196553938,-0.9558378960608634,0.19523739022465508,-8.210864457886704,-2.594359315191496,-3.388049348656454,-2.654186113416419,-4.383912389475687,-4.500317075988309,-3.3577462002916905,3.825749482107257,-1.6812866540193805,-3.6722705049915887,0.22631576962392902,-0.3914401131384498
MB-5434,-10.380434780867093,-2.7833762154551516,-4.671535277779447,-3.590588372866741,5.025206116279074,-5.186181872067544,-1.5577789479010233,-5.492839774015614,2.3206025708982496,-1.3220281590045526,-3.965400701844735,0.38365303776086357,-0.8683768414629578,-3.8378787052278795,-2.605486551809997,0.3622997955121287,-1.3855964653951456,4.193935620282879,-3.216445810924714,6.94879148979871
MB-5255,38.742487072007386,-11.63894583454859,-15.894636410999206,-6.868454478615881,5.23835865886384,9.950391991884347,-5.357309102071519,0.9566864834132784,-3.189506174499641,0.21412448784567314,1.731590648069036,2.9358545018865647,-0.4867583314801766,2.7697099939656322,1.7245656574529449,2.1970316772945964,1.0431349918070651,0.7901009203120721,-1.7530322452825198,-1.9206682447357046
MB-5231,-8.6547387205368,11.160062487858186,7.775088143824098,-5.118636951168181,-5.592139668803655,6.461870955527464,-3.5948250414412857,-1.0522060567581852,0.9021928313176809,-4.8440366900611425,3.002656134577439,4.825998300328928,-2.146326986218565,-2.531476871463799,-1.383177379065991,0.027000465118477507,0.7689756243282462,-2.3738988295342454,1.1281831391143367,-2.7789083868665307
MB-5339,-0.7367504565401787,1.3466495291398288,4.63767901073444,-3.126658758251033,1.3381951822042817,-1.1809635007863604,-0.39490395634628256,3.1243402655866523,-1.534605203477197,-3.46433048129896,-2.0693334502831546,0.7337498780784996,0.15450724814807068,1.2984616666851525,-1.2249284044637547,2.224578282003478,0.4186364351238542,-5.159099958802317,-2.7010904837731737,-1.5783511009939337
MB-5208,4.293328564417994,14.769452427097013,-1.3161147720553434,4.044887269784716,3.662836138119665,-1.802427253119908,-3.7812787821044833,6.668293696835908,-2.6344023579052003,4.003918601223986,2.1635873899128426,1.767728421996455,3.8837795607296073,1.2886672363583611,-2.9337631728375078,-5.102531591324691,-2.8251168179799615,-1.958477146633061,-0.13959161657320832,0.8433628748746593
MB-5428,3.570766279680049,-3.7583091835217712,4.970357697623926,-4.607046839157825,0.6188901048608093,-8.30615474342122,-2.4825642346239536,-2.450381786439954,1.297555813555668,-0.6377356759883361,3.371940600406153,-0.1913981529152547,-0.40312658404287877,1.4323354014263425,-2.790075509651555,2.3149631898307805,1.2001579818754644,-2.921183288877929,0.7866228840563025,-0.7678247559552867
MB-5440,12.680997677778187,11.846479030804625,-10.499139070644247,-3.2298793010354374,0.25903163293013637,-3.247196627407093,2.1103707011433657,2.8866014012628516,9.254929134968446,-1.308546060356451,-3.5602433534402347,3.9258297712882917,-7.195245668553315,-0.3399781910543619,3.4879150840475663,2.96064613041005,2.2614454181218537,-3.3613155814393445,-1.194037350700078,-2.9681109231283007
MB-5425,0.22786414839689892,-5.651497858471906,8.29539995835689,-2.9799262537282627,5.730669734861844,-1.239013940139971,-2.8227971415963933,3.7157220664964417,1.8090544816489749,1.2786729884966088,-0.8039308316767567,0.9011968256304187,1.6481295704925478,-0.4345145442718374,-2.795265742437184,-1.6038993377274189,2.306002078140522,-1.796541234176108,2.622963952337695,0.19692482676774803
MB-5298,8.837595582384408,18.795847730291904,-11.90676682399499,-3.407371416915566,0.042119709871230954,-5.323602344628818,-0.12160401315225063,5.320261070091725,1.5722682803926311,3.087698507378236,-1.068035734390085,0.6682465982198535,-1.6334074818769895,-5.497836726289898,0.22552772583847153,0.6732011650184905,-3.089449910195038,-3.720546923192537,2.746330310128608,0.9580910115927767
MB-5334,-1.337116483463901,-3.0010488610072232,2.9979032083993986,-9.78348976536459,-1.4176725512747024,-6.806932105075616,-1.1259929259235122,0.7868693297737426,4.404186869874854,0.26075680922545014,0.06218011742974942,1.5803383551407184,2.9106440970783147,-1.0508373433052485,-1.2197346472881567,0.4061200941504687,-1.6103423795296818,0.7398441809453565,-1.998139572793306,-2.2781155859007605
MB-5326,8.7292018406525,-4.500526309166023,0.6117594703548696,-12.500441842151549,5.473886305607278,2.922355786647975,-6.2291125242953465,0.8276399228646131,1.4507319187301104,0.5963400606627675,1.110524384864315,1.802574727556681,0.21408998301910437,2.3187240461426786,1.591702597635118,5.494353582407921,3.1564957140641634,7.584414838241146,6.0681825177726365,4.8733021569681245
MB-4059,5.982334459411893,-4.775529208548222,0.16435376112782735,-2.8950942271282405,3.5928616399650743,1.1715901164093985,-2.5189720116728562,-0.14981123148349243,3.5000215493787468,-1.2015251482348608,1.1969920094902924,-2.7053551949631203,-3.5742350693183256,-0.6844358850902514,-1.045820311441049,2.317822836799257,-2.499588735009533,-1.8121270713876758,-1.5363572905609237,-2.556179358875296
MB-6230,1.591870113806622,-6.346327005678503,11.076988190821222,0.1804635999291349,3.1648085810740905,-0.5344849646497694,0.12099854305112916,1.0465687445849807,-0.8680262314999045,3.705897609624303,-5.1787974559465555,3.6959320110062843,2.6047761898050017,-1.7539525981116493,4.267771688687678,-1.0172768853363852,-0.2360210171390069,2.8892812609721195,3.0051471018729385,3.092702155232445
MB-6150,2.4435042379978666,-6.869525946732995,4.0284795990343785,3.2679652019970726,-5.185891353204304,1.7434522945517377,0.887523471861867,-1.0815618375622444,-0.5390077708633757,0.04673701331586674,-8.992982590307706,-2.0245801698110886,0.8667995641447427,4.054036560425345,6.661414784408757,2.5925877907987496,2.23444726537454,-3.101652952891258,-0.9611109003570557,3.0050649667193903
MB-6014,15.257547099040561,-2.7329881319775264,6.244018931512804,0.0782586349746061,5.823157442402122,-2.5449922995906187,-1.609881250327306,-4.008893950931866,0.15755515746133922,1.9263178537890857,1.0984646947589711,-2.0068218562213,-1.8734395878135137,4.725373988820078,2.180399089613504,-0.51974328114002,-0.6855221592877134,3.030970774037395,1.0792847305905366,1.517018018921441
MB-6145,-15.12809499131094,-4.1365438154186025,-6.7507693013908225,-7.763316742211405,-1.9600456279350555,3.8554298425965166,-9.708348414819852,-2.00568558088043,-3.537859216936268,5.576051507958537,0.11133706616422381,0.4659089244981924,2.174778879577551,-0.5657794031435625,4.064806036666951,-0.30441788640762407,1.2924509073344732,-2.764852977241871,-2.351054495751496,-2.2856538163575673
MB-6012,-16.652714986677758,-1.0300835045017824,-8.86059499205749,-12.7191859280076,9.472739374692,3.9886660364609736,-1.2214997387008653,-6.047205591040834,-6.742754147718228,2.049188350035717,-5.028018514382086,3.7773161012988448,1.683720208806155,-2.6988883478192007,4.354595574298748,-0.5484541989009076,2.226259587985873,2.181007999158544,-0.9887543155084535,1.303928286942534
MB-6024,5.13410913020018,-5.2271547300784365,2.5429328430584492,-2.8511902214978218,7.656318568739704,-4.684803874253474,-1.0284491516454335,-5.611361470708013,3.2343588831919017,1.9986160938483384,-1.8516012259850023,-0.6944521580888526,1.2463469494521842,-2.29413471775139,3.9545685918562343,-0.8528228442600706,-1.3031155235286211,4.891989895627031,-0.8509220379889825,-2.491258834488882
MB-6124,-10.474103545680462,-6.304424868817281,-9.240417302342596,1.9398387940873627,-4.248982772102123,-2.9504212605558315,-0.1832617732092306,4.33915168902862,-2.2972647931405916,-5.38452443926604,-3.746218934553557,0.659873116077111,5.10211454541362,4.150528875576623,2.237921179611911,-5.369129183492372,-6.931286931791944,-2.999101209634698,1.745942239576726,-4.965870961603106
MB-6171,-1.658539530603363,-2.2526426562183004,2.679231525059845,1.1720267903732715,6.119197947776258,-3.170956303640427,-1.9903673753556337,-3.891752923051763,-0.2341160013414149,-2.7224810962514465,-3.7977958160911127,1.569818399521901,-2.007357064725709,-2.590099350908255,-2.3683126277631925,-1.9075258569511093,-0.283422387125269,1.8834080347279816,-3.192050217019298,1.4148644484239736
MB-6060,6.825940814517478,-4.201375540954992,-2.628959957982143,4.0966914957884635,-7.531081205963358,-1.9196292399869386,2.1084833515122243,-1.0963174739716788,2.5067505074970216,-2.157866567559767,-4.981537313585867,-1.8295794562087944,-2.016773760946365,3.9428851643608636,2.959903661769584,-4.5566131445607665,-1.0304022205557608,-4.131032783596752,-8.585645871977373,5.826806457251895
MB-6008,-13.82981608313061,-3.30008899797107,-6.646119492963216,-5.617693118211949,4.3515587117846275,-1.813700694273721,4.357780762236913,-0.49149917169425983,-0.4342528960123161,2.7657715452073917,7.351462324891586,-0.8914306487895077,2.970969497664851,-3.144982480537227,-1.5495838410892004,-2.591886280198138,2.9915246930851715,-3.8934961759883393,0.5051094912012765,-1.8175015846651608
MB-6036,18.3733931842918,7.819589947359998,-3.556233219337791,-2.8705086207356922,-5.890835264010333,-6.461180738812945,-0.3016242511523407,-5.9750250476411475,2.7628008469925147,0.0009753305951434445,-0.7475685905664422,1.8655396046731343,0.47811576154918295,-1.25730992531518,-0.12272954506386075,-5.2903545679402875,-2.525953999447001,-0.8424248457068981,1.8375994686559471,-6.7092532061473245
MB-6144,25.570229503726342,3.9262246469563564,-14.884627143966284,-3.625868530627945,-0.728994714265059,6.840961680246051,4.220644253296898,0.25322784369775436,2.951924345839962,5.835279995550366,-0.06034174343413821,-0.49483895510609777,1.965260775155307,-1.7186545624760234,-0.9970808727653935,1.2515832348509346,-1.4822045589244708,2.10673024971366,0.4085925665396427,-2.802206432524593
MB-5346,-1.7340587377464634,16.981082383200416,-13.987986129163348,7.677690518005254,-5.266403507533371,-4.742048726798549,-3.703212958897545,3.3618019494933997,-1.564094481804615,1.5821334390800808,-5.674203852157859,1.5970027295060099,0.4580520826477083,4.29381469528242,-4.171059155140445,8.914481793231639,4.051204849111197,-1.9756660739158118,-2.13782885338975,1.138352808745805
MB-5373,0.9399242748389276,-10.844769591113435,-5.33137466600282,-1.5902881721893998,2.982697901786683,5.089793493649922,3.7246629911761944,4.108745867727414,3.6741811077364175,-1.549384771480858,-2.5527430388308456,-3.484932639626155,-2.276573618686317,-4.6647581213472336,-1.8152515463890155,-0.2736873513852169,-0.24109000251524365,-4.6394203307165425,1.5851313738397945,-4.451543311476897
MB-6178,14.901006554060057,18.552278104138658,0.5548027514401397,2.92672956918443,-0.7238787949493092,-4.187614216513208,1.250375138652478,3.665845987622399,-2.3453655987580664,4.98177766767864,-0.43446238244727,2.8107452848944643,-0.09001146027998254,-1.916096119842809,-1.1017786835546148,-3.039251925805538,-1.0350378820220427,0.5242563202942395,3.249292879452733,-0.37481181021235815
MB-6063,-1.3078102641223686,15.20176989603136,3.7631052382377765,-16.306654314245158,3.610878072684758,1.5551064114727917,-2.239580602429968,-5.272211303679683,-6.722099127771714,-1.8644923124305681,1.9647279549103023,3.0276036059781606,8.751495881511302,0.3338710772783151,-7.679683839306172,1.4590685160261787,1.4058406786283806,4.91314477343766,0.7609068778768849,1.880277637978531
MB-6020,2.0888837316127056,-1.4769361594369919,2.266776426094619,-4.523162304777318,-10.89452981529417,3.999093895069298,-8.199328403549947,-0.16614004740698968,-2.745606944645188,5.866889233408205,-2.1046474937909485,-3.623888723706026,1.1395506374713888,0.3950843880840585,2.128028080529038,0.7249434362232847,-3.0589127216533933,6.871484163996825,0.378058673725931,2.2714478774435873
MB-6062,8.482583910290558,8.858411716249048,-13.98943295182553,0.727636748867355,-5.3010072971198126,3.312002983237813,3.7891508315750366,5.885898713472821,13.013601113038675,-3.5433199483432176,-3.6284722628118034,-0.37103713217853246,-5.918121194543982,4.271711103946613,-0.3333437144464505,5.404787860212486,6.427882126671721,-3.1365661489571974,2.1154809901015517,3.040273740031137
MB-6069,-5.23162126314169,-6.408084823125153,8.879633951083372,2.5324223165587796,-1.9888365459030417,-2.48813056018951,3.854453790037863,3.4647058830781132,2.862419209073544,0.9304545664977358,4.025909193017935,-1.6088314582039829,-1.252240883877936,2.2766227989135097,0.9582233566683186,-1.8011992914297792,2.822955746350014,3.17355802271934,-1.3698807195151674,-2.666531280199619
MB-6141,-14.084728208436537,-4.969914165367791,-0.8888722409210924,1.318734761415597,4.001088827992059,-2.674141576157075,-5.253135102337054,1.2556645878967323,-2.09833078728313,7.3767089489380115,1.5902022511619016,1.262959862053477,1.8056523285494432,-3.1515904291452506,2.8495454046704425,2.461385298621362,4.629926108524708,1.1762034756886808,3.851710048133388,5.484162852750109
MB-6118,7.0504191416797175,-6.086645930325022,2.6703593308055975,-3.6865715345056187,-0.5708736849603097,-0.2989593855357422,0.7767312449694643,-1.5899888288831538,3.7343396791888077,-0.5736175044610228,-0.26054938485765194,2.2164370257765227,-3.0396568016897865,2.0677163200230217,0.10109497322849993,3.3962170051459175,-2.581857325658326,-0.6922260284089686,-1.0438699928041892,-0.3307383568311813
MB-6065,-13.176588493745177,0.7409035128817437,3.518210314472046,-9.415586213876933,5.703324681024417,5.31180877653054,3.2599738666762614,1.7482566763659295,-1.07207484976602,3.7638174304925616,-4.006189498770613,-1.627313534561907,0.03370224401042417,-1.8091527573498707,2.445908574538424,-2.3922502180378302,-3.7892609439102056,4.320590149089171,-0.3464432879835187,0.1989310622453856
MB-6006,3.2305846498821897,-9.612199484532226,3.3551777340972953,5.131492063750822,2.171392577222891,0.10577044481772013,5.280626662379873,-0.33118138115447626,4.734910210349516,0.02704025024372136,0.16558928097059192,-3.4056219598481077,-0.43332386025379227,-0.5235091108380276,2.470708386812882,-0.5213748228700192,0.10305337103730462,1.7044498156366454,1.0416889185600167,-0.13560539464546706
MB-6048,-3.2578323176223796,-1.5306228554999632,-0.38977994290477036,1.7457902692892113,-3.9584828931358462,6.354728987824396,-1.017474691484267,0.5027139935217746,3.579679993395074,7.186410532809372,5.38630250555996,-1.5584700500611608,-3.002997650491927,-4.48592273791296,-0.2799442323735953,1.4373863555898536,4.847105054598592,5.724718548689381,1.6016130301906069,-2.0838116023254956
MB-6116,-0.8538013382762796,0.7176963362720564,5.496707875620232,2.127407115344792,-8.934050440460863,8.00757312910423,-1.1039400011335947,-4.918116642734652,3.526894789236736,-2.8029652229345454,-0.5871807440938839,1.220034851154182,-3.7659954867058456,-0.7752232365135958,4.996980433408577,1.5700112224734433,-0.43219417912554786,2.8064589326773484,0.8243761733291181,1.1987898774786847
MB-4310,-23.658477950994442,-3.7392241249384957,-24.517780934898212,-11.411964560034443,4.159254576948542,-3.1934977268184728,2.021466346848576,-8.05902762301507,-12.435466752638659,-4.104774883836358,-2.0779180939240005,-1.8093948757058536,-4.710049613871349,3.200830049066524,1.7417772144088681,-2.165760493937798,-6.64042023209949,4.265247971354549,4.7416612901007085,3.082381756061829
MB-4300,-19.166577315381186,13.215059810417918,-4.4647655026728685,-12.696664647296341,0.39608399518042925,5.0859444169738754,13.893883005160301,-5.097483840456938,-3.914828826947048,3.304712729274365,-6.307446362167222,-5.088151401480102,0.6056249500668482,8.16093922321209,4.493589157755452,-4.6636438411497965,-0.8542911014799818,2.407985643480935,0.2585668171440979,-2.225047850134025
MB-4298,-12.172218195893043,0.443640730097035,5.285709516449138,-3.348895147831405,-1.7151382058803648,4.714937809647382,3.2285386045030378,-3.4718311287578927,-4.494375387451087,-1.5486069226747128,-5.198420277422098,0.28626778518685664,2.8794931105367523,0.06037553738276915,6.6567786595177045,0.5850861036682418,-3.4680234981101994,-4.243737144820192,-2.556976029779863,-4.098513538801426
MB-4417,7.963353995395139,22.972564773090127,-12.442140140224451,-7.9866826309573655,6.67767415593118,1.231068665852348,13.590961367347878,-5.58546403158528,-6.051287475004534,1.8273933712935926,-1.5424688772324955,-6.2133030078177525,-3.378089876077645,1.711413354740205,-0.15406591883325357,0.264626699890414,-3.6097476689085446,1.867872612804173,-2.9469568454296766,4.202852328719365
MB-4079,-15.065486003039922,-2.481758168322429,-15.71881064385327,-16.386439765560436,2.287469144439823,-0.16710641394229533,12.322364705410475,-8.340181903663838,-3.282879684375316,2.281654148187327,-2.090147113611544,-1.9549136783438323,1.5218280932339148,0.47052449734348845,1.6820637018948292,-2.1648924432211243,2.759400782260704,3.9804242524189717,0.09443002865442808,0.6133760352142668
MB-4317,-6.137951447465641,5.2598426107488985,-9.102049783518225,-15.6557044108598,-3.0021791311399233,2.5355574864048096,6.858853122197131,-8.50661872689265,-2.690427125055822,-7.763342773832117,-3.98498758190254,1.4328465748425279,1.0501389389010822,-2.1528614962844252,3.173655595547363,2.285445800192505,-7.247001226927847,1.388392632322214,-0.79026055578026,-1.2752717544602583
MB-4350,-6.548627509270267,12.034093731337062,-4.903359127005312,-21.722527364985183,4.2071239543415695,15.773965499877429,15.035815783519045,-4.708034303093833,-7.737877602328673,-0.7872803506985713,6.525955670589017,0.4717017842276452,11.706662986832063,-0.02233295577242033,-1.2272442318059136,2.026537350043488,-7.455299612163063,0.8223798744986596,-0.11616625081772555,-1.6236107711560008
MB-4332,2.19037989438767,27.02225599856256,-14.710209121923327,-8.402108938835692,4.983618906921323,-0.057437849162263785,12.288945343177367,1.0424677374166578,-6.294509685248986,-3.9849844294706855,-4.428377910549737,-1.786696341273743,4.439754029267801,3.0430731805225797,3.254754317506595,2.804812583859676,0.8496572515976438,1.4786945481089415,1.0861413645388724,-0.24925862843047822
MB-4324,-19.512716328124235,1.385901893052792,-4.439615204338974,-8.005292464286176,-5.6471971214356875,-5.849769960439815,12.073572270284275,-5.536132150756829,-7.220317647843767,1.247437873790308,-0.05549945722438221,-7.063276177163492,3.943157177480739,5.026543676059223,4.096906885358784,2.6654835305013074,-1.223483528845106,-4.221542272760807,-2.2776903634660957,-3.717269756539852
MB-4306,-14.296129719825167,-3.4178799618443434,-6.816529184157377,2.6096875480272534,10.285172752385082,1.4449891140611228,0.1698862304969582,-6.4465613006939835,-6.188529588373438,-5.279858994412958,-2.039488184569513,4.390966713056231,0.18395947060687484,2.7693272062146495,5.199095003382807,-1.2805114392301624,1.6620796210450042,-1.3044587343416203,-6.243110603136919,-0.036914143759836766
MB-7226,-9.252851262946887,-8.40344014999017,-9.187013173202574,1.8066669910966109,-9.545619128063956,-2.7208763674447676,-2.0875650031464033,0.5672467648945705,-5.511894015829302,5.785648419381248,-0.5362346762563106,-2.3167799600108685,-1.6710514843250097,0.22749761656817086,-2.286122316344876,-5.60067403031208,0.23833355569426426,-1.6101885176641513,1.7149189293369205,-2.3733100788742
MB-7205,15.387454366012529,15.248520268267029,-2.534257119900013,5.091068616538662,-3.594787226940893,-8.378912641353502,5.345378073936026,0.2179304667660527,4.353221101778382,-2.0087149788997993,-1.7937863128813336,-1.8811408649352384,-1.397274942828219,5.795141332859589,4.434564905390976,4.061004891555468,1.0923233045975718,0.7887884923163168,2.264440931420494,-2.4913178063955423
MB-7160,-0.8828690202925666,3.6576285884473174,3.9351535821718207,-4.5356943083341665,-7.460135853975467,-12.621399630240102,0.31871459324203294,-0.3365303216101947,3.3023773984312648,-2.201014234929092,2.141650580061263,-0.24319687407869822,1.4514577356450158,0.8769149827364231,0.7398445802844532,-0.7772329955512288,-1.1068936342050122,3.0189667750890874,-3.199235846321863,1.380424429673545
MB-7159,-0.20715871685076945,20.397279365274315,-13.485355869500841,8.482786595466326,6.655982103337296,-2.694362539314979,-7.843743774748825,-4.872850826613989,1.3054922294262485,4.37883547602303,1.059438217843568,6.47204071426738,3.7321183580030053,0.3926477726426179,3.1545211980681156,4.253509125510001,2.1525584060508147,1.7820456892489958,-0.19130475916222825,0.3991557639638668
MB-7167,-1.6952902292293013,-3.694487766664272,8.928511467532566,0.22679798956179575,-0.4091932973009639,1.0506044714035505,7.594366875010368,4.68845546443745,0.6850690041755821,-2.4162018429093686,-2.3169535141639295,5.903268732559974,-2.41096742100121,2.7070116873987304,-4.060997690548299,4.118903861130504,1.4932142422260595,0.49404590689657224,1.4375416189855696,-0.40840558121039217
MB-7207,0.10536698531111893,8.891526611203108,3.7221901176107735,-8.086167168575553,-7.267952014362206,6.047253146721376,-1.6714557985676748,-3.400490934220272,3.5796551022722434,-3.993908425597012,2.8845243498115196,0.249646502761009,-1.701008167889408,-0.0946849250225982,-5.298774495378938,1.0949000774950808,-1.9089751240375143,0.9703774492180272,1.3416375613341,-5.549211943387563
MB-7237,1.2591469321250688,-5.162732467473788,4.152854655908794,-2.092874278644385,-3.979801697264632,-0.8211845896819746,4.121506231560247,5.677321486121964,4.533098786450994,4.58788174599137,4.139900113521388,-2.1338134890525233,3.348858876956682,-0.7395557992482126,-0.5207797083461412,2.5610634170355087,5.14566678573911,0.9471670176260428,3.9706613674773275,-1.5035146585197068
MB-7241,-10.903072146285291,-0.887614850379454,2.1560786199425204,4.075444821493963,5.5069800060589555,4.683463621515502,1.3169736191694155,8.689675014903884,-0.765211343326813,-4.906098371119139,-1.8350986574485362,0.4155283236890861,-0.5235089171738848,-0.2383582466110233,-3.886295540935674,1.0635318212757983,3.4247393781873394,5.3679257151175745,-1.9968596403057977,-1.349996304064142
MB-7236,-15.547389449783422,-1.355122370253023,-12.663492561754085,5.964946381053368,-0.8948209683783188,-0.8093383796806607,-3.196276167250856,5.337654097745429,-0.07851516033459785,-10.1128856168136,-0.4131249135480275,-1.7205349580906444,1.0272461204826149,0.007379154787889563,0.6865180035236524,0.08586214865446085,-4.19137081954345,-1.5659600979415362,5.090979850466654,0.725772795691131
MB-7168,1.5227155504942154,-6.784068314730327,-3.106808015437194,0.44004805363976135,4.262025994514311,-0.08999115924424504,-1.2974379772286624,0.10880769287506818,3.7767188671168292,-0.14089510369416053,3.284195976799955,-3.891851432134666,-5.614638652477146,1.1619637703805321,-1.6325928541868608,-0.22534032741273544,-2.6241322476917897,-0.18995259872011147,1.7650571129103299,0.5253175925132014
MB-7162,-6.663691417978465,-4.697928957239015,-2.5180700283056123,0.42142271420603283,4.612428841019028,-4.757972647036772,-0.8387854015927769,-0.590821730742587,5.544065529579719,-4.698360611644609,1.4697991443947214,-4.157544255397757,-1.3991835531178838,-0.808781034047598,-1.925279267601513,2.6849570274831795,-0.29760812722149355,0.8532884134663757,1.171161965498513,1.0639908334238033
MB-7235,-7.2401213853908475,0.35346752681385685,2.8727407844917634,-0.767883271420252,10.60655734201936,1.6687166386199386,-1.5934478212986172,0.9031152456386762,2.852673592995525,-2.9239399147058784,1.1082565530643849,-2.2221292291811157,1.0503979290249517,2.6082308067270534,1.0151096254885998,-6.607166184149586,-2.529724506158215,-0.10112700116890355,-7.243183374077772,1.4465062054156523
MB-4331,-7.996261386176384,-5.43417670955188,-0.7447157444459658,-0.4320514343444038,-5.38169575615478,1.153735567647542,-0.19211475992805851,-3.9416171708466443,-4.868827221873912,5.454166885379361,3.5681019783259744,-3.6900001613427675,-4.315036875690064,2.0624828557893102,1.9443118628279497,1.681936767271767,0.8431776262817468,-0.13821458602652023,4.497844091852912,-8.571472732669122
MB-4353,-2.941594220670794,2.3565276282394367,-0.9409020673197467,-3.0543812755143844,1.5447881562028434,-6.477171777605271,2.085353120209172,-3.3723411907358254,-2.0691072121782574,-2.0926120894815416,-6.617459776188389,3.967435585422995,-0.3376000744902315,-0.39855206561368456,0.1859827402384614,2.8563818431580743,-2.7664189811952817,6.175759057402787,-2.970308048729562,-1.9222544021396681
MB-4354,-7.6974182739974335,1.55847629800762,0.0067420204273527734,-10.560740092015596,-4.737381381675508,8.22388163048015,3.4347412082948394,1.1944874714533338,-7.88019865576104,-3.85623319078255,-4.1383882470834985,3.0945522023846035,-4.425189049495209,-1.1209815421154476,2.820731818672642,1.7447389036350167,8.042862529278693,0.5505299603650132,3.1942400196746537,-2.1529498942837693
MB-4328,-11.161730315862531,-2.8360770743555768,-8.442329771641589,2.329520942439971,0.957964322209512,0.8920702153627584,2.341883200288511,5.876789920843838,-1.3183387077110018,-5.204577814825912,-3.417490363539584,-0.09855106849700968,-4.484021264713655,-2.98986257216317,1.3319527585442774,-0.49270794955890523,1.0666798236329056,4.256288494823739,2.221991663806346,-0.9668524039747587
MB-4348,-20.786384092693982,8.977136844320142,-3.2716496912316515,-2.6525324324726385,-7.41813506075147,0.18772668836178494,-3.7996690692973103,-7.170239886528265,-2.319065220994665,0.08448290247310099,-1.1026055073669323,-2.2195592132473076,-0.6188625667055688,0.8351528024514543,0.8065436811088001,-0.9268830475251466,3.4478743627788724,4.15117272539186,0.4823576431353183,2.0503172205615647
MB-6030,-3.361124387032182,-4.600133711880183,4.241214648428849,-2.2934211044147146,0.8768674982021876,-4.931020285863868,5.805945587292152,-4.211343080625164,2.3723563778676513,2.5560172148616496,1.3026680659456868,-3.2967769401815854,-1.033716965544955,6.099458123626901,0.7159949541712112,-1.870259019280578,0.7009402136372199,0.20864832896843202,-0.14848143819782586,1.4608055950932435
MB-6133,-7.298506041111793,-1.70428820309111,4.9709844914847805,-0.7466016319164811,5.750000282468832,3.3749266094716024,1.2889102713878007,-4.3715109514031845,-2.6360612050991215,3.36625053562483,0.2599907728529931,0.3156535815312981,1.420656844471605,-2.6102517521008815,2.4620419148401904,3.538713608986299,-0.6371913870571587,1.6395955279275272,1.318282337166999,4.096615556358291
MB-6083,-11.823178976746362,0.28465463339593167,3.3087103417911297,0.6058559082826064,4.943920624977486,0.24687499337321586,2.379080361999461,-3.4183296713337206,0.21965255054921254,5.619692906794169,-0.6254803462315808,-2.770446521383832,-1.2475193617405658,1.393490609183735,3.658085060734325,-7.9495357558812465,-9.37320895652796,2.9777287312793415,-3.4357838135765575,1.6178698397616433
MB-6026,-11.445088238270605,0.9999689379449878,-2.434679298840537,-7.861891767085141,-2.830854441027775,-1.1173427365881896,4.780208742659339,-2.8503295827810926,-1.4953999097547876,4.387963854828931,1.0315329517972733,0.5656074296328795,0.5449141489662712,0.38592615342016495,3.6587411638258955,1.461951812156297,0.4536337604803539,1.0382964350042836,1.2178925910830063,1.77743636972408
MB-6168,8.243071813995941,-10.256103388498982,5.010208255658092,-0.3654139905977079,-1.105709010907346,-3.225614448426966,2.0861594990981924,0.3046919037564865,0.5915358571928451,0.9230090224370164,3.886772316753413,0.8624392338061525,-0.4943065019293348,1.9985928997886393,-1.470907746793961,0.12851580356894823,0.45701599843291885,0.25178950478229895,-1.9452862670077433,-1.6809333429804787
MB-6101,-3.8537935663137572,11.258921531328236,7.77333971762685,2.390167716447184,-1.3053096281899679,2.16241988315379,2.997716144684328,3.4421575670701943,-1.5181981822827486,2.4887433493607305,-2.2738973910857623,-4.543465066990201,-1.9670991767100134,0.8828247551382897,3.024883386182609,-2.831384320748881,-2.7542261632486182,4.9345916659951445,3.649537569276423,2.2139077226195982
MB-6156,-5.285172502228907,2.699438284678823,11.206117716000303,-1.645387423434682,-7.739681890515811,4.932128136405826,3.5751360681122053,-0.914732891921943,1.7827140482031496,0.4923971342962758,0.498272940379557,5.769912980543994,-2.5455048806261655,-4.494919352219356,0.39442613261573267,-1.949612293310404,1.1857212656699343,1.7508655202870558,-0.6075950498226528,4.0812413927705515
MB-6051,4.497560387342943,-5.314351865790483,8.746949073751251,-4.48432350679278,0.7433110659195628,-1.8557849593866467,2.6371865647137733,-2.4929056283176227,0.37810441097695063,0.6891876182608978,-0.37056015107969487,1.9053281673022482,-2.4485690032615874,-0.4230245609767179,3.7067662139089403,3.233190881129907,-1.951328653334225,1.0979292485343985,-0.3780736804953672,1.4106430395183298
MB-6182,-12.634122068614175,8.810393913613314,2.383454588394462,-2.1794966377874396,-9.871895802855986,9.833114472566784,-0.529251965442199,-5.39883875395202,4.3604621132480075,-0.3394820331142231,5.871819142435297,1.0276089491253078,-3.922692786197086,-0.9735934065674757,3.2636329224012988,-3.5177556176616553,2.43272031216332,-1.0922285624041297,1.7228147773291809,2.368202253871167
MB-6080,-1.9818802807332347,-6.007558057858717,-12.706314539459445,-1.5147421381055595,-0.7458825703744961,11.82801503354379,1.2617533683639877,-1.1408319654593326,3.052233088751506,5.59888886114101,0.31747352873253054,-3.588686501728782,-4.209690934639144,-6.5799770040494145,2.109496441552397,5.371448921615644,3.0727681425497284,0.9032872889318406,-0.435979186812912,-1.7197199123355713
MB-6143,25.64699475138916,6.352186805372372,-1.623505077296564,5.9416675877585075,-1.3811217792190098,-4.57208037447012,0.3786312995956497,-5.157630857406886,-10.127258143692808,2.4881635776937987,4.458714145731952,3.2847194282209995,-0.015991904764318925,-1.193334686534659,0.39729597532819133,-0.3109823903882792,-0.30770023341553393,1.7105773948097391,-2.6722939326042603,0.6130559466129374
MB-6164,1.5880058640096844,-6.963638439101778,4.038151034574908,2.271748292034285,0.31039711036868034,-3.128044345072025,3.2287386522677366,-4.404376888238459,5.365835606452629,-2.08292469884579,2.1299753230544165,1.235538238725502,-1.100320205631109,-3.5430577828689707,0.02409779155387088,-1.2436766917125486,-2.3421102546444406,-0.7578124013031986,-2.0268064447365846,-0.2670381834639789
MB-0551,11.577344385320993,0.8166091599527548,7.142427126991249,0.436918440530638,4.418665904626016,-3.737956976436977,-10.076244280767792,3.28579435022562,-2.9539152610802994,-2.1788752269110003,6.639943968120003,-7.814899885049475,0.0633548052229584,5.242681207654133,-1.2304490403485344,3.1353334820097087,2.7347695683148125,0.6282340707098955,-4.130549404963616,-0.3504956107327472
MB-0391,-1.0820990506862214,4.389014083114872,-3.160123569116712,-2.511228007323178,-10.37611797965644,8.742807420861428,-13.065697019813662,-0.3870563650631555,7.580610405311601,-7.024574004512299,-0.843774718319182,0.2591429606043343,2.263030281129238,-5.184453133368101,6.649399725604623,-0.5278120523294529,4.762870180747665,2.413276602450465,1.0833326098455187,1.7136486544743392
MB-0367,26.00375082768022,-15.415619802282944,-0.6863276732826818,-5.125152165268758,-0.46830129916102176,6.826740357497346,0.31586254869742597,4.6796675141453585,1.3375204474880715,3.2450050019107,0.5583181865957345,2.934172076755568,4.609122226006986,1.0121320213430158,1.0006604892376179,0.3657612119882349,0.7645401865663429,-1.0674342566219486,4.521546769366399,0.03344689936445878
MB-5171,9.829648549155372,-3.1465651203320832,2.145962899139965,-5.8100907138809985,6.2273630806404725,1.2760238570661828,-6.964535406854039,5.145236974670406,-1.7307281098666276,4.990929628197871,5.660237030084255,-1.6231186305998462,-3.9422863994936157,-0.27616258484575873,-1.1374673646046045,0.14614222486229148,1.2417680020426016,-0.5211520074727206,-1.1111821053833257,-1.7818406455335463
MB-5199,3.9070842348958505,5.759079786982869,4.261204255716511,-4.551027002605472,-4.7054691008871625,1.9231499265326193,-6.79094010168222,-0.032419613559126585,0.8556438511021514,-2.22180748778441,4.408662714329722,4.912600300260295,0.9871638657352572,3.555547204225653,0.21203627852071075,-0.4651138972446661,2.6225319291104348,-0.8010753348288867,-1.6936669117324195,-5.660759610373758
MB-5177,1.0334909341357368,-7.193182525926039,-19.862067803712502,-4.162040178422884,-0.04541409332827683,6.828699568391859,-1.4235399282710208,3.118584952914202,8.840073850733829,4.883593383217452,6.2281247956455354,-4.39941256618218,-3.8947833054327132,2.367019144720988,2.0629493657647755,2.95133031851791,3.411393248427768,1.109934433012738,-0.7707381222356723,-3.379266294260537
MB-5178,-5.474325930996807,-2.6653281441781815,-0.8203057091469864,-3.8187474841932625,-0.3463506760070931,-5.046017578312476,-6.840892183679604,4.000674847071792,-1.8922473536461923,3.5684374423550076,3.429391665851714,1.8586490669778668,0.006326929419131267,3.6823808139673933,2.455791500182159,2.162066864749882,-2.854387236341426,-1.5530086609348441,2.7158815005504784,0.36092844469673924
MB-5280,-10.297761974641057,2.533606653024384,-0.3114057100179334,1.5737351306334135,-1.6623257388418207,-1.033870432442003,-5.777012557204304,4.920874653928861,-0.9227707958675366,1.7761621438822073,0.591293647872359,-2.8822997731209274,-2.789824247794493,2.4517226988937146,-2.686360236528718,1.4803876412233798,-0.20677271685349674,-4.161150081106337,-4.022650906470618,1.9919874010213066
MB-5148,4.635002613100184,1.1625173942112128,0.8941236528238294,0.6736184660981874,1.1606052920785872,1.2242999483999646,-11.833818641767628,-2.466042477629242,2.094581447785563,-0.06326406134457406,-2.430078788655381,-0.6231062267489776,3.203930125056993,2.093207004454993,-7.0135329609815,1.5706201981338654,2.281563219835187,1.0557249280056742,-2.1647738137666983,0.7365466445999589
MB-4342,10.223666334607255,-7.269702446620788,1.383738540875863,-1.7371307516816181,2.9821671209942098,1.629950767001732,-6.461796614641046,-5.524607435922036,-1.7334118435397103,-3.895082580410123,-2.8981773231064336,1.9188404134929598,-7.345107757844645,0.5944941157698969,1.6922977801059864,-3.2935113234959563,-1.0103635965896045,-6.65081590844563,-4.094928679725864,0.013689272472400316
MB-5225,8.883262922294467,21.66431229547561,0.835832905246721,1.227276654378378,3.9538739528870916,-1.1043635901976456,4.1439005341150805,1.4703237983810595,2.78417547979371,3.3362358140951245,-0.13923130763688324,-3.6862147577141284,-3.487450465230461,-2.662509434252937,1.0833613360059786,1.4567579089859524,-0.6602901664566937,-3.6043949274052256,3.19031864343275,1.6873771363244716
MB-4024,9.9535438151418,22.027485657809503,-1.4515858596741396,0.8163394715412989,5.300476624828981,-10.83067602903283,-5.300599313595684,-4.937693983890796,-4.342422511998482,4.376165683424089,-1.0498283328081615,0.7683892109894485,-1.607570012910729,3.0792190149638414,4.568727508930572,-2.3159788556880487,4.521023188191955,2.3517216846616043,1.3510428877012493,-0.8152801871753043
MB-6314,-29.302398509577944,8.06807305276931,-6.462376283500411,3.8918200716214666,-12.21071537972716,5.268224480121897,-3.2241625339106443,2.328174611822478,-2.096670856517341,-0.9791040378227983,3.4103763796500965,4.916297551819595,-0.7935411368794039,-3.427340331405907,6.369784658229233,-1.018555509481326,10.9318088388789,3.2158386826673944,0.6578759379749419,2.1755789266060224
MB-6257,1.3448410169613536,-9.514956186626879,-0.8063967237089789,4.486704671582091,-3.058404891782451,-11.807506633984978,-1.268563234099234,2.643421914455474,2.7021995363921785,0.46660165569019846,-1.4823925368188313,1.5834650039489997,-2.32143295412676,-2.0663194334458597,-1.4797126558452,-0.2245436293958997,-7.037187469743901,-0.4461906452619256,-2.4865716681490357,0.37114000361799665
MB-6358,0.3615818720088103,-0.010100119970205832,11.25403275707542,-1.8711462828308114,-10.826030032299105,1.075289005126195,-4.812355286187916,-0.922848382259032,4.317285210495384,-2.905542076620939,1.4778094672779503,5.0837821503542155,-3.095338316170322,-1.0497849063619156,2.384350226132139,1.3374172575336811,1.5174895987864563,1.8916977116198725,2.274574333101086,1.4241008909875965
MB-6242,1.887473992778324,21.276135023472367,-0.9721742986455597,6.627847839938943,2.083171455276991,-0.5170957724880983,-3.585622484626556,3.5461708503345686,4.345020865468802,4.721682959415284,-1.8105051912007069,0.5924742271538874,0.32600402718971677,1.2385125220873863,-4.32371921858089,-4.776889439564506,-3.1915846510750487,1.4279848476266102,4.774785130663323,1.127743868767614
MB-6237,18.910371719549815,15.82537914390504,1.0580400913166828,3.787358046589225,-3.4819466048085173,-9.240516043601634,-0.8268861702646081,6.6414699177881165,-5.1268599008384355,2.96451641533975,2.8328794805416635,4.004450209589385,-3.4884692933194614,-1.5722682821956724,1.7360230630762137,1.0809866473680134,1.9183267535377766,4.979463346078376,3.865569087623211,0.2698636643233032
MB-6183,-15.02213824472452,2.758489805294676,-1.2967941377518333,-1.5080137888422263,3.8138052483822316,2.732762494910688,0.6178514947014514,8.325634143442183,2.753323025739228,-1.4157998342416311,-1.0602378336682525,4.403531789443525,2.0855095347057095,-2.1292053331845127,-1.3042554970798947,-1.3363777582880962,0.2693137873474682,2.4517571822715327,-2.1095435139326075,1.9999479954947368
MB-6254,-9.289128100849375,-11.950282298225613,-6.220833981592653,7.377175613175153,1.744648747547588,-3.6201034015104123,-10.680430904235607,5.080485839273877,-4.351830048605394,-3.7336689591441794,-0.03417262403813096,-2.072667729186433,0.5020264618473683,-1.2780276169589166,2.698150203281149,-0.12399000635670901,-1.4306013272833578,0.6284882206393702,3.6205217166093084,0.014816511157426559
MB-6231,-7.425696433840971,1.8600283707154117,0.38330856214627296,-12.018834307871234,6.233474931083058,-0.031879174839573136,-2.0531901680025846,-0.601244663118414,0.34744692801783006,-1.409394702276693,-4.222903642266441,-3.060804306094114,0.05983946597137545,-0.3124328010539296,0.4343675295098503,-4.2194703176979,1.7712086705303631,-2.4035181685422002,-0.25364295092674866,0.8039654035176034
MB-6204,9.642879844847208,-4.475909941231503,6.9489770760427945,0.8603050192976882,-0.29846019414727865,-7.614071727814531,-2.93906393834685,2.296757708210143,2.5404646067981074,-4.795203324610071,-3.6292980332273164,0.5923578804383364,-1.0530063658743642,1.205426035164624,-2.3131768108275823,-0.6882241107790189,-1.0501158997288644,0.8412900042374363,-1.6596618615196164,-2.870686319337223
MB-6229,3.861275573603156,-9.627571549584315,6.5230553334677435,-0.15181482155010267,-0.3202359113949172,-6.959394051316995,-0.04922237684445493,-1.182373866997795,4.5851222872560005,-1.8930790321409972,0.200897879276333,4.266706537624915,-0.5113058610121725,1.9075284519215583,4.428366493821239,2.4658884958330036,-2.424612901006253,1.7503425656563667,4.92672907591247,2.412432478389086
MB-5154,6.927163946824216,4.9081823845101,7.217907897190847,-4.695360662506457,-0.11923909472286387,6.429991099594517,-11.052685351039942,-4.901271594463396,0.3152028657152481,-0.2981770840783902,6.059214142731752,1.0801694382866385,-3.298888323710296,-0.8607917897720787,1.4605253678912262,-1.1538711230641376,-1.9424118630623615,1.431758445739046,1.3099375522717518,0.43487737470125093
MB-5175,19.456969564938788,-12.082219825624104,-5.825535383990224,-4.714212498048561,1.3120891770631935,-1.1032660545935704,-6.747898231665673,0.5747549082811735,0.6643742818343762,0.1855272829932764,1.4052779197071912,1.5934609231095955,-1.9797494720422981,-0.6299470302036425,-0.8846471866942377,-0.5169008226071954,1.0892795079958515,-4.328288156900489,-0.45293189412331397,-2.0595634246893364
MB-5173,17.52836539783077,18.341673915050084,0.9795103114505288,0.4804390165568426,-4.402963510785717,-8.394529460032365,-0.47654087162473946,10.180552933541835,0.43129339801535616,2.7157555397878554,0.15192081953745368,1.6363416061643186,-1.1358886726474364,-3.158094668237785,4.889359016798351,1.510450796767195,2.1217851069829896,-0.48408202962054997,1.0770049940219535,-2.75634781863187
MB-5162,43.438997675889425,-18.25264041601242,-12.817005650905772,-10.366737119615104,-3.1311318260376764,4.6501358790939245,-2.062530610999207,5.679708294195362,-1.4141970549733558,-3.8375153368424875,-0.05385417232871892,1.6437722032184603,2.053922465649521,4.05615839139239,1.6601711962977357,-6.6693544041565564,3.502534716373777,-1.6830440732827063,-0.13940383560457292,6.506304872614414
MB-5164,1.587608309930607,0.9771364204211835,1.689701770106619,-10.781534158949166,-5.087782368546081,1.1916773342896418,-4.760031448222286,0.20346400079030091,3.162667454965546,-2.8062492053933217,5.888034856618589,-5.204590937697333,-5.181579563561445,0.030122283199232647,-1.4938523185959682,2.0813883044338053,-1.9329995653873102,-1.613268212659723,-0.9875237691488772,1.2110269151388255
MB-7253,-10.803624073115378,-3.9942662300081886,-6.517634190251487,5.258217487423202,-1.7429599119062718,3.853270432504986,6.083580572226403,3.2495633995191926,-3.091917651796251,-2.0955222718171074,-5.801695930929105,0.08886536267394643,-1.5838773744796648,-3.3723539206566056,0.5658962291118375,2.861568493005446,0.7670266861569299,-1.335407878092066,1.7213512899241856,-0.44243106948746286
MB-7298,-12.364286144149048,-4.3967045900081505,-0.7752033309111662,6.914524468759423,-3.620150595190357,0.6043332753444786,6.619974549437116,0.6987011164428054,2.1259221050481987,5.651955530941733,-2.2243291894431687,-4.8836785239344485,-0.40680335391932604,1.4433721909563653,3.9971251872995643,0.41873128408974275,3.976903283467418,0.3670943257128823,-5.4535643868893775,4.244808397417926
MB-7299,7.973725129362612,-8.10145674736724,-6.638708903335882,3.1119555657023965,-4.528560505364375,-2.5577202012319575,0.5077805332210218,-4.346661289156727,5.006245762267549,0.7466008350420462,-6.611655099737157,-5.173155091289133,-0.8393946178924528,-2.2791419058800546,-2.0186861985623827,1.8327511214524377,0.3989362498375378,-3.2708810343132724,-1.1031339537228653,0.09534075304319421
MB-7293,7.166101545104445,-8.755891102930262,7.70097698573851,2.922557060949714,0.29247457551156775,3.4304269627905866,2.1780033584167082,-3.138088520551255,0.11794925422940997,2.3268852240653772,-2.124371592504806,0.5244475506837654,-3.2004386084180987,-2.2630429424709937,-0.798889142528189,2.3716458103837437,2.2031134324200794,0.005541495966342979,-1.1938377416298516,1.8254555015187155
MB-3978,-7.354781803800961,4.482582935567958,12.271651622446912,2.5760150961078123,-5.856289054101919,8.654182948895405,-0.6998189236418174,-8.77384237236689,-1.4103846216107876,0.6683933912529042,-0.2643057496199928,-0.3243764378922983,-2.4462186438500186,-5.178405823255432,1.684846795991275,-5.049777643109201,-4.6238462637761675,3.039623800370609,-0.7945704039309837,0.1753480412935827
MB-7288,-11.794628771643788,2.7226256397617425,10.11555782033486,8.405101408789653,3.4896479108964233,10.202556284189718,3.775592432247934,0.044393887366252376,-2.083420125311657,3.4968654902564595,-4.016720830855164,3.1552248756936483,-0.2688142525304742,-0.5891963863333373,2.364328518903964,-0.18688643906507962,-0.9356949969544696,-0.8560792244733068,1.6807445149652225,-0.07783458200743709
MB-2923,-13.395869533177075,6.1296567995270825,2.1875894906817543,9.399056966934843,-9.28991260322043,3.56204220461865,1.0208092906139792,-16.311680039497933,-0.17861927423047685,-4.6752042662597155,3.2490536870106865,7.9740938545976405,-7.32641799597972,-3.207287237219887,-0.6816105820463482,-4.670209737638998,3.6289005426732546,-1.2897655098102687,6.354981741116785,-0.3752125430939785
MB-0402,18.396912403343972,-2.9523641654043122,7.359433138094195,-0.2271128895450929,3.475981463832761,-0.16215949252533124,-3.733287538419237,0.39939496798748453,-1.9729422856979906,3.435531423407023,4.576672045436938,-2.505740384095112,-1.340963261975599,1.8138836698024665,0.8031209494980278,0.399357217295647,-1.8694799167684306,0.6356589189430552,-1.3990207583280045,2.9415769255201503
MB-0381,-2.8613531557611918,7.869161069357526,21.042630461432005,0.5963840592534999,-6.831884379869701,9.302457186316488,0.16590582948244054,1.9868108969840033,-4.2800027194185875,-0.5094249198100507,-1.2222202870264247,1.7444760188801507,-1.0441097208690215,2.9721795250597,1.7737213408592156,-3.092718725616291,-2.0711729577125437,-1.4340061563582858,1.5297927275567755,-0.6372014761417465
MB-0592,-19.82473197636196,-3.3482289956771,-14.047453293736249,12.407572853443101,7.177241215177035,0.0038097083725592736,-13.121517869787901,0.5475512663269495,-5.014637090897728,-7.06574693712658,1.0584837725738883,-4.749007404189103,4.162960311527591,-0.44224157322622004,-1.8227880908881102,0.3085424751969057,0.8169114698080416,2.3267461953131106,1.9019462751006968,-0.064282280406429
MB-5271,-17.45013319475258,-1.3162006864171312,-14.373668989992957,-4.590618502131559,-4.6606824790955255,7.50882184196441,-8.809672380829126,2.8818532447906726,1.714593770928983,7.941947060731505,-0.9115303341093146,0.5302078403972821,-3.1440880173782144,-2.2305771038399733,-2.045649255714297,2.0399676563462936,1.6846352639484208,-1.3795739319729912,1.972820205928377,3.2376160974938974
MB-5235,3.343400985234745,19.92250112112935,0.9610711613491164,4.470817140638298,7.094696546494373,-3.2837257017281525,-11.007638652591812,8.118297861713444,-2.1827237679511198,-1.2411006204575639,5.515386416439702,2.089012476157522,-2.268375741169434,2.6358605346109663,-1.9398253490872481,-2.0965626667825625,-1.2705632577780257,0.25717807995737585,-1.8241381768137528,1.101846711652523
MB-4931,21.514495675402785,-5.490184359854988,-24.64828725773473,-3.357129728542325,-0.681217813773707,1.5092436727079477,-4.210951453814297,4.134032416374731,7.895698087723009,-3.506876524866071,-2.0283861030189385,5.272492988656322,-4.296632790975672,-2.613016992368172,3.3376292421009843,-4.382085636915157,4.321482190585292,-4.395909556437607,-2.941310459479163,0.624634167312947
MB-5332,-4.538757336592193,2.5725877363641363,-0.4406773919364402,-12.304201736507492,-5.812123451490585,-2.030609371184229,-5.725021285049671,0.9454999760642638,4.637745361075051,1.6293749447445252,-0.675222800359168,1.8128630234391307,2.401331230779377,-0.059771897836876246,-4.644662866883122,0.0014702313653339172,3.0031044683140116,-0.4091713667606135,0.8222029653747429,0.10815331164298204
MB-7045,-1.2208750429235826,8.904334198317306,0.3581493945869231,7.268720384497029,2.332420827944311,5.36703756124905,-9.66865532118237,3.9012305699199668,-0.9641773458883821,-4.18427165760083,-6.3060394470539975,-1.9217399404111006,4.659555740971632,3.3092910356909697,-13.711151016136723,-0.38852212181775386,5.692994891675574,1.727338484515696,-0.9618966729301897,0.5713902900671705
MB-7049,11.29329103566035,8.13664503622188,-16.116034813115746,7.1950893710474295,2.8185267190306873,-10.968941700925052,-7.476877515772936,-8.082139603406418,-5.352549712300327,-2.5670919592995602,-0.3487824449386395,7.488556410254476,-0.8532269756349229,5.421111873939478,2.0742681755743213,-8.764812003273914,4.424773193564425,-1.605214405701373,-5.055174682897155,-8.07635007123965
MB-7031,1.186834746529089,20.356137305186856,-17.71406912489817,9.252521986024956,-6.6857371482409755,-5.564270737275834,8.115929828739478,0.29930882884816756,4.372580951297443,-1.4051961675285398,-1.8070369950611673,7.576453994658746,0.4677959928502069,6.49988842766823,0.5432159824487701,5.628483681801538,4.213066186225736,0.379517633796727,-1.658568937245411,1.1167431096114209
MB-7061,11.926451842921663,-1.9235659645617866,11.963981204058726,-3.054710294462878,-2.097239934997537,-1.5171266869586952,-0.9195064153437619,-1.2153804388607408,-0.43383280693620574,-3.5615511206442845,-2.939866656819553,-2.8082248435523094,-2.1863430500787397,-0.8289579849842382,-0.6080888760813068,2.471115332977272,0.5647439006676762,-0.531001684802708,-2.2669701023952658,-1.7475708989523613
MB-7050,-7.865404720996824,7.686850232736175,6.731410103724896,-2.3254516222442936,-5.4041937087059395,-4.825805300594148,-1.8353525633162977,-7.481632249994155,1.2495324381261836,-6.620882176956872,1.7579115771959968,1.1182858979889208,-2.1896703631642978,0.3220830959847161,-0.12561749045821066,-2.3294592777703556,0.5497005179925997,3.155491013896225,0.9505856203971915,-1.306681740410377
MB-7078,53.04969400810314,-21.506978644633044,-25.661975038232534,-3.2011945883646056,-13.411048344450084,4.063237150148986,4.685871514237549,4.354671826470508,-5.269214808533406,1.384873371473976,0.43462661874106234,5.220116271918985,5.854920800076058,1.2061667480428333,2.9914391383542123,-6.063385453172986,5.120619727986944,5.379884391224351,2.1709539935093662,5.4833705530482195
MB-7054,8.713538789081133,12.841817161707793,-7.535055854050234,1.8733870425598778,-3.280717051676663,-2.4779154187932226,-5.999035696321741,-0.1509621961358835,3.282507914880089,-0.2630831867673813,-0.42789080702163507,-5.912506269162327,-0.8480195590986696,0.2656968810243256,0.3230323119066771,-3.319940545572826,-6.841596971706505,-1.5255777287379224,-1.4465438793643608,-5.413777681875006
MB-7048,-2.496047559383765,0.34402307736165194,6.334628498757167,-4.325939197980884,-2.789537169008726,-3.6026855132750173,0.7162026625457009,-1.4033377765459272,4.147365095915365,-0.4925484315034293,-3.470431563906265,-2.0275127841521936,-1.1384307455133449,-0.17164706691987044,-3.731044094250214,-0.2449811975279522,1.9746785381476941,-2.6374408672900884,0.9436619133316995,1.0138242531463477
MB-7058,3.1310343994658254,-2.73501586077076,10.389014905973108,0.9500227012878342,8.137502177930399,-1.7861713564184751,-3.481295943467993,-2.312054461640278,0.7914919520695033,-2.98876163139945,1.3555491664459902,-1.1254519310106168,-1.7461164114667709,3.445906573147552,-4.665100088546504,0.04171882708318187,0.16579062450219212,0.259617352799247,0.6962553115358252,-2.7380816393904026
MB-7056,-8.387818015415075,-2.4904766572162833,6.93229989794374,0.9370549314753456,1.3282928379169985,-5.272119290906229,2.4389771108082785,-0.5641600226530127,0.49716019928317384,-3.410214040273728,2.1497634228219593,2.102776803650306,-3.5553750601401424,-0.7607901971241139,1.9240768049991044,-0.862652108012562,2.8670473190512316,3.3002896515158313,1.9832083676542362,-1.8080482499359019
MB-7038,20.169838514451687,9.373312173044406,-4.7775764481644885,7.328968969105027,-3.047141970553447,-5.575249773540172,-0.0005384339311605757,2.027953549246773,-6.549072427166062,0.16040557138367714,1.9895944686236202,7.181195770599907,0.023443078104241684,-1.660005573555701,-2.4155488595481893,-1.1750930757883802,1.3780368228046598,1.0210616846043332,-0.14983055901891196,-3.38591081360893
MB-7086,-16.488373070006325,-3.115584096638695,-11.877062316036321,6.66455478827761,2.2629077687335366,7.390566265608835,-0.6917884132749813,4.259852968383373,3.2707274839100817,3.6457487259737267,-1.8898712494670427,-4.672761039309488,1.058589180039364,-1.5091855098255127,-0.5493766318137459,1.2064339706172185,1.3982378981797219,-0.7722277963036202,-0.930861881806324,-5.191086516488155
MB-0177,0.3934608873284773,-4.8349990899833095,11.66788268020898,2.3651081374408207,0.5067599572375074,5.2083937368704225,-2.0700628541694033,7.340414695522693,-1.3569389161912948,2.2648602985159014,0.8611275231843799,3.569047234985895,2.899626612701054,4.904028753210928,-5.03553515685067,5.356920973604608,4.414807387240508,1.385130435972119,0.41861682742198814,2.6677632991746587
MB-0435,40.36789428866195,-12.79150431600844,-16.338029499193727,-3.6616328341039317,-2.1876842659672167,11.430790960498117,1.131646665723168,6.446264438786653,0.6808041513574244,-4.365163334349282,0.15823305118851927,-1.7450063958113855,5.78773725284565,5.768657026395118,4.308376389681225,-4.088630183916153,1.7882172897661104,-4.631217764752204,-2.8383902259017395,5.810966187323254
MB-0159,0.33644030283676746,10.3478067359164,9.676196206305644,-0.40994360820389625,-10.527027740601888,8.599197780164438,-7.530057847903523,-0.008403177976580599,1.2381051763535136,-5.46833892276106,5.096566633714493,0.3667866666433028,-4.073604704076419,-0.3810053556294816,4.265498647112417,0.9794420854514883,-4.05096276651616,-0.8196986052778104,0.017029723198927548,-0.5328254591273276
MB-0399,7.281204256172404,4.505926266563131,9.935463281086873,-0.5062119548193648,-3.2102033844269156,3.2394533940053187,-7.2141152633703385,3.005721952587711,-2.2745034735291165,-4.660925985606054,-2.153600495835158,-3.846690632838948,7.60385011215146,-1.1407352376126034,-8.257343237384942,2.197871830082511,3.0204439692451297,0.5407155325454369,-4.925907195101401,-0.2902969460875175
MB-0388,7.7114801681094844,-4.80079867787865,3.6379686601084393,-1.1932104176404814,-0.2499347573095708,3.5932259735795364,-7.567211667721748,-1.2800660575132692,-1.8915986165227356,1.41924292225001,-3.9292115290928207,-1.0968963674374776,-2.6556301929840145,1.821524427096111,5.751289629539552,1.5738419234724326,-0.5517694009088205,0.6140933685421104,-1.4415036122341653,-1.3062724377661368
MB-0351,-11.125582878097653,-7.283479245943198,-1.6957561825686147,5.82382552169935,1.3205953040379308,0.057785225897812306,-2.751602612766461,0.16083836354363232,-2.330097875071629,-5.925394888508441,1.7240550985454086,1.2804974842460812,-0.565338555557595,-1.8813137412075385,1.0135042888734827,2.4036664308174025,0.202340818702131,1.1415887923026873,0.30517303635742354,-4.691725634738078
MB-0615,4.027163959825659,3.684164039595723,10.004505476537904,3.7040540685420047,-7.534416918944567,7.952472629636408,-10.823649752454779,-8.127808604058918,-4.035754087202666,0.022782103853726206,6.899103260051554,-1.3019136039979544,2.3361672493199412,4.458733877266362,3.70017843554621,-0.26189937063086594,-6.687069854006645,-0.3328224823299219,1.084955585251492,-2.844876057189651
MB-0265,24.40952667133504,-3.2001665903008574,-0.7671559091314883,4.951392884970253,6.29665945137145,-0.17749794482001374,-4.168168926882803,-3.6338932022469286,-4.4963973672938495,-1.6743360860081176,4.228097935541758,-3.2300399309502104,-0.6709876410012361,0.6341861373085925,0.2317331939406538,4.509621345314466,-1.6834615550055585,-0.6671137981095437,-4.849878247552947,-2.800281288034727
MB-0116,2.7942792147743174,-5.738815061799803,6.2114223777279465,5.227371964341145,0.9297209310114184,-1.0832586993431077,0.7468129369674102,0.13605397507822029,-5.666359139577539,1.1976516886062831,5.913239219037834,-3.559379214418439,1.6658432565736554,0.5641456374662179,-1.4414946115354927,1.3708417874041143,-0.11454897289721815,-4.1570912979037615,2.405367237148021,1.7115168839898274
MB-0472,-19.85277184651736,-0.775641367092513,-8.487311304742217,10.392783269173544,6.194734528311269,0.7330206290714729,-1.3288093171742552,2.1968710169950727,-3.501587962786474,-8.96194815970706,7.292219753768858,-2.654095277510022,1.8646998721193626,-3.3782835007044474,1.5587689020083983,-0.8654004389338298,3.939028895208716,1.7020496850485969,-4.704906928705481,-1.1139341333168487
MB-0191,14.178148870412798,14.33718415754588,-3.1270326610160346,5.280930031600085,-5.971866788351922,-7.415942219550052,10.15834903618784,2.1646506624352555,0.703273345821542,-7.719252001776235,1.0993776243617663,-1.1520601392237986,-2.9048226547926865,-2.7915147801814215,5.520371235586137,7.586565021938118,1.6521966441684424,-4.966397365063712,0.9702992196832455,0.2663173073996266
MB-0231,-3.520487936215964,-6.990798150563004,3.270190248555009,1.6811364891749012,2.1128100514276134,1.0042965371254768,0.5464679407536336,-0.5573945793292526,1.4571071151831518,-0.8970637090702244,7.918726487904816,-5.669738672917279,3.752560358680328,-3.9318003908783825,5.347943878662461,2.4976949073319923,0.9598186567722031,2.3188577210787873,0.8558075164260259,-3.6574208104434804
MB-0558,20.25801059746429,8.660458828817967,-8.032505318578426,3.2910126048053066,0.8589578436029196,-7.579224525660384,0.49653100486848867,3.192967427306486,4.986361930930921,1.4688280525466084,-0.7219967025313886,-2.1879116721331506,-1.093050813163576,-4.7232125483353995,3.2835446540011253,-3.5198467101700897,3.626000127133876,-2.0733489775471314,-2.6527475141829737,1.1671766950251956
MB-0393,5.727962377213247,-1.6375449870665024,0.4829576058330559,1.5109800792628068,1.4302211763917843,2.467657781978232,-1.3517877312261697,4.526747186423062,5.42410101439928,6.252450135862109,2.197384230010426,-6.9492538389915275,1.8405549763006739,0.3628289466657957,5.148002237565206,-1.668492064390758,-2.242117300714439,0.20924131741026294,-2.266991985700686,2.61565546381836
MB-0553,-11.620541581036457,2.839382030433084,3.9438605031892644,-6.44456359170357,-10.329514192976971,0.23460994538430127,-0.4458659607497439,1.1442010008952233,-1.9819598988154152,-3.9133907625188438,-7.755674495777032,-1.6052732440529742,2.0305569728248343,0.3935211335447723,2.890024380917055,1.4712956462241766,-1.7408193763282407,-4.949224268040766,2.1209973097002037,0.20930310590685774
MB-0587,-10.181050044847817,2.135782560684332,-0.0789950048210274,5.707867948074738,-1.681993532040873,6.113886393727564,-3.9682287389812316,4.1769735315236645,-4.334013343651979,-1.4444402261183231,-8.424195827474811,-2.5657882129502427,-2.757475288289627,-2.009475336563663,-1.1664183273028463,3.175886488552276,-2.8679174925810194,2.0414476499205336,-6.7837768274359,3.3594043808971277
MB-0611,2.0390108387097015,-0.0818852198221274,-0.22709022615383898,3.7682003507191304,-4.147043770990078,9.104869525285103,-2.305109048941667,0.8476566327310514,1.841570534533624,3.643182657116845,-4.707007999824809,-2.796802044945471,-1.1122429551563138,0.7984784713898367,0.997284500092808,-2.46846127264229,-3.4658874376952022,-2.0277906938938184,-7.315828535200019,3.065944096960481
MB-0640,5.083751599246771,-6.679341874968312,-0.0862054635156363,0.14659998994830462,3.064292026839691,-3.4058523217987093,0.8632984980275491,0.11198973607351645,7.699302828381491,0.7264744730862069,5.461190236146272,-1.2359131599048032,-2.5504075037744434,1.81906804249833,0.4433996412503044,0.22887999879607068,-0.5849643422264371,3.252432929776843,1.5058024771636929,1.4450447060206602
MB-0114,-11.43706358176326,2.4898349059308442,5.461920891006032,3.104708669661588,0.40919924627590476,-0.9463908784700549,4.996237247961677,-1.3152365494497258,1.2480962755715515,-2.1743680509543077,2.396874574140274,4.704498559019255,-3.791881996939548,2.306195424085764,0.5314406443933858,2.4757428629807445,-2.2822796212584,-1.0524841655181536,-1.6082831622668685,1.571490679935101
MB-0222,7.192814126325882,-8.841104240733017,-4.141678892224026,2.2491566083476267,1.1394899421241302,6.102792847739467,1.9878349288269452,2.7022808907566063,4.5715249232430315,-1.5148344605470172,1.3112153344647286,-2.45246490417058,-2.515074595852107,1.4661345592783153,0.4636073491505105,-0.017095551146190702,0.6918485087116275,0.8860429059331736,-3.1352388694880986,-1.9243172078211888
MB-0284,26.150897136092336,4.574820486200945,-0.11465511146368591,3.8833095615716244,-0.5781414679695315,-2.29000426828254,0.2369180180435429,2.763235062418005,-5.775360511895313,4.243997906470565,2.787509665641334,1.312421742372038,-0.35825308517557125,-3.3829290599557362,-0.4304458669167198,3.6363351258528454,-1.2458349122812884,0.3032658777733664,-0.7274371871982733,1.1857244354085617
MB-0459,-1.66284085453372,-5.156603111696855,4.195219640094497,2.3342887495801348,-4.917611691886345,-1.513417790279195,-1.7569969000284642,4.459474349165534,-0.17609853043686358,3.5149728613813296,-3.794753475591925,-1.5416306478026431,0.8575912981448296,0.7964966152127981,3.9309507533823043,1.8123970428983498,-1.0814408019204738,0.7621772460577899,0.26053813431321865,-1.2861387319471749
MB-0128,11.876669959465787,-7.2404451856359815,1.6804707050756864,-1.6042403954101807,2.992560828807079,0.28746680195475105,-2.8279816211063245,2.6460288862169397,2.445052946644387,-2.2975587665343293,2.1578165323224585,-2.390317104242242,0.6298591750751407,1.0514807180372063,1.9303308456795916,4.973791679546524,-1.0238572060237066,-0.1722202024129858,2.458310171962514,0.7335606895099951
MB-0639,11.345632985734216,19.69890485776514,8.837356827940694,1.9597033555185404,-1.1254701677877887,-4.302830899608027,-2.1075361916646553,0.35037669133744453,1.9493893065787473,-0.40650685892985144,-1.606976831427047,-0.7087669020453566,-0.25573019630917065,0.5229110171951952,6.491427817733052,-3.881411406301139,-2.1004257498618806,-0.2522983797653182,1.4279771891499995,-1.6562457409735216
MB-0318,12.44521784407249,12.806053606794551,0.31644768677031243,5.136059781264569,4.4735868446049265,-15.343182248995218,-6.413285416785913,-5.826462066384607,-3.642506800353508,2.1067661259846715,2.617079525768882,-0.7862001076924039,4.299931249183972,-1.082322023671653,4.204081984963857,1.668601349405927,2.4937406474944837,2.6459145460531395,-2.4852305253544107,-6.813196067506512
MB-0417,-11.947109024623733,0.01273855449378575,-3.4362017163411336,1.89941058330782,5.672524406072203,-5.14831161775053,-7.574836874777329,0.31027964524519264,5.724561898010175,-2.966722523293026,-1.9630086889287561,-2.554321732846258,3.892683816747363,-2.2709963213055917,1.387859140292035,3.676405335408908,1.439501153235564,-0.8284459358803654,1.1913938913576856,2.3891619869860627
MB-6238,-5.273232999317987,-4.970922958870807,9.266228253621234,-1.2915749649955146,-3.3501406010928783,1.0004935108783393,1.3814265861719595,7.877923062437426,1.0815992285352196,0.7795857880778057,4.014522994332466,6.417106374388876,-5.1456267125463215,2.1423519786511354,0.6252257840311464,-1.9043004414395908,0.08845861028196036,2.3180202926448987,3.896939490146991,-0.9985400946915262
MB-6286,-11.549190969555717,-5.332363796284927,1.545230939788758,-1.4867079874178735,6.437367229439179,3.341769458258954,-5.1780170947647886,5.71765768477493,0.9557353164354179,2.1425190718404474,1.6865434405855524,2.426109054060191,0.4534299093378813,1.646673914556682,-0.45363352430992954,-0.8437437569432218,0.07670345040009878,1.1815847054044035,4.850120248055915,-2.0995950353993376
MB-6328,-14.609811341938205,-3.9579080638458657,-5.842060398334977,-0.34598179526235273,0.6680136937723349,-5.171098121598066,-3.373390232371759,7.515633271283806,-1.328163402259274,-1.4548063996675344,3.3586810451616538,0.17694052003422106,4.019901225033089,7.445619566362368,0.6243761510947186,-3.2967378430598795,4.621027144301496,3.6610287180453036,-0.946113833949525,0.8021933227930836
MB-6284,-7.679119408136036,8.941244340691334,12.371352363171695,5.370525294274453,-1.5271177503544728,-0.41712667702976375,-1.6618102067857812,10.59498827640876,0.11301595483846061,6.035500530976479,-2.0515311299789802,-0.3169301037894569,5.301649395301918,8.831657213292837,-2.6761316987017505,-4.86154460328841,1.5938272892165415,2.084259241543092,-1.2058824601202278,-3.5252411446846663
MB-6363,-2.0591880629221717,2.9432636043177967,8.979176444515728,0.14245329177029264,-6.848217462111534,5.536541381177449,-11.458837005944105,-2.6005234859493513,4.975878041839239,0.7044369190474318,-1.2664612474814554,1.3410096789616641,0.6450990301978039,3.297233277446036,6.778121898676518,2.236219383481503,0.19574377369752952,-1.0815500063687573,2.08577258236253,0.17196478096616993
MB-6224,3.527589142968728,7.646849369081096,5.633973982531469,-4.90839191813578,-4.380732286194416,7.832260016280921,-8.927356834709638,1.6779425939029198,6.562218036546241,3.2007942369186226,1.1185242886022613,4.665958825298008,1.451512045827972,-0.22011541591689338,-2.8086341890940085,-2.832842483983084,0.5315313398646317,0.05782185149170108,5.646223620903337,-1.3520531606533646
MB-6297,-0.2990918691750971,-0.8440280102683801,12.322695075578466,-3.800321258847597,-5.705187694769642,0.09166074152624172,2.4220265121118,2.596471823304558,2.2321760472549834,-0.7172374910525037,2.8949917766007327,5.90785920058904,-0.7591506269444851,2.952073676519922,-0.5799285719983444,4.31967277989126,-3.262246183404641,0.8239218274243865,-1.0213976577549968,-0.5057080609388105
MB-6239,-0.4812947397052855,-5.036895427793463,7.563185370682997,-1.3821701706996048,-1.3525798177075328,0.8685826831411755,5.154438778595957,11.648510650811042,-4.13609715868196,-3.650593055570082,4.668931293702476,4.6754782402398165,-0.9057080105784769,-1.3282034672019591,-2.7985887881334035,1.4933871762205135,0.14106277892497027,0.8214766702814894,-0.5739976000105917,-2.2738473350762947
MB-6208,-7.690592408403191,5.74009095544741,-1.8540678754703246,-5.414448272428798,6.841503182093459,7.053351248387955,-4.918515720320623,2.158229440640542,2.155835797208588,1.65274118273734,-1.169861264194433,-2.2556794733171017,-1.2195685620763985,0.8689126100033008,-0.4313887808083296,2.2337661342620616,0.4495296776569889,-2.004608043853922,-3.886728503235537,0.3945120898779497
MB-6273,0.715130085155962,-3.62883624144918,5.203575366162835,-17.86800955355776,3.8364889053605356,-6.9866514798992005,-1.183142647326315,-5.168529065064016,0.13794585872511056,-0.4258134989214359,-1.2063386580310926,0.12406192271480673,2.7635646208158646,0.29543580988917567,0.00845388677438539,2.7828654466507117,0.20077008022673518,1.384881836095735,1.1324698222973202,-0.6640294858461532
MB-6344,-6.23291780088121,0.9143452652008383,8.864288194360212,-3.5712635105455646,-5.255470870976096,4.406441303502442,-0.5571699267234215,5.806675947225605,-2.2302151923023694,3.76053967622139,0.31557269597780635,-0.07898643407638346,3.4699080928921164,-0.26971823027189695,-1.6128981367314612,-5.017721083030486,-5.0211255417151195,0.5658295868457562,-4.250327126413013,1.1505302152921693
MB-6312,1.091548356372522,-0.4774723760938635,0.10563699483944834,-7.375205076683536,-8.09323937443709,-3.4408140893767953,-3.093011712980816,-0.5955481303568024,3.904446485434269,0.5148780829121581,-5.713866719188147,-0.7159363227511774,-2.0628033405714326,0.26439758560655735,2.7109633203744563,1.2845502113550624,0.8683492012510513,-1.8335006728831567,-1.2630045963584569,0.6885831497245346
MB-6212,3.233295701866356,-9.468171885637057,3.664034149608441,-2.480777523139451,1.2213629068513194,-2.488111944360231,-3.883035365742813,1.857405952304279,2.68352246618187,2.7868115133178666,1.4477281849145105,-1.2057694643467591,-1.4558581625216636,3.9518703706398512,-0.5346244961918596,1.6106369176349111,0.07088617372962416,0.3370267067078686,0.07851492097480799,1.3365816132942563
MB-6302,-5.979511857074773,-6.7238524536172255,1.3540725524600592,-2.013247152803475,-9.717959649633107,-3.6536864361966037,-1.3515338158765489,4.222545472688592,-0.2977883040466678,6.54156125596902,-3.602547436817285,-2.426561741579949,0.8233475604339725,2.705514935026537,2.6252861280557056,-1.1778265660427791,-0.8556298958484992,0.5228575709677094,-0.26575229167381775,-3.7859842197062203
MB-6327,-19.801712455894304,-3.292706368616182,-5.282648625044589,-1.641958506802268,-0.9798949184404208,-9.75678898258603,-1.7529998752919953,2.9072440285774426,4.971090050437919,3.7329861856087296,0.573069142276845,-3.6207272781510076,-0.34443675620840936,8.76331359053744,0.6102394264830219,-3.8958537014511467,2.8253088592562086,1.036755408039416,4.353962635740092,2.6497257819220983
MB-6287,2.408269490427404,-7.547986691442853,0.7069074012748287,-1.1537080508624107,-11.833921941476323,-2.0524229386531423,-2.49876939862067,0.3690252862157756,-4.59782501689809,3.744572674746149,-6.736993219396223,0.6040011408336082,1.6516599050025251,-3.1060763650384677,3.9947790058542276,-2.1694671263374365,4.412338069541833,-2.801085337041959,-4.394900647836469,2.8189930692493643
MB-6213,-15.110409474680942,1.43922471385995,-0.5429393414596093,5.0923332097516605,9.272930990473839,3.330899033293571,-7.293383328416765,7.251598344958344,3.776793427227885,-4.073524749318176,4.643129811994781,-1.4587193650827328,-0.5526627118521186,0.8984529365884043,-2.0969239015887027,-4.514474944178396,0.5561880028106838,6.340043740264621,-5.268410114404382,2.567088881915952
MB-6251,20.00838165613824,7.6679294668637334,-3.3341818780127315,1.1305075983412451,-2.8627647501444873,-9.592135163066645,0.09807852444510472,0.8036422190959804,-4.839305693312554,0.8287115252098982,0.8514755691208021,4.210976504014915,-1.5197715802787266,-1.735635351593916,-1.42917232860686,5.978215857733639,5.897024855034991,0.5806929541430762,-0.4243221922126811,1.7532362266662012
MB-0489,31.912948861475456,-8.733896086054953,-19.630712588097712,-2.194876395919851,-1.664949349059893,14.93581224021388,-3.764154942778126,-2.469608376112994,3.2806703857081074,1.0916691319902176,3.3157546384801604,0.9897110573148198,-2.577343561463392,-1.501159620861884,2.911511734022422,3.1953299304961655,-2.1461455611003157,4.1257555434,-2.6143897165283994,-2.1089693273071277
MB-0876,39.82773424105073,-19.858010768631072,-11.067611103986765,-3.1831667225105957,-4.562627293775591,7.318495809624942,-1.7597737898879995,2.564600678084601,-2.1895622364413945,-3.2139936917932226,0.21146466758677604,-1.8345784955412052,3.6642668118138864,5.897754243772048,5.635481391811608,-0.2943924599114924,-0.48490210825086283,0.4156211285191887,1.251764414555299,3.384865163670964
MB-0342,7.056200666450167,-4.464307460546119,6.323165950187037,2.126133948966389,4.678685187017785,2.6803732378328573,-3.9674572510818393,-0.5847449258931445,-2.9457400119464423,1.0757781974127238,4.524285373017686,0.8120158835306027,-1.5309344427697624,0.1162489772184718,2.3344225004043206,4.882852287689088,1.4418453654246894,-3.802012776766154,0.13330731627268677,-0.06978360366196745
MB-7289,10.630024189721526,1.7256560892511903,9.414280191461543,4.495730949744534,4.354757928921885,2.780249153384851,-1.4451202269419336,1.8940716997308726,-3.017450967931053,0.6378786973288519,1.9175565024965804,-1.1429137616876632,-3.4785491099424712,1.1459644958255526,1.8384625439233682,-0.4502335908134125,-0.8469266108526228,1.6509058281455247,-0.9219626022448829,3.0045885275232154
MB-3253,-0.8646782893506478,-3.8571951560829647,1.5028005618633007,-0.23661700476753317,-9.434136112505282,-1.6929682240849568,-0.05729129065509389,-0.26398077366455663,-0.7560660540567569,3.9327540854234533,-5.057624075444807,-2.186287432996133,-1.435605821367713,-0.5277760154686714,-0.9486607590039094,-0.9859121540955925,2.9517052562657478,-1.3249549805296363,0.7208869482867156,-0.8117481539457478
MB-7291,5.184287313224293,2.9828043520696843,5.277169349815221,2.287878653597715,-11.37723488743614,13.681677822859411,1.2827162084747286,-3.7823302044382205,5.477021637880186,-3.5905686585561125,3.1750549372252244,0.4406553352754507,-5.38432656075312,2.0512432395576154,1.6787162334675758,-2.5143272499170384,-0.5608442670690554,-0.5062885368559126,3.701285849207199,3.558719138815586
MB-7243,-5.315896056238879,-1.2967162195765405,-0.2255764021313477,-1.042490280055228,4.6137661772404135,1.7569961069054634,1.5687318229955787,1.6907942663849662,8.01257799619653,-0.6490610295232977,-1.0232227516685375,3.6690985044319233,-1.823263165084444,-2.652100684645458,2.238609289770762,3.765824722212061,-0.782561860824875,3.2212722025387213,0.5767453463059102,-1.483502594653503
MB-3466,-5.327554868111167,-0.06586517903580265,1.622741083957797,4.644857415652115,-5.136376001408734,-2.9021227880968743,1.4150468339613709,2.2844001324553687,3.812234039632955,-5.249577602913927,1.254899561273588,-2.4035930450413145,-2.755962060078878,0.5050214716077523,-2.90267482977964,7.841367080742881,2.537635148729758,0.4097357636773899,0.9330447201705232,5.402073234306631
MB-7286,-3.802652157671277,-4.493245475646371,8.75933521967215,3.6224572736556806,0.2282643481122877,5.08125889645627,5.011026500819211,8.781939157035131,-2.345809620548581,-2.111083589151092,0.804735947100398,7.084666331774839,-3.1779409972535,-4.692360059506193,2.791732749783334,0.5262465237157634,1.3666258524732107,0.608096001291557,0.013289144916186468,-0.4782789200806587
MB-7292,5.283486871257382,-10.595745153031112,6.092574776109892,3.977484025672405,-11.044099074164201,0.10969850768027703,-1.3355282737003205,-0.45071906812481144,-8.135431518104463,2.063193150477989,-5.110120729272344,0.3405499966623412,0.8267048364921349,-6.152069956497,0.917671889983966,1.5059656919393243,-2.3037240494629625,-1.1599095926340486,0.5986483764936463,-1.287098092801763
MB-7275,8.546613184262393,-8.004929203816863,11.49519516168348,2.0732996587864463,-6.428635099883124,3.789864444867727,3.63686728642854,-0.6079986241735552,-1.227730313839917,-1.2357731962194085,1.6936493503742291,3.279131125278616,-0.7315752039504811,-3.321131762025526,-1.6000435690364005,-1.6110275736061583,1.0095744253115218,2.150739904328396,1.1506900370167752,-0.1536160678715341
MB-7249,-23.023182319489248,4.211875703014469,-11.024757313115726,8.03334732367645,3.398222613565888,-1.8820508106374672,-0.5705340748061785,1.1494050173347778,-4.169524607502821,-4.411840913289432,6.4614520372470965,-0.8133644367376662,2.616599046015169,0.13820882861078498,3.635205884225503,-2.1890075538547973,2.9349920115724415,4.808679974007894,0.06158950664502313,-1.1554302758125463
MB-7295,9.089618704274404,-8.306514715061311,8.20744219819123,4.414413254532796,0.5253652096018914,-2.0012755134699765,5.5354606628734855,-0.785546646408164,1.8930283890673327,-3.2019022201498037,-0.6886944862426471,0.7748868590074182,-1.1709829621857972,0.12446132295231573,-5.093386973439787,1.9076826958058577,-0.9713341577006078,1.2572678251640448,-0.8770209858880865,1.9630024929150285
MB-7297,-9.17427995616287,-4.324811076279817,-5.13378579223268,8.01204021462912,-4.0600481214538,-0.08196375073954643,3.06648423790047,-1.9128038063979336,4.939567471122254,3.426596284855883,-2.7791026067787605,-3.5765663960252834,0.010080077972560452,-1.3220535884060431,0.6820601690698895,4.12910335240699,-0.824073614221209,5.266612600654422,-2.696395253345208,4.7209473892985985
MB-7294,-13.063149520193521,-0.15298984479726896,-8.161400587816969,7.954329206974595,0.48957184537571385,-0.871398701947272,3.7550245352493556,1.8978022040153308,3.1430379715503656,-2.487167014647325,2.5993769991388223,-1.1056530878429585,-0.7035586149354275,-0.6120649847974632,-4.097719517132224,-0.7969022145911889,-0.7107899806590231,2.910510540118018,0.9496700696737859,1.1632635641042837
MB-7296,-5.714760849259307,-1.3711157529514557,1.0103448977736005,3.596305006680063,-11.7046319119093,5.457481908811953,3.4953632332227578,-3.8481486332301933,1.9599129119905099,0.040019334708274325,2.8117629959378037,2.718130293723899,0.15384209490484718,-1.0844028599226212,-2.3105019017269903,-2.6326990452999213,-2.379833160252759,1.2111680360878605,-0.9828433286169246,-0.4823796322053203
MB-3402,-11.95361491570946,3.14760561670175,6.163222557785284,6.725360509867118,-2.693476208137522,4.919884778944452,5.726928837783424,-0.879144827514407,-0.25831739497791595,-0.5448813267956759,-1.6228867674212357,-2.015418967652939,-2.8116475052834824,-1.436127207173079,-0.38335397964950535,-2.6804229023442048,-4.073282591946097,2.3666191584801877,-1.3804028334997152,-0.08639495375703973
MB-5113,-4.763560131173459,0.34038475014038144,5.96961845652779,-1.2594222556847179,-4.520130663163326,4.596657393421179,-9.93491723267114,6.4802419301750716,-9.997471151829599,2.1575508403375867,-3.4688501204070206,-0.5562056157959622,-1.9902979964584417,-5.317058629689281,4.0779246486402645,2.305556446439595,1.5675269598318475,-2.433044861219459,-0.30803163525035016,-1.4670996949439261
MB-5450,12.651856031104785,14.59294242944909,-3.2067548386775124,-0.9936061551264207,0.37391648469915784,-3.6106591111205284,1.9886457321103441,2.0065430485254683,3.6533939025399245,2.1799151999852677,1.9483819117276877,3.6737904895340856,-3.19128020513558,0.9703656760173953,0.6098076182949973,5.8204995158982475,0.3324349201785614,-4.094007814028048,-0.19297738561096156,-1.7992563727801685
MB-7032,-3.278519392304334,-6.425986904275861,5.670061953863564,1.52235573270162,6.790261268910727,0.2986562148296246,-4.602416010676735,-1.1011092420723942,-2.5869069135738747,-5.607815688013343,-8.143068578868169,1.5385387637180208,0.09156908341094216,2.4351717391756385,8.77110108316222,-3.9250539951736108,4.349212395503362,-3.228380795898207,-3.0525241219735957,-0.8799305521997751
MB-7037,-13.721613382060395,-4.521226623063563,-2.5240317196426725,6.280695873953534,6.240370871934226,0.5521016239781924,-7.041089063146546,1.2030848450516254,2.3093280343759823,1.3111139369980203,-5.038561198602019,1.1163803677753257,-1.719650105298744,-2.1854709476664542,4.328596574507633,3.2772633317148983,-2.8537255315058645,2.5804292088014353,-0.15298938540898396,-1.6583992469885154
MB-7040,1.607285864942162,-7.880048710897807,-0.8616464119406719,3.3260112942134383,0.4939616537989041,2.429328654909627,-4.295373122308976,3.8644974814854964,-1.189364490451406,-3.0226728055040897,-1.740666541921848,-4.216023518708689,2.7812609194184095,5.845329622844457,-2.195847416094407,3.462528170850489,-6.901242276624749,0.2522543059556953,1.785687447593384,-3.191116902869592
MB-7020,3.1972760589859717,14.139858282519688,11.36251413911094,4.540731567873909,-2.831662049996995,4.67064598341275,-5.238211897356599,-1.3069901047108818,-5.658938149555337,-3.103472133596052,3.185350936826962,5.963262939510086,1.0597579223572409,2.4479694850993985,-6.407280200996091,1.8250527094517834,0.223792325654169,3.876975474545923,1.0026424500428013,1.5214036335376278
MB-7042,-0.737955730028629,-9.349728542336353,8.009576819432654,2.2709113691856238,-3.450033600418409,0.7317727059030696,2.408065766381333,5.941669349151265,-1.947032937805689,-1.5394065536027355,-4.242426854397461,1.1453904766551521,1.8703513616209393,-4.1738458513456145,4.557105583422847,1.90512567467664,-2.39020619468199,0.9142245670061208,1.2653011849336757,3.621720802894983
MB-7043,13.325627602638555,-4.728546007346763,5.109414248406961,-5.439390927053234,-2.2139667551267164,-1.5245919690309917,3.1421791528693994,2.052087409277562,2.62864625961672,-3.4818641333138904,-1.5407629860671164,-1.7875855961363594,-1.7631319182570924,-3.234763725727891,-3.029997505939591,1.6675928972268919,-0.29717725206489043,-1.1922159218701354,0.3020593382657548,-1.5699609563713215
MB-7028,-9.30656156687621,1.1869441575167778,7.33074264926183,1.053834925712026,-9.576121793109897,-1.8548524057290126,-0.9325063105081765,4.05810601623123,-6.110296186483733,-0.5894610450571801,-9.277203507215567,-3.659778291662392,-0.34858567430520293,0.8856992659871904,0.07352276566327408,5.953888699316443,0.1285699494901916,-2.2594115483484445,-0.2759560106096124,0.7693155246126429
MB-7029,4.872115581011423,-8.665604311569815,3.2065219870055137,3.4331371563560533,4.513035556747053,7.257675499017943,-1.1563452953604059,4.138028324895476,1.5270415233902077,-1.71660759871968,-3.9181808918831735,0.35594292794842164,-1.3801639570734854,-4.721358732407151,-0.6194314131442723,3.2651680751447993,1.7560221504577294,-0.4691417537994349,1.800438663925782,-2.396897406410492
MB-7027,13.681156730606958,13.319574212332137,14.157416108184286,-1.5602934903621768,-7.382116696238339,4.944146993769525,6.542042986385945,4.21503114739386,-3.7517728909817345,-3.476528656341551,1.6743917176926464,-1.81438039254684,-0.1084644266770905,-1.1865072770216323,-0.7409868096632327,-1.521713712400795,-0.29490357377254944,1.4344459200449746,6.583108386579311,0.4081435686055913
MB-7060,-9.186207170326968,-4.0122869810924255,2.6202442228853093,0.24107419848705522,8.445510748623663,0.015806669603094285,2.5401908273069718,-3.6031441670680238,-3.341341264681972,5.526263245346829,0.7235310877631722,2.237325931745518,-1.483120166952242,3.06896942046007,-0.8877821233999084,1.9088671421247687,-0.9098554554828157,-0.4373033905524437,5.861571227092316,-0.7226679602139892
MB-7034,-17.67924743089258,-4.259191587428764,-10.162798001188383,8.72534535273588,3.2543522869152692,-4.2374906108040005,-5.7839023612877964,-0.9589242114671591,-1.0710197618906403,-5.813010303793298,0.9628301118471824,-3.116741574847533,0.7189112951982969,-1.8519750612609296,5.59102968215688,-3.5491031924494716,2.6038305933020642,4.0858677543820106,5.9679394026106065,2.0399997256234386
MB-5191,10.081002246566197,-7.916904329436256,7.23049445182239,-9.269283612608342,1.7417939418462502,-6.986824159255215,-4.689306787743933,0.6024323373501077,-0.5898092354501215,4.059769772483852,3.764240646887686,3.0024202534758855,0.4834260250615427,3.61630007588096,-0.19995185462666865,-3.615584058159758,-3.1030696305542835,-1.404086687346244,2.0254383968257144,-3.28556311474881
MB-5214,5.540242318160002,1.348060582491662,0.9459785083723474,-6.703688420239664,3.0627334995416216,-3.229772304596212,-9.56918209341185,3.3397352747556273,-0.04221775429838674,3.6605876302263782,4.073990527042305,-5.978092025124659,-3.05490071161117,3.418508346487888,-0.5497541004002555,-0.37589502967951616,1.5087630006092723,-1.6038351212240243,-4.2526955897452146,1.2624069904146826
MB-5204,-3.440655737582604,-4.531216898300308,-1.7843037523219183,-2.953464471785105,8.122088732984635,1.9789591942344127,-7.3272421679696835,7.775088305884899,0.7965348526843252,-1.265886749168184,1.0387768361529133,5.406205553383162,-2.236680388797755,5.137547898359529,3.4177141643059157,-6.93750457617707,1.0678710041252313,-5.198488728310696,-4.260233654347131,1.6671874842987455
MB-5155,8.242203830410318,-3.904101222303449,8.827298972172015,-13.997384933350128,-2.400067928913901,-5.78843946179258,-2.2131560877602707,4.185247181242512,-0.6009544217200464,-2.838554485119679,2.750474123207426,-4.687751808462849,-0.9199172053826876,2.132066217921264,-2.7905090692244943,-0.9760295276023092,2.3292693106844733,-2.2137863620838023,0.2989389057352371,2.847727908901318
MB-5190,0.10266388642380614,10.913765755461036,-1.9924979236153912,-22.18908235855634,-0.880646111895618,4.448639602750176,-3.751196522209655,-1.8371777784959924,-4.03547205335991,-3.771852720952527,5.900830575715537,-2.628753324204977,-1.9408732095765944,-2.2965665399958137,0.47672954767332765,2.6312935903174446,0.6094289943351924,0.5486503639058918,-2.6163285139533334,2.5276576120135834
MB-5614,10.31871753782454,-4.334437362062762,4.317306586668869,-1.2892147019317988,0.22671966368790253,-0.7356948134636278,-2.724079662494461,-4.902113255531923,-2.565868275171518,-1.4500995124190497,1.847972070536014,-3.9785555107142376,2.0058658885690885,-2.675132572432142,0.41898972550191643,4.731463064166276,-1.0438114233509435,-0.05362869731588038,-0.017525861061668216,-1.3812539476526746
MB-5592,-8.556587549870756,-2.6577436920598996,0.6013141754083579,2.26660467918421,4.301685102626991,-6.172317532360508,3.4540413001389085,-7.885538427383723,2.320419673741854,-1.6327977699283462,3.1935489482524804,0.36738706097244617,2.551194901012355,-4.96995312254536,5.2898648880241925,-1.830307245110509,-1.7653679312904478,-1.857002546013826,1.6417255659492045,3.3622602446465133
MB-0437,-6.174082844432616,-9.915282190863454,-9.916737791272123,6.432856653681184,1.0134638196999284,-1.7481547887580582,-3.406463924148522,1.299719132544634,1.4295888678374116,-8.541165938163122,3.678483902716036,-3.4182170300993384,-6.55635917021443,-5.538791256577926,2.54570849544841,-4.245583649725055,-1.4786780590133277,0.7314368958609663,1.6137921627220255,0.2677521727630772
MB-0028,-12.821327892721794,-2.0297178501256834,-7.028990963710406,3.577294268732562,0.6504798519667464,-4.146273569156343,-0.8941806608598066,-1.1237246858572947,2.4288472852512983,5.991488208805509,1.6161570575697748,-0.12537891044155955,9.851497007147515,0.08178537145859857,-1.234516219023977,1.3778289212356025,-1.1280351997366522,-0.028653694508875935,-1.2140609103233797,-1.4295079415910767
MB-0309,-3.998767456082547,-5.4626195236526005,4.501034940377516,2.4113316750089733,6.239205225604635,0.13623112217105204,-2.7081681549530465,-0.1729497285101872,1.9942980452320727,-2.1249429995853935,-2.2285801934892127,1.358977441598702,2.8855273210727015,-2.789414159427503,5.715575790295454,3.5362024581053917,-1.8645933977556928,3.329248576744137,4.058207380214842,3.4107868888105464
MB-0100,14.857149165225762,14.741981543959184,-6.170351248103337,6.474644937641298,2.569110168957345,-5.350850395362178,-0.8232008209685892,0.0725799612306082,-1.1066086359536798,-0.25457422953982606,-0.9629804997187033,-3.6836909859695037,-2.152445127793659,-2.541250211882942,5.51817849053069,5.006697177692989,1.5474074918150866,-3.2221094530199887,-0.3531822350543861,-0.960742796334673
MB-5648,-14.270073858695854,-1.45018484559292,-3.2414764768459943,3.5713065445752954,5.516705950196963,-1.6463567889026958,3.4748743349648876,-3.9886189290119405,2.9505082530147018,1.7534198003383636,-0.11495373819370218,1.393046232793972,2.855217334785045,-5.028695019610287,5.0976877277801185,-0.6052993972652786,-3.301589710645766,4.671372796844022,-0.8451389040136597,-0.9661148519850277
MB-5572,19.255313439045757,5.681982468466632,-15.479443515412806,0.9771987987872682,1.0497217386816284,3.289224401777652,3.882178328235497,-1.933558987616082,9.999480966198796,2.7585839220372987,-0.6037830263184589,-2.92770914007005,-0.4520464782976299,-3.4685612617065336,1.8093654287148129,0.16832393260400738,1.54626995068824,0.39559915655887373,-0.17989490659886445,-2.440025884524093
MB-5655,7.937880918489514,15.800310221220967,-13.542808397988418,2.246872662060446,-3.1195028786576136,-9.07823155135003,8.298576665306776,-3.9450795259571247,-2.3653797029318393,-2.8720313557009436,-1.832489430757409,7.00729177259971,0.4395137801355154,-8.173055943238841,5.151543704980126,2.3297836277991175,4.101068085320664,2.2442888925855375,-5.278181274676412,1.0625745008974878
MB-5577,0.47149161569955295,1.1940070115407404,-5.693801121928186,3.616299880898696,6.753641671711976,13.274192860656449,1.5202028267605803,-5.38867208325391,7.611674851568359,1.5434106805778887,-1.0737759970516871,-0.2990914220425209,1.9567003982471052,-5.8133947917996345,-2.1765197853675113,1.1807023857023216,1.465998127595549,0.13369104047859623,3.6141724996559415,2.7229796122172774
MB-5585,-12.404766357946437,8.720025694016208,12.97647696277654,4.571063079022174,-2.430071221204988,-0.17051434243016975,8.81421799469969,-0.22706612629926118,-3.4671746558841603,-5.670323096076338,7.7676841363915505,1.6890797755028624,-2.465733182104636,-2.8310276606887443,2.997597693753852,-1.7057827856259504,-1.5420903214241075,-5.006109858172372,0.8534561778433147,7.323483093794687
MB-5620,-6.1647371594002,-3.623360113580074,1.6766002197556549,9.499992279972883,0.9901311520114414,1.9080159501302858,3.0782967892852473,3.3370530221778236,-4.6880953387876065,-2.810537777374298,-0.3259207401198086,0.5050597105450735,-2.1978469935389175,-5.986190176758874,6.729018733930144,1.2494465843016453,-0.7193615211644282,6.603693821434827,2.9704555594118904,3.1264597081563616
MB-5652,3.2516669579195367,10.225088272857448,4.630322629089623,2.50440074372334,6.903918360417077,3.602683836317726,-6.162450242083879,-5.4866379603754325,-4.405026420306578,-4.361128694992353,4.325272190647779,-9.246385933319516,3.1416898056227724,-1.363729073797241,-4.7351704399915135,1.4233325740726577,2.6053377344937036,1.5706990198305546,-5.863811152339583,3.5434558754678878
MB-0537,15.72299552476577,-6.797991079323378,2.7508261885267378,2.7686106256664282,7.042097269809953,0.16790340267441,-6.411654880485527,-2.74854121832299,-1.295017332709766,1.7447869513493113,6.331358169649153,-2.507005315278311,-2.767194564458342,2.5691965126800587,2.7785768607485872,4.665195888635574,-2.323419562722261,1.1940970474861285,-1.3544070353130342,0.0781974944515379
MB-0544,-9.885135483035555,-7.332778123835155,6.540717215376069,7.165221704119946,-0.10452701352557937,4.835994952622083,4.037217514861374,5.0446290326339795,-1.2437353401293092,2.8978331002467916,-0.41207911326472996,1.9634100905803273,-2.1899966068345447,0.378573340461925,3.648642096354808,3.465468004696804,1.4272386057775424,0.2880333024908882,-0.2275079670564054,1.1639066580806479
MB-0468,-6.381780272359114,-2.5025556458591742,-1.0446575617797311,2.157664973205934,-3.855720924562066,-4.365581480968732,-7.226185466836804,-0.23266822765187456,-3.201864681451871,0.8423546085225169,-8.135837567130155,-3.2352158929398254,1.363609440779879,-1.3452074619018937,2.5620365041915174,-3.026928740560319,1.0681546181536317,-5.46416322336455,1.4463780371071173,-0.5286344176088621
MB-0333,45.78347959419832,-15.165676160879144,-15.463190201472264,-4.27622070174069,-15.75876858221574,4.222856033642421,2.633580436506503,7.1970828902687245,-4.044652123414012,1.567578990537609,3.0664564160958907,-2.8404476482971766,7.693206202227343,-1.6536093940946919,2.567031707197923,-4.7253808594539555,1.6181979602049708,7.576858657520057,5.879135522975656,9.656766295487635
MB-0205,9.219134243506142,-5.966756253680772,5.218840213146889,4.26586720524259,7.721773114743736,-0.941975650929129,-2.043309037482562,-2.0798770376239153,-1.5922489035825202,4.506811556418418,6.1022758708614715,-2.751026202960574,4.767204205957443,1.119303875122099,2.760816876811367,0.9495602892796816,-3.580275295399655,1.8295488656659646,3.793326670969552,-2.4062259044974366
MB-0233,5.46090184382407,-12.152270046358513,-4.807512940227831,4.2033559001723,-0.40070665565191566,-0.17191160077018522,2.9981376259977286,0.16766679705743218,4.302600380255306,5.803423927584008,1.5679547836142405,-2.2499284756099835,2.953262795986644,-4.47369357941169,1.3807223531275263,-1.2173577186308226,-3.2578711902569624,2.5008809071668248,-1.435983147127809,-0.8592838022401555
MB-0210,44.31834381517639,-21.18205911542664,-27.363328804723047,0.2729078349080716,-2.2224975521132917,15.771357739816693,1.9982161600533255,4.242462749727381,3.737418768292751,-5.640447007487672,0.27005056937669575,2.039898294398047,6.665583436373265,4.621939875503269,2.839306471554702,-8.440106458660942,1.5975487583182013,-7.0684180588635925,1.0569303085349908,5.58442144251228
MB-0200,10.077566079215334,20.063348182208376,-16.959400909454022,13.572821856136311,-2.91524252357909,-10.124574021090401,1.9583426272385724,-6.235087234948436,-1.6846524401800635,2.799296214430565,-0.0680779667378277,1.7000488336738802,3.5194572171626226,1.956278176469996,0.6117032584902108,5.940825170897912,0.6282807290292928,-7.232610239571283,2.4022892119981782,1.397092930955256
MB-0244,-2.8900294932641972,-7.99828029560282,-9.589458055621868,9.338199882055426,1.9825817824022895,-0.1493702316418321,-1.3706662196967747,-0.1599339197264875,-1.769642719300111,-8.984277925902083,6.283288648156078,-6.3760574956475935,-1.5975146181020343,-4.579264370471518,1.8411272372364436,-1.6847615785563017,-1.3119889641556042,-1.3287366455901477,1.737524187033573,-5.797856300469893
MB-5588,9.796584075197512,0.661159580397768,-5.697465486918831,-1.938638900500072,1.6830949939917415,12.440842871015422,5.911867853098702,-4.310352069135308,2.9200354508445088,3.7127726913723524,-1.3277459542321466,-5.502113285579034,-5.3342124388840855,-3.9936677763826136,0.13010259369033356,4.689360200575403,-0.14637377104997035,1.1271407448912596,-1.3212574209754255,-2.5696550501372775
MB-5628,-12.3528235766579,-1.4581006058344,-14.934598797288983,4.8196886790876805,-0.8393768785785524,4.187649759382534,-5.7033469157278365,-7.761171531150795,10.484792066219013,-1.0245700076700854,1.824097825126328,-3.445959299812729,1.2085860792196026,-2.7422842162267584,-0.48036701597285175,3.9944625682706207,-2.340509387230026,3.0748574552690053,1.733516026784018,-1.432190782471383
MB-5633,25.671874232478274,-2.422448193608586,-8.680650381204694,-7.363733405215591,-1.7254372193747496,6.456125223092955,5.881795877426549,-2.7368030308668816,1.2695962838120818,-4.684022024790282,0.037607320003366675,-7.2771567877988375,2.088012539421841,-5.705541188873316,-3.1135833241648325,3.937173590528159,2.0382543616883377,-3.335911072183025,0.5521807315390851,0.807099641443363
MB-0169,10.517320766475066,0.9481077556980496,7.932391803681943,1.2339232851069097,8.347154309582677,-2.8318303903326925,-7.286946779750971,-2.024067915167867,-3.265802788973911,-3.267787454751566,7.572606223398858,-8.103975501023323,4.009624869956509,2.6799140742345897,-0.7822051455939224,2.782555974982639,1.613606018230791,-1.1581277956318472,-3.0148289677205096,0.22009596359065195
MB-0253,-5.073462130992873,-6.353453237014908,-4.802347662174491,4.222331746685003,1.5344594676743002,-5.168264075481041,0.2439502377601816,2.328616076316833,-2.82998924906577,-12.176406461004385,4.403430017897217,-4.087368221646988,-4.022093694639353,-5.81197275398073,1.339212119788616,-3.359491335685696,0.13304743724689566,-1.4259937350928036,1.9575252680591404,-1.5203106404104043
MB-0226,1.0759720240600188,-7.284101193824775,6.001772425262354,3.539589118302896,5.085995193640504,-3.9448167766630435,-0.7987626497240141,-8.041094940506264,2.8620367439548935,0.11745067900945229,-2.6266012479402603,-0.2317107982967672,0.1914206432470982,2.978335469216568,0.029230545572360864,1.3088015884752047,-1.9443411648292253,-2.0233632636764423,0.27275372388378133,1.002190135693158
MB-0278,7.470057575283841,16.81934030442732,-9.276482975762752,14.271455310077112,1.4993781586050496,-3.621029381983299,-0.5264263425581731,-5.845306363191014,-3.5706723169287398,0.9247812210678459,0.018385051460881305,5.0114511920497975,3.470743052316253,-1.4075244539624114,0.7303864534576886,5.351767269531924,3.1367420103676165,5.573055102186303,-7.48560874693156,-0.07331082680621882
MB-0266,5.571939757529926,-11.053403126153011,5.646232901220445,8.788804219664174,2.8308326606837655,-2.1001449533613674,0.35842198670559905,-2.229540286705514,1.3353257678121624,3.009892817778467,5.6013077786265155,-1.5422127671527812,2.1258372075805885,-2.363843442461986,2.07515264969545,-2.105531939923321,-1.9982895809956491,2.192556837554013,0.6891255204146525,-2.8656124689691373
MB-0577,-12.737301487577529,0.2600580496101609,0.004758081953195578,7.718396053388859,-1.202850725627697,-2.1862347018002777,6.423007327907461,-0.3008837950435518,5.0394656025177325,-0.9902554215967785,8.41753705045913,-8.570648711126125,0.053873376011958,1.4299577986755942,2.208289575527174,-2.3073900184015623,7.148998990027074,0.6652663202466511,0.9043141272964996,3.2481047274283545
MB-0156,28.33677783595704,-2.842081998133599,1.1784291668609659,5.17724264182324,8.016887533465033,-1.6013734794982128,-1.510880888337191,-3.8888059034693554,-6.720660089959663,0.16266345936340854,7.685964419357885,-3.0184913911378337,1.6812581960872284,0.6423319316371882,0.1343100127997769,3.239740222759717,-1.0010382271474925,1.918408404717066,-1.3794574703745728,-2.954660394741076
MB-0531,20.91622700162272,-3.8997449526680192,3.1887447704249317,5.621142698579102,7.397791828501785,-5.581757988766563,-4.7640027927390065,-5.377989883964058,-8.025036720446506,-1.4559525547618917,7.483321205463323,-3.858196794836334,-1.512459660831309,2.1930445511099212,0.6751090821033365,4.430294335902348,0.9812486336442798,-1.7375161625982731,-4.538416846055836,-3.6187956868007953
MB-0245,-3.0747317150254654,-7.826627849132409,3.0184745870828085,7.3293160822141274,5.986347770637059,6.134098344042483,4.350429541330991,1.1610789324875854,-1.3231309338786335,-0.13491307588470627,1.815366381659155,1.2664295405442199,5.242554916565698,-4.313071660586368,1.737076046643693,4.091006435615593,1.8061107640725462,1.2218362965234835,0.3772924771680276,-2.886085191839349
MB-5641,-5.531806409099977,-5.431245030747814,-0.2764057400804269,-4.121979950662213,-2.7530973970279207,-7.171041836204785,6.419573280913577,4.086981290301082,0.18933314954376093,-0.28276021334347884,4.770858235437422,-4.2953114564138275,3.2554874848639788,-2.454189844961575,2.8502909422600617,-4.941323872800291,5.289923412372983,-0.05119092954345518,-3.1967954609150926,2.640568821226159
MB-5640,-9.068109595764172,-1.449782516668713,-3.377808787470458,0.11885298177149202,2.4983699475922694,-2.9595998921111897,-4.402427734212719,2.7276393659184,0.5984972790809692,-10.205438779853274,3.0945294055717083,-7.308410474594945,-0.6389854919781197,-6.596146352393629,2.8401361259754916,-0.187387102200799,1.230729235478116,-2.216797355945555,0.005914856798889901,0.0034950142381689293
MB-0534,18.794239061623113,-0.2215608964662595,5.380651451150551,1.468793674796272,7.979365686165013,-3.062493656566524,-7.323092593147481,1.1250993050586777,-4.71055562294573,0.3355111447038956,8.090189923759414,-5.0400773192663895,-2.5810882265259845,5.805407690138484,1.962277096160229,1.3241120243200504,-0.9461735393746643,2.1825190054456716,-2.550942349807081,-2.888549385799706
MB-0230,-12.89484313381381,13.759116131873695,7.6417375463266515,-1.0498804566994426,-8.791316973145214,10.174730622582354,-11.833484394385321,-2.2973445708728564,-0.9423694471036995,-0.35780212177519866,6.737694944444859,-2.712338449617315,2.618234548142797,2.353177979206733,0.2125274523885185,2.397851651699561,-3.05370997178501,-4.118244076403791,-3.933949598518489,0.5374349344622067
MB-0109,-11.10941477113149,0.1525072609437274,-19.644634225877063,3.3608019851814923,-4.684041006413809,-1.8360354584052663,4.4853684748430735,-3.329309940584572,2.5737975388450907,3.9245472630141407,6.082725818832701,-1.2420677596766048,-1.498145616983403,-2.8744806722593785,-0.3536956123251347,0.051190229863724165,0.9910705709285053,2.0043478859314567,0.971919284058634,5.12363446275503
MB-0304,-16.85316501888527,-2.4982217130884976,-11.099813226479975,6.660725992466274,-1.7067086223837002,-3.971683933101626,-0.18257471192781716,3.0182197729119045,-4.591706012004503,-3.2094105122867047,-0.861407277759901,-1.7487461029000744,0.4511539454689074,2.111074110128118,2.3960248464694747,0.5022738984716338,3.038970633037535,1.6389203949637225,2.1019728465902325,3.308187944392882
MB-0369,-11.759406978063149,-7.8404110508468134,-16.49615912813099,5.752186255821521,-7.984425599920824,-6.273179013271549,-7.730846976237245,4.4953987082788265,-2.205760909572483,4.222728509453795,4.660087089146286,-3.635405008236252,1.4647121380896,-3.0731854889087082,-1.5352091113575994,-4.875321883842528,-2.7761087850115147,2.572274013674785,4.069788068202997,-4.921661822429885
MB-0627,12.555983782594966,-0.8490723860557552,5.474595390146024,2.7492832538785104,-7.15713535092668,9.743269728413386,-0.2811674811400978,1.808051073716353,-4.687468998943302,1.2827065015454981,2.467820848542483,-2.033459222465599,0.3115624515840738,-0.19782775205217892,4.104004420295782,1.3692204292443297,0.7879013457624094,1.483403355515781,5.302273300871162,-1.1300098865760348
MB-0492,-15.499417417631284,-1.0883217083289225,-8.715124639308101,8.85165158586754,1.0302193481324147,-5.518356724845812,1.2943982470143078,1.833152009841159,-0.7268882776781859,-8.906291727587844,4.557048310013373,-0.8434363120198106,2.2788276552935827,-0.1501348425540486,0.1785363837765592,2.4499145612216267,1.6592147563011732,2.228955795882345,-0.18541375615908026,-4.68265242522379
MB-0147,-11.19387602440361,5.756523921906184,-3.4202611661508615,-13.28251816007692,3.5344216619656597,4.220465682746566,12.431732682801009,2.168172848299306,-3.5360927849384027,2.990835582006236,-1.5550370905843938,-3.9702021122999636,9.141127146823868,1.5244716145718413,1.0652382903990918,-4.568164742609834,2.7061844811639753,-3.213219708565896,1.1669878119067592,1.5397349615466245
MB-0442,23.169465254313526,-13.744652147375554,3.368154272630549,-0.07819353358664852,4.030366390833687,-0.607493340274438,-1.990476702653213,2.0500704908942726,1.2389055739432215,-2.1451067436278843,2.5911890300125227,1.5838881720944877,5.125659706731374,-0.5597120272657442,1.6953155426785282,2.4907784975714997,-1.3186961395192263,1.9590077700726947,3.079445604014227,-1.1934893763162753
MB-0111,8.427479728400815,-8.597217670576386,10.654818698663073,1.5085648410832355,1.9060719909476895,-3.571504261712165,1.2323427686508084,-0.4635298274137199,0.30608443983388484,-1.9198735335697354,-1.4684885071785647,-2.4516696034233947,1.6117347832167777,-1.0892360908197176,4.169109640051197,-1.4952017311712407,-6.100682295085003,2.044051293247198,3.3539180456268,0.16359884240896233
MB-0634,34.04480809846734,-10.788971237732795,-4.333128854196081,-2.9126857819672947,3.585764398000579,1.4144997430071231,-7.8946505976516,2.3606404321804306,-1.0507382809455554,-1.5069230565581977,4.670608956028021,-4.235342207586323,-3.984517660410715,4.612033292213401,2.8593669095369307,2.50992247247578,-0.9766355825424291,6.103558182439634,-2.0170197301625223,3.962636976082877
MB-0280,-13.463000680062914,-1.0285180817871313,-8.586090035997072,-0.585754598458712,2.927306959267795,-2.637252879663046,-3.491895397716575,5.183739698492601,2.0165091690374535,-2.5963794985013218,6.019393542089941,-6.445161905367443,-0.5610307538258118,3.0366314650982758,-0.2529126248685867,1.6804072644999515,0.6412200598812042,-0.3652397295605469,-0.803233288188839,1.0398892578441634
MB-0490,1.5611455101368295,-6.674144608709262,0.4945196480798172,-1.4010939967277032,-0.9601065498759399,-4.458869809991242,-2.3972497896293845,5.362665382270856,-3.051683521397746,-10.383689356572972,-0.2947088500838882,-0.9003794304811015,-3.5078494025173494,1.944964101030585,-0.7926111274691203,-1.2074039755178614,-3.0668000648019818,-2.339962680760215,-2.4835038863730907,-1.5458025339906574
MB-0885,39.75400144724165,-13.988339811279236,-5.9377210081014535,-4.671756660718441,-1.0438934260502695,-5.779844490782475,-4.452365182965035,-2.0907081510379744,-10.199876361759355,-1.905340994023368,3.122283322007732,4.060897382309911,-0.8603598941145462,2.2786862734823945,-2.8411799433087133,1.6577500479065697,0.37571826752013476,4.685552382534672,-3.5193751759980882,1.0227893420438625
MB-0178,-6.565104943919535,-1.2439968813768603,-5.2734043814300025,3.4597005105017193,-7.027303968207088,-2.637656474457313,-9.99635371673583,1.9691667957968302,-0.14195167068389866,0.1666138271838933,-7.422723871620381,-4.993314052553055,-1.8396849917843687,-0.682377602364888,1.6069361232819968,1.9491832975611916,2.4117421410343005,-0.6929946183212796,-2.2639860043588995,-1.2881628555288194
MB-0242,4.431424920487142,-5.025285142231096,9.859593471806017,-1.3588529696644027,-1.7017309348862126,-2.7231823582877146,5.491613808551485,5.32806256060498,3.884602887327042,2.278247997099232,2.361653525454118,3.0769679599412965,2.476876033155464,-0.7016090966257905,-1.7993606427474114,0.8434036313199027,1.7644886601578775,0.8900448581987288,-1.9431468717168348,-1.1806199408176197
MB-5624,7.642023722911659,28.46158243290117,-2.7573459338649644,2.730693679545882,7.440812540182457,2.071929129777572,5.067740869488942,0.22759631602970581,-4.115695988528956,5.377735311989772,1.6869580099111183,-3.4865577041480877,2.391408644053585,-1.773236062792816,0.9301860440420358,-0.20479256186279457,-3.057678152276785,-1.2693394404770075,3.007197971943648,-3.3544491513582733
MB-5593,-7.854018356681286,22.45562365975885,4.648676413835698,-7.349467377981939,-3.466607413104863,17.204337714400772,4.510913001719765,-7.338440614638611,-4.207332144887742,-2.653454055116849,9.058997531601735,-3.3732307790244977,0.6630491560613712,1.9963236647245604,1.3843082879015287,-2.3060282176273783,-3.657408304317904,1.7557819253889302,-0.33110739708681697,-1.7415072233550448
MB-4010,-3.370805801830504,-3.4943264549079753,4.3187645289151515,-4.867858605828378,-4.487146830054977,-5.182023126019778,12.19228725549593,-1.9563791735445832,-6.0309023487396,-2.929467086497336,0.816527442038344,-3.1336475894517126,4.368477379699411,-3.6493968828841954,-0.4501200112748819,1.4148289650861259,1.3102456960611086,-0.7272482459261621,-0.8120391402500009,2.0765009562602668
MB-5605,-6.9006761188409484,-0.4428787759386626,-0.23035794674148002,7.960581563455324,2.294079572821688,2.5394513308883626,4.589070289838424,3.103992355128325,0.6034970410034112,-7.427597053918716,0.8763040916182231,1.3589053019606676,8.667509867879344,-7.465913199040814,2.2978796976006493,1.116012121594924,0.3975792207453129,1.1282695100657638,0.20207498787422634,4.298224547915538
MB-5636,-10.502545084797239,2.3280266928013726,-9.086257562314506,-2.848628983985921,-5.060766563900112,-4.779736183427955,-3.499391952703801,-6.018589860430818,2.0779310347840116,5.375515152822202,-0.7108087443918991,1.7370817656655222,2.7389251683115794,-0.5193524827788069,-1.1996492186142063,-3.2674729199161354,-6.9886931984650635,0.20202217721640217,-0.5633313330616774,2.8776375184073624
MB-4529,4.0906821214905635,-1.426973683394919,3.2332162545295198,-5.88816961251533,5.787357349164405,0.8732657734938402,-1.287192159920972,0.362842591726382,-2.231313703575946,-4.003036214715457,-0.6676590509918585,-1.1376410440802482,2.5585001788749886,-4.796670715832879,-0.0904822243558435,-0.522327351445382,-3.1338304498631397,2.2569240830474784,-0.20106562939947156,2.0361746928949858
MB-5566,11.214465055330301,24.891119092676337,0.023248274149708644,-0.11091634714481091,2.1503931781310044,-1.6998645255549856,1.1610200193331754,2.4094363331117847,-0.9721604528451463,1.5813296437157605,1.5558148556864335,-0.9540824514400089,-2.2026322589956986,-4.076847515943425,-0.9808886200360732,0.8213472418140504,-3.205142317375537,-2.9918372391376225,-0.8057305906373871,4.50996280455545
MB-0268,0.7701997292753695,-5.923425317120551,2.064945698009372,3.944261173678764,-6.818883602009872,-6.149452621822944,1.9936950496588675,-4.246901745468179,0.2856098491139416,-0.6353074204666748,2.4122688769368064,4.162247104020915,-0.24943634409260515,-1.4040005683444112,-0.902792488483495,6.000428409467332,-5.218268108906636,-0.8819212730926104,-3.2512232883818912,-2.5967317745342653
MB-0160,20.95094914355491,-3.5021310846818308,4.810798669972755,1.6182200753054277,3.888666920690361,-6.406179290760008,-6.719400269671294,-5.072239084879155,-6.9041778334277515,-1.535860944650938,6.123198968312312,-2.757723269393966,-1.9389412210454495,2.4393203895894042,-0.6694685317974355,4.79129190255022,-0.23966176461789307,-0.19388469173207254,-3.084227958692268,-3.144339327119368
MB-0275,14.100184859256153,-7.919126214359446,12.899564822691408,5.2077826317886675,-5.4848624952260305,3.291063165625146,0.45539166622188904,5.229814772948548,-7.907861067460727,1.5241896677893703,1.2615376792056843,-5.696516272782834,1.2662727187035758,0.5062926666984423,3.9584900153542324,2.7970560186719777,0.28241653693434504,3.3851385423867963,1.3991719510148548,0.3069604656572571
MB-0127,10.573687495951127,-0.1125302943011046,14.142946080140511,-0.5150666374434103,-7.700895087740029,1.2364479316014343,4.323275289319756,1.6644042126070437,-2.405409858654144,1.1763759734539851,3.5163685970726206,-4.964434863775864,1.1531552630982265,-0.5762520297341818,4.64905471622857,0.10758131529004003,-1.6485912598907981,3.56876128645757,2.2126634578256734,-0.9090523284361608
MB-0045,15.678537151247072,14.399366504526341,-1.6868338684064608,0.48854263400675374,3.47420324689099,4.70312831041727,4.4395782016842364,3.294635010708604,3.4487407842855418,2.022239644979427,5.643642951855254,-7.253303148644155,-3.236239640642128,4.354946690433948,3.7423685481100843,3.003766217854615,-5.50959976792069,-2.6844107670050916,0.7364152043583952,-0.10310311484166684
MB-0414,18.749569673481464,12.09541339743226,-11.900877152017335,2.2318857811651864,1.6676111443242874,1.742883723375654,1.800498045153942,4.016347969180827,-0.7063967826686858,1.5771842909493128,0.6177219326629471,0.36128084167117047,4.878026999508885,-8.470318710249893,2.7035040633531793,1.6765590358783427,-0.9061719469348593,-1.1592593490239806,-4.04876294530136,-0.7448290155622461
MB-0259,-8.111106874674972,32.74333330264413,-9.18724348058382,15.297341485707609,-2.7038021721975642,-2.1308908231683907,5.739812667994082,6.822640131729908,0.3283332103825036,1.336376109685261,2.401944571585726,1.4306446441466198,11.790465839766139,3.192911611844225,0.2206979939181235,1.315067930046926,1.9124416179500776,0.5760627211034782,-0.5424972790640291,-5.05037298682357
MB-0396,7.785309544641816,17.36312521128871,-12.609862777403608,7.860649057022201,-2.147811167060194,-6.942173638337051,5.827136948306118,1.6429398545401064,-0.08033834679123353,-2.0990858613672456,0.28378627921558736,6.388866013381476,1.9463800356419232,1.834011507399412,4.023506226622042,7.372738776994365,6.342646276512931,-4.322633577075127,-0.5860923010589566,2.5431758645720595
MB-0874,11.351427478152809,19.106851584896894,-12.180226508679809,5.126543680295176,-6.996971434063262,-5.204280343304108,9.956130939645929,4.861272870303283,0.828996108041735,-0.7482390326546869,3.6038115735319582,-0.48276760143093556,-0.5057149243027328,-0.9453441502059762,6.5504659851393985,8.73807068704588,0.13346793073072907,-2.5907132916939735,-2.5507386273450994,7.695364153223442
MB-0179,31.348253670420814,-9.31529452750857,-5.1353231874455165,0.05283259437715031,-1.5337272605761443,11.261903383975206,-2.9500890858910838,-1.7045890303856681,-2.081832838967975,-5.780301465686933,8.65291410340028,-2.0778691259400492,5.631406681406197,1.06379313648664,7.995976151695233,5.188633805094553,1.6634382222555157,-1.6468614868375842,-2.4468205114734816,0.893043265749454
MB-0526,-10.383180397041421,-3.1834459319897093,-3.797166342830487,7.518548949051632,1.7506050707380372,-4.650208671031317,2.6885235879080134,6.283668859570005,4.16824026431184,-4.656786950459653,7.194784063351976,-2.106183705141423,9.7626164973171,-0.8715065392918505,2.352914292778214,4.431277909718472,-0.35705252520676617,-0.8379222334209845,-2.335147328049966,1.2326781248308665
MB-0586,-6.606464221178395,-10.21773152235973,-2.372965251855169,5.621127589826647,-1.4638978626854706,-1.0594322805246807,-8.933864262311292,2.1713729126068007,-1.1649519076766375,7.05262534356726,-1.5179961474774066,-3.691099175803175,-0.17827368655010029,3.1215850237953804,5.541879284139502,0.7754420052968475,1.1164142046055257,0.6739587798258517,4.742610089618609,-2.807603595588018
MB-0508,0.844939506342629,-2.9754616359812744,2.538453894038415,1.8473662530046202,-1.3039975910489914,-4.081593946760244,-2.5230842027556952,2.353817649770033,2.9846186586648504,5.287793168898034,2.0656934852949247,-1.5164904386821096,-1.7607421386753954,1.751492003718628,0.7739666622592505,-1.680871371468066,-1.8623500975430656,-0.7939760294675758,0.5603758305970978,-0.9738197999134711
MB-0288,-2.7165571876512655,-2.1220890591268824,8.00249586262341,1.325159910538769,-7.575850807924966,2.806864093493976,-3.1073852268899644,3.876263366560746,0.3265971526376213,-0.7185425707217428,-0.29509303466991826,-0.22835174600073876,0.8106066814586795,1.5284387423784727,0.3751074184514753,4.776749063349657,-2.342843762964979,-0.6089717466936581,2.3341946026422975,2.496550944924657
MB-0269,52.49472253941848,-20.324846892835446,-12.355485572119749,-4.680721426721532,-6.741236615535613,9.29715760948759,2.452869740233138,5.388389081797766,-6.278795838635092,-4.295454097487099,-1.3435030127607568,4.021564241880194,8.603167093669983,6.984630944189527,6.064546907268925,-6.432456957029737,-0.5044480770690528,0.6766093655890673,0.5750243965684112,4.022262479680822
MB-0582,-3.2783863009605114,20.95161248286996,-13.685525980460255,9.64949199424171,3.524192093872275,-3.182592832912417,-3.396176530211936,-2.9264344987874713,-3.876697080007599,-3.4649828891726835,7.315519286617581,3.473646015041484,8.328896128742775,1.8106410800691428,0.4534679682871458,5.4457040914745285,4.587406341186416,2.0678968648294096,1.293691497156711,-0.7739871403884357
MB-0901,8.501213722990306,13.58756364246575,-7.372030163603559,11.929316684654756,-2.93197296630534,-6.284682472779251,3.087664397468824,4.087898461844892,2.5883924949302486,4.198029674893155,1.2965844571436458,0.19804446297812292,8.98062991279222,-0.7765222262784499,1.7643721860691832,1.2720638320837463,-3.6452101490651367,0.5644253456078322,-0.3539925346201723,0.38052143681482825
MB-0000,25.40821939562345,3.1222191413440963,4.16305784955096,3.9806174355352475,7.510166917661524,-3.8238669339736986,-1.4398691703545388,0.4649501815626123,-8.121836123296392,-0.49625897325344165,9.620559122866405,-6.9217420868574075,2.0794568098370507,7.464552002577028,3.93134865686018,3.90323727635441,-1.5668871740483874,3.951491630332676,-0.20596288382038103,-1.2183445506864687
MB-0535,-4.518969299544567,-1.2337251163222023,5.810604884674951,3.6657190491264267,0.6552767660112938,-1.6654414493946457,3.623272058828197,1.8735026544161446,1.2460586368825817,-6.690070389044468,1.5121920873159156,3.6375312404783813,1.5131182793005125,-3.1930367709498233,-0.06860250061904384,5.659914934818464,1.26485320160828,0.08583373822303493,-0.47089247927962397,2.563702846838934
MB-0469,-13.352388900006614,-0.6211447456300782,-7.081288138878895,9.837499881149721,-1.0215650444799187,-3.3317544264201118,4.053676140183216,1.4206504389547392,3.4601375788300297,-2.050383091451918,6.876255395785809,-6.286845578631882,6.731603136677336,-0.08086675369838556,2.050940234211797,-0.39121792573345865,3.9852968672347298,-4.220806415173173,2.229943046170533,-3.4483420510532365
MB-0478,11.271178893279856,-10.515548478978092,9.427359070117772,0.6444736678567708,5.102802063305523,0.9063212565699796,-2.1951629834979474,5.849138929774889,-3.9171432532326893,1.7214578255748447,3.9113601877810056,-1.3657837841729488,-4.316572779964923,3.5001877840395452,3.342237337985356,1.9862443989038618,3.224569228591587,3.9638134197487602,-1.263051959645145,-3.7826669240429984
MB-0499,48.34373917130379,-24.455317838834137,-21.03069893909402,-0.9023997899241312,-6.522296296118809,11.30026234448964,-0.3160141007171968,4.856025800377344,-0.18918119845972414,-5.499943099817477,-2.3450548405853393,2.649342799592483,5.664127219104484,10.165988993913215,2.0744517033196535,-6.4516274225363786,1.0942877686955228,-1.7284684459504176,1.451191605841814,4.51389793455159
MB-0170,3.473872768172532,-4.499090667129516,10.412412332924854,-1.012822715929959,-0.7978660378811213,4.388959512483069,-6.5634685206211945,2.8339370485901507,3.3468080929561284,0.6269988484775576,-4.377365452293383,1.265883878510803,3.1460810284588,3.9597698798697794,5.811169313508615,3.9225326066420725,-2.067976424077343,4.226898695568289,4.920848773800169,5.870580412386061
MB-0403,50.76232405389837,-19.101490596108658,-18.246247186040502,-1.7261637356824566,-2.3786791869869335,8.979098316262691,0.023235556447887367,4.3361563280064095,-6.335774458080302,-4.257801935982733,1.6102452684961142,3.0622800132104455,6.4757873908429175,6.275120132730231,7.539473856893503,-3.7027744788284798,2.530197843824835,-2.3502502838648827,2.417676071426151,2.4207210965843102
MB-0464,-0.6508597550573016,7.371042681855434,0.39630739811842647,7.988724443102382,-3.7020878831231725,0.5491660303933463,-10.581629807343615,-4.097832917061217,3.4139708672880813,0.3690865206035901,-4.1056902744245996,-0.4812123679867772,4.029057038360884,3.026054815851706,0.4307795283440399,-2.638711671818683,-0.46947506632833036,-0.6683587262058486,-1.2219977100632142,-2.0850054321209712
MB-0421,2.967154583953703,-4.774692583156697,13.681696857087996,-2.774524007924587,-13.393457436837634,-2.865953753851745,1.05725703236983,1.3505095755275298,-0.9500444182575434,1.5480656432970739,0.12881253696213016,6.54010371343573,-0.0646063848505413,0.7334494975109912,1.2685563822143537,-1.937743970778193,3.1402274811523125,3.618089403086938,0.7533979002392572,-1.0728895202115891
MB-0623,10.382944050436684,-7.268374728245781,11.074034741137437,-2.508763671207574,0.8435369519528368,-1.846242560842954,-0.5436591727489205,4.561349232897659,-1.7792016314723413,2.390652076999243,0.821019193020197,1.7245124768893212,-0.9218932270500971,3.370132948570145,-0.1651961269041601,0.28086772176833463,1.5774094889755772,0.8077585518611602,-0.5036183752100889,-2.375119384614716
MB-0241,11.241018053510997,-1.8412476893590426,9.592531554066811,-4.871328323400693,-8.095261107701617,-0.08242069333247015,5.134751627701479,6.4107042056846435,2.128218237230642,1.7692335579001837,0.40213139690314204,-0.634328489674913,5.178698977782981,1.443711920150027,0.8500717138241237,-4.435354438265001,-0.38334852964046934,-0.4839807001313884,1.0294342339272513,-0.05743664811534669
MB-0163,19.050051616216223,14.737704520834129,-3.235916600900558,5.788557493880002,-0.12363628177665062,-11.189297583991486,-2.950395418904492,3.9835532434921825,0.7507729307354795,-1.565906965206702,0.07158879082487027,2.985189773778752,3.8716949876223477,-2.661684015029328,1.5887120999244293,-1.0687327490410732,5.351430447223533,0.4002079381779149,-1.9914163276724646,-9.249511568149362
MB-0149,6.019092139121749,22.015030774052637,-3.549200870159052,10.878235946332067,-0.037123902046867996,-11.534345469535442,-2.9987153421414954,-2.5688769214376683,-0.24263022071805193,3.8079983949717335,-3.7610590829619857,2.925114580712324,3.9373077929113727,0.9375575727541459,5.383594928159785,0.48371936375551594,2.7083241790874966,2.6889128010459844,0.6333106200161044,-6.1880140082529325
MB-0153,47.15534260744154,-21.241236963648305,-22.833286926345796,-2.1431440582000065,-7.480984189628994,-0.9836028469815492,-1.431731918360559,-4.41810779420218,-13.557550799145643,-2.3581468961616494,4.565788829165959,9.72457665309129,6.465623275087233,2.8438985251085414,2.243559994542347,-0.149036569224554,2.5428235488277897,3.1153388609485724,-2.8885426611971132,5.08366824878138
MB-0350,24.63424392848012,-0.858897021556876,-14.842491561402882,2.8442591426270427,-8.900361672246712,-8.840366336538409,-2.988315958320762,-2.469295357612166,-2.759183975156343,-1.9361343591972389,3.4928829651921607,10.060836444036676,3.892442457068426,-1.2209507339783439,-2.0497297200982736,2.0367203350461813,2.946951986941274,0.5148554380757749,-4.124053941636013,0.6004096822263554
MB-0512,10.633587825909965,-10.51553686797356,8.86977195510966,0.09535648511978642,-4.072103310501951,-7.634621856655538,0.9107132681694775,-1.847867645771714,0.6408851124928895,1.5200511739047928,-0.41490839806686974,3.8590170371579235,4.646073260546696,1.8667972360622602,-0.4310343581335882,3.346873283329216,-3.426778384869421,-2.707383653729091,0.27184737877424486,-2.366646321742189
MB-0020,3.0792409603056083,10.606713506560949,11.56322346925616,2.534584177482323,5.178184657183929,6.8426113070179,-4.684995304573066,0.9574309722821924,-3.8718093902342186,0.5928914039781313,-1.2690482629924786,1.8688053637805164,9.20385748060108,4.393188296888447,-3.9375047166578496,-0.7581470988612826,-4.572658248614964,1.2489592327203476,3.172788466092755,-3.7304583383363337
MB-0046,-12.85990299823504,4.51492879124295,2.4192521549008728,4.826336230167241,-2.1517825216595234,1.6638134276068617,-0.8060433000282765,-2.315445666565511,3.340203082296425,-0.8902418671972111,3.8487569422832983,-0.640402896307857,3.931465633424289,0.3839879893803402,3.7954923582032563,1.3320805420900395,-5.11587365676813,3.4832700738278413,-5.163257793548735,2.183189052585621
MB-0134,-4.521725880072009,-4.79051499010784,-4.273790747489327,2.606832403762394,-1.892921952934405,-1.038965733225813,-0.3069896906933463,5.2629541476876875,-0.7051488994127296,-6.523875102823671,-4.13774241237129,-0.5066578886667691,2.3240346574149595,-0.6624250412282984,1.589375810368164,2.065397696155767,-5.155986915095471,-2.751373772583859,-0.08919515804047,4.098305787583478
MB-0495,38.49969599341517,-13.021142687487972,4.856351972427796,-4.860885682428281,-7.647260508252473,-3.3627957457678335,1.8885709418265781,-0.05970929551568466,-5.204838612875862,-1.0892399135194657,-4.577519897465226,3.1194050453808027,2.061081378193013,0.5758997242623255,3.40989441463051,-2.2555979466627454,-1.8768076122518071,5.477026068424298,1.384273913530026,3.8470501322702413
MB-0470,31.848049107219097,-13.822883873092263,-45.59379438880465,6.884151262396845,-4.710545283831719,-2.502052692421722,-4.933875673298283,-7.106885987962549,-26.157014726710333,-5.365531593018738,12.698371617781792,11.76536642062549,1.414155826162281,5.922316352142655,5.558972142674566,-5.028006723458654,2.336696947436918,2.712232694419519,4.8296975542577405,1.6234644527475974
MB-0872,-2.4861676864010067,3.4654723490275847,4.96889865172529,3.759802909632197,2.219042865392425,2.5330088205753984,-3.1574788987313003,-3.7368208427856286,1.3614356192371901,2.1480061385289386,0.210172282253408,-2.972433515690906,1.5275023072219456,0.07914005351035178,3.411853394677089,0.9762648697806733,-1.9659594579645807,-0.21197415032589817,1.3556874562366672,0.24723230615119374
MB-0661,-9.69005082273548,-8.925663898630795,-4.635575706646804,2.799280602059477,9.370681310988125,-0.48840114116200095,-3.1916589209126087,6.393551335553065,0.2363501141644563,-5.36146179907239,0.8988204700044315,2.48494661926714,-2.661041875840576,7.85761139138492,3.511781675960731,-4.971123192334809,-0.0668731143743627,-0.483827847851321,-8.273590256347706,-0.7056636857866738
MB-0339,-9.953031498687036,-8.816422419457908,-9.644825920647712,1.6904431823328934,-0.9888864489070229,-4.08963060941033,-5.577407276111734,4.984913723644216,1.2716292911521057,-9.434416710741155,-1.9156944334205488,-1.8764611743870232,-2.122635677827406,-0.7124667517769299,-3.6839297049612902,0.08118356551827056,-3.3865344066254743,-1.2958277388008521,2.7915477805532536,-0.9326055823841668
MB-0264,-1.1143589158762068,-1.499989075364798,13.057687989423986,0.3142072074372173,-3.500077462948838,3.213795796495935,-1.3286605015007327,7.09102686282115,-1.9961439819144888,1.874780999968794,-3.9700648621309447,-0.2558371684037985,2.693676026889856,-1.331604796568104,3.3765736798586947,-2.5031236340705814,4.1455958757523925,0.14839738866837085,6.0540811930622676,-1.2592293409681048
MB-0175,-12.438272196696543,-8.385470331189667,-6.165219904438717,7.504604581607722,-7.322973360862644,1.6095409365401234,-2.606286134512415,-1.0622683662085088,-6.438207830237218,5.11078472143445,-4.929327566451517,-2.0583378736421687,-4.480104466785982,3.3799072537329864,1.0101033994286444,1.4315702548985694,2.5726830365837423,0.15196706991686643,2.3112356546815387,0.6011853345643187
MB-0303,13.795580330888363,9.392714624601192,-5.53129738494711,7.447759678294799,-2.1000363447546646,-0.8957061261389001,1.3052450865959997,-0.7597675190731369,2.634107657864919,5.735587373349559,-0.5178519469837312,-1.475815548276774,0.23430565333497125,0.5717047266951432,4.648300212401395,2.415136596963689,-1.474698997482646,0.5508183288288081,-3.083645476594611,0.5033021511547875
MB-0172,-2.980996227400645,-2.21439985698384,1.4364864826902237,8.180162370246393,0.7635395267598928,-0.7639121457889942,0.8826646613323444,-5.276774974031559,5.106629874146789,-2.3737187869997856,-0.3994063105581366,1.4507130449160144,-3.1536599604591435,3.4893232692458316,1.03922150765801,2.368743373043655,-1.9802689896239818,0.7129087617012541,-1.132535276211999,-0.32154269256273327
MB-0125,-21.090324224446565,1.6696185038216231,0.5201013747591664,11.49150267056718,7.12300638184043,6.6816039726793,3.015382978772188,6.381901320937884,-1.8315335409706195,-0.26267528814364455,-0.4466046050629555,5.320677998078576,3.1060709719974615,1.2927115913470941,0.24219586377928268,1.2188957588701363,-1.4623423423579258,5.966839588071293,-1.0873891951582542,1.3400601466474307
MB-0340,-3.839300621603987,29.064636598087603,-1.8878140259713472,7.664564230274018,0.9936506406881652,5.249134213758663,8.232460321894367,2.3473996840830376,4.504909739962106,-3.540459702814864,-2.5732943489705966,-9.294059620327175,4.254002721522847,2.648199185656297,1.2644072093388425,-3.416533694854774,-5.576761391297217,-4.08149896623332,4.174134143372628,3.2489542801665943
MB-0234,-10.209113264133792,-1.7308628303420701,3.5368261923729243,3.509628690523087,3.7838655220894606,3.6177715581225076,-0.5808357335144456,0.5593943336053292,1.3118557636535961,6.462946951604428,1.4769229755626283,0.41455504282120526,5.236863035510242,-4.230740698288478,1.435845484718977,-4.165353291138185,-0.9382014739599992,-3.2717187404561323,1.3197064894131765,0.39641117756049166
MB-0487,1.0957980739529505,-1.7210948081649986,6.402468504766812,5.382823263636599,6.4266383894096375,2.796976102231578,-2.8750300044953754,2.5118732366565353,-3.2021780968109193,2.627826737154997,2.070371553094022,-1.7421001289956184,0.9707578919789941,1.307683862435075,5.680880152688498,0.7441973403053785,0.05837116259469567,1.5562665877346755,-0.707709873734322,0.6581630156570498
MB-0305,5.5217220192758845,-4.486955495410115,2.0586460960263335,-1.9266303683990404,1.3418355524771983,4.584607157747777,2.3423045783375023,3.986229442380352,3.7719565955516665,2.253874290438472,4.655505360098094,0.8045976719083782,-1.3210122305667396,3.2769664802852985,3.867438868607698,-3.8287968077587093,-3.7345724348013682,-1.9173075001850197,-5.826580559297702,2.3908910868514015
MB-0390,9.36253022328279,2.4956373569934116,-3.324651694628224,-1.8681453685820406,-7.891914156547227,10.913871804759998,-2.1130711966839444,-1.9479182278235676,0.09829054539321003,-1.276106366519221,0.7745927166303029,2.138006820360375,4.916916715707756,1.286443010362243,2.847427860936504,2.48237862752925,-3.8001595174912692,-0.23617465254014067,2.837958532808627,-4.6347017353110544
MB-0502,44.13868227800526,-20.328776432030732,-26.091229665488605,-1.7249612279369722,-2.3342989131051612,17.02426378428708,3.6729027551655955,5.379165565794666,4.066481745471901,-7.023233976203382,-0.15124688128497582,0.4564110642195712,10.243628708653441,4.052500643071231,3.5831510658492034,-7.897510860308586,2.3614167548203606,-6.994024113952617,0.5175285566796123,6.17835970062014
MB-0663,-4.54122175207511,12.36080894387393,9.685239719715092,3.328523153882431,-6.169651343661048,8.94802474083552,-3.720982242464966,-2.222593808523652,1.3881985993395078,-4.441381688083956,5.183455799708284,-2.8297673207144562,6.675596337781863,-2.327576931512484,3.2262410518656823,-1.735091483308106,-0.8184303627153392,5.1067656666162895,0.06156110731703023,2.654947547581172
MB-0130,3.3676963896820316,-4.2220779787222655,9.455869045587624,-1.8640130236191048,-2.859351023297994,-1.1693179484773826,-0.27089056826938473,-8.485158598949022,2.6122804485834563,-3.4340275233634747,2.422350732939151,-0.592228224138004,6.330868805415974,1.9018987569107044,6.708219326887536,1.7141587624229098,-0.07133724375620444,0.5476937536776243,3.3785277571505277,-0.2060306663496075
MB-0289,44.423191910514,-22.0444813737591,-19.04148225065524,-1.8455571510772864,-0.8159949134056143,12.831426415802996,2.2853049062568247,3.6177722644924217,-1.6052236731068434,-3.365247133096396,3.0625383632804306,-0.31359517207920273,10.183800203772497,6.155662725144473,3.727800200618835,-3.4657196760735407,2.5920810748119685,-5.416360345487995,0.9302209090997864,3.710373569327089
MB-0129,8.215674258338325,16.703274834501546,18.146120899732036,2.8661606055190862,-5.6664435456522435,2.3147327966896816,0.10669406007384918,-1.7460933388562192,-3.0639601801931495,-4.734076086640726,2.799649013907235,-0.2525037927751427,-1.4179658425592667,0.23505800790776826,-1.7733516852724218,0.1967697162011162,-0.5702992784326836,2.685571456612443,3.2775117446163664,1.0294374380245066
MB-0343,-8.025623794915656,-4.531865350985714,0.7114749966902856,4.867903135371809,3.1815840419844252,-2.7059204716247827,0.7416192238122903,-0.754133319886726,-1.7063137202068372,7.713259942898234,4.321890921325207,-5.180138789492605,-0.7324038257756369,4.052495309731998,6.0089271052631155,-0.7182856031937249,2.9454147855343535,1.6969908187719345,1.8512346294475388,-2.907268878055661
MB-0458,11.58699014381118,-2.61608741314442,7.770631375001989,5.645266316103674,5.043175337623654,2.8095433343502547,-0.3279992417102935,-1.4730679292039663,-7.037051743759302,3.3816305778194033,2.334424615525827,-2.3296618749793354,-2.0059657988327273,0.17091145437875588,2.0054164037095714,-1.944529896476594,0.5772726720527074,-0.9206683643921793,-2.712508225008113,-2.4554513151504396
MB-0570,-18.756031538013573,-5.889149223250973,-15.363309932668294,8.036165600289417,-10.491670517545362,-4.259511334593089,3.950528896551561,5.007840301083023,-0.8193764730382886,-1.8555003321510275,-0.2543488736464515,-2.420047640696936,-1.726535722258363,1.4944867822039352,-2.753463771524306,0.08716878717224257,-2.0775241363183903,0.8689467313815933,0.48776686044644746,0.19709222170282492
MB-0281,17.878291109127147,2.213729798261354,4.689051884385248,2.376215222372235,6.816854625527819,-3.786499389050328,-5.721866305080183,-2.9853423883239087,-2.8393246490253676,0.5351569002334203,4.011872777824233,-5.870835472610623,-3.079110676542757,6.767972648654529,4.377983294853847,0.5325506501305389,0.0266640983787416,2.15884577727492,-1.6451510809044896,2.5997206652969385
MB-0488,21.926090346392435,-2.8308704972615124,7.104840163022024,7.493978524972733,1.571207787542642,-8.68043104139848,-3.0320146785394066,-3.1392656534222287,-6.306521386671143,-1.4156239150903933,1.6487128347479811,-1.4585727830685307,-0.07756806206500241,3.742806899896094,2.89654683850042,1.4091211944554685,-0.7057957035662313,0.812564501200639,-1.9476903396480096,-1.2785224996542095
MB-0655,2.815696581822878,-4.411391665930775,-2.389401960804308,5.0051824582428575,1.3165675788280486,1.1174779752152517,-1.6007549886554424,6.12457088032939,0.6028529424840701,-3.1513377578865596,-0.9908861420171005,-3.8004534156392364,-1.3286257101454286,5.5535670450432315,2.6484985860187673,0.22028792335188302,-4.248567468521907,0.43965160871262915,0.5972693197352185,0.9635653569362281
MB-0235,-7.730434962389958,-0.8310078104768518,3.8923664530658475,9.729497137704486,5.07267223123832,10.209762382483055,-3.2676510375232857,6.16335253222884,-1.0637982212294972,-2.550720525374159,-4.292096213299419,0.6493028949279419,0.6327001010431933,5.13272366601873,3.958545192760868,-0.6991431406814472,-6.176559629102422,-0.09770962293377533,-8.131079983725181,3.699315665198916
MB-0484,-5.607026847271251,7.472059613767688,16.236689369912,4.591105121329864,-2.6936310772653975,-0.2804528051736301,3.3454230782300707,2.8530633015474427,-4.782837442606623,2.1112381414431547,0.642082364625693,-3.92289120442844,1.1981165902626554,6.733406623432683,-4.9910742652630615,-7.092892231994706,3.4134719242829323,1.9796393195930428,-1.674173279437542,-2.2351463543626036
MB-0436,10.856547828942608,7.078091740750161,6.956154300226755,2.7469584965884137,-0.3357465075552055,-0.5433646783678225,-2.217945340345558,-0.418603208406474,-2.007914351838976,-5.044103857047579,-6.844711719770273,-3.8693644296256964,-2.1613491231322963,-1.5646558631479572,-0.9186605218187752,-3.779675351474886,0.04112668822887427,-1.2995477738499928,1.8549720577857334,-3.553031099822624
MB-0299,6.001124584731416,26.046433960704917,2.4507532231835425,9.067139322661246,6.09841688926206,-3.456059250609962,2.145104853672006,-4.383107766339714,0.9152700095197582,-1.8889936659092845,-0.13011566213978135,-4.68595907795332,2.4855674036757294,3.853348163171726,2.0265643678106535,-6.549023099915143,0.25515350578608276,3.242031384421369,4.763709195402703,-0.08602832775276827
MB-0877,-14.655560687256644,-3.8115968952162613,-4.364441631590895,6.684407813375456,-11.727705036553395,-2.1933960628952023,4.804374182950316,3.4643324510634237,-6.160009554477933,5.890674446497189,-3.812819893639965,5.3732721871534155,-1.2547031370495418,3.7120763186362393,2.686366887680028,-0.5384504176305916,2.59825783230682,-3.2559668755790985,-0.5394806223243673,3.0161081714642224
MB-0097,-19.96193828409764,-5.551385215042148,-0.27252270624939573,6.115045645184359,-5.997940708787976,-5.896268881572675,2.942604622258421,3.5518640635767103,-4.001932735390584,0.31227746831222086,-5.101029250183729,-1.3512994177016862,-2.4134766690331264,7.516219929883792,3.907881766697238,-0.6054176667629156,0.8458674305208836,1.5929721165780917,1.2553238581524808,-4.455961504127107
MB-0897,-7.180385568262429,0.24764406301164144,3.5828553753522105,1.5033827042947643,-1.3390049674008342,-3.0084661408804294,-5.381632958813757,-2.514073354624156,-1.3006935376786855,-3.0174906365083998,-1.9078481220692438,-2.604319289554906,1.0037990529490726,4.111029517067465,3.1082108272054163,5.523250305019424,-4.800969121296142,1.7123227004704822,1.5279933900049871,-3.5630720149587147
MB-0095,-16.214827096345026,-4.433056904319538,-8.500946892209988,10.660134372947601,8.814923448069061,2.786509234411486,-7.037920426588788,2.3070375438040087,-2.3979591722763103,-5.174111247830187,-4.378027157347144,-0.5397755533128334,2.1359151586452803,1.733051010870027,4.157234215116081,-6.4527601959337595,2.527224488161358,-4.819372615807334,0.8937669747969287,0.18278291090618914
MB-0227,3.596573324488309,-4.448117181956093,5.759189090380292,4.777967956193357,-1.2629756592497041,-1.8173679774616391,10.042249360552365,-0.8746459061351693,2.8101328480669956,-2.7122266226405816,5.211654771946262,1.7699695749743147,-0.7196299934900287,0.3094210215244771,-0.3655248574919845,0.2180216975216783,-0.6093608995242604,0.9966355526894499,-4.11638738287967,-1.3118698700446807
MB-0353,-13.934976417363435,-4.155678266991439,6.887937295499119,2.3342702304749166,5.088229587226955,0.749794578357331,3.796301244568828,-2.0953379140700097,-0.7601046254032511,0.9783649338196958,-2.479897496380103,0.5564758931545102,3.746910012488541,1.5682442636171248,-0.4101595979260702,1.5682200341713333,1.1403866483996956,-3.147665859438142,0.5140749739773655,0.976532251131365
MB-0522,-7.444358697417409,5.774810381886849,4.1464202013793585,9.00188131346381,1.2585056826372207,11.587804102823997,-4.552267897003341,-11.463252846251635,0.2634619793288335,3.1269924561625504,7.475842765189238,0.3308491053321412,5.5245961174686355,-2.406590525716961,0.873007253636877,-1.3323983396562356,-4.59005543706953,-1.1660287913362828,2.817095231158367,5.005575416860753
MB-0543,-9.490709817500225,8.306661237839263,-9.236798819596201,9.952092325961186,-3.9003640161002053,1.8231242766231728,2.174305202476733,-3.1130589152729113,3.6218572121709323,-1.5230153179266606,6.291592899402833,-1.949783590527872,6.249841253651209,-1.423768857945138,-1.5400903645506747,2.447367225140008,-0.9250897184921821,-5.722371804730045,-1.0537301505709746,2.2475106949145722
MB-0646,-7.033412387235316,-4.245825401657818,-2.2288032692705375,4.278990149625376,2.3491812805999186,2.014448218363876,6.322129887128914,0.6930562099517109,4.9550155478252105,1.5348580481749874,6.150175786500172,-3.972163892841214,5.01923333910216,2.3498031493195586,1.4987744164023569,0.17149046358010456,-0.3277437321770481,-0.785595699565161,0.9718065208746932,-0.5663855790569342
MB-0293,22.903771083685623,-6.6804927371488345,2.8680883633417253,1.0140666817159316,2.3632507348367304,5.229133916145195,-1.382990705106037,-1.266996216476255,-1.0413381609862156,0.7301533393123308,4.4105804284121115,-3.239945129004058,1.6139155352811043,0.5287940592191579,3.59797346878755,3.917800619696203,-2.0231099220322952,2.9499804009092156,-1.8885483318077785,0.4450609967686518
MB-0552,4.616053978347629,-2.6582889480227645,12.520226609048738,1.8331748521961762,-8.952884730843726,7.577102409972178,6.6677835672429655,-3.2781581253640417,-0.4481311050335404,-0.8953101264659351,4.535839542027849,2.2345710874923093,2.620236692782626,0.6847741207662825,1.0160408886804881,-0.9113757286751514,3.586754818287799,-3.455401694299157,0.9265668828935253,-1.7199328573649268
MB-0260,0.3901597333787106,-8.553101186225735,0.8280686695818991,7.383660208499683,5.278576622011016,2.3612579048759157,-1.2497972850098493,2.5038673568155736,2.060645631000151,3.328450644170439,3.8549942358132236,-2.5803200725876057,0.7592991825623404,1.8852462984189886,0.18805119551924424,-5.673225587263363,-3.030777335472858,2.969953338076848,2.5968373757364693,1.1242796516295226
MB-0256,4.971684129539166,-6.5078947480496385,9.439891429041188,3.950346244388763,4.367656998844012,-3.4473616479028872,-0.5076309193863925,-1.8036448213282832,1.9035976637083898,-4.416336656077302,-4.992725114155236,2.889856156210961,-1.2956646399764535,0.5214069693042913,-1.6870656736636949,0.09667246581566313,0.19133093908337023,0.5070164683807563,-0.2240744715028937,0.33470311607693926
MB-0539,1.2530977439266748,12.232368385735857,10.223950051826561,4.361054122413854,-5.245418296417877,9.191260830799376,-2.8924579697920527,-4.852032262656162,2.478212829335157,-1.2657646827407063,5.216087053314227,0.9890858076092884,-3.730234972379153,0.026891821077130968,1.401025872424368,-6.10775186019798,1.8355393031168532,1.9254288576704175,-0.35202874212818197,3.112635516510976
MB-0626,-14.752861342172473,-4.07672361700893,-4.0623981107619835,6.457466911695379,-3.38424678397257,0.2634221314101735,0.9623665677370058,1.5576819203633605,-0.13604040687118713,4.413549202316795,-5.948119427938953,0.028737925585381092,1.081067328849286,3.792063612400195,1.8064085247750874,-0.6477387848240914,0.4425166539392723,-1.2073500083763857,-2.093270138839961,-0.4276024410999144
MB-0211,19.510959098461203,-7.903561709577675,8.188911982840791,-5.832688311382472,-8.241447425837894,-0.41980788354560883,3.910907499752209,1.2804728199817212,-0.08326594268166784,0.7794234765749816,-4.537377921395935,-0.2753351808334052,2.8767336494466527,1.6417724641179219,-2.267548705216674,-3.3154933887280844,-1.5820046846191052,1.1694268444657765,0.49283611543319783,-0.08287131935438351
MB-0124,1.3369708527343604,-8.21182086973474,2.6131668530828946,3.851334692836437,0.8787635946721066,-2.43480827343183,-0.15899074908353736,-1.2502114878907307,3.580976373034404,6.281054207529365,-1.6404615599810655,-2.481299769469481,4.458604062673762,1.6359721266887217,4.619442028783039,2.949383408986448,-1.289637467240304,0.128356697340298,0.9109482825179205,-3.1588456453483897
MB-0510,-1.6931818889026877,-3.1521933766889925,2.7900061831196945,4.443225998345506,-0.7788848271518675,-0.7785647412259965,0.5795406485883753,4.2610633213299645,-2.3275429368791043,0.7934148113424241,5.737226966205459,0.42015883999578363,4.982675813570384,-2.898381179397413,-0.9981261209181296,3.2867169900937503,1.8861664626794137,1.663513977583716,-2.667144691082155,-0.2926637836954977
MB-0365,8.841667153845997,-4.717532282518162,3.337326907003917,-1.689737402937329,-7.632437159830503,15.229575738887723,1.016065173773317,-0.5972883417652629,3.7329703520925266,0.5862248043764349,2.3787171492405803,-1.9308324565214652,4.023879959369147,-3.2194683184679955,3.797673077744862,2.032067662400537,0.12606923853672697,-1.7924004774394668,-2.1419788658150503,0.7513358004440172
MB-0290,1.512734464554084,-5.113264052739499,4.849723021224215,6.163714800388822,1.789935738474371,0.575262801598142,-0.1372349617271994,-1.436669197564017,1.910494515251748,1.209239972773928,-5.091572585025895,9.421121904379447,-1.9140688153519625,4.359144468256333,2.1157172656281102,3.99722053768073,-3.8739236710736558,-2.605304805712888,-0.8117931422735244,0.7961641896867926
MB-0113,-8.144542021450283,5.015245078976694,9.517583043385693,4.934518641340551,-3.747146123978785,-0.13028169708610968,-3.6660947329814118,-10.61065475543887,5.160715738325943,-6.156403305435956,-2.117418765380725,1.143996259524356,-1.943028217911088,4.207108434967326,6.661072983561642,-3.2005025344934026,1.7267699055723535,-1.7589579054709483,3.516551534000321,2.340289799350892
MB-0620,18.3281120739012,3.74071852545974,3.5819492096820253,5.736054175114612,11.021697006672026,-2.315685705950167,-5.308562807858574,-2.104170028634533,-3.9790943364420652,3.8663701780112327,8.039582022247052,-3.012347622984329,0.22220842214235403,4.703165474478213,-0.2952341262040136,1.118879746648716,-1.546793625707692,3.261488963091385,-0.45407139225035625,-2.107528266573082
MB-0282,12.724726924169317,-8.942552326625348,3.33065597770082,2.421071942981493,4.349955750071116,-1.810836448824914,-6.0515549916823606,-4.4858048849778145,-1.4626563670230308,3.195406565861244,2.004249479913399,-3.4466114631971956,-3.690861580101632,3.128943198489105,2.6276975914152283,2.0286622013852993,1.3711115442935062,2.616629215271803,-0.9167926746585784,-0.20949683480920112
MB-0228,8.013957824906928,0.615202501242337,7.26832025737723,4.4783721684563185,6.742946161703716,-6.896941657636184,-5.250022446133926,-4.310860812950367,-2.446774591758179,0.9788703687110979,3.105179317047638,-5.617468958496027,-2.1341666724595556,8.127260640410396,6.8227934323055734,-2.0877486154615146,-0.40995421055650993,2.3073319315167042,0.012082878417436103,0.7133918848976413
MB-0578,10.379183738976792,-3.9827814601909557,6.643348583936376,2.136089032609719,6.987069209323927,-1.8740818679902251,-3.9741630562499957,-1.1740801474159093,-5.3518835508737554,2.494239475955526,5.365812136717792,-3.666357748161775,-4.750150991262547,1.1732113580514583,3.3312522310483903,1.0152905146185391,0.8229583031453896,1.2882984760408895,-2.221360988809781,0.8444630279915315
MB-0479,-3.0159197284452905,10.288923651553826,6.152999866030905,1.7246237504117088,-7.038812437792601,-1.9338714332601064,-9.30950004922589,-6.689252310849502,4.453449905784458,-2.465770654026866,0.15770936696100749,2.110762395088301,2.5042470750288945,-0.00450551261683995,4.506795698539348,-6.45616010230797,1.4054660997386728,2.439372760107968,2.079197545153454,-2.2941727210366225
MB-0263,-1.5492043013503736,-6.439631798500085,4.935399134737439,1.6365912732051136,5.2417821881426825,1.6074352623071908,-0.23478872400041373,0.6044940823468594,-3.6952196595028917,4.495781129522206,-2.021976463248245,-0.07566404850802776,-0.9645609015766888,2.335980063414935,3.5649522715566415,1.2714157485852817,-0.16621798925061873,2.145313963202026,0.705567298062822,-1.087412233732989
MB-0509,5.290231121162043,-2.4541806197831657,1.3795935497268128,0.888722760774705,-0.8727559881368004,1.3620311906265656,-1.868290617482614,-2.2260527309296783,4.829389529051214,4.965381000416392,0.8130648987655296,1.905475390787499,-0.08243975220602758,-0.8866346055455766,1.84905799119799,0.8800011462144379,0.5999543586178422,3.3884553119518226,3.910873585099962,1.5422601302571433
MB-0110,43.95757383143082,-17.743793524811913,-12.825683026525276,-1.746875980297419,2.785178195549364,0.5005674445397484,-1.5934251377027564,-5.199290354129336,-11.358833610849219,1.5373522218877846,1.7319423352941004,7.092593534711984,2.184299435602949,3.571752040385472,0.6972305593125528,-0.29461674270022337,-1.1896506930279165,6.7825286998329934,0.686639004625663,-1.9113878863641705
MB-0279,18.102023791183505,-9.284786822192316,1.1888270403679553,-1.6439854635908946,1.477978314896689,-0.21007157740976976,-3.7334455229209222,4.833166549962526,-0.1728983212755755,2.048433159327247,3.4366800427784225,-1.8671945762699242,-1.3059072078039304,4.711757722568698,-0.8970529655241498,0.47075228072271724,-0.33517865668036345,1.680996042140315,-0.13976533275609063,-2.7734332166384195
MB-0168,20.118159043227628,-10.300528076328902,8.807757350171753,-3.7304875341648653,-5.78736834347937,-6.073535254076176,-0.05358974979095618,0.9973699356237364,0.28497711537269277,-2.3273086329699844,-2.5588229291620994,0.7229664949722634,1.5915589679254807,1.8298443660318704,0.49560433225703243,0.07553728210441442,-1.4087264569009574,2.7013494057534633,0.3012217997441954,0.42926218193968496
MB-0588,-0.9266193737005929,4.527868882340361,3.098572417648121,2.869160519462184,-0.8056715520044183,1.5867986369766565,-14.346913871135746,-0.2127636838383171,1.3639403495619662,-5.7135724655895626,-2.9544557475186375,-1.987292003472462,1.713177792851216,-0.419369424160149,-4.656789047044944,2.968217875856187,3.8410080326538707,4.627471424809767,-3.2865801634625225,4.0974749925569895
MB-0462,4.955128057860439,-2.852827633565121,-0.16622057206883367,-5.261784278244707,-7.2522792668626295,5.322512621134104,-4.370658127359656,-1.2603698222624875,9.34276511746218,2.5108400486846914,-0.09760601580130704,4.473696362038321,-3.755084812953227,1.2696039789739941,-2.2556034719771234,1.2017352093072675,2.769084272165201,0.49753104179750096,-0.032427537120187755,1.4094425980419707
MB-0262,0.2526626364943757,-2.4947397774024505,6.219082976291861,0.003947749351314221,-4.637609039874917,6.891177629206244,-0.8437927253432069,6.882197523365197,-0.6957395209578061,0.16199578615023857,-7.327285513716765,1.648992999954093,-0.7037311027849913,-1.0570347226224228,-4.457387037532297,-3.5475451952828174,3.331175880742223,-2.8073172139192404,-0.9961614516565137,-1.8290131058000612
MB-0907,15.52236375351956,0.0412539415790908,1.7479825105642353,-5.0079610091813365,-4.623665612962606,8.003050907334018,-10.488209393810882,-4.24250079319044,2.597379490030045,-0.9613728741593542,1.0575176685490242,-1.4154069557954658,-5.560719267929125,2.79719328299254,3.3284687631652625,-0.6954752473133496,-1.7128711858640533,1.7030822791527598,0.045107462956865046,0.13248205829085247
MB-0554,7.990466785758506,-8.343526721868919,8.609232499210737,-2.790634658073723,-7.855199299161283,-6.3570963009994115,3.2920058074725147,3.6237307559562106,2.2139206104465323,1.016921416342501,-3.5063642914253026,5.040804761179165,-2.4254215017966088,4.721318110759411,0.46402380319849096,-0.12469810960335449,-1.4267001630651606,0.6461059949167511,-1.2627377964501194,-0.6012745923308076
MB-0418,-4.28781141679912,-3.1358065906248784,0.7526354565565482,-4.0849345444510865,-3.8784421251168184,-7.119983077979018,-7.248490166210973,-1.2290573744103668,0.10356926868804198,4.57821525520662,-4.952445479575101,-0.7547035428185184,3.5163370608531106,0.26363764449458993,-1.4472138915521708,-3.833740690504678,0.1181993507900973,3.152030791007338,-0.12624306427559284,1.3152508614844138
MB-0193,-2.150711507449331,-6.495673132813888,9.800544909351617,0.7033388227349178,1.0072326435193595,-1.507602803301432,1.566055969779267,7.17795087690291,-2.6209373620632284,-1.9552342580944801,-4.575786343579,6.545515486428923,-2.3195024494451073,-2.349126842063706,-2.986714328850401,-1.3489478001875805,1.7841134742499607,0.4494725705189479,-1.2350627735483837,1.983594647181825
MB-0652,-1.6976647804653515,-0.11687122165402063,9.718286586513212,-0.5363139486741995,-6.650133957590897,2.640861326318687,0.047236691252180475,4.498402509153714,4.637098690722494,-0.17183179704504134,1.1116599475556628,2.6891426202651836,-1.176406050077873,1.06871530065262,0.5886983523347966,1.7276190993108884,1.5262564979710438,-0.6969116468349819,1.3655599004019037,-0.5084516739004017
MB-0638,10.759663400196333,-8.761086976405473,5.204474873242095,2.0439204301549316,4.403209429992785,-0.17018984925130232,-8.691549267169085,1.6309894936682265,0.2567817993544169,2.295271292649476,-2.719815227142858,-0.8584043176424265,0.9865334573489198,4.917182870734806,2.067955406334729,3.850619338139976,-3.715451817699647,1.7078139104194485,0.4055151608913478,1.918602734835871
MB-0188,-0.2537327689840448,-5.1721989249668665,0.7318881350995108,7.323632838291727,3.944488274369651,0.8055858577272267,-6.24564392734182,-13.342431930252692,6.538821573439465,-0.3320662159891982,-7.23821848421298,1.91247893350128,2.535054948900383,-0.11576104865022094,-0.1590929294335327,-3.348008194996718,0.22804571613479824,-1.048460521267911,9.183213945183216,7.051270461415671
MB-0617,43.68530881009819,-23.21330068203356,-9.038631302017388,-1.1509352613532333,-2.3796507508853635,2.9739780452858193,-0.8663990231899205,-2.7495357363867985,-6.508289960826392,-0.09050465455606042,-0.9164461934423583,1.3966628027075059,0.45417964048770804,4.854112603684502,2.9318551103905492,-2.732893436460656,-0.7646427273617721,5.943839721818175,2.103506088811954,6.748472722674898
MB-7225,5.3123751105730515,21.34849636529908,-8.126242006362718,-7.612113979559873,4.8159600048544515,-12.371709946414834,3.631452974337721,2.5251389733414973,1.0865208590657733,-3.3724018448334587,-3.2622692653069065,4.864626494067852,-7.212955166775946,-0.4676018248950763,2.530912315646544,-0.3015901231546706,3.7082972670546535,2.8216929499398336,2.915820306498299,1.3187603990559762
MB-7141,-4.811792588030309,0.35247833958079194,5.1726610128553,-4.368212873859706,0.755302878111334,-4.207973530209303,-2.4382964531730345,8.240629754249579,5.509244794245206,-2.854582664311731,3.491640848594007,-5.3977553440644686,-2.7838521415251773,7.272573675238799,-2.014152257096079,-1.981930248322533,1.3627647482639325,5.967906261824448,2.7541507002003334,2.2697389286963303
MB-7234,-21.889488356635574,-0.09077299987340604,-4.4272629492288695,-2.07543263024672,-0.880290771747082,-0.26347963367585764,-8.079901723045342,2.1774639491146375,-6.900292906323569,0.8227125329560004,-5.077421952142025,5.396092635313708,-3.100518084529789,-2.1104093747205397,-0.5500312861509632,3.893055090347104,4.176609485454454,2.4733215509414728,0.07843984975406405,-0.38556325635836936
MB-7089,16.550507721542726,17.57859801387447,-3.239144713203697,-4.945788654084906,-1.7841075177678114,-0.8700825547510094,-1.9796703979378225,9.290944072101533,0.7397855912614025,3.8593444216678465,2.914636653772968,-3.719568438209985,-9.094893381321262,-2.4093768464083314,-0.5980585344252287,-1.7139792136889138,-6.915338858659496,0.22818424409452534,-0.04289204383841519,-1.992921724596263
MB-7030,19.221083661584075,12.618337894231795,4.0343867647041005,1.5286151880322254,1.918788564884639,-10.043389498824151,-5.866270099161363,3.840732312757468,-3.5093794799213858,3.521043417041145,-0.5323932250828756,3.335327547433271,-3.812866481057294,0.11134038651505317,0.5821433093404376,-1.9543697049842512,3.713661969762146,6.976695988753228,-0.6835033291265071,-3.256647933642688
MB-7004,3.2558519055778783,-8.054875026899913,7.292498679267411,-1.8119480999509412,5.3791804302970245,-1.3051389004956182,-7.460147767842799,7.184342227094595,2.3726967130677044,0.8632611115188085,-4.103299495923779,2.8148050499101154,1.3282400275545636,2.393989200356242,6.587902361442051,1.0922845729555406,0.9749466102243163,4.195968304756442,5.116189406901326,3.979053695722052
MB-7119,10.93391698915858,16.585565562392297,-9.854917360508505,-2.6257246461692962,4.934317651258272,-3.67075303677764,-1.9505981373929622,0.8676653537802902,4.289954796905863,-0.6237049913423331,-3.531879638658603,0.43399952964442123,-8.752593763123,-3.172594475866375,2.118054173719784,-1.0238877356325353,1.6995558462627613,-1.346216963313201,1.9822038218275853,-1.2401511135428973
MB-7263,-8.363235263769191,-4.154091137026405,-6.820151046412934,-2.414272640826276,-2.7991199407922878,-5.053238215667167,-4.592541186243156,4.955010466754653,-2.2131464173419433,-1.1838376335905092,1.3576630606976072,0.45581048142832087,-6.6169975003351675,5.750325669761328,-0.9600992063274733,-9.448632144905536,0.4598700838822144,0.2071730186266665,-5.215461951877129,3.968245073759813
MB-7012,5.539017099651795,29.071463776661655,-3.5310676328111845,3.0962632063608693,3.391950198260138,-5.133827422634884,0.3741612425495147,9.359580587673717,-1.2072467698609268,1.1468994093287566,0.32328057617918815,1.1453407431135183,-5.431829679331791,-2.1525402555743542,-2.087655361493153,-3.281506681868347,-5.198908137201511,-0.4029052623185961,2.4020482564878987,4.102298130930925
MB-0174,31.943666707436577,4.649083969574186,-2.6706825343568963,-3.2581628311289275,-2.060599505606411,0.6290813984472827,0.3822520600853422,4.498628211303498,-0.8720565524737657,-0.30371348369898143,-5.063323041165253,-3.0194920075110354,-3.4800378169360737,-2.3679812387082895,3.154825063572139,-1.0969423017832194,-0.20591982037500722,3.099621181453027,3.706632039560159,1.6622384615606252
MB-7182,-6.699434139923771,0.7195610101656634,5.308139991541998,-5.961237912090957,-11.783255277859048,-4.375657543575632,3.01687546588794,1.9877025663462404,-0.8402974931502752,-4.7892594638291195,-5.852794679663556,-2.1578160857260946,-4.440421761826585,3.715963123586839,-2.885944356621989,2.913899557768404,2.033319049564816,1.6394633973189783,3.399364321261629,2.1210741922734946
MB-7039,15.602259323700162,-2.42884629987828,11.749533389761458,-0.25164522605472844,1.2150877473295598,-4.107995519795581,-1.388848147367784,0.8339195335703398,-0.7200724372029979,-1.7412405280965444,-0.12298027398807308,2.222029312462149,-1.8664844552330877,1.251569549991079,-4.47501163132947,-1.160287879107847,3.197507634586743,2.452606827383582,0.31427125328495864,0.08757148929953988
MB-3797,-14.72304500426466,-3.2381178813360405,-8.977684563806097,3.176240393967778,2.375744238221988,-1.7575065960685194,6.327542717323349,5.538897625223529,3.1170616046076365,-6.513560435653444,5.567690172849435,4.121014721517937,-7.0549536300023155,1.6297955648818043,-1.9794510046541158,-2.0153269323109906,3.9049878066883315,7.155385449726114,2.0524139817654077,2.712180112878835
MB-7112,-1.6268611849955026,-5.085567256914421,-3.2085283333949226,3.9673379490240808,-3.206664120099984,5.408714858241869,-1.4000573692236775,7.783903943773189,-2.6629019471698205,-1.9135524237273729,-0.4440952380039021,0.4094712189134156,-2.2685814537120845,1.6657941032914851,-5.6244109915919,0.6407023148630296,-0.46266854266597146,1.9948490478486158,2.239723594025676,-4.493142426391875
MB-0308,7.365766832188279,-6.5698818636385266,6.373495632935534,-3.879002839993731,3.3566008431435215,-4.384724940620922,-9.748868083242506,0.004443597044765586,1.2512415132810955,-1.1594875627040906,0.446261173207741,0.0838117310102227,-1.204330325754177,5.447880945572986,2.8831521277920844,1.776706009809306,1.1575757323194757,1.4529216573020916,4.865005279161435,0.9164231200231872
MB-7230,-5.0406368651897235,-4.876965747334935,3.937841582933237,3.5766904837158005,11.20543713111522,-3.4726899391988653,1.845680204129208,-6.684878236172789,0.6875577258079066,-2.2938601622015753,1.0337489556168007,0.7719035988773911,-2.2338502146663304,-0.20982289159267764,-2.527158669704976,-3.2595134188298744,2.7658336541203066,2.0710513736830065,0.4788043424609887,2.0637863941645898
MB-5452,-12.403082156338865,0.6326650073834286,0.7151181668700233,-0.9429562586964237,-1.4910790871199275,-3.533819080114391,-6.220025379534165,-1.4059377137518398,1.8346230031694564,-0.9820316019530513,-1.2033115900144602,-7.074670036021333,-4.196971305788942,1.0532670627187357,3.213162600428189,-1.6518449766753467,1.5268642066924545,2.730123724515086,-2.145994030892349,-0.06719375455052158
MB-6195,8.45839603619937,-12.732851495326429,2.0115262115204673,2.8406497264908888,5.893358892893,-1.067690944949032,-3.1786281526580438,-1.4217040262771623,0.8871727242959144,5.797538894590872,-0.4487092237491577,1.5439587149422171,0.4185034873499269,-2.0445955970392444,3.5446835246525947,-0.4774122079883853,-2.86339503256079,4.597554169895712,5.453909866442555,-0.43668790684524755
MB-6317,-9.038958390183222,-6.067056744413521,-0.09460668327089784,7.64938816869099,-2.9714495203830977,-0.5634976036610563,2.6907975502809083,4.99553750285695,-0.3879620497055618,2.3482934470239765,-2.2456333641467707,1.5191469450778032,-4.0416922596695875,-1.2773246157910982,3.0427024835400927,-1.7851045236528835,-4.802416570730393,5.137398740086623,2.5355310740134964,0.9958934319514859
MB-5460,-4.017036425365526,-1.395831630766576,-0.08597588078894383,-0.06693172613834125,-1.456407863432392,-1.7873055712725412,3.088644406553352,-0.090500919238561,2.5641676350031544,4.682706141373229,2.1025715177913256,-6.6455582164392455,0.36502284562854576,0.364339740659765,1.184854740342842,-3.2587038626135483,0.2853497416876162,1.2192456936338252,-0.7700863021183767,2.452590331258605
MB-5464,-8.139909370033331,-2.0975052675160564,-9.07494779302933,4.6616601543370235,-0.5337466326874603,-5.8282031750568954,-5.733948841360307,3.3996015922674183,-3.549214567785569,-8.148287377943731,2.6714475615614246,-1.4578788903064241,-5.57000581756181,-1.519129771645996,-6.560755838446977,-1.1369849070124767,-3.586244731035211,-0.7564793062024537,0.9263177080282285,1.888020015353386
MB-5552,-3.0046040914145333,-1.1262571625778137,-4.216018086322428,-2.9398355806891594,-8.76170906960421,0.6616394892239363,4.516342987169506,2.2001989149563084,1.1780153226846812,7.477637002040366,-0.5955994529031248,-2.1267131103629584,-4.263818456875255,-3.277333145909112,-0.7433133799124161,-1.9295932481980016,0.7329797357945651,-0.3793182320595137,-0.29730570881574814,-0.7179591345383859
MB-5547,7.992664569311611,20.790720672544893,-8.565602800025303,-0.16478763932556276,1.0675935394576654,-11.912944390856502,0.4481824959037175,-2.0298443374055624,-3.299377909140006,2.64567839880201,-3.2090424673378215,1.697028864544261,-2.8192883136519744,-2.1744309861459925,0.02686229857126961,-0.9255971699977065,0.5560762792228312,-2.0932679478310425,1.5546971656091162,-3.6268097727152977
MB-6189,-7.356245886863115,-7.084868150266458,-2.4907651178456214,0.20425826826101465,-0.8575365618959506,-1.4080731101361403,1.7403412899753805,4.5943852153429985,0.034942107090580606,-2.133081988134749,-1.9797679571325766,0.08024011328090036,-2.565043811705493,-4.868947834888129,0.08488418792394122,-4.8869266962986355,-2.829879261176369,2.524269929469388,0.1516072372801801,0.5725389312983312
MB-6122,7.144055588099668,14.573777908790074,12.297176583729957,3.5084333922590596,-2.441580770114069,4.317145292472878,0.7695810770391177,6.334232188335761,-2.9953267802586354,0.43137664865080955,-0.7534320458579942,-5.441821404920652,-4.210522850430226,1.4206690735944687,3.1689073301485915,-2.3146169637295486,-3.303628113778781,4.1825710825286,6.449889811772568,-0.3436221791760108
MB-6192,5.776463151486416,-1.7839120836781666,1.4624232724824928,6.296793367004255,-5.026199984951665,-7.498914489478695,-1.6173572560538438,1.9169235938111486,-1.4329596905305528,0.17432768291239656,-2.9230853854100816,2.242631785606229,1.4803707663291157,-0.6736433559588318,-2.10825958987593,-10.400655142648377,-1.8644064362104813,2.6638623141412614,-0.5098751798491741,-1.2841685716519016
MB-4820,-7.690598093648501,-12.59720542261818,-20.16512394011764,3.0696148846243383,-2.2521390193045776,-3.5722845406756694,-7.11251547973665,-5.886766666491818,-5.588113030261488,-2.2054271102645577,4.698404769116033,-1.211783589755694,-0.24407836405771707,-1.7417455082930862,-4.365594471531465,-3.1295177896476494,-4.497356959511633,-2.912247977870071,7.0813505100663585,-1.5222869854228458
MB-5527,9.723738425163749,5.753718267892698,-12.605538869312891,0.6549943978106646,6.417182370842456,18.53906184428398,-2.1710080355320556,-4.812314281624667,5.9053574717919375,5.41468311432363,1.9003617876976646,-2.68413137416466,-3.1301572122695975,-2.3622728447898904,-2.978299194111232,3.5244385649096177,0.12763390385277834,5.202483362094892,1.2134239112022687,-1.8019083621155465
MB-5167,-12.22803047137862,-4.7687723298571925,-1.8428250870032952,3.705535430710706,6.2836548112246025,-6.060997889038642,3.419144729717175,-2.4582903750692413,2.6518118663461414,1.9096915405950796,5.12724495234591,5.517759106275717,-1.4587968096405726,0.8958987770855018,1.2719087988561333,-3.9963744591255783,-3.659276009129196,-3.7906009320601908,-2.148430596017578,-1.2036712727298462
MB-5465,23.581298594682025,14.857207010705489,5.01939438919343,6.986823560249579,3.776931024719825,-5.715293676438628,2.584480720546226,-2.3530668630131064,-6.676897380231298,2.2849686024746294,-5.204634219622247,2.6701041581847536,-1.1056887035580707,-2.2038693245647503,2.8475947643504806,-4.077767743698328,-2.237577757743102,-1.2764517171817755,0.30559334628196505,-0.13206034677074546
MB-5453,9.684483521041905,3.9183491202065137,1.8106876603826354,2.5117423481599768,8.904991809639212,-4.061681164803028,-3.5018575689583193,-6.571830772435549,-4.704680044203645,-0.7806350408044171,3.911834561782471,-4.78246479764452,-6.564148992011595,0.27709006961469884,-0.8235599452154332,0.8062616439505152,0.27193996405211157,-1.7007082198121524,-3.289493242905406,-1.7719127726629174
MB-5471,0.7668169775431725,-0.9268221455396514,9.860201611270153,2.306384637632732,0.7686870089709777,0.06028659486207124,5.4393482455714235,-2.742042569999111,-2.2351385495984317,-3.347978282096593,-5.622708627781498,4.117469426058836,-4.791803699899804,1.577630713147084,-1.9052435323105597,-0.34097945192276563,1.1534682089792583,1.9329208365288406,1.1729828545268488,2.145618569902969
MB-5127,-16.898624105883318,-7.698281859010667,-7.097124207851333,1.5231355341174566,-0.7299797506760322,-0.41362059488102676,1.9520540779863558,-0.25648967642332154,0.6339927224906206,4.994914740653547,4.731129245155004,-5.098925444134964,-4.418360836672626,-2.288700163816265,3.078443343064139,-4.458202418957999,4.824170918293116,1.6128355698863979,-1.3016207565800122,-0.6413381158939635
MB-4313,-5.516505705034112,-0.1096933391845985,-10.743207664672582,-22.70621994068211,9.116301461019248,2.0493630671665333,8.206901847775095,-6.982775380987341,-9.352893796915676,-2.7162023523134233,-5.9926972439573385,3.7495498531102167,0.3795046722556293,1.4929727104248571,2.7690070499191526,2.662884761262311,2.510445231960978,7.55997307007656,0.12918076724748048,5.841317819461919
MB-4823,-4.825228720746592,15.552214940272886,0.6838456851401884,6.767746405611314,2.2688001853351873,3.227063508090153,-8.586381231325813,-11.73300645933944,-0.39068761065329405,-6.917323537408954,5.487886805717619,3.596685792834922,-4.472308825690314,4.95054440011665,2.7301636835838443,-6.59359912350725,-0.337868066524155,-6.947765763160129,-4.989312504837626,-1.9611027859431804
