,arc1,arc2
TSPAN6,3.8855868521755865,4.303479056033535
TNMD,-0.10107531493012772,0.11455015270615772
DPM1,7.036229249547072,6.627305111144801
SCYL3,1.7601162078622163,2.6803992308896043
FGR,-0.05436810757997862,0.27615340526063487
CFH,1.4918583640937602,4.799001106427423
FUCA2,6.153952157788364,6.512287455974314
GCLC,4.2458333271106845,4.2725368420020775
NFYA,3.7170981572163413,4.162395955304531
NIPAL3,4.0058338250491765,3.9043612334466835
LAS1L,5.258581771743447,5.29890797236338
ENPP4,0.41901268353617516,3.3362839002818525
SEMA3F,-0.16397803104672315,3.9197750883184117
CFTR,0.7259687072785463,0.3578253453158835
ANKIB1,4.394628496663048,5.65176699744163
CYP51A1,5.735471929214028,6.164494162884534
KRIT1,4.689674900032733,5.766002008231359
RAD52,3.0822359158469244,3.204163564676661
BAD,5.885490337577208,6.362938750773064
LAP3,5.232697521404768,6.2496730023367375
CD99,7.272742439253076,9.08383323400737
HS3ST1,0.11706591627809282,0.9280754709867575
WNT16,0.05018047470336223,0.43594359952588324
HECW1,1.4504275699919886,2.0254811993823973
MAD1L1,4.4753905079226435,3.9999337508977826
LASP1,6.986235230595219,7.074716404206812
SNX11,4.067003544650365,4.644699263318261
TMEM176A,0.35813802789012,0.34742368160209347
M6PR,7.396309319272113,6.969781521726522
KLHL13,0.310241166246489,3.761598595807577
CYP26B1,2.572333995423172,1.23635818073467
ICA1,0.11585215517079384,1.847546577091604
DBNDD1,1.9079810432400417,4.112764134377422
ALS2,4.187772631514889,5.019140692350972
CASP10,1.299327805319626,0.7286115722332847
CFLAR,3.875575766918231,5.235237483523196
TFPI,6.5447690942391485,4.498802825975717
RBM5,5.630023289409222,6.9798376458735945
MTMR7,0.5991483364100347,0.8926839348745756
SLC7A2,1.8390593744071584,0.30561441275844425
ARF5,6.796923412366689,7.95694757421952
SARM1,2.065674579312665,4.2413690833379825
POLDIP2,5.64107876826502,6.044744939717154
PLXND1,4.260648947846356,7.289781209938901
AK2,8.400097918159156,7.236943669287103
CD38,0.5553630523719448,0.2221328576451617
FKBP4,6.095274300799309,5.718878533450578
KDM1A,6.371018642799392,5.497935916190969
RBM6,4.835123112267693,5.876840201706667
CAMKK1,1.6704112363225392,2.7660568514149877
RECQL,5.779562596613119,5.802108783049613
HSPB6,-0.17941093867699642,3.9635403105063425
ARHGAP33,2.5290440258150104,3.8585073912672105
NDUFAB1,7.325046644065446,6.9917417732144145
PDK4,0.45454595807517184,1.6271835089629847
ZMYND10,0.4530136616420024,1.282357035209735
ABCB5,-0.09893139355860303,0.6375301190080425
ARX,-0.39832329600708843,0.5966606911816545
SLC25A13,4.334047094681479,5.352823021277422
ST7,3.68936320074615,4.335491807137684
CDC27,6.1391858765908145,6.157799551308935
CALCR,0.23276314093337158,0.030302844351822567
HCCS,4.942912962241854,5.408350476906932
DVL2,4.911258141479232,5.412979973261323
PRSS22,1.138712995436236,-0.2659276298625915
UPF1,4.479671253374931,5.081427361105263
SKAP2,4.835626524088225,4.574719389006605
SLC25A5,9.216808140700172,8.891524942125375
HOXA11,0.9344323234207147,1.0478428617194968
POLR2J,6.555568351901125,6.999787106908147
DHX33,3.3848424415118896,3.906754841609329
MEOX1,0.5912279996343137,0.2974998188152798
THSD7A,-0.009818802871299881,1.2257877072505141
LIG3,3.838968808175113,4.572235556192013
RPAP3,5.326290367478535,4.704517341591373
ACSM3,1.5614063308384027,1.131765287541059
CIAPIN1,5.628561190621156,5.909080801288803
SPPL2B,3.802975645141891,5.509562986082073
COPZ2,3.908146270457115,5.824190700795524
PRKAR2B,1.7472301461261746,3.822723345079572
MSL3,4.12993926002955,5.039347060421062
CREBBP,3.264446850156126,4.76134512011506
MPO,-0.022522935388928522,0.5308809278634445
WDR54,5.984484311132275,5.197846760096639
CROT,3.36436942321176,5.164659040720731
ABCB4,0.43591296642811883,0.5961992570832729
RHBDD2,5.1079863227214455,6.888228437680896
SOX8,-0.3166028959470404,0.7421876932777619
IBTK,4.449327336970049,4.880923780513275
ZNF195,4.16640688718831,3.6831147393034183
MYCBP2,3.4003181767482475,4.547184970932981
FBXL3,4.067398242425001,5.276406260429159
PDK2,4.171198158234361,4.945493212568387
ITGA3,8.02391305510345,8.972570101888445
ZFX,2.8450755177117584,4.081258504922246
LAMP2,6.623764704586156,7.828989063134112
ITGA2B,0.336447089053037,0.6815248363751941
ASB4,-0.024423726639199575,0.12484269008928306
GDE1,5.74657311788343,5.993840075797726
CRLF1,2.8801059508836424,3.1867235712521853
OSBPL7,2.0466195071344586,3.3090968705444115
TMEM98,2.6699704878839587,2.6666759961926365
YBX2,-0.01777906882770658,0.7839258719315808
MAP3K14,3.35744908062551,4.178794667070572
TMEM132A,5.127622580882394,5.529120544778887
AP2B1,6.02939965577883,6.7876836108850895
TAC1,0.026049444040789155,0.03373070468583073
ZNF263,4.176195536569607,4.953706711953748
CX3CL1,-0.8451160362916597,3.924538398540294
SPATA20,5.380181748994442,5.65408615322868
CACNA1G,0.7046141477987251,0.7196455760657312
TNFRSF12A,8.339368385885104,8.316098437668682
DLX6,-0.14467589479521548,1.3616335744835304
MAP3K9,1.4599582798460313,1.5202514396254145
RALA,5.513853624808837,5.904279375196386
BAIAP2L1,3.090185952861665,2.363699775347828
ETV1,3.5996608233028944,4.2848606075164986
AGK,4.534543810607638,5.736130826846724
ALDH3B1,3.64537902497127,4.307413896943116
TTC22,0.41404465314864336,-0.16783121402918047
PHTF2,4.279416120847524,5.572960776773295
CCL26,2.7312552206224936,2.799033394814073
FARP2,3.3679342455099457,4.263467796250597
GGCT,6.378516688124707,6.532392009332988
DBF4,5.253031605875724,5.111803308833975
TBXA2R,1.516130011459127,1.1429587589689199
IFRD1,5.036847539353557,6.670392926040697
COX10,3.973640036838388,3.7274996353509033
GTF2IRD1,3.46821929626871,4.5250617058662055
PAF1,5.56733519859991,5.839570069113669
VPS41,4.469214361186688,6.02914726586144
ELAC2,5.755062075415452,5.9300442154260935
SCIN,0.16303139944953227,0.5303796113969146
ARSD,1.3403907588742836,4.870188042294627
PNPLA4,1.696501587952524,1.388996479954576
ADIPOR2,5.600440890035209,5.453845632326835
CDKL3,0.8665288653275421,2.4193386383502733
PRSS21,0.08910420598238701,0.22630632487568647
MARK4,3.6506765568622606,4.867669205645069
PROM1,-0.3329701331235091,0.9249283259830134
CCDC124,6.832322337045323,6.705489799971597
PAFAH1B1,5.9667070393693455,6.9065260926638805
DNAH9,-0.8058498023855329,1.2558271853478111
GAS7,-0.3794380063954781,2.3315603120498247
TRAPPC6A,2.821947728232814,4.347486088237917
MATK,0.19259576860723887,0.24145909997754364
CEACAM7,0.05983738881657258,0.018163623169512783
CD79B,0.24810870727205903,0.2136055523456985
ST7L,4.373094218839644,4.706391987614389
TKTL1,0.2157800041452123,0.16042562454764944
PAX6,2.088980862062763,4.280553492261934
RPUSD1,4.606319626209252,4.340263595566565
RHBDF1,4.352784782508438,4.9982431420326074
LUC7L,4.706355568145678,5.119848792278799
CACNA2D2,0.04982106607363679,0.5025446510244445
BAIAP3,0.052619852110616594,0.8399736086552024
PIGQ,4.128895121822101,5.548788387344681
TEAD3,2.8663591120766343,3.645896768978064
DNAJC11,5.301928642197913,5.134613544068703
FMO3,1.2718946136073535,-0.04287151811833517
MYLIP,1.510423295004248,3.6947448175274324
E2F2,2.1779082856821894,1.815409140307252
PSMB1,8.626660494674109,8.242056274813049
SYN1,0.34471791827304243,0.8314312341199878
JARID2,2.7745684389734686,2.6930825398568166
CDKL5,0.7628690600453032,1.6015357754707193
CAMK1G,0.9803844619500722,-0.053245370122386226
CDK11A,4.7532660623167375,4.671296742934742
NADK,5.315015871828492,5.231828790336455
TFAP2B,-0.041872503563346014,0.1444849260752781
DLEC1,0.09883823360574079,0.1914884516897625
CYTH3,3.6732257902017054,5.516850062487287
ADAM22,0.9612610414457254,1.8388095624811212
SYPL1,6.7505348032011865,7.977107661848413
CYB561,3.9165578651659354,5.659594940838618
SPAG9,5.549699323992186,6.5209339399774615
CELSR3,3.333177615611162,2.402065894075543
AASS,2.36053091708904,4.5562703505838344
PLEKHG6,0.5697486738955413,0.3065300297480121
SS18L2,5.0004282863783835,4.670604604797458
MPND,2.863350814551367,3.160237009716848
MGST1,8.300402100644426,6.53752619081002
CRY1,3.6072688423651056,4.364060828610856
NFIX,3.1880791828784916,7.134552165610062
ST3GAL1,3.313427062952681,3.7072458490246873
MMP25,0.6111629858028458,0.7798790563163863
IL32,3.6314280259042544,4.479104272411734
PKD1,4.52883458522779,6.241766721999945
MAPK8IP2,0.35848238235884977,1.436220195247399
MED24,5.320529735676062,6.034975407336827
RHOBTB2,2.590500231875067,3.2432369240914762
HEATR5B,2.767151644369008,3.605660280871333
SEC62,6.571579552743812,6.964171382801758
RPS20,11.47964053477817,10.335945118503185
CSDE1,8.692545642217807,8.581473874457616
UBE3C,5.0188856591008575,6.324046537830243
REV3L,3.116062796222936,3.5274841443180387
PAX7,-0.14634514639449553,0.30629815832927276
MASP2,0.4459662742788204,0.8826935763041376
FAM76A,2.653860331058243,2.550429497716365
TRAF3IP3,0.4101553885325041,0.6105882619504164
POMT2,4.146348860297604,4.299408709420408
VTA1,5.665211903433749,5.766623879720075
MLXIPL,0.31032320936522567,0.5221023892366596
BAZ1B,4.887473728867622,6.236628599316705
RANBP9,4.787964036878106,5.776000659439355
ETV7,-0.09401982208572524,1.24514986410108
METTL13,4.589810002043271,4.961499876978048
DYRK4,5.169602170259615,4.893893313786501
ZNF207,7.394616311317253,7.708255109532486
UQCRC1,7.784053112643327,7.688283591958715
STARD3NL,6.147934123617073,6.3683288590696305
CD9,5.644555295141894,7.74680481048613
NCAPD2,6.6647309731632145,6.2273923365816755
IFFO1,2.9856055514689146,4.622914852209423
GIPR,0.6337876802431113,1.7041835468669313
PHF7,2.6193889729764193,2.9192954035564114
NISCH,4.070620678393913,5.464573054515038
STAB1,0.3354472970619098,0.21274344385021876
FUZ,2.328982166334137,4.223177982333429
SLC6A13,0.1460070351543694,0.25303034947944775
IDS,5.3067566950125,6.441367513868039
PRSS3,1.5012222552220726,0.4471304995428505
ZNF200,2.784827222509363,3.1951502456364707
CD4,0.28769675049617316,0.7550437359389304
LRRC23,2.946419126063282,3.086000273304594
HFE,3.344870338947247,4.606525580328052
SCMH1,4.167445715316066,4.809414302254267
FYN,4.050534719385166,7.265928400508606
HIVEP2,2.1433758338254627,3.281822709551273
FMO1,-0.09237660636108552,0.18629619757910892
LYPLA2,6.115153442395177,5.511384072888627
CLCN6,3.133954078649599,3.431577013932725
MRC2,3.297526798545976,7.938472808662963
TSPAN9,2.599495735227662,4.958617962809449
BTBD7,3.3545249166443796,3.4631657129463482
APBA3,3.370621702523511,4.099276267958838
MKS1,3.0602572413883142,3.8383711719539066
ABHD5,4.891002602889175,4.370221877096591
AKAP8L,4.740147679842363,5.275799486089044
MBTD1,2.645258352994571,2.9855589476061875
UTP18,5.750729823620412,5.200987893176887
RNF216,3.756827394317837,5.013649115789876
TTC19,4.633043675248,5.240949587680961
PTBP1,7.693904793956079,7.820511555170917
DPF1,2.169293282828567,2.3928710875568746
SYT7,0.8085509788083475,0.6531363421375305
LARS2,3.4818262647218283,3.959437149472214
PIK3C2A,3.6236991202361333,4.56800713470901
PLAUR,7.331477242058147,5.669991001261126
ANLN,7.108404584133427,7.0675592400579585
WIZ,3.6268607549864376,4.404698637096254
RABGAP1,3.698904903843987,5.255919246255062
DCN,1.2848812939305774,3.7726747749988823
QPCTL,3.3156861569391207,3.795643670557889
PPP5C,5.450693771383164,6.321168038402327
CEP68,1.9439004880389232,2.774515469506894
MAP4K3,3.701070846541381,4.281260714003958
GABRA3,2.3663955574710287,1.2172928719692737
BRCA1,4.26425647245984,4.2561115614843255
ERCC1,5.50177227750777,5.658982268182833
CD22,2.0477855943033094,0.3750725223494116
SEMA3B,1.7974626260194038,5.299766747211992
MBTPS2,3.8281446315438497,4.80071460190483
PRICKLE3,2.553242169197843,2.328946146096582
LTF,0.6432811065568074,0.21619151514323107
EXTL3,3.438707035669343,5.125181322439915
NR1H4,0.164975594306745,0.10595611199087651
ELOVL5,6.475099351103261,7.662289872132954
ALOX5,0.2469206524057403,0.043517773717409614
KDM5D,1.0669222218431171,2.4639434804357694
CALCOCO1,4.007252880907707,5.918219791857073
UBR7,5.139028418907783,4.985857387154241
MAP4K5,4.423326389255652,4.733523029785963
EHD3,2.3765490082227956,3.077882948073216
PSMC4,7.188369243967854,6.72739300846491
MAN2B2,3.0733819330967362,4.340174155421484
SLC7A14,0.015916756519426423,0.3398736337062733
CLDN11,2.7636647453734673,2.3909702335344845
SLC25A39,6.96065251324187,6.659154838750296
MVP,6.148230263341545,6.477569041711682
NUB1,5.095938835720534,6.528468031191208
PGM3,5.08324700496003,5.919783948906363
RWDD2A,1.5849735544361345,2.588118384395645
CLK1,5.401363132727215,5.781716887972775
POLR3B,2.8191281218971507,2.600704727073687
ANGEL1,2.982623771344064,2.8877331948925566
RNF14,5.163958579318145,6.288746987145352
DNASE1L1,4.736014512439593,4.4710976642697915
DDX11,4.924041978521952,4.757268922573728
HEBP1,5.463780677851553,4.594172067244541
GPRC5A,5.37853936867614,2.7565572321956586
MAMLD1,2.3472587167383474,2.978213741657532
CD6,0.04173563060097117,0.11203863712230105
TACC3,6.125284191414264,5.780556407624418
POLA2,5.399291077963843,4.855442863500938
ZC3H3,2.798476728498398,2.749158892136881
CAPN1,6.544131048985135,6.444716998371818
MDH1,7.7853331020846746,7.7665511010764865
SLC30A9,5.271318615196165,5.685576451751996
MTMR11,3.2645280411111504,3.579454612805047
COX15,4.300640567238355,3.935830538269094
CCDC88C,0.7191429691825179,0.9246055179535934
YAF2,3.926727683852515,4.248819930439646
ZMYND11,4.448768886600782,5.027564168177278
WAS,0.6743140671423763,0.5539280934829429
BID,5.828533381596179,4.631266973608151
MATR3,7.512027488917576,7.862238196806769
XYLT2,4.1245477787898865,4.4663814157465
RGPD5,3.062825099668292,3.663836835040514
STMN4,0.012202038476391383,0.13082894915807086
NUDCD3,5.6704472183340116,6.963316498317307
ISL1,0.27583897260701107,0.0691334863594143
CHDH,-0.26074392545544783,1.0176587094259477
IL20RA,0.1307008025788391,0.18809126663822562
CLCA1,0.04587054497311839,0.05846190405678326
GLT8D1,6.053901244427906,6.757899313696718
ATP2C1,6.22799206587249,6.596245904407601
IGF1,-0.14687682892612502,0.797040477062471
SLC38A5,2.786668691706913,1.2358898446387419
RALBP1,4.255682368280025,5.168790049986903
RUFY3,3.0027089231208857,4.841226374826921
CNTN1,0.7000015601254863,0.945207466021018
SLC11A1,0.3739692393429501,0.12528735867826224
WWTR1,4.821969675928813,6.7356070775043
AGPS,5.955924080467053,5.69666260817436
ATP1A2,0.5407354147562471,0.3322967880543885
TTC27,3.503615854571518,3.32979608716335
ZNF582,0.5942866409544879,2.105212328178972
PHLDB1,3.8763581841825303,6.514932388016305
MARCO,0.3229512987598653,0.11145138116734445
CYP24A1,1.0737026843949973,1.0237070368538987
PRDM11,1.855206137377208,1.7837081421914915
SYT13,0.07793655707532987,0.7115074908317669
SNAI2,5.67778624566962,4.336891151849857
CD74,1.5628566810830726,4.002784774847635
HGF,1.1393963816446053,2.467645001698976
ZRANB1,3.1505278739969684,3.2693751649432645
NCDN,4.098285884509286,4.817692781507748
ZFP64,3.8603938953827193,3.936425420047664
MNAT1,6.120418753348104,4.756041203242339
SAMD4A,3.4815023721093685,3.281884120142533
RUNX3,1.4107923167006748,0.3758788136564286
PLEKHB1,-0.8808428024683708,3.468640635102277
SERPINB1,4.21772954895021,2.076731172776771
SLC7A9,0.11532022397463049,0.19999736981719318
SPAST,2.8846697274353406,3.320316692793917
NRXN3,0.7084900336185957,2.6321028625613643
OSBPL5,2.6623597013411526,4.06430591832306
AQR,4.299276541162653,4.425888171621845
CPS1,2.87626403627002,2.933509719725417
FHL1,5.424764400842135,6.961203911281945
GABRA1,0.00163324657832601,0.0747197217152564
NLRP2,0.19230401151769327,0.199684086903751
SLC45A4,1.373264340364842,2.134594164099534
RNF10,6.688464727332801,7.047554507981319
ZNF839,3.3168691935252257,2.8041427687455758
ZDHHC6,5.324457298299236,4.644048933819004
GRAMD1B,2.607355441508953,1.2044109722165668
RNH1,6.917857096492013,6.7987447283133005
NDUFS1,5.837726864725496,6.285282485594022
RB1CC1,3.94551016920736,4.467444030516898
ERP44,3.9263896797767712,5.03511079711696
ALAS1,5.211509260879841,5.113805504524122
BIRC3,2.7315241526417084,2.512847601329439
AKAP11,3.101209704123772,4.023380049177838
GLRX2,5.105246463933809,4.515076680818871
SNAPC1,5.444440370853266,3.9121567371665726
DERA,5.800390237670909,5.1691815151175
STRAP,7.328984523989859,7.0642523910772
ABCC2,2.12272618722003,0.5852456578281506
DEF6,0.8442884273215658,0.11696304920993689
PLEKHO1,4.193009992459087,5.039664670474782
GCLM,4.7587788448595,4.86738961586016
UBR2,2.9809151024236376,3.3933148150603194
EHD2,5.471508576177371,6.18204977978607
DEPDC1,5.33359768858609,4.7524813338785235
CCDC28A,3.6917300495421266,4.309729823812386
RRAGD,1.2772291289673958,3.553500141126958
HSF2,3.618582042222248,3.931129901231495
PHF20,4.946937510673929,4.877354325737586
HSD17B6,1.1549448384732934,1.599863419568694
NR1H3,3.114846102669093,3.0394824458274394
TYMP,2.2580753468186074,1.4490298107451958
NCAPH2,5.530379501339919,4.556259320318748
TOMM34,5.956921512253966,5.707004974201067
SEC63,6.014261098144825,6.613112936200283
KPNA6,4.558949658644226,4.5504280121283305
VIM,10.014677189768543,11.916691875107247
FAS,3.530347956547455,5.10832269774917
RNASET2,3.3405415084616177,4.3379280655036085
CD44,9.059421676497351,9.416771078014662
KCNG1,1.800008803682865,2.568354805130636
AGPAT4,1.8159929218954327,3.6812681961929714
SLAMF7,1.217107844505222,0.14916298969560798
BTN3A1,2.8413328705522396,4.643474665643373
MIPEP,2.8737044993062875,3.3876842344628115
PRKCH,2.56968151995393,0.941984542686034
INSRR,-0.10177816173271062,0.32103435671510283
IFNGR1,5.0734819226494965,6.042932374146447
B4GALT7,4.362982385397473,5.254783039077971
SH2D2A,0.7054220596858969,0.07637999531109496
VRK2,2.8631242191845945,1.6269053692703994
TNFRSF1B,0.6870052000355124,1.0519512337225994
VEZT,5.4224846654015195,5.34652149850088
POU2F2,1.6329787391808805,0.5572861798369633
BRD9,4.861234140364598,4.645297734595018
SNX1,5.537100906476315,6.289152128517898
TBPL1,5.3784384130440595,5.106285403375662
BCLAF1,6.099512367870986,6.308976279699265
SLC39A9,5.04838302840901,4.801349668554088
ANK1,-0.22983700986820832,3.047602692481641
IBSP,-0.055391589917755474,0.298193479370416
TFB1M,4.031572652009949,3.369059396425199
RABEP1,4.142336707804341,4.986251265905245
HMGB3,7.308806757141468,6.876021244890338
NUP160,4.65211995254102,5.0630478274051045
BAK1,4.3342342400111376,4.6529679331075595
MUSK,0.3618895735861114,0.09423239988435259
IKZF2,0.21268261669674504,1.9642208837136967
GRN,7.5119515063828155,8.605437635298701
FAM13B,3.254347428465879,5.104113965993674
ARHGAP31,1.657423367575453,3.7932965550108886
CENPQ,4.345291357162504,4.110263471858419
RANBP3,5.18072171247663,6.0224348261839715
ARID4A,2.4481431385483083,3.0831726081853263
PNPLA6,4.848487359365166,5.537233682746487
IFT88,2.1452785642099164,3.5378777258913567
ALG1,4.267470544589869,4.866649575249467
ZCCHC8,4.435785791277054,4.415914446405853
ABCF2,4.661161183245793,5.572107554475832
CHPF2,4.015154403111518,6.453808858651541
LRRC7,-0.06465032508218849,0.9601860799719457
FUT8,6.221469595132213,4.943776308577885
UBA6,4.460031829619766,4.988578315690877
GAB2,0.5020227008056783,2.850630255486513
ATP6V0A1,3.78121224415701,5.5153467944206165
PIAS1,3.7638874703838607,4.368131798208981
SLC4A7,4.91914396088803,5.457533572046739
APBA2,1.4874302477946533,3.273180539385873
MAP2K3,5.123330573327778,4.575808184198615
TMSB10,12.266250129994297,11.276836649651228
ASTE1,2.632839531259595,2.6218854332557866
RNF19A,3.220286477573187,5.246466503221891
PEX3,4.161957239803208,3.861945261654306
GABARAPL2,6.3852884574157205,7.600036702555711
SH3YL1,2.954539335524694,4.561029835836664
FAM136A,6.073174719749069,5.588147692940863
VCL,6.042718050987369,6.683591374683282
DEPDC1B,4.5511280317430876,3.862159447637076
DAPK2,0.2841620232006279,2.5994907369239453
NSMAF,5.308772867002475,5.494359627440399
TIMP2,6.399069361530598,9.207612523407743
RFC1,4.783582538093843,5.329915800923122
TBC1D23,4.872651358799313,5.042789274162431
CUL3,5.698268592761554,5.625091186619443
MYOM2,0.40483063963485244,1.8681591122862966
CYP46A1,-0.15944517780825151,1.1941170280406832
ZZZ3,4.5449510739588685,4.733420457497047
USP2,0.4260046905311853,1.3294095643399486
TUBG2,3.074222826446392,4.738015425433636
RPL26L1,6.429371607405697,7.0189707127969125
FLT4,0.18553288326159598,0.1466727830407422
NSUN2,6.373336733627414,5.721945851746785
FBXO42,3.3851200846758736,3.7682777364421622
MFAP3,3.987425334288288,5.198424048284662
MRI1,3.337304296491386,4.175745992144506
METTL1,5.595774166036815,4.165429179482264
HOXC8,1.3962608684376117,1.513369278124313
AGA,4.306830952254489,5.509587703039652
PI4K2B,4.325800101512001,4.3083246613982595
MAT2B,5.881743627693941,6.3391635385730805
TLL1,0.6127490219338396,0.7187963349588941
EDC4,5.015933748441932,5.446154137439968
TRIO,6.967262002483227,6.2087119093957925
VCAN,3.584662874736732,7.992044850059372
CLEC16A,2.9906473691503783,3.681605683574081
MSR1,0.5465221816772062,0.5299086697072168
CDH1,0.03063365810889751,1.3888556996404495
DNAH5,1.8187012116684018,1.2258902520184602
ZFYVE16,3.7131496852017465,4.389654736310076
RAI14,5.660570485303356,6.402279069226734
PNKP,4.8854743908080325,5.257543560591082
PHLPP2,2.249225799805577,3.2855047367355064
STAU2,4.194884449529475,5.1678040875902145
CTNS,3.5507870752988735,4.132791911660006
RTN4R,2.0083707628249265,1.5803886108684406
PHF23,5.251833427146443,5.754411408147628
CDH10,1.1793088247962373,0.6242810684655401
INPP4A,2.3676153544109395,3.7078774968707924
RAB27B,2.6623492264456607,2.733023307862528
PSMA4,8.76927753631531,8.685530295174884
MYO16,0.14792735424075815,0.17388228779159187
LSG1,4.805373676388946,5.247547404858871
PARP3,4.047859093251748,4.62948766825923
TNC,5.9050563419908775,7.305388858942685
THAP3,4.006620496263601,3.8259734869607747
TDP1,5.033087815951354,3.7732609403626487
AIFM2,2.8526482685085446,3.572379418771847
SPATA7,2.701861406400942,2.4274564036517168
MED17,4.519633178402091,4.56141062718651
RETSAT,5.152705446364679,5.1901100677232055
CAPG,5.41881807661204,6.078714434948552
AP2S1,7.770944856910703,8.018901709133706
TG,0.5284647318087182,0.40983915001645055
ADAM28,0.11512479660541086,1.2516062124587028
DCUN1D1,4.449597317512297,4.672963924081772
ZIC2,1.7499224401632463,2.6328857470688924
LCP2,0.7697748293520712,0.07452805155379916
TRIT1,4.539200617671626,4.584617713778009
ADRB1,0.2727124217428436,0.19481088094164703
CUL7,3.5849510813335463,4.845047861009527
CTNNA1,7.28227986794506,8.738711347982091
PHKA2,3.1802554103414256,3.648205918367843
CNTLN,2.5580401470830143,3.185449274639751
EPHA3,0.21628127270228248,2.9473424599202924
HSPA5,8.891542522506692,9.584122865857006
DSG2,3.8884985149644353,2.124799220399213
GEMIN8,3.0050865057336997,4.045598581223696
OFD1,3.110272582703638,3.6008638499570584
GPM6B,-1.1483446548329002,4.817063398955554
MAGEC2,2.3522098520508754,1.443105201973553
PREX2,-0.24250583677160154,0.9167266799548465
WDR37,2.3548956265323624,2.8622486862257914
YTHDC2,3.618815895751262,4.574268068725389
CTPS2,2.83007765352025,3.36580014773625
ATP6V1H,4.888172126925002,5.674879287401087
POLR2B,5.901438737375883,6.197139094126098
ARAP2,0.5033946487654188,1.4832176262816463
TPR,5.0354345866834365,5.685740707968695
CP,-0.7717540858209249,3.77376871228911
DTNBP1,3.356394321617731,3.7125282342370722
XK,0.43117166988990985,0.5533842277312574
ANO2,0.6554284774906917,0.322907792029433
SCML1,4.026068086830239,4.488019751034203
WWC3,2.305221511074409,4.0521371108510005
ARHGAP6,0.2797892715657687,1.3720508388465358
FAM184B,-0.034325031623827634,0.2941771966752431
MAP4,6.203443157666529,7.273078940322017
GOPC,4.664233482085316,5.648629319882027
ROS1,0.5212996534096718,1.6810066886602117
USP28,4.040728293718096,4.71803847428679
HDAC9,2.4205773254264464,4.825972201556755
TSPAN17,4.7648172165937135,5.510673011222569
NOP16,6.254800671553132,5.266871062409681
CC2D2A,3.6971054795081875,3.30476479867929
RRM2B,3.953034419449732,4.755825235410894
ZNF800,3.0044324037508594,4.109614678998154
SNX29,1.8718594064978977,2.237614526495506
LMO3,-2.0171248700179882,3.454495563941997
MRPS10,5.758295862132302,5.3609134043974995
RSF1,3.750073264286873,4.527556076613311
VPS13D,3.187966835332944,3.7031408158432
CELF2,-0.45481987338329266,2.613435490199132
FAM120A,5.629272579689596,6.294952640143773
R3HDM1,4.425030168185402,4.820994907165297
COL9A2,0.4795636490339552,2.8608068055597187
KITLG,3.092250541872553,4.351407038497994
ERCC8,4.063842023460643,4.189867334017038
ADAMTS6,3.696749610809584,1.4319580755912766
H6PD,2.4104895541735654,4.335762163514061
VAMP3,6.550091111138858,6.7783704951792
PER3,2.3984608753988246,3.190920211271331
UTS2,1.2146314443566906,1.4673023618940428
TNFRSF9,2.2714938938431772,1.3316789979370085
EPN3,0.8503652376880984,0.04617956818014751
LTBP1,3.796115279939205,4.929215754257006
RCN1,7.929421385746109,7.900286095236309
ELN,-1.7162199438616557,4.607296444183332
RFC2,5.751856864546954,6.100571070297853
ARID1B,3.966757277884947,4.639876560832254
CLPTM1L,7.200928541738956,7.163840773866514
NEDD4L,5.900688835375402,4.242522137991836
FOXP3,0.10989320590081869,0.35212435931082486
PPP1R3F,1.4167846967845372,3.006457312299502
HEXB,7.6163264271849815,8.177560873895773
PTCD2,3.1116421387409114,3.595472005715828
JKAMP,6.442949240026281,6.350338002375331
DKK3,6.132393459143366,9.176424589069946
ARHGEF5,0.8648542177052456,0.570487758596957
NFE2L3,3.7685150818595594,4.3990106514720315
LIMA1,6.310356143615881,6.96290068704663
LETMD1,5.350812907544682,5.298836091506727
SLC4A8,1.36504710981827,3.0591995434492363
LAMC3,0.11281723301138304,0.29985364169204093
PTGER3,0.011045104051539273,0.24698962570713845
TNIP3,0.7548317852016367,0.44547228160173913
MAPK9,4.768383404931303,5.226715764650074
COL23A1,0.47532807205846395,0.02382165619971996
BCAR1,5.3157601361319715,6.1618562666999
HERPUD1,5.928544481641477,6.817565712667685
HOMER3,5.700350175929303,5.503413857387681
RAD51,4.190184101191164,4.0309228898431
POLQ,2.6250077772554876,2.733164230393775
PIK3CB,3.7003678401924476,4.266901111168678
CYBA,1.7895773481116881,1.4908513757962587
THOC3,5.998199437304587,5.379762640490675
HEBP2,4.016077497447401,5.26177240060571
MPHOSPH9,4.135687212272708,4.556103883731367
PLEKHA5,3.902873397911733,3.4510164567198935
PRSS8,1.1492688198354881,-0.09136601036864667
SIKE1,4.8557247062863285,4.847987120568104
RRP12,4.1606586804061285,3.49294932388406
FNIP2,2.0551272828632694,3.205381881290515
TTC17,4.904184490453925,5.691813134041599
ALX4,0.5847981964246192,1.1487790321599194
FSTL4,0.5994065793274876,0.17141605153983414
FOXN3,3.4751754931111574,3.805157845915336
AKR7A2,5.397481659400165,5.182726110140928
MRTO4,5.9254797324797,4.677447154109553
NNAT,0.5142841877835013,1.3815434423671626
USE1,4.524301447805891,4.863617574265271
MCF2L2,0.7262978563758105,0.7060469594891858
NRIP2,0.3699264484723779,0.9491294883605979
LAMA3,2.076840625297114,1.1506039780523745
ANAPC4,4.3166126873185,4.389408276007644
TRAPPC3,6.223418373366991,6.592109267521641
THRAP3,5.369092698708867,5.9243428795991155
PHPT1,7.329986062516048,7.478255694973764
ENTPD2,0.10854208434662287,0.3152924442657692
LY75,0.42894863651891435,0.6946077594197593
ARID4B,3.1193529537031344,4.401133824607367
OPN3,4.406769723717623,3.2969660014196487
SDCCAG8,3.2974813118105217,4.179246713371091
PTPRN,2.388361492498209,1.4493715343588185
HHAT,2.677347046720974,2.8879137839815083
KIF1B,3.4044537703947984,4.51768361075993
FOXC1,2.1223216346759872,2.881853570117865
TBC1D22A,3.451253601813539,2.942753007303701
SYNE2,3.5683096447559612,3.4568872841147558
PLEKHH1,1.4317203628381816,1.2566341379913246
ATP9A,1.9856574273997756,5.077012029765704
CHRDL2,0.0828101516455304,0.05765042464051936
FAM168A,3.3903544615601624,4.980175613659758
RELT,3.033325417051541,3.399141721136421
GALC,1.6951780596471002,3.2072874973771084
NOP58,6.978339616061645,6.034220730090814
KCNH2,-0.9344397338713756,2.114336668256092
CUL1,4.824217487258015,5.928166438316334
FAM114A2,4.025908182276737,4.490448395542675
CYFIP2,1.3379937566436488,3.1109865445037492
TAB2,4.692963253675011,5.920653699205001
EIF2AK2,3.762666088505378,4.913886299603045
USP36,4.299190880086811,5.053576609120897
MCOLN3,1.9752112891051943,2.378652058224214
CCDC85A,0.345409785576685,0.6797922624759023
PUM2,4.573469815722182,5.375684860743643
MRPL43,6.719959400714684,5.794318797056504
ITIH4,0.3475768190920602,1.4722280188106278
ZFR,5.972747809928719,6.112675469002158
ZNF280C,1.9580526618686331,1.969228059008773
NPFFR2,0.8782791728654092,0.26089726151514264
PHF21B,0.9784166033413022,0.3418856200554799
TRAF1,1.1404146994661144,2.3099480131787926
RC3H2,3.9139765463828837,4.948790804998186
IL17RB,0.3144432032744119,1.6060934603087118
TRAF3IP2,4.167616237379553,4.188528510342278
GYG2,-0.1986922760478249,2.415192255400286
DCBLD2,7.589312281919846,7.284785187894959
SERPINB3,0.2956512360772484,0.02291822205487598
SOAT1,4.777424222269481,4.9073616276488705
PKP2,0.7761273643916967,2.2066385927930137
GDI2,7.359951662617298,6.966723003086701
PRDM1,1.4636777662759346,1.762556742104509
ATG5,5.027860796836675,5.082279024584761
TMCC3,1.6707432257900416,0.5118587025562116
MTA3,4.138696218088014,4.723272934013444
USP13,3.7645131972941863,4.358490249639757
ATP11B,4.538381897202487,4.903872028506668
LAMC2,3.7632195797262566,0.11097009970416338
CDK14,2.6887761546407885,4.592456756705953
SEC61A1,7.339196889090408,8.201824017100519
PPP1R12A,4.998527888664418,5.722723254248011
RASGRF1,1.1134344469242232,0.36966834642141533
CAMK2B,0.07913934050141919,0.6818017172899629
CROCC,2.8362003038509322,3.3840608367207325
POLR3E,4.066733257254437,4.186181935254116
ATP2B4,4.326502501822626,6.020198237390485
ZC3H11A,5.523842083256259,5.833382080217361
RIOK2,4.750878027229689,4.358358601884143
YIPF1,4.387694731090451,4.132624572587237
DGKG,2.2904049729075724,2.4882577509883728
FLYWCH1,3.941471412511282,4.586435133879393
UNKL,2.865432045312258,3.645383675818021
TBXAS1,2.8187825801943163,2.499602172022863
PARP12,3.1122434440654776,4.743019366270342
ALDH18A1,5.822748470067559,6.170204373699805
TARBP1,3.8376082866818773,4.165029481890283
MXD1,1.4401477005031031,2.3456839118473476
CDK17,4.168211530515947,4.104648812201405
DNAJC25,3.78039830822391,4.101464653493847
SLC2A3,4.685549315053228,4.88227051853134
PSD,1.091556445299238,1.274775788244584
CTDP1,2.8241126191404837,3.2083402341661946
STYK1,1.7179065375856093,0.5536887236600965
WNK1,5.4037671206386975,5.901041521807206
CCAR1,6.190895563424722,5.614875296088995
OGFR,5.005494521850946,5.005194976280877
GNA15,0.8808414230687738,-0.1338427955927904
CREB3L3,0.2114586591425039,0.065443076091006
PIGV,4.053730252978795,3.216958402814515
PTPRU,2.8758807374529525,2.0418407897832695
SNRNP40,6.265179470507974,5.698324576821884
RIMBP2,0.5201778177712157,-0.042813202425600216
COL11A1,-0.8285668401110455,6.851095907834093
QSER1,3.9685512466359554,4.167641299141116
ACAA1,4.688968042064573,5.905608570463324
BCAT1,4.450927369656462,4.874019148605427
HDAC7,4.953497235603797,5.344526479541205
LZTS1,0.23258365244289791,4.433993325354929
PRDM6,-0.19659274352996087,0.9119268385023034
WNT8A,0.004085566652101413,0.03318328722122266
SPAG4,3.3317216155401987,1.8285341830542585
NCKAP1,6.084750065052237,6.577585808746107
MRPS35,6.069741365598627,5.578136825690715
TNK2,3.552768953246166,4.617122057285551
MON2,3.762745133718132,4.652916550381673
CDH3,0.348304162671506,1.3820257803871583
ARSF,-0.33881224362145007,0.6986334310893894
GPBP1,5.356897263493055,5.7068829206473275
DGAT2,2.4749843724099856,2.088399516568639
CS,6.937501139792675,7.06193722093144
LTK,0.6448151300029316,0.9407486896763043
MRPS24,8.00803608245175,7.469170392342451
ELMO2,4.499530183106487,5.131212831599947
APPBP2,3.6382393059502096,4.5187183664005435
POLD1,4.894922346473026,4.388476685814485
SEZ6,-0.7289872779786855,1.0889291135707617
EIF4B,7.543117318354982,6.888737460204272
SLC6A16,0.41771561955314984,0.7092450711769617
SPHK2,2.955974938365066,4.196680367139428
RPL18,10.405794277333458,9.464439909987078
CA11,1.8625193898662697,4.184800934982229
ISOC2,5.185580128972995,6.039272338999316
U2AF2,7.262865836376994,7.323799907582885
EPN1,6.00861164314943,6.315111249380393
MED29,4.381425721182293,5.182713039600293
AHRR,3.0184215533022734,3.372230228941708
ZNF275,2.011578758421823,3.4627776439297255
MTMR1,3.8062848967473033,4.140565008056132
GPC1,4.191207390670095,7.4877506254644075
ADCK1,2.579524430111781,2.8651355505711895
HAGH,4.363222328013672,5.631844052736122
RNF4,5.540334363184687,5.871791749855065
CASP8,4.475836827705402,3.9993854313477906
LIMCH1,1.9189125838054344,5.556238253715047
TM7SF3,5.724350164371861,6.969226402857581
DLX3,0.12997596802877293,0.6820660163771689
SPA17,2.9994462696628137,3.5199316137786814
TSPAN32,0.3024107529736393,1.0334243709557724
DMRT3,-0.24301512995121605,0.3618762948118303
ST3GAL6,2.497194503882805,2.2140895547319532
ATP2C2,0.7748475358275428,0.377750986967777
NGFR,0.6265096893339044,2.3540008409301416
CDON,1.129255851301314,3.3897329157744904
TAF2,4.48615398639979,4.672718470729265
HIPK2,3.3323968358935474,4.431345884536171
TNPO3,4.713951455661676,5.448814153389846
RFXANK,5.654649805239284,5.78321109014304
TMEM161A,4.660522974665554,5.022159600305382
LPAR2,2.6529568876545984,2.3783501982080004
CTSA,7.583728859219086,7.711804359675256
SLC12A2,3.0941868910425376,4.064573381194761
SNX24,4.113275212014134,4.528918314302189
EYA2,0.46179159407283293,0.40995921661190604
CNN2,6.915553785854575,7.77429775449395
ABCA7,1.8596159531467056,3.564811274488717
SNCAIP,-0.5802541023125749,1.8469873384128332
DDX20,4.208031376678275,3.6734774857111043
BTBD1,5.525397483859907,6.16895455556219
FAR2,1.6621151371479488,3.099788371002246
BCAS1,-0.35085974845853407,0.9904387792784493
CHI3L2,-0.20211184024672524,2.6319383080358785
SBNO2,4.0750711511345985,4.657027615678356
PMS1,4.055368126254562,4.048414828788365
HMG20B,5.897572488743812,6.103058304950665
CALCRL,-0.5407579028954645,2.3527660215872883
TAF11,4.6214627827529835,4.928276268991718
ANKS1A,2.2027639295866543,3.2489991640899443
AP3D1,5.7654058719390875,6.4103875318135985
ZNF76,3.375292308273111,4.7939553172822365
NTHL1,4.6652660293900325,4.305336305679079
GNAI3,4.96637947458143,4.663738806306202
IPO5,6.274455062927572,6.587086060022704
OAT,6.75994819346807,6.354831499469561
WDR3,4.687652782116505,4.6187374831497525
PKN2,4.618814339818206,4.388034285223249
WDR18,5.1181984181869655,4.814094666877568
TRAM2,4.905035353150485,6.629626010023154
NTN1,0.31675170715483425,2.4389558549206556
GLP2R,1.248425924815963,0.31377762330153636
MCM10,3.852058798000505,2.795883766775101
DGKA,4.374905048631656,4.627975685570757
ERBB3,1.2438893485657638,1.1392910465340977
ROPN1,-0.10002516472373169,0.9395661099510948
ANKRD44,1.1365082957406467,2.756174981953751
ADAT1,3.3517862662761515,4.490032268201723
PDIA5,3.8350430283064814,5.343404559466716
TBC1D22B,2.6496500555667515,3.0385577509148143
NDUFB4,8.222995476701731,8.246568526758184
SPEN,3.9298937782151104,4.34443477522324
MYLK,4.3318585914603,6.7837757278431035
ZC3H15,6.45609751315124,5.926742886911231
MAP2K4,4.10645424702005,4.355151256359186
SNAP91,0.06552804034146312,0.32451725621401534
SLK,4.382201540376838,3.9034609688175967
CYB5R4,4.4938592406689395,4.002930854192152
COL17A1,1.4170940282374584,0.7152142575320191
GSTO2,1.2643266278393857,0.40276259695767397
SEC61A2,2.6928789351278954,3.487811895160718
PRKCQ,0.4201515632752496,0.20155015328335402
TLE2,0.5083168957346367,2.6452864428006295
ASB1,5.007651367982168,4.457930946551322
FAM107B,4.089627559076695,3.8627464450114792
ME1,3.391096269789789,1.818333607180572
TBC1D1,4.958063047729344,5.517382490082892
CDK13,4.505793436168993,5.476063796081824
MTHFD2,7.703851385508628,6.559373176619761
SLC9A7,3.2156289903347983,3.4896621873510645
FOXJ2,2.9747365039954725,3.5378206443737263
YBX1,10.205106827786109,9.404426926577536
PDE4A,1.2996313519598812,2.1092096287273456
PPP2R5A,3.6785983100843995,3.59090630362751
CTNNA2,-1.2393339058759947,2.1681232143940368
ELAVL1,5.715502960501276,5.855150495138295
TIE1,1.950077208855832,0.32814874466833843
DIP2B,3.163228219020206,3.7556665132181815
SMARCD1,5.568415068877089,5.989742020616158
KDM4A,3.8648883374193277,4.602986145868369
NFYC,5.1924191703321,5.119413156262283
ZMYND12,0.03371737058006247,0.39866582971230236
SLC9A3,1.6023589534060125,1.9873777923375409
NGEF,0.3055659282699006,3.346310041433361
ASPM,4.395338517047702,4.167624371670335
ELOVL1,7.543993692880157,7.144210276665091
MPPED2,0.34597384760043354,0.5457131191986769
ZBTB11,3.3653686660670425,3.815796230998589
ATXN3,4.917796037248222,3.349177815115033
GOLGA5,4.812535105138379,4.718064700988159
FGFR2,-0.5068512434790775,3.0566655409326478
LRRC40,4.831539819852411,4.120431344354813
ISOC1,4.159735044123569,4.3058507188810635
EML1,3.179998257538319,5.457530167757286
TRMT11,4.100914863608582,4.359631652921165
THUMPD1,4.2822499667584975,4.607541281049548
KIF26A,0.1109662580118428,0.3146684467576782
ATG2B,2.856597385171888,3.289385463123758
ARFGEF1,4.379550245726686,4.209144818648247
ZFAT,1.9247455770678181,2.3003165886236783
MTFR1,5.1406213776149245,4.456235262738423
STAG3,0.1639130696290072,2.5254443566720877
FECH,4.011510257908068,5.041821841982674
MYO9A,2.4770982555490515,3.6869953949662078
DDX3Y,1.9970974559966115,3.203782403568069
PFKP,6.7157467900416945,5.952531661048801
IDI1,5.510023116824021,5.643428024011206
SP100,5.5539197795821975,5.43811169766615
KLF6,5.470855790770644,5.353539482921347
NEO1,3.1621982662501855,5.412860680730499
TRAM1,6.669262322347548,7.416265283054847
PHKA1,1.264648141597933,2.821031814426603
TNFRSF1A,6.659231212144409,7.1043051006466955
CACNB1,2.418596244806179,2.519762867609583
EVI5,2.5953226919479255,3.413174714278794
STOML1,3.482084714236745,4.5353734286442435
DHX29,4.15309737017092,4.639172955139927
DNTTIP2,5.952509260340356,5.266234009234971
TP53BP1,3.978824470687552,5.426834464247131
TRO,0.5026926133340823,5.113322703509654
RRP15,3.953030763448599,4.164589661804764
RHOA,8.998575472377553,9.284129899546043
DHX8,4.290468693785649,5.1017560847345536
PRKCZ,1.02617095846295,1.4490214912808028
ZFY,0.6409874877282432,1.7796827441995795
IARS2,5.848507507540409,6.2130706498176265
SYT1,1.4324645821958901,2.384308369050663
NAV3,3.1116835431286254,2.922370474702328
IDH3G,5.549713978502964,6.227552633100572
ROGDI,3.44585039231759,4.407218055037603
PDZD4,-0.02343400880669755,3.3422242667206703
ATP2B3,-0.10417070315435778,0.15820681682108964
ROCK1,4.297059664548138,4.7476446541735635
CBFB,5.792784761558702,6.154703965579109
PDK3,1.905123294123888,3.1568547158512024
HYAL2,4.948793443350359,5.8368616305330585
HDAC4,1.5194736237520605,2.6363868008242095
RASSF1,4.332774876756176,4.618845297718375
FGFR3,-0.26107315889735405,2.909620341618698
IFI35,4.25154983630238,5.219704920338233
HEATR6,3.592256430193485,3.6887885885927973
COASY,5.830946108450051,5.638784849941083
PLEKHH3,2.6540556820137375,4.279597126714204
MEF2A,3.6873323470029664,5.128799066528176
OTUD5,4.90361628761026,5.359303159598731
TFE3,4.824108513609683,5.754228348901355
TBC1D25,3.131843031685732,3.9027469363166634
ACSL4,6.418205914136004,5.911925130883881
INPP5A,3.290035139522657,2.864907878499117
GPKOW,4.053805580237743,4.579410633097083
GRIPAP1,3.6416390873690982,5.150959376371808
FTSJ1,6.346784186716052,5.593242843041334
PRR11,5.440465613918635,5.31416455166132
REEP1,-0.4532596613928057,2.1929580878227624
ATP11A,2.043394047536146,3.4833978270989783
POLR1A,3.6458149225231704,4.154720715807247
LAPTM4A,8.082897821993603,9.265738468336078
TTC7A,2.9859589599610574,3.768764508365921
IP6K2,5.925819183881801,6.555049210919824
SRBD1,2.949745364771254,2.987388314610061
KIF2A,4.3933290718441995,4.9144818601268065
RASGRP2,0.14252212453352736,0.7201121004945301
PSME4,4.964642613854275,4.855604698578917
IFT80,4.770362737670051,5.39394853772832
SIRT2,4.163330255456953,5.449544578384177
ERLEC1,5.270555160960232,6.143556569230177
PPP2R5B,2.976881946611558,3.9400997226284797
PYGM,0.12425245816255831,0.3130940631740061
PAGE1,1.741948815297194,-0.26045838760329
PITX1,3.512289425601471,3.7032555858010805
MAST4,0.7938652300599789,2.5376009067512246
SDK2,0.12734025308310765,0.22313233207951894
NUP133,4.09065175601184,4.509546219871256
NUCKS1,7.049092208283195,8.06701574588124
VPS35,6.249549948161199,6.321903170659877
DNAJA2,5.846004543023018,5.573322166701917
BCL3,3.7467948164605183,5.217714636108699
KCNAB2,3.0390625448429014,2.8127212775891413
ABCC9,1.8219209846660465,-0.05582639274025891
GAL,0.7900795031628449,0.02786408715777322
CLEC2D,1.788649210365154,2.671486749182904
FUNDC1,4.739355039435917,5.5110838020566035
MAOB,-1.3048251893598988,2.5833516928085656
RORA,1.9290636560495154,1.4683437812874827
DRD4,0.23553460762424733,0.3132163198497152
TGFBR3,2.055161756996235,1.6075532623108304
HES2,0.43304464942472093,0.44011717884874413
ATP1B3,7.939181782027567,7.714420830387859
NEDD4,4.946050734326647,4.178842647958677
PIGB,3.930527954630137,4.485619781363472
MAPK6,4.66025970218391,5.809762596051016
GNB5,4.288393865173868,5.351347894671351
RAB27A,4.611869286092714,4.817973322659577
LRP6,2.59300758309707,3.9672525513194294
PHRF1,3.54492425923076,3.837923420674798
NUCB2,5.919599867286462,7.004510584810378
PFN2,7.996629665737618,8.695087311013395
PTPN3,1.0776381767405447,1.7544172235891948
SPTB,0.4859164596235391,0.44314255596046703
DAPP1,0.5885226290424685,-0.1804877961011565
FGF10,0.10036848525737835,0.1988010118612281
SLC44A1,3.274944715312601,5.011459942802487
SMG6,3.828275673260189,4.563660074360875
EXOC5,5.510276405744733,5.325599492256226
CLTCL1,2.4737971327115007,2.387267245881226
FGF22,0.1443070301354287,0.40884875773092016
FSTL3,4.971966291732676,4.739224033044364
DGCR2,4.269060291082021,5.336622076309507
RNF126,4.828663347911778,4.505106961158702
MNT,2.522790969796121,3.9383958270061887
ZXDC,2.7876446221004896,3.720174369072345
JMJD6,4.831734172112106,5.010774215638672
POLB,4.902897064897112,4.636921809241077
WIPI1,4.330928377230561,5.307649388559961
GBA2,4.619929204486195,6.267846961106207
NDST1,4.882977914750586,5.723690552239459
ASNS,5.7556877596759755,5.7974745899199105
AP3M2,3.1477139445922555,4.346191879320086
ST6GALNAC2,0.02200010241995609,3.34406070625427
PABPC1,10.008685759909689,8.57020623999812
TESK2,1.3373086296012673,1.3286188626991793
CSNK2A2,4.708632237091478,4.592679318060206
PTPN21,3.2618246290806034,3.4534116501084253
EIF2B3,5.2330973154601805,5.176804959478892
CAMK2A,0.21220482653674486,0.5053160558067773
TCOF1,4.937805508490481,4.360216750110039
CDC42,8.114677935219554,7.703315133842651
OSBPL3,3.756618009563434,4.951884197002589
RAD18,4.12987583157029,4.198257090538049
ATP2B1,5.243695632399553,5.2807691822309275
NCK2,4.449854108999596,4.122525188123573
MAP4K4,6.038717973236886,6.327806221946246
MGAT4A,0.7196082134192727,1.2999152367592721
RPL31,11.684968184250941,10.519948636089415
WDR1,7.542351634516568,8.359684662350086
SNX13,3.918777352082701,4.899640794742322
ARHGAP10,3.4365832316629006,2.813239655334497
RPS6KA2,1.4206016143783333,4.04061729109254
ING3,3.678815861354119,4.936360593275517
VASH1,1.6209165490349307,2.5516509729278307
LMCD1,3.090851385422172,5.516724743256027
SEL1L,5.059818850862451,5.572053186468627
TRIP13,5.922243063386777,4.702180591075794
ATP6AP1,6.3507871162215075,7.9379549866490136
TCF3,5.667325342350171,6.0488105472601
TRIB2,4.217854030284069,5.639168427233775
DAZAP1,5.815520580625339,5.50819827948422
MBD3,5.502621340823323,6.277543645729181
HLTF,4.790078945913284,5.067574469625544
FAM50A,6.511151157638954,6.373621921503889
FAM3A,4.837527574294017,5.046485455548974
CPSF1,5.380863446739148,5.321135774317704
CYBRD1,4.33022531062489,6.960787955953825
CDH19,-0.09905333834862234,0.758378322741027
PDCD2,5.9877296656352295,5.460551396904592
SLC6A15,1.4694343810689963,1.2562269113378879
RDH11,6.834604117228919,6.2136017268327715
PRKACA,5.360548160569637,6.131258383346111
ACTN1,7.931900442229771,7.867044451456734
ZFYVE26,2.547724550928468,2.8901913770144665
RPS6KA6,0.8917571522463964,0.8666283434547325
EPN2,3.3970923978722447,4.45497641256236
PTPN18,4.1942866843532975,4.3880946797963
LIMS2,0.26335523359388535,3.2672130334785825
SPEG,2.7245630165954475,6.047512079483565
LNX1,0.8536197738538249,1.9625477120335577
ALDH3A2,4.480352868886654,6.967439230353229
TFRC,7.1557912112552335,7.165588192392918
SREBF1,5.4254262019487065,6.424272208435636
AFF4,4.095290145258698,5.603712858471419
UBE2D1,4.79040205340217,4.208346761624564
RHOBTB1,1.6412245513015324,4.022948077440347
SMC1A,4.988898011728395,6.2576672502723545
HSD17B10,6.834572771359339,6.951099060494433
MARK2,3.341753076166558,3.9651843649114484
HMMR,5.546312457575236,4.904029030590926
CHFR,1.9536327497059656,4.765288510945658
TRHDE,1.7873998192711076,0.21201062385051173
P4HA2,6.674398649829865,6.585579224947376
FCGR2B,0.00486179425620397,0.09227875560723903
NFATC3,2.7752199162463693,3.857861428104599
TRNT1,4.6559508347449645,4.831176716009094
ACADVL,7.557564462414887,8.408816615194405
STK10,4.238349791521984,4.222834272230253
FBXW11,4.589279892661769,5.489619112574223
ACAP1,1.8800853148339585,1.4676759366104233
CRMP1,2.450433533247457,4.58957342441965
EVC,3.148757298440852,3.293301829942062
DERL2,6.127861083386248,6.420137915471634
SIDT1,0.2999702824075563,0.10512631146350851
NDE1,4.549405822361364,5.74310196544233
TMEM38A,1.8206886568056206,2.8577960829127074
AP1M1,5.880873396796151,6.090936106858405
PVR,5.562425090886574,5.36364282131088
XRCC1,4.581905753383938,5.0577327161604275
SCARB1,4.616677372050542,5.653125501100691
MCM2,5.5873688280417655,5.638283642492338
MOV10L1,0.7461481974344111,0.5849594457780465
PANX2,1.599813253544873,1.618831159852713
TP63,0.07480006025620445,1.4323394954010338
ALPK1,2.074858845277907,2.9094180848414686
LLGL2,1.2116728552754135,2.221245829464876
PDE8A,4.330567717146829,4.359632980556392
CLCN4,0.9850541536246036,2.965687157710474
NLE1,4.5813085664713045,3.519869143170196
SDHA,6.771875831387581,6.799915733265749
SMARCE1,6.591511334388535,7.017850471813809
GSDMB,1.5281075957664163,2.5421841660824467
KDM5A,3.4930890540163806,4.504629947923292
ADAM11,0.4676407147972206,0.749749085762496
PPP2R3A,2.7732448567745553,3.1213868678444037
FERMT2,5.3205247538011005,5.854218706108432
DHRS9,0.8952446780240411,0.0903129784469035
CD5L,0.060588389207289706,0.061138452215295624
PTGS2,1.6716193324530875,1.3303177960854167
IGF2BP2,5.9038993448639445,3.428295765775167
MAP3K13,4.495461936795354,5.387157288556322
ST6GAL1,0.1822840275209887,2.164447612768635
FRY,1.0313010808984115,1.902545575423611
PICALM,6.807492971508159,7.485577286083448
NSF,4.752941095684249,5.576980997843394
GLI2,1.088816520481132,2.209514359949462
CLASP1,3.634210663084583,4.7828868328832375
MRPS34,6.69838175041691,6.286733887918877
NOTCH3,-0.11093171525803602,3.279220053787432
CLNS1A,7.232128711512939,6.936827619524291
PPP2R2C,1.5618858063496153,0.11591588153472854
TEAD2,3.164359807347948,4.4049987317209895
EED,5.102780431686309,4.826472739662623
CDHR2,-0.07544046271087279,0.8947964319878107
SNCB,0.39659140801642,0.2912150656720923
TSG101,6.13432107722351,6.153079476926853
ATP2A3,0.42301604954345784,0.8264228292539487
CA12,3.778220268896979,3.542144550756853
MGLL,5.373962436336516,3.420086371932041
NTN4,3.578675579395381,4.879051484056895
BCS1L,5.622096613358417,4.94440066267347
NUAK1,2.363094089434893,4.5696882339153255
DPP8,3.6270978563094873,4.655084421833382
SLC24A1,2.2303651242335967,3.3656298212462934
ZNF532,3.482241478393816,5.319208123256205
SCARF1,0.20772098866039873,0.5803059489166668
LMAN1,6.4166188363735,6.90206277499691
IPCEF1,0.23316606484484426,0.17860292501506358
ZZEF1,2.5107859353129873,4.329633007712481
ENO1,11.172542938168565,10.439390203232714
ANO8,1.7433811601277958,3.560800723989426
TUBE1,3.80398019761686,4.2044609699330735
ARHGEF10L,1.6697068624731655,3.278927866658374
TXK,0.4259815499297308,0.7628864018586902
KCNQ2,0.520491756801311,0.06223972887186521
TACR2,0.2745880497315034,0.5586550098405253
ACTR6,4.670060978885459,4.980520565155093
TIPIN,4.662217930699582,4.207590138105823
SRI,7.131800164545833,7.707435188509697
EIF4G3,4.727203833482148,5.40070027058817
NUP37,6.715979433755646,5.370317520481554
SEMA3A,2.243757565447676,5.463465865723449
GTSE1,5.0814505699389505,4.580942852898721
SEMA3C,3.56613342203688,7.657372947495956
TTC38,3.5126750894479724,3.7037571010007158
ACAT1,6.466913038289767,6.069870825845805
GRAMD4,2.343691548781264,3.350450741192869
CELSR1,2.1797564616400473,3.893435984462572
ZNF638,5.8677289495781695,5.633828593614147
SLC25A40,3.902179800817291,5.089931022849023
ADD2,1.4255152217338982,2.768799642160422
RASAL2,3.182342650832789,3.7544465200357586
ZNF37A,2.406756605200636,3.0167192546512136
MARK3,5.783367328476411,5.51112251518993
SLC25A3,9.865402271858859,9.42667114902474
FNDC3B,4.453328714006495,5.768300080895269
FOSL2,4.608165015452464,6.125218290551297
CACNG4,-0.2544635059049096,3.0817817006564088
FRYL,4.167554277745546,4.250792958130877
TMEM131,3.9584139766702537,4.481189894941778
FSCN1,6.177090824451172,7.624555840526911
ACTB,11.903736687094582,12.276003887017332
MOCOS,1.5947309456349905,0.7119973773006228
PLD1,2.391433536159382,2.813523652633131
WDR62,4.164775090588223,4.204010306089258
DLG1,6.115102570614158,6.256165892092644
RAB7A,7.892050116422808,8.209934730310136
BCAP29,5.960048979558042,6.441988244646901
SEC31B,1.2114514603124986,2.5878224432729695
SART3,4.897721208243939,5.409614919308259
ARHGAP15,0.503992169866749,0.289606309515471
TUBA3D,0.1250465422009238,0.3180454339847135
PAX2,0.1179216334531121,0.3720278128831698
EXOSC7,5.723864212264421,5.555879164229651
KIFAP3,2.8743264122754812,5.466604598182148
MKRN2,4.885099810487346,4.9657832178396575
MCM6,5.34967193980647,5.368074405557052
REXO2,7.2338796282474895,7.173545230334777
RBM7,4.944930815752252,5.6806478617490646
RBMS2,3.5627855515541,3.709320341650391
BAZ2A,4.266081967713744,5.279624736844858
PTPN23,4.357762734347275,4.73662302180809
MLH1,5.425524983823857,5.551938692216303
UNG,5.434815106757772,5.305500166407807
FMO4,1.5742409552159287,1.5226959380072698
KLHL20,3.408859210568021,4.682199582548223
RGS11,0.02452911235038313,0.8484222716733483
SLC46A1,2.028045005922025,3.8685089909262746
PLXNA2,1.7658711518801622,2.245899994432614
SPAG5,5.91124702575986,6.195758895796274
ANKRD13A,5.4494270081998115,5.2835842540664295
TPD52,2.6812234451744033,4.619216804261847
ACACB,1.2250421297396774,2.6299200382076
TRAF4,4.5287471833605135,5.9023635511966095
PAG1,1.0303539132500086,2.011949747747831
GPATCH1,2.677571047859538,2.7511304008444206
ICAM3,2.924693625990887,2.893328922749129
NT5C2,4.831835464548297,5.376490954076517
MCAM,3.275877765083261,6.452594827011293
GPC4,0.3189641030996957,6.248963607944706
MBNL3,0.9689761723303322,2.084641409343952
RAP1GAP,0.8346130341176015,0.5796931672453743
XAB2,4.563054194639371,4.23869296470884
ARHGEF1,5.005889176661736,5.426807811313494
STXBP2,3.1799221423543176,1.6624209610594582
MAP2K7,3.698501285311585,4.16686241985792
DGKD,3.0165424029838643,4.415847215546513
CTTNBP2,1.0317545297438881,1.6539240002743196
RARB,1.3993782278482803,3.655120935338761
TOP2B,5.538059042470517,5.889020706371221
TM9SF3,6.5578995052198925,6.550577901399808
NFKB2,4.078579067612701,3.5663275818139075
UBE2T,6.966956480640914,6.018729637322775
PPP1R12B,0.6844439909859681,2.782392251551789
DNAJC10,4.63473613353981,6.069419141391365
GTF3C1,5.0452548115521,5.3680855218304275
IL4R,3.1308168594603893,2.886458283105182
USP33,5.223586941604667,5.738891430929288
PAK3,0.664763543815811,0.8764969898958588
SNRPA,6.72471741403199,6.099044996063878
EXOSC5,5.137841603717611,4.212930265185399
DYNC1I2,6.451755103944059,6.706305287653908
APBB1IP,1.6649780452033673,-0.226185145104014
LRCH4,3.988491536764287,4.849287721458784
FAM76B,3.9007238848123933,4.3564371607907715
SIRT6,4.646710772320877,4.699769185359619
TYR,-0.013911893929530933,0.14050799645740902
POLD3,4.363234003216207,4.836172588011896
ACTN2,0.16762408336452944,0.3176873592601397
CAPZB,7.918369816674846,7.474657753978123
GPR137B,2.2633515684003602,3.6738087273898508
NAALAD2,0.9475738720046349,0.7356910164866571
SLC25A43,4.013031098741379,4.493487296007994
UBE2A,6.597803597275451,7.153398986910926
FGFR1,5.121270139185344,7.505090904167645
SMC1B,0.028077989540215044,0.08982583357717738
FBLN1,2.0046577012831612,6.198791173736016
ITGA8,-0.26695548442850636,1.4509579222049855
CST7,1.2014678569055697,0.21236712459559665
MAP2,0.38420582653975943,4.2201577426787935
PIAS2,3.2874896696384814,4.177640498708853
AMPH,1.4498487787588028,4.316802702999557
ARAF,4.819469860081007,5.4679073197635
MCCC1,4.346339197953699,4.568231857257417
LAMP3,0.39597972498202444,0.3991277487363193
FAP,2.8254159300796777,5.332258820631194
NEBL,0.35333813382771084,1.9761189853220928
ACER3,3.4727518947144507,3.780087573119715
UBE2K,6.368871009390837,6.176537665875201
PIK3C3,4.458796750461184,5.038528410512102
N4BP2,1.548026890012448,1.766398512516035
TULP3,3.9598533416719044,4.662570402313436
SYNJ2,5.0813169934492795,4.85770697575428
ADCY2,-1.0708424005126882,1.6618447345860052
PPP2R5C,6.9516170300679105,6.095163158494812
GNB1,7.43760883784723,7.692572983664745
HOXA9,0.9025382359488494,0.9157806812525052
EDN1,2.582180069473337,3.3293566852979493
MLLT10,4.555934738828481,3.901734612647872
ZCWPW1,1.3325758770672078,2.0218185825116195
ADCYAP1R1,0.023433772883800594,0.18749172600786945
FGF20,0.07321264083729326,0.16107448112481232
ITM2A,0.4758948884799972,0.27361290562462126
VDAC3,6.7515782273234555,7.21250938767637
PCM1,5.105379387868072,5.796547830531327
TNRC6C,1.0801186647957488,2.8411635804089723
CBFA2T2,2.552692783206368,3.338526545029669
ITCH,4.961217028614373,4.877045057914394
PKD2L2,0.4902550101584774,0.3718174500581557
TP53INP2,3.474520164736254,4.937713263892955
SDF4,6.719291540741766,7.6252437071265735
TP73,0.5007535009100629,1.374406759707273
TOLLIP,4.70054218689123,5.10537001910557
UBE2D4,3.614736387834615,4.206057957401742
CLUL1,0.27283997014425365,0.5079710403069572
RUNX1T1,0.3129566230810804,1.4419188422757
THOC1,5.084709314020057,5.000857264123859
FKBP7,4.230949053316256,4.958288347806542
OSBPL6,1.8417061776419819,2.7115715678806067
SLC1A3,4.196014980267656,3.9932036197142002
XRCC5,8.060338115557446,7.845937491183398
LXN,1.3079084746949514,0.45846569620047506
SP140,1.7846484642301026,0.8424930816888436
MKNK1,3.8938704945043012,4.360786146749348
TNS1,1.4542876171660655,2.8241341768996855
REXO1,3.9452116995330724,3.9935086027340616
SAR1A,6.133129842328695,5.816953146795744
CDC14A,1.8199083930859163,1.6051847971564075
RAPGEF3,1.3661248229568435,1.3711312912590037
CEACAM1,0.9290789853846859,0.693877782175547
SENP1,3.5369062835625678,3.6433270859024898
CIC,3.484743713033499,5.000257716968376
LIPE,1.8920344929680875,2.044296652497204
FDFT1,6.880128541730006,7.541259785121145
PAFAH1B3,5.795295223464262,5.326557838860249
OPHN1,2.0002420367736606,2.892546872761428
KIF22,6.174811572401825,5.72991188053719
PGM1,5.442464217035976,6.092969028013935
DDX1,6.381908867536266,6.158846423600332
DNM2,5.7012688250358305,6.305920401210676
EPB41L2,5.0311120098781865,6.632562650820204
RIMS1,0.09135052815450406,1.0005487774886577
MOXD1,1.3406528298456135,6.2801846769779
STX7,4.157868575199537,4.45377736193236
RABL2B,3.611785561256709,4.236505487056073
KEAP1,4.8451104749454394,6.413182629905866
PTPRH,2.1062712115729285,0.6907766187574186
DCT,0.2992498945875182,0.2832116636023962
SLC35C2,5.458181089680354,5.868893030986721
CRYBG3,2.7809768401729156,2.8531536577604157
RFX3,0.6032860658421406,2.355048054193961
RIF1,3.518102694185772,3.851091334446352
RAB21,4.788925924417272,5.67338526965456
SLC4A4,0.44257404916594967,1.6543354181550063
SMARCA2,4.601932713526962,6.704333376314002
SESN1,2.4568081327401576,3.2255887865391566
MID2,1.67395935246582,2.2200475093535164
COL5A3,0.6171211911455488,2.1193667209364846
SRCAP,2.671099714385255,4.611932262933092
CHRNA3,0.32816594496958373,0.2537407501169349
KCNN2,0.3289818149051633,0.10751569488197542
CNOT4,2.8616270661056094,3.9490729276126295
PSEN1,4.97759928000168,4.923991485318464
CPOX,5.1761231985878435,4.67087756201718
CLDND1,7.311781083686395,7.014769761026126
HSP90AA1,10.594493298271328,9.669595119449598
RBL1,3.547675242258722,3.5420644755415633
DLGAP4,4.975120590573046,5.891358205179124
IGSF9B,-0.06619625839019005,2.1081723740725984
NDC80,5.6339556115122935,4.788955425406156
AP4E1,2.7590778421893885,3.788000748434359
RSBN1,2.571651154491446,2.871902361499853
MAGI3,2.4477252425276017,2.909258160289969
CXCL2,3.03866647728968,0.46690017880450085
AFP,0.5545265474389665,2.1050529332430314
COL4A4,-0.7264524812848265,1.428046051115049
TCF7,2.658423789992693,4.158398054749941
OSTM1,5.263023525906608,5.989344359245417
CDH7,0.24612323154668886,0.2476526385880263
PCNP,7.228243278753985,7.370531172503519
EXD2,3.562569022113278,3.7947464882584567
ARG2,3.3827759849873145,2.831407736214458
MEF2C,0.46411489684027396,4.289498685641719
PTPRC,-0.2631368324314904,0.7655216524031263
PKP1,-0.07498514691124517,0.3522434993848228
UBA5,5.263888760046178,5.753305720150517
STK17B,3.9318155505481096,3.521403188612003
CDC14B,2.2642659591957415,4.374943123786928
ZNF510,2.0865251369859674,3.2074177507612847
ZNF506,1.825872736030695,3.973633347226559
JMJD4,3.513220909239318,3.755619236177134
DUSP12,5.1995457722430265,5.352176535724414
AACS,3.6584881769330977,4.209854410834304
CADPS2,0.766901636760795,2.569606852719324
PHLPP1,1.2948981318670858,3.0039898994129857
ATP8B1,3.053806043965562,3.3415757356899123
SMARCD3,2.5025978320550504,5.466814210293138
WDR70,5.34614765409272,4.722126680669792
MPP4,2.418059241288251,1.3792974168104224
STRADB,4.683638962442575,5.408367592876444
BZW1,8.116541235944364,7.75941804096502
PGR,0.015415496343379416,0.08655402585934868
C1QTNF3,1.1893398393590142,2.1274286053679523
ME2,4.608417222021448,4.958114748109153
C5orf22,4.579666741688455,5.10699839490891
CCNT2,3.718348820402478,4.365788511688479
FAM135A,2.4633109182541753,3.221593003266845
COL19A1,0.32690508816603786,0.3619032534324093
EPB41L3,1.0507177070099183,1.26074477253977
COBLL1,1.2473551101059912,3.6648970039632998
DLG3,1.7817895909547774,3.2325360319420753
KCNK2,0.04352906268754353,3.1481320948882328
SERTAD4,1.5407131490681567,4.201794133659303
TRAF5,1.704419300612819,3.914181054971851
MRPL22,5.80203490267764,5.234421486621046
GEMIN5,3.668348815088106,3.7960021676092586
NFE2L1,6.203714454514498,8.281130855545095
SEMA5B,-0.8864651097893496,1.6586933036727376
GSK3B,4.970615808003635,5.1106068585186195
ITGB5,6.151513563988203,8.28608274437265
ERC1,3.1988425107085776,4.182391020859867
XPO1,6.7015888889751976,6.8557253972965295
RNF13,4.939322260962648,5.4465027144754625
TRPM3,-0.3180859504351725,1.0835766838704952
PALB2,3.726998464958476,3.0900955252932714
LYRM2,5.552155745422157,5.921872508601156
BCKDHB,3.118908966133934,4.192794821716797
ULK2,0.37283418165640025,3.560732257605861
GRHL2,0.7572924234005582,-0.2532982871751577
TNPO1,6.0046215677926265,6.817417482282747
PLOD1,6.552649032489257,7.553997585803091
P2RX5,1.5940409719384754,1.491189639719557
ITGAE,5.538454920882127,6.201788134127949
DIS3,3.8000519536621122,4.389519257613567
PIBF1,3.211159309727242,3.3621563864645765
TDRD3,2.563844687379039,3.4252077806703145
NUFIP1,2.937613349801876,2.450292313600478
PDS5B,3.431516946508368,4.294356982433497
OXCT1,4.6308343395467295,5.8268945866039275
RRAGB,2.8464371962761743,4.341106919271851
EPYC,0.3319894087929419,0.3227803487043705
CYLD,3.382149415508396,5.073655133563525
SLC27A5,2.641089846248733,2.6444636699420685
ZNF324,2.1708218744024688,3.191511899426146
ZNF671,0.589703307568108,2.63418488870568
ZNF416,1.8006540287353352,2.1890773269475092
ZNF586,2.327230194919453,3.1345205268246565
ZNF446,2.5792425430435237,3.406481328517212
ZNF264,2.4668043342298196,2.794113180164625
RPS5,10.64843241097339,9.497247736826312
FAT1,4.865698675072959,7.166071269139201
YTHDC1,4.974741802950718,5.44021173037843
CHMP2B,5.605307893821186,5.185725024371106
SMAP2,4.567694325592549,4.356905628431116
PPIE,5.108880140861413,5.7038418459723985
ZMPSTE24,5.872138073664212,6.361564259252214
STARD7,6.08266636410412,6.525279189191454
REST,3.372595038663865,3.7187004970497686
SSH1,3.3506428689942753,4.5728172086334045
GSTP1,8.799539001596182,8.78525841219779
APLP2,7.576965769498955,8.87265074777052
SLCO1A2,0.1107606845421318,0.12368623636221342
WBP11,5.676929783131067,5.371575386273258
EIF3I,8.855309003904226,7.722904888696812
NKAIN1,0.05655603352370253,0.4367831575266019
COL16A1,4.183893742866042,3.8649175260311517
TXLNA,4.770740407184944,5.457320002320595
NCOA1,2.2639232530291853,3.759010270335964
AGBL5,4.18115813405569,4.6330274089738905
EFR3B,-0.16219402483979728,2.039988120838002
KIF3C,3.1299526736178724,3.8928987513907782
RAB10,6.331878740605528,6.746967801958492
GCKR,0.1787780303858845,0.3672114927186573
HADHA,6.276607525223776,6.285310235245258
MAPRE3,2.4366174291972715,5.21705651815791
CAD,4.820726921301158,4.6814667374060654
CD59,9.135922859569442,9.383682882828433
CD82,4.887425872015586,6.320409309906702
BCORL1,1.4968441008191815,2.5710742424057496
ATRX,4.531512600748427,5.647804360721976
MYNN,3.7170551528896496,3.9716993661031883
MECOM,2.9105885121480233,2.5181608013121597
SCAMP1,4.891348499144855,5.746218061638025
PREP,4.341835838770455,4.53602721958812
HACE1,3.0262227672120665,3.2164954009241162
SEH1L,5.011727966094789,4.850746019274764
WDR47,2.992318727168038,3.9518771179720913
WDFY1,4.6864176392180745,5.251618626670897
OVGP1,0.5276496509531207,0.7886473631195885
SLC25A24,5.578249637611036,4.568835704332912
MAP3K4,3.7380476455814593,4.081014150919149
PILRA,0.5473772802020219,1.127890037034992
IGSF9,-0.03976542175592629,0.712889821305127
ABCB1,1.6247204949530225,0.43987768984410336
ZNF213,2.2141095405533493,2.8060900552822403
AKR1B1,7.90083916536125,8.4909015333148
CPNE3,4.988413664310712,5.510518017427675
RRN3,4.547414965607727,4.862892186181057
CTTN,6.934166972405618,7.290675270375492
WNT11,0.4217960356707563,0.7264352337725248
MTIF2,5.036487769182615,4.557248383924545
DDHD2,5.003678124507845,5.896734032224851
TTC39A,0.2565599229097517,1.1538765994184181
EPS15,4.5076765344779695,4.5558913895961215
MGST2,2.6743746264407964,5.143508562298075
CHERP,4.339994099578857,4.777609430503801
ATG16L1,3.766531306812376,4.523232565273481
USP40,3.726479512075346,4.455294835723482
POMGNT1,5.111923985511226,5.830997245621176
RAD54L,4.567274121909587,3.884715859699919
MAST2,4.228431566820763,4.992960880515071
DNAJA1,7.367587854489699,7.824777813631314
B4GALT1,4.934969319794319,6.768242193736669
CHMP5,6.138445484780852,6.7542594794843485
NFX1,3.8886114186922507,4.603815931095111
AQP6,-0.020454965226924665,0.3531114519237307
IPO11,4.1057995956853395,4.1259156781087745
FOLH1,0.1552146265412388,0.28166294985797247
EIF2AK1,6.344043139418149,7.055161075230619
EPDR1,3.7286782303867803,7.016535308932139
SNX10,1.7216291546354996,2.8814120695421495
SEPHS1,5.661269762271317,5.453432577999766
MRPL28,6.483248291528921,6.252061699594094
HBQ1,0.2868364564380963,-0.020498476040917937
ITPKC,2.0040586099263167,2.88603530498147
FAT2,-0.37714111840508874,0.7808949670030783
RBM22,5.371338663758494,5.419622012685132
TMED2,7.913053230216227,8.03047961705943
ZFAND6,6.1355950181010845,6.959289523528751
HSD17B2,1.544539557285863,0.8434126708897116
TXLNG,3.494263370885076,3.3249460385742116
PPEF1,0.16770893025571182,0.2028647876837386
LAT2,0.900404752159389,1.363095871629847
HUWE1,5.572022030436068,6.266361708744004
ZW10,4.430073446228647,4.084140075103079
ALG9,4.559649851252847,4.497165214067202
NOX4,0.2530893439573024,1.7057409195334023
ACOX3,2.955909234430703,3.657772815044617
MTMR2,4.827176085270906,4.965855925223792
PPP1R15A,5.545445197505379,6.229175191343797
HSD17B14,3.1311810365435315,2.330034201682219
TRIP6,6.236563927330805,7.319188930018312
ACHE,-0.3255942023769286,1.7676827284006325
FTL,12.2071983435709,10.839034438633687
SRRT,6.081961952348195,6.673448093354271
BAX,7.006694373145369,7.028230675485748
NLK,3.294436706905128,3.873768448926172
PIGS,4.571339461498196,6.8182786185375
ADAMTS2,0.9770436122454639,2.56096163156979
ATXN7L3,4.6765046477411945,5.27036098638127
PGS1,4.0452655812533305,5.174010720875455
PSMC5,8.024173529982868,7.858735938878126
UIMC1,4.471702743585747,4.598309981236182
MMP2,7.544565722582486,8.125044521013297
MT3,0.07110264739287098,1.447311752433781
LPCAT2,3.52499348429091,2.8756792464230734
GNAO1,2.3786421519170196,1.3793443029341803
OGFOD1,5.7923431541717765,6.158391108417065
SH3BP2,3.289741768572295,4.779162594853526
NOP14,4.119891408348534,3.959173694840186
ADD1,5.895612709212713,6.630749926654883
L2HGDH,3.54934893417507,2.642379034947393
TXNDC16,1.9843922340611326,3.020737975252385
NID2,4.313694656255682,4.0438097330792715
GMCL1,3.3552765014428574,4.064752183905426
SF3B2,7.13996415570238,7.068858925283373
GNAS,9.635493894247038,9.715098998242496
DNM1L,5.734753610810725,5.883249791207341
PTHLH,2.023891792126319,4.790177244452258
PHACTR3,0.11181817590470622,0.17462734076204356
ERGIC2,6.37685227063587,6.381737734141986
TFAP2C,3.5864136318637305,2.4479549662901348
AURKA,7.237216253726842,5.993942504660073
CASS4,0.18974385209134514,0.26746139439976147
PIR,4.402283460827298,4.436646238123877
RFX2,1.9824780874221495,3.3932028842169286
METTL2A,3.900009194207836,4.0258365537851075
SULT2B1,0.8087149423110066,0.1627323705259489
ALG6,4.095297522481863,3.9696988790801613
CNOT3,5.053246172599838,5.29639493224396
PTPN4,2.800975244548455,3.1046304670862135
DDX18,5.906771793412315,5.655350815160305
KHSRP,7.137531384722483,7.212220515988514
GNA11,4.276720179126064,5.577215002927731
ASAP3,2.1214991622692394,4.674379502249005
EDEM2,5.038636761194494,4.686381241794704
DNMT3B,2.0761254512253355,1.5253524762011126
REM1,-0.04368686137969929,0.5521083589197986
TPX2,6.827093463928738,6.128126095793665
PDRG1,4.435681825483743,4.465411472445555
EPB41L1,3.1702398878801037,4.671828843166366
DOCK9,2.9154984638266,3.916026710441929
ANKRD10,4.567342720900351,6.410277976654741
TGDS,3.6714013215217025,3.9621729881487466
DOCK3,0.43858098508271426,1.3881515447997683
C3orf18,2.8610983391053715,3.445530643450398
COQ9,5.18061592925586,5.994342564833414
TMEM40,1.2467919567473802,0.28212215661526235
KIF9,3.0111046162643964,3.489655435668274
ARHGAP28,1.268878480717355,1.39627380065976
CRLS1,5.627318999158168,5.677850336412828
PPP1R13B,2.5865019004369083,2.4145437536251326
ATRN,3.7381091332307976,5.003988391449749
SMOX,4.419815278024544,3.8513399597258964
FKBP1A,8.667702491622864,8.153244891387205
NSFL1C,6.1457801271499575,6.516105014291066
SLC4A11,1.1932981333221266,1.9524870287717744
ZNF343,2.9252551379959417,3.1246942941454505
EBF4,0.535404421977512,2.912975675187827
CPXM1,0.32224026819204804,0.8411666482901794
MAVS,3.966900313448055,4.623240515236027
XRN2,5.5820724238103985,5.849824712860272
DYNLL1,9.562708506219701,9.43334676413805
TESC,-0.28880792852899306,0.567623637947195
SNX5,7.160228882826235,6.5845492063591955
RPL6,11.009047578683015,9.49290175433912
MAPKAPK5,4.51452064645891,4.74964030071748
P2RX7,1.0535838683289485,2.7683668057463393
ESF1,4.424996476040485,3.9492336563910553
RBBP9,3.969480060029226,3.9167019579879243
ANAPC5,6.61754357083409,6.728293508013917
SLC23A2,3.2676259830770045,4.549661921886604
KDM2B,3.6144074309367484,3.536147154627427
LHX5,0.272948975379374,-0.12620975812353558
TASP1,2.5631526551150055,2.9210992586131144
OAS1,1.331512956971283,3.4484049915411923
RPLP0,11.90631163121952,10.413392070063908
PXN,7.203856116859491,5.829173940385439
SIRT4,1.112924315811802,1.4036074526889564
RPH3A,0.10035221172761716,0.07629225479136374
KIF16B,2.0315538708286063,3.12174161476271
TRMT6,4.729774217978386,4.029400686009132
CHGB,0.38731469327982726,1.4716277577704369
PEBP1,7.55885555054638,7.846606510667463
TBX5,0.06030310597282085,0.5270397281247606
BRAP,3.428308405415118,3.461016277031636
ERP29,7.191848088581321,7.35220476458741
FUS,8.598162982308367,8.580530248499414
IGBP1,5.42658984508353,4.983473104538744
FXYD5,8.183822545817605,6.563294461492505
ZNF302,3.4519991960881513,4.939700842996745
GRAMD1A,3.9401392158817963,4.876840538327627
FXYD3,0.5972176186610777,0.8668242905924759
HEPH,-0.6977188157096428,2.862402221580319
CMTM1,1.2011597019215117,1.6477721518042123
GANAB,7.984103635288158,8.814508580481718
GMIP,2.159535779661443,2.7797350621956367
RBM41,2.9192087436409686,3.5720478161630496
BIRC5,6.6973419472571685,6.360411631162844
LAG3,0.30459787203085364,1.1792695430137894
MLF2,7.534189148459685,7.736453065800234
OTUB2,1.5029109961047724,0.9319963892598463
DDX24,6.6956270734499075,6.7844037471957455
ZBTB25,3.2281692960770294,2.4147353972923504
NECAP1,5.005835496204937,5.368590795826172
ARHGAP4,0.6082542165182917,1.8691388934675355
ANKRD24,0.22319137253687688,0.7486239246433047
DHX32,4.591871203111354,4.125186029007381
RCOR1,3.9753755573753264,3.53481679826238
LTBP4,5.005648910358554,4.716396311884592
BLVRB,7.006767981313121,6.201043771917214
SLC9A1,4.123109453688909,3.9739683019680707
SPTLC1,5.6722261742326205,6.151676839986952
PAPOLA,6.807113367596231,6.553155283020664
CCNK,5.662120791805462,4.89583080926244
PCBP4,5.058400758533983,5.183023947370386
RGS1,-0.048380342374849505,0.393328486118217
YPEL3,1.9942405773678407,4.336753135363029
MRPS33,6.411274640446927,6.937643622475681
NDUFB2,7.454029866770564,8.584511929980247
NUDC,7.131107980151338,5.944079954903443
MAEA,5.743373650000522,5.9373392094094015
ICAM1,4.133983109288917,2.7921974216062577
STRN4,4.813129545886408,6.1343439764662815
IRAK3,0.10134979572846771,0.10805167157324083
LYZ,0.6461236799942822,1.3858555529178083
MUL1,4.438928860757899,4.873771667909791
TFAP4,3.266262715250077,2.3350107256491075
PDCD7,3.9721890678152527,4.2172826439539195
SPG21,6.157891953666314,6.230025930600937
DNAJB11,6.500987085608785,7.13166515165778
THPO,0.18049014632707966,0.11045637818168248
CHRD,0.06321493178619808,1.0890279533924323
FLT3LG,2.9137353859186788,3.234185672337779
RAB11FIP3,3.2729444827767242,5.168717287111044
GNPTG,4.550578671316564,5.78652352364966
ZNF268,2.831878409991824,3.692748813939521
GOLGA3,3.6190757494768326,4.771834114379245
PABPC4,7.562033992218615,6.3486101711489535
MCOLN1,3.6288206971105215,4.5353093118206385
USP48,4.981052359295359,5.334483187923449
EFNB1,2.343389144151601,4.126266701271865
PDPR,3.177943853888629,4.342121108233688
GLG1,5.720999309077751,7.186633454268556
KIF4A,4.430016049042188,4.736210296020089
TNRC6A,4.04719514064221,5.076318110817733
PLEKHG2,3.3295853709550003,4.682183843867115
DLL3,0.566215423594868,0.2997287913781947
NAT14,4.523351839769351,6.100720781907306
PITPNM2,2.1590303196180693,2.5274938237312723
EXOC1,4.590158116702973,4.66987614884732
RBM27,3.689880659870297,3.6308976797955315
OSBPL8,4.674120067135982,5.221591320772208
DTX2,3.237526447020837,3.963688244684417
PUS7,3.704260110094118,4.16606101451195
LAMB4,0.40311721012791635,0.37295942582103603
NRCAM,-0.560849952403752,4.638992982072271
LAMB1,7.624409892528238,8.477486028167814
SLC26A4,0.6117095973021004,0.6349478677324633
SLC26A3,0.09272636700858894,0.022024356967839432
DLD,6.028323669357323,7.427015408749659
WDR7,2.355241772486935,3.2103747235384135
TXNL1,6.223849442240177,6.022334113644821
ABCC6,0.4362714411708647,1.241737042485876
CMTM6,6.793821695607096,6.3934331928876835
ITGA6,4.570445017724531,5.1525098557686935
RAPGEF4,0.0460056708465999,1.2100766612123883
SMPX,0.5568571050645176,0.17776862267717447
FH,6.4973735758211495,6.778931979287793
SEL1L3,2.965600043870664,6.066203599141804
TF,-0.5138094231346902,1.8462206116894495
CDV3,6.617937360353918,6.725586370020445
MYO15A,0.1270159667131514,0.14305233398498904
ALKBH5,5.562073738189171,5.829491513363707
APOH,0.3675703263062611,0.02677142424580123
NLRP1,2.420152210088451,1.5759232086780794
PITPNM3,0.47228513696932073,1.9955949751997122
SPAG7,5.5061696966618,6.1453577762715526
ZFHX4,1.164097940696651,3.049902696786466
CPA1,-0.17642266137899296,0.3949439796605606
ZC3HC1,4.3103598501155345,4.866834828897535
RGS17,1.8534246065280477,1.3371645894128634
ANGPT2,-0.6474804858148133,1.6317963467083463
TMEM101,5.202650874055918,5.126905170079945
CD200,-0.2489826795286112,1.869943666688934
CCDC80,5.1887243290115705,8.316514821711339
PSME1,7.297734056330153,6.997154082928634
PPP2R3C,4.757221365704849,4.69649719985174
HAUS4,5.457985920753099,4.251452330559593
JPH4,0.21505710191578048,0.3126025455204275
SLC7A8,0.9347621249781464,2.7567409468580735
OSGEP,5.4349937151751675,4.726104362200904
SLC22A17,0.8630336524614157,4.96043874304679
RNF31,4.30566753829396,4.459008814857509
SCFD1,5.792532357499815,5.084952399072889
G2E3,4.322214957740861,3.518589497893348
HECTD1,6.177351484447783,5.74761088476452
HNRNPC,9.774632950520289,9.29905817106548
SUPT16H,6.651637341534358,5.86577364115015
TOX4,5.858078984479253,5.865133360972762
TGM1,0.4794851383692143,1.135439035939466
TINF2,4.986390108148227,4.811598089941151
SEMA6A,-0.18441734701815182,2.0264139023668637
TRPM7,3.882713303107903,4.808268404623806
TYRO3,3.626323337179403,4.951095651816086
WDR76,4.276950210668028,4.038179506605717
CAPN3,0.30937403564504073,1.5143679563348802
SNAP23,5.59127613255857,6.343023232244657
TBX15,0.8795567525877374,2.1260719792209004
PHGDH,7.314379083458297,6.629997461726575
COL9A3,-0.2624578125101473,3.435768979841991
EZR,5.971528479202691,6.387981149712287
MYL6,10.757478870831575,11.130895703448878
TEKT2,-0.27478342311655307,0.6452520744459769
CLSPN,3.8089940181972857,3.6532065682357535
RFFL,3.780772019782352,3.380248912894004
UNC13D,1.8832528502519335,0.7364652274764412
MFSD11,4.256782668722654,5.104736224759696
DPYSL2,4.512638562557622,5.361606235777792
TGFB2,4.462278905293033,6.060718797412745
GPATCH2,2.7039453296211238,3.3427624904421105
NUP50,5.390907501506943,4.633826700415593
CDC45,5.325454914121598,5.0416925961375885
COMT,7.531746872768409,6.928736608409532
ECHDC1,6.122235632797097,5.983562691265449
LRRFIP2,4.960815305559583,5.6538690977224135
SEC22C,4.855618828785731,5.397761287274135
XYLB,2.41734686351898,1.7165733079796697
HDAC6,4.2823195932392375,5.468433601081453
CDC6,6.376865036441658,5.5617212916740035
UPRT,3.9000613656800995,4.590163724156915
CDC23,5.335271264455919,5.495558628055256
AAAS,5.53166983147019,5.278776929937763
CBX5,5.137641828969692,5.909236280227962
FMO2,0.017944231674547687,0.2003636215999319
MSH2,5.003720150905029,4.697644044920764
MAP3K1,2.1259836446596028,2.795840359294116
DHPS,6.110199742056245,6.200258684801133
HOOK2,3.6776120028109354,4.040435884630384
ARCN1,6.92165422914392,7.05408749466858
EPB41L4B,2.215188614373144,1.1930528535850717
TMEM38B,4.130877770416106,4.223532029848254
PSMD5,4.221353887913371,5.377959995514445
PTGS1,0.6020852875313398,1.134674647041303
NUP188,4.91291740846902,5.668322819223914
CRAT,3.83526301732602,5.321952599735968
NANS,6.140644397791193,6.441173941973517
TBC1D2,3.2749714436312676,3.4010423635707085
CWF19L1,4.171523202983424,3.427000177035416
SEMA4G,0.89776486989545,2.0179134487290318
BTAF1,3.642935066007718,4.075593535129532
IKZF5,3.270707194578064,2.897095823411482
TLL2,0.13029946303330953,0.59891452034098
CYP26A1,0.11256710637110087,0.5303842141265731
SORBS1,0.10376787403037935,3.2465543798914647
CRTAC1,-0.01516459472108675,0.24795291054533203
BAMBI,2.0426372540967765,5.0099941534390995
IL11,4.447348102179868,2.8455172088358585
MYO3A,-0.12735880047104248,0.2783942181763473
WAC,5.650570166414401,5.851450116306356
CREM,4.8536665390675235,4.170613884321041
NUBP2,5.403681292542303,5.590278215095325
HIVEP1,2.472826781619898,3.5419845937337415
FKBP5,2.8204343847586393,3.8588160489756906
SRPK1,5.014503601782016,4.784807468861965
BRPF3,3.2736879892950874,4.454251319047734
MRPS18A,5.384128266507541,5.198681352371748
TMEM14A,6.422780934221032,6.329070004983832
EFHC1,3.5741112181956174,4.997532458569696
HSP90AB1,10.174173581218175,9.53321792941147
CDC5L,4.476469279167789,4.313462300847905
ITPR3,4.427411761093656,4.231880907821527
ZNF184,2.445172336813346,2.939077004463333
DSP,0.9090892245422459,0.5350062450401073
SIRT1,4.128793498948514,3.517033662295515
HNRNPH3,8.213787360053379,7.574337852995986
IFT74,2.551651639193499,3.8985661968218297
JAK2,1.8694221190144669,2.7047001084869646
IL12RB1,0.23644196613271962,0.6819809703802028
ABL1,4.359477898209027,5.5085687173060816
ACOT7,6.300044618240427,5.9269705375584625
SH3GLB1,5.692096774447413,5.855608884952741
CDC7,4.247012473184816,3.5958142185942457
SYDE2,1.1824920760518975,1.616051826010725
PCSK5,0.14971185691411737,2.230362950774646
SCD,7.601879940175235,7.476811333688518
TMED1,4.936401336315741,5.497131383543064
ABLIM1,1.5304398395909733,3.9230622780238082
ERMP1,3.1748123433116273,3.2625904387865727
RAB18,6.703182667572585,6.833617429454465
NRP1,6.5451744477774465,6.505745675807375
PRTFDC1,3.925631371111881,3.0232676718969453
PALMD,-0.0760676723165199,3.248518097898488
TSPAN15,2.340409930353454,3.416141302003549
MAST3,1.123509945504788,1.9618445715620907
MZF1,2.4316167877107007,4.085912769777784
OCEL1,3.4796895037300923,3.7188141258929717
MYO9B,4.698708199243274,5.516320681176442
KCNK6,0.9574993500754863,1.6848849295023065
CATSPERG,0.4678430965252951,0.6777564170747867
PSMD8,7.885410728773591,7.8782983388938925
FBXL19,3.3805236640787455,3.4432657833682105
STX1B,0.4849149202647335,1.4394670199108988
HSD3B7,2.7137656562162684,2.2935889705513404
SETD1A,3.0490991333049076,3.507586922957276
BCL7C,5.173375170062974,5.170707096324109
MAGEB2,1.1239534812005088,0.08234911205064199
EFNA2,0.039050129703899095,0.9276937210142093
CIRBP,7.623860047046197,8.469042388428367
HNRNPM,7.93547591110492,8.077334150366324
NDUFB7,7.729381646588985,7.405076210029872
TECR,7.08112049478958,7.064098469580599
TIMM13,5.388191066450636,5.4167855260450235
CDC34,5.249553931469131,5.211004290187412
MTAP,0.583258483770992,4.455562698580076
POLR2E,7.4318633058355195,7.380619231380018
POLRMT,4.492992473955569,4.44244474805516
HCN2,2.4117638928815883,3.7685032387201023
RASSF7,4.513508565011977,3.73176306619007
GADD45B,5.131356557930181,5.884784587571035
PALM,-0.6798448992997006,3.382844889372171
MADCAM1,0.20411201100563353,0.6317417408294119
MKNK2,5.297100461035265,5.008535300296065
ARVCF,1.6996640067398978,2.467602532090392
TRMT2A,5.473217195777038,5.194663780300344
RANBP1,8.262457312440441,6.793588869763729
ZDHHC8,4.946743847131902,4.595220327238058
KLHL22,3.592004347893614,4.330849027844215
MED15,5.704607826802763,5.528567948918074
SERPIND1,0.2289006594097431,0.4140427407010844
SNAP29,4.696816453531962,4.4304784813842435
CRKL,5.00932084515674,4.729927626051218
LZTR1,4.3694112342513325,4.884254057854555
MMP11,0.9584751524824346,2.709915761157506
CECR2,-0.03952406449445439,0.4529230870546348
SMARCB1,6.045882501794887,6.08062625199794
P2RX6,1.1190646358759928,3.1846795860792714
DERL3,0.36110951278576503,1.1665307024277067
BCL2L13,5.241159837363772,5.8643594408428035
DDTL,2.6475785659845577,2.3921778681457626
DDT,7.348828061311793,6.754083225148075
GSTT2,0.8092168140786666,0.991706996844203
OSM,0.07377749098097469,0.08764949768311138
CABIN1,3.562343274381657,4.447091678234133
TBC1D10A,3.4204638784558847,3.8380523634937713
SUSD2,0.2185569967341674,1.532795487019637
SF3A1,5.946810962425703,6.233906631844666
GGT5,0.8913932653358927,1.9218480132639773
RNF215,3.732553251443455,4.044504024501665
SEC14L2,4.311476705761836,4.531764365274916
PPIL2,4.515706159798675,4.581397763401694
YPEL1,0.24012300541227982,1.7693129171752733
SNRPD3,6.9284425586965,6.7495070190952
PES1,6.14244368848148,5.421674118015754
MAPK1,5.820707076088928,5.9671942972856975
GGT1,1.6736936009142052,2.3310621654354096
PRODH,0.07280588737482363,0.8074771697035874
PPM1F,3.951439582850875,4.223169995920002
SLC35E4,2.8776639280415526,3.1467052026281284
TOP3B,3.867252743861253,3.757458086796912
CRYBB3,0.09121297862186417,0.033376509513630415
CYTH4,1.208557394753921,0.09171435362435149
MFNG,1.003946593160085,0.6497744684893056
CARD10,4.226152586651461,3.2289927301725636
SLC25A1,5.893816759394076,5.53934547903321
PLA2G3,-0.08539813447821948,0.42084053816196454
LGALS2,-0.09269413457464531,0.3783800565194381
GGA1,4.628206785140295,4.755877418742115
HIRA,3.907143567205409,3.978525534393675
SH3BP1,3.188149166048736,2.0862046269091876
SEZ6L,0.13912686290359588,0.07449800399032042
LGALS1,12.419360190001406,11.46914777375147
HPS4,3.951532917617265,4.250125413336541
PIK3IP1,1.0144127574556183,1.8021606757427113
SRRD,4.610495212691088,3.930756511705163
PATZ1,3.618811887522321,3.078332178125982
TRIOBP,5.083597120618078,5.080169233086043
TFIP11,4.832473143852604,4.783519915596203
GCAT,4.073589468463187,3.9454791990963067
CRYBB1,0.0037511989177558547,0.14810334906604203
ANKRD54,4.323753081875195,4.164604780165222
EIF3L,8.370024345869986,7.028552815296427
MICALL1,3.991727746504988,4.135231218265873
POLR2F,6.7943524463505724,6.094769774985924
SOX10,-0.1915113245772132,1.2221474102934295
CCDC134,2.170414952942859,2.3010642608307137
DEPDC5,2.7710816120249544,3.371161615575164
PICK1,2.4884387782976334,3.9599654584514865
TTC28,0.15375256892340072,4.199919696002617
CENPM,5.561144371882778,4.685850426163391
SLC5A1,-0.07316898693826349,0.130530704675153
SLC5A4,0.24382983738554564,0.1519819809063549
KDELR3,5.458181717515959,5.946400930989058
CYP2D6,0.16814935096959288,0.546389068105475
DDX17,6.377161895043219,7.310322633951337
DMC1,0.6047180142335951,0.17718152756048722
TCF20,3.2069488804009287,3.364831219900724
HSCB,4.32081957595956,3.8897366155386126
CBY1,4.765745315223105,5.126478555591496
TOMM22,6.642261479248506,5.615419219893486
XBP1,5.808519390914386,6.122279602352194
JOSD1,5.0012843895006664,5.257188868104269
FBXO7,5.946142452389377,6.131993748195349
GTPBP1,3.528092629540788,4.6013865436223105
POLDIP3,5.037683100227925,5.383216447362229
RAB36,0.43817982645324527,3.0532967485109683
TIMP3,4.35935598878325,5.752247944419169
SBF1,4.379784906412879,4.645403259348584
SUN2,5.347466485404947,6.445169215605242
CYB5R3,6.543586181877256,7.093678291442966
DNAL4,3.4525403646962447,4.168308334533613
MIOX,0.14000469396778326,0.10086914270909489
LMF2,5.6939650153594625,6.019230658043783
RHBDD3,4.547501541370037,5.088878319462654
PACSIN2,5.305214160532006,4.954083175567148
TTLL1,1.6208408756760468,2.792990027949017
RASL10A,0.5038857400661555,0.4443417039227353
AP1B1,4.817559902358578,5.131263206194328
HMGXB4,4.329226706151551,4.259344105291448
TOM1,4.304719920786316,5.004844015582209
NEFH,0.29421647292925496,0.1597028979780515
CHKB,4.145023932044772,4.321821602417727
BIK,0.863865169138891,0.16454785690172757
HMOX1,5.719274628675515,4.776096946898948
MCAT,3.7320754641319516,3.8917900068989884
THOC5,5.189728896147527,4.676593273979291
MCM5,6.196539696958959,5.418249720974433
APOBEC3H,0.4269905893021632,0.14790717038956108
ARSA,3.797981616911023,4.3967007632026816
TSPO,7.532406982569731,6.976018387515301
RASD2,1.1414177992928327,1.5991148392461119
TTLL12,4.8071789210311895,3.86811498299744
CBX7,2.070087674388747,2.6205722172796695
PDGFB,1.1764877253681387,2.2524741648199993
ACR,-0.00019377865164224573,0.12496759179244896
CABP7,-0.26563017325935545,0.9617771222069902
RPL3,10.983064675762625,9.687511720405022
ZMAT5,4.3150021874660816,3.9870064067815076
SYNGR1,3.298636350411958,3.718610781564577
TAB1,3.4279554682497126,3.89763430300677
ASCC2,5.2860552390260445,5.103581714225813
MTMR3,2.969260249805645,4.168649389337113
APOL4,-0.08567421881268189,0.8657600478564524
APOL1,2.430784555994167,4.40175985123957
PNPLA3,2.943824534094212,1.5650071905988487
MYH9,7.997648272624853,8.166950836261476
SAMM50,5.631271454102931,4.744807450243577
TXN2,6.353194973539249,6.145828367597705
FOXRED2,3.441176641162944,4.2166793834638225
EIF3D,8.061222614160327,6.961988599282423
TNRC6B,2.1009501929418826,2.499582920599344
SGSM3,4.685539879911555,5.080993556182858
IFT27,3.6358564515478835,4.163977515769681
PVALB,0.14941144569103582,0.2885047933141782
NCF4,0.39884590438174705,-0.06924034984811193
SLC25A17,4.921641283885317,4.760507488828691
FAM118A,3.7017170867187463,4.203563807255991
KCTD17,4.159596996014624,5.023259863102694
ST13,7.455891194252361,7.201205474225392
IL2RB,0.7311733937505867,0.44551661478654936
RBX1,6.939656719393754,5.8953267496260615
EP300,3.6612706346395694,4.388024723329816
L3MBTL2,3.434998176242808,4.07398318936503
CHADL,-0.05938705094270785,0.436055722104931
RANGAP1,6.129374384152732,5.420208364283725
ZC3H7B,4.426011531413806,5.0827068707592895
PHF5A,6.419925525021205,5.420487045561439
ACO2,5.370422881214011,5.634212818233582
POLR3H,4.902044639660249,4.894422160796773
TRMU,5.523950885070479,5.019681082542679
PMM1,5.209824383000509,4.948357792020054
CERK,4.396165235997405,4.555884962973693
BRD1,3.1105808467926694,3.3602690384892084
ZBED4,3.024603039621276,2.8174322399462803
MLC1,-1.3692741471210226,2.4556521353454768
HDAC10,3.8130356791290403,4.338142512480984
KCNK10,0.06882201297655677,0.10194818255976629
ABHD4,3.8772489851377134,5.0345062868949535
KHNYN,4.054018627760556,4.097866530850661
FKBP3,7.035936264142001,6.16308989840695
SDR39U1,4.7383322577320195,4.883749762134765
CTSG,0.055322852296423364,0.2937242086247466
GZMB,0.010857111752994697,0.29505791859596864
RBM23,5.2883250026400885,5.802923362563251
PRMT5,6.967360735568781,5.685308564340128
COCH,0.6060062797032917,1.147453060658532
AP4S1,2.955445878216985,1.9523785024744935
POLE2,4.481683356590512,2.810806505662074
SOS2,3.525694563844959,3.922607211762768
CDKL1,1.502460467306393,2.3142246118948395
NIN,3.7176809352994233,3.7671160280705567
PYGL,6.103294580815383,5.504683545428999
TRIM9,0.028336377295617332,3.701919708851362
PSMC6,7.237848937075281,6.467439738410779
GNPNAT1,5.2336734275324615,4.66177227054058
DDHD1,2.804394356938968,2.8827498396594575
CDKN3,7.335167217895847,5.431763052513496
CGRRF1,4.457454807718162,3.6647599351033526
ATP6V1D,6.542101861298411,6.30259965939936
PLEK2,1.4738612102959152,0.08962869271235752
PIGH,4.60362429335774,4.037408587753236
PSMA3,8.280454793642404,7.137769127281692
VTI1B,6.898295540496257,5.7555711693490395
TIMM9,6.4004373228926585,4.792013148181779
GSTZ1,4.324114669262977,4.302485344017952
KIAA0586,4.244806309193543,3.4132600956023516
TMED8,3.053159350267405,2.7414333427043376
AHSA1,8.211001076039654,7.131844422457456
DAAM1,3.6484191348224964,3.5697508152113087
SPTLC2,3.801248654801285,3.763359733497819
RIN3,3.2115966423270783,2.1191452707187057
LGMN,5.120437329690231,5.780707034210598
ALKBH1,3.6732788524165683,2.808501343137668
SNW1,6.626223561027149,5.8267400197297805
ITPK1,4.283200489911351,4.162508798811346
DHRS7,6.685014202988284,5.865421278527957
PPM1A,5.193484401164947,4.767333521897632
SIX4,2.9211227167060394,2.456425587422007
ASB2,0.1526608554151344,0.6178452466006324
ERH,9.527234082484888,8.159612322356022
HIF1A,7.95789727571305,7.679739437016134
EIF5,8.235912019139148,7.495179072429484
SLC8A3,0.03911926734905108,0.3637790095736222
DICER1,3.6557217684581613,3.5430074599776664
ZFYVE21,4.599038032111123,4.779002257187553
MTHFD1,7.372925968174125,5.928591503863429
TCL1A,0.6489079595427445,0.023919692412011473
ZC3H14,5.879985965598283,5.311289850138154
TELO2,4.358772213575458,4.432748374440839
BDKRB1,3.1000837925225104,1.0773196379265753
VRK1,5.951985473300674,4.037824220059393
PSMC1,8.542746395363746,7.491274871718265
PAPLN,0.9090362918249262,1.9123915231696142
RPS6KA5,2.2114388238940244,1.4785697045815889
C14orf93,3.097338579205458,2.552314014140695
PSMB5,8.347656795136007,7.414168131887078
YY1,6.047542134813878,5.331744644383255
ACIN1,6.421541006783874,6.624961777780246
CCNB1IP1,5.392142665287365,4.495847278193443
TRIP11,3.9263123293245177,3.335783989189968
APEX1,8.084080899205281,6.989312418036467
PABPN1,7.15102064095573,6.701684627844732
EFS,1.7645969204476495,1.854268451450486
ARHGAP5,4.451458723545472,4.491773057060936
CINP,5.718753027764777,5.0127049175113285
DHRS2,2.7283200608334988,1.1666242469868007
SRP54,5.992643688009292,5.798853483426762
CHD8,5.101672828563445,4.821966216120257
PCK2,4.621818165763234,3.308856512616334
DCAF11,4.718860594437058,4.8973322177861
PSMA6,8.815646695557497,7.869934806817246
NFKBIA,5.682804174920459,5.310216766275217
PSME2,7.821084489240019,7.268958140986089
BRMS1L,3.1870618816314233,3.642109694501457
REC8,1.5294946560771379,2.8480105499145196
TM9SF1,5.596890179767526,5.973536705403041
SEC23A,6.03660546505578,6.196134510396882
GMPR2,6.075252043932781,5.2876586015511755
PNN,6.619184683862183,6.184529542017884
RABGGTA,3.812103942926353,3.6911649333085323
NFATC4,3.3216176561599324,2.1728330218400744
PLTP,1.7958482075068425,4.460463120553129
PCIF1,4.877806965363406,4.33071752147819
GSS,6.2616680097051445,5.809862823247257
MMP9,1.3162573139173632,0.13116543073834247
VSX1,0.49094356803105493,0.32408585301533327
TRPC4AP,5.302450950524811,5.800899669387726
PYGB,5.4715079560364694,6.552212548169617
ABHD12,5.5694016311555545,6.610320476956656
PROCR,5.717667024638219,5.0157637991782344
GINS1,4.442817272824591,4.27936110225538
NINL,1.4117307673779558,2.0541691116018748
CD40,2.242479154612973,-0.04080185366390743
ZMYND8,3.675261981082796,4.034470665896651
SGK2,0.057690591983649675,0.5225924621279971
IFT52,5.0871023728010405,5.1310536857871485
MYBL2,5.353852784737472,4.800867981749772
HNF4A,0.29059217638426027,0.000790694016097257
NDRG3,4.5423029020552,4.917801474912091
NFATC2,0.8676804045472132,1.201619507194117
PABPC1L,3.990341065276904,4.375855832282596
STK4,4.363030309607076,4.012148264244557
SALL4,0.39360670308305085,1.1774881463291504
ADNP,5.146714273949395,5.581831307811546
PFDN4,7.296321361486013,5.863626055655615
DOK5,-0.5962598372771488,3.198220798030283
CSTF1,5.627841293834005,5.221665755491378
BMP7,0.3167852284268854,1.8437878411580213
RAE1,5.869872707912775,5.4267448051740415
TPD52L2,7.018326894988751,6.595074461109543
DNAJC5,4.87267771450148,5.160030064964424
CTSZ,3.2886722847783374,5.373472986798159
PRPF6,5.696293176510645,5.212485424409416
PSMA7,9.404389025135902,8.768202985373696
SLCO4A1,4.3844407410383175,2.1366880293481145
NTSR1,0.5812285525628806,0.6412521904175515
TCFL5,3.376010576695518,3.562513661950708
DIDO1,4.22818548690265,4.43653921045828
SLC17A9,1.3319643470584224,-0.17041317700488673
BIRC7,0.22545178290519557,0.09317073239618852
NKAIN4,0.20298458963674698,0.17768432590511624
ARFGAP1,6.004382940226531,6.354151918919372
COL20A1,0.057615575803731396,0.059221573858281466
CHRNA4,0.05231753205013627,0.11230991365918555
EEF1A2,5.220404588135293,4.016828546386635
PTK6,0.8834901438093878,0.008967551690903575
GMEB2,2.859874722626623,3.1524846754814737
SPEF1,0.13691910633230125,0.5382245379605493
CDC25B,5.9411340162425095,6.0845511947348205
ISM1,0.8661390622269429,0.19029026440198799
RNF24,3.6902424560600537,4.5167776375980075
ARFRP1,5.057409053384788,5.098251457368432
TRIB3,5.75903087027776,3.05177799004607
RASSF2,-0.2735140534968412,2.9325036761598486
CSNK2A1,6.454499796566767,6.516043540825009
ANGPT4,0.21216141871292887,0.03925288977745611
RSPO4,0.07057473044868233,0.06815638092009445
CDS2,4.639699534703226,4.657412342586193
HM13,7.523030536786688,7.583732246636522
SNPH,1.8288662454335294,2.435748730122542
MYLK2,1.0845397094933231,0.5978484796863862
SIRPB1,1.3234424189349219,0.6051237200889326
SEC23B,5.097702465275535,5.773018535554196
FERMT1,3.3370233081317267,0.8716807080660061
HAO1,0.21893949891701492,0.03958662699224198
PLCB4,2.7523629394961886,2.582370456896768
MYL9,3.6675868079363756,6.172085851331924
HCK,0.24301821183817435,0.07045405041974023
TM9SF4,5.530668214635285,6.040603355869819
CRNKL1,4.395218751946959,4.348622567552395
POFUT1,5.479242221376504,6.076747044076203
SAMHD1,3.518497025968318,5.215847649828963
KIF3B,3.9265836711438618,5.021388547856331
NOP56,8.403162634704703,7.534640563535737
MANBAL,6.372262229198005,6.430788038326326
IDH3B,6.560554251541864,6.694306535793577
MAPRE1,7.264282467714393,7.018338577644072
JAG1,3.259213386895958,5.1205096773756935
CDK5RAP1,5.372574795438158,4.456671533754283
SNTA1,3.3007033565343162,4.260737683193718
E2F1,4.940846737354992,4.454835498369531
RPRD1B,4.4139522192671645,4.481572983986049
PXMP4,2.894674157761767,4.037285444628513
CHMP4B,6.816394766034311,6.714733370641227
BPI,0.05084726909312957,0.14612217593388802
CST3,7.041996537719286,8.255146397889213
ASIP,-0.06996096106027849,0.4159514189006691
CST4,0.10651091937964621,0.09830357247511506
ACTR5,3.3878897670902157,2.36664424814023
WFDC2,1.1126101073185295,0.3101667550546903
AHCY,7.2363458156795675,6.462152850028364
PPP1R16B,0.252401635293579,0.023026009147087606
FAM83D,5.326268120473262,4.881733142629078
DHX35,3.3348174367346677,3.4345565708280144
DNTTIP1,5.9930521082466,4.861727917052641
MAP1LC3A,2.4921566903194345,5.273703883029904
PIGU,5.3446592060020155,4.8746597372488125
TNNC2,0.26767541213654505,0.4065584239119144
ACOT8,5.109938153651934,5.079155639713898
ZNF516,1.6969958293294596,2.5531189161352534
ADNP2,3.2125205683230997,3.6438276151678
USP14,6.077775494131511,5.988202443220385
VAPA,7.4518167499620045,7.56528497402177
METTL4,3.533089329988915,3.2701319851551935
LPIN2,2.7407817318631342,4.472815239274455
SMCHD1,4.370931863726711,4.882395876165259
MYL12A,8.537698894749738,9.055210461581463
CEP76,3.083895053612648,3.2944029794290115
ST8SIA5,0.4857355084546634,2.154767183186357
CEP192,3.396943721028026,3.713900474257228
RNMT,3.904444922649745,4.59077408004192
SMAD7,3.6261438056707918,3.8648667218412056
LIPG,1.9005006527967827,3.5808272540191872
LAMA1,0.5557311657156923,2.621426160903215
RNF125,0.34714851196313534,0.3962946342413962
ANKRD12,2.8036930261875623,3.501987570944868
NOL4,-0.40929199462791077,0.56970356829012
POLI,3.797424443787777,4.0518157562998525
MIB1,3.3825914447597505,4.452655413873683
RBBP8,4.780458458735359,4.756667986448563
RIOK3,4.926111678326559,5.426480458540349
CSTF2,4.905111252986929,4.2932155111477375
MXRA5,-0.8270037244143742,3.376534587577855
PSMD10,6.66798963407153,6.668209958701846
ATG4A,3.3245786191621116,3.876369225152079
STS,1.381059370863246,3.381095521155653
TBL1X,2.811914167126313,3.309939440081418
GPR143,0.34014080224168003,0.14696769062359144
PGRMC1,6.58277247957311,8.160409088829326
POLA1,3.804949570917887,3.9346054682835008
MID1,3.8917646076634593,4.558394076842638
NKAP,3.848818825156534,3.7003988875490195
NXT2,4.285326177448225,3.967554616781759
ALG13,5.425265407098077,5.419485079949353
PRPS2,4.441914830535876,5.6768347434547595
MOSPD1,4.572134735153521,4.737561363446119
AMMECR1,3.64114717235536,3.7364835075557905
CHRDL1,0.7605020491100016,3.5582566182293274
WDR13,5.01557188294061,6.063640513870348
SUV39H1,3.7272936467062747,3.635574785131839
PAGE4,0.2686265904583618,0.019764703223082644
SRPX,6.2745243657162115,5.654895654004743
XIAP,3.707110724550768,4.605977192164695
STAG2,5.009639881801181,5.398300391193816
ATP11C,2.7573958511131704,4.9130294680604685
MCF2,0.10508947376708716,0.5418350234353342
ABCD1,2.453399579176895,4.521669921631139
CCDC22,3.0525109582548895,3.4540473388401858
SYP,0.4662560877190367,1.3718980805793812
PLP2,8.10963047320336,8.09357321268369
PLS3,6.567491523364965,7.4408565327211305
NAA10,7.066906528816706,6.690460795483879
RENBP,0.44643527527484267,0.9159401672561629
ELF4,4.064220784589227,3.841322709668522
SMARCA1,4.614025086674836,5.492929449287863
MTMR8,0.07060940222210405,0.2531695929274308
ASB9,1.6915217822845001,2.418449384444305
ZC3H12B,0.050674536058289865,0.8898610551353395
RBBP7,7.28479959180323,7.6281891070104155
KCND1,0.5440826741274066,1.8488190901726915
SLC25A14,3.9042213000235706,4.396587607888396
FMR1,4.727284171709404,5.121057122281816
PIM2,2.3240752844619976,3.3149196131329046
SCML2,2.1748166919336653,2.1352682372978817
SLC35A2,4.98636264321205,5.926479004708385
PQBP1,6.717571981074199,6.2459053220783485
PCSK1N,-0.5399578567228778,4.606040428596424
EMD,6.946628199666829,6.674402652302353
PGK1,8.95055626838619,8.782350656633572
MAGT1,5.564566168459645,6.599447098621471
SMS,8.372937071408028,6.7833292278396495
PHEX,0.607244459454341,1.7115223953703023
UBL4A,5.458746380759245,5.173070868730148
CD99L2,3.997003262094169,6.748053032226472
EEA1,3.143781585256031,3.715754987417567
RP2,3.8945006979178776,4.492768056750408
CDK16,5.988823884579529,6.923804215440177
USP11,5.145055904367902,6.069091029230278
PCYT1B,0.09907698060773895,2.1377371083354335
HTATSF1,5.616527922125879,5.543728330681833
VGLL1,0.9008853653372574,-0.32288093047833694
TIMP1,8.507905839023424,8.891771482418077
KLHL4,1.624085175821157,2.4412497220320453
GABRE,2.3280566308668695,1.8392953498551767
PCDH11X,-0.1037949624455227,0.27983332459102195
FGD1,1.9684296604605784,3.2637971157892216
PIN4,5.401734456763565,5.011785452085018
PORCN,5.363583597359855,4.056550381624278
MAGED2,6.442640087809309,8.313999015631591
RBM3,8.502364356030634,8.124495918198003
KLF8,0.08219475132465909,0.6380794286116238
SRPX2,3.9048981091444768,4.887840284046529
SYTL4,1.827396430918141,2.3595985681157456
ZDHHC15,-0.10974218307773143,1.2318044885578194
CENPI,4.26267225877705,3.9641550567750135
DRP2,0.7274071309967873,1.1909205536593777
TAF7L,0.12349381081282904,0.33779283008600786
GLA,5.783849971453108,5.400522759331974
ARMCX3,4.451204149799083,6.423574789057341
BEX4,1.918708258870323,4.248918793983435
NALCN,1.836305323587542,1.5755094429724372
FGF14,0.19105350703450374,0.9084181978994994
HTR2A,-0.6949839013944713,1.751678321090747
NDFIP2,4.844301909172021,5.096588391918523
TNFSF13B,0.22494075300542682,0.9818619405724716
FNDC3A,3.7383524667592694,4.903502599275693
CDADC1,3.0664806835304463,3.6955305683929356
CAB39L,1.2200044835454027,2.5087877707796378
KLF5,3.026053079041138,3.3495358393989894
STK24,5.219480897163475,5.388002613266214
ACP5,1.8881157981266803,2.2423567557303468
DNAJC3,3.7885377128352924,4.929087862746788
UGGT2,3.463199915159745,5.069077882059192
ARHGEF7,3.4692885967289424,4.6748984162276725
FGF9,0.32660270498101057,0.4850664680981619
SGCG,0.24595604218109723,0.2035435427203995
PARP4,4.193739674367804,5.121833640802534
MRPS31,4.482866157659875,3.7417362649746666
SLC25A15,2.829002305166802,3.5111000003521435
KPNA3,4.527679066108366,5.050810090112717
FLT1,0.18931876822999627,0.8861276109626885
DGKH,2.1489543528958346,2.0363372592264835
KATNAL1,2.8780044931102067,4.199958230317523
INTS6,3.866104966146179,4.402133344358914
DHRS12,1.185843840941295,2.6603148328868236
TSC22D1,5.191621068328855,6.302277903537613
CLN5,3.4224967485587667,5.149262557131652
MSLN,0.8530029726326295,1.1220450320137327
MGRN1,3.3281796664600947,5.076022383363144
ZNF629,2.4626378798285606,3.331364269086691
TRADD,3.7277396186899763,4.0405282438367705
HSF4,2.4644270213044313,3.432150186305136
CORO1A,2.9834222802874106,2.7366108680510717
MAPK3,5.63427561501207,5.544080729095502
GDPD3,1.566702358807129,0.9464809654812003
ELMO3,1.262661520644285,0.5831013577914226
PHKB,4.873317382934302,5.521998375276062
LYRM1,4.702350952589397,4.330291958369062
NUTF2,7.524559179681259,7.08662858868363
NUP93,6.17405696981267,5.683258896201893
CENPT,4.62503484007793,5.059853775253301
TSNAXIP1,0.4088800369416632,1.4034804971104946
NFAT5,2.6884605100538383,4.255106755379131
LONP2,4.23168907092025,5.122238624918711
N4BP1,3.5430776423304,4.479334521780486
CBLN1,0.2961172919993049,-0.09769746297308983
ARL2BP,5.28581270405813,6.464356149054908
PLLP,2.4683167477612367,3.2498062432408767
ZNF423,-0.41506146332344296,1.3194674115640517
DHODH,2.8605488273301978,3.054095676592096
CCL17,0.03145273010164803,0.09567854693993645
CTCF,4.747592210912805,4.8265005521697555
ACD,5.260820935265559,4.720777913405728
POLR2C,6.31333198020531,6.35458469062054
PARD6A,0.9204479070588785,1.980432873999255
ZNF821,1.894726995480386,2.78706636046917
MMP15,0.5548880192315231,3.331140846371868
CYB5B,7.29016994695,7.098848165231238
NME3,4.692074522681175,4.393793985171454
NDRG4,2.5352674529576262,4.71186458224936
PSMD7,7.070339097001159,7.241068492624579
SETD6,3.4699919738663687,3.945735195618129
SLC38A7,2.9697006420302126,4.360340311516095
VAC14,4.692185459785221,4.497972108420504
HAS3,2.001873368459692,3.079610717683124
COG4,4.910007425735204,5.725122892545046
SMPD3,0.3103475087007149,0.6953773002383208
SLC7A6OS,3.6028917575066197,4.061197046609416
SLC7A6,3.710937678473196,4.75947428539075
PLA2G15,4.037486777029645,5.139754113803414
ESRP2,0.8773420281835428,0.11176384929035149
FA2H,0.5376462451628249,0.1541534897325683
WDR59,4.520117842078506,4.8377870348567
MON1B,4.458026812084962,5.026758396969997
AXIN1,3.0572284333105206,3.5967385604252566
HCFC1R1,6.941078986669155,5.490661823227546
NPRL3,4.399909583914032,4.0275189152400745
MLYCD,1.0911719484566427,2.2145351045301718
MPG,5.438334451462956,5.909518180692036
NECAB2,0.20711710392732585,0.66478369442482
HSDL1,4.076653481981626,4.434600248571226
TAF1C,4.037611625383907,5.253593475988932
NAGPA,3.456071954009658,3.6533609932275946
WFDC1,0.052012799235748974,0.944171032623246
SEC14L5,-0.038571093561515626,0.1705366834284344
COTL1,7.732017265593952,7.474528091316312
USP10,5.57127835306108,5.615747551709944
CRISPLD2,2.3142023528285374,2.109838480994758
TSC2,4.872099662789125,5.703231247543693
ZNF500,1.7373185371488313,3.1508765734683624
NME4,6.640562490401104,6.354423832650031
ABCC1,4.207528714782685,5.338123935498035
NOMO3,4.174167677384686,6.573589024282424
LMF1,1.2740677880080298,3.762990536136968
FOXF1,3.3512962552144265,1.702185944444119
MTHFSD,3.122881656895582,3.9220628190453346
CLCN7,4.409148320769784,5.449634248322915
HAGHL,3.1681580548322055,3.5449561429023415
SLC7A5,5.500660156136698,6.395854888536457
METRN,4.3853400981912305,5.952313309855792
FBXO31,3.3350204019922733,3.969152620740704
STUB1,5.946855949603157,6.450274487226991
RHBDL1,1.126789725830561,1.5082034945107141
NUBP1,4.852396612690853,4.587537257255021
UBE2I,6.73269806006753,6.779255322748669
MEFV,0.28966660050019055,0.1823591388335061
CRYM,0.5001509620193002,0.759189113634014
EEF2K,2.657787062768169,3.5463545931211615
GSPT1,6.67662778460526,6.287765612138615
ZNF174,2.8471884598024646,3.3004115814154953
CLUAP1,4.094867565896558,4.7370418360202
UBFD1,4.385972692808901,5.57080260151781
PRSS33,-0.08251719265446433,0.6577479251287199
EARS2,4.368372454315358,4.570779215492722
GGA2,3.9295339970026446,5.143626741572046
CPPED1,3.2139154954779747,2.94401004992311
USP31,2.677578834155587,2.17329884383212
HMOX2,5.2566633792757225,5.380961206667471
DNAJA3,4.971597448419181,5.410889551273477
BFAR,6.03042346728462,6.414452895877392
SALL1,1.0921282350670576,3.8077607030985017
TOX3,0.2104640933073722,0.36974300034335217
RBL2,4.049497921889585,5.136884429340817
QPRT,3.1101269769293074,2.029693898509903
XYLT1,2.4911588404367375,1.664683355637928
PYCARD,1.0218817019447803,0.8068636062047218
RPGRIP1L,3.1766991623948613,3.892688944290354
MAZ,6.493070548359492,6.835671325994469
STX4,5.32230373543468,5.443818151289234
CDIPT,5.4737190638795665,6.141979165575684
BCKDK,4.94972573805149,4.723344561376342
NOMO1,5.672979555086949,7.058304157434475
IL21R,0.8544491243086124,0.905907863491341
SYT17,0.18617961308381525,1.3378332332259362
TMC5,0.833287246753809,-0.14524932266959684
SLC6A2,0.038836763745741826,0.0711882941453724
RNF40,5.338457427479175,5.99071595255827
AQP9,0.6144437745488122,-0.0078001616865378265
AAGAB,5.469430518541515,5.935618574054798
IQCH,0.97943653400373,1.670217549456856
LACTB,5.857751744900507,4.694556242006819
CORO2B,0.6584256747562882,3.597597326317495
CSK,5.460651626994505,5.5802772191242855
HERC1,3.642992360270346,4.625535826125568
TRIP4,3.956951365363601,4.331835216557911
MTFMT,3.580362039908161,3.7462834946852723
RASL12,0.21888127234545834,0.5694986541544267
AP3B2,-0.2878035698370298,2.3170207026424468
ACSBG1,0.7571262853118905,1.2196714712733634
IGDCC4,0.09814770802051376,2.263340434063496
RAB11A,7.670356295602443,7.939947290995995
CTSH,2.036387889737357,3.5345656056625745
TTC23,3.0094806236762865,4.2769395834324415
CD276,5.555949690449959,7.243185193934659
FAH,4.9961608323913005,5.144577031938632
RPAP1,3.6421309125979393,4.245701362246353
HOMER2,2.449363750445805,3.837536290301454
EHD4,3.3572689123932893,4.310770484853986
TMEM87A,5.0213535798652735,6.25330617572074
CEP152,3.1188299396024597,3.502770264215669
ATP8B4,0.14257246762663375,0.5067963996776391
DTWD1,5.328856183547778,5.4895890717061055
TGM5,-0.33201358451310886,1.019330661026658
GABPB1,4.671636141450367,4.174519676014623
TJP1,4.598288613816893,5.1653773663700875
BMF,1.8962210119581968,3.127851111213243
DMXL2,3.8256308949066815,4.81030004709514
SCG3,-0.34895398508686437,0.5824806668654705
DNAJC17,4.690351337347532,4.53089103120683
EIF3J,6.574854606845718,6.435358409146335
SPG11,3.816584991234873,4.973682545574099
RHOV,0.7832332529279487,0.18697721830016156
VPS18,3.277050677392517,4.26989602449055
OIP5,4.587061729312678,4.046220643430213
SLC30A4,1.5708507292623495,2.630520414630945
MYEF2,2.4519016661508504,5.941472477257112
SGK3,2.0772277871432543,2.2390372910673886
PDGFRL,2.008470632808403,2.5656344084177514
CSPP1,3.517100829903477,3.8076559899723623
ZDHHC2,3.5370007009711184,3.5259664268120225
BRF2,3.1839012500946606,3.7970657165986226
TRIM35,2.969750371629608,3.2398874397953916
ZFAND1,5.3846418109549905,4.891233310533718
RP1,0.7446636513747834,0.2196776360649531
CA2,0.0015758606590872137,2.194153535122264
FZD3,0.5095937746491539,2.2415393866484976
INTS9,3.619593288008105,3.874991133300176
RIPK2,4.1968151288452935,3.9000358031088993
EYA1,1.6173415230968915,1.8378600618128786
NBN,4.453663098563799,4.970043473495454
TRPA1,0.8611016195376227,1.436888346320253
DECR1,6.250560361818363,7.402731013210792
CALB1,0.2458256464505147,0.6881289838706396
SFRP1,2.22241714041804,3.060413921228698
LAPTM4B,6.0918043103978645,6.844826357247742
UBE2W,4.144925735176341,4.641667343896413
POP1,3.2905711835922626,3.12329850518888
NIPAL2,0.6252039621674528,1.859906012471303
IKBKB,3.691448804871959,4.938499209728082
PLAT,3.9935940999221544,5.236115735246249
JPH1,0.6129520870904495,1.2873436304040138
DKK4,0.08111644779445774,0.04146943966057207
STK3,3.8290874112980244,4.034081458972413
GDAP1,3.4529259079795374,3.158370421650065
RAB2A,6.276868841681293,6.9385167157636305
EIF3E,9.005589023909065,7.185900032233567
ESRP1,1.0732541248265948,0.3420621732531026
NDRG1,5.965869834765503,5.3532123538775656
IL7,1.2834251361309872,2.6202812622595357
STMN2,0.09403101939713862,0.24385376383484292
ARMC1,5.32002217221045,5.016567425997665
TRPS1,1.4760580163761885,3.4832341002731244
SPAG1,2.26431873746263,3.1557417270865935
CHRAC1,6.042064067566889,4.820442030028883
NCALD,-0.3162014746628756,1.7526402458266643
SNX16,3.5378674218010135,3.311667195015467
UBR5,5.508211350185345,5.445648198463013
GSDMD,4.641137640951293,5.122944404164502
EEF1D,9.211987914291642,8.113198670546435
SQLE,5.412513871626298,5.235921321350246
SH2D4A,3.589472427466762,3.7243280330772675
INTS10,5.200632862610386,5.415930005137795
ERI1,3.6614786788920033,4.17221703061795
SLC39A14,5.380012975587105,5.828095931532854
MTMR9,2.176386891398627,3.3395905099478895
LEPROTL1,5.095993551381373,5.435973185391266
DCTN6,5.810514002786478,6.098461237094577
R3HCC1,4.558044425888928,5.08601294058675
GSR,4.986703190015857,5.013780242220734
TNFRSF10A,1.8136239137278367,0.5647122155153758
UBXN8,3.797167863150608,3.995947065523538
PPP2CB,5.9420627849685665,7.00206438912642
ERICH1,3.081080961230538,3.763012301263109
NEFM,0.02349387238190856,0.28682682632112766
TUSC3,4.252906168652848,3.191969007914211
ARHGEF10,3.286643037678318,4.760506051309061
KLHDC4,3.994598531624377,4.212061747005677
MCM4,6.971892898302846,7.194266687274236
KCTD9,4.886147842197433,5.899069214104058
FGL1,0.16887477758324076,0.00766453756897767
ASAH1,5.936188058798818,7.223303765469199
BNIP3L,6.375967270783791,6.109677426712002
MAN2B1,4.338110919819598,5.982991727767296
KCNN4,4.824763577724239,4.149294624471267
NUCB1,6.407624577395357,8.784235317160798
DHDH,0.497338466525301,0.39845919445735434
GYS1,5.058970570360857,5.355216854574337
MAP4K1,0.09409535304492689,0.8854735764377267
CGB2,0.7578938614245019,0.09404445232888636
ECH1,7.105827201550468,7.388004112321809
HNRNPL,8.222653213964024,8.225791546504905
NFKBIB,4.191765833184301,4.14452580984328
LHB,1.171449840298057,0.612128599735362
SARS2,4.221516039265502,3.9208975530467782
KCNA7,0.2528183198544371,0.3430691987964506
SNRNP70,7.18353626843958,7.450738158850814
CLPTM1,5.681028428352698,6.430148301564171
RELB,2.323504844610542,3.3638698574348282
LIN7B,2.8224212790048604,3.2384109602290003
FCGRT,2.3751378952335065,5.362737555825612
PIH1D1,6.024203748378878,6.192919958907676
ARHGEF18,3.4323194524437746,3.685264487486619
PPP1R13L,4.000012572347949,3.624865127840643
PEX11G,0.8152808458628843,1.9136160468991035
ERCC2,4.281638103803249,4.808865954259447
DOT1L,2.734029951869082,3.7246302539474407
PLEKHJ1,5.422288195247204,5.803214839060022
SLC17A7,0.252771065898009,0.4800782597667104
RNASEH2A,6.609681974117177,5.500826100118712
KLC3,0.7197210013626645,0.5198668379684767
CD37,1.4445501904521985,2.391010701054507
SF3A2,6.059525223707897,5.9006835010436935
AMH,2.4892828209556033,3.462496552018564
DKKL1,0.14321054592922533,0.2574743597418659
LYL1,0.3148755726381836,0.10094196012195689
OAZ1,10.068384343398373,10.04449282531688
TRMT1,5.406545178608888,4.747795138181373
STX10,5.892823468708093,6.127048050705673
DMPK,2.8850704654473223,5.878233457421805
TBC1D17,4.164918147722289,5.015871845279903
IL4I1,0.5557787884595902,1.8726225936383523
TLE6,1.7855058260701215,1.3418833795502234
PTOV1,6.1441288903198945,6.428390054490403
NOVA2,-0.15945722104803717,1.3960218692796658
SGTA,5.556665625480745,5.73453596997399
MED25,3.8841699145239112,4.470055286434393
SNAPC2,4.448737176524969,4.853656634641347
C19orf53,7.121639688464561,6.880702604246021
TIMM44,5.3544000679564165,5.325426844123671
CCDC61,2.173334380989003,2.556922781433365
IL27RA,2.341465002725707,2.172436556745068
ASF1B,6.0645460078184295,5.703770442878113
TNNT1,7.195286904398792,2.732015925187847
VRK3,4.079478128077703,4.548619268126143
FAM32A,6.381894214681869,6.634766000590495
C19orf44,2.167518498211738,3.0930749929866663
MED26,2.2677737422556423,2.376519160108623
OLFM2,0.4044848900661102,2.6638501253549625
RASAL3,0.12271534769463883,0.1276483944719431
AKAP8,3.5658817645843173,3.8589291278522633
ILVBL,4.967979261132742,5.390303291468856
ZNF419,2.3531665993705393,3.593934681250895
SYDE1,3.68051795365499,5.052062842242089
SLC1A6,0.7802454376355549,-0.3672772539237664
AURKC,0.5967019839385308,0.81633386930705
POP4,6.421549596919556,6.225247299509318
CCNE1,3.360854613734121,3.6315751176479956
PDCD5,8.256352484749247,7.120572553509869
ANKRD27,3.9721666383081446,3.9085941707641427
RPS16,11.103680791144209,9.934583482239963
TIMM50,6.6723954529735625,6.477178631601442
FBL,8.084380454918954,7.147150794273122
DYRK1B,0.8772735009909554,3.6400152876212477
CLC,0.14724000225146833,0.0056486687174739925
GPI,7.251792729060831,7.99417789455093
AKT2,5.749526469386807,6.50367229877712
PLD3,6.363575641020481,7.990670032058157
PRX,1.0622961712062666,1.3841311013286863
PIAS4,3.693256454707411,4.0103713880262
NUMBL,3.1257928044757275,4.840735284561733
EBI3,2.013876817594086,0.9563779661776155
TBCB,6.9260152971309195,7.089997702051201
FSD1,3.1906964821778394,3.399443949679701
POLR2I,6.299123846567395,5.828057148556237
CLIP3,0.9642902135005378,5.777257362455138
ZFR2,-0.01522032658060285,0.19668770329831559
SLC1A5,7.07890186127249,6.596208351369461
PRKD2,3.7319705940922643,4.161532373237352
TJP3,0.3469901034807911,0.2730018254811099
APLP1,2.532819651783981,6.053242066282264
CCDC9,3.1405999510217657,4.375433634773033
HNRNPUL1,6.610137989207087,7.074071360526026
FZR1,4.4283999369818305,4.964978535854728
BBC3,2.52365191209193,2.7298297638761384
TGFB1,5.001361134084512,6.074772732751732
DENND3,2.3214940511115083,2.7497045180153603
PLIN3,6.7724017434269435,6.386319195880088
MYH14,0.3147573542899591,1.329804197149319
MRPL4,5.584363441860688,5.78809911435504
CD79A,0.1136171708534652,0.38465134299410775
ICAM4,0.007003634722866886,0.2348993633484539
RPS19,10.796612554824652,9.745130569351009
NKG7,0.17431812277332223,0.18698578593155749
ICAM5,2.2516414565784837,1.6438061505612336
ETFB,7.054535962792365,6.578256152075964
CD33,2.3934706086408255,0.4526481260478409
CEACAM5,0.14163294126935744,0.31025013954181324
TYK2,5.459059536590236,5.941460271351291
CDC37,7.265775855973995,7.024584341343662
NAPA,5.6639436564026004,6.989810495226122
RABAC1,6.83434590359873,7.614254992354679
ATP1A3,1.4389793708574912,0.8269193432818881
MEIS3,2.592442051645504,4.945424364947691
PTPRS,2.670240243534473,5.262258170984507
CNFN,0.9075004898367798,1.540160485306075
MEGF8,2.4091807516712374,5.153275091246194
KDELR1,7.551856563172884,8.030676618814594
CYTH2,4.535762922023485,6.005483531082135
GRWD1,4.666756129774123,4.960422276993842
GRIN2D,0.4548134254315214,0.1676062834393992
SYNGR4,0.009962506422406314,0.39530187786497895
CLEC11A,3.4109300647657537,1.6342478551832547
CARD8,3.8548138381933748,4.321345813534581
LIG1,4.738366959777807,4.493397118434012
ZNF175,2.6302122353212902,2.9249419489684527
PLA2G4C,1.5824460853879705,2.6090791418989396
CABP5,0.21249770671460444,-0.011291294081261047
HAS1,0.6737152996025422,0.1603554970474444
RAB3D,1.2471207110571125,1.7316926960332846
DBP,2.8107140837046565,3.2476341894527105
TMEM205,6.123246214954605,6.502213946582011
CAPS,0.31476488807103653,4.922943313574237
FGF21,0.039817614904171725,0.20256266724197808
BCAT2,4.78746192556493,4.758583625316745
MIER2,3.474276410456394,3.892111568343072
PLEKHA4,1.9266616459508434,4.823016281664153
PPP2R1A,7.007405620481842,7.616615471632834
TNPO2,5.008704781095341,5.845132533067255
CACNG7,1.5503767107037913,1.258076983521157
GCDH,3.8646835591872963,4.173777969488746
DNASE2,5.450746855051642,6.229730389492703
MAST1,1.4344135570688246,1.2125658040995086
LENG1,3.241615857851545,2.8007605386714713
PRPF31,6.18282911183369,6.231120798184379
TFPT,4.117306273098572,4.462263242120946
JAK3,0.2511784335777958,0.2729859329801173
RPL18A,10.843455362107253,9.45068952006769
KCNN1,0.18358441733792125,0.1080647805863765
ARRDC2,3.2926605396890047,2.904063971220143
PIK3R2,4.15059300491475,5.612951255582863
RAB3A,1.3508398031846243,2.30929991027686
PDE4C,0.26360959042307247,0.3258320476718208
ISYNA1,1.6767658180845233,3.890132553024025
ELL,2.5852954562519956,2.8260973766091957
CRTC1,1.597052876308659,2.8125937427334846
COMP,0.18861453633414996,0.2527390322497089
COPE,6.837167781923158,7.331515840918892
DDX49,4.961499817917444,5.353405071158599
ETV2,1.090024907936884,1.3353075076719145
ARMC6,4.69252898661712,4.789221550086654
TMEM147,6.931505729618465,6.915920156300458
MAG,0.25316640822404274,0.19475745242197656
TMEM59L,0.45058737001662386,3.368014849539024
USF2,6.155477226085307,6.451388746761074
LSR,2.6788774997240985,0.9003302970314992
FKBP8,6.788260168705347,7.34847480455407
HPN,-0.05458079501127218,0.1981897660622145
ZNF14,1.4181311026063672,1.8742113137039034
SCN1B,1.5733077356783398,3.6781812274370997
PBX4,1.6076276471122672,1.7643526580091848
ERF,4.609032219467351,5.869139876473705
GSK3A,5.2439964488264215,5.898770987183245
ATP13A1,4.643898070146211,5.504455583697556
ZNF574,2.8747714398375255,3.1774606729392487
GRIK5,0.20592395486919352,1.0065123391894368
SIPA1L3,2.840992644969037,3.64726044427131
ZNF85,2.7838545582345686,3.3937363006655006
ETHE1,5.601885643112749,5.0147042859556885
CADM4,1.0655384209056469,4.528771822440176
AVL9,4.345256988300739,4.920197625343672
RUNDC3B,0.3954278928851584,0.2784434791782426
GTPBP10,4.580509543351007,4.588583280728041
RASA4,1.4552814762801596,4.592684667293194
CDK6,3.4996940705979567,5.277874188961804
PMPCB,5.978042693326499,6.773729950186715
DNAJC2,5.415822236561118,5.4623810172963925
TFPI2,5.836860116720799,4.465617508304244
BET1,5.608288941192337,6.252717731935654
NAMPT,6.615081554490983,7.242051306722942
PIK3CG,0.4882806239974561,0.23241995890922112
PON3,0.25694644887352464,-0.03426595779627695
PON2,5.7889364464729,8.278506423522057
ITGB8,1.4743831497132653,5.283070290865193
HBP1,4.408430235176417,6.475169743340166
DUS4L,3.3571774786899238,3.483437562060736
SP4,2.275251462293978,2.5425625855924365
WDR91,1.9612002236600075,3.8708724383953905
DNAH11,2.493514694416802,1.3007224493591953
CBLL1,4.069155233303061,5.098063533644948
DLX5,-0.39500469475372046,3.0085690996548657
PTN,4.234985925962951,7.843056919680141
ATP6V0A4,0.3669334434707226,0.42519403582290294
ZC3HAV1,3.528325726095205,4.790460061136294
OGDH,5.150625009448955,6.43096840997444
ADAP1,0.7938218866208558,1.467922383766285
TFEC,0.15048913078576012,0.13635626688283273
CAV2,5.673494285406014,5.36564937181844
CAV1,8.759273328200749,9.099585543241515
MET,5.297059083294534,6.014508606751589
RNF32,0.47262429543051576,0.8775863308053636
LMBR1,3.8282849085895543,5.706814531045465
WNT2,-0.0735052786817993,0.24479473222793358
HOXA1,1.6546839065976302,1.3362523215979965
DNAJB6,6.7445721983232065,7.594834257668402
HOXA2,0.5200467445579006,1.631843128529851
HOXA3,1.3076657706022696,2.9365581162591767
LFNG,2.6488797637031913,4.411202522076392
HOXA5,1.374927136794222,2.062628679412923
HOXA6,0.5181048663626842,1.4270781256632266
IQCE,2.052345458316721,4.093927253384038
ANKRD7,0.5063885584570326,1.686237913846774
VIPR2,0.333546881846708,0.06773093764206771
TSPAN12,0.8150413469822664,3.0006616528752037
SSBP1,7.914024394810682,8.169530520149955
HOXA13,0.7644883137850029,1.2280448725771995
HIBADH,5.521896689675397,6.205865736024833
TAX1BP1,6.29726479427015,7.228107151629271
CPVL,2.61692954851836,3.429930869029426
CHN2,0.8323532245074325,1.8905038693109144
GRB10,1.8394870413633524,6.043106473307268
ABHD11,4.485779305050953,4.844686820279208
COBL,-0.5790153014324321,1.4022006010472956
FKBP14,4.495023881401222,5.88953875015169
PLEKHA8,2.699726352625417,3.6745381938258785
STX1A,4.82578771036846,5.273058177916895
NOD1,1.7096138333810242,2.9974678810827733
EPHB6,0.42838306429396955,0.9051527174413768
GHRHR,-0.10039402415881699,0.15828295499009534
CASP2,3.377647745975401,5.089948080612133
CHCHD2,9.616877565917159,9.736686573248818
CCL24,0.3110472728387399,0.34606986500275133
HSPB1,8.48972480285658,9.69277537403597
NPTX2,0.4661177610980351,0.4423213786982055
PDAP1,7.3339811413553795,8.01850808604634
BUD31,6.845003716954256,7.129192678009714
PTCD1,2.325633232917642,3.043669340324826
CYP3A5,1.0022963855425857,2.1788873841804444
ZKSCAN1,3.379927588019965,4.894697034115291
EIF3B,7.557479433404991,7.696984712537718
SNX8,5.491167205596923,4.734356520732842
NUDT1,6.236749975814138,5.738847461543696
PTPRZ1,-1.2894733185552563,2.9830574841804527
TAF6,5.603619923470449,6.340766323489127
WASL,3.785530340111989,5.0963560453560195
HYAL4,0.28984451457668736,-0.056185182858942515
AIMP2,6.139440535275588,6.025218316889766
TFR2,0.870927388598077,0.7793898616256438
FSCN3,0.2993355762501636,0.4960573100996461
MOSPD3,4.118957039538324,4.816812015717542
PCOLCE,6.227211906195133,6.358405429836994
FBXO24,0.3384070550542294,0.5154596697922934
RBM28,4.815878983250208,5.482805299774326
USP42,2.2196933796315057,2.9651855275341568
IMPDH1,4.801870712627972,5.762218260299091
AGFG2,3.335469336383185,4.308523133013765
LSM5,7.254044684068842,6.819122975848976
SERPINE1,7.766498618863492,6.733442431795793
AP1S1,6.790064610167157,7.0286838833485925
C1GALT1,5.07314823721552,5.42456654385318
PLOD3,6.006306434446995,7.784551638093612
RPA3,6.406966094864858,5.632729603056446
ZNHIT1,6.576589370654486,6.861205099087673
CLDN15,2.3456815484675517,3.820180502776775
GLCCI1,2.0372134762962553,3.258671223454375
MYL10,-0.032842984365578407,0.1865944913675992
PHF14,4.654097877944833,5.141608969797262
NRF1,3.0544112501610075,3.5997625492028575
TMEM106B,5.457953183665256,6.46491217480857
EZH2,4.587584754988166,5.3232643269108015
ZNF862,0.972612409932339,4.085757019125435
SFRP4,-0.9347905465782747,3.003311153000016
MEST,4.814775064738806,5.536250106288589
MEOX2,0.4618949780352887,0.9492255313307645
ANKMY2,4.321575600392416,4.714057468936701
ACTR3C,0.9601310221202587,0.5047107332246565
POU6F2,-0.0808306440025901,0.6025080989956557
TSPAN13,4.483968982717021,5.388721457280226
RARRES2,0.25065815148452586,4.162555957608282
AGR2,-0.13721965899802435,1.6464642893855048
AHR,4.580658980057865,3.61822269823128
CHCHD3,5.746660684667174,6.646607622182356
GIMAP2,1.135650925820523,2.427922325948032
TMEM176B,0.3305949015575508,0.5373480194858218
GLI3,2.618207097379268,4.118851569768134
PSMA2,7.801421352138747,7.797116229752343
MRPL32,6.857353692010383,7.06427301487373
BLVRA,5.636512857344358,6.704433355474276
URGCP,4.117375419724414,5.049336597900003
RHEB,6.916753224721618,7.952597260556971
PRKAG2,5.0471716879046795,4.686512862692267
AEBP1,0.06319104932951825,2.385474627770692
POLD2,7.460740085221678,7.954876460009486
MYL7,0.024386248567436902,0.2513774653566726
GCK,0.4485820653622477,0.6326151069602521
BCL7B,5.129080361536836,6.259089894990888
YKT6,6.446461798285029,7.228366002870052
TBL2,4.850563716455832,6.142523909839018
CLIP2,2.8082723293037795,5.3886364931416075
EIF4H,8.259361577316342,8.748247704282111
LIMK1,5.182409506383409,6.06033508876995
SLC1A1,0.9190979745445205,2.561476119282398
LHX2,1.4007461505303205,2.019839478599521
FKTN,3.089823395175527,4.420812175072819
FSD1L,1.7226081334119674,2.663451372666342
CNTNAP3,1.0666561834564876,2.3840711130628716
SPIN1,5.262153393441564,6.304663397787607
PRUNE2,1.244350848614225,5.2252301487908905
MEGF9,2.027249260922293,4.667566018050919
TRIM14,3.146658261258082,4.2065917528861085
CORO2A,0.616985154915065,1.7035280103634958
TGFBR1,4.108354457215555,5.09195131418171
SEC61B,8.024042144854906,8.657768202552141
C5,0.7761152443345816,2.8155458100701005
OGN,-0.3876912125351631,0.7376305111169259
ASPN,-0.7869206116824872,1.3747446986902117
ECM2,-1.100764412392686,2.9867804143413963
TLE4,3.120260632711344,5.344145556820004
LHX6,1.2218474152050425,0.255649088914565
PTGR1,6.590527985170275,5.732110112589826
SUSD1,1.4594385443112006,3.5227302965587697
AMBP,0.05414527985887618,0.7610040822067492
AKNA,1.7653763168944778,2.4407953325339484
TNFSF8,0.34350270130538973,-0.11792935175875816
DNM1,2.3137280415504486,4.594499351939385
ENG,4.588956350980068,4.656608641796473
AK1,5.443097578385728,6.211248881334075
CDC37L1,2.866772625751941,3.9249594696354526
RLN2,0.7587854032111452,0.2108956507377113
RLN1,0.18654605521539083,0.20222463373345825
TBC1D13,3.552107918299758,4.310059977638967
KDM4C,2.688391501009428,3.7854175031788717
DOCK8,-0.013462344323565412,0.8086572928868005
KANK1,1.8832879972726544,5.274463033060196
ELAVL2,0.8008955718211743,1.4592730659917934
NCS1,3.5787502920300875,5.979311822689458
TESK1,3.527156167748528,5.1259250692185985
CA9,4.4151466631686285,1.8457696615417154
FUBP3,5.068027537257255,5.65217073754368
TYRP1,0.6627744216278432,1.9113538985072105
CREB3,4.979552696098681,6.524731592088495
RGP1,3.3450873296257524,4.588635212819344
MPDZ,2.903330398594794,4.823022357890543
EDF1,8.151097123049205,8.326458332448357
PIP5K1B,-0.29799912634737563,0.7004482891263119
GLIS3,2.498949649343948,4.364984497816768
BAG1,4.718951256702566,5.6364682619558195
RAPGEF1,3.19097558768639,4.917966872451814
NPDC1,3.119938072648269,5.8202393032550575
APBA1,0.45731845824477824,1.5824441591750966
SETX,3.472075893635007,4.877809937157652
SH3GL2,0.1943832811789578,0.2515622857588123
PTGDS,0.2664321547702371,2.197152412555443
ABCA2,3.2240686340462945,5.021843832168031
SHB,2.588442703147945,3.0212731143310885
UBE2R2,4.340948220636903,5.119380845349854
EXOSC3,5.902341671244644,5.823233231661174
ZFAND5,6.022331296301678,7.623161131573676
DVL1,5.559802094264002,4.246060989521477
PDLIM1,5.543292188570351,6.278221159547705
CCNJ,2.8731073390422397,2.4772841814733466
DNTT,0.002377902055578779,0.1444799990276086
GATA3,2.942198530843551,0.5815407352883452
ATRNL1,-0.4783837479210824,2.7306474722481804
HPS1,4.600129401016007,4.194416393104368
PHYH,4.460541005446148,4.2099515295849566
RASSF4,2.014481956610972,3.259205901495684
DNMBP,4.030928165362763,3.068841790033525
RAB11FIP2,3.016715122990262,3.12110421234217
CXCL12,1.4783752989598815,3.692523390714337
ERLIN1,5.75736877890353,5.58663006492455
EIF3A,6.519594718978516,6.340797069285268
CUBN,-0.1535477887021084,1.3714118656792325
TRDMT1,2.7201763367396357,2.4113551604971115
DDX50,5.291636887153927,4.493185591987384
MAPK8,5.639894927707329,4.571404572309671
SEC23IP,4.712255039769955,4.614568598972952
ATE1,3.0686152626690273,3.105044494760215
NSMCE4A,5.19092089911619,4.395370905170343
PLEKHA1,3.5194096849359564,3.749428044185155
UNC5B,1.26443849542705,2.165567220117702
CDH23,0.1096199028879139,0.5707224341047199
SPOCK2,-0.7114747562076648,1.4157531885426602
PPP3CB,4.8125264838715545,4.565948700411805
BMPR1A,3.59410514985709,4.158141493969975
MINPP1,4.9560326357828846,4.549370696531417
ACTA2,2.034976961304156,7.20831981836784
LIPA,6.195956139207317,6.086263968953689
TLX1,0.13711188401849023,0.24308247447693357
LZTS2,4.948879421986089,5.397424418621077
SFXN3,5.256139105071826,5.502841591092111
KAZALD1,2.4342672329315214,3.2692026632534814
FBXW4,3.9194009320437124,4.409119120244323
NPM3,6.324396030987218,4.375986642019555
TNKS2,3.92688162474728,4.408368074535156
GBF1,5.20167836233353,5.1656758105264435
ARHGAP21,4.606910404338781,5.171241888113537
CPEB3,0.5676206643296569,0.7268611824958752
FBXL15,3.078270321224993,3.026945294742214
CUEDC2,5.797307242548149,5.799444072711076
SUFU,2.4987485886241085,2.6039526443247207
ANKRD26,2.769641263184455,2.4865318551014677
ACBD5,3.9310138888982755,4.071874319043061
LHPP,3.0537612943137336,3.0173999399875426
LARP4B,3.7802031020741054,4.0532514731289195
GTPBP4,5.299879717979986,4.937449476739528
BCCIP,6.785875779605011,5.333714765025533
MTPAP,3.639417821933725,2.6726254324120036
SH3PXD2A,2.7214439361572595,2.9010793052123582
PITRM1,5.215027322644875,5.257797381260815
MAP3K8,1.791184001751873,2.2847648340649966
DKK1,5.52715331625859,5.2130619828977105
EBF3,-0.0179771146588191,0.2944708500828097
GLRX3,6.98538406795523,5.741568742785063
SORCS1,0.2466918076714883,0.3962364669722705
XPNPEP1,5.757110499363041,5.952938085188239
SMC3,5.319996142641483,4.32943819212222
SHOC2,4.454247514995224,4.399407135800256
TFAM,5.9669758362396585,4.73349589585652
CCDC6,3.852282312323117,3.970276292628832
CUL2,4.922096251757436,4.089647192462882
CCNY,5.143180619185857,4.961198411436246
UBE2S,6.983685716611923,6.566522394065708
RPL28,10.631480283080615,9.459218203797226
ZMIZ1,4.709588703130018,4.981563178570445
DNAJC12,1.3818492389128139,2.506842724538403
PPIF,6.426505458875376,5.751932826286277
PBLD,1.5344725914963315,2.5458437458422014
TSPAN14,5.360162016722934,4.32662618623946
LGI1,0.0005031348116007195,0.40142036612960674
TBC1D12,2.2947231877523913,2.191166478958931
KRT23,-0.4944515211836697,0.8265756170235137
NUFIP2,4.594988669197563,5.265377753872969
GIT1,4.285288043601334,4.982943902857799
RPL19,11.285632633232726,9.94202484832761
FBXL20,2.1402248970535505,2.616584393516787
RUNDC3A,0.0042170705829550625,0.8071474774282341
UBTF,5.107375350080005,5.527014886156145
CSF3,1.6728956527754621,-0.08422553302374247
PSMD3,6.5909630554840035,6.6383596487220435
CASC3,4.972355682099238,5.715506041524733
RAPGEFL1,1.539250715917864,1.9495163381447205
RGS9,2.3744917035552926,1.6911441071059836
RNF43,0.7829748392585361,0.9378728466674315
WNT3,1.6050591209016427,2.79240186883215
ASPA,-0.5817169682026011,0.9988921719691206
RAD51C,5.48229168759319,5.795584110080272
MTMR4,4.063866542537362,4.39835134653958
TRIM37,3.665124865589039,4.910025985702631
P2RX1,0.09937115996178059,0.09494425288997256
DHX40,4.384138315917168,5.7693384607219915
TUBD1,3.4673003714685566,3.2463177543875203
KPNB1,8.109921997383589,8.064437083577754
GOSR2,5.014919383019652,5.9493595656133875
PNPO,4.200615460791105,4.246427387439889
RPS6KB1,4.330441398319573,4.914002409827563
CDK5RAP3,6.3244094585172075,6.991939090251828
CBX1,6.573608464684465,7.2792560726842925
RECQL5,3.8031215541834325,4.479923567206756
PIGL,4.369216785721362,4.284971050614393
GALK1,4.305987562465973,4.458671390642844
INTS2,3.1801707627457416,3.2579924137605163
CAMTA2,5.058258602028757,4.520212879779691
MED13,3.611230184323641,4.733750282661632
HOXB6,2.576182158025436,2.727554852149007
ENO3,3.0961933199965586,3.43302918078893
PFN1,10.808434603142238,10.591250595787702
RNF167,5.997269713807192,6.657958800668209
SLC25A11,5.143112812620689,5.835233105111328
RASD1,-0.2167485173985365,1.5551898759186549
RAI1,3.2459980841670504,3.926755632041913
NUP88,5.850395477555154,5.423389547301449
C1QBP,7.888255308971901,7.269709241884486
BLMH,5.03131236337316,5.789081033019645
CPD,3.981513458275723,6.224998130687526
GOSR1,4.573784110152388,5.675307564286437
CCDC47,6.202614700688248,6.577144153984667
MED31,5.016427166463861,4.9434099615357
DRG2,5.0520291615364865,5.08833446202437
FTSJ3,5.528978692376611,5.583896574156765
AKAP10,3.685610203162792,4.412029545418079
ALDH3A1,-0.6845061006557633,3.0346319020122583
SMARCD2,5.18706617309511,5.432553820745012
ICAM2,1.0244629252566901,0.44649230722099087
SYNGR2,5.043907620125869,5.7437971912304615
B9D1,4.290836003069206,4.946072776921967
UTP6,5.867634784925636,5.622124077530861
DDX5,8.706978357955691,9.489942965092625
C17orf75,5.1234557580411755,4.817067728393244
CYTH1,3.363136631972898,4.2599638079259385
PSMD11,6.741021036607089,6.756341067863031
LGALS3BP,7.063364813630861,9.18780682814112
CCL7,0.8225081857193495,0.36691112615168453
CCL2,3.0050596692622356,8.52351307902145
CCL8,0.45882605810478744,0.28362824355672933
CCL1,0.08290280895292303,0.0104256391643083
PEX12,2.6875883094514643,3.3585378790399503
DHX58,0.853568983970721,3.8297432132181237
KAT2A,4.343009509910214,4.638703816919707
RAB5C,6.967332264499316,7.449745650181844
NAGLU,4.171280714232856,5.535785428157896
HSD17B1,1.9091035570484263,2.2801207114439723
MLX,5.359809315965505,5.502618637083897
CNTNAP1,2.574849601449383,4.627063417664847
ABI3,0.8838366631284919,-0.15044147369508548
EZH1,3.623719088092047,4.082690762144292
DLX4,1.3025487239368174,0.6815020172487016
PPP1R9B,4.517642748686156,5.18110954089866
COL1A1,6.96921376972601,8.678830861686379
SGCA,-0.016341836904105067,1.0470328175726578
MRPL27,7.202357206027466,6.496827636536077
VAT1,6.630891084720492,6.321210404819351
LRRC59,7.313604289187801,7.0278489511308555
RND2,-0.3998064357730764,1.6378454461947423
HDAC5,2.987564770788298,5.35805687252485
ABCC3,3.5688033156967105,5.607884381303757
LUC7L3,6.420818941620735,7.026933583430998
MPP2,1.7167938467197128,2.4398965311698166
SMURF2,5.548078590557256,4.081510821178655
DUSP3,5.267713635311555,5.148387870708334
EFTUD2,6.4750892342379265,7.223611642615669
HLF,0.3997086547306804,0.7769865339228428
SLC16A6,1.854477711110782,0.8463880008398246
PRKAR1A,7.079660760038825,8.1197566934073
EFNB3,0.03696346517786231,3.151556437063859
FAM20A,0.16700207726575167,1.1445388841082458
YWHAE,9.267972539085909,9.729659204061095
MMD,5.006937671586904,3.4834906551585423
RANGRF,5.297838666690401,4.916886946436237
DPH1,4.156452591243685,4.844380601483736
MAP2K6,0.9476840535445518,2.3445253427032036
DHRS7B,4.359621780826891,4.543809477119708
WSB1,5.343439007862151,6.790677731097952
RCVRN,0.3584907108365974,0.07850865664792804
MYH3,0.40825717457178823,0.8087034589094749
NAT9,5.112466233476387,5.735850931494918
TMEM104,2.9898261466925193,4.511654639277546
VTN,-0.3715118159917953,1.131093949238034
TNFAIP1,3.999338140135978,5.0544968057242405
IFT20,4.893434541816376,5.796017244029148
TMEM97,4.93788997282089,4.857420440624628
CDR2L,3.117569941001597,3.8954042760365257
PMP22,4.867735366399879,8.058887492229498
UNC119,4.016611026148678,4.790676838268353
ALDOC,3.958284515631372,2.721439920654992
SUPT6H,4.813255701350518,5.803724651259294
RAB34,6.87315866861251,6.26343916027858
PHF12,4.0239347525787625,4.489451985551372
TMEM33,5.741123388866,5.273557456340433
GABRA4,0.3387401350270899,0.029434104430125452
SLAIN2,5.108456626533581,5.1861073408057425
OCIAD1,7.543946893962285,7.585374416071488
DCUN1D4,4.477098028627242,5.213988385474055
USP46,3.181747928119556,3.7548537093793755
SULT1E1,0.16576566228188144,0.08969500430345004
CHIC2,4.628691219226132,4.19409923085219
NMU,1.5123989532654614,2.653917077237347
PF4V1,0.05001080929302747,0.1346509046516171
NFKB1,3.6833199284235287,4.262450704937835
AREG,1.4367288494777146,0.21827669115255138
MANBA,3.4218532784848374,4.465246183060688
UBE2D3,7.969905526788359,7.761198638214556
MAPK10,-0.15820195981765628,2.825631489714008
ELF2,3.8935250016114344,4.486327934798172
NDUFC1,6.106612893083857,5.8835319233834795
TBC1D9,2.2080996888630935,4.087142437771223
ZNF330,5.179435496006299,5.176254826301464
INPP4B,2.424999954416704,2.1412991612701897
GAB1,1.3733076652385434,3.6012547695043455
KLHL2,4.014733646577245,4.225119027205925
CPE,2.0610270664425836,5.520568039348422
RPL34,9.778756683059767,8.907654423417924
WFS1,3.4117209246268994,5.04110907778137
ANXA10,0.8334984480315695,0.37052126582295464
GRPEL1,6.048517224786965,5.1568212375418065
GAR1,5.568284979639027,5.215210213726144
FRG1,5.4489502834487755,5.257936911053854
CLCN3,4.013009718083494,5.5533622927156205
AADAT,2.4889660598833685,2.801559459728846
GALNT7,5.1862283134863665,5.422333160847261
DHX15,6.895420842306831,6.782374239389898
SOD3,0.8604409819556613,3.1717955098122794
SEPSECS,2.0527069798716604,2.6091287410194615
CPZ,1.8335123018495256,2.1192653309999603
TRIM2,2.0103186078526223,5.238300021983869
SLC2A9,0.34424910722316426,0.535999892710608
FBXW7,3.2432526558080728,3.643118882526748
NEIL3,3.5694816438702213,3.293521378121649
TBC1D19,1.8387719181263877,3.4908798610109617
SH3D19,3.9959904060419005,4.709229438365938
STIM2,3.1465696202557725,4.07065085647633
NKX3-2,0.7175551528238372,1.0539397933636654
MFSD10,5.604592538660369,5.651082832978084
GLRB,2.183696473197188,4.187699672578805
BST1,-0.0351650093405953,3.199416045261902
RAPGEF2,3.24688258542397,4.446400230673533
HGFAC,-0.04780830099842137,0.9034686604558586
SNX25,3.2359055087398354,3.423377638820315
LRP2BP,0.6784303258721482,1.125795545856722
UFSP2,4.114031461250691,4.3985802830531995
KLF3,3.2927549327342613,3.863966385164957
KLHL5,5.14995438621973,5.7539760548481516
FAM149A,-0.3078240062593487,1.7211259168000232
NCAPG,5.835318349329597,5.229280234625372
UGDH,5.374178867690453,5.500396881614857
PPARGC1A,-0.2765378378804011,3.3364185897821033
DDX25,-0.11409383519376315,0.2507289178582302
CRYAB,-2.497029381128719,8.65449826465996
HTATIP2,4.078096622609185,1.9379128562541204
CTSC,7.460071559732522,6.763535960270553
CCDC34,5.513120273335675,4.470021297899583
ZBTB16,0.18759551783125145,0.07185837635220096
ELP4,4.134587869265319,3.894495174227101
MTCH2,7.026136961961523,6.817820810466057
FNBP4,4.798510748732225,5.7043696386767015
TECTA,-0.18041466514992133,0.859859923275303
CRTAM,0.11360025051636188,0.14730719321114685
B3GAT1,-0.44270520016980014,0.9803678073004098
HSPA8,10.777743242512937,10.520355980129201
VWA5A,1.9174485262766023,3.1275507941363876
DNAJC4,3.91928020727269,4.659125396189612
SIAE,3.035882026591257,5.15393911538432
SNX15,3.991142995802632,3.978266489762026
LPXN,4.204992679438294,4.037302348041115
DTX4,1.1156990373259004,0.7598965449446239
ATG2A,2.8346980465462015,3.0567689728287064
EHD1,5.355504622908086,5.363444816282833
OSBP,4.379457233995802,5.0886980090774605
UNC93B1,3.935146653066038,4.511310565248892
PUS3,3.8038139613103787,3.304016707110494
DCPS,3.591410546790079,3.5425129549321874
FOXRED1,4.962966346893082,4.818882447428916
NRXN2,1.180545770787587,1.1933245132867942
ST3GAL4,4.973401911540983,5.366980126991512
CPT1A,3.853286254278551,4.639259913702472
CCND1,7.719492730880369,5.9379930222899295
CCDC86,5.758805789511213,4.285817019022102
PRPF19,6.790294615006475,5.998665483563307
TMEM109,6.973784438357316,6.247058919946275
HPX,0.12236927672886949,0.9376705171990708
TRIM3,3.493937053713732,3.9836083028767346
CHORDC1,6.573259332879181,5.335679509961165
FOLR1,0.5893800467666818,2.1720292045609346
FOLR3,0.5286095543292014,0.28259340626701035
PANX1,4.3053580293793,4.45097003737716
ARHGEF17,2.648033016259822,4.970472149729652
CEP164,3.777514646169574,4.03152554351782
RNF141,4.438776604067884,4.465954815196178
EIF4G2,8.856504066073619,9.022233599540609
BIRC2,5.891418143397261,5.740264492056469
UBE4A,3.8215569143773256,4.270489220767394
DDX6,5.020062596020631,5.366670857082275
UPK2,0.9701794748086705,0.006298458507900118
CBL,3.3073585217791788,3.660835074996842
HIPK3,3.2948252837147756,4.04954336530198
FBXO3,4.290472646739267,4.570531238817263
PDHX,5.126200732183304,4.565936649635086
SLC1A2,0.025105333811062724,0.5128183583452679
COMMD9,5.556689933952164,5.405620894666202
SLC15A3,0.9064659560313695,3.252663160194037
ACCS,1.2292176257935499,3.811776411215352
SCGB2A2,0.18649263417419887,0.333568374083568
MDK,6.477708827312933,6.9688429108940655
AMBRA1,2.9531288638895785,3.927498944740284
MADD,3.6164184391757215,4.864139644662898
PTPMT1,5.46928277469988,5.212694692294953
NAA40,4.26805356383457,4.6926412404805244
SLC22A18,3.3956054133150215,3.7628465734142424
CD81,7.521240540981594,9.169843391968516
SLC35F2,5.92046286586767,3.477499466868888
C11orf21,0.2885579684977268,0.5105070138810145
ELMOD1,0.41269527606635403,1.436482640624495
CALCA,0.1552984580359384,0.2588648150988432
SOX6,-0.6190450008353631,2.031064096774743
C11orf58,8.025240730222325,8.340595595173113
PITPNM1,3.3817971856929816,4.61839874877442
RPS13,11.211623654400173,9.690603583774868
AIP,6.081699951295533,5.409595925100714
NUP98,5.52369142544656,5.434079842883385
NDUFS8,7.176658255997399,6.865877892351074
TCIRG1,5.277117355818208,4.780589634807751
CHKA,3.7636490776661837,4.295812743741566
EXPH5,0.59946506898317,0.3227168720403917
HPS5,3.6439839499427995,4.18434707165548
GTF2H1,5.437514526494608,5.316707135160581
POU2AF1,-0.053327200306258676,0.3592131212446048
VWF,-0.0638856559644394,0.4871636725325715
PSMD9,6.1278835177225615,5.882402912291395
PPFIBP1,4.352497398415235,6.756632005581161
PRPF40B,3.0349784427100506,3.7743449245287177
CD69,0.28032477486634744,0.37968482681783705
PRDM4,4.0694858055662975,4.391911672564089
CLEC2B,2.4920068623092027,3.8654807657376806
COQ5,5.567103541849584,5.033279490762193
SELPLG,1.6010999663794718,1.534621133624404
CORO1C,7.465881671729514,7.170670266255554
CAPRIN2,3.974079504525891,4.602067937809579
TSPAN11,-0.2956760341902004,1.2914103903653733
KCTD10,5.182801268091807,5.696167659443078
SLC11A2,4.453798890496241,5.210894552016175
MLEC,6.4760582996079,7.1833018522121
MVK,4.657200822217434,4.143538777725957
CSRNP2,3.3981556824559425,4.315974141442893
CAMKK2,3.5642635199163677,4.033888318718429
IL23A,1.2022139126835754,0.5336543075680265
PTGES3,8.746028652801096,8.052439474396879
BCL7A,1.9119780114946339,1.861243050105614
RSRC2,5.869798143920569,6.059204770021242
CYP27B1,2.4373271966084396,1.2938922721775514
LIN7A,0.26134986197416343,1.9671188095938006
KRT18,8.515296875735189,4.215818223053496
ACSS3,0.6126741668517361,3.211266393173428
GLI1,2.169306187926146,1.2994014694357923
PPM1H,1.277800944802696,1.6725292800956633
METAP2,6.848864952713912,6.589416450576063
LTA4H,5.7333750262193295,5.10527405006188
ELK3,5.4530963997152915,4.828681145493155
SLC6A12,0.17824559416887462,0.34964521868419396
WNT5B,5.106343898524477,3.1210170895457954
MAGOHB,5.946126407091212,5.352927006705762
TRPV4,0.9258877026222824,0.29746368811945795
ITFG2,4.235196163276652,4.562690356875005
FOXM1,5.988893331647735,5.944379986997858
PRR4,1.99933246826466,2.2472130296043358
PRMT8,0.08681823572441291,0.029296582862024273
PARP11,1.9536912847227457,2.8575137567297624
ARPC3,8.992829114738495,8.253418343894019
GPN3,5.882308677135034,4.915035697880426
VPS29,7.614858300483934,7.26302025898338
MYL2,-0.13164486915250267,0.7088686339349097
RAD51AP1,5.703945408373725,4.777967100342946
CUX2,-0.1362966023792646,0.17918131998671757
SH2B3,4.727423346446449,4.5254050449944145
AKAP3,0.5938457642938761,0.6953041071153718
MANSC1,1.224553173520842,3.7074981443705903
KCNA1,0.1296816309281059,0.07201713333694722
DUSP16,2.188914776182081,2.9450740576566883
CREBL2,3.9739908049803048,4.759392042403166
ACAD10,3.441516608793928,4.12586739008603
ALDH2,3.0724132235251425,4.07497410200847
CDKN1B,4.53912854797311,4.991126306085877
GPRC5D,0.4088361097200266,0.12300933240887155
NAA25,3.982415639940484,3.679345913560861
GSG1,0.23503404898487532,0.35450504397155486
SCNN1A,0.735890835502538,2.117605862766889
LTBR,3.684147361641679,1.468587265805334
OGFOD2,3.467818242124013,3.5835382032111647
CDK2AP1,7.171871177476735,8.502012758891587
OAS3,2.8895019675161757,4.914986917187249
OAS2,0.9084897308791795,3.2646523132264953
ART4,-0.017814782790975398,0.1041567036989294
MGP,-0.0808737070930774,5.946734499725718
RASAL1,-0.055443215240302754,0.23907750766245622
ARHGDIB,4.800206150400512,2.6919213999717297
GTF2H3,5.1174465270968295,5.240029234908699
EIF2B1,5.320102772701535,5.280535309837344
DDX55,4.776800020997067,4.417733789378368
SLC38A1,6.216010049935901,4.16211595262372
RERGL,0.39880980759219486,0.028173906348391092
VDR,2.973734056590151,2.829117038040647
RFC5,5.471876930726081,4.506654024210876
STX2,4.253781698356805,4.557921129634634
COPZ1,7.138062087249675,7.723553332761482
CAND1,5.898859575174693,6.529103527688106
RAB5B,5.282190997640847,6.048043890429326
MDM1,3.2131078517832097,4.099143550913973
NUP107,6.597240862010748,5.478838017864091
CNOT2,5.35514927798207,5.85663721918836
TIMELESS,4.73652958274874,4.728781203849398
CPSF6,5.716612423117179,5.7311392610756515
KRR1,6.071287759977326,5.576045168591214
MRPL51,8.33584971747544,7.62310458153745
GAPDH,12.584087368563337,12.107611973500822
NOP2,6.293008108801009,5.43413210965258
CHD4,6.781418954017406,7.122464625932943
ACRBP,0.10264557478400982,0.5934867549563555
COPS7A,6.087385923174038,6.278484239479936
ING4,4.246313340008427,5.520614077555806
GNB3,2.1982061237296695,2.577664028249117
CDCA3,6.426348977619323,5.457873639963716
CHPT1,4.92998765531927,5.289791625110913
USP5,5.59963288832714,5.831028562050874
TPI1,10.163916368526914,9.674772050710486
GNPTAB,4.00462953399553,4.178099150760557
SPSB2,3.167021545334215,2.9340174147253464
ENO2,5.935129716049771,5.838405335313166
ATN1,5.2446941054478255,6.093474533275151
C12orf57,7.677106100573316,7.037696087015584
PTPN6,0.8621694645697465,0.16332118022441672
LPCAT3,5.395188937635855,4.82623198679366
NT5DC3,2.1838959794956363,3.0911060274632547
SLCO1B3,3.2541453063314325,0.24548123029998603
SUDS3,4.316601747123409,4.275692848759858
GOLT1B,5.987843069908253,6.20993436569218
LDHB,9.874414522805779,9.559424867221475
PRKAB1,4.169556443472239,4.374250901842792
CMAS,5.613683941982381,5.4534193132181805
HCFC2,3.036353585102487,3.6984781581441255
ST8SIA1,0.9529832463460003,1.794173681618577
CLEC4A,0.4947794607616778,0.663718998301139
RAB35,4.786046097817637,5.080915351403502
PHC1,3.714365959752738,4.165999459089279
COX6A1,9.162585481849048,8.942458232241547
RFX4,-0.6038949294110187,0.8606156922039055
RIC8B,2.6441274972768745,3.7524943783103177
FGFR1OP2,5.4367883151277905,5.068757649295472
COL12A1,6.11002753079,6.253559866280237
BTN3A3,2.248029397988624,4.665929275069756
TDP2,5.335451662453145,5.552375394136486
FRK,0.28754561357527647,0.3386231779215093
DSE,4.571654299607523,4.336823358079697
RWDD1,5.9437447712232405,5.571652127316987
RSPH4A,-0.0026662339400554402,0.4812039553779023
TMEM14C,7.470672483468706,7.7472640733427625
PAK1IP1,5.433404119676609,4.632181377300451
GCNT2,1.3932606677350836,2.8901387782392542
NEDD9,1.045848565880482,5.319361346681641
ASF1A,4.763282318523936,4.5561218076473216
MCM9,2.0435005085927758,2.7760416617175094
FAM184A,0.11199318603293074,1.6700689077348665
RNGTT,3.3581807329948345,3.7896723101452108
MAN1A1,3.4219775166484787,3.1621541861238853
GABRR2,0.12433252557352997,0.47936873462592033
SERINC1,6.255735035214382,7.3191899297293
HDDC2,5.853470901069624,6.218269700198669
TPD52L1,1.0720922844969927,4.713959170619584
HINT3,3.6729485433152127,4.0532765246178455
NCOA7,3.5698818947123128,4.0106896365136295
SASH1,2.055126661034291,3.9246338790826716
UST,1.2227372482000327,3.7658700801554135
ULBP1,1.6640099811777758,1.3405614403244912
FBXO5,5.162190256710978,4.817746971681337
MTRF1L,4.296504898766285,4.144756944361782
PPARD,3.7916069078272576,5.136073608963928
FANCE,2.6266059282180785,2.772144962164446
MAPK14,4.486296044575665,5.174837288450007
KCTD20,4.499843700969869,5.554266226312494
STK38,4.151171093560053,5.159151903105491
MRPL18,6.868850280011316,6.11176766101953
IL17F,0.0822923916495871,0.0012425477187126763
MCM3,6.122578757641953,6.257984980348491
RNF8,4.270633591743076,4.818518376620371
PHACTR1,0.2792008961434219,1.4335059527486251
MDGA1,1.117677290225654,3.9551477695277746
FBXO9,5.309279433596914,6.469769494406888
CD83,1.4214819043583076,3.1856402404610193
MDN1,3.610825008568273,2.858843714114724
BMP5,0.47589106564024175,0.22328287906413102
BACH2,0.15675625054383235,0.9757956517795384
RBM24,1.452117073026193,3.1884756883822543
CAP2,3.6021533446894924,5.497837085493482
ZNF451,3.6803218442860763,4.6960778252915425
BAG2,3.487585048275796,3.684894660277472
RAB23,3.3478187264611936,5.140007917289278
GPR63,0.7275659806576102,0.6389894004819853
FBXL4,2.6943355306675887,3.18078127139395
CCNC,5.951380873424292,5.593081655235749
E2F3,3.5575277432088668,4.236425648890465
PTP4A1,6.4800546081330825,5.975723009997637
SIM1,0.2413564041712196,0.2928958240464702
ASCC3,4.459206922073592,4.283460750774782
BVES,0.9379015691346075,3.9882163101241304
MED23,3.7515397714848633,4.079954720335435
WASF1,3.824503475970684,4.271929468782904
GPLD1,-0.0801565233530468,0.791597977120402
ALDH5A1,0.672457983607246,2.88829190738407
VNN2,0.26236969637729246,0.43530782627387715
ACOT13,4.5296808832006485,4.302921466903742
SMAP1,3.6755395348198245,4.199416559425891
RPS12,11.237074974102423,9.957720427824295
C6orf62,6.498210565118176,7.148852943646316
B3GAT2,0.7858709709147631,1.0415614848441639
GMNN,6.1868579519961715,5.586430283580704
EYA4,1.0334657081199736,3.5318873864172886
SOBP,0.8134400206568096,2.0227895753991216
NR2E1,-0.5087984075649653,1.6101568331990679
SNX3,7.593631032564473,8.114294948129611
HBS1L,5.520369012048428,6.066570356329142
TRIM38,2.116664254547632,2.7454151962229583
PEX7,2.926122136779022,2.6990493448419626
ZBTB24,2.318515272260823,2.4343063829298774
FIG4,3.339983157488005,3.5989942780633246
PERP,5.9937650771243405,4.875916835218474
SLC16A10,0.4669891855073539,0.714588449327143
HECA,1.991531897231411,2.9216544249609746
PHACTR2,2.5727136197207714,3.491503326049027
EPM2A,1.6772967111705595,2.584194925698306
SLC39A7,6.809237508121897,8.043798344719592
PHF1,4.9029806380552605,5.315351439431202
CUTA,8.31678282454046,8.052157925855566
PACRG,-0.09207979711004532,0.8107307844493212
QKI,5.44386306609226,6.971154383745209
C6orf118,-0.32041405567819026,0.5173235114083461
PDE10A,2.2129198967013917,1.1225991419797707
MDFI,0.7802434153985796,1.867595907230227
TFEB,1.7458332341917502,3.004861156794755
SMOC2,-0.05704352825699177,0.40289712783249954
CCND3,6.084097095241604,6.187538079545633
BYSL,5.077110087179932,4.460732460275761
FAM120B,3.3411907792592745,4.135322914820507
TBP,4.199126411780363,4.124470701249529
GUCA1B,0.6401961019094015,0.485987188468317
PPP2R5D,4.948405883867398,5.0846805283664676
MRPL2,6.419461620328231,5.506266337120116
PTK7,4.1789931871162915,6.919742593789439
SRF,4.159990938339889,4.765472344393731
CUL9,3.6964517855089873,3.9764773777771287
DUSP22,2.809647056995795,3.9477577855274055
EXOC2,3.763438931352297,4.2773142548511105
COX7A2,8.787441951227468,8.808588391328783
TMEM30A,6.378197057084048,7.431044030166596
GMDS,4.198439277761681,4.556566082630751
SENP6,4.794471498515816,5.4667345300706875
IMPG1,0.15271870658411746,0.16457732702411101
VEGFA,6.881252285064496,6.324140764875887
TTK,4.964513831778194,4.5238078744829915
SLC29A1,5.408852394719894,4.901761361645156
BTN2A1,4.064115076076468,5.307784023207969
LAMA4,3.795525615881908,7.195741381334962
CLIC5,0.2962486321566551,0.6388352932876024
FBRSL1,3.5493985477156276,3.277789249730915
ENPP5,-0.18444365960161124,2.0475383153525506
PRSS16,0.7232298638225511,0.35346315820000507
TBX18,0.5169059698983987,0.6190074585930769
HARS2,4.805878732319642,5.095161347375728
NUDT12,3.055345710037579,3.8375158457931327
CEP72,2.794739886777916,2.469331630604656
MAN2A1,3.950879525579876,5.012623929725195
SEMA5A,1.7545652116752093,3.423447385352431
C7,-0.21212077752979985,1.0422132583177341
GHR,0.8261260837308863,0.8732841963534644
HMGCS1,5.774750298574658,6.655967956904928
DAP,6.709391931536354,7.5279165090381195
NME5,-0.5797026344530083,2.661081107857224
BRD8,5.571783332538563,6.479227168205759
KIF20A,5.874640900455653,5.751910561408037
NNT,4.927742826891098,6.001231738997859
MRPS30,5.851322342743806,5.061323107433374
HSPA9,7.923204574736953,7.918759154098043
MRPS27,5.438587166617842,5.438603242032695
PFDN1,7.185845247412838,6.786042703649066
HBEGF,4.300910661335771,3.4336658524955754
LOX,5.46062905459896,6.690401391246408
CDH9,0.11924173335219752,0.2078938399557299
APBB3,3.5106706550464084,4.577948331719128
TMCO6,3.2935365817947604,3.1355906932505535
SPARC,9.446689645119502,12.54141583115992
IK,6.813919729699371,7.109023792361276
HMGCR,5.350870128809733,6.277528767276902
FAF2,4.96111722684301,5.650377510998405
PDE8B,0.41086253607570056,0.8159464359215022
CLK4,3.412281144396368,4.5611125079897485
HAVCR1,0.2122442036042585,0.05614219957902519
ITK,0.38261959541404655,0.20004211406192354
RNF130,4.161852072031685,6.2019125424433525
THG1L,4.042181684816411,3.681663994265204
ARSB,2.950985620360588,4.341106718337863
CLINT1,5.642480406656244,6.615745657577122
THBS4,0.5781008239147261,1.51665910785234
CNOT6,4.0046584377223065,4.642944672261812
BTNL8,0.04528000737465866,0.1562900983804872
TTC1,6.058572323987018,6.394681539052521
MSH3,3.251004121998589,3.671515043992056
RASGRF2,0.5654797634573714,0.578784871779852
GABRG2,0.28253871226248556,0.260222046259338
CCNG1,6.385351492234834,6.443339570342497
POLR3G,4.340648417996831,2.7181251646362954
CDH6,0.39527119416364,4.343020989261909
LMNB1,6.414980901980008,6.100657027314196
ARRDC3,3.846190101009447,5.650724222265045
GOLPH3,5.994844193701925,6.239240819408617
SUB1,8.54744524725635,7.753349327470032
NPR3,0.28886784768738405,3.2479826397867106
SLC27A6,-0.679734769624368,1.405786777595355
IRX4,0.1303090449924794,0.026766849189457896
LNPEP,3.2326539362724445,4.2037447253424425
PDE4D,2.2256537419544786,2.611960600251752
RAD1,6.006748328444367,5.251638407921108
BRIX1,7.047072880474508,5.584058865976716
PRLR,0.4262238480601864,0.4812972658202313
SLC12A7,2.1195841347357436,3.232577247970463
RAD50,3.7232585685517936,4.774453415546669
ST8SIA4,0.23324621105723553,1.4604036291307567
GNPDA1,5.524937790936501,5.846504632523913
PCDH12,0.07687544120896467,0.6017787460017062
SKP1,8.721803721445976,9.711989368653827
NUP155,5.114613420906252,4.475788702647457
PPP2CA,7.109395140659018,7.349112163107853
FGF1,1.3014435926751609,2.591785184796398
NR3C1,4.85339238548448,4.883997225942892
C5orf15,6.229901311393194,7.543558904747205
PPWD1,5.199263115409147,5.553789068193198
LIFR,3.2380604694433477,3.3970507296975025
TRIM23,3.007595871656162,3.8674266745458676
C9,0.19378332437966972,0.045757021114794336
SEC24A,3.8703926871643692,4.818143447405833
TXNDC15,5.274247845341603,6.576817014693555
TTC33,3.908603817082328,3.9240734031697384
WWC1,3.1342150722815827,3.4777553838429647
TCERG1,5.947226793195178,5.886813614460582
DPYSL3,4.83124258533542,7.744355526097049
SMAD5,4.58022329608516,5.0772040004829
CSNK1A1,6.72363452112971,7.619746581648825
HMGXB3,4.764073238784222,5.437346788532937
ERGIC1,6.296699943909715,6.745796631794134
PDGFRB,2.872667653237204,5.323275437441513
CDX1,0.19454671689222489,0.08510919577383444
ATP6V0E1,8.144743659058106,8.830038409782816
BNIP1,4.146987096140457,4.251231071474135
STC2,7.621353523098728,4.745172938903023
CPEB4,3.089897109910369,4.001743022769838
HRH2,-0.10355831762882206,1.0871090963283931
DBN1,5.612668462652804,7.436743408626414
ZNF346,3.056823529984211,3.980854475668419
UNC5A,0.47219908825516965,0.1627256454073434
EHHADH,1.1528756496833341,1.6869290243896853
CNTN3,-0.04874935690823318,0.16962758295573147
SMC4,7.632015037779511,7.315937903702685
ACTR8,4.042097481522656,4.661178165744588
TBCCD1,2.9580927353427517,3.5636972493984613
CRBN,4.675454441579803,5.21672367462345
BCL6,2.9202831725747425,4.951405279092989
HGD,0.054997628814906274,0.4069160808306008
CLDN16,0.11496807643745151,0.25939111524313674
ARL6,2.8133384078110124,3.041117437142985
NPHP3,3.4296676814151246,4.351594952050304
CD86,0.25166150359102596,0.03211896373504769
AMOTL2,5.173802415430987,5.823210443314694
NIT2,5.986512224772597,5.369863075858397
FAM162A,6.1437637989566785,5.611954802230851
OGG1,4.266747561534307,4.680127480153665
KPNA1,4.974579175400117,5.52030874624164
PCCB,4.648212520369682,5.372600567785087
UBE3A,4.80948174075619,5.57781687777683
ARMC8,4.730080967519337,4.848962945553961
CEP70,4.697607331523286,4.430482565352364
RBP1,2.354057912690785,4.792087265262273
SLC25A36,5.606145785348895,5.713830627888961
RNF7,7.244191236103799,6.580778279115882
TFDP2,4.102674807923642,4.682668147146468
XRN1,2.853625197056693,3.9314424520769484
KAT2B,2.566417994551056,4.10028510360258
BCHE,1.640331678746749,3.706133291893355
SERPINI2,-0.24750981125871824,0.31716011051082954
PDCD10,6.461604701021586,5.905744036570397
WNT5A,5.251349786178106,4.982985463039995
PFKFB4,4.324069415071612,3.8026278831679035
COL7A1,5.278651274099638,5.608909255852046
FGF12,1.4707388075977654,2.247196891386105
PRKAR2A,4.324647874056394,4.4025644590478255
HES1,2.6506776073190856,4.179478302933106
USP4,4.178011495897719,5.098456662631256
ACAP2,3.7012691622745035,4.683326182649177
ECT2,5.719548676263644,5.712747305466634
GNAI2,7.060149211231968,8.18461204037235
TFG,6.703072829815884,7.00109768448732
USP9Y,1.455221722059476,2.624355384855227
HYAL1,0.14519948459287085,0.8418693465006679
TUSC2,4.633315199459143,4.862195595673307
NPRL2,4.493213284476133,4.278928077233177
RPL24,10.493964790639167,9.523778695019052
CYB561D2,4.804008625110935,5.383941872658036
FXR1,7.16885233996276,7.071530731354452
CBLB,2.9064402360878003,4.06807656491599
BBX,3.6341615356225336,4.934533773423775
IFT57,4.292762482787049,5.881396814638057
GNB4,3.9244049074451324,4.95357619546828
IQCG,3.645031446604192,3.799156981079633
GBE1,5.764603238521254,6.274164141019814
UMPS,5.21717983403418,5.335738718501964
NCBP2,6.364007701779035,6.544913575011954
SNX4,4.272812493898426,5.019580035201115
C3orf52,3.020101526399822,2.1597173476550835
FRMD4B,0.9825070500250694,1.6577329936845677
SLC41A3,4.625853073647732,5.301539068514851
ROPN1B,0.059798348734860396,0.7203383555488492
PLXNA1,3.2794810170648154,5.02661210707514
ATP6V1A,4.440328955915847,5.498176778918453
ABTB1,3.134518428400339,3.97944028902437
PODXL2,1.0950796762835973,3.74962350916717
UPK1B,0.8751745220246048,-0.2458484668277332
CSPG5,0.00401924999114156,1.4786106550930334
KLHL18,4.260930580540372,3.843847325238512
SCAP,4.624252729806786,5.347900872282678
NEK11,1.3992404034942267,2.3606510634441222
MRPL3,7.224990273467013,6.581832263936412
PLSCR4,1.7046916429398418,4.574070015448064
HEMK1,3.6649861425690755,3.8745142836569406
CISH,1.3392646096994465,1.4858429407268035
MAPKAPK3,5.938010468835509,4.1558906399253654
ACVR2B,1.2307693713543386,1.0684468497608353
WDR48,3.7166859014787503,4.896808276841295
COMMD2,4.998834319077608,5.365739021964841
GORASP1,4.380739388092799,5.408071894696531
PEX5L,0.4956340603612266,0.8008786497249201
RRP9,4.990746676677003,4.22197886607371
ABCC5,3.4247928192901127,4.216657998869167
AADAC,1.3872589913804618,0.09584375785364452
ABHD14B,5.082148193141415,4.752832785865925
EIF1B,6.124446133473313,5.888407104224562
KLHL24,2.1909637722199045,4.061904492547091
PLCH1,-0.8574287439912642,1.6062291397940558
VIPR1,-0.2384693185152431,1.6170287120389646
DNAH1,-0.11646928779711585,1.311734989828008
SSR3,8.460817411797828,7.571162198473425
ZBTB47,1.689927321646103,3.466884117158573
TNNC1,0.6986949218125384,0.9778027056985128
NKTR,4.176539933097973,5.710931639785724
CLCN2,2.158745493957693,2.8950204612269275
FOXP1,3.8466062887182044,3.2866996475510217
EIF4G1,7.812597409210174,8.204408978741856
SPCS1,7.503356555582636,7.431268029651757
NEK4,3.659786804076666,4.005305789969459
SLC4A3,1.149027216114638,3.587181764634185
INO80D,1.5690940406783214,2.0849922036864776
EEF1B2,9.831146307118876,8.935332458813464
ADAM23,0.6685869171123775,2.7803009851530813
DGUOK,6.765960953293897,6.380143994007677
LMAN2L,4.4278190735280445,5.1301589012046955
RTKN,3.545994108208122,4.279649936450842
TTL,4.909017802249713,5.229441849542968
IL1A,1.7628217042573897,0.4421424831557613
CCL20,1.8528637847929934,0.06407671366680878
PIKFYVE,2.691828873794903,3.7086910473764374
KCNIP3,1.9168444200195305,2.2444533471435673
FAHD2A,4.646879131262362,5.153461576365757
NCL,8.78742313215842,8.40169803687792
ACTR1B,4.882040423616894,5.2895976078100855
SLC35F5,5.650569436234465,5.729017704056299
ACTR3,8.081770471138132,8.42623470016811
STEAP3,5.347112275735376,5.28576144412214
EPB41L5,2.0444626346771657,2.979627338830317
TFCP2L1,0.43308568709399853,0.08319428623436917
TP53I3,4.542950643607256,4.531214702401368
DNAJC27,1.3212425452155032,2.114146180548348
STAM2,3.6615249437268864,4.325287017159177
GPD2,4.065619253389629,5.428313930584247
CENPA,5.262905370550259,4.49565686762979
CYTIP,0.15313014044206674,0.4173985077572564
ACVR1,4.351588489731702,4.828396214716212
TANC1,2.7100601730209766,5.117471820008367
SLC30A3,0.7963690667639647,0.6193170065863565
MPV17,6.419499602738562,6.4307041250804735
GTF3C2,5.375413667914461,5.449165163168157
EIF2B4,5.295110301920146,5.0051051760767855
NRBP1,5.714310538744457,6.520124905833508
ITGB6,0.30503216368390207,0.44902540093495913
FNDC4,1.1786541659644196,4.369141888535496
ITGA4,3.235915339278852,4.018948176607632
PSMD14,7.176190099210324,6.755793626087362
SNX17,6.007531853951313,6.423479181761455
ASB3,3.9518216680239835,4.124889525391592
PPM1G,6.69919259181696,6.573770391806417
PDE1A,-0.03728518235125111,0.713663439233444
REEP6,2.375539530047841,2.587785399340921
PCSK4,0.6805531191387573,2.170643783282908
APC2,0.10900477393418717,1.5485924172463714
IFIH1,2.255018126008126,3.040732480510706
RPS15,9.902994676711762,9.286849807877443
GCA,3.4275693680062687,3.6180339719682735
INO80B,5.3574475138754,4.781414611654042
MOGS,5.313012222423986,5.739132051887975
TTC31,4.12187896495539,4.1843072205475735
NDUFS7,6.532682704849833,6.472023188313606
PCGF1,4.864594271658791,4.754980264578101
GRB14,0.5645109326531491,0.9554516063756766
CLIP4,3.8741699511883345,4.741569412717167
TLX2,0.25357652470395486,0.9061293801251368
SPTBN1,4.836238223485949,6.117026283394335
AUP1,7.228944204639479,6.841735728079926
RTN4,8.437808585320747,8.984893470364733
HTRA2,5.248787747529865,4.935446136934774
LOXL3,1.3530717487955153,6.537272037749682
DOK1,2.790131431211506,5.379805672513811
GALNT3,1.535264804715516,1.2504420171755461
POLE4,4.816863319531164,5.664388793690801
TACR1,-0.09702554889195536,1.1386466962520092
CCDC88A,4.539576204219214,5.647543982269396
ACADL,0.13533247981636917,0.4342591568296947
MRPL19,5.801879689865027,5.356173821338088
LANCL1,4.894869187716554,5.533353032801006
WDR75,5.785185346743852,5.092128220440284
EFEMP1,4.425074500998042,8.145230854697065
REG1A,0.15927986373357791,0.07422299553007095
FANCL,4.57743935995941,4.893939298825813
FN1,8.945399330856628,9.480050310512063
STAT1,5.8488972321133685,6.614728123745376
GLS,6.257846080479753,7.704158316894336
PAPOLG,2.7784506981320636,2.9426258821710336
DNAH6,0.24314903754116027,0.39591835405628
PECR,3.2580477716576075,3.82991207710569
UNC50,5.616274107900161,5.971148109314425
IGFBP2,-0.4081458098454682,8.839848962501279
ELMOD3,3.6189810211742794,4.073429456453651
IGFBP5,1.7197307497128946,8.949320902217032
USP34,5.234802182016079,5.141374270160972
EFHD1,-0.7648200779850041,3.321346375356762
KCNJ13,-0.06582696260987998,0.24067816036265152
CCT4,7.649673513330804,6.961652959066668
GGCX,5.16876237175447,5.5192796622373175
EHBP1,4.385871596627987,5.727812883833711
OTX1,0.6260900416445265,1.6218651794102386
TXNDC9,6.062306704428777,5.704266902518567
COQ10B,4.590589147292574,5.075614331096199
GNLY,0.16825572318124238,0.007496220717110355
SF3B1,7.471124648706187,7.740398126831149
ST3GAL5,3.364189613970215,3.4589837686617178
CHST10,3.119691133506815,3.847065233003576
PDCL3,5.632868008816228,5.552878257877733
HSPE1,9.943655450148448,9.220366103773452
KDM3A,4.2705559099793815,4.59352439534029
PLCD4,0.48982450462473026,2.3029458432091117
ZNF142,2.3029348433746843,2.8248489032618807
IL1R2,0.8218124038047866,0.23054159480438344
IL1R1,3.083614027485248,3.8004337345490575
WNT6,0.1662333692635865,0.5905531205132237
IL1RL1,0.5864133066891406,0.3185419866035496
IL18R1,0.8021334168229222,0.6154095178166697
IL18RAP,0.18389052553327062,0.06709625281838763
SLC9A2,0.1498880252252333,0.2619028575370853
FHL2,8.42277165749138,4.473007879419955
MLPH,6.372507587441663,3.0218319201644097
UXS1,5.483805398497101,5.4275071947591815
ABCB6,3.8452106115139686,5.265891373754415
STK16,4.616120991752972,5.283541828258463
HDLBP,8.018390428482757,8.933072847465667
PPP1R7,6.3332988454639585,6.431453159693106
PASK,3.0475343931079335,3.1206459605538415
STK25,6.436669542541774,7.086526586874073
TPO,0.24811239080078923,0.025110951068152643
PROC,0.02658020875923206,1.083065643572143
ID2,2.9965613209770603,7.382642418894358
TAF1B,4.073141653860229,3.855792260235274
HPCAL1,5.847552884782633,6.054955058796982
ODC1,6.496004078635726,6.881958954313939
BIRC6,4.493427589752613,4.979778440796485
NOL10,4.105572041402116,3.9971742861050776
PLEKHB2,5.744501060845176,6.343279874478115
GORASP2,5.791575664614312,6.495265469664114
STRN,2.8508848713497037,3.6320466184136317
CEBPZ,5.228483481802041,4.773414348831127
PRKD3,4.166326133068533,5.228086105197724
DCAF17,3.1825025165902106,3.79141390454739
QPCT,2.8284256568672506,0.8244914815314677
RAB3GAP1,4.427477061253724,5.009461381160031
SLC25A12,3.8069312688305716,4.45362520940952
DLX2,1.2830690175516022,2.1078162122365787
SDC1,5.934166331247769,5.35345325387642
PLCL1,0.028456659569519926,0.40504781575985926
SLC1A4,2.546574049231097,4.011580663382539
SOS1,3.2676118570340904,4.047497914478495
KYNU,3.940066999098243,1.8454295528525209
WIPF1,3.8991686698047805,4.524909790450729
COX7A2L,6.657366880333213,6.443975507268465
PNO1,5.134899154793692,4.676494125839226
PLEK,-0.02663140329559968,0.28265168167530536
RND3,6.707662182596486,5.213290084999351
ATF2,4.533502123916753,4.871531692954304
THADA,3.3488079158636084,3.52425195229979
AAK1,3.100381310815008,3.9269767038808494
TRAK2,4.288660992297394,4.799536774515619
C2orf42,2.651287038456111,3.494661276917578
TIA1,5.681345911227259,6.297860811638574
PCYOX1,4.71248277391547,6.001179621084465
KISS1R,-0.29464840328528136,0.3728464122532167
EPAS1,4.870062669075123,5.239390675142683
ARID3A,2.965812043355637,1.8024935672484124
SUMO1,7.389041440871733,7.241581887114695
GRIN3B,0.32558426075961605,0.19317744924641922
VAX2,1.2276830095127838,1.638314222393655
ATP6V1B1,0.7412549042008154,1.5414665538845749
NFE2L2,5.70657348899485,6.577767829454859
MSH6,5.125138167607141,5.203663181355652
PLEKHA3,3.170762083415096,3.780036404470289
SPR,5.235627881805296,4.353453667148191
EPHA4,1.5027429812422488,3.4199520087748962
PARD3B,0.29422621462091536,2.520086088780384
FARSB,4.424257772614167,3.674383159128952
ALMS1,3.0633399554063727,3.2182769218505998
BCL9,1.9168673354002825,3.784615526988901
PRRX1,1.1800166742915343,6.843232695397711
DHCR24,6.149884273973628,6.58418623018389
DNAJC16,2.946257814306308,3.3990762542044206
MARK1,0.9074649128626412,1.8280829340473257
MORN1,1.9848859265116094,2.7559250606959846
GPX7,0.3136708586472752,4.229639313163216
CACYBP,7.633531782976594,7.021427341974791
SCP2,7.242907189606047,7.430514162956589
TPSG1,0.06546413198397966,0.14803210851197762
PAPPA2,0.49684992981313303,0.7220633340309134
RALGPS2,2.6966195074697197,3.428802750421492
ANGPTL1,-0.6525986626048685,1.4803956156243276
FAM20B,3.870554076821404,4.865173683140187
TMEM59,7.85853078170687,8.726953083519222
LRRC42,5.54919342525184,5.0287991088994906
MRPL37,6.706777194921757,6.395569932591867
ICMT,5.974964392967737,5.868844215865403
RPL22,9.240534353820356,8.172376676153725
CHD5,-0.2011699053370702,0.6637634809951338
QSOX1,6.793715242566759,7.303870856976932
STXBP3,5.100069549100329,5.576952023551677
PHF13,3.6363055152462005,4.320331863392316
ERRFI1,6.925307179436096,5.772481029656926
PARK7,8.777754769168308,8.518011153750114
OPRD1,-0.09161539086599099,0.45847653805291866
AMPD2,5.165122072338363,6.048897676937561
MECR,5.321006887125309,4.733168634190995
KCNC4,1.8663934337201362,0.9620661199903511
EDEM3,3.579541614551208,4.866162780832628
WDR77,5.678457851463663,4.960492673539702
RAP1A,6.4699611418871195,6.081806674510475
HDAC1,7.357701703440721,6.695478456767923
CAPZA1,7.598175724707068,7.1521518914578825
S100PBP,4.568575895115275,4.705583428284631
RNF19B,3.659021178221912,2.979905973561732
SCAMP3,5.837793222077999,6.609067378002452
TRIM62,2.4660058424185505,2.006643556253623
ASH1L,3.517178988908902,4.477480312718896
SFPQ,7.975014425041362,7.761978614565542
RHOU,0.8638665932583384,0.9523895827788946
GON4L,3.2838260401656045,4.7943621759427835
ARHGEF2,5.501080393331299,5.648521163669721
MEF2D,3.2219897162426445,4.244530291873638
DOCK7,4.517602693177834,5.238052164784761
SRM,6.855582848011892,6.38269483021153
FBXO2,1.2425669997377047,1.2514253068999788
FBXO6,1.2902229385291941,2.2044523324268304
C1orf21,3.2281548950738452,3.8334948073255903
MAD2L2,6.155858089890766,5.707789289726191
DNAJC6,1.866950468491524,2.2737976336976393
LEPR,1.5047318697051808,2.794089873484105
IVNS1ABP,5.110909243641209,6.262229722220314
KIAA2013,5.4161470150402735,5.4134852064223065
MFN2,6.261124697838817,6.224713700951859
MIIP,4.495862452703384,3.891714574505883
SMG7,4.101356199851115,5.107611346043827
NCF2,0.9556971716567196,0.8940619304169231
SLC35D1,3.068561279503182,4.133450884700406
PLA2G4A,1.6004221336433906,2.536138089791428
GADD45A,6.980666643522525,6.0025275043804545
WLS,5.71653571675111,7.062538011780636
PRDM2,3.1422261559380527,3.474152596608849
RGS2,3.0097775114669774,3.7775811094062983
RPE65,-0.1252437369468138,0.2681013694315981
UCHL5,5.495801492119036,5.177074890909336
BCAS2,6.4016511696134915,5.956172399172015
CTH,2.6032687457295,2.812774115402396
AGMAT,0.8380499023822162,0.5462939774499553
OLFML3,3.6019822354808633,3.3920380847975578
CFHR3,0.1748157818538702,0.013977493262286228
PLEKHM2,4.4906921638120805,4.804566243235722
CRYZ,5.794286359411939,5.610161263594208
PHTF1,4.2846418543550016,5.287846876149319
ZBTB17,4.396689983564592,4.215706734852807
CD58,5.386693017960407,5.700748492138918
TFAP2E,0.22756602682639993,1.014895550870037
TTF2,4.734480047751769,4.656744037904898
NR5A2,1.0585412567695813,-0.1312520621332498
KIF21B,0.6294471610718788,0.693706760823615
TMEM9,5.309231570665716,7.0408876071261695
MAP7D1,6.1815762833798535,6.994617204116294
WARS2,3.142246326044178,3.1428166502235064
OSCP1,2.3391845151245483,3.790529162516556
MRPS15,7.132397859843827,6.024223382129589
EXOC8,2.494556146838132,3.1438526973582617
GNPAT,5.085822401617293,5.150998505111362
TSNAX,5.293588762624662,5.599829075364727
RRAGC,4.867432405575146,5.384416205125939
NID1,3.407531375647502,5.991922810610527
LGALS8,5.2999166920159375,5.164330399524674
HPCAL4,0.2229600971306138,0.08410480376971685
MTR,3.186434964031429,4.073184689577402
BMP8B,0.33119779255558396,0.9065347591332384
SIPA1L2,2.2423305661717245,4.024462340789729
RLF,3.3291891704992578,3.3523950977929493
KMO,0.7167112292254494,0.36169662119026835
ZNF684,2.5366636286381485,2.5105290697747202
KCNQ4,-0.05340881332342948,0.27083214675562617
RIMS3,0.5155285319562204,1.5091120826481896
AKT3,4.397829766851636,5.2095195904267015
ETV3,3.022896859536857,3.5737346674576287
ACADM,5.592363296615019,5.616113764994156
ST6GALNAC5,1.096605382042257,1.3771454033532013
PADI2,0.09604830801643793,0.800827428493378
SDHB,7.5392490868740465,6.602259101598617
MFAP2,2.5160046090575827,3.362246030172567
RPF1,5.713000163143173,4.915654178772138
KDM5B,3.7140958608101724,5.124622951275224
UAP1,6.669748919930664,5.90584793525045
ACTL8,0.5102095455990813,-0.0022899633571102085
CTBS,4.143824390326781,4.2677625566484085
RGS4,2.777764264793347,5.129885657609704
KLHL12,4.182253885488249,4.688462788152394
IGSF21,-0.03144218862171388,0.09435326141589365
SSX2IP,3.4544623441229105,5.181928817426137
ZNHIT6,3.8409037066155474,3.3360045393186506
PLA2G2D,0.16510169595480295,0.02675048997212992
RBBP5,3.198027064403071,3.792146050822051
GBP3,3.9434388325898198,4.903066626766833
GBP1,3.432006000500063,5.484715098453684
KIF17,0.522416685977053,0.5184081643743423
GPR89A,4.463315441223272,5.066856220561592
CDK18,1.29745066098512,2.9472521318038356
CD160,0.013390117783626476,0.8024837247734543
ECE1,6.189821091836828,6.4544531055094385
HMGCL,4.457581862935348,4.960808350285036
GALE,6.977911455357064,4.74521919507991
ID3,5.975763596417883,8.404822787552673
CD46,6.338594772866871,6.6760172383021406
PRPF3,5.053567305312713,5.724781936570773
APH1A,6.782229801420859,7.327901238173007
SLC2A1,7.459476941674291,7.214287227094602
EBNA1BP2,7.447884703632748,6.109617393996425
CDC20,7.637582534434628,6.47796770926212
ARTN,2.649633341269052,1.1641795742997378
IPO13,3.834540858077483,4.743934163694462
ATP6V0B,7.28493378080158,7.599856922528285
B4GALT2,5.499989757031652,5.6731125708411545
ERI3,5.311036549353572,5.7614560449891545
PTCH2,-0.12237102306438075,0.9996339327122188
AKR1A1,6.351469918147121,6.337040006852252
PRDX1,9.70372017446908,9.637135684025342
PIK3R3,2.4065487673133026,4.052613305310954
TSPAN1,2.548415307277997,1.6960786569616313
BLZF1,4.500390669590604,4.922248245201782
SLC19A2,2.9304776433916873,3.137208538711912
FAAH,0.8036698078785922,1.010069046950052
NSUN4,3.5533581182518583,4.041317304313841
TMED5,5.9303163489582005,5.91337881562051
DR1,5.677644459657601,5.57784809010488
CNN3,8.166588271820546,9.097847540522194
F3,6.694068738003774,5.54327220239442
ABCD3,5.091694295878416,5.332893047144205
VAMP4,3.321750241250749,4.094204453584752
DPH5,6.175677036978463,4.985654289683532
PTBP2,4.099208824080105,3.611405189908259
TNFSF4,1.5229041642584633,2.21421991109671
PRDX6,7.95338820419998,8.231396723493338
DARS2,4.6078182728364,3.929590074211365
HSD11B1,1.6096174675334352,-0.05691080107822066
IRF6,0.21056448879784445,0.4154016547554323
RCAN3,2.9791353833273746,2.956409275501614
SYF2,5.88718081621811,5.512461233557018
SLC35A3,4.690136652579601,4.588867174764734
RCOR3,4.029565969452579,5.095817383898716
STMN1,9.566421990879588,8.408160798325351
MAN1C1,0.2851138185105244,2.863912811839671
NEK2,5.170577308340026,4.778040095547241
RPS6KA1,4.475381477371629,2.646797860487566
DHDDS,5.006476402603359,5.297671143836734
NENF,5.303708756250053,5.822474710362491
NSL1,4.94563505653409,5.318193223479172
PROX1,-0.3587176744723385,1.328205441626167
ARID1A,4.48636819742991,4.838123764815527
CENPF,6.107973961659284,6.3502079092518455
RPA2,6.264132838923882,5.4725606453912095
PPP1R8,5.5400446941737895,5.44241864886149
STX12,4.445406095287557,4.908918756714084
OSBPL9,5.9197873976087525,5.63565977475676
TXNDC12,6.781436924430158,6.455173045819792
ESYT2,4.443937813806416,6.065920987390692
RCN2,6.551340889040284,7.558890284172055
MUC5B,-0.13173794388662405,0.277817353430766
CTSD,7.585772548668053,9.711248386410645
COLEC11,0.24894075746710242,0.2538307937855552
STAG1,4.062516769689217,4.238673466057217
STK11,4.6643945381264365,5.210704901888267
TREH,0.06444319672509863,0.49085509632415747
IFT46,4.280684004251981,4.295717225196144
MMP8,0.12324718055019115,0.3029875891169709
APOA1,0.3088701368230998,0.21615966897500377
ZNF541,-0.02483570945856986,0.1666942278834555
KPTN,3.065665504975566,3.1366440223522463
RPS25,10.83839831210871,9.518193507956674
KIF14,3.299269870721822,3.3619123940478506
TNNT2,-0.04141148115911231,0.21144772726863414
DDX59,3.696001138050955,3.9336269109405264
ATF6,4.6615095345155115,5.268024940896705
MREG,2.609393001378403,2.112761516892368
FASTKD2,4.888844775929575,4.478504517570852
NRP2,3.637932892207811,6.099160957302625
CREB1,4.438428022634357,5.1371927758724345
KLF7,3.297691965429642,3.70737140515038
TTR,-0.05330102688072973,0.17878155585366684
B4GALT6,2.7175425398898514,2.449456021002453
C1orf54,0.7819185687665364,3.1048289236160285
CA14,-0.2606113060528641,1.2049123758683953
ATP10B,-0.13783056646787412,0.4671116376080465
SPCS2,7.517096130485209,7.760722289374308
USP35,2.0611686501790887,3.1703700785353575
ELOVL4,2.6041716714865877,2.7565113855640844
FILIP1,-0.48531358349813125,1.1002274102788192
CASP8AP2,3.3232573252100863,3.6419739319696753
HMGN3,5.800239641782062,6.902702049293813
CNR1,-0.9938353175762169,3.046698448172629
ANKRD13C,3.9058360191735804,4.606092429258945
SGIP1,1.0283995168994533,1.2108531344378433
PHF3,4.011860292327677,4.199846384532169
PLAGL1,3.0875276754440293,2.967421477268827
FBXO30,3.0451889076974603,3.257971310784895
TNFAIP3,2.2942540683712496,2.8186802028836264
AKAP7,2.094585154336187,2.7923088059262966
RAB32,6.512467256364565,5.182919254894774
MYB,0.8992959707750957,0.7506575487745001
ALDH8A1,0.040243194649922986,0.5320890980355382
SGK1,6.5554924587575885,4.955422508902693
RNF146,4.389668654658511,5.369556426321283
TCF21,0.34907144436732307,0.23293820970115647
PMFBP1,1.6276144178095717,1.5216618297763287
FBXL5,5.231157235072272,5.545505288108902
MED28,5.262309248705777,4.944216544957256
SLC16A7,1.9724794627469877,1.8033165357345526
ZNF430,2.468217230401234,2.9530200556158084
VAMP8,2.8059891977749336,0.9034511007120484
DCLRE1B,4.081840570716322,3.527696763788697
MYL12B,8.895448548954676,9.014746564088968
FOXO3,3.4109724179203718,3.9881680403256365
ARMC2,1.5670490360823146,1.9907987916160965
RPN2,8.067246069996845,8.870671113163075
TGIF2,2.853324898329213,3.779616564330131
PKD2,3.626197743550804,5.397793567939072
ABCG2,2.3577047027860996,0.6771028826161681
SPP1,3.64689534007848,5.3602202105525505
STBD1,2.7753683609390034,4.25320193725647
CCNI,7.054593211551224,7.063159666722059
RARRES1,0.4637249156363781,1.492917829231661
MFSD1,5.866841000902158,6.1257877807786
RAB3GAP2,3.6687454178367105,4.516464568857817
PPL,0.8148423939736282,1.6913079802290427
UBN1,3.833211233415888,4.623414746183812
KLF12,1.4530023296342294,3.0851764970393436
UCHL3,5.975409860861228,5.121895200916039
PCDH17,0.5607629194554833,0.7641309900982084
HS1BP3,3.95506089585235,3.7600811513328627
WDR35,2.2329982671004953,3.2595573245967153
CCND2,1.6083058522392188,0.08517089600259597
ELL2,4.606164105400558,5.74110597208951
DNAH7,0.07051818530010506,0.7324222717998387
CYP20A1,3.723043557287881,3.337340895616037
NDUFB3,7.274862482524411,7.3940509240374075
GTF3C3,4.517176125255697,4.966834940500279
SATB2,2.895740978340294,3.217651790686026
UBE2B,6.495733163765771,7.089438137532652
TRPM6,0.16780170553309254,0.04351022760571753
GDA,1.307445795106656,-0.036997772216290525
KLF9,2.2542966778732083,4.3176272277076
TJP2,4.697634275234739,4.193439582439398
ITGB1BP1,6.825211971790331,6.305043209226793
CPSF3,5.833157386788538,5.334502766617398
PIGZ,0.6116326249273725,3.195816163336847
SENP5,3.369343453773945,4.042776683488634
CCDC92,3.892427453100991,4.839769236921718
C1orf198,2.250282567447951,5.609305174595434
HEATR1,4.03073529348364,4.209740765577746
RAD23B,6.519750225454351,6.92793756759616
FKBP15,3.573904941949818,4.700280370695067
CTNNAL1,6.964899236065306,5.160766628881137
SET,8.525924429522908,8.419882032157181
GLE1,4.495540868116291,4.9065708890179085
RAB14,5.214446547290876,5.963916229663778
TRIM32,3.6188410749190174,4.202973505766922
FBXW2,3.837623570126542,4.839939154018639
PHF19,5.248533353470249,5.7041189599176345
NEK6,4.788978348843268,5.9657675130877275
BSPRY,0.345650043557062,-0.05610664174976242
PPP6C,5.062186506741915,5.327982416300493
NDUFA8,6.686772469444141,6.992952643471766
HDHD3,2.9448160462880075,3.241705645772795
RBM18,3.8861082436678043,4.333650486921862
HSDL2,4.602621953143583,4.799474197159206
MAPKAP1,6.532772176207719,6.402201204231551
NR4A3,-0.05491572188352989,0.8506078349378856
INVS,2.6053463592795376,3.5061661093302234
GALNT12,2.313426346725442,1.4138331122850776
DENND1A,3.408136382507034,3.9377427233734
ALG2,4.66289019170077,5.635849551057612
KDSR,5.203075869625496,5.275200931092587
VPS4B,4.6404279406018105,5.130583166306652
ONECUT2,0.4507066525118642,0.6016990493444667
C19orf25,3.850771472963281,4.65596935912786
ZBTB45,2.8556266234692855,2.9121849206377286
YLPM1,4.75261245939378,4.784357188395227
DCAF4,3.9851652909655253,3.448224624110954
FCF1,6.148515082070455,5.874232969683884
PGF,1.4429255442331432,1.9207518177852612
IFI27L2,6.601660213724299,7.180032765552702
NEK9,4.900501343892618,5.274937111166287
ACYP1,5.492472237898682,4.76626756297703
NPC2,8.645335943113412,7.8957567052238415
DNAL1,3.1615795418420496,3.421326526938078
ACOT2,5.08685663676677,3.950485328616402
LTBP2,2.6033572045812527,2.7782294374794168
MLH3,3.56475719242082,3.1752091133789113
TTLL5,4.106229377276788,3.836887413415019
FLVCR2,1.0741249067092205,1.0410673999646647
ABCD4,4.652161485293143,4.970511888836512
DLST,6.247203943587881,5.835063068913274
PPP4R4,1.3229404133857807,0.6060351616983766
TGFB3,0.7239864952177224,3.480336687757461
RBM25,5.629343105376634,5.462505689109932
ALDH6A1,2.449187616292449,3.132963243457233
GPR68,1.8516136966317147,1.1290650776199629
EIF2B2,6.473097003534096,5.905900763916935
COQ6,4.805317904847281,4.497391642704883
ZNF410,5.472859698491615,5.358933365097737
RHOQ,4.797563387001858,5.639468047336233
GPR75,0.8646688382313269,1.7394005910155146
SUPT7L,4.49739429117122,5.15855338476114
KLHL29,0.4610653109559819,2.487667123019053
DNMT3A,1.7901219018420718,3.2883166572376
TMEM214,5.404495753159209,6.6607704484211405
ATAD2B,1.92797433966134,2.559899000642812
FKBP1B,1.8998469351645804,2.589775387621281
ATL2,5.478703794013558,5.590068838075894
YPEL5,5.168438237482204,6.204844890673002
FAM98A,5.454868405380063,6.481758545749875
YIPF4,4.823233527762648,5.738834201896585
AFTPH,3.896205680570991,3.8969664259312147
CNRIP1,4.378930676104682,5.009541514836722
BCL11A,0.973316181535824,0.3821378075736712
CRIPT,3.2316718604678205,3.2049194430769434
EPCAM,1.7706615836101602,0.5156121468112014
SLC17A5,3.2824863090208165,3.869833077431162
OGFRL1,3.2351117930878557,5.05650906206448
IDE,4.204359687398884,4.096668145768021
ELOVL3,1.0409593063230769,0.12659910051839574
IFIT3,3.2366276156662646,4.209298608759704
NKX2-3,0.28022617088833335,0.059686793383822156
IFIT2,2.5783812517682163,2.4993564703769726
GPAM,3.482708565352978,2.856692716753939
CUTC,4.564573615313152,3.9778812559055012
PPP1R3C,2.345388900987134,3.6906916771386036
PYROXD2,1.8288415883067928,3.2555058071233964
CNNM1,0.7963776038717029,0.5616313561109173
MXI1,3.993189535985858,3.6466724109233177
SMNDC1,5.245908791329981,4.800367536676432
C10orf88,3.5426170174518283,3.1327185713814534
HELLS,5.6433441330520475,4.067200071653753
TCTN3,5.2484017502919755,5.559701406045059
AVPI1,4.216894283184452,2.421479941968518
WDR11,4.542981862411116,4.931206341846096
KCNIP2,0.6243542798301094,1.0133512092798038
GOT1,5.6405660176716514,5.071152945142958
C10orf95,0.42053301198116566,0.1447382512117481
GNA13,4.48163824706583,4.727099736083705
HOXB8,1.0524401990325813,2.0845726200467682
HOXB5,1.1428190734246892,1.9224665137281005
HOXB3,2.944809705586814,4.38032819639309
DUSP1,4.625330968072825,5.564100236307034
PANK3,3.9579729622265476,4.743634816600665
MSX2,0.5428542551722083,0.9023035262810083
TEK,-0.6057587149220072,1.508752129924472
RCL1,3.8884476138191064,3.3413495242881472
CD274,3.3664471284499204,2.370622014305711
NUP43,4.444846513046774,4.6817671855496785
MTHFD1L,4.592516437913339,4.248938667062456
LRP11,4.6276157260488,4.930506645382843
PCMT1,6.219225643219769,6.6714331217751734
PLEKHG1,-0.9555666454380827,3.095448044231535
MYCT1,0.9345558089444206,-0.0581504795816305
WDR55,4.247990844068794,4.595376066261648
ARAP3,3.771518809011951,2.239470543611345
TNN,0.04952354946603704,0.1708935210395912
MRPS14,4.633111645507652,5.021646141055238
CENPL,4.111878749355622,4.2704717856970085
TNFSF18,0.6495936249863584,0.44584963691306734
SEC16B,0.7811839991537182,1.0727800014402722
GORAB,3.3512263469261154,4.455409879436612
ACAT2,6.325661907648479,5.876381066227466
TCP1,8.814758989333049,8.066922640156614
SNX19,4.307475311696114,6.097769619256927
KCNJ5,0.006586154722028045,0.20772748656446727
TEX11,0.18991168794026722,0.04133546206310017
PDZD11,6.753172513119605,6.694998677414564
SLC10A7,2.9301343904335235,2.8561126449237983
NUDCD1,5.05346806289358,4.4369389595925215
ENY2,7.826764519992572,7.740723964234271
MASTL,4.2060478558552115,3.5010415328265854
KIAA1217,3.119335564955234,2.7452856293064447
PLXDC2,-0.4934023538679022,3.735657970551024
EPC1,3.408566876053203,3.8166027054084553
IQSEC3,0.049469190985385735,0.030913083386156684
CCDC77,4.021000650202483,4.380607230916925
TAF12,5.1770662322568395,4.448486245081943
ENOX1,0.5931867721563683,1.6711357874482746
MTRF1,3.688270142873194,3.5938677634281166
SOHLH2,0.7549301440729058,0.6979405259628043
DNAJC15,3.88232073669055,3.554596178056675
UFM1,5.4885880644958505,6.050955316697047
WBP4,3.736241326150501,3.4585373004355224
ELF1,3.8168834162440075,4.443384786642442
SMAD9,0.061558055552380475,2.5606060189128614
HSPH1,6.206151204013366,6.40030052736214
KBTBD7,1.4054267474388342,2.5831919881140695
ALG5,5.302983961591303,5.256716903982925
EXOSC8,5.827161206591371,5.270445958355077
ETF1,6.59519633046196,6.6084332029052035
TGFBI,12.016834157070239,7.80845693361709
FAM53C,3.925012301807357,4.933597403679455
SIL1,4.670505862591563,6.205477496511183
PAIP2,6.418383139897191,6.949680017221396
KDM3B,4.327290885592881,5.022426484627892
EGR1,3.7347020002159326,5.758569279198643
SERP1,6.591595372340303,6.585181905713563
PLS1,2.764001614176145,2.0834379268328265
ZFP30,1.8542862592558378,3.198871391962508
NR2C1,4.459902725391174,4.195967934614838
UTP20,3.0720613274335005,3.3935333935018788
TMPO,6.537621459702689,6.401971243570194
ARL1,6.095414812369807,6.400122822497914
GLT8D2,2.8950863349798786,3.666848987424273
SOCS2,2.882853463980042,3.668575454581939
NFYB,5.0210271704111005,5.051741972275926
APAF1,3.4588374374773148,3.6383301102984955
DUSP4,3.9326908900793858,2.574316509111809
CLU,5.361107619154874,10.167271578299417
TNFRSF10B,5.481493165664697,6.242527804920735
SORBS3,5.732496473772311,6.204140367648204
PTK2B,1.6464821793276831,2.1072530670603573
PPP3CC,3.29048707049912,4.198244669951098
PDLIM2,5.61191446624926,6.314500404061447
EPHX2,-0.18829460876170745,2.0136967329281923
RNF170,3.0025485653889215,4.1955720472160385
NPPB,0.7375741843705343,0.8546694562248738
UBIAD1,3.6921045769964045,3.281453800423285
TARDBP,7.662447827283674,7.736333869418811
TNFRSF8,0.23705600721533732,0.07280640732309626
ZNF706,6.4063634901337565,6.259902342083322
LYPLA1,5.8199157365716445,5.89620434356393
CRISPLD1,0.5019875490230328,3.2253774971040214
COPS5,6.403297385236911,6.331995949733705
RDH10,2.5889246907350487,4.584782292896934
AKAP1,3.674548066576868,4.1485991107839935
COIL,3.986292161241508,3.759899869673327
TRIM25,4.795233349708799,5.207006984031396
SCPEP1,5.8465374560795915,7.512280312383203
SPOP,5.04479077857787,5.851162265619823
TBX2,1.207261627908857,2.7126543737975126
SLC35B1,6.6026942738234045,6.537435085132054
FAM117A,1.6510995988659274,3.0237601093603947
NCAPH,5.747690678791002,4.61082074710202
LRAT,0.08523918963262392,0.3829139150943417
MND1,4.4368795414683175,3.2024712267814532
TRIM6,2.0517287275503726,2.5770153663160382
ABCC11,0.3031328846487981,0.19467434910336856
ADCY7,2.2412652839111726,2.5651878269530894
TSHZ3,2.2304336281687345,3.0269085774228928
ECHDC2,2.1444613766490823,4.23923296841339
PLBD1,0.8952861323871338,0.9367528358438129
TAS2R10,0.11130576545847559,0.8274385958864885
PYROXD1,3.2732763435581003,3.31323408995017
KCNJ8,0.1576906980046287,0.7514947675402242
PSPC1,4.615391641326102,5.109798488786183
ZNF549,1.64524902956484,2.619442616916913
A1BG,2.4666636491298406,2.9479051645944714
ZSCAN18,1.9518541113575227,4.720255218593337
ZNF211,2.5925964600813423,3.6846941078473536
PDZRN3,0.5920107254465088,4.080705486901234
LHX4,0.5081962640434905,0.970390685892318
RNF2,4.197720901521976,4.1545990939083595
SEC22A,4.57499488346227,4.64121953806864
CSTA,1.8662733382008398,0.3265459227866737
DPPA4,0.17355062638824223,0.07914955404521579
POPDC2,0.001016903455168694,1.0064017887166656
B4GALT4,4.136811566323639,4.936528861511759
NAA50,7.143473385271051,7.081255726818445
KIF18A,4.928963278700861,3.6903671159604654
MAPK8IP1,1.9719654752014957,3.546414092012526
CRY2,2.188351802181627,2.9009733959230264
PEX16,4.266024868748928,3.830080677295305
DEPDC7,2.2463832214677284,3.7457530422631575
CAT,5.085410648004632,5.510872073862387
PILRB,3.8987933011518,5.519606170832794
ZMYM2,3.7313082596698814,4.759928809985333
GJA3,0.27423063475611986,0.6769590955096161
TBC1D15,4.556345868890286,5.155078376370836
ZCCHC17,5.74778769186173,5.52406106922202
FABP3,0.4301456060608375,2.172097755772258
KHDRBS1,7.007174104289546,6.516353184018757
TMEM39B,4.300189803224496,3.663674100537012
CCRL2,2.175781180584026,-0.1506336700063653
POLR3GL,4.640543981608178,5.27208782794443
TNFSF10,1.1940394740392946,3.709412856886007
ZNF639,5.021381428596979,5.2703982000251655
PIK3CA,3.376963839251904,3.9000162250951975
PDS5A,5.030665013292375,5.04011755878201
TMEM156,2.6633526183117358,0.1344336275874023
LIAS,3.8562219464827345,3.2218595131476007
CPXM2,-0.20408441740094596,0.4986557510665759
TMEM54,5.833671687920441,4.803441597842071
ZSCAN20,1.4477856750566909,1.797307293106011
CSMD2,2.3113193437510473,1.789971608154648
HPCA,1.5420436146335816,1.2734601978718187
CLCC1,4.440054195734535,4.878503001273492
GPSM2,4.625722363354591,4.605223258721767
GTDC1,3.0206526594041168,3.632190235137722
CXCR4,0.5324390993006823,2.1334501660541507
ZRANB3,2.6719847664200995,2.1817698949223017
ACVR2A,2.44850937767907,2.8975205956895147
POLK,3.607031645891613,4.402943132282551
RPL21,10.540917509361353,9.923344461131084
MTIF3,4.838880346631098,5.4197632821664365
GTF3A,6.066085527403739,6.2909144557222785
RASL11A,1.4991716938034416,1.91466946704332
UBL3,3.430991067704276,4.700941340254971
FYTTD1,4.749652996398232,5.3088755407545705
XPNPEP2,-0.03001788448679442,0.11632332019594771
OCRL,3.756183655316076,4.666713971597786
PAEP,0.4975158909263989,0.1694108570915743
MRPS2,5.554351967166761,5.347620447921395
FMOD,-0.3779370581248326,1.240030708965091
KIAA1191,6.07361377788759,6.483324159911965
COPA,6.899302701721735,7.851457661362359
HS3ST2,0.6970771450708505,-0.10864047750890093
RBBP6,4.432269073522444,4.7206725273720265
ZC3H7A,4.921044895284505,5.83631202910902
SERAC1,1.7452412083959947,3.611109699770422
ANXA11,5.89991695131904,5.598112208652746
OPN4,0.08664812786872006,0.11520366229320865
ZNF205,2.90729749861451,2.89855433884186
RPL5,11.151771220236641,9.416532597959367
ODF2L,3.766045869961184,4.5592610718561355
PTGFR,3.1550079708560346,2.2143632565912927
SPATA1,0.8729902166696776,1.729785134428401
LRRC39,0.772806178173823,0.8624228228938734
RWDD3,4.848345165585603,4.404260993534769
ZNF644,4.879586345763869,4.6729878734789585
CCDC18,4.090753054952342,3.106946798715041
RPAP2,4.4962303848898335,3.509471553979169
BBS9,3.153062248112183,3.679434753190078
PMS2,3.1115047313490645,4.124445758546329
ZMIZ2,4.657945222708606,5.403181935920002
EEPD1,2.6800771185631036,2.769285753124876
KLHL7,4.958324746076214,5.941263795246341
HERPUD2,4.235497715534831,4.718845012038835
CBX3,8.316538246209438,8.633430798093535
HNRNPA2B1,9.637464074192426,9.648540191837904
WIPF3,0.1391987068220136,0.1055342523020521
NXPH1,0.012882273783442144,0.11150836725876268
NPY,0.05205478682666996,0.18724860632339121
HOXA7,1.2683760041991472,1.8106504627488755
INHBA,4.418024309273282,2.0562483466167203
FKBP9,5.725367922377848,8.72007088571849
ARL4A,5.588037200934736,5.650241391679271
POLM,3.3621776338089937,4.000107789738572
RAMP3,0.031627658782566404,0.6134035494906467
TWIST1,3.4477934973025532,4.071884395441251
SMU1,3.76958655706012,4.413981373834684
GLIPR2,2.7046968429941645,5.860286622705937
CLTA,7.486603833464933,8.0194022557819
RECK,2.3574016319049074,4.847527865156997
ACO1,4.761656893892541,4.931228193792818
DNAI1,-0.14055833775064114,0.5382727436456951
DCAF10,2.9548201047379297,4.290592771189615
CNTFR,-0.03747492266436675,0.5423439366932037
KIAA1549,0.6599532980177303,2.816365424430984
TRIM24,2.9251679235341506,4.045730332338103
CALD1,5.430598789561646,10.160690915833184
NUDT10,0.7288344432789129,1.4053020907689058
PLAU,7.2420692886143065,4.608074720443812
SRGN,7.030642987204603,2.8161250204591104
CHST3,2.3528600176146854,5.018314383787288
BICC1,2.4448622796253714,3.5600423990487147
CISD1,5.66988347343319,4.977726858379056
EGR2,0.8901719387824645,1.5503966395837803
ECD,4.777477764358002,4.204862443169034
P4HA1,5.9701691981067775,6.5000202211713525
SLC25A16,3.652816086227673,3.269767248092002
ZWINT,6.977516592281487,5.700474359797144
VPS26A,6.364058827231203,5.409508351725319
RBM19,3.648724003983859,3.358614731542435
CIT,4.447488729168613,3.900623717465063
IFT81,2.9968506366853944,4.286305833009473
ACADS,2.412879444448853,2.712996646457075
HVCN1,0.18884837591098058,0.8052340692312384
DDX54,5.41243164693984,4.989258184608545
MED13L,4.618085532621012,5.1308812050467765
CDKN2C,4.723421820493435,5.727500636533586
RNF11,6.48975943341883,6.9344289629836275
RASSF8,4.074806319427915,4.764455466495421
BHLHE41,3.333062620302805,3.3041228654904518
SSPN,1.4891871769930087,2.781444335271431
ITPR2,1.7725254121581886,3.819998747990389
CCDC91,3.9916661550802655,4.035435984764489
NECAB1,1.5935103238197346,1.3315003868773567
WWP1,4.0733697246554055,4.672494857656062
ACOT9,5.401591387400584,5.743100348160861
PRDX4,7.32701171286361,8.106217327161563
PKN1,5.471395164765595,5.678227076867779
WDR83,3.560802035879659,3.463500371776591
GIPC1,6.201321216308282,6.602956434899646
CCDC70,0.16975906706964805,-0.0005660627009159008
EBPL,5.2925364985436545,5.07439045566723
ATP7B,0.929096356637746,1.6536624331314043
ZC3H13,3.763318280118998,4.352796070574967
NLN,4.3628449784617125,4.860233337531491
CENPK,5.476536957218713,5.492769549736436
OPTN,4.97081801951372,5.476380141463753
ITIH5,-1.8135594305045906,2.822929125835799
ATF1,4.728934509752374,4.524256411674353
TSFM,5.900616580254202,4.660508066013201
ARHGAP9,0.9657550161534153,0.5138518060308841
NCKAP1L,0.7186307231873008,-0.05367378992547728
MMP19,2.3589711631712476,2.3993033735930926
PFDN5,8.810293186213794,8.321191720028702
SPATS2,4.647375855859915,4.656210038967693
ORMDL2,5.869331793938698,5.129762188918904
NR4A1,1.1296236483691695,3.226630810605011
PDE1B,0.1661831022741408,0.11342536968731333
HOXC13,1.2859775157894462,2.428320681561579
CDK2,5.9092166867661104,5.68802606541798
LRP1,3.5595498937473518,6.600018810222901
HOXC11,0.736865788662923,1.4427868253470846
NFE2,1.0289797350937513,0.7653937181129287
HOXC12,0.04780567761055642,0.1426148854787269
IKZF4,1.6669460900214892,2.2743172058005157
SMUG1,5.340284795933886,4.9744996604005784
TUBA1B,11.42275795293441,11.183017312256709
KBTBD4,3.812760120092566,4.325522950907707
SARDH,0.6741016186810044,0.4715737497105794
DBH,0.07441407712607306,0.09282453135428967
ATPAF1,4.514399893530322,5.540711014864701
STIL,4.2414058471096086,3.7729278451881
HJURP,5.383505501924461,5.230260917929224
IL13RA2,1.1149324148253403,6.6438751902324285
COL10A1,-0.04858073150837272,1.1905340641847397
AMD1,6.383273221666316,6.0632530775652596
NDUFAF4,5.40445194019994,4.843575873753234
USP45,3.273874346000297,2.959707475916888
PLP1,-0.24647861686859507,2.2048614709980034
MORF4L2,9.003448530370529,9.124745642740358
RAB9B,0.5298414573529281,2.0747948433217824
NRK,0.09463676472968369,0.053315330827628245
FAM199X,4.2788773234844815,4.876372804962108
ESX1,0.10535180505109966,0.0913808295159453
RAB9A,4.471769149869215,4.813986775071152
METTL8,3.8380444787773125,3.5497011578469815
TTC21B,2.6314163449008663,3.356668369073816
NMI,4.258551942654584,4.41909380585672
TNFAIP6,1.298787316696414,2.573129047689216
ACVR1C,0.2786963685511343,0.2659399106781007
BAZ2B,2.5277401641373056,4.2264353786521465
SLC36A1,2.80183155237157,3.0608844446809154
LPGAT1,3.673073599104888,5.160143396994315
BATF3,2.429103019833955,1.5274896145597057
G0S2,4.284581973263352,1.234787767966217
KCNJ2,0.9515060011608115,1.69892514886263
RAP2C,4.254337710445887,4.991641053082498
EXOSC9,5.5995897132413495,5.182154976627131
PLA2G12A,4.076997594403282,4.510788842816731
B9D2,2.1124463663985105,3.4329744331465584
PFKFB2,1.5287295286854494,2.6145433292564775
C4BPA,0.09773300607323582,0.08077173100535286
C4BPB,0.6506121409930077,0.038547674345521865
RAB38,1.5784256401223125,1.4421996139730267
MXD4,2.9273115697724705,4.7112409385676175
CKS2,8.94789518397573,8.120588186347728
ACSL3,6.6246632216238694,6.355039895777862
CHPF,4.359656457862556,7.537280951598208
DNPEP,5.903459096173929,6.4153203896057285
INHA,0.25799680575149175,1.3507867908779065
OBSL1,3.7838909263937475,6.094470547234147
SLC12A4,4.195003165730173,5.875806616614465
CTCFL,0.037917029828043874,0.026693838753806674
PI3,1.2479972229541503,0.5251723731368692
SNX21,3.859897718119213,4.366077040935926
SLPI,1.8610262511633582,3.1016244758627094
WFDC3,2.082610507549914,1.2040570166766225
TTPAL,3.7965157483572076,3.722947464551308
PREX1,3.334829412344708,2.5616468325471566
KCNS1,0.2677887776489043,0.1208911181944228
SLC12A5,2.43477934355298,1.7518174424159385
SDC4,7.015867565922883,6.145312312809159
NCOA3,3.79514437099027,3.4185185595516128
PIGT,6.837143142848985,7.885222763329151
NCOA5,4.464437927748017,4.638471809085346
VAPB,5.698521632769807,5.629537315955912
PARD6B,2.005914996145088,0.6572573967681954
CHD6,2.9731743528514323,3.962401009482002
PLCG1,5.900504612681857,6.517021369151532
TOX2,4.210438810973165,2.1975234004069826
GDAP1L1,0.19350133075773684,0.32936711878089486
ARFGEF2,4.457251631445563,4.4265458763975545
ZNFX1,3.478142865547159,4.629395444508184
CSE1L,7.242007403130217,6.0538507165712545
RAB22A,3.752381092676134,3.902915565186349
PTGIS,-0.40067132211493955,1.042620820671637
STAU1,6.001558225710495,5.998757501425864
SNAI1,2.1183095562245318,3.0048956098547315
MOCS3,2.6281668335881947,2.522212689781675
STX16,5.626765938067689,5.918206738159028
PMEPA1,5.39595892452777,5.881750175754453
RNF114,6.462077880373718,6.19871838377048
DDX27,5.748477604266731,4.911934495215104
BCAS4,3.5848378277269686,3.775999793715345
KCNK15,0.06079699631884532,0.21108654267709206
TP53TG5,0.3306488226158475,0.5849865312543717
PCK1,0.03871400070815803,0.09397087032952571
ZBP1,0.01622758312900946,0.2682796054308769
NEURL2,0.9806714315005363,1.4023728504346684
MAGEA10,2.3044842762299713,-0.006058968522784536
MTRR,5.155713067271026,5.147931445920138
FASTKD3,4.466312756237441,3.928295227620242
PEPD,5.352781341557689,5.546872721657338
CHST8,0.18589227414810638,0.43248140910285515
IQSEC2,3.0162508757359454,4.330124101742539
VAMP7,5.6270848624256,5.921530063055054
STAMBP,4.93808800226294,4.638228221369549
NAGK,6.11920422921035,6.405290203055603
MCEE,3.881950783902665,4.243146920588853
PAIP2B,0.9105699436806934,0.5424265607348835
SNRNP27,5.804320432999438,5.624417072090628
MPHOSPH10,5.325932537670196,4.830735127117649
ATP8A1,0.7041795358513622,0.5215901203999196
USP22,5.9378558775290475,7.04944766837873
POF1B,0.56196530096252,-0.04999468699606324
HIF3A,0.36565570289542326,0.07448868952980589
ZNF576,3.3484708084194295,4.087624751947714
ZNF45,2.97071906685886,3.761943544317293
LYPD3,1.7031614514051672,0.42881352544262863
PSG8,0.5127490381742383,-0.1795083475855196
NDP,1.0419057156755265,3.6113108766358963
USP9X,4.415540381008008,6.088732171890849
CRISP2,0.10166870041355064,0.014707519471555915
F13A1,0.12330494607155512,0.9084828252707738
TRERF1,2.670734731879218,2.2776276230040313
BTN2A2,2.9436195108543983,4.800343699830606
SIRT5,2.6379924388125278,3.0033082228221053
MRS2,3.9502181197601374,4.733772994899789
WRNIP1,5.290916675970181,5.420707978042368
SNRPC,8.05145490177804,7.6227585107809634
SLC17A3,-0.002577056738143284,0.06486685446717981
SERPINB6,6.289262773514487,6.953832382117554
XPO5,4.963720729675859,5.046403377434447
ABCC10,3.030376917441871,3.887228247414116
PEX6,2.756384772632123,3.8711147298534536
NQO2,4.832956041203367,5.623271639371791
AARS2,2.7464655389651726,3.1329044108919306
ZNF391,1.0303808970722088,1.82468777546312
RPS10,11.053601025725554,10.498772298539656
MOCS1,2.120763553705163,3.3933878061738394
MED20,4.434692880233124,4.451449331134177
OR2B6,0.7290107635571781,0.39447902931243706
TBCC,4.343612178009708,4.185325391261233
TCP11,0.16803079211209632,0.24271332294199977
MAD2L1BP,4.927237564996234,5.037199961773338
KLHDC3,5.351655208027818,5.679887365995781
GNMT,0.3426156713780242,0.7004592341802651
TREM1,1.113608396299576,0.12318068638282242
MEA1,7.248383384507916,7.075294192874915
COL21A1,-1.27915809816507,3.4771028493422733
CDKN1A,5.1861823821439215,6.361845185875458
SOX4,2.24838518715456,5.233303300852277
GLO1,7.608950385341137,7.450684713532092
CPNE5,0.33581931664933506,0.5651897410713469
RREB1,2.0430724138244307,2.6725667257663157
SSR1,6.908412003638984,7.176522625275165
RIOK1,4.029781215733259,4.075909868114554
NRN1,3.780455937020456,6.093530003207547
SLC35B3,3.5405395950821896,4.640391352770064
RPP40,5.025227365853365,4.387376892808868
ATXN1,3.0814600720981415,4.227766293234428
NUP153,4.179039337153535,4.773237008297056
DEK,7.260936043595249,7.396550391418046
EEF1E1,6.650115326788202,5.949273199286115
RUNX2,4.022955121374989,4.098168462324399
OPN5,0.07083963118007705,0.02145739316755139
LRRFIP1,5.764824211458557,5.754624472781399
RAB17,0.7938290627957527,1.3013569938385543
CXCL6,1.2971603422473037,0.3031181873909969
EREG,3.1834644342672167,0.271047773085505
AHNAK,5.931154326791117,7.00084521088583
SH3TC1,1.1398082134275227,1.5263477464019712
CNOT1,6.356598630049295,6.603111385803945
BBS2,4.003841136179885,5.37791703094893
MT1G,0.47403716904560284,1.1168227720191415
MT2A,12.194681846205613,9.856992125825132
GOT2,6.430437188453262,6.340535722522583
DOK4,2.1775917224698897,3.6252431241343928
PIWIL1,0.36809160492007414,-0.13887040820719737
GPR18,-0.0024627545971577236,0.3709201326012056
CLYBL,0.5640490891024079,2.3988019285178748
TMTC4,2.38545793077805,4.23937187951724
RAP2A,3.4391795754734984,4.238894652366414
ABCC4,3.4742604567201396,3.714561992861532
EFNB2,2.6873400988445124,5.049235798086427
SOX21,-0.4886890094468944,1.6957092640934919
TM9SF2,5.911101155834685,7.135576890298965
IRF1,4.837567931757068,5.294096601358585
UPF3B,4.1960403258116505,4.206122487658315
RNF113A,4.243628830510797,3.8334116083064833
NDUFA1,8.577913029814557,8.825030609970977
BMP4,1.1658050046261212,4.300044402253615
PTGER2,1.0379837927819002,1.264978073860215
FAM193A,3.0861051768494274,3.7347816772952194
GRK4,1.6004069138282595,2.321830827238438
SOX9,4.118459210403703,4.56873787231206
TEKT3,-0.2612289104596334,0.9010501430995502
MYH2,-0.13106194626852907,0.1820576462673022
HS3ST3B1,1.3852605966200813,2.5082000186478797
SLC25A35,2.5745631919478793,3.1257597311882703
MRPS7,6.596680480313515,6.472679465294275
GGA3,4.1921743860184435,4.853605324908894
ARMC7,3.3203624215077636,3.239347629086066
NUP85,5.915937212472871,5.738442897559368
SLC25A19,3.6750854584315937,3.1091451991155146
MIF4GD,3.90791878633385,4.175519247625947
NT5C,4.974476198711211,5.230629787845957
MSTO1,4.925515362206794,5.721657191320415
TTF1,3.4017234425974325,3.802432481866777
GTF3C4,3.001227995675695,4.631183746825113
DDX31,3.365227100713973,3.6527550441732153
PPP1R12C,4.988007201249912,5.3557475808892665
MBOAT7,6.298786017547057,6.568385960213707
OPRL1,0.6863454310578436,0.906345585910791
SLC2A4RG,6.711320247522909,6.4321911992764385
PPDPF,7.9540675693401,7.427177774628617
IL1B,3.6239618851114823,1.0148192769650122
PLGLB2,0.3332905234852549,1.2453666680713593
CHCHD5,4.687101850656532,4.566954788449132
PAX8,2.3391825302699387,1.7630841102200288
INSIG2,4.914687818096441,5.53473472243277
POLR1B,3.9385403222751547,3.94026581572034
CCDC93,3.4391892344703767,4.393871757497372
PSD4,1.5827628686543005,2.1644388140177906
SLC25A23,3.9132231197163225,4.8530351577633
PSPN,0.5729915149367563,1.24635774102399
GTF2F1,5.495280153329215,6.048994645804216
ALKBH7,4.567311206798988,5.125073823987552
CLPP,6.197434353339379,5.9664658828089525
TNFSF9,1.2308676934784064,2.205450185734841
GRIA3,0.20249216990988472,2.0212706649210905
THOC2,5.31129256889627,5.902257159353209
MED1,3.8250746384216114,4.362841725024134
RPL23,10.978122385731298,9.7662379425944
ATG4C,3.788753159152114,3.2662383083975746
CD70,3.0824993661731703,5.464201951181909
C3,3.9584260229059787,2.926000408333712
SH2D3A,1.5542598357797766,0.18111815410787224
TRIP10,5.379503287803201,5.049467429699828
GPR108,5.141576755886585,5.242707164050505
TNFSF14,0.2575048415555454,0.04338428213341469
FOSB,0.913388783118144,4.778925681754327
OPA3,2.46526533341296,3.686492013617581
SNRPD2,9.544801693696227,9.3523209095045
RTN2,2.949823756099505,2.8571905666082666
EML2,2.99085161827949,4.280994236033799
VASP,5.686372608005755,6.204101312151216
SYMPK,4.818489773294637,5.378111000078696
GPCPD1,2.346542629386938,4.187416643007201
SDCBP2,1.3331771851025453,1.2709468913525468
PANK2,5.2145650936028245,5.437814828087579
TGM3,0.21300125514670257,0.09375229426818937
GNRH2,0.18776573502842242,0.523522869937525
FOXA2,0.5933270397022137,0.4903032526806776
GZF1,3.0158894651561434,3.64267575792767
PAX1,0.3041248042563396,-0.11717715243364138
NAPB,2.3157171903217177,3.5605654515218457
CENPB,5.663133151247045,5.912596895478907
PSMF1,6.787674795473105,6.737839004718178
NKX2-2,0.541165752967439,2.8209836518934974
DTD1,3.930049600930324,3.5519283195051914
RBCK1,6.214893902513866,6.4427282307278215
TMX4,4.056654467879197,5.174803545143578
STK35,3.1346861900132663,3.2899595591552457
SNRPB,8.674158822690025,7.870871714316009
NRSN2,4.2940352096186505,6.402117959085306
RRBP1,6.1925315150859825,7.287337642697441
BMP2,1.662414675211736,1.1172499553118678
ZNF133,3.1769538346863677,3.568649776781156
FLRT3,0.7381991804529502,1.7801624433614334
OVOL2,0.32698771775308244,0.1200977190486339
PCSK2,-0.20261154192030026,0.3752152701992558
MKKS,5.44851740770747,5.065212799283739
BFSP1,1.3008471781455389,2.1130912412282594
DSTN,8.332521066462112,9.541416077827984
SNRPB2,7.22784130583969,6.852612666622955
LRRN4,0.23906326196001396,0.25934231475011615
TBC1D20,4.2475784056639885,5.1456811002336735
ITPA,6.212905382157271,6.008806665616045
TCF15,0.12087521694667991,0.04660438789305421
MCM8,4.1861128745160965,3.896919140998413
BANF2,-0.2104128313991407,0.2232645443186234
FAM110A,3.166896575248539,2.5487388737201924
MRPS26,5.738921010465772,5.485277821746958
NCLN,5.350266196419434,5.295035721679343
CITED1,-0.40195472275962596,1.8629733203754408
HNRNPR,7.4778800454128875,7.210032165663524
ZNF436,2.349102022888812,4.132902906644417
MAX,6.173206524362025,5.743268865205811
ARMCX5,3.330195869773717,2.652665938336217
GDF5,2.0189664744644706,1.886413632364071
MMP24,0.2678188223459559,2.570823965498149
NECAB3,3.808234877862,4.495662197247579
ID1,6.303136009739202,7.060389270670181
RALY,7.769694263285682,7.548399676821222
DYNLRB1,7.914723938825657,8.058778384355504
EIF2S2,7.142815516614325,6.296808588629004
ERGIC3,8.139304681707667,8.643043218200159
ROMO1,8.62723768562953,8.116159515998866
CEP250,5.227025834459708,4.602301616425436
PLAGL2,3.2365097980099633,3.079745564320446
GRPR,1.2870955097313783,0.7792207781464155
KDM5C,4.428952244822357,5.885544200809767
AMOT,0.8225933129332896,3.8044579800437752
TMEM115,4.857015225672286,5.420571519754545
PSMB2,6.627193407606497,6.619001600056735
UROD,7.159624429193589,7.017864627064027
ST3GAL3,3.198762249380703,4.129047176887369
TMEM53,3.198855091378673,3.0650294172621377
HECTD3,4.7166697710449315,4.969668111328238
KLC1,6.202747554860947,6.557408859017914
XRCC3,4.727608112502871,3.7793342801006786
TUBGCP3,3.907053670119879,4.029207229101159
MCF2L,1.619885234533969,0.804858339297452
F10,0.05670241775705612,0.4520729658547412
PCID2,5.512705124302176,5.610582400309818
PROZ,0.22814538998969439,0.2708575407351999
LRFN3,2.381682366069035,3.263582285744646
CAPNS1,8.665129629475695,8.817284497097278
PDCD2L,4.2588732181021784,3.5283777928258
RBM42,6.130140912723085,6.1240704802581485
KIRREL2,0.17834887923822954,0.4017011108574902
UBA2,6.995981220211311,7.139028602702941
HCST,0.4587383690738448,0.6269030761855262
COX6B1,8.471326851030664,8.680835096315716
THRA,2.734860277195427,5.054256327082324
CCR7,0.22254944752440542,0.42079983467689663
NR1D1,2.585796090578809,3.680888329626795
FRMD8,3.945337294805804,4.342736869430902
PRDX5,8.448147198760074,8.10634051821789
BCL2L12,5.903296294513593,5.007011647318914
IRF3,5.924205982138813,5.447593699387387
PRMT1,7.868756480958982,7.249990799555926
RRAS,5.997080640458287,5.805412571625384
PRRG2,0.7282237461799395,0.30193077189156947
SCAF1,4.5531474232827085,5.019987584463154
PRR12,2.557465492267499,3.1558027975400593
FLRT1,0.07511695112631711,0.7062693029888858
ASL,5.136952535416615,5.233237732877114
SBDS,6.561138144941239,7.499134300562913
STAT5A,0.3515731403347502,2.7302711808254285
WNK4,2.376026826708651,0.4225418650516911
BECN1,5.989279174378312,6.183059276127601
PRKCG,0.09658284668981243,0.3010623063654767
TRAP1,5.957430288347357,5.469463352470088
GLIS2,1.991817796704983,4.0544427987788945
DNAJC8,7.183688099025025,6.777022448520085
AHDC1,2.446614737979938,3.975999382593077
IFI6,4.754939629588032,7.405893923676139
DACH2,0.03316563965641092,0.055093531491973616
ZNF384,5.240648315802651,5.598525999265548
EMG1,6.594420924051332,4.937718697132505
SSX1,1.5821155044214303,0.013900073347564268
UXT,6.951314353855792,6.56066187837123
CFP,0.2414646898625991,0.7404962386252353
ELK1,4.511889256889722,4.919255827994985
TIMM17B,5.951094260209781,5.886961339566083
KTN1,6.608851309663765,6.390132492007284
SIX1,3.04774176405188,2.267490891339101
RHOJ,0.8145377277396477,4.674137207541588
DLGAP5,6.123888446616342,4.615689672222861
HSPA2,1.1340774590275275,1.7368923479547875
ZBTB1,4.636294089292873,4.7835828923788775
TRMT5,4.212165351557375,3.0632529135456674
SGPP1,4.677112620036097,3.998583532936836
PLEKHG3,2.568851426112507,2.32697821320104
PZP,-0.19094581135296776,0.22893630015563043
RHOT1,4.460795692392582,4.782716824597426
EVI2A,4.54472960296466,2.4937482496245824
AIF1L,0.05741565513520919,3.1887499803326405
FAM78A,0.8435919856760589,0.822880426331532
NUP214,4.146059669149011,4.854458234145665
CTAG2,1.9852905305694688,0.15439508934656254
AVPR2,0.25339672919605416,0.2887486273265196
SLC10A3,5.070117454358679,5.025940287548911
MAP2K2,6.371834816240264,6.311851365258395
HNRNPH2,6.149872938670967,6.887931309863558
ARMCX1,3.9787755773769917,3.9161641281395334
TIMM8A,4.6680446146749865,4.435640279552809
ZC4H2,1.7025562800554561,4.27428405910991
CANX,8.974581825520541,10.136669761853845
IPPK,2.8409369427698823,3.8281039589336285
ZNF484,1.4291397092406526,1.949051325434354
OMD,-0.4308393574655582,0.8235903210197564
FGD3,0.19252750243652783,0.07363851177714019
HIVEP3,3.0665614313620844,3.0996491362023
PPCS,5.163619267790412,5.6810344195034705
EDN2,-0.20186183726121787,1.2995853373645403
BCL11B,0.8126013351404091,0.029479995314542318
COX7C,9.341711274077557,9.44643177881362
TRAF2,4.195522349202012,4.015533467617939
ABHD8,2.9150096138365225,3.6439794888945105
MASP1,0.5690950064986406,0.5043377941654016
ATP13A4,0.13733222677959853,0.23579387778288294
HELB,0.7856790514547659,0.9478380568478663
RAP1B,7.250290480904514,8.162434909300682
IL22,-0.09934870836697778,0.18910323666478074
TSPAN8,0.09581301641999007,1.3646074075567647
BEST3,0.5250058609734364,0.49552821611917275
RAB3IP,3.4109919966369118,3.480002628998308
PTPRB,0.8401302369449488,1.766906107985309
DYRK2,3.1790226618322412,4.007403812461229
YEATS4,5.340001254940632,4.419631274521432
TAS2R5,0.0606762043031579,0.9063113246762549
CRYGN,0.02243880101563228,0.1596519580400988
LRRC61,0.9485156204866345,0.30585395472659876
IDUA,1.7336085576420557,4.15535941248092
FGFRL1,3.9004312753207975,6.176563295454973
TMEM175,3.947419163996585,4.8889788995186745
PIN1,6.110816948220312,6.575154215852822
FBXL12,4.194907000780902,4.721222176560637
PLA2G5,0.0858418021181314,0.22579667556432736
UBR4,5.927610511626866,5.892081273981201
HP1BP3,6.745494361774339,7.298502659610336
SIN3B,3.845372159690113,5.138525553777056
SLC35E1,4.520646244209463,5.513162160697918
EPS15L1,3.718772028808085,4.355568523549163
KLF2,2.1765924290832657,2.5458179386562287
OR7C1,0.9723250447951637,1.1692406946933607
UQCR11,6.398172461564441,7.225826073194514
GFER,4.076695964948949,4.070160725399805
SYNGR3,0.9947497996693746,2.1897316243538043
PKMYT1,5.91378277934477,4.854629468848406
WFIKKN1,0.17002315132448179,0.49347320067581313
WDR24,2.450910010868596,3.130509918250102
FBXL16,2.730639128841002,1.3157346542801975
CHTF18,4.492507153034285,3.9979747753482613
GNG13,0.35256697781481117,0.4126365232597518
MACF1,6.195753839518895,6.971923295456818
SMARCA4,5.021940063534296,6.058660137740995
KDM4B,2.5762638275222276,3.7503541016469053
TICAM1,2.783784785123649,3.2831744144968744
IL17B,0.6038246887795159,0.7508847689396726
OR1E2,-0.06052763317978062,0.09458864782541462
TUBA4A,6.920045534854106,6.2005949606301245
VIL1,1.0664238359270655,0.7437256217151096
AAMP,6.63482149187557,6.547962473520526
PNKD,5.562495985954863,5.948595463820518
TNFRSF19,1.3627471375450568,4.1450615171009435
RNF6,4.266408223846346,5.072364711247638
ECHS1,6.666482635573143,6.270221591253532
ZNF835,-0.14238667225474272,0.6094529426611904
AKAP9,3.1610923065916197,4.919552779517742
GNG11,4.996306713446562,5.307017166740816
GNGT1,0.16667003864402727,0.020475229331985798
HIP1,2.4816174882169557,4.995695652213104
PTPN12,5.603695165462035,6.369582100021131
POR,5.4702408403739655,6.329450346055235
FGL2,-0.4205189611469067,1.1288437076442803
STYXL1,5.743526480685604,5.636805522397254
STEAP4,0.5043642431033384,-0.05101302071582936
GNAI1,2.72708901937246,6.550701589524685
PEX1,3.206436203125195,4.26830401001354
SGCE,5.680018174323428,7.371940305162839
CASD1,2.873879723128617,4.786990743582629
ZNF780B,1.8910793153012055,3.3186886410393894
LRFN1,0.6134282491467882,1.1575850240532206
ZFP36,3.5680294856232098,4.310065353110775
SRD5A3,4.4560282968432166,4.173297600862082
SPINK2,0.16430492146148856,0.32844555460661473
RASL11B,0.2491047621370685,0.5489302991042513
PAICS,7.620291665144454,6.543944837576693
KDR,0.4282366298328303,1.1287616355076753
PPAT,4.422447468899021,3.86731336402858
TUBGCP6,3.1113230268548566,3.851429794172763
ADM2,0.8100876020678238,0.9227065960455826
DGCR6L,5.683166439224125,5.177248559076784
DGCR8,4.16102156920216,4.541783578475405
ASPHD2,1.338697861025067,1.8781954131156375
VPREB3,-0.014473429570258212,0.612293330267567
SDF2L1,6.094046765165866,5.2380458754851436
GAL3ST1,0.2587293603952182,0.29051903513971583
YWHAH,7.106048181052707,6.975272057367951
RFPL2,-0.1289521640255163,0.34773411902234347
GNAZ,0.7341775923244722,2.635799916494225
MGAT3,0.45109777404986184,0.19633913616609672
ADORA2A,1.4032292120337788,1.347605391274054
ATF4,8.556366410712414,8.00726060283317
A4GALT,1.878729319162554,2.3584463733981114
CDC42EP1,4.868264467302353,5.579866965685832
APOL3,1.8392269243490547,3.220912734255915
MCHR1,-0.21662002754576531,0.6392305963692593
TPST2,3.4051755816239493,4.815324629865
BAIAP2L2,-0.007787559484677242,0.8257639733507429
MPST,4.882664237490002,3.8166776848986044
TST,4.020471425014148,4.1236264319887255
IGLL1,-0.02641014707731959,0.2511862561224342
APOL2,4.281490452109905,5.3644396213682
RAC2,6.302718684238673,1.648057177378308
LIF,4.749018136288431,4.41721988499032
C22orf23,0.8041546050795904,1.592295035393061
APOBEC3F,2.363994488310765,2.658167885373636
RIBC2,0.590387053599935,0.5131057050576103
KRT17,2.140842545163222,2.403126208934204
RNF112,-0.3245508873023908,2.8190173549233837
CPA4,6.120724018749325,5.017308193722081
DOCK4,2.228389084403234,2.3710103822727056
POT1,3.8254905204049297,4.979444588116544
ATP6V1F,7.352577777303804,8.267673658091576
CDHR3,1.511450557970519,1.821273172612361
PRKRIP1,4.073168519804912,5.168137255290688
VGF,1.6867821743789024,0.8275798965701402
PODXL,4.360177252288822,4.165811978322922
FOXP2,0.440477117261187,0.5602765524334535
MKLN1,4.309717466178257,5.123498261167651
DNAJB9,3.5135191694079912,5.293144682959351
FLNC,2.125662945738325,4.731957863371997
LRRC4,0.14782372057543125,0.7586394824508653
CALU,7.881888270402646,10.326120122370728
CCDC136,2.0126452709128566,4.323701606589681
SMO,1.323520204248121,5.345262209776065
IRF5,0.13509865926237064,1.965059132866923
LRRC17,3.7636379953905954,5.156751610300847
KLHDC10,3.355162118719151,5.434655675592374
NDUFA5,6.552356157025103,7.0191862919851244
FEZF1,-0.40955921944918205,1.4085087471240825
MRPS12,6.06400634725162,5.775368190828026
MYO1B,4.106574089831748,3.119963212334329
HOXD1,0.013280701783384474,0.3772302399181835
HOXD3,0.17574547171422217,1.278306732852753
MTX2,5.862588906490078,5.776336087130702
PDE11A,0.12044207477888469,0.2472227003441
CHN1,3.120107435186896,6.773328955267952
GAD1,1.197741743009212,2.887877391966854
OSGEPL1,3.6394442048868934,3.468461349365626
ORMDL1,5.9107479806319,6.72540272035113
HAT1,6.3926733275676195,6.3667131622758975
HOXD9,1.3181183386195363,2.457870250153757
HOXD10,1.2863104161562742,3.48122850073267
HOXD11,1.243595186147346,3.2868901533132053
HOXD13,0.4780026342362158,1.5151049071788494
HERC2,4.346163706782762,5.343047521069659
SNRPN,2.843786596566679,7.209923372530964
PSMG2,6.326356817432642,5.997586345237374
TWSG1,5.124251944952803,6.476879248794393
ARHGAP22,4.009001881850602,2.8340053446147992
WDFY4,0.19586472210117292,-0.011550442514161194
EIF2AK4,4.688727827626789,5.277286007249034
MYO5C,-0.20075494112942782,2.2315421590636495
CGNL1,0.09865215025073049,2.410907751490462
TMOD2,0.7062573840564241,3.16189619651323
TTBK2,1.6797610811985288,2.9926875599906166
ELL3,1.441370766268786,1.4629604927866393
INO80,3.50352090235232,3.9226228018216975
DLL4,0.08144268508635721,0.17413356356587903
ALDH1A2,0.6897099568254619,0.49270218130100585
IVD,4.051140814365619,5.619151767686264
DUT,7.25843860861191,7.0745860663676705
CHAC1,2.2948799386245193,3.128618255131062
CLN6,5.12003581771645,5.768143233661157
ARPP19,5.942526275206148,6.814536955563246
VPS13C,4.088998371621062,4.688987645327439
CALML4,2.8519912986038385,2.071381666134726
ISLR,0.5958198987638739,1.5917301058485147
THAP10,2.7003663366902346,3.111010804055132
LOXL1,4.809287936303525,7.063037498686905
ANAPC13,6.707829860472915,6.930828463365257
MBD4,4.606804123388828,5.218926602214724
COPB1,7.0420446409758695,6.880904618715784
PSMA1,8.54135714114957,7.737165016541002
SUMF2,6.719363128074643,7.922542984338763
PALLD,4.554200443929791,7.736396603043186
SPCS3,6.464065626422178,6.06077095747615
BBOX1,-0.27116696203752677,0.8183286085974286
MYOD1,0.03622428050136996,0.07771351225563833
SERGEF,3.8480544835505035,4.4049922176891245
KCNC1,0.10380251016057035,0.27707897405381854
TPH1,0.23979036416982105,0.24987863827416704
CSRP3,0.26974398651274406,0.33055002256028976
E2F8,2.783489215990013,2.487065227605316
DCTD,6.021215982739064,6.678457099462554
SOX15,0.9262633423936244,1.0478140969878755
RPAIN,5.275226707479678,5.762424830517574
USP6,-0.004084722268946461,0.2526203234822833
SHBG,0.08905847889514801,0.9216530213914044
PLD2,3.0312555236721,4.163172856873597
CD68,6.160853131445851,4.180973631028393
TXNDC17,7.411946655968252,7.315852501615107
ATP1B2,-0.33069887334055664,0.8029034987731746
FXR2,4.178284387129172,5.214319364886536
KIF1C,4.937793793304806,5.997701169393608
MPDU1,6.166159930005148,6.399448209820509
PHF20L1,4.525425252803332,5.315844987773979
CCNT1,3.416111696377907,3.982617902986553
PUS7L,3.3716925293785556,2.9548872492632072
KRI1,4.4707371498412725,4.229485449905292
ILF3,6.974158556373727,7.275281052425954
SLC44A2,4.588667635894966,6.659802746551485
AP1M2,2.1252177859088213,1.4321404133315832
CDKN2D,4.142106314090122,4.186301387800471
MTUS1,2.4775854916777686,2.1074969936482
KLK14,0.08095488174060939,0.48227914779140446
KLK10,0.30726985326248285,0.20422913039698515
KLK8,1.0503966524749788,-0.40725955009486614
NGDN,6.1234243071040195,5.1302520166725145
ADCY4,0.6293487925198433,0.13250118065232783
RAB2B,3.9459260013597186,4.134268262099706
BCL2L2,4.4210458381525015,4.677381144336244
PARP2,5.703737290180772,4.664292847273152
HEATR5A,3.1164118980399587,4.0694990679601375
FOXA1,-0.2821101900365802,1.2365248576000736
SNX6,6.301816081965907,5.782867038434088
EAPP,5.154738689344198,4.85232254686048
EGLN3,1.914454877128233,3.8836791351480127
NRL,0.7480893835088066,0.813787170259744
RNASE1,0.7262844595843845,0.6696349287479801
NEDD8,8.612527124238543,7.975559162571676
DAD1,8.694513279578606,8.135463885137098
TEP1,3.136308301138912,3.380266216151196
EPB41L4A,-0.7234850812608337,2.062203571343351
CDO1,-0.08492093006873414,3.01252563680936
REEP5,6.5383403137559295,6.908490625393774
ITFG1,5.066528612920714,6.31380411771555
QRICH2,0.6961526513211496,1.3101941479830035
FOXJ1,-0.6079175774601464,0.8933627942446914
SEC14L1,5.163250600135814,5.750492969086933
RHBDF2,3.7003852004675144,3.9541139823578066
ARHGEF6,1.6513508984362681,4.6356029435944714
MAP7D3,4.12619866400557,3.5079878407164404
FGF13,1.4822685869677146,3.1724011600377575
ASH2L,4.501820079528762,5.2384459906383665
CHRNA10,0.6144986429922554,0.930987434411457
CDKN1C,1.0596466769830775,1.931415013896196
RPS4Y1,2.1800385485753386,5.714002921477484
VCY,0.3330486152813492,-0.1404657955669162
CDH15,0.06436995014381952,0.7017845953152473
KLF16,3.3257169313853985,3.597963333141607
DOHH,3.7726002152229934,3.781203089008459
SHC2,0.2373859467964231,1.8357415353569735
LBP,-0.013180757696222067,0.7049788830487376
SYT5,0.7563679363722753,0.07936806022633175
TNNI3,1.1174027482247428,0.29874173714864044
GAMT,4.329013131223517,4.9776284193562015
PHF10,4.6619642060092605,4.802857596788949
GALNT8,0.4983794516565496,-0.06448711471198024
NXNL2,0.32700233360437886,0.9049266798400447
STARD8,1.5322821348381637,1.6237960293120863
GDPD2,-0.23401555020173698,0.5189036624929251
SAT1,5.705724094604392,8.5944030899301
GNL3L,3.0917151215167173,3.4783168849835087
SH3BP4,5.41405762611471,5.3547604202476595
MOSPD2,3.3050041575923137,4.328569910690275
DOCK6,2.4183654815867195,2.753481298720236
ECSIT,5.093301247324571,4.395173635966925
LDLR,5.065440866159327,6.160767324198453
ELOF1,6.472776970467636,6.30720743665979
PRKCSH,8.122041079785642,8.63373982518844
CNN1,0.7920117888464635,3.8158965612523628
CDC16,4.858220092436662,5.620033899347302
APOE,2.5700354002074866,3.8675425626054465
TOMM40,6.09103337451366,5.945700906690567
APOC1,2.5026880040542756,1.2623085078176586
GADD45G,-0.21602250853142413,1.410172844328001
LRCH2,0.8951093192992947,2.5848006066572666
DPP6,-0.17867732113539084,0.4512963246822984
XPO7,4.830744644647246,5.633038596825844
FAM98C,3.4820510991964055,3.682301808068529
SAFB2,4.674737034713407,5.319978502042708
RPL36,9.912891895477008,8.935989602908066
ATP8B3,2.4934797056907065,2.79704828123192
GDF1,0.1581751093384659,0.47815414021562047
KIF1A,-0.016576093869316466,0.40979310586647444
GTPBP3,4.399456832945344,4.247076705030374
BST2,2.6032839536942314,5.519806187473215
SLC27A1,2.02866834604563,3.9278090660274287
NSUN5,3.362354624542182,3.878469902782948
DDA1,5.41684698089235,6.022107689351361
MRPL34,6.187121400425753,6.081525458560448
PGLS,5.515735943126121,5.724767062786864
LSM7,6.630315870975278,6.711568196172211
TULP4,2.379766051212737,3.484898771770927
SNX9,4.412042971380152,5.025245972902124
RTN4IP1,3.222399008098106,2.708785775941682
QRSL1,3.355522805866516,3.2700602146531423
RSPH3,1.6850027404176722,2.679165890222002
ACSBG2,0.12788317721647546,0.3305163103431199
MLLT1,4.044575404930535,5.221440797605588
ACTN4,7.956063851137587,8.890810046322725
STK33,1.6028453181834814,3.353582940155634
NDUFA10,5.829315422272168,6.209013590512676
EPO,0.060851113518322494,0.10424793173834364
ARPC1B,7.137688782380537,8.236835690145869
CACNG6,0.5014968003551297,0.27476183791049835
ZSWIM6,2.826821073565513,3.635814251125361
FCHO1,0.8370995950742939,0.6464644912845876
UNC13A,0.2789322686163957,0.7005548347837007
MAP1S,4.135938688573768,4.067078942622521
KLHDC7B,0.40940823589655,0.21229274667924874
PXDN,4.210191102760552,6.637567252240415
SSBP4,4.4853191876854535,4.780158995940751
GDF15,3.8545550580378003,4.272519992803677
PGPEP1,2.5168033970254324,3.675135439549663
LSM4,7.277462294066157,6.998938913851482
JUND,4.424879108289736,5.967452761785755
TRPM4,2.7830097445225226,3.4034478463963884
SULT4A1,0.27011192225184316,0.767656310197493
ZNF557,1.3636877713923374,1.6450379454370831
CRB3,0.7869757167031144,-0.0764491861842862
OLFM1,0.3636762690003361,3.537238590782267
CAMSAP1,3.0794428574871353,4.086229187615996
UBAC1,4.618307410805487,5.129798769437918
ZBTB46,0.8010219818609968,2.1431539396181134
SAMD10,1.493756845149001,1.6733271844935724
LSP1,1.7632135102868594,1.6416276331945743
TNNT3,0.12539465948924022,0.030975524957976897
TNNI2,0.2443826436289515,0.05505714291724784
COL5A1,4.942299198397968,7.848365375615781
ATXN10,6.302101253714822,6.704242739505032
TUBGCP2,5.2288740327662895,4.848792947170553
CALY,-0.30996821970475646,0.7047593929371039
CYP2E1,0.590959145653119,0.6577397642001591
PNPLA7,0.3830663385128123,1.1256590974048657
PAK4,4.280462515576027,5.028060215421884
MNX1,0.5964949537075244,0.20592644335154156
ZNF337,2.985094917415562,3.349160522139544
TAF4,3.235917879851327,2.9132597762297605
GATA5,0.1674644022499541,0.08487390964362415
LAMA5,3.695261555449725,6.188993827740331
OSBPL2,4.017006144452774,4.768363432143905
ADRM1,7.417097015960607,6.709282595068242
ASS1,1.3073924041432057,6.351553416859562
EXOSC2,5.33825001202198,5.240792522089506
POMT1,3.3919010327223456,4.9020870983722435
UCK1,4.185864116852304,5.496717238524151
FIBCD1,1.7305209575985072,3.085033417667354
CHMP2A,6.754771721749006,7.160400385169014
UBE2M,6.603527034519437,6.391834362031729
TRIM28,8.809340486467981,8.48213341190672
YIPF2,5.239805182203694,6.516348648983842
ATG4D,3.8567451734600953,4.620622674290236
EIF2S3,7.12057856169699,7.108857670487341
TMEM160,3.381179224385468,3.8265693704366086
ZC3H4,3.389638137787894,3.923043086469843
NPAS1,0.7309566765279636,2.073644777027533
GMFG,1.5279855083290446,0.760337657060312
MAP3K10,2.841567664496234,3.3921440468449804
ARHGEF16,0.9169047309664821,0.680687773338148
LRRC47,4.595103460259953,5.002675138132116
SESN2,2.934231876478591,2.8298627235276057
SMPDL3B,0.41169454218364765,0.7457809570335551
MED18,4.261955240349039,3.9863803857060907
CLIP1,4.778893146496594,5.154109718724924
CCDC62,0.4492361201962922,0.08586604929244795
HIP1R,3.6370928597408803,3.450296622457993
ZNF317,3.7159481186108656,3.723129719189083
PPAN,5.135202424882361,4.723598540584092
EIF3G,7.659835982932961,7.11567042485286
ANGPTL6,0.29767348047877074,0.4454357735823049
DNMT1,6.316790687064921,6.518704621615489
ZNF426,1.8635894270132398,3.044813510523446
SLC6A8,4.3488348097184835,6.0083690043800955
PNCK,-0.012182173300983923,1.1364616135616497
DKC1,6.815903497159799,5.972709701071795
PLXNA3,3.6664510321185966,5.318781827572727
DUSP9,0.27184631308452245,0.49489757294378883
MPP1,4.460201358328071,5.002567940500229
ZNF331,2.4578827774028293,3.418694738076565
ZNF236,1.4202983790627437,2.2817062443225025
SLC7A10,-0.020087558781929457,0.22177573781747364
LRP3,1.1981312752029332,4.386498283560575
NOL11,5.798816090820464,5.4486486257180875
UBE4B,4.238891403163134,4.364990712597027
CASZ1,0.7589728082620365,1.0423867341510102
HSD17B3,0.019081925869824934,0.43946200098319305
HABP4,3.358101221902529,4.342603665579151
SLC35D2,3.7652534418061423,4.558055268651839
PRRG1,3.175379579203185,3.076473985538867
UBA1,6.506777173205756,7.3025384512519915
RGN,-0.04479359760934931,0.8707438874373201
POLN,0.513304749535458,0.9864383836408193
PPIL4,4.6922918460779295,4.687917964216466
ULBP2,3.624668582650871,4.6286658163623216
AKAP12,4.2990893990174595,4.487609387201618
SYNE1,2.26656559529651,4.8561728274326885
ULBP3,2.1917666637955207,2.539806092109047
LATS1,2.825303771520496,3.5916491947196993
EPS8L1,1.1371186430235727,1.9624419666828068
TTLL9,-0.1493249278092052,0.4476013981190573
RBM39,7.714803641850714,8.121772939609839
ZNF341,1.642982791444278,1.4393114508597245
GGT7,3.0836117502595086,4.55582852828
ACSS2,4.862315140239735,4.799844465939512
EDA2R,0.9714241246951063,1.852468090757679
ARHGEF9,2.894045684832895,3.9094515668808425
C1QL1,1.6100938509522822,4.513775378641277
GFAP,-3.0163739139595815,5.30086582062743
HIGD1B,0.18352514558753846,0.27902804315813395
ATP6V1E1,7.27226458209141,7.357845333042911
ZNF227,3.160857261129814,3.826463990270072
ZNF428,4.153735954876462,6.424687578418384
TEX101,0.31385006271917376,-0.12559997547608842
ZNF141,0.8746523111586886,1.3144723530784284
COX4I1,9.326507430359053,8.894411065861592
GINS2,4.268660411031446,3.7616423606887657
CHMP1A,5.9972767638504605,6.400662836367666
SH3BGRL,5.632730158637218,7.421196758865692
COX7B,7.420400698194825,7.830302841543008
F12,2.568320371179337,1.6805084067339378
PRR7,3.008066745502899,3.4562981633875354
NFATC1,0.6306335804809484,2.484855340656216
IDO1,0.39921242631436543,1.2370252537676543
CAP1,8.489767943982184,8.404516725377235
PPT1,7.249371194960243,7.242707437026509
RAB11FIP4,0.3442702416436605,1.7288425276163897
RLIM,3.7001143357231148,4.630592355603974
ABCB7,4.093723940266067,4.427514641563462
TRAF3,3.4081095055273076,3.5353557083655294
HAUS8,4.249381438731968,3.931435956885875
MRPS25,5.134126071062272,5.13586860740826
SH3BP5,4.301325041378504,4.927328291954971
HACL1,4.217247847690157,4.503064764077071
TBC1D5,3.7768112903898063,4.856258428783284
CAPN7,4.0906582503631626,4.807458098600522
RFTN1,3.173603103401037,4.953254012122303
SLC6A6,4.3153383000277525,4.755958249265794
KCNC3,0.23771550514525014,0.3661575982610124
NAPSA,0.4199067511094212,0.25762901563095353
NR1H2,5.421254678571572,5.867809750191698
LRRC4B,-0.5344780841627843,1.3156714267699112
PDLIM4,4.6264717427043855,3.9758744456074084
KIF3A,2.660573355605288,3.628567911274053
MGAT1,5.541813790537371,6.559157318842134
GFPT2,3.12869422066914,5.255520554381237
TUBG1,6.363002407454888,6.265137773079742
PSME3,6.241227281660337,6.453738012905238
RPL27,10.736927964780962,9.879938709298376
PSMC3IP,5.194939851151115,4.856139436062379
AOC3,0.804565323988593,0.21531019077434965
ACLY,6.35089524044468,6.583865852711908
VPS25,6.447371022486494,6.487093450946814
RAMP2,0.605409463225474,1.47155896740164
AOC2,1.101101693640152,0.5208531389340527
NDUFA2,7.103262243885569,7.092583213517767
ANKHD1,5.426915346889997,6.152823039566961
DIAPH1,6.183789778251029,5.761086923939145
NDFIP1,5.164928739337696,6.695222020218578
UBE2D2,6.394468598502681,6.441836171433998
EXOC4,4.222846378136192,5.835661308746214
ACAP3,4.080690565660247,4.632569389195728
C1orf159,3.5901384256587248,3.0170504893785823
ANO1,0.6394996687519927,0.5880876119630392
PPFIA1,4.611998197669025,5.606050484095075
KREMEN2,1.4265220548592334,0.5671623349824929
THOC6,4.9669436787569285,4.002181692540878
TRAF7,5.187319390783415,5.671460998485033
BARX1,0.295961485566798,0.37151612633388287
NINJ1,3.8967978794903164,6.153562208561211
NPHP4,2.224067555794177,2.9042432115625565
MAP1B,3.538693758287754,6.909960195193487
IL13RA1,5.256951311019446,5.934810278781839
WDR44,2.6875633376169934,3.9514106514846574
CKMT2,0.10206547945646505,0.3347251137836032
ZCCHC9,5.620236527509931,5.225781913771573
KRT34,1.947175002375015,-0.1340782569933493
KRT33B,0.27123578634700163,0.03754200715886642
TNS4,1.193625951521678,-0.10765517319527002
TOP2A,6.820770868375397,6.791685862988626
STARD3,5.378184860434874,5.9028903726070965
RARA,3.785232400976271,4.098458803459063
PPP1R1B,-0.5943624252696791,1.169182653728504
KHDRBS3,2.0983011685385433,4.901429912827515
CHD1L,4.41186736543722,4.410903903838942
PEX11B,4.426691228576513,5.238324233604519
FMO5,0.727114485046437,1.5901013273572733
PIAS3,4.48568879144368,5.2798005418576635
PRKAB2,3.2383405702025447,3.984149697337356
PDHA1,7.2851056686405755,7.560281212030437
MCCC2,4.669529184020087,5.487269353564953
ZNF304,2.0408909055064632,2.797491821152247
ZSCAN5A,2.591645068768013,2.7319919179597427
ZNF132,0.9542659120780155,2.2270660659240815
CHSY1,4.736504185450816,5.372371029925487
SNRPA1,6.727519265216063,6.082239444714832
LLGL1,3.7671136873234046,4.3967069974993755
THAP1,3.692263414566239,3.5988886298139082
RHPN2,2.0459269201285557,3.8451654739756114
C19orf12,4.473541494712878,4.716645969444606
ACTR10,6.471181129983744,5.979512313369242
ABHD12B,0.3444253508226271,0.2077136446128332
GCH1,2.534129299617801,1.698316725858445
LGALS3,6.780047763306682,7.519326919077585
PODNL1,1.9071314146681142,2.7608526778435825
DNAJB1,6.382081631014778,6.506854664213556
ZSWIM4,1.7958835734091418,2.997616192370366
FBXW9,2.280550807908215,3.472953653919275
RFX1,1.8720385145536884,2.239412044852916
ZNF20,1.8838561688206616,2.3520537601585736
DCAF15,4.581768726747797,4.2675197046767925
CC2D1A,3.810169925700933,4.312878227139482
RTBDN,0.43509762526756657,0.6064335380330782
MATN3,1.3458411358771105,2.670021093208153
TRIM21,3.920751489732668,3.787264104283388
SPATA6,0.6802208320607233,3.243691920329737
LRRC41,4.86243483326112,5.763967323477174
CCT6B,0.5576316498376315,1.9115482386082228
DHX30,5.222520425171808,5.504643480576523
RAF1,5.82596899040952,6.621343090262922
SLC6A11,0.37439988422594617,0.0047348001512251825
PPARG,3.5097574264388784,0.7321750828874458
NUP210,-0.05180733412903327,3.0818654094087483
FCRLA,0.16967487651188795,0.9669185681633243
HSD17B7,3.9823433765930383,3.6751135304445435
ENOSF1,3.878960986118427,2.613757445281593
EMILIN2,1.8733494358584628,1.0225674231492672
ARFIP2,5.587049508902831,5.340555300430295
TRIM5,3.7689690104054714,4.882853821833249
TRIM22,2.3016312189937396,6.497913458686296
RRP8,4.0951687962756385,3.7064120904115154
EFR3A,4.483007152374128,5.374340207008082
PTCD3,5.416873036047909,5.809370277848043
IMMT,6.248385314739664,5.946402908751324
MRPL35,6.527775301997914,5.295448596972681
IQCA1,-0.009217655720289597,0.64478620116792
ILKAP,4.810025425764371,5.290479414875759
PER2,1.1093154343797953,1.862875701281138
RAMP1,1.9364547268216472,5.319022954771027
SCLY,3.6886752177922135,3.692717411002597
PTPRE,2.2824814068869563,2.1595258435042153
RAN,10.04104145186286,8.791685838862932
PRKAA1,5.711628371650567,6.253014211140144
CARD6,1.7491063791210397,2.7772997459693163
RAP1GAP2,2.6784362184928323,1.2358880613669967
INPP5K,3.5261636446872906,4.744460368263501
MYBBP1A,4.736631966669792,5.004886498661675
RPA1,5.847979813207604,6.415417859074009
SERPINF1,2.53670117106813,2.0321598549359883
UBE2G1,4.903676040333385,5.4367327663613185
EEFSEC,3.439055625493389,3.6562286538130446
TBC1D14,3.5605781196432864,4.20826613451372
TMEM128,4.511250512610324,4.878601345161614
COQ3,4.419851084892633,3.472703116361477
POPDC3,3.2955581503291262,3.483330944183431
SEC61G,8.140261175225238,10.035762776186418
LANCL2,3.4847766790912895,4.367631050117656
FIGNL1,4.894523166228877,3.2482559203867907
DDC,-0.053346095811811156,0.3043377566489187
GRSF1,5.732033422869607,5.954481228542662
ANKRD17,3.8715850801758185,4.696013488853155
UTP3,5.1819985532638295,4.927701038794888
ITGB4,0.94010861911379,4.375723098594075
WBP2,6.108570861575246,6.719354199707439
UNK,4.296963520046336,4.990235918013678
TRIM47,3.5511791092235563,5.128908229597393
ZRANB2,5.817211918388798,6.465007608519698
EIF5A,9.949760790081468,9.10408646848926
KDM6B,1.7136878551057833,2.8355823790344337
GPS2,5.865227492875212,6.0634507304123355
XAF1,0.6663013387490193,4.15113512570027
DLG4,2.346043213128546,4.651393683780814
VPS13B,2.675341688850258,3.466088355431973
RGS22,-0.043846762770028413,0.2537652126776694
MATN2,2.681975524753546,6.032124410338439
REEP2,1.0945756081340179,4.2419645902502126
PCBD2,2.7248984861060954,3.1507704802056904
SDF2,5.6200812269406875,6.466475010098555
FLOT2,4.284486493732814,6.123639643482263
ERAL1,5.588784657220468,5.738952609476435
PRMT7,4.780035231935497,5.348235814820967
NIP7,6.161429689065374,5.203236771654735
TERF2,4.265681128655322,4.690126954100845
VPS4A,4.828888867253453,4.938167846257216
HSPA12B,0.41223007444637644,0.1376197666465056
SNAP25,3.0860944005657918,2.714291994035183
BTBD3,3.6741467522057234,4.921993167621885
PCNA,8.40435231822187,8.013396407711438
NXT1,5.238149572759769,4.852718596175528
POLR3F,4.045810011140906,4.122465214020064
RIN2,4.334757289429266,4.0412507158757895
PTPRA,4.702662491444106,5.730387220819936
DAP3,6.772926090526429,6.8808175406002405
NES,1.4003521520206585,5.388796094899702
BCAN,0.11180412297726047,0.4939998828747232
ARHGEF11,2.667475726186912,3.9298184975227803
RAB25,1.1896278662532553,-0.1554185941023627
HAPLN2,-0.10311106440436574,0.2695503703996653
APCS,0.16586604070925626,0.002827380004219643
DCAF8,5.24246947504024,6.491067225216468
SYT11,1.5302642597169918,5.726787116778185
IGHMBP2,3.4802044560286682,3.7197296423138115
ACY3,0.06566238793786777,0.3756125148081464
MMACHC,3.2597622928473116,2.2844002752760586
DPH2,4.98105809192605,5.119002683166653
TOE1,4.0854603126615,3.8221201154594193
NASP,7.88390052097009,7.718851182807225
MUTYH,3.953800826937009,3.711665290488918
CTNNBL1,6.060590343595089,4.948789091739708
LPIN3,1.0251959125221903,0.42656176530391854
ZSWIM3,1.7817403350131271,1.9346511748236097
RBM38,2.8499463557224916,4.0709111555954935
VSTM2L,-0.850149599588121,3.082813540617832
SERINC3,6.595213347124149,6.962875598787031
PPP1R3D,1.82814909910884,2.2261100169347894
DMGDH,0.31068433617109337,0.5954701026226693
BHMT2,0.6497975223477533,0.2483316837152548
AP3B1,5.347033965304948,5.65115472625007
ZBED3,2.212538050124021,2.665370789769872
KANK4,0.3087063950698311,0.535566894092308
SYT4,-0.17367563913233897,0.27068122766118513
FBXO44,2.8097083373438845,4.513966459305566
CASP9,3.3406170590049387,3.532231711991241
DCTN4,4.76630091554611,5.639612325710303
PDE6A,0.2409241670084424,0.16662722668870203
ATP8A2,0.12322110770031844,0.3852232024005223
MTUS2,0.12099466583076213,0.18131073416356397
ZMYM5,2.9402879208321044,3.76131534634748
USPL1,2.7476139948246345,3.4807188889595198
XPO4,2.420315760234284,3.515331107116782
POMP,7.373958641389574,7.396855690725601
CDK8,3.3879230434399865,3.440256230946887
ALOX5AP,1.1535433866564198,1.126508977862106
WASF3,1.913462992416414,2.3422957736828094
RNF17,0.22570320161858964,0.21739209511534024
CHRM3,0.11035093317318645,1.5488362689892643
MYH10,2.326888524721001,6.237332325596654
PEMT,5.128750472355443,4.4275413045398455
SCO1,4.894630146829823,4.687708396290991
MPRIP,7.019825166757608,6.6945236040946785
CHI3L1,0.1412867128854094,6.396166979564515
MYBPH,0.38326711696029525,0.5459820927479344
PIK3C2B,0.924463025218591,1.7232120281184842
DSTYK,2.0262857724611365,3.7904028963356775
SLC41A1,3.807438031137062,5.276763239176391
LGR6,-0.14889135216625848,0.8411437795369878
TMCC2,1.136058518241326,2.5454063146170265
DCLK1,-0.001034539413428348,3.9686603530698292
CCNA1,0.3587253296109033,1.6002352814417549
COG6,3.3266706705942566,4.480416166744725
RXFP2,0.025085330013643686,0.135467390901953
EPSTI1,1.5339697392947897,2.6467451417376844
TRPC4,0.5749702416205739,1.1511293660619493
POSTN,1.1540963034552294,4.767150866638448
RFXAP,2.162839661741693,2.956764663753007
TPT1,11.474243614504969,10.91728185577295
STOML3,0.15750289332114992,0.008350958463059166
KL,-0.020984143631301043,0.10875391601451775
RFC3,5.202125203766304,5.2049230857562
STARD13,2.957796024437569,3.5067736757061647
MORC4,2.844905699227298,4.281220436339767
BEX2,1.3415086225260338,3.4539096760955963
RNF128,-0.1959665724529096,2.1736300576013003
TBC1D8B,2.223902914927731,3.1596841834618314
TCEAL4,6.9553981887723335,7.2829249619150795
BEX1,5.975173323993489,5.402535213496577
SLC39A11,3.478630827740877,3.949138662532828
EPHB2,4.435506711933059,3.6900266863437534
SRRM1,5.790928325026559,5.924926017404891
BTBD2,5.21192571930258,5.534531199736392
ZNF414,3.578870531300639,3.904632029105448
PDE6B,0.04399610353158079,0.7074479803797253
HSPBP1,5.657194321512866,5.32611498458555
CSNK1G2,4.873987154624304,5.831962690350334
CNDP2,5.8540470204505075,6.840319402011894
MACROD1,3.457678334221056,2.7107217894067253
WDR74,5.993493382868788,4.907684366162149
LGALS12,-0.032079090290402235,0.33610726566727644
RTN3,6.946849772048398,7.240524805446797
MYH11,0.12984719066343406,0.466247391224291
MED10,6.261049898045679,6.030576826623166
PDZD2,0.9836499484259466,1.5897328508696467
MORC2,4.484786298102319,4.339085796187363
SLC2A11,2.9549474360726173,4.057710283823031
C1QTNF6,2.2050929515083153,4.018870708719384
FAM83F,0.41761631167229585,-0.13916959707137547
SEC14L4,0.012391308664118875,0.17045372949947063
GIMAP6,0.23672054084278737,0.06682900458679722
ADCK2,3.4571022453560456,4.42659599468721
MKRN1,5.0018269242056,6.419558665264605
AGAP3,4.986106014777886,6.276437947261901
KRBA1,1.2549064699775265,3.5166095871555103
ACTR3B,2.514560382615265,3.6649076318910274
NTS,0.9580575957250861,0.6077335935203604
BTG1,6.014683641008927,5.450822123785374
LRRIQ1,0.42267059957863007,0.7801149066019253
ATP13A3,6.299843893051339,6.098850236258612
DYDC2,0.28330131884772924,-0.022223363735788357
TMTC1,-0.03366227458428073,4.8001468779457825
KRAS,3.8567846456630255,4.526028021422319
IPO8,4.184586611454695,4.97199424527074
SPINK5,-0.06348486902977982,0.3331034770803134
IMPA1,4.368784308063244,5.001102209139156
LRRCC1,2.706928977055614,3.2773329379747587
E2F5,2.1567260587380637,3.535210941813249
CA1,0.08121578811341976,0.13157577808049375
CCDC59,6.067931176726931,5.461584382769212
SWAP70,4.199885218263513,4.955390774927517
AMPD3,2.883226793140084,1.2553092948638063
SBF2,4.349467095761181,4.594885758064903
MICAL2,6.386921877730211,5.4601226096004245
RRAS2,6.96988074967703,5.470103778100294
HSD17B4,6.385542784062568,7.037683476376264
ZFC3H1,3.886842749717701,4.693294952005124
TEX15,0.09383006846495125,0.20333151299674984
RNF122,1.926128722342102,2.127338036432775
DPF2,5.562651694759773,5.1940701074538955
MEN1,4.8782919098640045,4.644730120152712
GSC,-0.18533649585445944,1.1948258613842455
NUMB,5.680478815281472,4.975788114691882
COX16,6.680630392741694,5.621390679688924
TTC9,-0.047721228869958,1.1017004692283132
MED6,5.816467343723654,4.688592863795595
EIF2S1,8.163427091675706,7.187475898154862
LOXL2,7.152165717234467,8.094054700139825
ELP3,4.5210727419052965,4.634751249216441
MBD2,5.200207895589444,4.985915588745037
IER3IP1,5.336701515008962,5.328446496300065
CCNB1,8.124403758574935,7.668546975832652
CDK7,5.919104935127501,5.457762087431574
CD180,-0.7615721387723883,1.1249538182502241
IRAK2,2.822716141736281,2.2454191980648366
CAMK1,3.2795159393225912,4.248191131399473
THUMPD3,5.683734719609453,5.663480945609663
VHL,4.173877520462829,4.9600981183258614
BHLHE40,5.017373175551702,6.55336197411286
ARL8B,5.98466702810681,6.265301305208027
EDEM1,4.654557778082694,4.864666815335522
CNTN6,-0.1987494563899105,0.4740820362207515
CHL1,-0.4631979623598971,1.5583510633667466
MEIS2,3.976189632914898,4.90153375534226
GSTM1,1.4106665107732586,0.914012702453626
PRPF38B,5.596818922891484,5.479033434508127
TSPAN2,1.1787456743626428,2.7698398759186125
GSTM5,0.15837162751955183,0.031041326402309874
GSTM3,3.136684663813328,7.46930055672028
SYT6,0.24975486536079697,0.011891445481823595
VAV3,2.4263026208121268,1.4108044264556903
PSRC1,4.976010735471256,5.382579052753034
HMGCS2,-0.030065740888957457,0.22017069916382803
PTPN22,2.190991902123675,0.5663794814098249
SORT1,2.7949382188980323,6.02549987421814
WNT2B,0.292398806472075,1.01807304364
PTGFRN,4.22965353835629,5.9311107191837245
NOTCH2,4.604540463082213,5.913168926535661
TRIM45,1.9587545646989728,3.0423686651690383
CEPT1,4.69866410592137,4.744987611131126
CD101,0.22055869780646448,1.0175994649070872
NGF,2.5056337347767763,2.1549957429698807
AP4B1,4.38318746589242,4.3185471191867135
NAPG,4.039753764686074,4.580727945338166
SPIRE1,3.636685685027458,4.6199604950409485
PPHLN1,5.900088237421452,5.940827292086083
FKBP11,3.742255501490976,5.172774066217521
ARF3,6.186586487300525,7.060618218122799
TMEM106C,7.282570400733843,7.6398784891972715
SLC38A2,8.276687561221433,7.666083885110182
YWHAQ,8.405590029696471,8.906160620206034
KIDINS220,3.6971152228425153,5.383509447319809
GRHL1,0.8780584033952785,0.9414236489277678
ROCK2,3.4208435868590015,4.849601437170147
RSAD2,-0.02519007265447004,2.0584830598194763
MYCN,-0.5384073557066956,0.8408924546417488
LPIN1,3.976598524935357,5.021241065239944
CMPK2,0.07545071305655604,2.55029509277402
IAH1,5.155784627214755,6.2181019069877586
LDHA,11.31416245313407,9.919479943179768
SAA2,0.9108273653213182,0.7641754258243285
ANO3,0.40065021917209376,0.15854952029567032
IL6ST,5.857671413737491,6.742159918487589
FST,4.790998340358803,3.607092395388582
NAV1,3.8477284002026333,4.517987655186033
CDC73,4.65342128319485,4.8829139074397325
TIMM17A,6.182274617106794,7.019730276873297
CRB1,-0.10606510839550187,0.3289379391231988
RPS15A,10.969169543709448,10.01509728538747
GRP,0.04099434110200671,0.21525150064969795
RBM17,6.604768555947117,6.135359605326364
ANKRD16,1.8506308044345217,2.451499519473305
ECHDC3,0.024300858629482947,0.4648584060875359
IL15RA,2.903690299028198,2.4644584003536947
CCNH,6.028397720417404,6.057373379228484
KCTD1,3.0323176912520555,4.012711472428479
CABLES1,2.4013038207729784,3.1155276507608214
DOCK2,1.3460659626182396,2.613491635705404
EMP1,6.854058824607386,7.236574665791704
SOX5,0.14668044978431727,2.336238655835186
RERG,0.3834254418624342,1.564707104674683
SLCO1B1,0.2552328623792532,0.038321860236697675
KLRD1,-0.12188612384792435,0.5345701256159474
KLRC1,0.22775907584400312,0.015333965205106423
LRP4,1.0706450465599933,2.913089211580685
DDB2,5.306605945967814,4.268646268996817
ACP2,4.2148005807738365,5.383961903799282
USP26,0.16518683302926598,0.010802419117101072
RAB33A,0.6248686078660273,1.213804080828624
SOX3,0.9662414353257869,0.49946529871527556
RBMX2,4.674462173240948,4.461977760952249
PIWIL4,0.26125738792885345,0.740726337131314
PUM1,4.797454500198946,5.794637161799312
SPOCD1,5.1560996600373565,4.126426823068441
PHC2,6.2900488515984945,6.117392852181327
CDCA8,5.86493416456407,4.981793764372913
GNL2,6.239540900091928,5.656556412887882
HOOK1,0.5392727980702978,-0.11268709130592666
CYP2J2,0.5960483621029143,0.7413869250890073
BTF3L4,6.657211557486324,6.362739344485578
PRPF38A,5.328967843228585,4.752510066736948
DSC2,0.8601742132700728,0.12395890425358336
DSG3,0.310741753262372,-0.0408368122082267
RNF138,4.834028837396607,4.652168237793789
ELP2,5.4051095156162186,5.833846979649371
DSC3,0.2783604091059551,-0.05417066220394147
DSC1,-0.15366355902106954,0.2406678658339997
DTNA,1.2612686010844447,4.645047537089201
FHOD3,3.2518113864620375,3.27550219892225
DAGLA,1.1048607901693792,2.1489176160364343
SLC43A3,3.786224618492179,5.512456713644021
TIMM10,7.330121178857638,5.933997734965759
DHX34,3.0320164589006873,2.9976265474696264
APLNR,-0.15196663558484777,0.32168335508302526
FADS2,4.333301054685601,7.763871874961712
TCN1,-0.34345374045549826,1.259178380560527
TMEM165,6.423754610011392,6.885761271873799
CLOCK,3.161454953527432,4.0828082675921245
PDGFRA,2.405376589055851,3.8168201915950513
COL4A2,5.14520549629982,7.61575082884435
CLDN10,0.3496518845928601,0.421519518095511
DZIP1,3.275735047832579,4.568431953655006
UBAC2,4.710993061737101,5.632282247522748
ARGLU1,4.907962055656048,6.238081252386017
BIVM,3.1864646788718116,4.63739436469841
ERCC5,3.944810446122634,4.590762962967479
TPP2,4.8097239638170555,4.943894319752937
CARS2,5.1548480904940295,5.372385356818425
ARHGAP32,2.0045507622153758,2.9911981570777604
STT3A,7.836796053221578,8.409964283659559
ADAMTS8,0.08003938056905979,0.2749838880389091
ACRV1,0.21036351684878757,0.37437260148918294
ETS1,5.812584293230172,5.785539388652401
SLC37A2,3.6324354035790303,0.94020763211012
TMED7,6.068779618064047,6.6264487312993765
APC,2.737505766815796,3.986432511382549
WDR36,4.314773810726944,3.987437047259824
OSTF1,5.128909129184228,4.527391042150876
RFK,4.324832521790469,5.311900096921859
UBQLN1,5.930280515009627,6.922127013942692
NAA35,3.2267143231742113,4.027493567380065
C9orf40,4.26164764372727,3.9015463162744557
ANXA1,9.154898472149473,10.089225748246028
AGTPBP1,2.7410888316286823,3.386492403759669
GOLM1,4.958393705717443,6.76556705098647
PSAT1,6.345053540475355,6.145449645135407
ISCA1,4.867077786477874,5.3859036681633246
ADAM19,3.106902252908635,4.537403087171751
HAVCR2,0.43601358574010907,0.4207699792982214
CCNJL,1.940539013557124,3.4521358791578085
TAOK3,3.5661956007621614,4.400955854268348
USP30,2.61228773537906,3.344717001191434
SDS,-0.006243354876656948,0.4789536637266091
MSI1,-0.9047646306072541,1.8216303129357652
FBXO21,4.022022400476106,4.842672662154737
TBX3,4.410338400945375,2.117226299162703
OASL,1.8002811861329713,2.3070072009383638
HRK,0.24022934144578167,0.1849528932518013
RNFT2,2.27666353763622,1.2222115572982353
P2RX4,3.5518695270415677,4.023760605508813
DTX1,0.16617937437985497,1.0650241017176096
TRAFD1,4.383071445738984,5.560215971026641
DMTF1,5.067454275757863,6.8934015285177015
CCDC146,0.049741120875394174,2.4398016780754435
TMEM60,5.36569824831406,6.08153918673468
CD36,0.5885942490978635,1.7400898818593165
PNPLA8,3.7759201792901935,5.31170672469562
RINT1,4.338991271294649,5.084028977387553
SRPK2,3.9138490120388987,5.901270786055373
KCP,0.5762677111251335,1.3396283738300385
TES,2.2716910217209505,0.36770902176155495
MDFIC,3.2487947744989905,4.899789240008097
MTO1,4.0144820396810506,4.206138825828417
ANKRD6,-0.11680619597372544,3.0657647844589646
KHDC1,1.9646740580893938,2.9475467905528467
SYNCRIP,7.12493162372036,7.0981026560875975
SNX14,5.605005119073015,5.6642432675411944
NT5E,6.81853250867602,5.650238963137291
MRAP2,-0.5501970863595146,1.7892245808931952
EPHA7,0.2438501905214151,0.20915741555936035
AKIRIN2,4.886152446546158,5.474258473271825
LCA5,1.269528732236671,2.340731274688489
MAP3K7,4.27073323143119,4.861538841639753
CGA,0.405959441919963,0.09863218986906148
GJA10,0.01691580775667752,0.037033069235314305
PRR5L,3.8963379906328295,4.227485354414863
LMO2,0.686444818039526,1.1904371133119946
PHF21A,3.2423596814222444,3.951788847602945
NAT10,4.839924425987054,4.519585915448976
EHF,-0.11955242587646697,0.87745616637378
ELF5,0.046597292588724346,0.17523399389486655
PRRG4,0.4948896033638447,1.6524032055153142
CAPRIN1,7.457224025738486,7.406486981910249
DNAJC14,4.136254362561314,4.780294264396611
CD63,9.651054202014148,10.627377376993595
PRPH,-0.5566805737401199,2.734328062778222
AVIL,1.213826965740083,2.123385319316146
GDF11,2.612814794263209,3.456621150051378
GLS2,0.05853139628138804,0.440456016700104
ITGA7,-0.01722919822103819,5.741542900169419
FAM186B,0.216239941986055,0.6845330484407286
RDH5,1.646165356289224,3.4411085606345706
AGAP2,1.5680952793558967,0.44639978214047843
BLOC1S1,6.716259117364871,6.516940420437873
CDK4,9.032953025319236,7.75002612686047
PPP1R1A,0.09303002216656422,0.026557374688397216
TROAP,6.278136205478955,5.014468440782337
TSPAN31,5.398948775813088,5.824897606033897
B4GALNT1,4.657151349501814,5.114408935899784
TFCP2,4.471205415020886,3.8257424859507267
COQ10A,3.3821832235673486,4.5139094246333595
FAIM2,0.48781292343059657,1.9422827063964325
PAN2,4.342821496026186,5.286254581950263
ESPL1,3.860761571789761,3.649478344833531
KRT7,4.864874428244036,2.6766486222310713
ZC3H10,1.5574106972014472,2.0396789445631813
HNRNPA1,10.843218442683787,9.80921560008588
ACVR1B,3.042322886733614,3.212330926651143
OS9,7.655187188947642,8.873539388637585
KCNH3,-0.06203700301723186,0.8484563333696813
LTV1,5.376503753016789,4.960787046045973
MAP7,0.6957893053553736,0.9388622875527785
CD164,7.371688883984477,7.464983527748135
NHSL1,0.45823439514032027,2.9614030864062335
AHI1,3.3618709876233637,3.808855476516164
HEY2,-0.12878584319307518,0.7689666383433698
PKIB,1.755705261518789,1.8194366523613572
SMPD2,2.980963118897018,2.6081778424484185
MICAL1,3.4099629647249254,4.5995937364033175
REPS1,4.350819197036932,4.184512034275818
STX11,-0.0493534804091626,0.8686007786684578
TEC,0.891829789531897,-0.05969788662451336
SEMA4F,2.5620393842848537,3.7571487544864137
CCT7,8.981901037252992,8.52588752904948
RAB11FIP5,4.42043782555924,4.422858138005973
SMYD5,4.600933908665066,4.077112672501619
DYSF,2.366830320905087,1.7417851568733842
CCDC142,2.9851090894397903,3.5522456636282707
KCNMB4,0.23484523302867844,1.5717715451690775
USP15,6.0466613659343444,5.420995354723386
GNS,5.574158017637321,7.296785853902151
CPM,1.071621248681385,3.396765037120005
MDM2,4.943337969889725,4.669954894871494
KLHL36,3.1816597577127688,3.792599487336051
MPHOSPH6,6.28038388168507,5.477851248669375
KIAA0513,1.6275562056173873,2.6433639067522416
DYNC1LI2,5.590119779011003,6.7349584203731485
FBXL8,2.2970618649056513,3.425459072905577
FHOD1,5.010339677846142,4.876163381402987
CCDC102A,1.9628846927647516,2.8054395721033285
SLC9A5,1.9746964892218168,1.7448835254543749
AGT,0.867987884546087,2.4099065816588445
KCNK1,1.8115187232460561,1.7833012926181755
URB2,2.6917927214383734,3.048886549892453
EGLN1,5.341138686837009,5.323627645198781
COG2,3.3746043636149943,3.733843129465255
ABCB10,3.761857858904903,3.885334578210114
TAF5L,3.7335081668263332,3.906376598433227
GLUL,5.678797630632264,5.989482320478769
STX6,3.336880675507984,4.369911804010273
RGS8,-0.1792902235011917,0.34705553963004376
RNASEL,1.1884473578971628,2.807365224572523
DHX9,6.914738302793831,6.799172691807957
KIAA1614,0.08567762187732897,2.007266524647263
CEP350,3.1658555282314254,3.8723171731063353
NPL,1.2156022423237085,1.4164656365285209
PIGC,4.910337677983186,5.245277168475658
LAMC1,6.649798464240664,7.772465305931132
RC3H1,1.9855411264122915,2.733788136360778
GPR55,0.12298051281537936,1.1759844772414036
SP110,3.2046918569492373,4.067868632013299
MRPL44,4.8504583489129525,4.633109518484384
CHRND,0.012911315280357497,0.043779002272932674
PAX3,0.89687774773288,1.0532802714797627
DOCK10,3.744089034259157,3.6630198685830657
TTLL4,3.962841655678563,3.8981452591953025
USP37,2.0817194483785846,2.667534231824042
ITM2C,5.8147077793891455,7.669986402424676
SLC19A3,0.6800229290744431,0.5615081896038535
SERPINE2,6.606560773554758,8.422993267492034
DNAJB2,4.799886498963915,6.371484132750584
WNT10A,0.3462507505828974,0.4030993788776412
TMBIM1,6.1300296326517865,6.041168404630769
CYP27A1,0.2669304907903234,3.6230156295583678
EIF4E2,6.276588600531232,6.9058836123555025
ARMC9,4.064394380483701,5.166445440662258
CAB39,5.429956884239691,5.220623455182905
COX5B,7.2792188966735365,6.961077847066744
REV1,4.074396114985874,4.897587907486027
TSGA10,1.9787143572877532,1.992756085705549
MFSD9,2.7653396212250994,2.573049983664593
TMEM127,4.440971271840822,5.346354037711512
TGFBRAP1,2.989514689651443,3.597622419198162
GCC2,3.207937432705967,3.9547088133763184
MRPS9,5.236544321607845,4.508504354324782
GPR45,0.13523938795858917,0.0936591489664409
C2orf49,4.209901766402074,4.0216458829711135
ANKRD36,2.9585380989387233,2.520581712164069
EPC2,3.3147342342710573,3.955373296031098
ARHGEF4,0.999989119673603,1.356685874814177
ISCU,6.274103455416487,6.289660589148594
ALDH1L2,1.9151002801536776,3.1887807511796904
STAB2,0.07612618265987736,0.5061768599069664
USP44,0.5424898495066839,-0.04580403865468016
SCYL2,4.356196840284703,4.983850702577242
CKAP4,6.123844833654171,8.042187726192894
PLXNC1,0.4494561141927643,1.8463385107554853
APPL2,4.451815114552047,5.31908577355661
PWP1,6.1097142907595865,5.714862303226909
DRAM1,4.4123129750384615,4.170215109229407
SLC41A2,2.2800941761860662,3.201398669750948
VILL,0.16834040397331462,1.4231487483154097
FLNB,6.35766105321448,5.869581350490686
NEK3,2.2902757421708606,2.3527458177587315
PCDH8,-0.309355735671633,0.4055900979767647
VPS36,3.972216936515759,4.848036301234223
RNASEH2B,5.105919660894856,5.044190482703645
CKAP2,5.373097439553624,5.784100222491012
TBC1D4,2.257133986508025,2.8613113382571216
THSD1,0.6940872159660052,2.6025248131769088
LRCH1,2.6624730857891636,3.1872913643427068
SUCLA2,5.152822313321982,5.680021987053529
RCBTB1,2.9964769189622844,4.26681747512733
MED4,4.9285399729630575,5.740078947987724
PHF11,3.2641234358292905,4.341124895188148
COG3,3.3713606456240273,4.124032337863781
LMO7,4.8987043853022785,7.063371521881783
SCEL,0.22556065502176165,0.05676935124450408
ITM2B,7.054622222347134,9.889749715745552
SPRY2,3.792644499083841,4.962714089577313
NUDT15,4.797795579989951,4.6916557121219125
EDNRB,-0.7149698062254646,2.355874396100287
RCBTB2,1.1251054361708017,3.2176161719493264
LCP1,4.747289290437598,1.8040525268076557
SETDB2,1.8201630098842574,2.454939194576562
SCRN1,6.057213912287194,6.699601279469626
C7orf25,3.685178375197097,4.485888539757152
TNS3,4.076586531613247,6.396454373667982
CHST12,3.098480918926734,5.071460086267378
IGF2BP3,5.6447188323562685,5.300752408770607
GPNMB,3.0687022671584976,6.791005273196466
RAPGEF5,-0.02425263572652453,0.6118065332220586
RAC1,8.111288468438,8.375102948275217
KDELR2,7.4342095605846,8.710396759406356
IL6,4.2682314446385465,2.6078408571118463
ZDHHC4,5.382075469841468,6.342454964732698
AOAH,0.8404256135086352,0.4581057647462423
BZW2,6.652585567277189,6.247876772518968
DGKB,0.004544379132108117,0.2924987381966038
TBRG4,6.679109344585048,6.887586651220212
DDX56,6.0830861991524445,6.184114015218475
HUS1,4.5562684299314045,4.978810644418287
NACAD,0.6071458759190083,3.3331802820474863
DBNL,6.6484945567726195,7.431059546059744
CCM2,5.048488115157435,5.667479086051257
MYO1G,-0.03529123194480674,0.24832568231033175
TTYH3,4.926857557690775,7.531691518528275
CIDEB,1.4233465143694075,2.171021265874754
TTC5,3.8159671108088022,3.252238721621776
NKX2-8,0.14229544961149532,0.2175863171023218
NKX2-1,0.320029485867691,0.6328994713090976
MTHFS,4.968319699707305,4.605223984092389
ADAMTS7,0.7884181682291069,2.52756761457155
IREB2,4.149724858164862,5.225572959477803
ALPK3,0.07201358572130068,0.5760118876850131
TM6SF1,0.14311710762580032,1.0490537784325975
CIB2,0.965440351254236,2.7072180603369516
CALCOCO2,6.126814199984846,6.710490625269916
RSAD1,4.421913472322083,4.560055544790033
NMT1,5.698644730186135,6.117778047106119
MYCBPAP,-0.0970529666492711,1.0138109823207235
VEZF1,4.694438858906857,5.516478543997472
CHAD,0.1254131850975798,0.4989980078898438
TACO1,4.815033093178904,4.750112796500831
TEX2,3.4769689947043947,4.541537823156497
DCAF7,5.177963952719021,5.73450071979754
LIMD2,1.915250105994149,4.034435286993213
BRIP1,3.5696529757729576,3.7739218428825083
RTP4,0.24939337583972265,2.2236049928060484
ACTL6A,7.1865923828226155,6.938731496441921
NDUFB5,7.105526385263868,7.500739714598582
MRPL47,6.050673508024124,5.656902097319971
TRA2B,7.91562364641581,7.816610818874073
SCN2A,0.43052259459652586,1.3393466865988806
TBR1,-0.08501445995470763,0.2113020274998244
ERMN,-0.03650136207184057,0.6436213992411353
GALNT5,-0.3736572702446619,4.449840741015101
TANK,5.039100004456969,6.038810788729916
BLK,0.3898389568813274,0.26363509636203136
GATA4,0.4257111708673157,1.495299985961762
SKIL,3.61995782165631,4.551236713121532
HLX,1.8862683785163874,1.8123879162751435
VPS45,4.765285621536803,5.781626879284423
IL10,0.06099854262119717,0.14893242461990852
KCTD3,4.393223949977363,5.31328559679642
RPS6KC1,3.0829229311288575,4.231219374329288
IL1RN,1.2115741894881298,0.17238630978828268
SMPD4,5.3342726904344175,5.335330790292582
WDR33,4.141638790508869,4.381423920141287
CCDC115,4.515118983289254,4.250302521077716
SAP130,3.607011874501298,3.8920011189112027
BIN1,4.773581776164433,4.385208015029878
IMP4,6.5589748185535,6.06564794760156
HS6ST1,2.4181123393975685,4.790792023891907
UGGT1,4.352876586880836,5.422262123764871
GYPC,4.268599800109104,3.415885452567834
STAM,4.279835991243501,3.838438569991133
ABI1,4.816875113216971,4.422656908777337
YME1L1,6.091730991962121,5.729405810410594
DNAJC1,3.9803328272567473,4.2950253591720395
NIPSNAP3A,4.168621898459031,5.303796140841735
LRRC8A,3.7920242001437607,5.82300820379638
CDK9,5.019455466616191,5.629188495338918
TXN,9.765323680784842,9.374875828958904
ODF2,4.625263699336806,5.389345196320645
TOR1B,4.5087482172962225,5.515025825282461
C9orf78,5.787220863010962,6.1620292530656124
SMC2,4.597413647317801,4.720992822971484
KLF4,3.0297515896232907,2.560939010771617
TOR1A,5.276634495725568,6.250799093687131
RALGPS1,0.8517820069681292,2.278168411645716
ST6GALNAC4,4.184794904230608,4.479174453305804
TMOD1,1.9636577810937788,2.9316056761690272
DAB2IP,1.1391697388237554,3.791544017669925
STXBP1,4.02472725009561,4.6211586860792195
SLC2A8,2.7858804231811014,4.095125890521318
ANGPTL2,2.5350528335850364,4.7787821108691855
CDK5RAP2,4.2481088519064025,5.067408554084846
ZFP37,1.5623564080702657,2.5160212270432045
SLC31A2,2.509287427604858,2.883581054598817
SLC31A1,4.002865982421831,5.292907011651768
TLR4,0.6206439722270285,4.5485503552420035
ZNF189,2.908652704536344,3.7760613438651087
ALDOB,0.11522161536720316,0.09991080044452232
STX17,2.588448787748233,4.056026598800759
PRPF4,5.034737716002659,5.050799478533066
FPGS,5.138622708327749,5.849032034705533
USP20,2.6389051701704416,3.8486214934141767
ATP6V1G1,6.4287878598283275,7.436557159674524
TEX10,4.41787125222382,4.409961413899386
GARNL3,0.6651073782588969,1.996943666349389
MRPL50,4.230270754464603,4.480491916375669
DPM2,6.240974836216121,6.432831684745472
TSTD2,2.770589917231377,4.172489797701243
GABBR2,-0.06600546506739635,1.5655015428178172
PSMB7,8.387491862428158,7.99315242543748
NR5A1,0.21035141033568805,-0.041984653516180484
RABEPK,4.803955163523091,4.646978733811628
GOLGA1,2.81766125713153,3.941174326003258
XPA,3.395318355834309,4.013309175512256
NCBP1,4.532451544979712,5.037359567215012
ANP32B,7.639006987408105,7.213268617026469
PDCL,4.27699309927202,4.853991193538697
RPL35,10.696914371446978,9.914639166642296
LMX1B,0.3183642796852024,0.10001159955753137
ARPC5L,5.590311921564807,5.823732782705866
ENPP2,1.574406908370462,3.5325978428508873
DSCC1,4.077036708763103,3.4576818957263624
DERL1,6.176075801123055,6.151648272572175
MYC,6.086419468828124,3.8225243342460185
IL33,0.2086963880603281,0.7823585573289529
RANBP6,3.7053830082075394,4.477113283164553
POLR1E,4.459707806260706,4.848999642703275
PLAA,3.529780700591209,5.016899962112058
IL11RA,2.2759958662212347,3.2160208220082
UBAP2,3.8958643515351867,4.285213659499558
APTX,5.0238004799606335,5.6551956719481
RNF38,2.7471268592069222,4.456651588545225
TLN1,6.119629789998061,7.688657149078158
SIT1,0.059601736591391154,0.10918210534677009
DMRT1,0.19176883829625474,0.33092979602055106
DNAJB5,3.0786735711410715,4.221965768875591
SPAG8,0.390883216743541,1.1429470880972916
DCTN3,6.271448833390022,7.255788855431926
CD72,0.09499738831607407,0.9125998649470699
TMEM8B,1.6206218361639484,4.176382803672581
GRHPR,5.676675406368943,7.02339208425137
ALDH1B1,4.3561185339833255,4.891198899193574
HINT2,5.1362052317360805,5.857666799201515
IGFBPL1,0.56532504629064,0.6290105505286988
DENND4C,2.397664342699786,3.827449294284059
RPS6,10.426947581956712,9.964862288262902
CNPY3,5.686385271077564,5.768907649622076
FOXP4,3.259993585859565,3.4767060612151077
PPIL1,5.899891488050659,5.433711756084498
KLC4,3.5728740832818757,4.4607502675784785
KIF13A,4.011118546332877,4.8219614642256055
PIM1,3.575994965403069,4.265146052587616
GMPR,0.907198379002343,4.704868696077638
TFAP2A,2.7576820057140057,3.806443898924976
YIPF3,6.2066371492597145,7.54452498625632
TMEM14B,7.576913406180176,6.973561010714434
TMEM63B,3.8993366947879267,5.069126834759018
FRS3,1.8478280348397351,1.9687191546942227
TJAP1,3.956167717184261,4.515809883838001
CAPN11,0.047748224214130115,0.09457233712505236
HCRTR2,0.21717588042124594,0.18136930350862843
KIAA0319,-0.1586044276771606,0.7169251739236242
IRF4,0.10528773299170018,0.25081837682728847
SLC22A23,1.5241632396956621,3.8519463557025033
TUBB2A,5.0747760101672235,7.755201574182009
LRRC1,2.717755408392234,2.8572222848566367
FOXF2,3.6181614968005027,1.6181083551132736
BPHL,3.258073859403825,4.0125767197880835
RIPK1,3.342840826479038,4.615370009021433
TUBB2B,2.1841440775078285,6.008685231618994
HMGA1,8.434276944014046,5.347922265665256
TCF19,4.920494779302217,4.725428826257809
FLOT1,7.9102586692856525,8.22233163352137
IER3,5.675038850561643,2.4455854161429293
MDC1,3.8775099683167262,4.6946336706453335
PGBD1,2.2848363827012768,2.8981948092064944
TPMT,4.369103620407287,4.871374620826366
RNF144B,0.7833030224004601,1.833588587764854
NRM,5.836487396461497,5.0953055028305005
MTCH1,7.358610347855822,7.50298435237988
VARS2,3.520512923235966,4.43610545737475
TAF8,3.76462687851091,3.7662691334717677
FAM8A1,2.603092683998945,4.51794140440478
C6orf52,0.8683833072804652,1.5197146636496184
FGFBP1,1.537383690040076,-0.1872676865889743
FGFBP2,-0.20687777657049256,1.098742972793722
CPEB2,2.191159074080529,3.362344343551817
FHDC1,0.7950159615783372,1.4281228574039808
TLR2,0.18403977272923577,0.3382418538545132
TTC29,0.13967011377562227,0.14332247136557238
MYO7A,0.0874739928789108,0.36872391846616726
FCHSD2,3.026895796640012,3.547902032600255
ARRB1,2.7347261559908884,1.7344352439560877
SLCO2B1,0.6479472877584652,0.6591694134910145
ANKRD42,2.6069407856500613,3.3493046884790494
IL18BP,1.8804900080699518,2.725314480250612
NUMA1,5.562302166312622,6.396188823449971
CCDC90B,5.976582303376213,5.686627938144413
SYTL2,4.759806416313192,5.7681973947701906
RAB30,2.097045335684989,3.6622039147731753
CREBZF,4.507836917867305,5.31802674053289
LRRC32,-0.001427202256322646,0.8350365701380628
PRCP,6.399602488251504,7.445047023613946
NARS2,4.344327077664023,3.8323386060762443
RNF121,4.536685825112259,5.240204560884351
MRPL15,6.685560581929373,6.278105842728844
PI15,-2.5771030217725466,4.263101892386167
TTPA,0.26197937370465685,0.6020111107844804
GGH,6.738098333198483,7.204080579358815
SLCO5A1,-0.24598500716510618,0.9268249602962133
SULF1,-0.17379183200051518,4.320746467372015
TGS1,3.350061892125913,4.086733255722514
SDCBP,7.255716851132204,7.937536710000549
NEK1,2.350361560148444,3.232917991251722
DDX60,1.4754432030242142,2.9944065498495305
SORL1,0.35488703701604773,2.3056522710455045
TMPRSS4,0.04367208999433228,0.2851459024118142
BUD13,3.6388421066446974,3.722220224315455
MMP7,0.2659355615191288,1.6351476228250799
DCUN1D5,6.472717375225184,5.914248423778044
YAP1,5.4999951764872215,6.166552490794969
TRIM29,0.7263899310483222,1.177108891226453
SLC37A4,4.111595759359014,4.038982022034665
BTG4,0.5133183485426481,-0.02662171268205335
POU2F3,0.3705773601193241,0.1194528914833269
RDX,6.320244562033017,7.292282067223863
PPP2R1B,4.219948662281531,4.434471403056923
FDX1,3.8284763096543104,3.402486562519252
FXYD6,1.0336493323169402,0.9293020649085153
ARHGAP20,0.11787037232598274,1.2366003331709874
FXYD2,0.0777971707779443,0.20379197702575372
MMP13,1.9096174114292663,0.724636133361124
CASP1,2.6827013102295285,4.525804159325687
ALKBH8,3.462876549009091,2.5559870150477386
MAP2K5,2.846337270741927,3.628340226235557
UNC13C,0.10212781807012036,0.19915932399129327
CTDSPL2,4.1684370918917075,4.758107608021374
SLTM,6.132509727810986,6.486703670433077
THBS1,6.226413212618778,10.0005044390612
MAPKBP1,2.6327946483796776,4.028577622887689
NUSAP1,6.5155353459364225,7.010056705021607
NDUFAF1,3.9708174091892894,4.624866868531627
KIF23,5.982236209629881,6.191758923225362
ITGA11,1.3659566411026431,6.5396933165076305
HAUS2,5.035497910814485,4.725008253012698
RTF1,4.058030690193306,5.108489777786072
PARP6,4.591566897370707,5.496915259447311
RPLP1,10.845815212657524,10.177126952408493
PAQR5,1.5314391497482462,1.0086662321286695
LRRC49,2.531413153962399,3.5002721277428965
TUBGCP4,3.7625325689796165,4.033555824218691
ITPKA,2.4065218442205762,2.461253821634437
UACA,5.242465831402543,4.503121930079062
SMAD6,1.7180105898636657,3.9110616255770942
PLCB2,0.6130974315814134,0.8921466282175403
TMEM62,3.056005380411749,3.952335108104207
PAK6,0.7161395809240302,1.1402322784526
ADAM10,6.383167317279016,7.41559215952767
DUOX1,0.4242172778351268,0.6114797871966752
STRA6,3.5255894833030696,1.398971259538874
CYP19A1,0.20171533315965384,0.943491397745425
ZNF280D,3.4451033580724992,3.9798475615314186
SEMA6D,0.4895277214262078,1.7190894573408357
RSL24D1,7.176538985679375,6.508183767039259
SPTBN5,-0.08438613601547307,1.208313082213838
GCHFR,1.8556161095761778,3.02208764207136
BCAR3,6.149612256735162,4.211287338631063
TTLL7,2.5044333487737176,4.029650379163063
FNBP1L,4.175819892646576,4.114974308219388
GTF2B,5.548971341338166,5.063520996068494
RABGGTB,7.447472135914363,6.530667017857712
IFI44L,1.727859475693524,4.0245078239389205
GIPC2,0.13986453350486058,0.18990246226150864
ARHGAP29,4.674372504426057,4.442366388793589
IFI44,4.9085801324073,6.279058389306355
SLC44A5,-0.050051860832176276,1.833530289161811
CLCA2,0.5637625804170524,0.24743821751710884
DBT,3.1412029704851463,3.5473688154206724
IFT172,2.7083124139600105,4.133809269874812
CGREF1,0.4326902559310688,2.719852843445766
HADHB,5.697011980681428,6.301318117727161
KHK,1.3613831700170245,1.8444977398799067
ADCY3,4.673966082134797,5.071174362607652
PPM1B,4.550792360725295,5.075104435744499
PNPT1,4.6327367229197485,4.656892900816831
DYNC2LI1,3.21802569928808,4.482070599594218
LHCGR,-0.36710596852603145,0.6229207017125282
THUMPD2,3.4894148676653662,3.0177532732194168
CYP1B1,3.7054417391784122,3.194345714394589
RAB1A,7.594156427586937,7.640893530040034
ACTR2,7.978863283365485,7.888529861424023
PREB,5.280861868053515,5.4441132505297185
SLC5A6,4.978022916322779,4.590804733629362
ABCG5,0.03226859448809946,0.023783802345101614
PREPL,4.043739432877719,5.518013210090839
SLC3A1,0.44963580817126386,1.2702031609660167
EMILIN1,1.4954484891160056,4.51922644205281
FBXO11,4.940289738262997,5.286139795112491
SIX3,0.27597643908239866,0.16615948765787217
CENPO,4.7192815819914165,4.772962721466997
LRPPRC,6.412611945723352,6.059326065265484
TRIM54,0.21949861060663642,0.31052191416218117
DTNB,2.7927764437785245,3.3669419275060037
ACTR1A,6.19894145511153,6.04691156119805
CYP2C9,0.08031480645603134,0.03287820735103822
CYP2C8,-0.34624381523373415,0.6783888894879746
MYOF,6.448289992188978,6.162639957303583
LOXL4,0.4171546847024834,2.813559944595917
STAMBPL1,3.232213773927691,3.18414546837287
CH25H,1.4947443326358802,1.4956555395242754
LBX1,0.12779361211590629,0.14197444969833414
ATAD1,5.233728068714281,4.728804310751983
BTBD16,-0.009435047172883237,0.22686993819839113
KIF11,5.233367577466168,4.372393120570945
CUZD1,0.9742686980669568,0.18245076717246944
TACC2,3.1200967262358996,2.747087027072352
DUSP5,4.837357774722193,1.8214086144387174
CALHM2,2.578769043806046,3.715940946348659
ARL3,3.2924416577723323,3.695031325319671
CEP55,6.198605032126491,5.095157735057521
KIF20B,4.447586643342727,3.297699997812062
ENTPD1,1.2552887501517707,1.3036274412936926
EXOC6,2.804950760481773,2.771541894270386
PLCE1,0.9667911268882825,3.1768184857550366
RBP4,0.5241525675086474,0.7544875778942508
DBR1,4.209892724836381,4.279330045263684
DNAJC13,4.273478200183435,4.407923607779645
GPR87,1.0577392423272607,0.07349847512270441
ANXA7,6.858659929988898,6.017546807588879
FAM149B1,3.780647369896638,3.7721568020454614
ASCC1,4.931211187467157,4.57207124425981
ZNF365,2.8519894421614804,2.1158592746708305
ADAMTS14,0.5819807942840218,1.7763875015962338
RPS24,11.531723152138094,10.024258538835833
TET1,0.5173221614707667,0.8614806701244139
DNA2,3.7630663998709553,2.7857206789979965
MYPN,2.553906019301367,0.06159861493315155
AOX1,3.7274546379215963,2.905543694243793
ATIC,7.361664738298762,6.149359242724432
SMARCAL1,3.6479778825413187,4.101850905790121
BARD1,2.8563118111426196,3.5225737960157946
STAT4,0.4015975339373381,0.45891304582431525
MSTN,-0.8030953552487127,1.546691224308532
ASNSD1,5.240325176669509,5.3219564655407465
METTL5,6.6699368851951935,5.923211534253078
SSB,7.4498905892924405,7.084154915439876
NAB1,4.1191561494522,4.581597336607028
CDK15,2.22224946789835,1.026554775697805
PPIG,5.140208015822976,5.095791799923089
FASTKD1,4.290688193263109,4.350817888629026
MDH1B,0.4429973277097464,1.948370027262389
HECW2,1.9216521364896146,1.4746654259075143
IDH1,6.685251966805236,6.575382695033529
OLA1,7.324131817419073,6.862006358156016
CIR1,4.399534477533792,4.64492878084332
CHRNA1,0.3054601507074458,0.6472842809406132
FAM117B,1.557292688564343,1.9260140067392644
WDR12,5.821336618479208,5.342224267326352
ABI2,5.0056001450336725,5.811775682209667
ITGAV,5.195673314816327,7.235162655590444
SLC40A1,-0.4184132879241478,1.9993430702508914
SLC35A5,4.556770268220815,5.779363742524583
SENP7,2.614204914984313,3.582287576516295
COX17,6.916391191822411,6.917537409237442
PARP9,2.998487527431709,4.901073678601687
MNS1,2.262827041340219,2.9056286501449886
USP8,5.037070903021009,6.108297356993298
SECISBP2L,2.8718197279799886,4.831507120674001
TMOD3,4.511065141815179,4.544614281526686
SPPL2A,4.980576313580144,6.443121905196757
GLCE,3.7936565563388784,3.8474074448869042
SHF,0.6410040440868212,1.6573860526362212
APH1B,3.4684491194886067,3.5165005756662877
CILP,0.08792122872723827,0.24810474209756664
PARP16,2.6602220151898828,3.3078534937098487
PPCDC,4.10537315527373,3.917667756221991
HCN4,0.010668402021726003,0.2664421574511503
SEMA7A,5.750007870499644,2.284274306225173
UBL7,5.638575359284752,5.364395995613365
ARHGAP24,2.0639244938060384,3.781716613892222
FAM13A,2.998660793925967,3.3713026819512453
HERC3,3.0812044238598393,3.095727115978606
HERC6,1.5898243703140247,3.4125654170936786
HERC5,2.13385339022138,2.1232509676762783
PCDH10,1.6167364742414772,2.1477363254628923
NDST4,-0.049237624374163014,0.17179789605462029
AP1AR,4.534128668125067,4.306646671008253
COPS4,5.563610273769047,5.765125184701612
HNRNPD,8.331816718896295,7.844180501137817
PRKG2,0.1301653045653485,0.12446134254919816
RASGEF1B,-0.33391638758792885,0.6686291600601717
SEC31A,6.4959059854308405,7.5684341856786315
FGF5,1.9359650159736073,3.279803629915699
FGF2,2.9925807680309915,4.810087967926378
BBS7,4.347923493552991,4.362773770755093
BMPR1B,-0.11098696713463252,1.662689070563568
RAP1GDS1,4.799613562139901,5.274204107526334
LARP1B,3.187493193289682,3.6781291051632143
MMRN1,-0.5044015871673337,0.675174566694912
PDE5A,2.8352156729234617,3.839369648760436
PRDM5,2.0602322987233963,2.917510694346614
TRPC3,0.02269223768016504,1.3342209207101727
NAAA,2.2848869415345865,2.9734439316673993
NUP54,5.309325032266605,5.128610684511921
BMP2K,3.7932798247419446,3.649445738365086
G3BP2,5.729662937027734,6.510892661272908
FRAS1,1.143824492461437,1.2973694079069158
SCARB2,5.900043776508105,7.798874604718396
CCNG2,3.8838247890938717,4.43560841095795
CNOT6L,2.681645130596717,3.439057401253812
USO1,5.121106025253363,5.467287768142027
CDKL2,0.23500101662387815,0.18413932241258663
SHROOM3,0.11118230201295054,3.5307682576218813
ANXA3,2.609180774275613,1.9530238913547893
PPA2,5.970553871684573,6.153532154490271
CENPE,3.802422540484318,3.480278731647193
GSTCD,2.962797083639347,2.8500606578273002
INTS12,4.305397874525067,4.397616881785606
ENPEP,0.13364436681273373,0.20527953402947738
CASP6,3.903637443158653,4.677618979017518
LEF1,2.5114389991991315,3.7678416224672615
HADH,4.896512862804758,5.236193673220721
EGF,-0.12076957991294313,3.4842118987430366
PAPSS1,4.845491883702505,5.999512619543091
SEC24B,3.4218272668994336,4.207598038662745
PPP3CA,4.333740188577122,4.482376827017644
SLC39A8,4.046270089730683,3.94230484474854
MTTP,-0.6844266000365316,1.091152321093132
FBN2,1.3629850388790854,2.277300372212383
MAPK8IP3,4.545574866568845,5.508001877260494
RGS3,4.304992154439422,6.737040388390457
RNF185,3.982070992967794,4.466817702108183
PARVG,0.45424185195533257,0.07422425257611176
B4GALNT3,-0.08438457083612039,1.8639551320280954
ERP27,0.80515338250452,-0.22477885431690509
ETV6,2.518285697349283,2.8853213045379804
GABARAPL1,4.531516868599745,6.163023558036941
KIF21A,2.7140904030074053,3.5736076989648873
CPNE8,2.6076989790662086,1.200108824112149
YARS2,4.246389252832406,3.7183440633038187
FGD4,0.42559826115910715,1.9448188022207589
ALG10,3.1607930240069937,2.3800140773142093
PLCZ1,0.5175578350652724,0.022710831417670163
AEBP2,4.401088460118162,4.581544947923681
SLCO1C1,0.12456916718233127,0.5260145747690429
ETNK1,4.433383375818257,4.296662119119107
ZCRB1,6.636737425549156,6.080283316409146
TMEM117,1.3833984601446367,3.182821460669359
PRICKLE1,1.244280835198535,3.6932145465398003
C1RL,3.337496895462302,4.126494789018007
NDUFA9,6.926531113480737,6.414622767568389
CLSTN3,3.895152338738465,4.443446822512485
KLRG1,1.1314297715028308,0.7606441595729495
VAMP1,2.5495518233358982,3.622518315997304
TAPBPL,3.058585121789974,3.781174031050375
CD27,0.28150474963841,0.5675231633147106
RBP5,0.933982248283347,1.2164384879322423
PEX5,4.364730652342894,4.319413350527645
SLC38A4,1.2075655652215254,0.8716036645097907
AMIGO2,5.609923312359605,5.200097552111629
COL2A1,0.0022591212013217676,0.3574012914857837
PPFIA2,0.058235596725280336,2.204577285942864
LLPH,5.601161679796939,5.213495984783482
LRIG3,2.855940858058087,4.451682874520582
INHBE,1.9083513664273108,1.2674829387517486
GLIPR1,4.80512368301218,6.847198281926546
PHLDA1,6.320366093946877,5.490527607339366
TMEM19,4.381721010671623,4.7836923430411495
LGR5,-0.4815804169587702,1.205949141387998
PTPRQ,0.02662797110239884,0.3989444060311469
DUSP6,4.913456633906262,4.2336388964975225
POC1B,3.4599929655737878,3.387666383904988
TMTC3,3.7698923280381957,3.993666543132458
LUM,3.6471839984262613,5.597578849308444
SNRPF,7.269922394018562,6.447101696707963
AMDHD1,0.6628610064261422,0.939074078569778
NEDD1,4.409693653219764,4.753390453644481
SYCP3,0.20528055574427356,0.8940749706438933
GAS2L3,3.7775528990524347,3.85964464734474
TMEM132B,0.7545557767681856,0.8947138446008429
SLC15A4,4.100174761830606,4.24462852813999
TDG,4.444133803522829,4.688312031081475
SDSL,3.022601238992701,4.359594469129996
MMAB,5.119276233816842,4.878790237576513
GLTP,5.318463417431798,4.3004334194333795
GIT2,4.141936439177291,4.469540314465654
TCHP,4.435179503647301,3.9826095078399266
MTMR6,3.3485182255871355,4.542702574656928
SLC46A3,1.3840642542253365,3.4409001665772982
SLC7A1,4.240696994181853,4.815530350188589
LNX2,1.630300208929901,2.72720243549461
SUOX,3.5308874809531474,3.969667272259494
CCDC65,0.23656320989958723,0.8222829558104368
TARBP2,4.70132899505345,4.904054410221587
DHH,0.10465694493177588,0.18965987391657757
ACVRL1,1.0732617024148117,0.38920706763774576
GPR84,0.2113260941400003,0.07519781143381679
NPFF,1.4282786151720597,2.2779821518896863
N4BP2L1,0.613559934574111,2.512790634973826
CELA1,0.09762093393065763,0.03537208903263081
SMARCC2,4.915841594091932,5.865944526569336
BRCA2,2.5608712221778394,2.173815163361707
MAP3K12,3.590736045342965,4.7429082213813
ITGB7,0.1376542683308138,0.7969647874691242
GALNT6,1.9433941037272309,0.9795523974792144
CSAD,2.783192075172803,4.668320079737185
LMBR1L,3.689186728420596,4.551754037932484
ESYT1,6.293209478103611,6.032431909517845
TMBIM6,8.958715704995951,8.85664122943507
ANKRD52,3.685699820116428,5.484096167457271
ZNF740,3.0752314562109926,3.8836730717323773
WDFY2,2.1385554828211033,2.999991174354836
HNRNPA1L2,4.308306390974244,3.5729914060619268
LPAR6,-0.0649634896635305,2.9051497625027
ESD,7.229640869423289,6.822936047304891
RB1,4.311388177551805,4.52688180518986
SBNO1,3.269592418179811,3.2757707819554818
MORN3,0.26076316031101604,0.7727516096101417
SETD1B,2.056147593101875,2.7778327943608097
VPS33A,4.151282626058974,3.9318889779957416
VPS37B,4.675178973742198,4.3533681276844245
RHOF,2.221047290959703,1.7735543614153417
DENR,6.401398776066931,5.896190228557633
DIAPH3,3.855344199160792,4.4030650379873615
SLAIN1,-0.7476958118787471,3.4881143346535826
RBM26,4.2240718012855005,4.993854355424684
MBNL2,3.7336970136867134,5.555107060263541
ZIC5,-0.15176609581197753,1.5629878529348094
ABHD13,2.91186428399897,3.490427420951665
RAB20,2.7472271845638856,2.5330018803289245
GRTP1,0.9552694195301956,1.2655884415293408
CUL4A,5.181218109178108,5.496428428374798
SSTR1,0.03279360553230236,0.07213403136200405
CDH24,2.9586144856222467,2.9489996412134842
CBLN3,0.8239575362464813,1.1506929655138816
TSSK4,0.8963058469024425,1.635020261328825
NOVA1,0.9189390244265377,2.299661326182044
FITM1,0.17002908774528586,0.3176616001632927
MDGA2,0.7273949661125988,0.3361856231580609
TMX1,6.160331964350482,5.958853431184273
FRMD6,6.229627891117018,5.3274270023134935
PELI2,0.2821387265165738,2.7394330750333813
RTN1,0.7720941364482271,2.0486677502947606
SYT16,0.4284370315771098,0.47081527240917903
SLC38A6,4.856979056045706,4.347488559763074
NAA30,3.965750454680727,3.471142722818831
ADAM21,0.51644546139709,0.5817241132291376
RDH12,0.24292709741281154,0.11619205112060627
DCAF5,4.226660911849527,4.398220972398702
RAB15,3.221535443541186,3.452384584717677
WDR89,4.175531676761588,2.732633180258745
ESR2,0.5313760370540062,0.2170831618487275
KCNH5,0.4130646226150543,0.2922179614509953
STON2,1.4122193314391749,2.5218736947266076
GPR65,0.3744037409939076,-0.04827289556832638
PTGR2,3.263047359475811,2.985721854260362
JDP2,3.1828319889049057,3.69775407518108
AK7,0.2207441610696192,0.1434505561699082
FAM181A,-0.48370119208440854,0.539679713664433
FBLN5,1.078285528003728,2.460008812516687
WDR20,4.468988197292495,3.837589774366222
NIPA2,5.931991610041445,6.437478898211148
SLC12A6,2.0545255454480436,3.1574233717531985
MFAP1,5.028993020311364,5.469357761541303
TCF12,4.931181910957139,6.3420127949270855
SORD,5.0993886431473685,4.271460202410815
SERF2,9.04009473324485,9.713629609242451
ZSCAN29,2.8804085994112767,3.3399280299181515
LYSMD2,3.064538661693013,3.4661052918277395
SLC27A2,0.024442112939672717,0.4318886698746819
FGF7,0.8252113076311679,1.680265534107071
HDC,-0.2564849353251163,0.39829978574796165
GCNT3,0.7093484764350595,0.24375727728625002
BNIP2,5.5460588214915525,6.283201425209581
GTF2A2,7.1193006567668125,6.990044199041317
SRP14,8.413446774781617,9.00230679338164
BAHD1,3.202221361890627,3.7685366168741616
DISP2,0.8680075878250835,1.6527512376107565
CDAN1,2.809081984558199,3.255315047078277
TLE3,3.043310768335617,3.968007861662082
ANP32A,8.022591432855249,7.179392032551121
COMMD4,7.1268402980049395,7.017042731334462
UBE2Q2,4.555534631489434,4.920997945512395
PSTPIP1,0.5822928283680511,0.20364837901540153
ETFA,7.213763635790356,7.464825136153451
BCL2A1,1.5609151682969782,0.6201278983645846
HMG20A,4.147563743414039,5.357243814640435
SCAPER,2.153332971749066,3.2504498915791875
TSPAN3,6.9476764158349615,8.601150220611075
NCOA2,2.1537064911274078,3.5297688375010736
NEIL1,1.9028777869384352,2.578419908871698
MAN2C1,5.398529161223432,6.29950888590694
DNAJA4,0.28863238975369787,0.9767593413305653
TPM1,8.398255990493016,10.126959973124276
IGF1R,2.951919815100933,3.7080982793860966
ARRDC4,0.6426278400558867,4.410003814404416
PIF1,3.6359672076012988,3.694675483622849
USP3,4.4471578504013545,3.921677460632692
CYP11A1,0.3024741350747191,0.1814210111926123
BBS4,3.5422576532705503,4.688671762620136
PML,4.395867939063867,5.228753053979405
CYP1A1,1.3363629271629736,0.8858614563067317
ADAMTS17,0.07990475896145713,0.48925347918573825
LINS1,3.7044294671535622,3.6958720991997267
ULK3,3.919320447680194,4.530419962885249
PCSK6,0.3043993203669811,0.826607914893331
CCDC33,1.112833692252766,0.20986035076495335
SCAMP2,5.262857431296613,6.141845931501029
HAPLN3,1.1089362645767462,3.496935381869805
POLG,4.523619317739295,4.783757078831565
RLBP1,-0.35016469210552986,0.6765912754913953
FANCI,5.409597558838589,5.859477732391069
ABHD2,4.3253583057845155,5.753101150888043
NTRK3,0.11631298344349572,2.9674420026861945
DET1,2.142328848890833,2.7205269583540463
MFGE8,4.645006466146265,8.664226922177857
ZNF710,2.172219923396489,2.8811764225172825
UNC45A,5.391417004424883,6.057114225650709
ST8SIA2,-0.2823929257246329,1.42776118490983
MCTP2,2.0013608153559006,0.7853862969638712
FURIN,5.047457568727338,5.550228206477277
IQGAP1,7.554523759316382,7.800670963851987
CRTC3,3.030081794804536,4.095319325467164
SH3GL3,0.7006895226403991,0.6998171263050119
SEC11A,7.818518224351621,8.030220783376434
GLYR1,4.759371866776852,5.637796300797387
PMM2,5.217029139841836,5.603543833885458
SLC5A2,1.1945266150649132,1.6872643114139105
ITGAX,1.2352715100878968,0.22964492193843894
TGFB1I1,5.506742414082901,6.134984367322855
ARMC5,2.4000933366769908,3.017352454254719
PARN,4.318399248998282,4.614779080406628
FTO,4.680739328912169,6.071746682855247
UQCRC2,7.2373684555248055,7.247941845994713
CDR2,3.936335702604032,5.000486298778482
ARHGAP17,4.649577280397721,5.5143146779721794
ABCC12,0.21524100876919372,-0.034013057531765686
NKD1,0.13278298410448208,0.6595404801437449
DHX38,4.843687010510115,5.3391201218575075
TXNL4B,3.5717044418080257,4.034323197262178
MARVELD3,0.8817309733594603,-0.01189608720558083
CHST4,-0.07812541178024007,0.6528149779321493
ZFHX3,1.399103904997293,2.6008082682366602
CLEC18B,0.02669970518900211,1.2370103121587124
CPNE2,4.3819690487718335,5.0354907958819775
NLRC5,3.367628288147802,4.123433347535701
KATNB1,3.9037408477405333,4.1164548671592955
KIFC3,5.129328420112845,5.373613669228799
ADAMTS18,0.5828850258630702,-0.07215069640667587
NUDT7,2.1435860386278143,1.577502297484298
GCSH,6.341425682448097,5.559040071475235
CMTM3,5.547285045658672,5.87886924348022
CDH11,2.2967240451921573,6.528484871617755
NOL3,4.121993192326498,5.001050953994001
MAP1LC3B,6.131487121696447,6.718418337096263
MBTPS1,5.287123195652034,6.460654592419273
CDH13,4.2317100026418055,6.128824586470503
ZCCHC14,3.138471680971037,4.032944287383262
OSGIN1,3.2110027527288074,3.0688813993996344
IRF8,0.16816750422754717,0.1250560304723149
RHOT2,5.918198264031418,6.3816186370957
RPS2,11.62973171573846,10.289330928300107
NDUFB10,7.018030757617439,6.5594856407500775
PDPK1,3.780054292933062,4.638750510029668
TIGD7,1.9191198631147368,3.3046240199886006
DEF8,6.022908622919274,5.765610131640202
TCF25,5.3382639441306665,6.837375787995233
GALNS,3.7670262389002103,5.1124957670853695
GAS8,2.8406984175613825,4.579921140579959
MED9,3.3767067645822,3.8727292996705165
NCOR1,5.171526003210958,5.639269726135591
COPS3,7.281091377423984,6.999880555036762
ZNF287,2.418979479422316,3.836896380638548
MYOCD,0.3644991722091777,0.145756384512297
KSR1,1.517015113321703,3.102333615660018
RANBP10,2.4516666975463126,3.689087265434475
CTRL,0.8288768256049841,0.7972326352455955
GFOD2,3.634146240761082,3.9450838923545586
NOB1,5.532755366016807,5.098025538390917
PRPSAP2,4.792082736019434,4.759848610076123
PCTP,3.963402790688793,3.657028313178656
TOM1L1,4.030242735632252,4.595364177869284
TOB1,3.8193779437900135,5.42449117143874
VPS53,3.456058198288944,4.398771519088417
SPATA22,-0.31973359183611194,0.4485390545971204
SGSM2,4.066792397665592,5.024152210529999
NPEPPS,6.115911259679075,6.676536879635563
SKAP1,0.28349326197320057,0.5195304742595077
LRRC46,0.9936304647537578,1.5246903508595333
SCRN2,4.710364760691256,5.460034359903123
SSH2,4.179010453873923,3.6876623166361475
RHBDL3,-0.06111168189992844,1.8491906493609982
ARSG,1.123841671206932,1.5159209537183866
ABCA8,-0.89929487144165,2.180529567741048
G6PC3,6.33044275458916,7.125958950863155
CLTC,7.753960378829306,8.091107781036714
BCAS3,2.2937332551561123,3.4106622057402585
PTRH2,6.403507724706542,5.740331757754249
SS18,5.526060293394725,6.262421819446507
TAF4B,1.988136517697198,1.2620595055853745
AFG3L2,4.771702849455213,5.6125011775568225
IMPA2,3.202396365284492,4.106446107511175
GNAL,0.6149169920765147,1.3268611442007718
SLC39A6,5.227129342401801,6.324926686954052
RPRD1A,4.689083071584897,5.32783595409687
C18orf21,4.558931332385489,4.444107982213977
GALNT1,4.6410083394836565,6.23285310246788
ASXL3,0.04403242921143926,0.09706730199600794
ADCYAP1,0.08866982355395117,0.11921495408342969
ESCO1,3.2475261736958276,3.2001562386928297
OSBPL1A,4.133044451788795,4.696055951292253
GATA6,1.4665027168755618,1.8853822976354313
GREB1L,0.5886992325862422,0.5156208180068403
PELP1,4.613506216423363,5.0362097059854305
NPC1,5.721091533745907,5.616248016947361
SLC14A1,4.021368422825626,2.5046636124380246
ARRB2,4.240503133305338,4.015306899301415
SLC13A5,0.10940771394373427,0.10329950685954703
ZMYND15,-0.0065087048671711445,0.45739819216758537
WRAP53,4.1593128787976115,3.609573885087323
MINK1,4.187062050131714,5.498699123686564
SAT2,5.574262859596951,6.528653736863057
ASGR1,0.5316109559104858,1.2651688310817772
PIK3R5,0.10217276587790058,0.12003105960666571
TP53,4.504984933507962,6.209232215915592
CCDC40,0.9088647936763397,3.036309581841497
ARHGDIA,8.422037043088565,8.137571923876653
TMC6,2.073102738691502,1.2479384688658068
SLC16A3,7.31000043401992,4.6836138984727995
CARD14,0.26693595875198917,0.2823202237260819
TTYH2,1.0536337621939893,1.1589256364889238
RAB40B,2.245521767234493,3.3687234918012137
EIF4A3,6.9777520897133485,6.746868458373773
CSNK1D,6.528015042320151,6.983661977520828
ANAPC11,7.143643812472505,7.536081051627074
TBCD,5.404487328735787,6.053927973200856
FN3KRP,4.925783815592653,5.5091364011326505
NARF,5.430262478215706,5.570450149340206
RPTOR,3.2685342030264857,3.6992792489577027
FOXK2,4.346004056988857,4.990818957850483
TRIM65,3.6462778934713365,4.067912562067016
CBX8,2.293758472091759,2.7164051840978365
SECTM1,3.3815208257535914,1.945881438361614
RNF157,1.368662413955635,2.5703944437550774
CBX4,3.4371193379534377,4.264518686072887
DYM,3.8860773387059737,4.160823546779152
MAPK4,-0.1386489547508024,0.19670466211882354
ELAC1,2.8388543874698096,3.3696338554297305
MBD1,4.487393909091454,5.383740455391766
SMAD4,4.614331513818063,5.911492899072957
TNFRSF11A,0.6538047386005627,0.37647488042081884
ZCCHC2,2.4289471278871875,2.424378569078352
FBXO15,0.4821367065512002,0.7415353639532797
CBLN2,0.3224615268873856,0.6576839010914859
PMAIP1,4.380998528834577,4.197061201999972
ERBB2,3.3229281882177792,4.848552921936745
GRB7,0.700969740646178,0.34531820997053714
STAC2,1.074295872100507,0.6616113312216698
IGFBP4,6.471535790081593,5.553293895609351
FKBP10,6.7550482481123,8.049862071451589
TXNL4A,6.35478475815671,6.441583041108193
CACNA1A,1.7499175734123074,2.5924148897026047
SAMD1,4.7980789387797635,4.361214981095772
BRD4,4.0975592171325435,4.65468710862113
SLC39A3,4.753964261420196,5.278808740346135
NFIC,4.264199839907464,5.897869472190903
PRDM15,1.7583447787323425,2.512681548863823
PFKL,5.182602423757716,6.567223473491716
FEM1A,1.428312672461535,2.25711603330093
SH3GL1,5.502973128591227,6.055103060240896
DUS3L,4.518332410982047,4.673154182299456
DPP9,5.6295430187441715,5.09021664319266
CCDC97,3.486024334229445,3.9472038775519174
TMEM91,1.3785387781114653,2.1293941903371727
ZFP14,0.8670476737065547,1.605916518907342
SIRT3,3.7351493653906362,4.382229984113341
IFITM3,8.863679142809834,9.300315585030773
HUNK,0.004797267321006271,1.0753630974519224
COL6A1,5.4020054972387515,9.644068980966875
IFNAR1,4.547889202750406,5.612386522456868
SOD1,8.589012078565702,9.079584342990405
COL6A2,4.506767830652539,9.228954673066232
SIK1,2.1865240318467967,1.8901054426368806
TRPM2,2.2489636495146903,0.0297252576477105
SCYL1,5.391726403733816,5.530562415839908
TMEM50B,4.143057173282514,5.8058731985248615
APP,8.214377795438757,9.7078918907017
URB1,2.5258662399738996,3.7139365331690715
AKT1,6.60514085594236,6.748171695494957
EMP3,8.220990838961596,8.440571025727431
SAE1,6.849328671312437,7.2666854645775265
LMTK3,0.4468853190850794,1.0542779463139589
GEMIN7,4.753321347574489,4.76636188768728
CBLC,0.6581871057969366,-0.1908300963607861
WTIP,0.9393434343773599,3.0814371242182945
ADAMTS10,-1.1081547768829636,4.853490541028248
RNPEPL1,4.350883058611517,4.590643726796494
CAPN10,3.1074671981305535,3.6030049119146934
MYO1F,0.30425370406142677,0.7827634911842374
NLRP12,0.10311874914424132,-0.005389751932576993
CACNG8,0.9867579026688574,0.6469308273732384
ZNF787,4.221827192508812,3.8858173954732576
CARM1,4.991541426199275,5.0881475122011
EVI5L,2.662201179596309,3.7523532750841597
SLC47A1,-0.4473692887042182,3.0931145724446405
PSMB6,7.785394593683438,7.592313418491222
KLK3,-0.18806383077087385,0.3370987378223844
ZNF473,2.828862459939958,2.844655472745562
RPS11,11.494513594434729,10.730373904698373
RPL13A,11.072798910334324,10.056289991433895
CTU1,1.9511133793272146,1.8184932115535102
NOSIP,5.954266987458781,5.833819702093941
IGLON5,0.1490290607523705,0.06140050368788556
RCN3,2.697258560284446,4.319122944676438
ZNF614,2.5023523661919285,2.868767272527384
SLC2A5,-0.10986477936487948,1.1973315062937933
RERE,3.0758617517848257,4.604037599008577
MMEL1,2.7148561487944622,2.645198053437249
PRDM16,0.5565389466991331,0.9991015689868847
PADI3,1.4080782575758644,0.36917653070665246
FHAD1,1.4069533447543527,1.022046719902094
PADI1,1.22625536278797,0.41135492160304155
EPHA2,5.85046264432667,5.900061509847526
ARHGEF19,2.576678659315071,1.4146521229401459
EFHD2,5.8085155032624325,5.019793256715856
PEX14,3.8448751883141705,3.9503572032674747
PGD,6.605559813928142,6.963109457537171
MYOM3,0.164687103178183,0.2723439694905411
SH3BGRL3,9.7247450297661,8.13785597108251
CNKSR1,1.304276506396648,0.1097623645095509
RPL11,10.901498801154657,9.311112959746575
IL22RA1,0.9956022059198399,0.5652787482311177
ZNF593,5.803615844443946,4.780854440822235
C1orf216,3.7691118924229094,4.822137810404788
KIAA0319L,4.295870924092579,5.428493697577778
C1orf94,1.2637016248157555,0.613162405610678
DMRTA2,0.9396017792564211,2.2941601288101263
PLK4,4.833832773158021,4.188468346588358
MAP3K6,3.2915203404537428,3.567468714913668
GPN2,4.521520039699249,4.198228566972227
SYTL1,1.2362446569428949,0.4147575462853605
WDTC1,3.403086998446656,4.221846995634775
NBPF3,2.570843815815228,2.669340509375999
HSPG2,2.8363464517112766,5.52598021664644
ITGB3BP,5.949301009476233,5.1216052632205615
SERBP1,8.273081240439698,8.112660531287016
BCL10,4.815021589194201,3.8946464425239014
PRKACB,4.407118491370451,5.093979730438883
PIGK,6.127416478330828,5.9263977794957805
TINAGL1,2.9184702535976337,0.9178275375185146
RPS8,10.997590696877612,9.742810422171097
KIF2C,5.910350797423751,5.193511768177976
PTPRF,5.483936813452991,4.7883389707618855
CYP4B1,-0.25869987643905795,0.4963237945269946
LMO4,4.999179370033529,6.171011898204705
SYPL2,0.06474172565157793,0.905365834725611
MTF2,4.357116344853325,3.974522189084294
SLC44A3,1.3469007361790406,1.2492959183931487
IGSF3,1.816551909603221,3.8368194477834203
ZNF697,2.9991543451022404,2.167331281793823
CTTNBP2NL,3.0736795465001876,4.114221485417551
PSMA5,7.254711796107241,7.192189935517685
FNDC7,-0.3075230290404143,0.4274494521079921
CD53,0.5800901898009602,0.3883856649406034
PROK1,0.04035680069704145,0.1530519714258738
CELSR2,0.23215302440197405,4.485252519169331
ITGA10,0.8427430115674053,1.9016605640395772
GPR161,2.5291683712519273,4.21719958692635
ALDH9A1,5.415558565074244,6.289408197231451
ATP1B1,4.394894251167309,6.9817546402832225
TIPRL,4.87272114081495,5.282785370205114
NME7,5.4249894769025095,5.623857781960378
POGK,3.396655594237121,4.50063855940317
CREG1,4.725164323879819,5.756838269557914
DCAF6,4.6520164384438,5.598404284412053
GPA33,0.12148185911953734,0.23136568448608616
TBX19,0.6263999771682176,1.5477656472279926
UCK2,5.3099529264048,4.299665082055415
TMCO1,6.79612796917221,7.590190841907137
XCL1,0.14644683247172258,0.018516501077829678
POU2F1,1.6035094767952904,2.254834190134245
MAEL,-0.24637840634553693,0.6783793782553281
ILDR2,-0.31328845692044305,3.441190168436239
DPT,1.1093958686682601,1.1020252911237942
MGST3,6.889708124373366,6.909227167403145
UFC1,6.626362854473287,7.207999472117377
PPOX,3.59947877230164,4.29058815096336
FCGR2A,1.189129736300015,2.6355845088587873
NUF2,5.719204379086044,5.120581620534679
RGS5,0.5972770544321133,3.672693059612234
SDHC,6.700869993382515,7.626358524315983
PFDN2,7.968608038619012,6.927854793527722
NR1I3,1.2176775790043912,1.4595957428242428
USP21,4.136946708544968,4.393039749076803
PRCC,5.17517594698119,5.5069268992420675
MRPL24,6.817253180297453,6.217453337498566
PIGM,2.4059314225444615,3.2987542161682373
CASQ1,-0.07748661521095387,0.44281020237171614
ISG20L2,4.753286824865298,4.944014083698238
CRABP2,3.397904189978149,4.038670193948219
HDGF,8.057775156372672,7.887147638684789
ABL2,3.7941042877521522,4.608164286105417
XPR1,2.602030910990954,5.021535048494994
RGS16,0.5467896877526061,1.4811071450956659
TOR1AIP1,4.637874653956801,5.491786695437257
HMCN1,1.0091922634224297,3.770707078784179
RGL1,1.626139648007733,4.256003835803486
LYPLAL1,5.0658583439815565,4.681267612345922
LHX9,0.34487550889245033,1.6909428380584806
RORC,0.05573326379631882,0.33803566296776144
TUFT1,3.3377800668685818,4.227894192792842
SF3B4,6.764786309388338,6.3130479204496455
ECM1,4.70224026418891,5.556696611702376
ZNF687,3.25213703932583,3.870948971441524
TARS2,4.325756307192165,4.575150946781229
CGN,1.7957160167257002,1.1617721872852187
SNX27,3.431594481699139,3.57042094228943
SETDB1,4.153870449835479,4.932981309557066
ADAMTSL4,1.9089092436244774,1.1211807654218187
MCL1,6.893913076965197,7.007127661858494
CTSK,2.3805840596519605,3.0400954969863534
RFX5,4.338131577781675,5.246266244842458
PI4KB,4.695613060401374,5.813112075367758
PIP5K1A,5.4714138064202675,5.9649841252537
ANP32E,6.392848987395733,6.111106212094669
ANXA9,1.072407162137781,0.7775557126340225
SELENBP1,-0.10462169938347943,3.8625736121392236
ENSA,7.307474956134786,7.625815116756826
SEMA6C,0.8951667357415687,1.9411148849306785
MRPL9,6.256830499138378,6.049517942404418
ARNT,4.039676484674097,4.748261906573641
POGZ,4.216308741409149,5.241453502982919
C1orf56,2.6482013534605207,2.748187044154045
OAZ3,0.5234169403896236,1.5986398896821687
HORMAD1,0.12742680122103495,0.09836723053985318
GOLPH3L,3.8183736624036175,4.1398843092324284
GABPB2,2.1256869876860085,2.605764186444767
SYT14,2.0706754953366673,1.281599109107679
KCNH1,0.7546527175553563,1.3526024727594996
DTL,4.561014379050462,4.768426815336642
DYRK3,2.4478899950730506,3.381739321706774
INTS7,3.748838068696164,4.284873060486502
VASH2,0.6758107841006173,1.479277378099419
TAF1A,3.575533865321085,3.531007863604779
SMYD2,4.554674460024384,4.8001425215237
SUSD4,0.17227905202306837,2.536598542800916
DUSP10,4.2600813876593735,3.6426435017327647
HHIPL2,1.2923890113741638,2.550844925736573
TP53BP2,3.9791928950514435,4.430615230414164
ATP8B2,3.024087390272924,5.424224328987744
ADAM15,5.685003978652325,5.714670699719771
JTB,6.32537476044115,6.607426671545105
RAB13,7.626466887752525,7.007792091284074
S100A8,1.4108307149940484,0.26098531764196575
TPM3,8.99708057104841,8.86671497297941
SNAPIN,5.625336340067516,6.034771043845551
SLC27A3,1.7823748975858176,3.165178381709629
UBAP2L,6.606552044551818,7.427056132815497
SLC39A1,6.746762605765712,6.827494299377928
HAX1,6.743008568799002,6.61586918006514
CREB3L4,3.0880131012145458,3.2281570222056764
EFNA3,2.339789660059603,1.3866290868145017
KCNN3,0.3233022010639425,0.6919556568718561
C1orf43,7.258387712165754,7.587582657844738
GATAD2B,2.611433001785951,3.449481680816033
ILF2,7.6765103869852584,7.591516453047344
RIT1,4.4286103492000874,5.756789885619628
INTS3,3.998146214510732,4.840972569905775
HCN3,1.6554967159722813,2.0840536242746346
FLG,0.7304644466797295,1.7105451221365415
ACTA1,0.0037363672972181017,0.2766149117957066
C1orf131,3.7915345444297763,4.304825101069934
GALNT2,5.430977660934952,6.621702014203902
TTC13,2.857850901778879,4.211693871872289
SCCPDH,4.200464020102819,6.002489010825173
LYST,2.789957193415697,3.953095563166263
CEP170,5.193528870788361,6.009675337752343
ACP1,6.984170722172289,6.947238966531372
SNAP47,4.52324043502037,4.969275152779871
SRP9,8.54845210230667,8.972167852817577
NVL,4.285576885781892,4.369570784918764
DEGS1,6.4110606472006095,7.231626507913642
FBXO28,3.781905657015163,4.396499417343555
ARF1,8.229761138789518,8.690752530626563
LEFTY2,-0.7450009326472938,0.8717174045413763
CNIH4,6.996091503624385,6.414208073189411
ITPKB,1.1179276252779278,2.9959106149237873
GUK1,7.249341836690098,8.080534284957658
CDC42BPA,3.472613091943945,4.41588814412061
CNIH3,3.0688448038070235,4.025243612679435
C1orf35,4.21463295018566,4.016450868627901
MBOAT2,4.447651979173048,5.022914251030317
PARP1,6.222379390227602,6.463254948681983
PSEN2,3.5049358398500443,4.171599762308172
PYCR2,5.39398119553387,5.972090369420879
LBR,5.78980558363631,5.355016266395767
WNT9A,1.1298503617316282,1.660964702880249
EPHX1,4.3253995419775775,6.983421436766838
REN,0.2315778274946548,0.021466642950692505
SOX13,2.159937371808884,3.3062067886739825
ETNK2,2.2969610012608443,3.3650350650841974
PPFIA4,0.9866706044351241,2.735331524310436
PLEKHA6,0.9021272706462213,1.925966104668393
PTPN7,0.23417696974728522,0.1827598423378008
ARL8A,3.326031298371527,5.212160295329134
OSR1,0.8678255478320823,1.8052555794136866
PDIA6,7.777771136316759,8.488628390580038
RHOB,4.383794204889213,5.403520897259714
ATP6V1C2,2.2748802386494136,2.8504740811306344
GALM,2.6539992585441174,2.0882677776769905
EML4,4.476537310149069,4.382205175281822
CALM2,10.350346940798966,10.023592833851506
CHAC2,4.315518457145563,3.0174696749926815
RPS27A,10.95436836771607,9.717496335643759
VPS54,3.7427785060100147,3.918956194418126
REG3G,0.03520187627295723,0.03631555589643533
ASXL2,2.7944039630860096,3.5873447127233216
ETAA1,3.1403417415841974,3.523317898270239
SNRPG,8.864165650554831,7.890065626112025
ABHD1,0.26286046980434596,0.4896507816791603
MEIS1,1.9180423037074388,3.046837532737511
CIAO1,5.518353840699355,5.483311420019892
ZNF514,2.340157561867655,3.4263946870366313
SNRNP200,6.663246209031839,6.691126338784179
MRPS5,5.708053457289359,5.385393425783806
ANKRD53,0.0960361301701696,0.3671992694940541
TPRKB,7.057881211177361,5.843701263618288
EXOC6B,3.190556969892384,3.6096033660617963
SFXN5,2.6695347845464075,4.1803164802264
TEX261,5.704917144306195,6.328510554352731
DQX1,0.2006770403607331,0.45123934394274245
DUSP11,4.805018565978858,4.360718039948881
ST6GAL2,0.17586824717701144,0.8905423719305523
NPHP1,2.574351826585146,3.425868822959746
MALL,1.5856706603210322,1.3330191274701222
THNSL2,-0.11644988180434401,1.3574623919631037
RALB,5.971713013777842,5.69106109621101
TMEM177,3.6352797396453957,3.531635707016823
RABL2A,1.8105927855345978,3.842836926850981
SLC20A1,7.143124714963482,6.5233197767056454
FBLN7,1.0958952991697752,3.0786817379954408
ZC3H8,3.83141508887806,3.5361057349337472
LIPT1,2.9115007983553616,2.814188802984258
CNGA3,0.11752829267014181,0.06507556343028006
FAHD2B,2.889543376154907,2.9573463826667163
LYG1,0.9841760311348913,0.8145883230661028
AFF3,0.6852727849864244,3.4826343456641364
UBXN4,5.797376359853731,6.9034879248320475
NXPH2,-0.2233357978566194,1.519593270361395
SPOPL,3.2713254861973757,3.570644065998579
GPR17,0.08729982071371717,0.6074651576791443
POLR2D,5.038278825806655,4.988345904309022
AMMECR1L,3.459304494922888,3.974140399316153
GALNT13,0.050008003566955894,1.9991096765062148
PKP4,4.215353737709735,4.577492320697426
SCN1A,-0.4419269053120442,0.7545009675780554
SCRN3,3.7614693748248147,5.326129973571764
ZNF385B,0.30256172560446715,0.6843195245887599
TMEFF2,0.20167325339886277,2.5346309314925124
CDCA7,4.411362353683,4.081417493816945
DLX1,2.9689890289689314,4.161480406544066
UBR3,3.5715864650580667,4.444429593537001
PHOSPHO2,1.8774574802717214,2.896192495244024
GULP1,4.395264194427218,4.259493501963222
FAM171B,1.491983414172883,2.9518970136961786
HSPD1,9.1609882634094,8.275773878631611
CCDC150,2.881406611055006,2.880348022298031
UNC80,-0.2966260976811177,0.5497968362348897
NBEAL1,5.527926660369033,4.4551267326883535
SPAG16,4.139927519407422,4.872171111037676
SUMF1,4.354941195588977,5.390211099065389
RHBDD1,2.4466691526599993,3.5293315083049155
TRPM8,0.9280476976510181,1.1169108887324815
HES6,2.0446735637079057,3.607108879104831
ESPNL,0.2537385605827633,0.26472709496683994
ANKMY1,2.205574705406434,3.1971128544651815
COPS7B,4.7626442733434216,5.378211572363548
DIS3L2,3.026324242800103,3.4934176346648815
FANCD2,4.607833881881264,4.197022139571437
VGLL4,3.7209025078307096,5.917593057870274
RAB5A,5.372499030016325,5.902522590260493
CTDSP1,5.25513138872847,5.421177929814394
STK11IP,3.5678758636091366,4.306885609874776
GMPPA,5.478250000386825,5.247455716645778
GRIP2,0.5953327240558307,0.15229952219918316
EAF1,3.3373297458505977,4.191910823884649
CNTN4,0.17583611950795608,0.17394135015853543
DYNC1LI1,5.706630705561928,5.129127699639032
RBMS3,2.2758822361530306,2.9829566657080453
GADL1,0.0902977949228433,0.07827194935599087
OSBPL10,3.3568753261385362,3.9811461074058583
CSRNP1,2.601794621352751,3.3474047921973877
SLC25A38,4.6080203047460655,5.266335056392793
ITGA9,-0.09899222796863671,0.8022077376001844
SLC22A14,0.1827109061952315,0.18629410094417714
GOLGA4,4.705452885338218,4.833327087377775
CTDSPL,3.437366529510331,3.8366643087431704
STAC,3.4940641814675475,3.4277172052736007
IQSEC1,2.1894927337116554,3.002312674219792
CAND2,-0.017002797204162423,1.881055397583478
RPL32,11.23201691759158,9.957049071121462
PTPRG,2.9654071702410514,4.280920100278015
IL17RD,0.435820794880841,2.2985399325790956
SHQ1,3.8234476848265984,3.7319107672086775
SLC25A26,3.7934610156904407,4.003211452063788
UBA3,5.828550466532297,6.380585623019895
ARL6IP5,6.310614832628164,7.252180043198795
TMF1,3.807751227386387,4.831541647496331
LRIG1,2.9601467222150095,5.004548713319447
LIMD1,2.8934095020669557,3.0226561356078654
ZNF660,0.3165033815234469,1.1837438738416814
NFKBIZ,2.6758019446052974,4.0616265033745265
COL8A1,2.9356761276731205,6.662208567715432
MYH15,1.0190098524558748,0.31486600869365045
PHLDB2,4.973499785582276,4.509541084296039
ABHD10,4.786994457470816,5.172301238945449
TAGLN3,0.8130024281086131,1.7606212363217888
PLA1A,0.13161346120382508,0.10102458584370484
RABL3,4.504968020546732,5.646739391590646
ADPRH,0.12715786111532412,1.814665030844032
IGSF11,0.04551279496861585,0.2619831654850026
ATG3,5.945051827774051,5.8185182282860675
BOC,0.8445060050576099,4.6003577411249905
SRPRB,5.9626346329547735,6.586014847066504
TMEM108,-0.2902647293714695,2.154184066177619
AGTR1,0.5819436483870528,1.1565412488430946
MED12L,0.16929031563801678,1.139366760215424
EIF2A,6.9445675820805794,6.078537947174661
ALDH1L1,0.5687936265065905,0.37786147439875234
OSBPL11,3.239593440958974,3.818399764363848
TRPC1,3.3366613201820394,4.016715283891555
NCEH1,5.0990162474087715,5.099221984853113
FAM86B2,0.27265411665038464,0.43299752433538025
LPP,3.172569496530232,3.9633958939578737
TMEM44,4.376015937983964,4.191358566522729
AMT,1.0990515742747116,2.1157561266517138
TCTA,4.341530527367512,5.652709482932879
NICN1,2.1942672394712943,4.085183973131914
UCN2,3.3003238327207733,2.210002129437055
MANF,7.474198327063966,7.796225831716
STXBP5L,-0.11032551675542179,0.5077136483043957
EAF2,2.385239778615331,1.897333525315322
TM4SF19,4.072945133976221,0.11613927508387945
MUC4,0.016779255363374115,0.20537347903695466
SLIT2,0.6970149191009087,3.2475741616661953
EIF2B5,5.27633580391672,5.318258776130099
VWA5B2,0.03991995828114059,1.176086262410026
DGKQ,1.8528435244401242,2.9241359987842905
FIP1L1,5.922070405936491,5.684279483280632
SLC26A1,0.5382348351221343,1.4751913609093419
LYAR,5.441857789076236,3.6397183648067695
EPHA5,1.1348380401650937,2.5407542906364795
ATP10D,3.5141847360363494,4.003469304245325
OCIAD2,5.539759793640514,4.918626674202401
SLC10A4,-0.1653912532184436,1.1160140356394317
SCD5,3.6229656989197894,4.003132371647072
PLAC8,3.0089563444342398,2.520887249990685
ENOPH1,5.705421964626845,5.4598054000614615
KLHL8,2.7158400448570283,3.0634835111182794
SNCA,1.9672103053878742,0.936165977396934
TBCK,2.862903338892905,3.8236982153323944
CAMK2D,3.5322977572863685,5.952222948962639
CISD2,5.76267922716532,5.765510014257369
DDIT4L,0.30124587530791813,2.4095993861014735
ANK2,-0.0013569255486594045,3.6857006807098918
TIFA,3.2743971011273723,3.3114227890714183
CCNA2,5.879296926455765,5.192923348921235
METTL14,3.7221808683527864,4.385104252453228
USP53,2.902921698679696,3.272986414827465
SETD7,3.8027155288463916,5.5513630784471095
NAF1,3.1724637459323572,3.2720490581459276
SFRP2,0.1012803348649367,3.1642229290002346
RPS3A,11.447421065748934,10.080893915311838
RNF175,0.46180378443708026,1.863353615457175
PDGFC,5.252661418929027,5.530159945431682
CBR4,3.0347709374877945,3.8243241729150443
CYP4V2,1.4549913521204676,3.5729864772309323
ROPN1L,0.7672118356077846,0.6025772981728557
NDUFS6,7.953330168313698,7.230463381063765
NKD2,0.9756059016965445,0.3653216651962443
CDH18,1.054536223977962,1.00160455610164
ADAMTS16,1.0632886355989,2.1805368542297625
SRD5A1,4.192492201408493,4.487207112166874
MYO10,3.5856327906514007,4.57437682185784
RPL37,11.137744048183377,9.465175326997512
SKP2,4.868185333714625,4.849337948732484
OSMR,5.684057516439083,5.8649307025880955
UGT3A1,0.09353234676132705,0.04980991785283802
PLK2,6.832644798681003,8.303509117148232
GZMA,0.3702394065280245,-0.039062363663994154
PIK3R1,1.9181063192326355,4.829325969736907
HAPLN1,0.6795347289704847,2.8809373063964645
LHFPL2,4.6002208777902815,4.84645228071689
SSBP2,2.711227091621549,6.010589763522893
IQGAP2,1.2418653466876268,2.204175088915475
CRHBP,0.7811382516184153,0.4595453967622942
RASA1,4.463377866081892,5.135211848072161
LIX1,-0.49738955453290723,0.8275308427423461
GIN1,3.1665051966533966,2.7332779839446006
PPIP5K2,4.672630182389144,5.318411222746241
PAM,6.380805781992853,7.993600687323741
BDP1,3.4769326982681723,3.769942699731232
GTF2H2,4.897719435060517,4.7886342443466505
SLC30A5,5.495740131618716,6.474320637643667
BTF3,10.117740442298954,9.071448147778876
FBXL17,2.9249477230456753,4.387076898404763
SPATA9,0.6024046022184835,0.8698716630595249
TSLP,2.1435383261442142,1.1231299043383207
TNFAIP8,4.26175527138353,3.177915117747883
FEM1C,3.283609917380046,3.878898918982998
COMMD10,5.363017236261632,5.111192201157459
ATG12,5.769516342052824,6.214037467493153
MEGF10,-0.001708606837516391,1.4794352509362096
ADAMTS19,0.5059473880423082,0.06743744003187038
YIPF5,5.9400791973424605,6.644203882686807
ARHGAP26,2.473120696598859,2.9333740222114906
CXCL14,-1.0663761835153367,3.515760738901659
LECT2,0.05177056031610437,0.10283330755704767
DDX46,5.3978977910180985,5.566109959594336
RNF145,6.1974873231716865,7.277602722363614
C1QTNF2,0.6657064268145947,1.9932410826911275
FBXO38,4.266589246432122,5.009114464485313
PCYOX1L,2.716822105609887,4.3654447447524785
TNIP1,5.643862334285797,5.548921077033839
G3BP1,8.450084002710863,8.249819642487749
ZNF300,2.053705002880632,3.9878172980975775
N4BP3,0.16085723738416297,0.03643181839843308
NHP2,7.886256906801903,7.315295193964434
RMND5B,3.738880567829614,4.695049168361908
BOD1,5.9782078611548455,6.1173796311240904
KCNMB1,-0.6139512403517129,1.2106894515057034
FAM50B,1.7262141533645354,1.3521686523857759
MYLK4,0.09416502844145347,0.5252145871885638
TBC1D7,4.49367956503341,5.2642043525762015
FARS2,3.1349016363584705,3.4041484885642834
GFOD1,1.2549372696699213,1.741396957105853
CDKAL1,2.8520085707501024,3.099262301504486
PSD2,-0.22227065511368538,0.682127747725151
LRRTM2,-0.048267758316649534,0.9300254909322968
ZMAT2,6.287858648039599,6.844200476139886
KLHL3,0.48551839160025706,1.1511819451607235
DCDC2,0.2801831023069459,0.4969003100833788
TRIM7,3.460077968510899,1.704057971636911
TRIM41,3.669523528568728,4.506136404369907
HIGD2A,7.179363204443965,7.1673662051640505
FAM193B,3.9405281775375345,5.200096061870074
PLA2G7,0.19954404449880708,0.296354968580172
TNFRSF21,4.682373746589232,4.3910112062378435
RNF44,2.9344443900985393,4.3040088990448355
RASGEF1C,-0.03695572796713929,0.2320779801913813
DOK3,1.5610603246226256,2.3601468281370077
ABT1,3.9749299201619905,3.7351980495535617
DAAM2,1.1049588594288857,3.187744799190681
PRIM2,5.173207362958032,4.349873754334988
HMGCLL1,0.020214541502802746,0.23967277542301238
FGD2,0.2720850608995902,-0.019288373390947022
SCUBE3,-0.035589443189183,2.0227068262220396
ANO7,1.1437102162498656,1.2321477144707809
CRIP3,-0.21499002478533094,0.5504141991468156
TTBK1,-0.4376996071586442,0.6938214102689141
RPL7L1,6.358092628534654,6.35808234838267
NFKBIE,3.22967647976198,2.9484773371531823
CYP39A1,0.1862789229050864,1.441132121277013
TPBG,3.3548327241350098,4.126814693850989
IRAK1BP1,1.0996866939803205,1.9677145388520736
PHIP,3.051356356276894,3.707351490728134
PRSS35,-0.4358960945492867,2.77887606390038
GABRR1,-0.019822581581345658,0.20169736487247478
PNRC1,4.054058144056803,4.877663505164567
PM20D2,3.79203088982295,3.380803673000339
RARS2,4.1963825144430995,4.543585072173188
CLVS2,0.0825463724509737,0.015180884683264968
RNF217,2.1357626216950143,3.4595025202270424
RSPO3,0.17512414936829968,0.9594223081641997
ARHGAP18,3.708566937496681,4.246059853299489
SLC2A12,0.1124528089857002,3.0626792884505853
SHPRH,1.9270982940245074,2.4504113282799334
AIG1,5.096887907823825,5.214329200031297
DYNLT1,7.410883664330022,7.861505169418295
TIAM2,1.6755704806326674,3.826940599989178
TMEM181,4.419525899779985,4.916858696094057
WTAP,5.939792906994912,5.889654820209126
ZMYM4,4.099533070729547,4.455651980338307
SLC22A3,0.06540670399365794,0.513432653037488
VWDE,0.6229085909786146,1.0821001048047358
GNA12,5.120931095582938,6.391152802867347
C7orf50,5.73260597762151,7.0228857483738345
SDK1,0.6373641680620832,2.586562393996431
RBAK,2.5001157647771484,3.6179614456691347
CREB5,2.332442898405162,3.1976158228644933
EGFR,4.504626182326157,4.707743349054223
CDCA5,6.099227740334541,5.390609744429848
IGFBP3,4.588540488397133,7.662579765152804
PURB,4.228393685507389,5.075361406300637
IGFBP1,0.7922035396045745,1.0805417766723608
MDH2,7.424056826644734,8.066008923929292
POMZP3,2.881884719173388,4.406534173559217
CCT6A,8.638215734667106,8.604353309549449
PSPH,4.446509555993727,5.580260366532013
ZNF92,3.2074761616246525,3.499227331821122
ATXN7L1,1.9482672030033246,2.919535024099562
TMEM168,4.033641555257053,4.328969538524203
SLC12A9,3.6838291852220566,5.194296951133465
GIGYF1,3.0660120036745466,4.263408935660857
TRIM4,3.8724106199869452,5.089202752056358
MEPCE,4.724986417600012,5.241234373205368
TMEM209,4.009983030065574,4.733678156410149
AGBL3,0.6436446930142747,1.9133144080234357
ZC3HAV1L,1.5435785073030637,1.9053991812821502
TMEM140,2.0748665655472545,4.546446573292986
TLK2,3.9028289768290585,4.740851845630532
EPHA1,1.161379724946857,0.8912840997569508
NOM1,3.084431344223198,4.404569752856128
CNPY1,-0.5254113681325405,0.6148152996392241
NCAPG2,4.925915592396401,5.929250129486416
NLGN4X,0.014631828999668084,2.93019873517609
SHROOM2,2.0802673309151967,2.3526259054087846
LUC7L2,5.3461293457909225,6.634087379383679
DENND2A,1.6128013319807921,3.954123912904227
SH3KBP1,5.334049422213388,5.04511586912875
TMEM47,0.9979446837902524,5.524978398095087
LANCL3,0.32468316684351106,0.7027850060721647
SYTL5,1.1330000412032089,2.3222013917870803
CASK,3.7472757098650855,4.543328764323941
KDM6A,3.1919300763986627,3.7259002780070327
SPIN2A,0.32120683822430873,0.6288501138749133
MSN,6.619035102542597,8.717594061712886
CCNB3,1.0704093602595761,0.5691034153594082
HDAC8,4.6643016736746095,4.835780235688086
SLC16A2,4.206156309434057,4.6845519820844865
ZNF182,1.916634000445427,2.329449809096443
CHST7,1.9475454806594694,2.7755222004062214
NDUFB11,7.413240151392813,7.484443277881934
ZNF41,2.4326710455365337,2.859333472014281
RAB41,0.24164796042833273,0.5104791457500217
ZMYM3,3.4239838080268377,4.355302915052409
TAF1,3.813492642764827,4.758644707574658
GPR174,0.023363596102900296,0.056282999978954286
NONO,7.941195638787506,8.235582309379152
CCDC120,0.49917919959194185,1.0607133366963863
LPAR4,-0.16406303388846888,1.1664745895970474
EBP,6.460924857141611,6.3477526515973475
OGT,5.55014003080966,6.104226037673628
SNX12,5.835757274562097,6.310650203943276
ITGB1BP2,0.8582345498401324,0.9581714727099678
IL2RG,0.6577805531777137,0.6397716188633629
ZNF711,1.5032841986916143,1.3618840532701337
DIAPH2,1.639250613501688,2.0909530141173334
NXF3,0.6497315095025191,0.9577599790949298
PRPS1,6.403361273786805,6.482183601179512
HTR2C,0.20231317114929634,0.27890679670456664
DOCK11,1.8511186535273516,2.5241417730642306
IGSF1,0.3523520470685989,1.853215023092668
ARHGAP36,-0.10971767468789612,0.3434704153262749
GPC3,-0.5850414253057461,1.2331270752606531
RBMX,7.729041877785006,7.677431605702315
MCPH1,2.83964655248529,3.5406932515169087
MFHAS1,2.7406188505920115,3.6204654781137
FBXO25,2.6597810293882445,3.54394604958459
MAGEA4,0.3535862802174213,0.522942575492133
NSDHL,5.001303740880041,4.826702158054521
ZNF185,1.263175948708821,2.174023309636925
CETN2,5.6968172265121355,6.313513387279158
RPL10,11.80626537288731,10.260868282811023
CSGALNACT1,1.6785479220175192,2.2746282680357113
ATP6V1B2,5.18371492075604,6.450354985333188
CCDC25,5.079253734474307,5.540500959443109
HMBOX1,2.6802139583667453,3.191239349239525
GNRH1,0.9597788933199458,1.7845221223073886
BIN3,4.123815733419919,4.777330571146064
DOK2,0.30134819488500947,0.15280004603052721
SLC25A37,5.432363959947328,4.929402829628422
CHMP7,4.838837053521981,5.592970465245362
DOCK5,2.3833866243621933,2.8600529022873276
ERLIN2,4.542586884674118,5.74049684773698
SNTG1,-0.26337893351404984,0.48442348492488263
ST18,0.23166423463861754,0.13530311090746486
RGS20,3.6617423077153664,0.9399364040916189
TACC1,4.876264196631248,5.586358313295532
GOLGA7,4.908301656552078,5.841221156831302
GINS4,4.472538937339,4.422664232221243
CRH,0.05889581474756152,0.26472122655798624
TRIM55,0.772254708526183,0.4530548175358796
ADHFE1,0.6196246445361169,1.0740959879635419
MRPS28,6.143327193980627,5.338663150527506
PMP2,-0.5402070265267641,0.928525355969403
LACTB2,4.561398615196474,3.61988391030745
TERF1,3.9869498897024074,4.62627591499813
RPL7,11.02879239567463,10.104297894673438
SLC26A7,-0.4139508962609965,0.752851618088146
ATP6V0D2,0.777097725177833,0.346734290703247
SYBU,0.6699214785181737,3.5667142898547386
DPYS,-0.08339847226852706,0.22300924776755413
MTDH,5.680293982724946,6.38362521422673
LRP12,4.212195830809166,5.8453977671665935
EBAG9,4.519272657720513,4.151806249122365
RSPO2,0.14889319415442903,0.2714079901551724
POLR2K,6.87293449486058,7.464033672911554
MAL2,1.3960447376229812,0.1939184560057437
EIF3H,8.471901829928541,7.529632681454515
UTP23,4.623176750800685,4.094377678139872
NDUFB9,8.30963595965001,7.39103313012878
TATDN1,6.454464765390068,5.253830354833995
FAM83A,0.8085107936473089,-0.22182483912220258
GSDMC,0.09125237840223678,0.2488176349502053
FAM135B,-0.11280672655011921,0.22093362672795597
ZNF7,4.249757636676976,4.206812266575637
ARHGAP39,1.2138468717277282,2.1322774955975587
SLC39A4,3.104290931410108,2.116580846899711
VLDLR,2.147855795815219,5.60014887016029
AK3,4.576630761738032,6.211326308391736
UHRF2,4.019741063592135,4.929307849233856
NFIB,1.390217788457704,3.87669771814221
PLIN2,3.504148801948229,1.6029699189209916
HAUS6,3.5798719294687134,4.014975381610271
CDKN2B,-0.3633249925935347,2.356843098704352
CDKN2A,-0.5126859434493023,3.56938985965734
C9orf72,1.8736689023293822,3.177265620681366
ZCCHC7,3.6758137945141183,3.794682296115477
FBXO10,1.271692261240032,2.967531273229791
SIGMAR1,6.292104987169715,6.344416308315789
CEP78,4.416679661966993,4.40298321883061
NTRK2,-0.4650794451938084,1.9191839639523183
SHC3,1.0904242737319536,0.8638367533028743
AUH,3.0536751723941573,3.4514235288497166
ZNF462,2.294022554649329,3.116952224619367
UGCG,6.191014059454858,5.546236666511553
SNX30,2.483265759671473,3.803635406526924
STOM,3.6779905098831005,6.116418717736567
GSN,4.709737877136229,7.589401169487431
MRRF,5.225114922867478,4.97162508744578
NR6A1,0.817994621552414,0.7965924110238695
CRB2,-1.4052691131303463,1.711547395615267
ALAD,3.8704559552048883,5.328310391666383
ASTN2,1.8909478753283504,2.1205706215570093
WDR31,0.3836296599258753,1.9184135961751476
POLE3,6.322311637804445,6.6076730215826895
SURF4,6.935124521747304,8.192976359608602
GBGT1,-0.004087398472544801,1.5377669959476095
SURF1,4.601266890552351,4.976610384372121
SURF2,4.85531638036499,4.32360863039581
SURF6,3.6965964795038255,4.5126771663934955
MED22,3.639060426912188,4.7397158340351915
REXO4,4.026293460635386,4.684613173458675
RPL7A,10.820943323439309,10.06108920701668
GTF3C5,4.996867954981868,5.673987338481679
ASB6,3.370934378049443,4.494926182186979
PTGES2,5.353768052920998,5.205714061126513
CIZ1,5.734097499946391,6.188735135662644
SLC25A25,2.0133610333178584,4.78938983132299
SH3GLB2,4.745512727963544,5.777452328612968
PTGES,4.808973880801953,1.0688241220348877
LCN2,0.8499387503052627,0.8340998709380544
LRSAM1,2.5817455436745815,3.0852009987148863
GPR107,3.821191416084522,5.636892751023016
INPP5E,3.3703631316048095,4.101205429575614
SEC16A,4.494412413960072,5.355002252079844
NOTCH1,1.3574825051349442,3.7018484662004636
CACNA1B,0.0471792769293264,0.03032699102301761
NACC2,1.1269760999319325,5.364062344411492
USP6NL,3.0542092282158513,2.8575273839870197
COMMD3,6.258099225342541,5.241169543564851
MSRB2,3.47624969525486,3.6487602730890307
PDSS1,4.233384876237555,2.5384907682077755
FAM171A1,3.693166217349134,3.884050598129935
SLC39A12,-0.04570021343720493,0.1699462587359703
RSU1,5.508154378067568,5.757046603214866
PARD3,4.347336030549945,3.8619992473412825
ZEB1,3.29725948875663,4.355253757047981
FAM13C,0.11363543134917631,2.5566590209730125
NRBF2,4.585476066824473,4.121538366650288
CDHR1,-0.049875650561966606,0.2510037830881348
POLR3A,3.2717185040885726,3.017404065206865
HERC4,5.968471707235049,4.58073520958701
CAMK2G,4.130148173267232,4.005024124824164
GLUD1,6.876598107860418,5.925506435925494
ANKRD1,4.529737399813966,2.734892636412469
HTR7,3.2231040654028558,1.118448938786461
RPP30,6.140731669591578,5.0626466818780775
ADD3,4.232727749459386,5.666653498607028
VAX1,0.23958376385210917,-0.003956071887061013
DNAJB12,4.389214299752922,4.185031510682264
EIF4EBP2,4.114654561777798,4.4457661385004625
TCF7L2,3.05835921871315,3.457410326624685
MKI67,5.150241331299679,4.938055933186793
INA,1.173498274094099,0.002892189617191454
LRRC27,1.919295978233892,3.1356242545340995
MTG1,4.443995848777904,4.4059590994736695
NKX6-2,1.0949689741100808,0.5778330847956982
PAOX,0.3283970503565883,1.1981643334245127
GSTO1,8.538780062177452,6.766387623101554
TAF5,2.4668384453822303,1.8431348151113174
PPRC1,4.689329884806143,3.9752859507706084
ITPRIP,4.280911762961146,3.530567762559052
CNNM2,2.052468015014545,1.9888258910645769
PDCD11,4.332304211292078,3.4922182229999916
ADAM12,2.493358530477007,5.514110674714537
RGS10,5.519054119028118,2.9143273672261376
BTBD10,5.104120787739254,4.81522979449973
ADM,7.215578346742436,4.456852123219617
GAS2,1.3949580133309256,1.6334900974909465
SLC5A12,0.11959704261732834,0.14425241272718933
LIN7C,4.126449472314732,3.7385448809551574
LRRC4C,-0.059395187738732313,0.8252333423703134
IMMP1L,4.844933463135838,4.567395518076824
PGAP2,4.074374027092986,4.308779960729571
TUT1,3.7417377120649435,3.6727755193908433
SYT8,0.26515716492880564,0.5340262985397742
ZNF214,1.3064967938584042,1.085041256119293
ZNF215,2.461961680979787,0.1704358960201302
HSD17B12,6.039480219023068,6.210299112511684
APIP,5.564405408187523,5.234483820062847
PAMR1,0.5303442364231978,2.23440780004407
DGKZ,4.804079395474204,4.339975009897005
EIF3M,9.070971270911759,8.049291622691845
TNKS1BP1,4.919076307229427,5.902312346360669
SERPING1,0.6160725813079218,1.616608589942117
SSRP1,7.131206157732022,6.497256889452523
SLC43A1,2.1324031702210746,2.499893588000589
PTPRJ,2.940943669916357,4.121284762830474
ARFGAP2,4.986402739586964,5.659631400909509
CELF1,5.198461393467851,5.494012284394619
CCDC81,0.36486695801656815,0.88065951827841
SESN3,-0.3990329913491366,4.285404525668851
ENDOD1,2.6449595372987225,4.77269007756069
CCDC82,4.8989993791889175,5.141658752583631
KLHL35,0.16430475670738498,0.3107488161063241
SERPINH1,6.851588931383716,8.926375157530545
CAPN5,2.2305515834911285,4.589117206363298
INTS4,4.511947014657283,4.390036191500532
PAK1,4.762351692320855,5.253034557616068
RPS3,11.768995068754398,10.184249327338664
ZC3H12C,2.106296634678544,2.960024073542324
TTC12,2.3904736569564857,2.6113659677906695
NCAM1,2.8004114956727415,3.790105412604405
DRD2,1.2464498188284958,1.7052548966305392
C11orf52,0.30348434780765077,0.2936317742608157
NPAT,3.5493876217939833,3.1253533426217777
ATM,4.353824693435467,4.619488707097159
AASDHPPT,5.67822770898345,5.166039873220081
GLB1L2,0.5876272053440357,0.7044792535792099
P4HA3,0.3176930812616297,0.6900804153144978
GRIK4,-0.017756601938084704,0.7825771128674297
ST14,1.0427240902101689,-0.13976866813211802
HYOU1,6.405956589269972,7.547092846759688
ADAM33,-0.32777490229603845,1.4030967526173717
MTA2,6.087510143594624,5.868370505755699
TMEM138,6.158442293902991,5.761107031749566
FADS1,6.163416468001563,5.850082760264128
ROM1,2.1705143387683856,3.9389620507202436
EML3,4.707853297232782,4.690636360196431
INCENP,4.536261657406579,4.226111729716908
ZP1,1.7057788616913356,0.27679727862369297
PLCH2,0.2601165460340626,0.21737616140012803
CPSF7,5.758121905456409,6.06749297508753
B3GAT3,5.085345358337688,5.947323692535924
EI24,6.589549922058911,6.447079882413707
CCDC15,2.3608837958163806,1.9071611491421205
CHEK1,5.302782068081551,4.688408551991444
FEZ1,0.04069552302088919,7.193495103107063
ESAM,1.2000466891021446,0.7144351503727886
KIRREL3,0.3682650641269163,2.9177804480872176
MPZL2,1.6391711954744044,0.30159341196447287
SIDT2,3.1320719688250813,4.53087390085657
TMEM25,2.823966677209111,2.9963744602766984
TAGLN,2.816660975501152,7.662550751396501
JPH2,1.0043217400994895,3.4557947970256326
DUSP15,0.2572758994061146,2.020239252747556
COMMD7,5.389472709116385,5.685467611348359
KIAA1755,0.7123298466260799,1.51354477165737
DSN1,5.575795911347778,4.921449781375485
CDH22,-0.13959534015207226,0.2096473159227104
LSM14B,5.1520730895652935,5.364191228225996
YTHDF1,5.016195350975274,5.052925685500223
CABLES2,2.74781056987993,3.047563679163508
TRPT1,4.944146080584555,5.185233559946358
NUDT22,5.375130041589907,5.18955519538109
FERMT3,1.7855908638469353,1.3871619681749194
PLCB3,3.95442207764171,3.7127543487055608
MRPL49,5.860302785033368,5.53827851171971
CDC42EP2,3.8500967878738157,1.8662952277263107
FAU,9.742863428180991,8.843322871163853
TM7SF2,2.2957740432918023,3.4509988216183856
TBX6,0.6006990896125914,0.2809238167141104
PPP4C,6.877061936992273,6.513201062353794
ALDOA,10.581995369325988,10.380683223512884
DOC2A,0.8981892920395088,1.0543273037472833
HIRIP3,4.871429347568597,4.35557787530037
TAOK2,3.9701008470392716,4.6617826092981955
TMEM219,6.0414593306843605,6.029473895653939
HMGA2,6.523158029139966,1.6673384311544277
MMP3,4.168517717243773,1.3811283972832182
CNKSR2,-0.20971235236673358,1.36332513915437
CNTN5,0.020558214229652483,0.5410617103373832
KLRF1,0.10281697327335272,0.269266239701732
CLEC1A,0.150318263224827,0.9600746552747712
MKX,0.3351334455361173,1.1263979920758698
MPP7,0.5567499827214346,1.1808016147837967
ITGB1,8.644444770240344,9.364749957103813
PCDH15,0.11347008129489125,0.3935730146346438
CTF1,1.7266725378362182,1.383267505882156
CWC15,6.568126802064428,5.9005848804872585
ARID5B,2.1503420166659453,4.587222763095925
CDH8,0.10902053918255228,1.7371956772032304
DCUN1D2,3.0210457989199804,4.0893080311441015
TMCO3,4.515683422706738,6.37347879715071
TMEM218,4.7756679472379915,4.950056277123013
TIRAP,1.7643959246769647,2.977448104200579
LATS2,2.0702609429654437,3.848104918239838
SAP18,6.375254651435409,6.943757096340715
KIAA1328,1.789211761162497,1.9584210499460741
FAM124A,-0.3246277861531004,1.6016871052115196
MIA2,3.705168632127904,3.6171793171406366
HNMT,2.295573252368882,4.604163491646213
LYPD1,3.0085231302153517,4.6330415128923805
LYPD6B,1.6250420487451294,2.9281156388877703
PDCD4,4.819372274600438,5.469984290862003
ADRA2A,-0.3859575845843414,0.9998199915279641
GPM6A,-1.361504291781706,4.067400873524651
WDR17,0.7681806163422842,1.5497686136859654
SPATA4,0.654388252312425,0.3893010775383132
VEGFC,4.605885183515107,4.267886182374158
CCDC102B,1.387836964897982,2.841695371578917
CD226,0.11555405118598042,0.4222303126218421
FSIP1,0.4271298944944918,1.3178350058794168
DLG2,0.6573803849714762,0.6985274308539495
RGS18,0.18587483968082452,0.010077195218482049
PRSS23,7.694027712828617,8.14547655976605
MTMR12,3.8672045751124835,4.342653314942496
PPP1R1C,1.8396366362404708,0.22059977648730666
CCT5,9.777513071310025,8.524001064097328
DOCK1,4.026849983326283,4.322128494260295
DIXDC1,1.3854321960863314,4.4762406199879035
DLAT,5.371921546950076,4.4629228298573
PIH1D2,1.5727454002474501,1.9522975452199516
TIMM8B,6.7767937490053685,6.513546460979863
IL18,1.4513995232822912,2.509045362099786
TEX12,0.2079018009691673,0.26193766000651886
PTS,5.884631330860373,5.903390621805967
PIP4K2A,4.316716358476377,3.702222490366811
FREM2,-0.15454994520972248,0.9336884332179219
FOXO1,0.39655007909035067,2.984190022604645
CRIM1,5.217071012024133,7.041152791888358
SEC24D,4.589268176311155,6.079638067609963
ABCB9,3.0829299228694955,3.5390127554958806
RILPL2,3.507916799067756,3.903822629985824
DHX37,3.81012178330295,3.4729088879410415
UBC,9.81541897215264,10.373298576399092
ITPR1,2.6630043012096127,4.155208079113592
PRSS53,1.6275173678801667,1.9348835922316951
SLC7A11,3.7388642707093442,5.053539081549839
ENKUR,-0.04233239134148398,0.6708234302991529
GPR158,1.0549166876274594,1.2096861340184513
CACNA2D4,1.0657965799775302,0.3064267541390763
DCP1B,3.000115775369817,3.1507633763213185
CACNA1C,0.894096604575673,2.4518022654033196
KCNA6,0.0771540148174358,0.022929820803431738
THRB,1.4685178618906112,1.3164591355131285
NGLY1,4.599128081551829,4.738906429209496
OXSM,4.231639539082818,3.9746259084662823
UEVLD,4.208099428113706,4.257253934838183
TMEM86A,0.7011764270495592,1.5908854065767852
UBE3B,4.212532040055287,4.498689921550346
ANK3,1.5883334634319488,2.6479144572879414
IPMK,3.202305289797113,2.0453421248436774
RAD9B,0.19795652711531647,0.8822921352443435
PLBD2,4.790812788384165,6.0238261160513975
DLG5,3.7490302109295826,4.760810219499374
MAT1A,0.4583259184131594,-0.02189660046028241
SLC2A13,2.2666458095609716,1.5942247814359125
GXYLT1,3.8772068606897556,3.39918896292512
TWF1,7.048903832419482,6.51394642742272
DIP2C,1.416702612622165,3.397315237544378
EIF4E,6.249486571985881,6.49068145727492
MAGI1,1.8135418364215528,2.9797922991888326
CSNK1G3,4.736094329150221,4.795168557042068
SRFBP1,3.657099431415681,3.799010758414651
AKAP6,0.8239254900323937,1.7819529265895495
NPAS3,0.4629872892925154,1.816463468572688
FAM177A1,5.745335429484156,5.682625244718185
MBIP,4.733883219479706,4.317336258776685
MIPOL1,0.6465323433584965,1.0961495534974737
EXT2,6.009705690513604,7.216798576371663
TMEM18,4.798908893011268,4.468002324126488
KCTD14,1.4071989968591352,2.050505428801515
THRSP,0.09463956885701903,0.13470295063519364
NDUFC2,8.098269968992946,8.259587705934873
ME3,2.5161434910490845,2.018046354119718
ADAMTS12,4.062732456283417,2.81424644579905
NUBPL,3.3677440571680206,2.8104496769957517
NEK7,4.93136501030133,5.654706643175871
ATP6V1G3,0.06961516102978924,0.38069233403610525
FER,2.738368762380609,3.4952078449156563
ANKRD50,2.9950759673837797,3.5849436153390593
UPF2,3.6654015055241342,3.2504643847808308
CDC123,6.819295425278772,6.232355604542232
SCLT1,3.7390539136346,3.0603439668391665
CCDC3,0.9487937820389798,0.32721143334593317
C4orf33,2.546649619677161,3.4443471696915493
FRMD4A,5.120699255171235,4.374640018424962
PTPRO,0.3539526414694644,0.805033950976759
EPS8,4.348823614821712,6.402547776801912
ACAD8,4.014838767696363,4.821535766269983
THYN1,5.116458326919035,5.156856836140508
VPS26B,4.0943779426181175,5.182792309140821
NCAPD3,4.560407746438264,5.196518935081335
VTI1A,3.941452671364179,3.2223781503757944
QDPR,4.87949785426076,4.993365314002491
ANO4,0.3275053669306041,0.7577367915378801
TEX9,1.3536700182578232,3.1945566996138024
MMAA,1.5139296043755892,2.384317095788785
ZNF827,1.9330148663232503,3.857227269668993
EDNRA,0.4359655922147202,1.47941924898256
NR3C2,0.22140916982920145,1.2763893477594348
AKR1C2,1.814217755788425,3.245472718335154
DPYSL4,1.2085428971303627,4.001399866599261
VENTX,0.06066151058633537,0.02816140774474823
ADAM8,2.150376645258519,0.6030285926337792
KIN,3.2256204849532955,2.462839933055205
PIGF,4.792939576003529,5.214664139113617
ANKAR,1.1184613969062285,1.778488233920085
INPP1,3.6474515107010235,4.393421525869603
MFSD6,2.694692716719057,4.548998784537031
RNF144A,1.7321735034979844,2.84778333870299
ASAP2,3.464425691071763,3.8463277016667696
ADAM17,4.182699573035019,5.445374559744898
FLI1,3.2089070330464837,1.7414176442029925
TMEM45B,0.16488562262130724,0.15153541026131354
WWC2,3.343072436016007,4.827879947691277
ACSL1,4.282241963374435,4.36428672724695
SLC25A4,2.9214929002113585,4.669519255220262
AMN1,3.44247693039121,3.2394877257340013
BICD1,3.9608392320997363,4.8920293386507705
SAV1,4.622018945980908,4.042889191245803
CCDC122,1.4920561670355432,1.98545287045853
SERP2,-0.11032210060867786,2.499700096583445
NBAS,3.517040154552951,3.810914115277365
ZNF385D,1.3840622411213868,3.0768466775384695
TDO2,1.575609204027986,2.70469207683279
GUF1,4.11044819244146,3.8109713114407744
SLC35F4,0.29469850460893465,0.038948950052209746
GABRA2,1.757170175629485,0.368838872256013
SACS,2.9810280845865504,4.056671748034338
PABPC3,1.8162538971650695,1.2776840626047115
CENPJ,2.7998759096125845,3.5042646051640025
FBXO4,4.074761248136665,3.7963030045512425
CCL28,0.46172074769253313,-0.03463705667217243
PARP8,1.9753173195334917,3.118593931110399
GFRA1,-0.15472335442910246,3.2230888235429083
DST,6.023798710065752,6.716037812207825
BEND6,2.1920594128810484,3.6513265113862152
TIAL1,6.4728755315189614,5.957050252337791
BAG3,5.398609757105688,4.915636070909537
TMEM132D,0.015911363761395708,0.1786193274433367
RBM46,0.015971818179418583,0.03232549731418473
SCHIP1,1.2453148842026072,3.9746763591769305
KCNE4,1.1785588676360668,3.9376371400559305
AP1S3,2.1007189923649405,2.023921426367847
RABGAP1L,2.6639907319118095,3.2701057063694
CCDC74B,0.9305288993802294,3.5250125548834452
TUBA3E,0.17322448069611382,0.10280490950063961
ASTN1,-0.0029015576774338303,0.703440776278538
FAM168B,5.242751302594204,6.007871724121313
PTPN14,3.4930806239816197,4.611213640096391
MGAT5,3.3090908354712694,4.706537018604903
TMEM163,-0.7089379510122951,1.5235527930230215
HSPB8,4.351198997760494,4.678139434299416
GEMIN6,4.769070381413547,3.754050079776386
POU4F1,0.2809533724932911,0.7534395299979606
GRID2,-0.035186044863095026,0.20406153959265427
SETBP1,0.6739556279479342,2.618025474319719
PSTPIP2,1.8280509032280878,1.2833313889404268
HAUS1,5.693375823828895,5.310169178019737
SPC25,4.925589537497211,4.576245269209696
PDK1,3.535599673601218,3.40515930638376
PDE3B,0.9062889514970744,0.1812449599192002
TCF7L1,1.1642906274655798,2.695923615532738
TGOLN2,5.796440749372202,7.119620320959432
SH2D6,0.2045132621956957,0.4358240146082098
KCNK13,0.21670055719663495,0.37578996340962617
UHMK1,5.021732421598187,5.749413729564366
ATG10,3.4254417523152756,3.1839985068727907
POC5,4.1104028707166895,4.087864984283795
SPOCK1,4.295444207367924,6.980171639397785
FAM151B,0.7652307054246507,1.9302353275172492
TADA1,2.9748009533649404,3.8798253321908533
GUCY1A2,0.18682373581704237,1.2455105219130433
CWF19L2,3.1142860422850207,2.4516624821022512
JMY,1.378313977747199,2.6399375091907995
HOMER1,2.326084111195077,2.8267572981040465
XRCC4,4.145936571909005,3.5013306972330955
ZNF547,1.5971520786649118,2.163041248301286
ZNF773,2.382202426199189,3.3828325631297016
ZNF776,2.272056660351482,3.8803758324879194
ZNF256,1.7565565101305687,2.7448096773442927
SUV39H2,4.360083778374506,3.489181964240076
DCLRE1C,2.8042301610401026,2.5989992898194094
OLAH,0.686554812763087,-0.08156167957018332
RPP38,4.15071967539299,3.5977385168129947
NMT2,4.48238287907237,3.8463194639320673
ZSCAN1,0.12265978549578127,0.347186586185806
ZNF837,0.2956829232990258,1.3414592380389256
USP12,4.209184748023576,4.097777599879945
CCDC50,5.113878508953514,5.813584717833564
CAMK4,2.7302009649154604,2.014530672756403
TRIM36,1.6806636864578397,2.4704709938751908
ZFP36L2,3.3331766528110354,4.713503996953754
PAN3,2.6202438853089145,3.6380662189540507
PLEKHH2,0.1904624305204352,2.7040753005306795
PFKM,5.82804076552889,6.126231411018798
TMEM123,7.178967891324868,7.279449105095694
GRIA4,0.21919894665656953,0.8228201185764837
IGSF10,0.21684163118933542,1.5928331639107736
SPEF2,0.3096205082854704,2.0502060564303135
SPARCL1,-1.8216008609176237,3.110662206976585
MBNL1,5.983325447991644,6.255147220716029
CAPSL,0.5280357562516701,0.5630447962791298
GPD1L,2.5631732122930737,4.301342537186692
GJA1,5.118756473185146,8.327152016833226
CCNO,1.3757884112089767,2.273191250318451
SLC30A6,3.890058604307919,4.513895277953321
PELO,4.196858431070771,4.336643097870791
RASGRP3,-0.1937395000830371,3.824370958938319
SAR1B,5.820478921713695,5.979261808657657
CATSPER3,0.24608442603690556,0.4046628410916142
GPR180,2.417445223924731,3.1821359085015524
ANKRD22,0.4764946216326331,-0.09357470608101415
FARP1,3.191151308519366,5.253137511025726
IFIT5,4.200558764634351,3.931283726769755
SLC16A12,0.28084335281347617,0.32952978673760364
PANK1,2.4729448057248713,2.4031334441274206
PRDM8,1.9605283724429394,2.4149539239639664
HHEX,0.6360972047015232,0.22588113117498046
UTRN,3.5835739710977084,5.028567389883697
PTPRK,4.9562948074977475,5.401513446224127
GGPS1,4.516414450989672,5.190581615966149
CNTNAP4,0.3876646663102691,0.1394943665545682
ZNF117,0.7830831455943414,4.505655625097649
MARVELD2,0.576094356909283,0.3641141233750931
RAD17,4.146046332760144,4.309703197440659
MED21,5.285408267971655,5.299432564351333
PLOD2,7.488953245636597,8.584911595458163
STK32B,0.777164292717216,2.6716162652665023
JAKMIP1,-0.09523919641148168,0.14465571666552057
ZIC1,2.1641921163423046,4.875189797956278
CPB1,-0.03664529917766872,0.16099793333724208
LGI2,0.10381230346715178,0.3536547642499014
CWC27,5.002785457459643,4.435854729649447
MR1,3.0428125073030694,4.745867391512433
SRP19,6.695865351498596,7.224063326610936
CENPH,5.132670675549973,4.886560881569347
CDYL,3.826932773781898,4.218404236055025
CARHSP1,6.749708570943115,6.0235571583404175
BANK1,0.07752334562417174,0.6460184556629585
TXNDC11,4.139691515162359,4.433903212932459
DAB2,3.8867309592919943,5.998852098767742
ACOXL,0.4397118689510898,0.1468225959278328
BCL2L11,2.223924935041368,3.101647882721082
ANAPC1,4.228659486015813,4.282169815844437
CAST,6.591417769858333,7.208311010106786
SCOC,6.090026159224073,6.315393722844983
CLGN,2.333204160582699,2.889343042196555
CETN3,6.0685020247460475,5.636620490718266
SMARCA5,4.666313427447005,5.3119062738665175
SYCP2L,0.13753430745630874,0.37557484986419915
BMP6,0.7689493952641938,0.8538579883348603
RGPD3,0.19184969495403117,0.1742564724549133
RASSF3,3.6776229105487612,4.1791958437938925
HNRNPU,8.144309317502625,8.102223973172107
RANBP2,4.207258598841714,4.532213754254873
AHCTF1,4.012899862481149,4.514719854583708
MERTK,0.4646598286301056,1.383444212972277
TMEM87B,4.343541471631188,4.152039034282542
PTPRR,1.4846164988158588,2.6257215857796297
NR4A2,0.3628788989031805,1.4412870218604643
CCDC148,0.36935626316747877,0.8254148245210572
PLA2R1,-0.0030887159358762295,1.1275967936412599
RBMS1,5.058358262803082,5.841320843646475
SCN3A,0.48545496983472214,0.8158340151160687
CD96,0.697188866723669,0.6603258278675556
SLC25A27,1.322361180506048,2.9426917235563255
ASAP1,5.4688118628917275,5.710061039168744
FAM81B,-0.09615929973538533,0.190822928563191
INO80C,4.095909389842275,4.577145586422527
LPCAT1,5.3342537491898465,5.837899437945927
PLEKHG4B,-0.09799992222255316,2.620460708405332
NMRAL1,4.8372265587903955,4.3769034330424175
C16orf89,-0.12290904135791297,0.7652151999295234
ING1,2.98643062467974,3.674817499602206
ADPRHL1,1.1966792426466748,1.164502406942533
CMTM7,5.833316709361284,3.9021597283942353
FBXL2,2.2891490545499384,3.0654389643610718
UBP1,5.248933022955433,5.634065724471531
RMND5A,3.64263173379773,3.360561310047535
RPIA,4.56453421385077,3.8692652709653714
PTPRD,-0.30444270812939944,2.5139726532348172
CNKSR3,2.015969706171461,3.0925522404402357
GTF2E1,4.139226526440116,3.8304757574660573
CFDP1,6.34480121688893,5.936751312354952
TGIF2LX,0.4335141841713155,0.0844555290518069
ZDHHC7,5.21444130704118,5.905584366978585
JAZF1,2.5093527993439495,4.7963946951382015
CMIP,3.8484024429822337,3.8836104333811043
KCNJ16,-0.24317374177525905,0.4028484996244309
PID1,2.980395328696852,2.71588410932102
TRIP12,5.49366988115534,6.6553544006212695
FBXO36,1.1799829479911224,1.8657069700033473
CEBPG,4.227665107699898,4.762031928558999
KCTD15,3.044030597436866,3.6772848318486826
ZNF599,1.9515866825335975,3.5401790574552865
MCOLN2,1.6626895521077305,1.1788176960626335
LGI4,-0.004392550357521174,0.5047602605062527
DDAH1,4.237426906595349,4.6113683305159325
CHD1,4.698704687545358,4.868436277242974
ANKFN1,0.012443969685134948,0.5209337863424343
DGKE,1.1137084042951622,1.3616511760337036
HS2ST1,4.392437472479218,5.024056812119299
MSI2,3.6721645439263364,6.151134523860133
CACNA2D1,1.7620651777649725,3.572285839420004
HS3ST3A1,2.0330276553887145,2.7085429354886004
GDPD1,0.8702693637056206,1.4910136188498748
NUS1,5.123259553761124,5.112106296371531
SEMA3D,0.7492672783038092,1.365639694657709
PPP2R5E,5.060765238454277,4.12295632451716
AK5,1.405126719391162,4.214425604405799
CABYR,0.8948385735618862,1.8135335676317612
IMPACT,4.125817150996141,4.346827562458237
ANKRD29,2.340106067031862,2.05011363848031
CHST9,-0.07505030372494778,0.29469322821811605
THY1,4.976270647161947,10.024717663502132
C16orf74,3.7631517426373886,1.8333308053947441
TBCEL,2.859196534151864,3.932611896336962
JPH3,0.5557861402171529,0.1811388545880707
ANKH,4.155966671593202,5.105170900732116
UBASH3B,4.189917126514062,3.3175856809508635
ROBO4,1.6873857303267492,0.5308945638256666
ROBO3,3.683537112661699,3.5665306022063747
TBRG1,4.2508073092001615,4.619414302043698
NRGN,3.9326742116062405,3.014085574475935
CDH12,1.310530279017406,0.4184014226058629
GPR15,0.47178242625366046,0.4870606770288558
ABI3BP,0.5382728442139824,5.2968265967587085
ANGPT1,2.097522644066152,3.818112140554094
PITPNC1,2.8042371881166854,1.692757550778662
CC2D1B,4.541727820538784,4.469372576635172
PRKCA,3.826427041808828,4.694654031762537
LRRK1,1.7445209089318574,1.8154118162996062
ABCA9,-0.08298293497675109,0.2343183136917944
ABCA6,-0.12597307044330425,0.8127102664064892
ABCA10,0.2734400367525934,0.4232191413409274
ABCA5,1.8918004653656477,2.697129321400919
C4orf19,0.37379653104478616,0.29498994780636745
UCHL1,7.87343241894706,8.139243798503808
MIA3,4.6946818739772205,5.655700645840737
DISP1,3.5777652344471487,3.986216008437922
TNIK,1.4968365692584817,3.9979036970983692
FAM167A,1.911033886314702,1.6128187736181063
NEIL2,3.237817729685932,3.9759024420360918
PGM5,-0.8911316361991242,2.239431399900818
OBSCN,0.8321038846623916,2.3567744287399837
LONRF1,2.4495148027485545,3.3921427425331476
TRIM11,3.88993536427816,3.696624517015305
ENAH,5.671802017348073,8.045099001751806
SH3RF1,2.6254969448506036,3.2986903138607784
GBP5,-0.008007825622207587,2.4291658746996236
BUB3,7.964393670914536,7.051638527098033
MMP21,0.34872691211437024,0.4355943070748116
C10orf90,1.129673893541752,1.058904517195135
MAGED4,1.2655604541839942,4.879563165976054
PDLIM3,0.9197227759040671,4.005509183862902
SORBS2,1.3808801022884374,4.496107519265486
LY96,3.192181712099359,5.0407186571665274
TMSB4Y,0.25931369588865927,0.5974788280663759
CXADR,1.0100852844215369,2.7590436907723697
BTG3,5.57909659698339,6.146035792266503
C21orf91,1.097372083784592,3.931109001723107
CHODL,0.10775561507733075,0.4503785348045595
TMPRSS15,2.00651936215783,0.17922757357788788
NCAM2,0.8239200627327533,1.2848375147378224
L3MBTL4,0.18403256525391098,0.9193478994241362
PDE1C,1.2745944719041922,6.4834219961851325
RABGEF1,4.306827254527915,5.022409788748869
MRPL39,5.872937442975337,5.198234270280019
JAM2,1.996956702572093,2.63955735121701
GABPA,3.5122688083868443,4.403735750125841
ADAMTS1,4.569798383651836,4.479368743753509
ADAMTS5,0.9876030057584178,1.7516417001151567
TSEN2,3.31531274445292,2.9373909335189508
SLFN13,1.2090475872843514,2.259237392641238
WNT7A,0.768989473985902,-0.2885003563847114
XPC,3.719777167725707,4.968920994924689
FLCN,4.278417797027445,4.8658978689976164
DPH3,4.6449989720705664,4.552063775360649
OXNAD1,3.3178808254787313,3.342361758869188
PLCL2,1.0080581893223854,2.07151493690758
CXXC1,5.237284639918207,5.138675234499127
SKA1,4.461971917979436,3.8856980635226224
PPP4R1,5.20544542514943,6.111167629680604
APCDD1,-0.038779550969746834,2.1054500480426084
MPPE1,3.8021752823939234,5.094666102792848
USP43,1.5435142075984427,0.30171954629425224
RAB6B,1.099506826442515,3.081764548770437
EME1,4.360296802789783,3.925134982804485
EPHB1,0.7864150883703331,1.4767061136892947
ACSS1,1.5484151652198896,1.9967814913322965
ANKRD40,4.698319867392193,5.273034801946739
ZNF18,2.2200415641727176,2.6610081660291995
CA10,0.015566181055495981,0.10712572103891344
VOPP1,5.893043247346387,6.992257061477683
APOOL,2.8567473602504663,3.3417035864908837
DKK2,0.41613885697103004,1.032753779835441
CYP2U1,1.2988116612236202,3.924330331414117
FBXL18,2.3954436435845707,3.332712851218824
CNTNAP5,0.0200401798216433,0.05124647913395818
PROM2,1.473815914540217,0.36924376171032824
KLF10,4.924263638816362,5.182629704308906
PTPRN2,0.9839835083506216,2.132383759632363
AZIN1,6.40502480657733,6.289290663173086
ATP6V1C1,5.261397724672063,5.223914813752169
OTUD6B,3.933724763470607,4.349098165007812
CDK19,3.2987261669676498,4.16993285842106
GTF3C6,6.440851019265632,6.510759492351415
TTC39B,1.4484695780586931,2.202193190404933
AGPAT5,4.439330337883299,5.205511670325237
MMS19,5.434278957474807,4.585518774184308
PI4K2A,4.052258307310959,4.089981218412788
MARVELD1,5.014453482469596,4.45561148109207
ZFYVE27,3.7814865429424884,4.228582278976291
GOLGA7B,0.7440298820831701,0.3360662110070255
GPR78,0.27765444198189326,0.39104663291677993
SLC25A28,4.633270814246567,4.468912720849813
HSPA13,5.273938453630048,6.209370694691032
SAMSN1,0.3405468921133745,0.14771692523509564
USP25,3.392029112832475,4.411121645170699
ZCCHC10,4.667158304030205,4.858528562910322
C16orf87,2.379273345617016,2.6818519859753325
MOV10,5.0302803986706754,5.28437647598749
RHOC,8.534727224867728,8.997468912936068
PPM1J,0.6183743040237022,0.7804362470817228
DBI,9.098401206918602,8.81365034093324
SLC16A1,6.147443078133647,6.755873414979859
HEATR3,3.0424487082238953,3.711776614805332
OXA1L,6.70656324568013,5.71776700276904
SLC7A7,1.665357722497026,0.7580889644385385
MAGEC1,1.0177497823186854,0.2252424967664859
LARP1,5.576629946966982,6.386232062012179
CNOT8,5.130859200692221,5.674270684744179
GRIA1,-0.5851136529504428,2.1361885274841095
LRGUK,-0.03216955893512413,0.512077736391134
MIER3,3.2230586530062375,3.908043544788862
NUP205,5.645569451743853,5.579851842043462
ZKSCAN2,1.3873262914994262,1.9606173113101568
C9orf85,3.9179926241404672,4.19268242498796
XAGE2,1.1279394157737572,-0.1478527065623188
PIK3AP1,-0.14220812994129173,1.1788392913063488
RBM45,3.5151924534208865,3.4314149278917836
PDIA4,6.742156672094623,8.403710496893897
KCTD18,3.518394336498919,3.4750150114679093
FZD7,2.772590485316758,4.2174022027034175
SPAG17,0.08194742740411265,0.7089034302924202
FMN2,0.9638024236964848,3.6256111908470734
RNF20,4.289286639583942,5.460459693996703
PPARGC1B,1.4293472977029225,0.48028269992680694
ELMO1,0.9643668970552827,2.431375653609087
SLC26A2,3.8412119503091353,4.009802795094793
LSM11,1.6945769058608384,2.0922128412211207
MED7,3.925386410093789,4.032285512262933
RRAGA,5.868544333627507,6.611806666825139
SLC24A2,0.01946478099992728,0.1965976511356702
ADCY8,1.0453768053516614,0.15259630215892134
RASA2,2.960456796698381,2.803162664472411
RMND1,4.229348122440381,4.078708599930497
RAET1L,0.03887331701704544,0.7697520532540939
SLA,0.7335527911799702,-0.01623990103459988
TMBIM4,5.9725811511757465,6.832793433858601
VBP1,6.581586669914591,6.6824323586649905
RAB39B,0.550731711407154,1.7956597457077472
CLIC2,1.4804293390165781,1.5085411606137717
AFF2,-0.12792924911637532,0.5465535326208364
GRIP1,0.7471218401100564,0.9202869099610447
VPS37A,4.6619830134762665,4.990729072436763
KIF5A,1.842946334316689,2.7796662900583273
NAT2,0.46661701069846107,0.07492165780128562
MAGEA8,0.13293157107607412,0.100615868085852
PSD3,2.5884611118640817,4.7046401967732265
GNA14,-0.04376627651776627,0.5999628496874101
FAM161B,2.4664375323221104,2.1409131509459987
GNAQ,3.383389066134802,5.08163529703942
WIF1,0.15831185430331599,0.04073946494760385
GPR61,0.5173711227237415,0.32458031021662936
MMP16,1.828456912025337,3.1439423577714516
ADK,5.58639227591362,4.174714912755775
KCNMA1,6.5590736377012755,3.5529745972853473
BATF,0.28636346338456486,0.05963469770178399
DCK,5.148043240855837,4.682005914544714
ADAMTS3,0.9755177736342606,1.6467703598741685
ALX3,0.31716408776082605,0.6047409950544484
DPY19L4,4.157646512929317,4.851240676100848
DRAM2,4.707590731490418,4.848739248326344
ADAMTSL3,0.024027779247982717,0.8288231389922629
ART3,-0.24743441668688448,0.4753544592853057
WHAMM,2.014022419039142,3.150687931652104
CXCL13,0.040030378823593504,0.2846717592918424
N6AMT1,2.403885627119127,3.38052943722912
RWDD2B,4.3474077735183805,4.669499381288706
USP16,4.447837125226549,5.277917436074299
CCT8,8.140702823870171,7.968718894895823
NAA11,1.060792361831661,0.05243969121228603
BACH1,3.57402233391555,4.16331081101452
TSPAN7,0.3599425216895138,1.8314079005007993
TIAM1,2.008225536350027,2.8208248111930248
RPGR,2.881874457081446,2.8222076927211917
CDK20,1.1652075142375118,4.020073488741622
PCGF6,4.004003363508909,3.555443509717777
ANKRD9,3.2326980128176346,3.319823770069602
SORCS3,0.3761111323945193,0.23058266811144046
SFXN2,2.9198040232608267,2.5631080279956118
TDRD9,0.24133930689010524,0.022600240519435447
FGF18,0.2248643472555473,0.4976414994664483
PCDH1,1.1743957204818058,2.272379108235903
SH3RF2,3.3830396571565924,2.210528235756377
GDF6,0.2961697938071177,1.519297318534215
UQCRB,8.813962110919444,8.460241075248971
PTDSS1,6.35204392231411,6.46335549029827
PPP2R2B,-0.4081944086969935,3.0516620606458016
RPL30,11.355507441267454,10.46112063361631
SUPV3L1,4.873964231516003,4.125058616038725
EEF1A1,13.236395566603534,12.583604374853268
FBXO43,1.278190602625687,1.1017243074047953
HKDC1,1.1315984390359843,1.9609107380191566
HK1,5.945355545577971,6.052988650064823
TYSND1,3.1589770489447577,2.604325400430568
PHF6,4.444849818128187,4.781043064063706
CD109,3.549893161692842,5.802852952510102
UBE2L6,5.78202659929195,6.4740711338393035
ZDHHC5,5.221102101125201,5.506656217821065
MED19,4.783719473262285,4.656312471967866
ZFAND3,4.84555548301715,6.332096761726569
NPTN,6.55408370836076,7.590586324948318
SAMD8,3.2757573156000075,3.5754262362461344
RAB11FIP1,0.9519303041317232,1.2893996637512217
UNC5D,0.27895434763537785,0.39601868818633684
GLYATL2,0.566174236080797,0.826290943776274
UTP14A,4.490331543924331,3.853145232091774
AIFM1,5.456974843665234,5.512363231258017
MAPK13,2.0407167516413462,0.5463723055794454
BAG4,3.5502733589247537,3.6575637521182185
MS4A1,0.038975232616280116,0.13214680274012316
ATAD2,5.105943806233948,4.691942968300833
FBXO32,3.561810227430975,6.348163622120385
NSMCE2,5.594155557087018,4.774093581669338
ZNF689,2.6442595553581034,2.592222699705249
PRR14,4.061420494955005,4.257459220677724
FBRS,4.378371055090232,4.746282231593619
FRRS1,1.9043534502493642,1.5373561207051325
PHKG2,4.439253373933034,4.7794441860385515
SASS6,3.5034627123123037,2.624133024622773
ITGAD,0.00042818712981897156,0.07989584117562061
VPS8,3.8437695027264587,4.6196899018647395
GALK2,4.3432826580083095,4.508972302961829
LHFPL4,0.06559163858993844,1.4894795134777281
B3GNT7,0.34435519529335745,1.0258908468665182
MPV17L,0.1317507833414659,0.5671970960463151
BUB1B,5.708252112085986,6.105429932996697
PDE6D,4.776291891687984,4.876396826020796
EIF4A2,8.205088080566833,8.556385561808272
BRPF1,3.52130662478696,3.9262253154838023
RPUSD3,5.367932931350847,4.885484036043661
SST,0.09069476924903322,0.1392240759673756
TATDN2,4.272201902443582,4.770451000398971
SEC13,7.265195911973673,7.552375024198223
EXOG,3.1854800046285034,4.1572451960495735
NTAN1,5.293921324010755,5.011628795771516
NMNAT2,2.908214407278013,2.3851472855294413
ZFYVE9,3.0170698300413505,3.4840433466931238
ATP2B2,-0.4726000692744733,1.0091533853508567
SLC6A1,0.43663421525034296,-0.06425157119753153
SMG1,3.70790516526216,4.614605052775814
FCHO2,3.0537331794663087,3.65118836438781
RBPMS,4.321339104051506,4.85010711634866
TMEM171,2.8860597272242714,2.0308239048142864
TIMP4,2.397955359408195,2.54032536143309
SYN2,0.29658280205481535,0.32527968975830307
NRG1,3.290627352542016,4.492453885435392
CPT2,3.2813815721209023,3.856223979945261
NECAP2,5.419261433207162,5.596743726516442
LRP8,4.0452867020687115,4.3754618291786445
PAXIP1,3.1488389502412435,3.7991423483026847
STEAP2,1.952842847379659,2.326647058884443
SSBP3,4.172280189071617,4.565408474079838
CLDN12,4.638305202263303,5.500056414507437
MMP14,6.610755812966162,8.143779304912275
FZD1,2.3164127763014646,4.284798765704469
GATAD1,4.101715925213523,5.627522010350183
TMED6,0.725253388532513,0.532071435406301
CLEC18A,-0.05632245844747086,0.9164566692010833
DHRS4,4.122007376819402,4.3627190855079
CLEC18C,0.030209647499343323,0.3928259500562977
DDX19B,4.521331216394191,4.816190320381105
ST3GAL2,2.9942729395885426,4.852940596952397
IL34,-0.2761469045167835,1.6980183392556247
DHRS1,3.689219129770982,4.090623654105384
CACNA1D,-0.3112238322347459,0.6208324694171732
KIT,0.6407283490230902,1.5258677694268175
HYDIN,0.11978233592551424,1.2158515041980835
AASDH,2.181823112723982,2.6966659084668705
ZNF19,1.1939217720488249,1.7155823849638565
CACNA2D3,-0.3621464863809677,1.8583945182615098
RNF111,4.268392638267443,5.070742328100065
CCNB2,6.630938615338413,6.261250786839957
FAM81A,1.8435735991794995,1.3148236158013489
MYO1E,6.028338704258284,5.444120416419244
APPL1,4.225451020577401,4.7123745675414055
AFAP1L1,2.924737933410236,2.6230349249127003
TSC22D3,3.0787946760289655,4.986400731777756
DYRK1A,3.520712668447675,4.9323710095155455
KCNJ6,-0.17068408974081933,0.7384082497227502
KCNJ15,1.5024415209851227,0.9160048413077729
ERG,0.2723260714555001,0.2732436864535269
ETS2,5.164383930079901,3.687158146483034
TSPAN18,1.090149665380996,1.8704836022431404
LCA5L,0.305596772754674,2.2354422443259203
SLC35B2,5.799324118814838,6.897151776065201
TMEM164,3.432956636325514,3.9247220264009117
MX1,0.3213710793617075,4.261278544907829
CREB3L1,4.762645441064475,4.129846113448109
C2CD2,3.3458988964547025,4.029185539226852
TAB3,3.120093535467132,4.145023897229188
SLC38A10,4.644904739301511,5.988278629794554
C9orf43,0.5553495568887156,0.6023454265365241
ZNF618,1.1727743586043597,3.313550917839302
DGKI,2.045489668452563,1.3278729889878584
SNX22,2.6726137302708506,3.278203781856858
UBN2,1.0231617099031507,2.739660929231619
BRAF,2.592883969250255,3.694067166958401
ACAN,-0.33898341066077237,0.9716342646182654
PSMG3,5.977787784784974,6.04126195343774
CABP1,0.5088163973816164,0.07643433223004398
WDR19,3.4415234075112653,4.053050517382199
SLC37A3,4.182213132005972,5.8381783116280195
AP3S2,4.827159598474164,5.944475423745232
FMNL2,3.9940949791388785,4.862587673161296
SPPL3,4.645500444901611,5.0033567188616015
DPYSL5,-1.176056099483651,1.8696074853334839
RAB28,3.9236829591129028,4.394892412450437
TNFRSF14,2.245944030229985,3.3088348821862934
PANK4,3.7329977166712234,3.605068902444854
MEGF11,-0.26627143315485385,0.8368204622931503
C12orf43,3.7930284962634917,3.7625635322221016
PEX10,3.9737044010167435,4.118734014246671
RER1,7.2954092329745945,6.779391467591499
RADIL,-0.11451757469288393,1.2816702273544707
SKI,3.492620994787819,4.566010578684037
WIPI2,5.042498987071116,6.05291947396634
LDLRAP1,3.8250060727465964,3.7665499639695117
AGAP1,3.6723511328931773,3.3636158061674766
KRTCAP3,0.3533580912664851,1.4552997206357987
PAFAH2,3.0453711909184107,3.1553050036010206
EXTL1,0.09335936897457597,0.8503975589572305
SLC30A2,0.03231939119725248,0.12012936207072707
MRPL17,6.636548812432349,5.912158906448511
DUSP2,0.990379641539686,1.1752620909194345
GRHL3,0.19570407734230297,0.12174808683925738
UBXN11,3.5222743498629288,3.847988711525444
PTPDC1,2.404749433642462,2.6023154955111347
GALNT14,1.0628768904807648,-0.010392712269144733
NCK1,4.983334446444321,5.647726369318689
HPD,-0.41318254371830254,1.7587043202955823
RHPN1,-0.015127790110470496,2.2196904366324084
TPRG1L,4.061840453592318,4.036699595660284
LRRC43,-0.1876060052055204,0.5756454993954145
XDH,1.144855202575747,0.1880308249560138
XKR8,2.12304888661449,2.9670970358735556
CNNM4,2.1920465819763133,2.5402350278874373
EYA3,3.527552362680205,3.2733321306090293
DZIP1L,1.8328837058644936,3.51384184485056
TMSB15A,2.393484938993304,3.186035661275033
FANCC,3.0250077601194683,3.859978654609075
MRAS,2.62899055070479,4.78665687195126
WASF2,5.14439578873338,5.2388227807769505
ABHD3,3.7949423433452503,4.42174051921457
ESYT3,0.6259006469496667,0.5280833921182735
FAIM,3.930464198108779,4.406293081839609
CLSTN2,0.9705464597388066,1.6802306071731934
COLEC12,0.6006125480209368,3.9338654231007055
RNF207,1.4273550901191732,1.5785215260722842
CUL4B,6.012584248569711,6.266575074720678
GPR153,0.9865863424456119,2.489492752322877
SLC13A3,0.3817175593910604,0.6826836752860702
GPRASP2,2.284289546528748,3.068484424808494
RHBDL2,0.47568070031762133,2.7659393221707127
AUTS2,0.8342204641085957,5.154313887378203
SHROOM4,-0.02910546907181888,1.715581109042624
CDC25C,4.055916440372056,3.3051105903309437
MITD1,5.50896475408134,5.308132083780633
EIF5B,6.133619667358325,5.4203902619265065
RIBC1,0.3971234749758371,1.2134530486695576
TMSB15B,4.314595793208615,3.960823116152608
KCNB1,-0.7242695376941153,1.710821475683323
TSPAN33,0.7373402224494683,2.56594903230043
NRG2,0.7632724471678093,1.8231478306913957
AHCYL2,2.0734141268471262,4.431830829232198
B4GALT5,4.938716821538399,5.891674133478945
CD1D,0.1953738534504514,0.5720056749298741
SPATA2,2.694844435803357,2.713678046965082
CPA2,0.10637652992927528,0.27670896957029245
CPA5,0.31125228159614776,0.45645851679799293
TSR2,4.17150267576544,4.57391329608437
PPP1R9A,-0.3800844579470144,2.027397776014901
ZC3H18,4.349214905508748,4.677338640563581
ZFAND2B,4.451296127132174,4.69370057314546
GDPD5,2.5588307146720437,3.1299440903922706
DYNC1I1,-0.057119146965007195,2.78795393052446
TMED4,5.776589248619105,7.126637865154747
PPP1R15B,4.171572125871861,4.615400820394749
COPG2,3.9153975138841326,4.846793514832742
PAGE5,2.202500022248228,0.08836386993848167
PKD1L1,0.13500914576120027,0.3329526722455448
ZSCAN12,1.7894909587166712,2.6009431139027512
TAGLN2,9.451587344177852,9.674803207364972
ELK4,3.171320855065465,3.9048015675209293
SLAMF8,0.5207967039023483,0.4415422217591094
SLC45A3,2.2442638219764888,1.821852350741977
DUSP23,4.17950888432725,3.3844877172697867
RNF166,3.2150505416618502,3.8602516077548854
NBL1,4.568056813152908,4.793034153465087
ITLN2,0.08151761064488011,0.0015414019641828494
F11R,3.131998178161256,3.0137982374112946
USF1,5.327884041358706,5.705850539536098
SPATA2L,1.9357271053698282,2.6152158486186465
NIT1,4.794088415535437,4.8674496088437005
DEDD,4.549700640322027,4.95483676730196
ZNF276,3.1472208527841268,3.721244134359113
NPM2,0.9388265174139689,0.5679919142636669
EDA,0.6744225767195198,0.0021581899271845284
FGF17,0.1748186253375068,0.26374302915179737
CDA,3.433919529810459,-0.14398711564100886
PINK1,5.764204872193361,4.816157226336696
B4GALT3,4.699557750205617,5.298317981577544
ADAMTS4,0.4984733395909566,1.1320937770536477
NDUFS2,6.13159804108528,6.753441360903301
FCER1G,0.3962660170997747,0.6213460203081309
TOMM40L,3.4603910350692924,3.554524260532139
MPZ,0.6068527725027985,2.0388802043462326
WFDC8,-0.09815035298721086,0.15478913853185403
CACHD1,1.334458701702732,2.4789767384041834
CDC42SE2,3.9015722633525236,4.418270333586596
RAPGEF6,2.556471906009665,3.14451496732828
EPB41,2.958071573584135,3.4332364115390632
ALG8,6.018117029901118,5.495171986329598
FBXW5,5.136538240507435,6.080432935972622
SYNJ1,2.4925941079140492,3.5041568055965158
IFNAR2,3.5540793063883775,4.71308513872488
MRPL10,5.790317242321895,5.315503620739024
IFNGR2,5.180698013359696,6.083112870054996
GART,6.074432108731278,6.2804531262266305
SON,6.29011324558403,7.558654372309812
DONSON,5.427660230657997,5.925944826506769
SV2A,3.2454855028328646,5.339533789562157
LAD1,1.007620829793093,-0.2208280429062971
STC1,5.133103572355307,3.8476101006778256
CSRP1,7.856549219316519,6.925183973700385
HOXB13,1.4729156606741896,1.5700707136730245
KCNE2,0.03185529014712374,0.7451631171544244
RCAN1,5.004057139997482,7.190929147728634
UBE2Z,6.114090321655366,6.727068143937655
SNF8,7.117151537769797,7.0936154299025
CLIC6,0.14158722188860912,0.47999322373462316
CCDC24,2.506484741057001,3.259123627146082
RUNX1,3.772359848937925,4.8640681912773704
IGF2BP1,1.2707907032996064,0.2829837469539541
GIP,0.16057659680142294,0.258605197596281
CBR1,6.660590374028028,6.394033408406227
CBR3,4.0051799515766655,5.271970573994333
GJD2,-0.0672031218849733,0.09670119954385967
ACTC1,0.0034014186055364437,1.2909611733245563
MORC3,3.34176612889825,4.47874777042311
CHAF1B,3.394875477235133,3.678043769893347
CLDN14,0.558398801768647,0.14062439100204707
SIM2,1.4814439836350135,2.226813737326819
HLCS,2.427866085709856,4.464338924657021
GOLGA6A,-0.11998821201345795,0.25504702484640274
SCUBE1,0.6908075105656449,0.6616969650290101
ARHGAP27,2.0590470780656034,1.8104814046701567
ADPGK,5.349016147498663,6.232931936908596
PTMS,7.74850314100919,8.565623699710908
PADI4,0.4968856198933562,-0.08517643966504981
ADIPOR1,5.969159110180916,6.51400501315839
CYB5R1,4.758704143685798,5.746583081762701
PSMD4,7.64535145664187,7.543617297431545
ATP13A2,4.14897300353194,5.189720468456664
PSMB4,8.82431352413438,8.722136810247425
BTG2,0.8991844519990662,2.680346089709874
HK2,4.916171624446601,3.200984578806218
C1R,4.139942253724177,8.018380728608435
ALDH4A1,2.316997616599789,3.3803675890459424
THEM4,2.428803488416637,3.353062536314216
TCHH,0.22637523632539674,-0.03777587594428211
UBR1,3.2194886850151523,4.037139011119864
AMFR,5.586289154673729,6.077733502761288
MED8,5.487060435202986,5.595099462686718
ISL2,1.1708680028819387,1.9446761081573272
RSPRY1,4.447527730934165,5.087847884077292
CCDC17,0.43144784192759245,0.34493405465048266
GPBP1L1,6.125316564707428,5.884858264907391
NAE1,6.140622434174728,5.952753353808883
TMEM69,5.534044313985787,5.357757330422864
ACE,0.17331536598266029,1.4171081063962647
SPON2,0.9974183380255907,2.3403158072500334
CHCHD6,3.864000346958297,4.255657368053866
CTBP1,6.587980198530744,7.1307362204454625
LRRC36,0.24932344638490608,0.1813697349611246
TPPP3,-0.7433414795764246,3.1124154163751925
ZDHHC1,0.6315987774425054,3.365182247570503
ATP6V0D1,5.678715960131612,6.625075765139565
ZFYVE28,1.5635011718630114,1.9364672920850434
C16orf86,0.26721519490508916,1.2343528075582786
FAM131B,-0.135208520632901,2.0011442526902337
RGS12,2.896501807391956,4.3107813872497
PSKH1,2.9579256258098523,4.6214804256225035
ZYX,6.313276082002822,7.418917082306481
ABR,4.531545468464048,6.114172914579262
LYPD5,0.45750033222469116,0.6335380141962439
CCDC117,3.755403989231786,3.7419507212506145
ZNF230,1.95336297813154,2.2324087684206066
CCDC107,4.235860610867659,5.190435942558735
ZNF222,2.199566379118226,2.6582011683967703
NPR2,1.8851945410914486,4.4005255860418675
ZNF221,0.7470460062276384,1.647623426570735
ZNF233,0.4013950866925494,0.5216379671858845
ZNF235,2.102699295194351,2.6570031257673534
GNE,3.2637951010122066,4.154012422656091
TNFRSF13C,0.6025170129545128,0.5051857396186559
OR3A3,-0.08927315716644876,0.13017256550833586
PTGIR,0.2828202561601071,0.5780999653254784
CALM3,7.35068281523976,8.11419332363429
DFFA,4.715965043725469,4.745794091489261
CCDC28B,3.876690513706859,4.230772080907865
IQCC,2.2472620991453796,2.2795791494757243
BSDC1,4.611961336578892,5.911958784825187
ZBTB8A,2.141293729622344,2.4646261579010993
ATAD3B,4.374621025446603,3.86575636207673
SSU72,6.98752641103755,6.1307948212105545
UBE2J2,5.986853865704024,5.3188569764686
ZNF362,3.2784940660101385,3.3972802895244842
FNDC5,0.7385920311346228,1.262921575188804
CPAMD8,0.43573176498569755,0.0032038076784902947
NR2F6,4.097674444606886,4.271494953727579
ANKLE1,0.4664888924014876,0.684127008739898
VMA21,4.761571361830604,4.92035337834255
KALRN,1.6674849037683763,3.8298320879459924
CILP2,0.17457955787907536,0.5396981402964274
ABCG1,0.5988669834016522,1.0434903272460274
TFF3,0.671707267291061,0.29815639008097716
TFF2,1.1619967139736427,0.024713790453638085
TFF1,-0.0563240768341951,0.37457261943742926
TMPRSS3,-0.8072256643354677,1.706215031868433
RSPH1,-0.248969614503825,0.5939370852082859
SLC37A1,0.10312194074163328,2.2451744127354436
PDE9A,0.725272730967452,1.4800717128183476
WDR4,3.8664107327666373,4.2514666232331315
NDUFV3,3.9776871566660135,4.990090059577104
PKNOX1,3.7185442025949174,3.8219189418318247
CBS,2.684417125955457,4.955159936298298
U2AF1,7.158646588469846,6.242818136269067
HSF2BP,1.2515757587195018,1.4738406496979868
RRP1B,3.4828824199583064,4.340305149504036
PDXK,5.114053211711287,6.171529345726748
G6PD,6.89202052862034,7.030084513447981
CSTB,7.938303159459555,7.764490809791548
RRP1,4.476586676009798,4.943984844530133
AGPAT3,3.9879145369896856,5.685965000815148
TRAPPC10,3.3612493956087013,4.828196325496463
GAB3,0.57446928897385,0.9093111242323759
ICOSLG,0.33257692046885345,1.258563528665313
LRRC3,0.2630182564185225,0.10661442563756499
ITGB2,1.140854466193395,1.5687101051619372
RALGDS,2.7808504908337053,4.80362399529939
FTCD,0.10117517188626851,0.7681100092598839
LSS,4.598117463158105,6.147682114611316
VAV2,2.7572130089179234,4.438048751913562
MCM3AP,4.630394054541867,5.960088250417696
C21orf58,2.623786225967008,3.620913195599085
PCNT,3.4789191396752677,4.310985390566424
DIP2A,3.4078294872858055,4.359448287125003
S100B,-1.7894149033821072,4.317040052808444
PRMT2,5.468191121659697,6.9873125764905675
CLDND2,0.7007747702677697,0.7712625944182274
ZNF208,1.4493372494974266,-0.17556465060839388
ADAMTS13,-0.23967900998289293,1.8732241244525223
SLC2A6,3.3067423726475775,4.134243133413113
ZNF761,2.772185023837059,3.580275676453275
FCN2,-0.10617034324368035,0.1849008200858162
ZNF714,2.7685488720516824,3.069185790017315
GPSM1,3.2427599934602167,4.547060698447465
C19orf47,3.2982878200471895,3.2854454255169507
TOR2A,3.279100700632099,3.128496001679451
ST6GALNAC6,4.055523005549634,4.810188462418905
SHKBP1,5.991477213672016,5.612023112500167
RDH13,2.9594017801140353,2.795433967941368
ZER1,3.0755557873233363,4.707452310755991
ZDHHC12,5.740750323074935,5.562931293386243
PKN3,1.711035435338861,2.939226097530362
SPTBN4,0.32826244546929295,1.3742223438347363
BRSK1,2.0538634795651762,3.771994853555976
COX6B2,0.5637379141059136,0.23716759470526547
TMEM190,0.43791889860317523,0.31012025650074865
NLRP4,0.18070703758117002,0.016260856423211373
TAOK1,3.4299137679411738,4.7353545818666705
MED27,5.119981778414222,5.411402983043954
DEDD2,3.8860418695019856,4.0898020407369104
SIK3,2.7495968708539786,3.6701909765366825
MPZL3,0.7928383758531653,1.6817184061164636
NEK8,1.3331185521242095,2.2118450615554766
TLCD1,3.7424141435790252,2.229114509770327
PCSK7,4.154682277723731,5.267792518909596
SAFB,5.883286976510473,6.123453150949515
S100A1,0.43897062595763336,2.82196077459655
CXCR5,1.359576691987694,0.4514520431632935
ZBTB7B,3.2451440987189026,4.610318230635003
FLAD1,4.575428779628479,4.793148240960766
SHC1,6.288980732280927,7.712965264528929
VPS11,3.593624769044142,4.4463643716988726
NLRX1,2.2558049267764,3.404540131983431
ADAR,5.05163855659123,6.618385063954748
IL6R,0.9231555636454738,1.922834438354982
UBE2Q1,5.235643984911347,6.261909045555914
CRTC2,4.262731524114265,4.729949858041982
ANO10,5.058535068093391,5.244885736562196
FDPS,7.631357204123938,7.46538681060427
RUSC1,4.7774146685557906,5.123400673978069
PAQR6,1.0772563764249081,2.802045205182031
PMF1,5.070920837829949,5.3696003601396685
SLC25A44,3.6434746691899695,4.7509223427081695
LMNA,8.14728492646012,8.797994703835986
NBEAL2,2.434966779438141,3.3483470173800463
CCDC12,5.601304406028433,5.680353581835011
PTH1R,0.42076288049103794,0.43406745990685314
UBQLN4,4.073716695298177,4.703718190872946
MYL3,0.1931096833721112,0.16049948869785463
GPATCH4,5.233268547813231,5.2031397230667515
AZGP1,0.7650711617894994,1.1083524060837373
FGFR4,1.159158076211402,1.1263302794976637
NACC1,5.4477640292257234,5.6108023312068935
LY6K,3.422260840325176,0.19605106914640236
IER2,5.626259012765494,5.785751633094978
ZNF394,3.543482932555682,4.214572023665886
CPSF4,5.057942923328286,5.486063132867914
LY6E,6.98324870597037,7.035213434547325
VPS28,6.306643114084977,6.295971072692538
RECQL4,4.90890154755872,4.22975328448546
LRRC14,4.334853317811469,4.5273250972855585
ZNF333,1.842741635330536,3.218789473236679
PPP1R16A,4.331639910562442,4.479883097212842
FOXH1,0.16953809647914808,0.35402038904790145
ORAI2,2.7951300019801533,5.4244164674772355
ALKBH4,3.328216357241221,3.9009401934537027
SH2B2,1.5194579032865196,1.7472749581602292
SQSTM1,7.78178371031445,8.826311000701656
MGAT4B,6.994072736618785,7.670092261678902
RPL8,11.226154012863114,9.882304172469643
MAML1,3.177970202726244,4.261814494615012
LRWD1,4.260678802408352,4.8840661810243535
FBXL13,1.1052212220611075,1.3720991728146748
NAPEPLD,2.293085388421308,4.195163340493974
PSMC2,6.756022459308866,7.385089111052269
YDJC,4.239220164919201,3.6626894731095567
CCDC116,0.3534259353598018,0.38901291524593984
DVL3,4.711150970428851,5.706362377998353
AP2M1,8.67397601016417,9.631826050435384
ABCF3,5.3577671951153745,6.033568504312892
PCYT1A,4.762750331051044,5.90512384431888
FBXO27,2.025315616042336,1.795368550690594
DMKN,4.890779555447349,1.0480392882391572
U2AF1L4,3.284301447368538,4.0218905274729515
BDH1,2.872347712520934,3.4521635785724554
THAP8,2.4174358012248214,3.1978463368329333
COX7A1,0.29148873545135695,0.24562952471488533
ZNF382,0.9586704460168027,2.617170148918848
LRRC56,0.07922513667668596,0.6348927102949831
PLXDC1,1.0822662654724025,2.1328327788526513
PGAP3,2.446970603058759,3.8377858039269808
IKZF3,0.0343699118535247,0.054154794619622096
GRIN2C,0.15720220192196277,0.3507968377110005
FDXR,3.299293503425825,3.1227872297656942
SAP30BP,5.544444993906935,6.138916104369862
ACOX1,3.4420280983344087,4.564322396478441
PRPSAP1,5.4600527277581135,5.5823699445451425
CYGB,1.1996023259066018,1.7279632490328687
ZNF577,1.7082469721563256,2.882156091999189
TMEM143,2.191753546564373,2.2383045207143373
ALDH16A1,3.416879391365943,3.7233191116563455
ITGA5,7.578540421060407,6.808822746438787
ZNF385A,2.3708729951260756,2.7202546776614924
MPP3,3.041348986931698,2.926043029229753
NAGS,1.8919092741559234,0.9096743058663674
LSM12,5.681970058057588,5.319271713727948
ASB16,0.503528559812656,1.4780404512158747
JOSD2,5.187108401430511,5.2401848749419
SHANK1,1.298227876860796,0.08058589884317002
FAM171A2,1.5374390923837589,2.5277917562188716
DBF4B,3.8430116617848467,3.8523897491372616
PLCD3,4.040542731701455,5.80818458783053
FMNL3,3.4778219808250292,3.3191142024850455
AQP5,-0.35809815256046806,0.7367827534795719
RACGAP1,6.17179584517205,6.184868056656529
LARP4,4.817350783949896,5.036570763174181
RAVER1,4.335255962281845,4.844481817862658
SYCE2,1.2106395445498885,1.2936359506018624
SPC24,4.318527302563034,4.533033786214331
IP6K3,0.16893268616618545,0.5978083041816256
LEMD2,5.269737629325877,6.091709351370827
ZNF653,2.204751583206062,2.87448565533854
MED11,4.094476457729449,4.352895981333979
CXCL16,1.551388750300359,3.6870793577199326
TNFSF13,0.6547372684307498,3.363734649953726
SENP3,5.661991981000045,6.044014233650604
FGF11,1.595987770307952,1.4469716811129425
EIF4A1,10.444317805974208,9.85488927090162
RPL26,11.402304879215981,10.49975567068492
POLR3K,5.02189659811402,4.530288912918494
SNRNP25,5.455957626142539,5.462149248102633
WDR90,3.3405560846078277,4.794803695395569
JMJD8,4.511850554110469,5.8226992776908535
CCDC78,1.5268837462380225,2.158118383261104
SSTR5,-0.06734235917611153,0.2164651450673174
SPSB3,3.598456858832516,4.218560706329348
CCNF,3.6615816584677208,3.385092349943962
TBC1D24,2.4854823277153146,3.019255239230103
AMDHD2,4.083278714866979,4.310367115007918
PAQR4,4.6414792665684494,4.785166001095745
FLYWCH2,5.006034700177875,5.319224763970694
ZG16B,0.5932034609494136,0.8115470715972037
ZNF75A,3.7891713043621453,4.802799031494493
ADCY9,1.7568101511012018,3.745564310626132
SHANK2,0.24734372736807428,0.2889843602988139
CLPB,4.06463575293356,3.7510405988801043
NEU3,2.8194029378030474,3.0063087881264954
ASRGL1,2.1249979107789647,3.445715977747631
GNG3,0.3050812209396391,0.861717945805585
UBXN1,6.82540775785401,6.493292158379651
TTC9C,5.35953704726691,5.0646071072562595
TAF6L,3.9585452531495213,4.393959235927866
NXF1,4.867888761562664,5.3861478875331725
STX5,4.5216925187775185,4.901170096510823
SLC25A45,1.1649892597264597,1.907599559486561
RPL29,10.504800362712377,9.42703421351973
ITIH3,-0.28029437090825854,0.9182376333787654
SYVN1,4.496583927820652,5.042017111394728
ZFPL1,5.296850111460421,5.3345339823723075
RPS6KA4,5.165649322258716,4.413027763698261
LRP5,2.5409064384620756,3.669609131814962
TPCN2,2.264970489377323,2.7980562542999854
FGF19,0.3310159237785594,0.04711771966253968
PDZK1IP1,-0.17281335066746506,1.0789923655148703
CMPK1,6.5920019452851095,6.8810854717871806
BEND5,0.7565435021388511,1.36350090836964
ELAVL4,0.033937481520036755,0.1486853119060722
ZYG11B,2.9478730985893216,3.46716620180072
SLC1A7,0.3119516906631518,0.18965934388191874
MAGOH,7.3634649286259375,6.466087039986801
ACOT11,0.19833767695991023,1.6320999914857426
PARS2,2.0701256279623563,2.0523724262482386
USP24,3.986609517707489,3.9077299443821714
NOL9,3.030843977801802,2.7667305426337756
PRKAA2,1.518391865953186,1.8487056870991785
KLHL21,4.03517602019357,4.802777262242251
ZSWIM5,0.22478415553662706,0.8576766899019951
GMEB1,2.893892092013237,2.8205890726619387
SLC45A1,0.6446475960912268,1.3382070968210211
JAK1,5.829517494177532,5.7191389612162995
RAVER2,2.739592095958599,2.4644172282821786
CTRC,0.03429915450663515,0.3525824384957895
LZIC,5.0222204492080325,4.43426481730553
RBP7,1.07082232274805,0.04202258854794122
FBLIM1,4.584969300208605,4.9459762718980445
SLC25A34,0.3625915487915017,1.0752147493828432
AKR7A3,0.3990458870809998,0.5560691837847975
PDPN,2.2163848616981774,2.095740120311905
DHRS3,2.4224242128027877,3.192922884845851
MATN1,0.1584017463670739,0.2682884611369944
LAPTM5,2.3443988745822764,1.9947445379274698
SDC3,3.0796703835703685,5.837745707435533
PEF1,6.050270527395661,5.9090417357665945
SYNC,4.4523869993263965,5.342914124525123
RBBP4,7.273701668074263,7.333837295423416
TSSK3,1.5972827980244564,1.8864949536760567
TMCO4,3.162783387465837,3.4115895547172514
UBXN10,0.033684075608975475,0.0441132723629543
CAMK2N1,5.7225665829969605,3.832143158802035
ALPL,0.7796462133136255,0.7142684020994088
WNT4,0.32921443638084924,0.15260262486952317
SCNN1D,1.328000621937468,1.7790371436506451
MXRA8,3.0115490483546727,4.709207893651768
MEGF6,0.40153905678306767,4.144262668905
IL23R,0.6285947892721296,-0.16815163615724613
DIRAS3,2.4652631232942834,3.3251727777603843
NFIA,0.7802719148980087,1.4814959107827645
OMA1,4.1706531343163125,3.6532605181604727
MYSM1,4.161653556271239,4.477928738057786
TM2D1,5.669623184747293,6.045050565580842
USP1,5.927199372185994,5.3114159484584915
FUBP1,5.758176251111947,5.987955352138947
NEXN,3.54514894934632,4.87230940237826
DNAJB4,4.778239340471263,5.669225914695181
LRRIQ3,1.5551859449131142,0.8254854429713427
TYW3,5.00413384217453,4.127771224367523
LHX8,0.5443267924690209,1.0597356698062388
SNX7,5.079811708212807,5.600204945684174
B3GALT2,0.06121051275084255,1.3746375840170912
NTNG1,2.794641857872845,1.7751788418773378
AKNAD1,1.6607042982381195,0.9669375796383164
C1orf52,4.396522790265586,4.240650652648402
GBP2,2.7956696486530666,4.496949154626734
ATXN7L2,1.8854574766722547,2.240710938935811
GBP4,0.37839061423607234,1.7988785270384793
ZNF326,4.799557717350233,4.823100470969563
HFM1,0.17798178663464076,0.19645424793143984
GFI1,0.6531400303856256,0.4026755648130518
KCNT2,0.086739429475712,1.136789554340813
AGL,2.7521209109838836,3.4147040369964987
VCAM1,0.6504625531833017,3.7989393918669245
EXTL2,4.548097803805785,5.016239893298128
SLC30A7,3.6390676378260487,3.800874646017652
ZNF281,3.711703480626117,4.147699135884051
ARPC5,7.38962319883254,8.437004625991584
CADM3,-0.2788829937676456,3.0326536343211083
NLRP3,1.3704737596214367,0.003435112270213203
ZNF496,3.275781153273743,4.150663579025108
TRIM58,0.5315063503612923,-0.16063317271476435
SLAMF9,0.28372604686037756,0.4911556125408873
IGSF8,3.815698492361082,5.274705600869106
DDR2,2.5464176544908845,6.046778644777868
PEA15,7.079898481230728,8.481517481911398
PEX19,5.261842708315392,5.821810495676952
NCSTN,5.990732900648714,7.267495142332704
VANGL2,-0.7065308482150043,2.8402887935714975
OLFML2B,2.154423547035621,3.9807473838513534
FCRLB,1.1063296599271906,0.8694830006164201
KLHDC9,-0.40453887770952957,1.8407369645473288
C1orf74,1.7106193661920663,1.7353602617186177
FLVCR1,2.666058300548285,3.1605120378171434
ATF3,2.6716435949706097,3.9828152722114796
RBM15,2.6190923042729275,2.691661907505592
DENND2D,0.3206199433929433,1.0367177750276824
TDRD5,0.1001721897659335,0.006327931880861101
IER5,4.392242567204707,4.129370010732888
SNED1,1.7252048576034815,2.8598330125954075
BPNT1,4.468573092683732,5.095346850941187
SPATA17,0.1552012879614001,1.317450279625463
C1orf115,0.565790032316314,0.7765260930813421
ACP6,3.236616668028953,3.676240905520776
KIF26B,0.9308577533732216,1.6604348935623552
TFB2M,4.2379972763981435,4.554549104952491
CNST,2.622981937261924,3.798666079887395
KLHDC8A,-0.07893694597111678,1.0241970339439648
PKDCC,1.2076064620687317,4.144658924434555
HAAO,0.4217025035151809,-0.03847582895505322
B3GALNT2,3.3501941327037406,4.160552666472544
MAPKAPK2,5.0351381187446735,5.639557326185406
IL24,1.6132740981350309,-0.08907557726541304
PIGR,0.10124356086358423,0.08059818120276475
CAPN2,7.548547812276118,7.345264791320004
MRPL55,5.6413218104038245,5.641502185942236
WDR26,5.168061687166369,5.789458263987133
REL,1.0011007678952706,1.8021369609014395
PUS10,2.332093139382968,2.7895455558179396
PEX13,4.153479888959726,4.425419166578686
TRIM17,0.19825691235130144,0.6002378900383243
RFTN2,-0.9150592339095697,2.236523593719775
DISC1,0.747520506478855,1.5349280681854736
MEMO1,5.652466172777814,5.196707128528239
DPY30,6.916759620061831,6.048231657500721
KCNF1,-0.14692347882904694,0.6147856259410677
ARL5A,3.712901472679378,4.36392675901674
KCNJ3,-0.14431442044288909,0.2613408707832301
NEUROD1,0.07883613472690382,0.04607122099921558
FRZB,0.16890093754142788,1.4451462676036697
DUSP19,1.325752688132373,1.3060119132040255
NUP35,5.222642458424831,4.429836676186803
CCDC138,3.2057420231925637,2.4622654338792636
ZSWIM2,-0.07591400926115158,0.16876208794002023
FBXO41,1.7442354652856975,2.43477754229055
ACTG2,1.7424190097890346,3.8756112025628586
SMC6,4.27711720215188,3.896686867840428
VSNL1,0.41365132787090864,2.071466137209608
CCDC74A,1.6262906912805697,3.7245387352787898
SLC16A14,0.46236896266484107,1.4705733119842153
EN1,0.587466494142725,3.5270143471693896
SGCB,4.63592415144052,6.324558809062373
SPATA18,0.27895210576156504,0.33019252023516793
NOSTRIN,0.7658430391485086,1.1081534593251365
SGPP2,0.4826749547492457,0.8197745985725973
INHBB,1.7860854931091092,0.256873204130027
XIRP2,0.5381679194518962,-0.04603735024207564
BBS5,1.5244137018251254,3.3621900260267954
SMARCAD1,3.7492571455994192,4.463872418689007
PDLIM5,4.755385374881467,5.177080707463173
NEURL3,0.11277819757103724,0.5532535242417692
RPRD2,2.93812353329858,3.7974236426933636
ANKRD23,0.7576585269933153,1.7163319435747129
CTSS,3.03309225191593,3.829687484062701
MSX1,2.2774653536837346,3.034013435249271
PACRGL,4.22819111899956,4.00448662694001
BNIPL,0.13828327949705174,0.42915198087664574
LYSMD1,1.9343159159672494,2.876581135010078
SCNM1,5.490567502937211,5.460645470737591
TMOD4,0.3321961877685484,0.715229316359416
VPS72,5.57867195816987,5.499156833967203
ERCC3,5.011998783985435,5.67940144570653
RNF149,3.9196627295782895,3.2409844650736996
IWS1,4.680699409085542,5.125413714818884
BOLA3,6.965039323418949,5.714020552204458
CDC42EP3,4.883046092315489,6.021420447881623
S100A11,9.785656532475631,9.209027499389993
IVL,0.6660685706074588,-0.23349536121859474
DHX57,3.408697330631203,3.705201294196078
SPRR2D,0.556507055493735,0.12825333174290696
ARHGAP25,0.13834474978314026,0.8078531273163694
S100A9,1.748494434042021,-0.014979376185398463
TGFA,3.452384021380377,2.728599675450642
CCNYL1,3.7879856909944856,3.300621473530993
FZD5,0.9561285494191034,2.0065954595777358
DCAF16,3.799410099208958,4.234184390109655
GNPDA2,4.386703833135288,4.483365868074878
ALPP,1.3341391948696109,0.1826905534644957
GABRB1,0.8034884646027636,0.26559257998112695
PAQR3,4.500318861081226,4.592239879151513
NIPAL1,1.7539683632720817,0.6911253652623213
ANTXR2,3.880687994901104,5.252137920866754
HELQ,3.2411508971862433,3.406574306864985
MRPS18C,6.1443362113679525,5.7569707834062775
CGGBP1,5.946721445464435,6.198019694414234
GPR155,0.41840114969290165,2.2967925164454592
DAPL1,-0.17849733702017534,0.7427823393548527
PMVK,4.596634432402912,5.193423090171091
PBXIP1,3.7860097292614032,5.991892307655311
CLDN1,1.8519124881764752,2.3768031557008906
PYGO2,4.238830588469275,4.688228314974495
HIPK1,3.898559419887152,4.721157718561031
DCST2,0.117529844446009,0.40962212218438665
COL6A3,6.888288102321436,5.8597877807511125
YY1AP1,4.874625468247344,5.490099081519033
KBTBD8,1.847898841433075,1.2339295443697975
LMOD3,0.12218252613091556,0.10831074497282642
SLC22A15,1.4540381134044709,1.8470927784194455
CCKAR,-0.2766725004181676,0.5522796939019082
IGFN1,0.13310827518697455,1.4824002548561608
ATP1A1,7.6493302444457765,8.203972670098478
SLC15A2,-0.27585713808126955,1.2066776844651126
EIF4E3,1.4044047846849583,2.6449006799827233
PROK2,0.1272753513321333,0.08874761836063651
LRRC58,4.394372968887528,4.559809499562342
FSTL1,5.822191014713548,10.276534099355786
LMOD1,-0.41212946215301405,2.0023731141206036
ELF3,0.5683575811116186,1.3332071822412197
TMEM183A,4.970819376133263,5.722281615932758
TMEM169,-0.010771802661297514,1.7065688092083797
IGFBP7,3.844005251519662,8.76806978639181
TRIM46,1.3841609894261329,1.7903432618588095
KRTCAP2,7.817685286955265,7.4095581474473615
ARPC2,8.297837021157916,8.344921281988217
CCT3,7.972210318561801,7.575725847328336
TMEM79,2.7171510980662656,3.1699912533396075
SSR2,8.221370778744589,8.791645766309204
RNF25,4.647719593163975,4.98656791381507
STK36,3.69072498933036,5.166299254720653
ADORA1,0.8986033108815752,4.750930451517426
NEK10,1.05614735244083,1.7020420496779272
FEV,0.16210078421996948,0.026982536136953575
CRYBA2,0.21318031453681624,0.41971432686949794
EOMES,0.1615946902314815,0.13834497165364312
CWC22,3.9459060986391297,3.5363652919658333
AZI2,5.758920233399923,5.724070897892745
TGFBR2,5.540557679090607,5.26725988031167
RETNLB,0.029458587916907662,0.023103180176391187
ANKZF1,4.512379655597875,5.072717039279151
HDAC11,2.193593418316141,3.741657857249204
FBLN2,0.6958208164400861,0.44766145251333267
GLB1L,2.12590664279781,3.483129822865951
STT3B,6.486574683355314,7.030500867855339
CHCHD4,4.715293809726225,4.165998989777504
NFASC,-0.027983228804003613,5.402993538259
FCRL1,0.02762563370533916,0.06321896588793931
SERPINI1,0.7541585768701908,3.525125150493495
CLASP2,3.992232096973877,4.594782062747916
SUCLG1,6.834348701765602,6.340029075606592
NUAK2,1.5384008898040287,2.6933041458987894
PRKCI,4.887212652488342,5.01754077663389
IFI16,6.124101605721207,6.635081740089915
AIM2,1.953924011448969,0.009000374021494673
EFHB,0.31033042104606035,0.6253435562755761
EIF5A2,2.6052491284759696,3.4902451202400693
RPL22L1,7.086749379088985,5.555042722224869
FABP1,0.08076140279371086,0.32931951577555985
PPM1L,0.519628222196547,1.5447978758620509
ICA1L,0.9183349245578749,3.238336076658711
RYBP,4.06998557703316,4.539230607580939
PPP4R2,4.905395726554222,5.228245224455801
GTPBP8,3.68196207430199,3.708431565000553
CADPS,0.9155022277888993,1.4977423780166805
NKX6-1,0.41429797411993896,1.1495622766942444
CDS1,1.3386791800476106,1.3091005928357051
WDFY3,3.1936803931839135,4.2813859192112655
COX18,3.0591532168671414,3.5343371589262413
PTPN13,1.5815735199615113,4.277403437945847
ALB,0.35098475884671426,0.33882186765458533
C4orf36,0.5994673201787427,1.0348414462876496
THOC7,7.055249028700966,6.262827138004326
ATXN7,3.138477885105977,4.010580206266834
PSMD6,7.168554512330196,6.9927544144681395
PRICKLE2,1.73116620084594,3.945772706906533
ADAMTS9,1.2052596215124065,2.6964917541327447
PPM1K,1.8945402237374107,3.0471745588180386
GMPS,6.294282084712528,5.7072305184176395
TIPARP,4.71856794156117,4.3780872022942505
CCNL1,5.814635387310407,6.6178362685370296
PTX3,6.062917650900541,4.100888427059052
HESX1,0.6952132624119973,1.344711011904155
SLMAP,4.4785878994442045,4.988887610717333
RPL9,10.733982898869087,9.217012606086527
RPP14,3.2723830147359143,3.9049933474898544
ABHD6,3.3426549462167614,2.794134151054335
RBM47,1.029760238015461,1.991901975250396
APBB2,3.804893855849002,4.937903354361595
IL17RE,0.5799896711426473,0.8579368830430749
IL17RC,4.076785245215092,4.865648739533408
CRELD1,3.5705084172185293,5.366050959355679
PRRT3,1.1446778378350149,2.4158643214356372
PCOLCE2,3.8128294466817,2.680012301877986
MTMR14,4.212535008866892,4.24367566743163
TTC14,4.002269236944366,4.958877546992095
CXCL3,3.1591391636425104,0.6704303709358961
CXCL5,2.7675342408967722,0.5228606928410727
MTHFD2L,3.57199562425747,3.2794116509484166
CXCL1,2.5247892951066464,0.6086253524859552
RCHY1,4.791953184546807,4.732459386361817
CPA3,0.23594189175879163,0.4579079649908141
GYG1,5.236730766376552,5.249647376781112
HPS3,4.501415954236933,4.594691674635803
TM4SF18,-0.3101532393770414,2.9661019186132593
TOPBP1,5.15887347998817,5.163182600390891
RYK,5.6417631370479535,5.505991577376685
SNRK,2.7974901635171325,3.3997392721385746
UCN,0.9292079902215833,0.9732798342539632
ZNF513,2.171002232569723,3.995767670143653
SLC4A1AP,4.303102328669697,4.500904874589606
PLB1,0.3771558187955729,1.3719949924228745
SPDYA,1.570614602139557,1.4156686893551402
KIAA1143,3.8955588448281455,4.363617516266456
KIF15,3.88494195363005,3.313716383766563
WDR43,5.449643837100487,4.657028288497696
ZDHHC3,5.205685941720573,5.422706521932472
CDCP1,3.1422563113144903,1.0399339911737915
CLEC3B,0.4970580413448631,1.3729496663370702
LZTFL1,3.5863393210319954,4.072811650089733
FYCO1,2.73034091757585,3.023286888159611
CCR1,1.372779302951598,0.31544451379716126
RTP3,0.24500727729876262,0.1211430424782623
LRRC2,0.5134522816256064,1.0602110987729794
DTX3L,3.3303525271404197,4.638577452512112
ZNF148,3.3578008199407083,4.227790042870147
NMNAT3,0.391755103776253,1.257334170803716
ZMYM6,3.9310333312895454,3.587371778457865
TPRA1,4.913993845599103,5.077064313076121
YEATS2,4.122283811888525,4.636918607040156
GRIK3,-0.3474972336963017,0.5834510337163865
ZC3H12A,2.9365632398508548,2.9873954917854317
MEAF6,5.631637207908349,5.646795635286042
SNIP1,3.4953381590504096,3.881827508265564
DNALI1,-0.5597364517355179,3.7750915999923977
POLR2H,7.10481585979084,6.408138339274272
KLF15,-0.03813476748118172,0.5406563263362969
CAMK2N2,3.3438728691196133,2.060377980978962
LIPH,0.11856820900381826,1.315225527436113
TMEM41A,3.678841227003469,3.9504743194294067
RPN1,7.664425049466568,7.971538210706852
SENP2,4.783822342149754,5.473268828918185
IFT122,3.166286664707155,4.661190190583887
RFC4,6.3022036571554,5.573497450058176
RPL39L,3.56926121925719,2.948984942662025
BAP1,5.491546277135089,6.123893094194871
TKT,7.810092568873319,8.491711028686716
PRKCD,3.6809282476268352,3.549350811039525
RFT1,5.086016850125473,4.941722440555871
SFMBT1,2.585727499403933,2.872722377757716
GNL3,7.312865870082233,6.852909028506647
PBRM1,4.021537892105688,4.846849132141586
ARHGEF3,2.138668999009994,3.823893848250128
SLBP,6.475942142606197,6.045182816717789
LRPAP1,6.351172774812557,7.175992615491226
UBXN7,3.175078338854916,4.192699705926105
RNF168,3.1369020382160353,3.2283605121555685
PIGX,4.119611924473895,4.870714321194734
OTOP1,-0.07046306329234629,0.08894699896420466
S100P,1.097022099347033,0.7809995764086841
ABLIM2,-0.2337292985521514,0.6841499044849699
CLDN19,-0.0299376597481147,0.11215899488304377
C1orf50,1.6372705474055613,2.6128027862480767
ERMAP,2.0096419902998504,3.6629570674154466
ZNF691,2.8464638463838194,2.9807204384018045
AIMP1,6.022835541127348,6.278770029230064
SGMS2,2.930506917302438,3.2071993060478716
METAP1,5.671952229685641,4.969388844091727
DNAJB14,3.8681000675414308,4.5456313141676095
EMCN,-0.015284227962437488,0.20108779254270018
BDH2,3.3083153823171916,4.855320117951098
PGRMC2,6.077437751090044,7.268538288901135
CDC25A,3.713117461574782,2.7753787529629594
CAMP,0.1340154727233991,0.08784982173202255
ZNF589,2.3007487400057576,2.455075621469078
PLXNB1,2.571835754875292,4.615430131375718
CCDC51,4.385597084805963,3.6764142189326248
ATRIP,3.2106283996447647,2.881314025561461
SHISA5,6.930107267884793,7.297053136340859
SPRY1,1.7429241652102578,3.137400874735032
BSN,0.005197703763133443,0.43640972087338725
APEH,6.492450474665354,6.728023005927195
INTU,0.3078335303447688,2.4003649041373016
RNF123,4.248885350012671,4.61499069780639
HSPA4L,1.998865193136155,3.08102198819173
MFSD8,3.29661218013394,4.059509090351637
CAMKV,-0.4539688465880924,0.740382037651215
MON1A,2.86999327613099,2.9507400720245363
MST1R,1.1722359058352714,0.4919035009483767
RAD54L2,2.3043919353356332,3.1845281254251123
TEX264,5.5703483562571225,5.779922595151033
DUSP7,4.156397953535035,3.631038302065845
POC1A,4.242064403523601,3.7573152677994957
PPM1M,2.6143558272257366,3.975366476007352
WDR82,5.529018540093235,6.324961854768874
PITX2,1.415410000756133,2.3077798614990104
C4orf3,5.216605154921806,6.096407036638904
PRSS12,3.0302117836591176,2.8707994461197095
NDST3,0.2818077136658887,0.9605910079531523
HMGB2,7.958107893741309,7.8424553031613975
SAP30,4.774042370421404,5.617455418813452
SCRG1,-1.2113963477710314,1.9501531962736356
HAND2,0.16304828640824037,0.8540740719295923
MAD2L1,6.594608866394297,6.167072543521964
ANXA5,9.28153934760703,9.431432953003288
MAP9,1.7695645149889596,3.992745422033357
FBXO8,3.6871033734890832,4.079980368098231
HPGD,0.6673521069675566,1.10312102815882
ASB5,0.5572865735539034,0.7570187424127187
TMEM144,1.7001822063477632,1.990393499123709
NPY1R,-0.4755100204248599,1.4943812429021466
NPY5R,-0.2313289661182551,0.3115418040581926
NAA15,4.5890449676986105,4.588360796262618
IL15,2.2368326315159632,2.5012786020724738
ARFIP1,4.1368960231555,4.680310120106842
HHIP,1.7948863269243778,1.5433780533529635
ANAPC10,4.699946074460829,4.59400425500509
ABCE1,6.610825050777723,6.074558170035557
OTUD4,3.6815054737392163,4.253322782792515
LSM6,6.284626490494224,5.8892589465770975
TMEM184C,4.124995377861679,4.94580557072608
ITGA2,4.447130277002973,3.171883869531673
MOCS2,6.56403276223706,6.2064672173100055
EDIL3,3.6399269284711213,8.087888875756269
TMEM161B,3.975046128241775,4.410415119844982
ELOVL7,2.1879945260418765,2.260434136435273
NDUFAF2,6.1552694193614546,5.5895984992263115
ZNF474,0.3415273148126295,0.6071718412776659
LMBRD2,2.933570090579898,3.568453196045884
RANBP3L,0.07207802658440399,1.2104387632198392
NIPBL,4.459306116208635,3.9964138864712084
RNF180,0.014733421338278263,1.3152318870619366
SLC25A46,5.416786152263309,5.622255098312809
STARD4,5.1241294133211746,4.927466467913422
PGGT1B,3.3555096606194206,4.207122301292541
F2RL2,2.768281836075873,2.5689463011477476
CCDC112,2.9998983458271278,3.035818411901112
CMBL,3.459282793004828,4.755324853884928
PRRC1,5.161176386405016,6.006917255264693
F2RL1,2.5132945016211954,2.9406629224377236
AGGF1,3.880279317148888,4.590191369178905
WDR41,5.152318144588382,6.097251775994057
NDUFS4,6.866024699340143,6.957399832525652
SPINK1,0.2232203673283867,0.5036396638318241
ESM1,2.9843117333251215,0.17946908287093843
GRPEL2,3.859057626373274,3.6788570372707308
ARSK,3.403362504444416,3.805453976120672
RHOBTB3,5.558931241750601,6.748358013672799
GPX8,6.464067047352231,6.96850388911343
TIGD6,2.3893558257767107,2.8675796339281203
SERINC5,2.0215733166439023,4.499210228339765
CASP3,4.482540436288749,5.263535452452745
ERAP1,3.589898209491057,5.65041499210059
ERAP2,3.8047038521536622,4.4890696414386735
CMYA5,0.2359225038844565,0.37419851346830174
EGFLAM,0.27241233218938565,0.7043733195206477
RICTOR,3.1524159661729447,3.2664643125618946
EBF1,1.3458157018374908,2.233851413395919
ANKRA2,3.3455694552529134,4.7706970699913125
UBLCP1,4.815201392926387,5.56236918538959
UTP15,4.150439480062083,4.515635602228813
TLR3,0.9220923980985827,2.844554092954117
KLKB1,-0.029869749363564596,0.33407505915541474
NSA2,7.588073226164431,6.595640547540096
GFM2,4.752721794546075,4.75996122024532
TERT,0.9804180632118475,0.7025451149475043
CCDC127,2.235037244439708,3.1085937106425785
FOXQ1,1.1302552562545958,0.21268767397682697
CSF2,2.4238771449942913,0.05049322519703092
SHROOM1,2.422064964562807,3.5709170570322635
GDF9,0.245405741440386,0.6655540901128726
UQCRQ,8.130657613981993,8.207592628551
LEAP2,0.9112979410376043,1.5776286043078116
SLC35A1,3.9562668018127773,4.384617698677193
GRIK2,0.7800231842846472,2.4758021236031555
FABP7,-2.398941184625447,4.972298722658535
TXLNB,-0.17199900255345435,0.8883824132130484
CITED2,4.8940041370161955,6.747589601273038
DCBLD1,4.479839116191891,4.87319000752057
SFXN1,6.03240513626292,6.2555487298481305
SAMD3,1.047021938865898,0.1095595315764703
TMEM200A,2.851142344628962,1.6212788443386734
DACT2,0.6477352374826001,-0.27073669646149834
PDSS2,3.329035068609803,3.356319659875187
STXBP5,3.0658028911749673,3.3715003296997765
IL31RA,2.8171902854772526,0.9450159124484449
ANKRD55,0.22151007389675348,0.026746287039158642
RAET1E,1.0230057333653333,1.1782695032733548
TBX20,0.27532468219575423,0.13346517157965343
DAGLB,4.198285834743309,4.843758052258818
STK17A,5.06774355555291,6.574160843143554
TRA2A,6.495970513380171,6.8217869428137075
GALNT10,3.8393999311722733,6.062780105611424
SAP30L,3.884119175757519,4.512493046880361
RPS14,10.366199756682501,9.216783220349797
MYOZ3,-0.0291166092309757,0.8480500022555706
COG5,3.7738797817187195,4.829089117177101
GPR85,1.1768860415417102,1.958041510570971
SLU7,5.096793969340646,5.8355838403554
RP9,4.365617331262099,4.543212946086251
PTTG1,8.074427319020781,7.6266419519876125
CAMLG,5.2742773558551495,5.274908830864814
BMPER,2.2980748553714214,2.0233433116604753
RELL2,2.413187103828062,3.5752133546490015
KCNK5,-0.017599509809456515,0.5606022910027748
KIF6,0.9008386784045612,1.110845739519766
ZNF12,3.356497232312769,4.272741885360478
SLC29A4,0.8995780992781317,3.3181435729528177
STEAP1,5.517184263163267,3.383128530291196
CDCA7L,5.251850495289772,5.482565026764088
SP8,0.04255894317294623,0.72612334230189
MIOS,3.971053440120399,4.582823348675827
USP49,1.5720511064121911,2.5277412653904943
SYTL3,1.781815213063862,0.927611029090974
IQUB,0.17059825512566346,0.3337820273160394
HEY1,0.8172133007474198,2.8739462566963088
ZNF704,-0.4300298601466632,1.3832577920920928
FABP5,2.8899052982113616,3.1395551171992087
SHH,0.5644431814680324,-0.06887367307949682
TAGAP,0.20395096430857085,0.10361828680954177
COL1A2,3.686922983483255,11.284902823706455
FNDC1,-0.01209672061965611,0.634972438612992
CHMP4C,0.8387350791671988,1.0182301655004034
SLC13A4,-0.004340367451156402,1.231808253983718
PGAM2,0.21989550230385324,1.1442724570429483
BRI3,7.127601975503001,7.217289613229797
LMTK2,1.992645492593085,3.319799010594514
CTSB,7.966755257618868,8.817177452558958
SOX17,0.09255630177629866,0.13792204621272758
DLC1,4.240593290641241,3.415774318764493
ADCY1,0.99976029589597,2.0495635486538912
C8orf48,1.6981015534532125,1.22153080716392
SUN3,1.4628303494874657,0.1854762176718331
C7orf57,0.5141624511141494,1.8392112115213335
HNF4G,0.08129116520876495,0.7592968991875377
PEX2,5.117462967493635,5.610745565345393
RAD21,7.017263431772642,6.803707042703664
SLC30A8,0.01982909088918358,0.09058933659051535
MED30,4.743176362059645,4.256891238834487
TNFRSF11B,3.2635558907953497,3.8828207931123675
PHKG1,0.2173452473562283,1.6707183983096272
EN2,-0.122676779493892,1.7321656516743524
CSMD3,0.6381431557064148,-0.07306397662810202
DEFA5,0.1807553603748261,0.077510161068709
DEFA6,0.12579555592634895,0.04562905945949565
OSGIN2,3.5926754683689923,4.397485008428653
DEFB1,0.31829517250188333,0.36350053373591745
SUN1,6.13031562379182,7.5414844272086405
OXR1,4.606579437191131,5.207549679018821
TMEM74,0.251616848293363,0.16480271450009326
GPR146,1.2056923497507253,2.569304822348589
TMEM184A,1.539622962839204,1.1971927838579224
NOS3,0.7837043646242441,0.34078433414332965
MICALL2,2.9643129348419186,5.510281302746257
CA3,-0.18692456476672736,1.22440852110081
INTS1,4.648994308771454,5.408363567692579
CDK5,4.350078164851387,5.6745137182759855
SLC4A2,5.53879727811009,7.636265798172091
FASTK,5.526574585452066,6.783204040080299
TMUB1,5.264504928100229,5.7180854462191295
PHAX,5.4347045548628525,6.186517727389107
ALDH7A1,5.735875089536281,6.133062026569179
FOXK1,2.7665405489006836,3.3301500665845234
COX6C,8.335295843256272,8.496607184167267
OSR2,1.508844172172608,1.9086288199642867
YWHAZ,9.651227970083902,9.600920516731403
BAALC,0.7800895065560294,3.750785343145711
FZD6,2.6948850685008905,4.599801367820889
CTHRC1,3.77866187879078,2.2151183049644616
SLC25A32,4.920111688751635,4.662253893425934
DCAF13,6.790191084709179,5.869088254228037
TP53INP1,1.264870444384847,3.668888809292275
INTS8,4.7062877052679335,4.808485676875033
FREM1,0.1569906213341559,0.5429647214748928
GEM,3.8510701469320123,4.770116668106905
PDP1,5.6458673668834445,5.809269209400537
TMEM67,2.6198868577362875,3.9482729726221883
SNAPC3,3.8124544754948095,4.995975532317535
NUDT2,4.643126266297586,5.198710271520444
TMEM65,2.622860890112795,3.465439265111289
PSIP1,4.923449923751016,6.759693844065395
UBAP1,4.297013438913527,5.306865555355774
DIRAS2,-1.03318723852393,1.4150011566112255
SYK,0.038465852283524934,0.17243401357573881
NIPSNAP3B,0.03378181405693104,1.0993450322718807
ABCA1,3.055202914491103,3.255301583013244
NFIL3,4.19840301985013,4.014846201544792
LETM2,3.50126905154361,2.2178424560779835
METTL2B,3.884775462237725,4.676628966538962
FXN,3.9455465793731594,3.760343894068144
ZMAT4,0.4102572888114644,0.7636380009633196
TMEM71,0.9851907374315061,1.6074952824497677
MAMDC2,0.6617062331589214,3.2780087448903608
CPA6,-0.09706038187027632,0.9143416388611108
C8orf34,-0.11077033530378855,0.5215358288839986
TMC1,-0.2655420113970127,1.0557126907705479
ALDH1A1,1.2299614151972285,1.6606208700498075
KDM1B,2.919194412938917,3.2724833345945337
HGSNAT,3.4288584402046336,5.353950588162618
RASEF,1.4666014572527521,0.6828912748319294
GKAP1,1.613248664155679,2.339604738827037
KIF27,0.7751406846362028,1.9805195076636197
HNRNPK,9.146372699751504,9.279942959668919
SVEP1,0.013798013594586767,1.2655882849244788
TRPV6,0.18845276611655992,-0.009413274192333093
ANKS6,3.363257104273001,3.7125664214982015
FBP1,-0.12256397392930113,0.4079563878520074
ZHX1,4.455366530699196,4.954819550669477
DYNLT3,4.937831415558873,6.256270907968024
MID1IP1,4.333899470465247,4.979199462659331
KIAA1958,0.42436250005577936,2.192274004252051
PTCHD1,-0.2668792970855074,0.4519582524231197
PCDH19,-0.19243735819835373,0.5618283551430036
PIGA,3.324653118691723,3.527661225196895
STRBP,3.2088302624660865,3.7763097312838148
CLDN3,0.26774539305324074,0.40383763874055134
GAPVD1,3.601931705636975,4.859528857165375
WNK2,-0.26893547722755573,0.6599405855790581
ATP7A,2.2440197261967403,3.208352495065084
ZNF367,3.4301726785612874,3.784250860801265
NLGN4Y,0.5660597916598658,1.9378235341880266
HDX,1.563034663948531,2.246983357684624
NDUFB6,6.691471772557213,6.922735506034928
NOL6,4.463337785796645,4.831175076666402
AQP3,0.8129549960110743,1.7807161689421296
VCP,7.47258836221758,8.310274441662486
PIGO,4.0393471890806065,5.061106556863853
STOML2,6.375735634598262,6.651766567646259
BRWD3,2.2506021884948613,2.5386524732418487
SLITRK5,0.32857249666395405,1.9381065054375473
MELK,5.52232420841146,5.570205999551038
ARMC3,-0.2897704559145391,0.4688053395808952
OTUD1,2.010401268639596,1.772127807389683
ARHGAP12,4.540485309764311,4.359657550105842
FAT3,-0.3126571578594024,1.9745949502512419
HECTD2,2.8346861160750163,3.2906250954807086
SLC7A3,0.39166229002684977,-0.06568741269988397
FBXO33,2.857335489674917,2.9735655326651496
GPR101,-0.1491340803008913,0.16526175473501845
CLDN2,-0.023753015590714383,0.42556532955604215
LRFN5,0.2974040811926627,0.09404349580645356
LRRC18,0.22459678641988667,-0.05105860545964516
WRN,3.201854544090445,3.8285668765928396
TSHR,-0.16365481287555494,0.6001648599393907
CFL2,7.070838996586365,6.372837373981476
SUGT1,5.769904980427462,5.317056440327149
GTF2A1,4.20454741911688,4.072766137450128
ZCCHC24,2.9560756041411596,4.958178804494867
PGM2L1,1.2306863724770936,3.7742978115870893
PHYHIPL,-0.17119774445659808,0.9399693022765503
SLC16A9,-0.4322074402888847,2.8146490673982143
INPPL1,5.683013254509609,6.662701736351726
MBL2,-0.0075788692447450665,0.10370280723952635
GJB2,1.266491170530755,1.3672013888805747
CRYL1,2.4837783149948747,3.9569066257743186
REEP3,4.711870357054215,4.379777585443123
HEPACAM,-0.02465854770788206,0.14190584681162122
SKA3,4.418118539039272,4.515285350890775
PCF11,4.520468063724294,4.851958331379078
PKNOX2,-0.1819395026104954,1.717827082702081
RPL10L,0.12018731746221577,0.1023092905138175
RPL36AL,9.280153070868158,7.982097142926589
MAGEC3,0.26932297802276683,0.22501756879092788
ZNF22,5.37775042397819,3.667348682100773
KLHDC2,4.91933903226224,4.883612587771777
EML5,0.7856058088114848,0.7353693871502051
RPUSD4,4.433467629785757,4.185387415602878
ARF6,6.109514343068804,5.652742054342036
TTC8,4.671393900210381,4.203029026994978
TMEM63C,0.35376446172173814,1.3276681706732532
CDX2,0.4405190188715533,-0.08716598915242774
AKR1E2,0.22855580176433657,-0.05057459892354452
KBTBD6,2.176222808513093,3.072438130110093
SSX5,0.11646137918002687,0.07042343013469327
SSX3,0.33921637329277754,-0.025211966008078998
FAAH2,0.3631467803692561,0.32634554930844634
DRGX,0.5675746782389746,-0.020353372379038198
NUDT5,6.062387519605693,5.57683704734332
DACT1,1.3815529982155104,3.710570890691767
OXGR1,0.24869381331152962,0.08078831503059243
BEND7,1.9417446027214005,2.560895206962756
PRPF18,4.136786986419949,3.7390051235889437
TAF3,2.3766502096642657,1.9782971417254556
VDAC2,8.019421200682249,6.990590440267506
COMTD1,3.509959491070223,2.5838278344731167
SLC18A2,0.29024134013980507,-0.02877832636814473
PDZD8,3.7145179852228782,3.81349379500361
ZNF503,3.552152165908608,3.810265055993366
QSOX2,3.9185941435988423,4.335148598786271
NSD1,2.9418858329786595,4.508714965216313
PRDX3,7.936951265480465,7.292583614328679
ENOX2,2.7405961172945625,3.312348098642854
GHITM,7.515148395683308,6.783171567974387
SNAPC4,2.1718909938018385,2.9449425573756436
PMPCA,5.986857962193801,6.665811686615576
FRMD7,-0.2631078988270801,0.5719175630546425
TSC1,3.2492874837879513,4.299610909331968
HPRT1,7.076181683842815,6.117329777374964
ZMYND19,4.685603777250764,4.813443580812291
STOX1,0.25497525651731245,0.6507572980719288
RET,-0.03557670424452958,0.45248021452046605
DDX21,6.346915785955043,5.053635067273481
BMS1,4.191203572888495,3.6184347597190167
STK32C,3.5293910177182695,3.2970332398828623
FUNDC2,5.936175554241058,6.711120560034357
NDRG2,1.4891432661614734,3.24639818698837
ZNF219,2.4861877770640115,3.1338856211262973
CASP7,4.40916286886275,4.78820899196495
METTL3,5.535588820182852,4.982052306356827
SALL2,-0.20427673787609457,2.2345938571720376
TRUB1,4.211719588097147,4.103783965742927
ZFYVE1,3.1305799581621327,3.769459254229977
HSPA12A,1.000940125997144,3.5571915269907195
FRAT1,0.7527018403232004,1.2783955588264153
UBTD1,4.220152232151297,4.2595469324873605
ANKRD2,0.16529010235143093,0.16259731638803615
E2F7,4.457494043109352,3.916698007813438
ARHGAP42,1.7944159386585785,2.9670206723780477
ISCA2,5.437436311414693,4.145846650288459
PACSIN3,4.591163654796951,3.417434867735511
TTC7B,4.188647361140619,4.335140958027189
SLC39A13,4.959861726056977,6.164595108935125
PSMC3,8.033348576225853,7.651840447183806
AGBL2,0.6820937255744044,1.5066706063885404
TC2N,0.5355793267309318,-0.03479081873999698
CPSF2,5.485133019644265,5.25287114348147
MOAP1,3.035795520914051,4.171269262543696
IFI27L1,4.332248968649698,4.880474996010432
IFI27,0.8754086469627573,4.576606237735611
CLMN,1.7253871364963302,1.4918290385724635
CCDC38,-0.008907674155190337,0.336319371401294
NELL1,-0.19716331965092107,0.3002732546014119
PTER,1.3274751547151802,0.0706383927993024
CACNB2,0.45074493512140534,0.8904089483863351
ARL5B,3.2402534240481633,3.374306807467941
TAF1D,7.315499899756028,5.931689422835
ABTB2,2.1892397004262105,2.266678837057575
AMOTL1,3.2847381608419726,4.127349096329222
HTRA1,4.00092940225135,8.528260905326539
LIPC,0.43164237871994793,0.4211543315650973
CEP57,5.152153595090973,4.784980952761777
TCP11L2,1.230870927054608,2.957788441352303
PASD1,1.245169486516982,-0.1455907217570208
SPRED1,3.6428297652464945,4.330301972687676
GPR176,3.593026609079808,5.364694723278439
JAM3,2.362857315190019,6.224198288945484
CMTM5,-0.09472506947228798,0.6383704528386387
GLB1L3,1.1838592239335286,0.15887521851901087
ADAMTS15,-0.004281818378607749,3.7485629762403363
SPATA19,0.0030109901014423943,0.05158064038067564
GPT2,3.668189912292763,4.461575344590544
AMN,0.3784104261435837,0.09045355502226021
RAB8B,4.747446904800417,4.8340848300222765
IKBIP,5.8128706843232925,5.9686332123791255
RPUSD2,3.1259862883829554,3.3122388878857336
HIF1AN,4.1283853563597805,4.234404900444041
NDUFB8,8.041830854130392,6.9573809589203135
ZFYVE19,3.8001544979147086,4.552384957722743
PPP1R14D,0.07278607604215606,0.10063497379980532
SPINT1,1.2288456158890841,1.509570945953396
FBN1,5.004694015790242,7.766146874030689
AVPR1A,0.051471122258454585,0.030407363565965767
DEPDC4,1.8589380329458187,1.3076274199968803
BRD7,5.105498799082084,5.60015062939294
CKB,3.679844487317837,6.745184243824413
TRMT61A,3.5879644968096076,3.0824604045452713
BTRC,3.0431691535715717,3.0128601062474316
POLL,3.6378796089587904,3.4123360809670538
BAG5,4.076570417124707,4.304739591851704
DPCD,5.051926396703844,5.0652342232169
LARP6,5.627928608770138,5.715825251760964
API5,6.112317154994869,6.297678156631629
ZNF319,1.9047172428968993,2.5635132043849618
HPS6,3.6517958223666325,3.2637180496743627
SENP8,1.6364149194966622,1.8989371631351337
NOLC1,6.236877080416281,5.204360686860321
ALKBH3,4.607401931343001,4.499526562727992
COPS2,6.277904292238592,6.583688790338315
GABRB3,0.7628509975981181,0.2876677295424233
SGPL1,4.2104855565892265,3.9197099250120924
FRS2,3.2358243702260383,3.8451835224924396
CCT2,8.991958753757366,7.936235580810567
PCBD1,4.547813665677473,5.106068295254288
ARIH1,4.820759202216636,5.822089741632375
SCN3B,0.2072066785339222,0.23352793426858126
COX11,5.7072238409933185,5.909789867911736
ZNF202,3.2433049050446057,2.8396861801721744
STXBP4,2.2591745667347474,2.6370127714136626
CYYR1,0.3277369026503894,-0.06251470260368645
CUL5,3.6721448373257988,4.002340360345993
C2,-0.05704446804255703,2.1402761931630403
PLEKHF1,2.899312987698303,3.0093698366676636
TMEM100,1.6171818581135406,1.7416281241417875
ANAPC16,6.305878693749008,5.890808296730372
SMPD1,4.5973374103909235,7.048891062828573
APBB1,2.6586434421324117,4.862957079424032
SYNPO2L,0.30749164025895803,0.020653974452991525
NUDT13,1.3280616561605003,0.8777717412065258
C11orf65,0.5161411933822041,0.7573171740033277
TRIM44,4.401420935165759,5.369257443706553
ILK,7.0005832758803095,6.970484433522612
TAF10,6.400440563533468,5.913040443872458
TPP1,6.301149596050206,6.951343815181007
DCHS1,0.19987765141323677,1.9745865444581092
NETO1,0.993764709227458,0.6609280281767934
CYB5A,4.95518199878244,5.130569236189013
USP54,3.0068872767820922,3.0111043475032737
RAG1,0.36204563671393664,0.39503796753940595
POTED,0.15086796109583425,-0.004256903980188277
ATP9B,2.276435915124638,3.5956872261430988
PPFIBP2,0.25196651291591365,2.88262839392959
CYB5R2,1.1743612130782497,2.7729412789856793
SERPINB7,4.187376443321268,0.9539846336687139
SERPINB8,4.01631913348798,4.038888979934933
TUB,0.6149965045819576,3.4843436371385623
RIC3,-0.43114475148285825,1.8327782990357775
LMO1,-0.1730597759839022,1.1359792626175556
IDH3A,5.646580954436193,6.525407968183948
WDR72,0.8420514211858778,0.40648404897565293
CRABP1,0.10275931869536908,0.19911528573551096
PLD4,1.1403612270838976,0.6453359535566617
ZMAT1,0.47632523110416036,1.6288011329775611
XRRA1,3.097719934575179,2.7220189220193487
TRIM66,1.6776727702514396,2.1824180012699355
RNF169,2.240158613790112,2.643017263025392
RPL27A,10.98818713087632,9.25380645940963
CDYL2,1.0075039792162044,1.2849060684616735
TMEM130,-0.21089825787258865,2.3313364209098535
PRTG,1.5763144667940647,2.0610723590174276
CENPN,6.464608489748249,5.8790173819695575
ATMIN,4.504841600534089,4.769412336416983
C16orf46,0.5971461368671569,0.863733609635743
TMEM41B,4.988263381628466,5.042328403970018
PKD1L2,1.3142007982179917,0.6076724149576569
LEO1,4.635991468618249,4.8458670406529265
ZNF143,4.2981064491620895,3.8247104329938337
TMX3,5.409336001184243,6.490804861069016
MFAP4,1.0784884256145157,5.170283665033453
WEE1,4.759814079282196,4.904868764444482
MAPK7,3.6761960582207958,4.620731135225303
PRKCB,0.2880563792629275,0.10334830106073566
NDST2,3.1327800637932266,3.412808827846248
MCM7,7.244190468754893,7.188209729032086
CLEC3A,0.052193268833687134,0.06766681395844049
CCDC68,0.4174346955099246,0.06369854733199135
ZNF3,4.238394163484163,5.667859219750693
ZSCAN21,2.7205421694746277,3.434571826378766
RIMKLB,3.318050382207496,4.312601737399292
TK2,3.2531257618524627,4.951565086446435
TMED3,6.625403052907665,7.075621037419498
SEC11C,5.62542062216154,5.677174138907187
TMEM135,4.073390880768685,4.250161696603005
IQCD,0.9469931784782706,1.2923374238045053
NDEL1,4.656257258098712,5.781609819364245
CENPV,3.4090904831092805,3.736817080927666
RRAD,1.1786439465586642,3.0814853978471364
HSP90B1,9.387191189356763,9.953996541299903
MC4R,0.1563568437756,0.37246015933357274
BLCAP,5.662609863810305,6.142328685164483
CHRFAM7A,0.40513365626627906,0.7259187895744597
ATF7IP2,1.433921186824406,-0.14211875367994592
MMP10,0.41058615859869485,0.5094979058190516
TMPRSS5,0.23534464576871744,0.9542445140815556
COG1,3.9754210868766244,4.687440245463938
PLEKHA7,0.6215408159710221,2.597731636344407
ZNF606,1.7977853427165484,2.8771610472134768
ZCCHC18,1.022199700450155,1.5223142813832928
B2M,10.958689591729001,12.709929008577284
ZNF592,2.7494412057109123,3.658127298303365
NNMT,5.678417274591201,8.067120422306067
AP1G1,4.8153350364670695,5.967560872367195
SLFN5,3.511009244497351,4.366960445996575
CATSPER2,1.582911187868616,1.193391048546946
SAAL1,5.6862781713369355,4.459000573053102
YPEL4,0.5420778194254093,0.8839593534853647
PPIB,9.489877917477418,10.399218021020243
LDHC,0.26174921070638735,0.2790440452179726
FAM111A,5.17925510977976,5.12168144196434
KIF7,2.5870708917225307,3.7073836501377135
LDHD,0.4721793326650882,0.4878545757024481
PLIN1,0.11591616455553519,0.3259791859906388
PEX11A,2.438521485986219,3.46164414474893
TMEM170A,3.601124937692634,3.5475176931261343
MESP1,0.8746955946669727,1.1344086424730258
ANPEP,4.718893836724744,1.4841585778400013
SCNN1G,0.16573058217380424,-0.0272558111396052
RBPMS2,0.12729124038788897,2.5301943466088264
NAV2,2.7928848113785563,3.644106257103515
ANKDD1A,1.2684686538948595,2.4974938151950394
GLYATL1,0.6014618596472339,0.5034399568488415
C18orf54,2.912642334524064,2.7445962368239085
DCTN5,5.298176134194551,6.4212008343683715
TERF2IP,4.867546723562818,6.352586049040509
PLK1,6.278838102094158,5.789237095162452
CLPX,4.372408251848213,5.121952207248583
ZBTB39,1.8939127368899367,2.0355710704300836
TAC3,0.051895846682229796,0.1572116741320896
NAB2,3.876144828108078,4.589077354548007
VPS39,4.316867037767807,5.772568114804066
STAT6,3.966028496864914,1.9015770342695295
PATL1,4.915808179160904,4.829388796188075
ELFN2,2.826113755901604,1.3248205245071691
STX3,4.792982375879415,3.9132794213207207
MRPL16,5.812521648369085,5.609952883543856
PIP4K2C,5.151132230910503,4.641028954213587
MTMR10,2.6542967801076816,4.153241350875534
YWHAB,7.943928001623704,7.491124187572502
C15orf48,1.949929309101611,-0.2108746000891929
SCG5,4.876091299256184,5.579327603425287
GREM1,0.9894526697883445,2.005039134995593
TSC22D4,4.348711318860557,5.150541550329056
MS4A6E,0.01597112471767567,0.034461468262117066
DIS3L,3.9178867544991607,4.773871196594613
CCNDBP1,4.909846612299589,5.425570297607333
SMAD3,5.421946056245775,5.463884587864963
MAP1A,0.02009760701229757,5.0836589084389345
RCCD1,4.015199964603082,2.9793871876320583
AKTIP,4.340873168746218,4.603180346956854
MAPRE2,3.7485517434309523,5.428675714447542
MBD6,3.562028869882708,4.482809431742978
CNPY4,3.88132840072928,6.196559356716295
PDIA3,8.469197309446825,9.76074806399173
NUDT21,6.963937811279077,6.453863147165444
NKX3-1,2.593209363804204,2.7222638949606655
DUSP18,1.9505394185951337,2.20673779774322
TEF,2.374152908705902,3.0857715451766397
MEI1,1.318160383692916,0.17645424715711144
PBX3,3.9538304034577987,4.324758580984396
GNGT2,1.0992537475965534,-0.10894651837371477
SNRPD1,7.206160283453647,6.650244459388735
SAMD14,-0.07121353779609252,2.9476703622317157
PIP5KL1,1.5149739670011535,1.2676224774637948
TMEM92,1.3539379443543726,0.36864857632353465
ACSF2,4.278352087528614,4.8663955548349636
GOLGA2,5.4676031893480825,7.164281269610548
TRUB2,4.393763579373971,4.942393464487941
COQ4,4.828576404105432,5.710044507043176
SLC27A4,3.7199135904366982,4.0701132531221385
URM1,5.65183084234361,6.864497482728783
CERCAM,4.851593513252097,5.931222926087527
DOLPP1,4.206323143279948,4.435298474542508
CCDC103,1.061505557632845,2.123278257001553
ENDOG,3.32995723198846,4.006613819210829
PRRX2,0.78214542123374,1.2370623075373754
C15orf39,3.2913661706241775,2.8852360322234514
ISLR2,0.005597629421680517,0.6133800688114699
SP2,3.444562737051773,4.330917652094735
COQ7,3.610929993807762,4.128248308150581
GPRC5B,1.1935539734882012,4.614238044237511
CRK,5.297517374353187,5.723090512299176
FBXO22,5.036031856817532,4.951075924913767
TBC1D2B,3.0450193792907014,4.264267435739516
NOD2,0.04193014896053854,0.32332260060347595
KATNAL2,0.813797215243331,3.0789334099338994
HDHD2,4.134511840792239,5.256488308966413
ZNF91,2.960100776613055,3.6708362325502395
IGF2,0.9482323835722235,1.1543402522400876
RNF214,3.789794124852581,3.730231599480606
CDK12,3.70803329780215,4.583478876998103
POP5,6.119800960639618,5.525041656450321
ENGASE,2.7248746997904285,4.097102760414254
CD3D,0.6675876279030197,-0.06014791776920103
TBC1D16,2.8646160363098954,4.478392922135377
MYO5B,0.8636906538174498,2.8720470161644966
ART5,-0.008149491234209508,0.19404091433446777
ACAA2,5.110968347138332,5.5980658896262625
STIM1,3.917021507476298,5.723542001273886
RRM1,7.034666951891878,7.0604316861296
OR51E2,0.09472614064270604,0.1707727841318584
TRIM68,3.0622438986664893,3.301515034046734
OR51B5,2.1158094515386834,-0.3921701107340997
OR51I1,0.3987475764616506,-0.11537412505438477
FN3K,0.562868705297608,3.07409692945802
PRRT2,1.0910814674211005,2.7734339206722973
ZNF23,3.269274625811162,3.5600145201339046
IRGQ,2.8593232336243957,3.7613630742333966
ZNF226,3.9687786195919865,4.878136414177863
ZNF180,2.622378003785812,2.822539380760508
PPP2R3B,2.887240089664959,3.753293117407777
ZNF668,2.714789441862849,3.0851048032506334
ZNF646,2.29702965813169,3.270192285553308
VKORC1,7.382215331469345,7.852236400501738
LPO,0.07599760907864599,0.07070164881868439
CA4,-0.0981928400230106,0.37642760160075955
TPM4,8.997685601314831,9.659764786099995
RAB8A,5.860773715379016,5.9057858478081044
GPX4,8.191666491711866,8.0439518962117
MIDN,4.102853736292067,4.959234752344467
JSRP1,5.528488724101554,5.608745271564274
KLHL26,1.402748494987725,2.3767350493022175
GATAD2A,4.548362271078707,4.921295737764377
MVD,4.858230761420867,5.3151306019476845
CDT1,4.088572173750714,3.5892270724603734
TRAPPC2L,5.921620079018898,5.906305541340715
ANKRD11,5.060840334856689,5.717492394809785
PROCA1,1.1639008205732249,1.9961137459416416
RPL13,10.802789693535916,9.867667347331178
ZNF641,1.5961650990301788,2.7635427215349972
CACNB3,3.2947108475105282,4.125894516542877
DHRS13,2.574158936086207,3.127691242451149
TP53I13,4.969960583060279,5.638263627016863
CORO6,1.208958809221389,1.5809862337611347
RHEBL1,2.2270497984660325,1.5362070991360812
TUBA1A,6.967425409866905,10.469404111944325
TUBA1C,10.669183478947495,9.403273594086825
ZNF610,1.117773621494656,2.5272493662065445
ZNF528,2.299118630317265,4.801425028195947
ZNF701,1.7202845877061845,3.003592998821384
SERTAD3,4.296645462789211,4.7303303508634436
NCKAP5L,2.569223790247151,3.8270302621785928
RAB4B,3.515138367146925,4.37839963292037
AQP2,-0.1857480081594069,0.25720362099498295
GPD1,-0.03726963051829496,0.5474927360332602
CYP2S1,1.4006134615827432,0.6242317593596036
AXL,7.168303086479423,5.967922470675508
NFKBID,2.007233882781922,2.2571118263842647
TMC4,0.7453500067840484,0.6085263604268327
TTYH1,-0.1696207772617495,1.2585437571945892
LENG8,4.633080146879926,6.447998368508538
CDC42EP5,1.1689469402410881,2.2554495906326544
LAIR2,-0.22320026465794193,0.3407541662087342
TMEM145,0.6129445176508221,0.7526725136438972
ZNF526,1.9869587908474133,2.5458920528286244
TRAPPC9,2.133178214457717,2.755881734478201
ZNF146,5.890471278554261,5.957519731517434
ZNF283,1.684999214248929,2.9396860522985393
PPP1R14A,1.0066650532072137,0.22024879153927562
SPINT2,1.7523109852463092,1.4803572496444959
C19orf33,2.5421188294556734,0.4225071288232999
YIF1B,6.237610071866994,6.613004051392684
PSCA,2.0501254331807632,0.5294014663854099
ATCAY,0.0016817358406913674,0.5074897097673405
LY6D,0.3477294005719481,0.09830024391463497
DAPK3,5.549559639230267,6.30767050654994
EEF2,9.503563032337558,9.397703866575991
CHAF1A,4.5421130351338155,4.564205064259133
UBXN6,5.359045059475253,6.16165855090766
PLIN4,0.3650693567330919,0.460380131072375
SEMA6B,2.431511374599727,2.6893758743231637
ZNF444,3.503880120992753,4.363031760561227
NXN,3.972482370983652,3.507556444891778
GLOD4,5.760433387685365,5.970175359522244
MFSD3,3.8837168103568636,4.032924886108406
GPT,-0.011491341390032939,1.0453659917010145
KIFC2,3.7929884137787897,4.185215451392327
SLC43A2,1.1171744602729812,3.4505676852228646
RILP,1.8577431638048016,1.8337032679305396
SERPINF2,0.6188564044068826,-0.004236529728930266
WDR81,2.221885038133879,3.615706351013098
SRR,3.511063746076253,4.9416559837819936
TSR1,5.303552074843136,5.423488836445066
TRPV3,0.08250703977103602,0.7644232114754783
HSD11B1L,1.9889676742001272,3.6031620348273434
CYB5D2,3.1069489391458274,4.773608093718873
KLK1,0.5978558256459552,0.23966169373258064
KLK2,0.23254404900363695,0.25737275163334306
KLK5,0.38379740601500884,0.1742283635612636
KLK6,1.5211821361398572,0.04619810298667204
ZNF83,3.7181238889464248,5.587139737937972
KRT80,4.952195483527259,3.1163425366951802
OTUB1,6.126241687663704,5.928522544067313
RCOR2,1.1515122993891114,1.2903728099862892
ANGPTL4,2.865881062493395,1.2487979267183018
CD320,5.731921261869683,6.869580331824628
SPRYD3,3.992009512654416,4.69704746530394
IGFBP6,6.842343378613353,6.048878060243808
ZNF558,2.9608614730017555,4.44026702915526
NDUFV1,7.058541014072214,7.059003960968211
CDK2AP2,5.89310708457342,5.83871634440329
NUDT8,2.8493839522399615,2.3212222721204223
PRDX2,6.8798155932174705,7.290792269116235
ZNF232,2.6842949460131384,3.0328009692935205
MIS12,4.2168457719107515,4.528906862380602
CD300C,0.2269045203674658,0.37134766073200143
TMEM88,0.5087971527660634,0.6746859139572465
EVPL,0.5571636080932673,-0.13233347405781362
SRP68,5.646424648645068,6.085906087929077
MGAT5B,3.7187073341683594,3.630929997590155
TMC8,0.4590484007523987,0.14876368308680407
TK1,7.258256987186913,6.249063746799192
TMEM68,4.093251225913453,4.605810725255092
GHDC,3.241144345460614,3.849797806106502
SOST,0.5278107674319373,0.24379394459702353
ZNF598,4.623714796974001,4.775443477932772
RAB26,1.4553539546654675,1.7343356638053742
MLST8,4.851914796842566,5.265089949101425
E4F1,3.510408733592979,3.808581922874841
DNASE1L2,0.7588911152989936,0.759916787430832
CASKIN1,-0.16441684833526277,0.49781936312063413
ABCA3,-0.2083632986322299,3.2672505448015423
KCTD5,4.582678073384979,5.059303575500433
SRRM2,6.881099120471609,7.705706627100589
ZNF597,0.6569866451616442,1.7251088101608438
SDHAF2,6.227612674234122,6.06044737994057
DDB1,7.2402762752764405,7.018394228689379
VPS37C,3.2222987036677417,3.882261794616653
VWCE,0.32128630935047064,0.9765650604016911
RAB3IL1,2.209523106980307,2.1735193899974283
BEST1,4.033803390033323,3.5230879196840132
FTH1,12.130373909605895,11.393527825067904
BSCL2,4.587056831678307,6.051671839765421
POLR2G,7.268040026158846,7.2474981681514885
SLC3A2,8.035802417819239,8.196412757716255
ATG16L2,2.420050396879669,3.2500947014381465
C2CD3,3.422374887695533,3.757829442831741
TRANK1,0.2330677428960337,3.312008917982577
TTC21A,0.9576042622259368,1.9778978701607945
RPSA,11.442560505656715,10.423939523810704
ENTPD3,0.038075504238321345,0.3195367545602497
CTNNB1,7.215647738142793,8.116855679445713
ULK4,2.4228400743080596,2.252701583579054
FADD,5.2536874462256575,4.985257059068626
LTBP3,4.938384827523257,7.375554794626512
SAC3D1,4.558648208980778,3.9514088065880766
BATF2,1.417739419407745,0.8186612470391512
SF1,7.157062716648781,7.479930279979482
MAP4K2,3.8512601346372057,3.3142837550290123
CCDC88B,2.515092264490575,2.6132897864451095
SCARA3,2.3016717214451097,5.917048296157402
PBK,6.449921226863064,6.167917327443774
SCARA5,0.2261145770666959,0.21568467156564453
PNOC,0.03282242879856792,0.3449239983490565
COPS6,7.5681377295809,7.91737505963707
PAFAH1B2,4.9295188740849305,5.600837623783892
ANKS3,3.0804159730583125,4.259864487156933
NUDT16L1,3.9986488017678057,5.075017413823361
KIAA1586,3.5565519842006585,3.7534613972547892
RAB4A,3.169371548475799,5.052196284482722
KCNJ4,-0.193046113731631,0.39742016866127683
SETD5,5.039496832240131,6.051785830802894
VASN,2.1218091534038788,6.079628189300814
FAM83B,0.6962536898959286,-0.28568190860359666
THAP9,1.445924394041752,1.9168187241091053
RNF187,5.333801142105958,5.677372844949495
HOOK3,2.3418425462350876,3.6045532884870273
MAPK1IP1L,6.17270226668164,5.7353632277621935
DDIT4,6.866866750734713,4.949053947448113
RBPJ,5.61837090502525,5.364948281158585
LMBRD1,4.102885255112634,5.078707188677652
ZCCHC4,3.6945592299109267,2.825756881003746
TTC39C,3.3005619484403996,3.2582519394684484
GLYCTK,2.4557692284078385,3.265919259921753
GNG4,1.3637394306556763,1.7044184389704693
UBTD2,4.125068674959864,5.013901333457368
POLR2J3,3.826950257601424,4.92916361249699
NKIRAS2,4.8748467310907655,5.722446343088123
DNAJC7,6.28415875937961,6.148117368322136
IRF2BP2,5.644088615183219,6.14822251382826
NT5DC2,7.274687543960943,6.832121424802009
KIF5C,1.608491114079821,2.5241863376581186
MGAT2,5.63755622089045,5.150474601438291
BMI1,5.7563682309721615,4.99347430138952
THAP11,4.657029330594171,4.3504340288160765
MMADHC,7.1985241525864065,6.923687278779767
PDHB,6.265959433915808,7.098595901149049
PXK,4.355053086507443,4.457350384791139
PCMTD1,3.137818430948018,4.492406924058301
KCTD6,3.2864023955975847,3.692287124708623
ACOX2,1.7247822028765782,2.5282092040114006
FAM107A,-0.8215359684429415,2.306303632062897
IRF2,3.6050617897169346,4.5388605677685065
XIRP1,0.08958837856324972,0.12035577816289746
DEGS2,0.13517191032914502,0.11938278465004847
ARF4,8.301968474516324,9.45517416746415
FILIP1L,3.656385078282602,3.2524226499372872
MFSD2A,2.27548713154463,3.9282468529452075
DTYMK,6.31358282476012,6.126278524886423
TAP1,4.889646267575915,6.132409731884609
ING5,4.043832449282899,4.5596387154471305
ATG4B,5.306441828976579,6.1016846671748
BDKRB2,1.9891082330823884,1.3054685686199727
MLKL,3.464536450537767,2.2515459610333983
RFWD3,4.801406778467553,4.872970114669222
RHOH,0.3649487939947228,0.15839973816797112
KLHL30,-0.014145312130309118,0.2730544524962898
COG7,3.294206875381737,4.15232828790933
CDC40,3.778845837106937,3.864892797603623
STIP1,8.084232845602367,7.542305381605898
HR,1.6542082596389007,2.6997371266268955
RAB31,4.368081137758684,6.44128639866881
REEP4,5.133759273624223,5.400248627746782
TNXB,-0.08488628813382215,1.8299791439439526
LGI3,-0.009991045419105171,0.35705926498024665
BMP1,3.8796505188878156,6.54136831222335
ATXN2L,6.093846954214509,6.035408651014569
PHYHIP,0.05538476351785959,1.6892727313347193
CCDC110,0.2804761158402257,0.6040063986614118
POLR3D,3.715485213196147,4.9052486211177575
FEN1,6.543761558871817,6.09679616855665
GBX2,0.9610473209937349,0.7331378292701418
HEXIM2,2.5410912723641714,2.675957879129514
FNTA,5.287633004033288,6.13269048255189
SERINC2,5.640094417931829,3.9049625889286883
MYL1,-0.04677150978132083,0.6095437277498044
COL3A1,1.3597481608438269,6.376553692088329
GFRA2,0.04121629195450291,0.4598047602475255
ING2,3.3589299325491693,3.1461087460507997
CDKN2AIP,3.5347475151834953,4.177249113635497
SNRNP48,3.376403874213011,4.227719938007563
TMEM223,4.603393665247386,4.170644810584582
SLC20A2,3.652507444891424,5.2420201608458425
DYNLRB2,0.06962415567266039,0.48753333934078785
TMUB2,4.795151182091615,5.315928838934774
STAT3,4.7474740130070625,6.4554275689060185
ZSWIM1,2.8341968557643678,2.8267884460234898
ADAM9,6.8608350696079,7.904797439459394
GDNF,2.5959031276671807,0.9026385800394613
AXIN2,0.5517760594014869,2.616814702099407
NDUFS5,9.127507166917121,9.166448505441213
ZNF30,1.6141726819618847,2.046405147127972
UGT3A2,0.5042976429096867,0.24091436171808328
KCTD19,0.10462054881063818,0.26554587440494615
SLC16A4,0.9770923109492236,4.632531343834364
IL7R,4.283432711183538,4.847996535476579
TMEM208,6.132886681929547,6.73895703709746
LRP1B,-0.442166680423153,1.4410207724354036
AHCYL1,5.910409947336625,6.334519547404209
DNAJC21,5.949494509802848,5.317357970062602
PKIG,5.000274404252415,5.711920635335706
NPNT,-0.992629586820969,2.11332812603636
FAM178B,0.3397463682705728,0.26246639223716034
TSPY2,0.13470292273118564,-0.002148736052741601
SEMA4C,3.561760408808638,4.287136546567441
CNNM3,2.593480276883296,3.525064397178616
GSTM4,3.041818845756194,6.022545024738678
TET2,1.5910537217447411,2.949733678161188
CXXC4,0.08799610259352036,0.5179743248948838
TCTN2,2.550697881423388,4.319183814724729
SHOX2,2.436738883359155,3.9490028117897813
PPIP5K1,3.289439581456277,4.332734636263148
TSPAN5,3.851619755414513,4.9412145665083544
ABHD15,2.590455709146607,3.0176797839672767
ZBTB5,1.9907956225656458,3.7742191632957343
CHTF8,5.5025885584261545,5.704685684303911
ADAL,2.821276552295452,3.7098772908179534
LCMT2,2.8390991944959474,3.852869232575433
SNTB2,3.133027679255917,4.255796894428918
IL12A,1.7904365625515872,1.0320477133834998
ZNF507,3.242870546352492,3.5129111514097664
STX18,4.612219102749721,4.976912642006614
ZBTB49,1.5502193690674768,1.9447213953333102
GFM1,5.531302083949784,5.60923752576241
FSTL5,1.3879079257874496,0.12758351692480785
DDX19A,4.755979391333742,5.806409838541447
ATOH8,2.549147501296569,3.165771913442547
ANKRD49,3.970835577380894,3.393930051897348
USP39,5.756018569620181,5.980586731171867
TNIP2,5.044763130876264,4.560615287172678
C2orf68,3.620049344532269,4.2682158938464845
TMEM150A,3.0423779473084824,3.8312179271651057
RNF181,7.499150232897705,6.767477839130577
VAMP5,4.3182611571807,6.63294182288654
LRRC28,3.562298198665316,3.970557983310115
MAT2A,7.534285802522661,7.759905439788907
ENHO,-0.10114476321177923,2.5321297068145308
ZNF608,1.860903795117251,4.243503703256528
INPP5D,0.26815677718392994,0.3756483023018977
LETM1,4.213129903958719,4.349381336701188
TMEM129,3.8697589206482466,5.322788524719227
PPIC,4.99559634633021,7.528794518979413
SPRY3,0.1808938837865347,1.5678562804723497
CEP120,3.5332390588949325,3.6117965004007377
STXBP6,1.471603373270533,2.4102608030743666
MFF,6.075064712676814,6.510802626619499
GRM5,0.06980080411155055,0.10363295879312316
LGALS9,0.2330022901032367,3.223541478841427
CPLX1,0.19488461400106247,0.547685475369419
E2F6,4.012222793564374,4.36280467189187
FEM1B,3.597552232429914,4.798820056950722
COMMD8,5.702086768846552,4.768620194764614
UQCRFS1,5.666098326194107,5.5025713356072705
COL4A3,-0.750550679506608,1.308127770290481
MAP2K1,5.751548699760542,5.995308593740772
KLK7,0.4070770716050243,-0.1132468604017934
HNRNPH1,8.759912023876861,9.403185303819232
IRS1,3.2235761568460006,3.8427390847086453
MECP2,3.5419917567532955,4.432067597783278
VCX3A,2.3873050280588464,-0.1730425713152156
UPF3A,4.7130721488501734,5.893111260508569
ZBBX,-0.17440961471395242,0.4120891766526774
ACTBL2,1.0686147960444703,0.9292254805108814
ROR2,1.001971556146592,0.6338951066408115
AR,0.8486041904227396,2.3670233181741156
DHRSX,2.7883784059138943,4.857956505604108
HSPBAP1,3.144421989042804,2.73876579332368
ASMTL,3.6485763274834575,4.038068535833427
SLC25A6,7.974751696793425,8.294467148376524
CHST14,4.550050610277312,5.936221850778232
PARM1,-0.12712372513213388,1.2339882771787596
CSNK1G1,2.810137522590555,3.59794359645674
FAM110B,0.589771037725153,2.5332806912583323
AFAP1L2,1.5117659742438176,2.321666768913045
ZNF354A,2.8927499289083958,3.3979720021752553
ATF5,5.231619580849708,5.109191226944335
UBE2V2,6.669525861063823,6.866198934102213
ZBTB43,2.4023965388538877,3.253791257126756
CPT1C,3.100578882915433,4.109559819848985
PCSK9,1.1112833019224553,0.06900683150263487
XPO6,6.189611687414408,6.251504247025263
GSG1L,-0.2271510103867302,0.5735979783263843
MN1,1.1441140607462406,2.335601182090549
APEX2,4.168449704196442,3.900435501123168
NSMCE1,5.803100778890225,5.781994662195394
CCDC126,2.753928360104508,4.542789089190242
RAB3B,2.3098628001577794,1.4794766845415266
OR6F1,0.2188678164146008,-0.06573555434985993
CD2BP2,5.7044584593552194,5.799198897531122
RGS14,1.8569694729308661,3.82398912018116
TBC1D10B,4.631835727016378,4.881933948649463
LMAN2,7.401806767042354,8.052053928314931
RAB24,4.238929803044801,4.79991083655327
PRELID1,7.806016366253701,7.412306918279552
THBS3,2.2425167216563513,5.518127839326098
CA5B,1.727583279130748,3.200637213511628
EFNA1,1.9664417201964741,3.6001792032763746
CXCL10,0.04769925040261436,0.9574423811078785
SH3TC2,1.0127714471796452,2.309514629844534
CXCL11,-0.38553801235126717,1.0093732583758146
ZRSR2,3.2164826750586024,3.5713363875494673
NMD3,5.598004251699051,5.301285955190828
ADRB2,2.9788932019502434,1.4034354510266405
B3GALNT1,2.435472169370541,4.17953215787946
GPRIN1,2.5312155287223037,2.756849532836673
HSPB3,-0.20608991705007873,3.16343521652313
KCNAB1,0.44971863846987997,0.9052574450741029
MRPL1,5.173618342377722,4.2813965590635705
NR0B1,0.251660858754638,0.49538893141432
PGM2,4.852308175104693,4.5616113250328505
STK32A,0.2970001982677959,1.3047703812477465
IL1RAPL1,1.065968839831314,0.22375435729146054
C22orf15,0.1942999130264448,0.44530597865867205
SLC33A1,4.486663967265386,4.80320654087579
SNUPN,4.171202996794595,4.822677081166563
CRADD,3.9625864963579867,3.560636782928874
SIN3A,4.218108643752537,4.861048338427878
ARL13B,3.5835412770356965,3.929247788492139
ELSPBP1,0.4460579274170522,0.5517482282338151
PTK2,5.942896380416282,6.189615390243393
PTAFR,0.5972207110428325,0.00622792227509214
PTPN9,3.8108741171648752,4.806974919976628
NPR1,0.5593089689331339,-0.02740182957433382
KCNK9,0.6797015041298948,0.0039118630432269375
SCN9A,1.4036726057512843,1.5727413833416997
RASSF6,0.24250178140046896,0.14407978992022002
COL22A1,-1.0543072312329556,2.018903800148059
SDC2,2.2936056202861987,8.934895064549856
CD52,0.607774734179573,0.2894139818762282
MMGT1,4.3745947760179025,5.084469977971401
SPRR1B,0.500744713603214,-0.18802481963806256
TM2D2,5.165361136162406,6.066359990237455
PLEKHA2,3.9315971341580362,4.449559197384438
CLIC4,7.694051757772807,8.174834300946822
SLC38A11,0.09430805205840587,0.3546381116297096
GPR183,0.7645445559134609,0.4067545179616483
CRCT1,0.48566275657684643,-0.23231650255458722
CCDC8,-0.21991141146356552,0.8556032073184157
ZNF280A,0.4101458336459033,0.04542576545528659
MUC15,1.4034741376659197,0.40568292403903955
ZEB2,3.1197862386768493,4.991167938098877
GJB1,-0.06783110445130748,0.20906252014437662
PCBP1,7.914316619000783,7.414485520627472
HINT1,8.959458724022628,9.312997981346253
DTWD2,1.5485097011673372,2.6969990075373866
CLIC3,1.0676627078476861,2.2923443028192945
INO80E,5.86451107870721,5.142329981376854
BNC1,1.4482029939670455,-0.29251424659981423
DFFB,2.1795488930764106,2.396088536683553
NFU1,5.972757574972978,5.363946332907647
ANTXR1,4.797554779396297,6.2421916138834375
CKAP2L,4.82178332983794,4.345126690292403
C15orf40,4.915476832052584,4.667864820192724
APLF,1.0841676147286456,1.753720112462541
RGPD8,1.3179104019314019,1.7117338832095583
HIC2,1.4318331061667433,1.3240403095320636
LUZP1,3.6735203447747633,4.348713275323271
BUB1,5.65170309052585,5.235530933660981
SPNS1,4.606365780067283,5.082732242469668
LRRC45,3.5260106411068577,3.592156177320863
CHRNA5,3.440457078724519,3.613273492045952
AGPAT2,4.810470079213927,5.088607390427959
ASPSCR1,4.318429301741057,4.512013116838927
FASN,6.113311516696282,5.931645371185892
CNBP,8.583869564921683,8.11144740970384
MT1E,9.986452877539719,2.7990837212819635
DUS1L,5.698005956151672,5.9632670104125864
GPS1,6.180254595144762,6.328381429598086
RFNG,4.01719495675775,5.045159797861497
DCXR,6.2185609264018025,6.333333979670632
ZNF32,4.007369562231927,4.5405801788023785
LDB2,2.021201318994605,1.9342055997433232
RAC3,3.776474822936374,3.4661813407080584
NRG4,0.7575212035820165,0.49157686956849134
LIMS1,5.731982344639047,5.4097094319328525
NLGN1,0.4167420994191593,3.44012131249673
TAPT1,3.1322993559166177,4.279716865867243
UGP2,6.047043890072208,6.699680690241299
TAS2R1,0.09119971003395909,0.05210803408192004
LINGO1,0.011085538078699608,0.542174515588858
HNRNPF,7.7376187659716,7.049687539886965
BTD,4.191070454674343,4.649361594722209
CSGALNACT2,3.753699953809205,4.4811011918728845
TACR3,0.14842496116327109,-0.04855116495359757
PCDH7,1.974973833435047,1.9561172826259374
ROBO1,4.273740625085888,5.066013547262122
ONECUT1,0.5348965686898095,0.5570408497147785
AVEN,3.9752230481059128,4.181084407177892
P2RY1,-0.13413045066791174,1.173056164205574
CTNND2,-0.5719984474734434,2.0963461649959916
TRIM56,2.903451981393167,4.696395030409597
WNT10B,0.8486907874146644,0.7759855644114335
CALML6,-0.06307703328371256,0.41930713255365004
REPS2,1.0995105681726633,0.9235189804796515
SYAP1,4.382762831273444,4.708538949781491
ITGAM,0.15217870928202243,0.30510124732244975
TPST1,4.806413681725877,6.043691087763419
TM4SF4,0.0076303270116200445,0.21605014914822562
TOR1AIP2,3.9640683728175206,4.426820494532461
TM4SF1,7.600316833206453,7.27694889302467
OTUD3,2.681949214618086,2.5718986220431654
GUSB,5.611035960892366,6.908977528319803
BRD3,2.646279799005073,3.9398832843413487
KLF13,3.107435724623034,4.29380831666988
FRMPD4,-0.05062955318621554,0.9290850542093074
ZFPM2,1.0301428371363592,0.8846134855434905
ZNF764,2.2263327448410557,2.7371772182380556
ZNF747,2.2289490376346746,2.4120534220958585
ZNF768,4.369070374027747,4.4062173814390455
TMEM42,3.270581972226016,4.616849222528701
MAP3K2,3.023327500885174,3.9677001604218414
PUSL1,4.422608000606531,3.3204497822793053
SF3B5,7.077756855378023,6.911876581240479
ZNF35,2.877182459170429,3.0381676990702604
TIGD4,0.04844594541165198,0.8388534809848054
IFFO2,3.1187217564376892,4.045474138261138
NLGN2,3.4157174783794186,4.8641664047324635
MYO7B,0.3160717556368916,0.6044777423296437
CHD3,5.332010200449465,6.431663895499723
TMEM154,1.9893883937487726,1.9812374904010106
MYRIP,0.13739981058451123,0.18554478035153463
ALCAM,5.360222015215312,7.177599258378837
YWHAG,6.750980118956557,7.948221301331292
UBE2E3,6.942800204588445,6.683799036293041
CNTROB,4.941865922602648,5.242234857442095
TRAPPC1,7.568900449722342,7.513381121190289
ZPLD1,-0.26906534837004903,0.5511118107417836
KCNAB3,1.4228744144830165,1.880864743086439
SERPINA9,0.24457034841021252,0.06391072815171302
FAM153A,0.18990237460465967,0.04423869437749353
GPR37L1,-0.4660753082490864,0.6326989636380025
TMEM192,3.4314693425632874,4.230872154621476
SPDYE5,0.02276226314770502,0.6515454793880522
SERPINA6,0.3756606729296749,0.30149828334525675
ZNF778,1.927207481440968,2.7058383908133545
NIPA1,3.2788831643894403,4.246303926100771
FOXD4,0.4497847848366523,0.5785573569615216
UBE2E1,6.749793185838415,6.79636082304796
HNRNPA3,8.648922651094985,8.18978875494467
SIK2,2.6428511754454576,3.6289394252935674
RNF150,-0.3314924109204791,3.5545676303130502
CCDC144A,-0.25510618234533544,1.262027740105236
VGLL2,0.15325899157136397,0.6098902723126381
HOXD4,0.2351072098624214,1.5750014917870874
CHRNB1,2.7871502364201612,4.0843100132024635
USP38,3.3244661283594636,3.8785211672074973
SLC16A5,0.6946443411334913,-0.0786416012667972
NANP,3.003156504065712,3.1231568036505166
ADRA1B,0.8670795252924902,2.0017903973719555
FABP6,0.8595796025240388,0.7068220889649738
PWWP2A,2.8420254939646497,4.080548572981654
USP50,0.6933382673526927,1.1364735252248694
USP47,5.150851518298893,5.251528172563883
PDCD6IP,6.675436837195206,7.060482264773717
ZNF212,2.6933726596402052,3.6228887817680184
MRAP,0.194663005397934,0.41857730642548385
FAM161A,2.4208786156305906,2.4740608731201164
ZNF282,2.903765391952244,4.468470520700901
GLB1,4.944980848905005,6.532611687492928
CRTAP,7.260540141321041,8.276344099013526
HSPB2,-1.578137686876142,2.622220711317338
SLN,0.03931816265046878,0.6503178917034619
CMTM8,1.0601548743536824,2.519759153630459
GABARAP,8.152520286512122,8.781108186399285
LGALS9B,0.6263786167107958,-0.15266619319561683
STX8,5.25707572832458,5.164137628727681
CDK1,7.282809279651055,6.174854580366352
UBB,10.327108466358466,10.722294935552707
NFRKB,3.097548678397305,3.6427008656081696
FABP4,0.9105898175773992,0.5385579614146658
PRDM10,1.8387451707933327,2.259178368497343
B3GNT2,3.744877642290636,3.9629623382801507
FOS,3.7593251422016154,6.906537226208759
TMED10,8.36653811767289,8.177861657403943
SETMAR,2.9043645035815064,4.138618422591467
SMAD1,2.734490940345359,4.3401756754134615
CST2,0.18976236155942586,0.19687986714902642
EMX2,0.7853415176112387,0.5642332093531799
CST1,0.5767188452149805,0.476401061367165
SEMA3E,0.6928882876053621,0.8230039649077343
LRRN2,-0.426331559914647,1.3871659444312296
SLC30A1,3.3081308222500354,4.2584066015330695
DCLK2,1.1541366063827185,3.759151108566601
ZNF804A,1.7343756783234927,0.9419507567590424
GPRC5C,2.7414477526283045,3.1822078246294527
TMEM182,2.9230824398548934,2.5537448367257274
VSTM2A,-0.04958956474800603,0.1126737562961801
KRT8,7.061811597369687,3.9103815393219996
KRT78,0.1478849349521836,0.18800568569984571
ADORA2B,6.515711315835404,3.297242716255763
MGMT,0.9820943061019334,1.5592240374306785
KRT86,2.05671622907427,0.5454398924538013
NFXL1,3.2426778935624347,2.796467953414662
KRT75,0.41991542106373864,0.5702387838866948
DENND5B,2.691223909381196,3.2225046564709983
CD14,0.36650358684859224,0.8392127210218496
DNAJC18,3.0184038640981625,3.865823100104733
SPATA24,2.7699960083957853,2.630627338019991
RALGAPB,4.355678761488752,4.587147722019745
KRT4,-0.5614373990724388,0.9412224336732189
NPAS2,4.321848471114792,2.9347908688053783
KISS1,0.9841164220081271,0.5216685002366497
LONRF2,-0.07443194268487785,2.02998139974156
NUDT9,4.500296484735623,5.036986763401006
PA2G4,8.313449841961456,7.068277925967785
COX7B2,1.189790125235039,0.22692718708740806
ELOVL6,3.8403963007929427,3.9275005728198193
KRT83,0.395707056333056,-0.08242936572165861
PFKFB3,4.352301415857842,4.690404585832181
TMC7,1.2109647999461077,1.2158701313266735
ARL6IP1,8.140892783995218,8.662563341866646
SERPINB9,0.39501810969143647,0.15340401356860894
SMAGP,4.550853390901507,3.807958571402447
IRX1,-0.018806253093283765,2.022228652331441
CDH2,3.7284365803024477,7.644770108435873
IRX2,0.409350061668909,0.5549678428055144
EMB,1.6976451382508617,0.4951707936270841
SIX2,0.3079505935262919,0.22226943137626431
DLGAP1,0.06603320215534697,0.446860173986549
STAT2,3.88066547753756,6.054174581477183
NUDCD2,4.748347753520532,4.931227089159596
IRF2BP1,3.080009832222534,4.019330493302269
HSPA4,7.035355074416317,6.736626165679161
FOXA3,0.19912398569668988,0.357043990302231
COMMD5,5.032275372253268,5.092867974287201
SGCD,0.27247298497258843,2.2850423347838813
GTSF1,2.0931776717545874,-0.3671713734872758
ZNF16,2.6979778012617333,2.731432400796049
ARMC10,5.141327746556264,5.555865381845952
RNF34,5.179778002247828,5.410217495610125
ACYP2,3.001029037320282,4.264871717932088
TRABD,4.33238319164377,3.7177891183703693
ATF7,3.9178415015221644,4.4466906102074955
SOCS6,3.825139828882836,3.7216656111884183
ZNF296,0.27096811027980583,0.43914909826924386
HOXB9,2.1601189457881964,2.396143093332509
TTLL6,0.09179511950361374,0.6452984088247189
POLH,2.8485114436421153,3.8033296030565413
SYT9,0.2166077905960711,-0.045813149378692394
KCNS3,1.2936294609873236,2.126804060075665
KIF5B,5.8759049124721345,5.841556046335299
GPR37,1.0350340392252035,0.914955571325503
AKAP13,3.4333633255050575,4.420947560801713
CDCA4,5.635286893637602,4.201651615434095
SDR16C5,0.04959088448428565,0.038390170137854444
CHCHD7,5.663366706911965,5.120732580677597
HTRA3,0.9963564630511681,1.4366783316626703
FOXN2,3.3066599981530334,3.4497438055157237
USP32,4.211541185091829,4.620041546735778
CEL,0.3071820979890928,0.8131843083727885
PPM1D,2.648553472256195,3.4588167749951135
GPR27,-0.06018040569705996,0.5457537043171994
PSG6,0.6973685469773061,-0.1289014906150341
KBTBD2,4.626415348555569,5.72743448289922
TRIAP1,5.922905976555329,5.5972753666339194
LSM3,4.8706049179116855,4.469107087108342
KIAA0232,2.5191956977683163,4.156205034632561
MTSS1,0.49636437496868846,1.691257201028072
TMEM43,5.688884951239503,6.439483232162728
RNF139,4.48972017600654,4.513032757751335
RPS9,10.435571939118889,9.328101171047667
CYTL1,1.4315263320283131,3.2782668981378817
TSEN34,5.13776851153627,5.368811978805144
GSTA4,2.1502516272740992,5.051476775285837
NDUFA3,6.250715313763561,6.426558646089342
OSCAR,1.3516776249538687,-0.024876193879376785
PAQR8,1.5908707242219484,3.0658483248850397
NUDT6,3.6155398731007145,3.943652144540886
TANC2,3.1819434404453357,4.211921779425734
TEX13B,0.5406731970838458,-0.20253497360434805
DNAJC24,4.089151583079249,4.35968306714113
ZNF160,3.1216519626302963,3.7483280409218267
ZNF415,1.1955257351214492,2.7564607731851947
DCDC1,-0.0008986483505976639,0.32336386579895554
HAS2,2.1633787743749466,2.5432448480022525
PDGFD,1.1056666084015179,2.342382371164597
PLAC1,2.0148661570215123,0.21676176973682482
S1PR1,2.5797655233836623,1.762044185351417
HS6ST2,0.07057153158115104,1.7937442684184037
PYGO1,1.416631986007401,3.248718441502959
LRRC8E,2.8907789469609364,1.9157101467908197
PKIA,2.356875757713489,2.8027580526972047
XKR6,0.6823284273302759,2.480316607660863
TSNARE1,2.0431529164382876,2.393503451962141
FPR2,0.2968039133609954,0.22821555621633896
FPR1,2.1743323807743313,0.6008156954060356
FEZ2,5.501923652956371,6.150895300894911
SOX7,1.5363075168619393,0.5773082472552189
C11orf24,5.503614782390336,5.913048738366239
ALK,0.12511379861889,0.4989678440426567
MTM1,2.395021153783337,3.3612458076617227
TRMT61B,4.05267633498728,3.9255071014164638
INSR,1.3788402809651332,2.14738409228053
MFN1,4.650576925356355,5.313554082178648
HSFX1,0.1638341657570953,0.6276289376579796
NRTN,-0.08196698899821092,0.530703928633275
KCNMB3,0.4447569288732538,1.6583895826139754
FUT3,0.5092511162819082,-0.12474186727558723
KCNG3,-0.034561143182541026,0.37745071917671846
ATP6V0E2,3.54252423429876,6.02307888519028
PRKCE,3.034438570690602,2.5733020653014047
JAGN1,5.446047933998179,5.360104037213892
TADA3,5.969410564257278,6.4901397510582015
SOCS5,4.130076967748491,4.420781044108856
C1GALT1C1,5.230646268440508,6.106410062170444
MORN4,3.0858778367315765,3.4267763811815386
ZNF672,3.191588995505991,3.724017814422163
ZNF692,4.307023144450781,4.848589045433172
NAIF1,2.917404096772068,3.0194792277779827
RBKS,2.0023603145580493,2.042404137063088
MUC7,0.09845930894002217,0.028140391040914644
SMR3B,-0.011958475340269059,0.1791258639157126
TMEM126A,6.164113127311442,5.5540971094530605
TMEM126B,6.663609540662994,6.097452439798498
TRIM8,4.885932762621934,4.766187990718906
NETO2,5.376249993951432,3.426195269179586
CLDN20,0.12320380902272873,0.5003260093839252
CDC42BPG,0.4224482148135318,0.6193504076121543
SCAND1,6.275671610772342,6.192446766562107
JUNB,4.930159202587968,5.734565982335062
TMEM37,0.5340831633908316,1.11469054368871
UGT2B7,0.35823708398297016,0.15165752138600094
LRG1,0.34149869303071234,0.08790921813037289
SHCBP1,5.1682153139745655,5.429678730702977
SOSTDC1,0.6220269187496279,0.8060143173809928
NPTX1,2.270152306769076,1.1727158925109207
FAM98B,4.438979125458483,4.697770893067255
ZNF439,1.2118793827006493,2.9727307681111896
ZNF440,2.1685273568104906,2.6298481983027022
GAA,3.7590618920314505,6.195656212210747
CANT1,5.179504000124147,6.051054348613271
KCNK3,0.2668113990047547,0.3558801649172157
ZDHHC16,5.557912683536348,4.964764470712866
CHST11,3.123536033218922,3.7154100424007086
EXOSC1,6.0647263651896335,4.996432026481722
PGAM1,9.235569544775265,8.528359122113214
CHD7,1.5950950821204883,2.229620574934271
ESCO2,3.4441513177154905,3.8317419569636106
KRT19,1.7821650419474802,1.2561630348145902
KRT15,2.3786583391690153,1.7048657431293512
CLCN5,1.5299980312948442,2.0523530770826475
TPPP,0.10044371137759,1.173769098653258
KCND3,-0.5227561260607757,0.7618864251835914
APLN,2.2970844247780238,2.252075447608066
KRT13,0.18859780137948987,0.5883715395048281
XAGE3,0.16820037591689874,0.13859661666117934
KRT9,-0.07082619850767086,0.3107063404990924
XAGE5,0.03475407365272488,0.03288974410690321
PDE7B,0.8001956613665946,1.064631599250476
MRPL36,6.990247451513492,6.052267372933242
ZNF581,4.07110884205852,3.391456615019939
NAT1,2.5647602737542625,2.340716390499257
KRT20,0.11185078285118684,0.11245799076093316
KSR2,0.009955256954571765,0.21522475760232906
ZNF524,2.9189684649361207,3.25326271149573
MCC,1.3700689865905538,3.5220738595021857
ZBTB26,2.320559490805943,3.129796761608853
CDK5R2,1.056047361400592,0.3328770457844522
DSEL,2.3991632307763586,2.8364605184575216
POLR1C,5.630943087118399,5.029653937867812
ASXL1,4.966044386518838,5.651095623195526
DLK2,1.6068993205454107,0.825166535825853
ZNF562,2.288086024007052,3.5994900745436382
ZNF318,2.6299342902161653,3.561402677184107
ZNF561,4.044137155347873,4.946455556502725
WIPF2,3.467790710877246,4.421311793394992
HOPX,3.393669284212649,1.2762953137217325
LRRC8C,2.8519812222366614,2.285331138637624
RSL1D1,7.2682174856189565,6.539625345139131
LRRC8D,4.690156703267857,5.0688782920857145
PPID,5.019720570604886,4.945361893100018
COL24A1,-0.09417379403310294,0.6409151087131175
ETFDH,3.901353019725607,4.41635309392702
RXFP1,0.11865641196099819,0.19061291654135254
LPAR3,0.21353770116852688,0.2808629381678398
PTGER4,2.5692077066265315,2.2160169921046258
TBCA,8.322747727688288,8.328786369438841
MAP6,-0.3611624098090467,2.5367648893283405
BCL2L1,6.001136925774989,6.10152534817248
FGG,0.3298287483246639,0.16135623390328802
PLRG1,6.5631413109400905,6.462493837851669
ZNF584,3.2156200759132165,3.772731786061271
DSCAM,0.29774014321607195,-0.042050110494197046
CLSTN1,5.466330374255573,6.304623962580569
CXXC5,3.5015961808709064,7.444127456513509
ZNF274,3.6949103821535867,3.691146168220484
PIK3CD,3.563974799401527,1.8460281066047304
SLC25A33,2.193252166115567,1.865620075645076
ENC1,4.95338038756117,6.112390292790281
SPSB1,3.6831028628179903,3.4886603818072506
P2RY6,0.651650202770414,1.1389859343577264
BPTF,4.543976071077569,5.105404768535882
S100Z,0.4673245601588812,0.405617815940592
ZIK1,1.2731717112804077,3.408465486918634
PLEKHG5,2.535529785076754,3.517343037528045
ATF7IP,3.7619543968176297,4.243431838724913
RGS19,4.290566042637275,3.4784428815328914
TCEA2,5.135671543479386,5.582339020871699
ANO5,0.24295719152381534,0.8132532615614573
HDAC3,6.088441200297735,6.479325639345083
GPHN,3.853488926929428,2.196981028962883
VAT1L,3.08016861961226,0.9381101202888608
TMEM51,3.8235549395437953,2.7909898641438846
CAMTA1,6.37580949942108,6.036681960856798
LGALS4,0.3895418000467264,0.5634344818115666
LRRC34,0.9016536908934629,1.6362329095712231
GATM,1.114542782086926,1.4746680960840637
SLFNL1,0.48779496831988606,0.5114967437663644
BCL2,0.9290073874866086,2.326819438838489
KNDC1,0.7867987316323801,0.5122487035142409
COL8A2,-0.3869854488227211,3.1674910381705437
PWWP2B,2.051816019688203,1.4217484700918073
ZNF540,0.6170362633962126,0.918694139567838
ANGPTL7,-0.5080358457124764,0.717373587435537
FBXL14,2.424211517789793,2.9731908203432478
EXOSC10,5.382254250192435,5.407806666670894
ZNF570,1.208817993893963,2.653142483816263
NINJ2,0.22757326763511346,0.5683831217756945
MLLT3,1.3770033736944933,3.245682688858424
FAM90A1,0.15416971609627433,0.17265982142241976
RRM2,7.809968649020777,6.858454903375132
RPS21,11.096873162324968,9.457977703900946
C3AR1,1.0710496263615534,1.1543293117657272
PTEN,4.997192578437004,4.316212865785639
RPS7,10.716471699766634,9.359521574145665
PRND,-0.03377292103690488,0.42796454347567187
RNASEH1,4.27480598043242,4.661255399963332
PRNP,8.161189152690232,8.14646506164105
KLF17,0.28345904838645253,0.4488224427412707
ADRA1D,0.31253502285236456,1.9063004739769258
FRMD5,2.401533270630063,3.853612261576734
AQP4,-1.078704438500949,1.4604318985728817
CYP4F11,0.44677585169919026,1.0960407347387906
TLN2,2.8075434583433987,3.881978340399041
LGALS9C,0.6546903779437052,0.007457139772976351
FBXW10,0.13736153710131402,0.2691710575691112
ZNF217,4.417419060414135,4.945657075637494
SCG2,3.131011949613634,4.4730014067387
ATPAF2,4.176748197545876,4.050545993550207
FOXB1,0.32164815096772265,-0.12273981084463219
PPIH,6.559511656589313,5.933697749547051
ZNF57,1.7050972634614427,1.8103694371523578
JMJD1C,5.242437556331046,4.221586428543
SYNPO,3.6646301483915718,4.895810441910811
ZNF556,0.31051896142355184,0.29921975997082373
MAL,0.0830340164143491,0.5461269970146398
ZNF554,0.8617346985641752,1.740672126484251
RAB33B,2.142362108215076,3.0033839130384687
THOP1,6.02953726033566,6.118265867204927
REG3A,0.11608464912178645,0.028723056698653854
GAP43,-0.26006454847545313,3.332775860798069
REG1B,0.06154101235653215,0.015141905725478536
EPHX4,2.558727172717349,1.4406523961416644
LAMB2,6.543121340651289,8.639374653488558
USP19,3.994719914562915,4.800342489220012
ORMDL3,4.269690722350668,5.894189554410003
SERF1A,5.183446327313966,5.331785181456765
KLF11,1.9298382653597008,2.258628895101926
LRRC15,1.5140184274151425,2.4793117644044322
SMN1,6.032696225979129,5.511575306267503
EIF2AK3,3.6532572558034393,4.490472272232989
KRCC1,4.099953985962858,5.272943647656306
NME6,4.529750307440849,3.9046244082247754
CYCS,7.910777752218827,8.111622689282411
SLFN12,3.1463240126681598,3.881376814065093
CALB2,2.8543095395179328,0.7505246366714716
FRMD3,0.4143281206716156,2.0351067074564613
SNTB1,1.3133615082900736,2.79197378895503
MTBP,3.4265390464085614,3.1316150745750315
MRPL13,6.282153916471304,5.662682996469875
MALT1,3.073810803415499,5.464034404544133
PRL,0.14097418450919705,0.03349589669372586
ISG20,2.3394512945908574,2.2723976750197115
MBOAT1,1.6296280080862893,2.10927723292504
ID4,-1.3641768037158593,3.9469518275984408
CEBPB,5.433923809437027,4.401205466107629
PAIP1,6.530596882148004,6.462226356749247
CLEC7A,0.6230061840563905,0.7942507590458338
C5orf34,3.7983461225796926,3.3050697618287352
NEGR1,1.413643767408875,1.6982933600929788
ZNF131,4.9404426955535286,4.841604620348161
MACROD2,0.6948112249497513,0.5367403436730338
DPAGT1,5.894067065025035,5.434964230482389
BSG,8.913604962425145,9.759009130621271
HINFP,3.41720240926469,4.295664809859591
SPTLC3,2.936076420875348,2.697720593663119
TP53RK,3.9691414210157037,3.976193469770723
B3GALT1,0.027970176084351428,0.8006820597001372
CLEC12A,-0.011470775304232461,0.20964607482483225
BPGM,3.887593469030849,5.727764294368446
POP7,6.117219065359321,5.858590650856266
ALG14,2.4759091620983065,2.81229845659076
SUCLG2,5.455435647387358,5.238102023674768
STARD5,1.6780296183383747,2.479227073777268
CSDC2,0.30281771620571873,1.756618642373509
RCAN2,0.11743741223406468,2.656773558282822
IL16,0.2082540801862871,1.0262083906179633
GNB2,7.42662076450647,8.340471289087567
C2CD2L,2.327639366012284,3.2937840136053342
ARNT2,1.0583062192815094,4.595175143655171
GNG12,6.469067685833926,7.035408232608745
PRSS27,0.37000148749080286,1.5030059931328794
MYOZ2,0.1421518189694071,0.14626836018533015
SYNPO2,-0.23683624751775278,1.3012275509618465
DNAJB7,0.46601661950900963,0.20840629316946296
CLP1,4.445341191110438,3.9106492941958013
INSL5,-0.03679078607795302,0.1074659331715779
RSPH9,0.5472533723084284,0.5925512135588178
GTPBP2,5.556605850946623,5.788280868037474
FGGY,2.8625659218206057,3.0725543529786927
IL17D,0.689346611694277,3.0109861702468774
FUT9,-0.06026605112803546,0.16985738533185557
TCEAL1,4.641673777402813,5.114170172085908
ZNF24,3.888061404642214,4.901622203258034
MANEA,3.6082353720435063,4.118561597787298
RAB40A,0.6241482631408996,1.4308406216270675
AGXT,0.1294590598895204,-0.0022175135383160627
AFF1,2.4391358385844146,3.838095209176737
FIBP,6.484694308321388,6.242285941757499
CARNS1,-0.23833243541311883,0.6558810945173645
BANP,3.26337580883906,3.8578957793608737
PPP1CA,7.540616497458985,6.94587282191931
HCFC1,4.046974444561572,4.501607590868133
CTSW,0.4280099106806173,0.3875754144208179
NIPAL4,0.36536274680941594,0.6415819400780383
MUCL1,0.24995898603365294,0.030676958661570344
SNTG2,0.44154468197540675,-0.04817369915814895
PDE3A,0.4322491512055614,1.2944666086940622
RASGRP1,0.11153856308736587,0.4429241966746764
KLHL6,-0.009435640651313866,0.08544248831636803
CHCHD1,6.459448102898718,5.074510833491938
MRPL52,7.610016377974827,5.774411365498247
SMPDL3A,1.8648757586007074,3.4906143792594886
RND1,-0.13119571717607303,1.0244328375759757
RAD9A,4.144602065360294,4.009185573962133
EFEMP2,3.777997295058206,7.19665443675538
AGAP5,1.6951903140946156,1.6489015550923574
TMEM134,4.693072973363132,4.94043337914035
ZMAT3,2.6703040050423463,3.9396486653801595
ZNF738,3.2612917804754007,4.255220444414394
SLFN11,3.082037283832081,3.402568386223555
CORO1B,6.315133245533233,6.161397292262477
FUT10,2.1600385773770983,2.6290281868377
LRRC20,2.863447727765253,2.4607352920947205
MUS81,5.23447360330785,5.0115810915303705
PURG,-0.07766971775690867,1.059711753439966
TMEM217,0.4539240974773595,1.3295127039311891
ZNF596,1.026153970272187,3.0940199324451267
CFL1,10.729726347719978,10.327600722737959
TMCC1,2.598330230701845,3.723881729291916
NAA16,3.3845980481630185,3.4010446898609166
RAB43,2.618968992785604,4.062120900168584
HOXC5,0.8534264396826383,0.5466077996303316
RAB37,0.1846129511349794,0.8488258438430307
DCP2,3.502058668771993,3.675253428490185
SNX32,0.4079135763786863,1.3565229031825439
RPL38,10.316532912767254,9.618925586507439
CYP7B1,-0.07476121102898536,0.7685912701845119
OVOL1,0.1985954812961637,-0.046216723060838134
RARG,3.6609505133474896,4.858811420641907
CES3,0.6066595028245881,0.6096384009761411
SSH3,3.1736143727471475,3.3348164211414697
CES2,4.207885679178631,5.0971595215472405
PDP2,2.9237908270944186,3.362167535681417
SP3,5.266723263966028,5.7081524955978145
DMXL1,3.4293274068967143,3.998297564832575
ZNF621,2.969134660356459,4.02451119657952
EGFL7,1.8992771817040819,3.840765180509744
NADSYN1,4.569105870004496,5.075694751140654
DHCR7,6.138836670577678,5.72041212642096
NBEA,0.9396494852238347,2.474183441963608
RNASEH2C,5.473486450726488,4.990663763705198
MYEOV,4.304985643134653,1.4562022745892969
ANKRD13D,4.131308329000822,4.6312090955662315
MRGPRF,1.1282671707371246,1.8397094362388613
MYD88,3.630924958277239,5.1912284154162425
MRGPRD,0.1438827508488779,-0.011625615409413821
OXSR1,4.803715757886888,5.460924881850031
PHF8,2.5341784177295037,3.6719323591494883
LCLAT1,3.2335465520081863,3.4701618461692454
XKR3,0.22545089844543725,0.5065721847410216
KAT5,5.0643824531493395,5.0992835833616175
SH3RF3,1.4464636969208047,1.9249327564976213
GXYLT2,2.6984777405441602,3.56226738357022
HPSE2,0.10442649516248784,0.17302309845353508
DCAKD,3.753799587130999,4.879784734065349
ARPP21,-0.19427865809232087,0.7611403525413256
TADA2B,2.8708202116671497,3.5260787206910393
RELA,5.706919708599987,5.700901089099155
EVC2,0.293949204347241,1.002759749672838
ZNF680,2.5663491492614945,4.2514851363947
BNC2,2.0734104070098387,3.4165684896362416
HPSE,2.5066834685970525,2.143922639454148
COQ2,4.803636767554003,4.14745606307295
HSPA6,0.5323583015324382,0.745512766759971
TRMT112,8.66704395903657,7.538043212624663
LRRN3,-0.19037022051448282,2.576944957251178
KDM2A,4.749608115321252,5.116315026486877
ADCK5,3.0045697980801016,2.604375538543961
NOC3L,4.613468242885085,3.469358883830949
ESRRA,4.598896252735771,4.16704120504334
RHOD,0.8128247858751525,1.1695292858810604
ADAMTS20,0.34558352529317593,0.0037657397100564205
COMMD1,5.791884108622867,5.100196879163171
RAPH1,2.6244385471981686,4.120870613525866
MTX1,5.742611141703984,5.47661051018637
ADCY5,-0.24080701889767908,1.0949507748936158
PARP14,3.0201990951385183,4.964809102791682
CYSLTR1,0.1781633590228956,0.126686024638581
CKS1B,8.33681096234886,7.387548094760691
ABCD2,0.1470645215905885,0.20271797776901185
ABLIM3,4.799860097322024,3.4098080256552254
VANGL1,2.974218189293027,3.792331218957827
GLRX,6.458156550279997,6.229409031323215
IQCB1,3.690796474978075,4.387612927746609
SYT12,0.27886874144763263,1.214373192272962
GOLGB1,3.316836682729793,4.776586212248675
C11orf86,0.31686161880531066,0.06817162375729158
DMRT2,0.33586631457948163,0.3842416717767861
ZNF483,0.13008443058505426,1.5752048465173356
SLC2A14,-0.03483278530676184,0.349392046361848
GPR137,4.9958525317484925,5.2847284144024735
SNCG,1.991866020151968,1.4089524975924395
MMRN2,1.1822319719423544,0.6805088865780864
TNKS,2.665198855088146,4.191982373322416
ZNF449,1.9893382668082396,2.966753820538556
PPP1R3B,2.4386371353957417,2.7708764706012343
STOX2,-0.17104316460860935,1.0260362968514198
MAP3K11,4.8563301987673855,4.99148304620795
TRIB1,3.619503739268488,2.6662051523965795
KCNK7,0.30041285668184514,0.5274548034294442
SFT2D3,1.0567183946851284,2.0135702817341095
OLR1,1.938854076387916,0.12236812731483482
GLIPR1L1,-0.007609197543165053,0.24098664660970648
DAG1,4.607473360421598,7.0839049229364175
INSM1,0.025000157385481545,0.1333857178429126
DAB1,-0.01938280022602057,0.8676378186986101
ARV1,4.751067638320706,4.7369692194525586
NAA20,7.305974908061571,6.646327380233108
SAA1,2.128038895151835,1.6629694952523326
EHBP1L1,4.969043245427222,3.9287539456510303
THAP2,2.233479488568946,2.404123199065948
TMEM196,-0.07876097726817616,0.2624344876850222
RNF26,5.262777195140927,5.087659319668309
PPP1R14B,8.347161059576194,7.308982265471388
SMARCC1,4.844846492389982,5.164420163857408
ZNF417,1.6149101822058012,3.336470950551415
PTPRM,4.458963873010364,3.9722851459770157
FKBP2,6.439699034474858,6.300214605492716
VEGFB,5.93433199943339,5.543042877347707
TNFRSF10D,3.390109260366886,-0.20295060066202075
MST1,2.052072440613812,3.2627166164114
TNFRSF10C,0.282063813634215,0.653660413156886
GMPPB,4.078468354037969,4.499584513275179
ZNF622,5.276954434757195,4.643446504457607
CSPG4,2.5420011925099004,3.907995359008382
SNX33,3.108436918450587,4.01503775330559
CHD2,4.499006810610951,5.528516283417691
CCDC106,2.9545221305392424,3.704413703684971
SULT1B1,0.5026983633835526,-0.04153727542706112
NUDT4,4.14551009261131,6.1634324930947555
PC,3.3053337427813427,3.012270040876091
SCAI,1.6624807110170905,1.8634802738771226
NMNAT1,2.7667955427515607,3.3921816924973434
LRFN4,4.3163627419416635,4.190303315347198
SLC19A1,3.2465942955397327,4.6455734299852285
HSPB7,-0.7952739633291552,2.326309470093428
RCE1,4.397973824253057,3.937888928262882
UQCRH,9.257316690476669,8.93310861519032
TAS1R1,-0.18938234275601235,0.6434514580871904
EIF1AX,6.473532733534119,6.316679683321498
PSMD1,6.670934963384308,6.961963624183416
MUC13,0.6322523379697735,0.16989756673474274
SUSD5,0.8292805729735022,2.2696152173610615
HEG1,4.309196793534367,6.9600385657967685
TOMM20,6.5240335333912975,6.942275811054393
AGFG1,5.562894816230299,5.710568674141184
STAT5B,3.7217328862114893,4.69470987337133
CD7,0.39536064185830105,0.2331546730408996
CNP,5.058085615502732,6.57131214683896
JUP,2.600113563966062,2.9584148760908855
HAP1,-0.0944867356736867,1.0311836512235606
EIF1,9.841971745717693,9.19173454006636
RNF213,4.655218934409965,5.695060376481424
TIGD3,0.26027868967033463,0.47995427044897104
KCNH6,0.07352691130201006,0.13817992728882386
PLK3,3.4930731830899915,3.4027488344284142
NET1,4.73471435297989,3.232586002376623
DPY19L1,4.725915078493093,6.016938697980636
PHOSPHO1,0.5738139597734856,0.25147027450266446
ZNF791,2.8625357942088288,3.4812456603173145
PHC3,3.2941536965086837,4.60855539382483
GPR160,1.6512824350397861,1.2353623904564865
CBX2,2.947372861762514,3.1358138659659116
SPTBN2,1.9177227174250226,1.6793979218802142
GOLIM4,4.480389165249663,6.221364771925318
RBM4B,4.430363301697994,4.782326166843126
HOXB2,2.0690401251801505,3.8308386837725785
C1QTNF1,2.067283708060498,4.325860765452235
RBM4,6.828532035375403,7.325184991944675
UBXN2A,3.2108180716731387,3.712274945128796
TCAP,0.22466902229341068,0.8766652063862979
CCS,4.689571220959826,4.574076729029749
KLHL15,1.6831646890335858,2.9167897530315514
FBXO45,4.047907239592007,3.70223580115755
GNG5,7.678922101261373,6.950564261220471
SLC25A30,2.8095824085904466,3.99393470372415
CD34,0.14303827048516982,1.2542853569979564
CTSF,1.8206417511302946,5.536068276822756
MSRB3,3.599891781073975,4.79422966749728
LEMD3,3.452312648791828,4.012435833611713
TLR1,0.4653328015503876,1.9626820868629795
TLR6,1.5711754416674728,1.4884324342106212
FAM174A,3.623334665558084,4.901903017107453
RGMB,3.6057211287407847,3.7769200156295164
FAM53A,0.4781675988048857,0.6354362717604338
CYB561D1,2.4761709145902024,3.5066755583960036
ZDHHC24,2.88634529421303,3.4568012974539877
CTU2,3.8785934070350874,4.037443502047768
MGA,3.1315214839376146,3.53314660757908
ARL13A,0.1881499404126708,0.05569976443847391
PIGG,4.786714267447987,5.481197260341209
PRPF8,6.679228889654809,7.0514587322751865
ADCY6,2.6636271444430566,4.830240229068646
REP15,0.9873209518043053,1.655643818657736
PITPNA,4.585984083768507,5.571560094122111
DDX23,5.909679952791174,6.722260258877421
ZNHIT2,3.2100518338377757,2.873559156889306
ZBTB4,3.4823871527142893,4.975402878468943
TNK1,0.6793663795311925,0.8360276189829933
ZHX3,3.5088644472841084,3.8710967786518773
PHLDA3,4.821044056545794,4.908115947093186
SLC16A11,0.0694755542680843,0.31747788633620583
SLC16A13,2.2413444395585174,2.2600780207034608
GLIS1,0.9905597816772692,1.4599933512561352
CHRNA9,0.38131662231193486,1.3866799198686364
PODN,-0.148866530377965,0.8729527333340354
EXO1,4.437838040315075,4.036758262647991
RALGAPA1,2.831426691787935,3.1424067903102726
LIG4,2.884798878327285,3.8431541724938785
GTF2IRD2B,2.4358823324748418,4.73810049627899
ATP2A2,6.431851415230671,6.996854409363187
ZWILCH,5.23713432457627,5.024732324811747
RPL4,11.812896183663415,10.492055620726195
SNAPC5,5.2413387977985595,5.680372988064364
C12orf76,3.724324659949953,4.16444762176163
ZCCHC12,-0.14741543270116347,0.52255543363189
CNTNAP2,0.22869146646056276,0.421038844098903
LINGO2,0.33118452889600825,0.6233610749354754
BBS1,2.705965626197682,4.459884210740026
DENND4A,2.7287441517604663,3.0726638862140474
SLC26A9,-0.14064942063734295,0.37977736937192613
PELI3,2.772549620751888,2.7582562351900246
TMEM81,1.488012502225272,1.997561153439496
MRPL11,6.7483393738800945,5.32668097613298
IL20RB,2.581579723430786,1.345364171984373
GOLT1A,0.9773262854099574,0.1422080032802498
AKIRIN1,5.041319995716494,5.848573367249676
NPAS4,0.11762138855146212,0.4266077596488108
MSL2,3.3484656560039645,3.8209498116887706
ZNF497,0.6457936324492348,1.4312881659278216
TRAM1L1,1.2212573623725813,1.351859989149862
CMKLR1,0.37167464170131814,1.0740704852644327
ANGEL2,3.8996926179380265,4.759880421250359
UGT8,1.0367892418070108,2.0922506334934643
KY,0.28712860870781853,0.10819238734868285
IQCK,1.9836226334670617,3.047044576013564
SLCO2A1,0.3522345504702742,1.5346863104599406
ZNF266,3.312287914932186,4.2790972270014445
SLC29A2,1.0574134637795338,1.6276886690214352
BRSK2,0.8700561298490994,1.0667806898956915
TMEM167A,7.037379560239118,7.473081001414116
SH3PXD2B,2.070535714250632,4.848414359923322
LARP7,5.261262071749649,5.786331013528989
FGFBP3,0.7601863529414892,0.9571108340295754
NR1D2,4.114525596587343,5.185001175677392
PABPC5,0.07771624385453232,0.15901462020911405
BRMS1,5.97062501669673,5.3741938993380325
RPL15,11.248273320417157,9.964544001877115
HRAS,5.919279249570273,5.442276191898039
WDR49,-0.5586998268520903,0.7033149434650039
SRP72,6.7395497056143485,6.687321591137043
RIN1,4.362649156352886,3.8687741160076223
THAP6,3.2325556919513905,3.343926952342272
CEP135,2.8011134986260435,2.592949367624633
FZD4,1.6582769983795511,2.663439695449675
CD248,0.7824987954788212,0.9227344673272461
BTC,0.5270938075159921,1.2103904585077307
PDZK1,1.0023709574941693,1.850196771300372
PDE12,3.607668963633252,3.826577977675368
GLMN,4.436507088208204,3.1960932132068174
DNAH12,0.12514097020959372,0.1804620222871827
YIF1A,6.565501387154471,6.434536955380407
CNIH2,1.327453716287073,2.5337238534253252
NDUFA11,7.886751048469872,7.894388607829435
RSRC1,5.1863752130029,4.686636219465335
RAB1B,7.095686812738717,7.317421500627453
PTDSS2,4.2936291903366275,4.559386856501204
C3orf33,1.7871329923525254,2.2063832480090877
SEZ6L2,2.853905988045841,4.865683513139721
ASPHD1,3.0995649983808895,3.4294546863529725
KCTD13,3.2367903086947827,3.658761308386679
AMZ1,0.3928831555430299,0.849823732801166
FUT1,0.42929220150139213,0.3730697936601305
DHX36,5.8200522018219285,5.784740603895857
ZIC4,-0.19265750397649883,2.3463708429136156
FBXW8,2.4986079123254026,3.5423222992673957
KLC2,4.456746121939869,4.571104189752794
SLC22A1,0.27278437927398086,0.5147741210317833
CTBP2,5.090771955347968,4.619047561591744
CHST2,1.5932795084035631,3.219459892227159
ZDHHC14,2.112886721296004,3.1808622069919865
ATR,3.963314582904417,4.1269531172282194
UBE2C,8.749501676495706,7.181388938089992
GK5,3.0159834224107187,3.5971664286838516
VCPIP1,2.3199849984015897,2.708073905265801
DES,-0.3546434118561903,1.3820188041040038
PDIK1L,2.487703074705579,2.763187596030799
SPSB4,0.3239008456257859,0.5108674790825656
TRAF6,2.408322868022343,2.563816636568261
ZNF654,3.024776338241555,2.973923608755949
MRPS22,6.531285337884654,5.527706006699711
PACS1,4.3150998681656345,5.084040383699035
MARCKSL1,5.214519035815019,6.608393316964366
SH3BP5L,3.785953462511699,4.88698075655113
YPEL2,0.7434880511108105,2.2677643708386106
CADM2,0.14184701185278573,0.08459657519342581
ABO,0.039333055489354604,0.17783996610398067
PSMD2,8.817460312000934,8.691797882357678
PPM1E,0.14227213527154225,1.5738613404620003
FAM131A,2.8906096370668863,2.943068897562798
CSRP2,4.165274936217923,6.276574203293734
INHBC,0.2637885500576185,0.05730992635481068
PARL,6.021780550320214,5.393237960416497
DDIT3,5.641377409142611,5.4225666599355415
PCCA,2.814361034400802,3.4702754188829608
DCTN2,7.095565564873017,7.592445214228242
ZNF408,3.1308804016319853,3.4598538710694937
CTDSP2,5.782110977952715,6.6453903197585165
CKAP5,5.882766556616731,6.35998289055908
ARHGAP1,4.628479345347427,5.601861023903627
MED16,4.227726202831241,4.470516930654724
GAL3ST3,-0.2905740086807583,0.805414719458277
CHST1,0.6052354509442519,1.792522684151533
GOLGA8A,3.062280680849139,4.252138571151939
TP53I11,2.936813271472688,4.987580261305309
DOLK,3.9634854500587915,5.053786774683166
PHYHD1,0.2753193095154098,0.8737595817719259
CATSPER1,2.823835623213867,0.727523723822131
CCNE2,4.168634842527318,4.243588412811014
CST6,0.7110668212673923,0.43252684071648917
ZNF519,2.672706615850618,2.9649602081434963
LSM1,5.792928880978135,6.2921837719132325
BANF1,9.137956951824002,8.417366094243054
CHRNA7,1.1284177923688878,0.6857463477007614
TMEM9B,5.404317375313299,5.802796213299902
NRIP3,2.5370837597480222,1.9318968286813447
PTPN2,4.906403193467392,4.633014937949789
SCUBE2,-0.04186742962100953,1.520556782036114
EIF1AD,5.131157205428194,4.832205416308479
SMAD2,5.864774043613922,6.084262557145921
EIF3F,8.25727413197141,7.142021481226898
ZNF25,1.6465837987083984,2.6777932146450767
ARL10,1.0399496980134761,2.9325861607995676
CLTB,5.735958803056167,5.937732331296497
PCSK1,0.9027008106853128,1.7533738429127468
LPL,0.45022889784040854,2.203409379425672
RFESD,1.8496789091969048,2.2785646762005305
CCDC14,5.589092290032939,6.030936621128437
TBC1D10C,-0.13292213239388856,0.613061251038417
SART1,5.5850242695383505,4.846597338520997
PPP2R2D,4.426141848625499,3.818117143123126
MCTP1,2.471802701495418,2.2521035115300387
POLD4,6.283493661389178,6.0680615652229415
DPP10,-0.23660127068620318,0.28294121605522493
CLCF1,3.5223851444955274,4.51857977239327
LIPT2,1.656276726009849,1.648927169583825
KCNE3,0.28229843407034944,0.43205452141567374
CABP4,-0.15727456762182657,2.008115232946181
ALG10B,2.6574969848094048,2.5056347462143043
DRAP1,8.649165498789701,7.512106299506382
LONRF3,1.4025942477492883,0.9038149448859367
UCP3,0.6814800837336639,1.142944878895763
UCP2,4.323794301636505,4.047549676378875
C11orf68,5.96024928190739,5.286045457454968
PAAF1,4.159443746708163,4.252319645586241
MRPL48,5.361975291786104,5.1669083231006
RAB6A,5.947914748708633,6.64399915395602
P2RY2,0.5549641340035169,0.30495292986606526
FOSL1,8.072879601014147,5.431855463503692
ERCC4,2.7239742020942477,3.5028572752838434
CCDC85B,7.040231064961841,5.356685098948351
TMEM70,5.2739782111916265,5.4563700476080745
RPS6KB2,5.149907031521451,4.915042710475672
TOM1L2,2.8540573108339258,5.6078455007125685
ZNF77,1.74318173067972,2.186064421066359
GPR156,0.2974925200029249,1.2814741170155304
B3GNTL1,2.9549596760508576,2.675389993368242
MLXIP,3.189925530205907,4.077185040130378
NR2F1,3.82482707302807,5.81621130477044
AURKAIP1,7.44772900615401,6.292703801540194
TTLL11,1.4959314353011943,2.4524679402156204
TOMM5,7.486648242190412,7.896116924136432
SLC35E3,3.598949023812896,3.4921261909246315
PRIMA1,-0.2127294237946911,0.48684979877980095
ZNF169,1.1537839014503644,2.2504616742662513
RUVBL1,6.189191106862479,6.02751662524094
SFN,2.333764036036614,0.4077523923842056
MSRA,2.812409660680168,4.146494857540774
ETV4,4.665828821981582,2.30002119769599
BAIAP2,5.163229970004526,5.308961996092793
CALCB,0.1678048190288305,0.17295439299467494
CREG2,1.768967894492407,0.10243827109711867
HOXD8,0.8727279959259067,1.6890863117749364
ZDHHC21,1.3419440852023339,3.4329862490496064
PLEKHF2,3.442086251871133,3.5446249480093805
A2M,-2.330388306862701,4.844366534049876
ARL4D,3.638427598624263,4.598931015277708
DOK7,-0.15232839093518724,1.6443505885362517
LRRN1,-1.4669358716225698,3.855977324781115
UBE2O,3.800557222805428,3.972389763953296
ORAI3,3.5544891417917377,3.9087659735131397
KLHL38,0.22733510182880265,0.13988159275367315
UNC119B,3.8513060515385966,5.153106557313065
DENND2C,0.5540939839472946,0.7265451264763516
TUBB6,7.880396286864861,7.406196370062498
LYSMD3,4.102772346065327,4.625501102957121
AMIGO3,1.1709045171864267,1.6542538840990675
B3GALT6,3.9363551840337756,4.392714150554502
ZNF613,1.6883041227641704,2.4469532825321068
NUPR1,3.414188967150353,5.791584901523574
JAKMIP2,-0.2522924950775711,2.9921683498646825
MBLAC2,2.6190159765122476,2.8500417039688317
TPRN,2.9736739319446923,3.3225089569418014
SLC35A4,5.631280826166468,6.422611137464306
IP6K1,3.9649620408637394,4.893559064042174
SSNA1,6.3853010052551245,6.544376244297702
CSTF3,5.836997848695795,5.5584910208837774
YES1,5.267324345609187,5.144520957825171
CHMP6,4.145637317996031,4.54338542319717
UFSP1,1.4047130388744695,2.2038000476347035
MC5R,-0.022506525329740068,0.5718147459545728
TMEM39A,4.621416808183039,6.020680100010526
TCP11L1,3.104010058049676,3.6663510487110322
GPX2,0.2682624157707414,0.6258611957794077
CCDC57,3.087826939505996,4.213483764010291
FOXG1,3.4119693462747707,4.273616087708913
SPHK1,5.81812525750436,3.8621840421474207
BNIP3,6.346132702485325,5.3519936365717955
MYPOP,2.006975248379139,2.71771648576186
LRRTM4,-0.04947399089358859,0.4496533443060506
ATAD5,2.276220764378121,2.0368739790316726
ZNF404,1.247175010260938,2.3322717874587995
RTTN,3.1942006512694765,3.0108119456415205
OR51B6,0.24434725637266136,-0.08649091532362294
ACBD7,1.3464781130822576,2.1233389061445678
ANAPC2,4.284558497523987,5.431913553196749
ZBTB8OS,6.415949163157191,5.6648621533202235
ZNF135,0.0007230171090689685,1.546823246703792
OR4N2,-0.0869958006787963,0.15720664001354717
COX8A,9.107123647876437,8.840300308747494
ZSCAN2,3.0446831999897994,2.829885182190754
PRR18,0.07608539336500086,0.2470526171050385
B3GNT4,1.223708669269532,1.091221981123617
CDC26,5.813042728267151,5.754005800537957
HSD11B2,0.2572790280965601,0.4141660355881593
CRLF3,3.8526974823881015,3.536643109483608
RNPEP,5.464917928144516,5.906286393237606
EID2,4.643167261060552,4.664366570502939
DMRTA1,0.3977674900267254,0.9951064992916439
EID2B,2.0976186268394263,2.4761011693905863
GJC3,0.2943021526200634,0.24714373385677282
RIMS2,1.0934365605611094,0.24924906791159462
KCMF1,6.122780585778525,5.584800860734537
DNAJC30,2.3990753863143044,3.6160412508110706
SPRYD4,1.5094901929942295,1.4784192887659007
VPS37D,1.1993210531946803,2.2940124081124296
CLK2,4.2353195499316545,5.013921068762129
LPCAT4,4.843925701132312,5.045784471130537
SLCO3A1,2.563398299768287,4.364533517600115
ZNF575,0.4685538133170277,1.2393898361542104
WDR25,3.11369751844442,3.0371609877646137
DIRAS1,0.2775243811811978,3.9992969277921286
PHLDB3,2.236733246565578,2.9595356820331085
PRR15,0.42822783818087923,0.8749205187636664
GNG7,-0.18511053823920565,1.432137747543444
CNTD1,1.4064530716975154,1.33271237469378
KBTBD11,0.2953073104234062,0.3585117584296146
B3GNT5,3.8988813321468867,3.361563954413305
LMNB2,6.507005369224389,6.7219506856409135
MEX3C,4.439408712464072,5.091629505711016
RNF152,1.0529764772416408,1.4856855417976629
MYO1D,2.196611957219605,0.8185636821678504
FOXL1,2.6811963485363233,1.1698446649191157
LRRC37A,0.5295584371067735,1.2965423138065533
FOXC2,1.6115895292606681,1.6592950729423759
BDNF,4.016131244913235,3.358965368553305
CCDC121,1.3266060418521168,2.142739462390408
ACSF3,3.164608954342213,4.134532296993463
BOK,2.029456743242246,2.032134979114622
ZNF843,-0.016597348076775487,0.49149555042733645
PFN4,1.14777150933282,1.2741952775507746
MAGEB6,0.3317546143839821,0.22855095802264097
CDK5R1,1.7378002891257684,1.7682344052544225
TCERG1L,-0.1587684181500882,0.25108107371157695
NCKAP5,0.3207448423916812,0.8231862304525326
RUFY1,4.422913976380487,5.6735706897694715
BASP1,6.425652647633098,3.456782883671035
LRRC37A3,1.0522458171374311,3.074234237727823
VSIG10,4.00394959816066,3.5347135943841343
IRX5,1.0527931260002423,1.9301803540970275
METRNL,4.628464868838806,5.44601347807166
FAM91A1,5.055324034044833,5.094697443545595
WSB2,6.226416805311965,6.017723162825645
GRIN1,0.20855937308637612,0.12678625427480336
SOX11,0.9828134966118042,1.8986970367213483
TYMS,7.603360634212798,7.13389897844483
PXMP2,4.691285709880876,4.5063999476407535
TCEANC,0.6139987421859548,1.1635093337673317
PNMA1,5.342696282151807,5.336019999731115
MAMSTR,1.2328128676595926,1.463359294507091
ANKLE2,5.4467805946767776,5.607343595075104
C8G,0.2926190623227277,0.9006315586525773
FUT2,0.30494103221801955,0.8405007710360386
GCNT4,0.06830452128785441,0.8343615646154402
MUC20,-0.06984949193549339,0.9919450511192509
THAP4,4.736497715296731,4.646018119747121
NFATC2IP,4.650996687306814,5.144046372426265
LY6H,-0.37043123609523565,0.41992337651348205
FIBIN,0.2275539492080645,2.2109648030915086
FAM89B,4.9987470196784605,5.044951883720205
SHMT1,4.783902842700629,4.663759575386432
DPP7,5.137294850660401,6.676838595605777
SEC24C,5.126327192203653,5.413375933956739
FMR1NB,0.25645048550519334,0.08182608131604044
SMCR8,2.707629370348878,3.4742872400100913
MTHFR,1.4922982538910363,2.8615197136028585
C19orf18,0.2154098953947039,0.3215842806314512
DEAF1,3.8608356547693177,4.465464728021648
MTX3,3.220244915590171,4.063831230687301
TMEM80,3.1331872472134146,4.559863533299213
SIX5,2.962109793811213,4.178162100840096
FBXO46,2.4717033047976043,2.869349853929189
ZDHHC13,4.422077955661708,3.8636026983280285
SLC38A9,4.158314921983281,4.036356885527814
ACER2,0.23092282440722,0.8979627807589603
WDR73,4.217012500881271,4.943619425770631
POLE,4.5525347835831615,4.110766994297207
SCN4B,0.027984227640043713,1.5795184853395643
RHOG,5.695901323849214,5.233051380732875
EPS8L2,3.239981487553794,3.439018291014545
ZDHHC22,0.1531918364444112,0.17917422900322755
ANO6,4.74772149921948,5.393820604367014
ZBTB34,1.9045088751168557,2.4391784011371915
FAM9B,0.8483325970343866,-0.23469243683058302
TALDO1,7.530707400946603,7.374044881294545
ULK1,3.391399622895963,4.603150086297368
RIMKLA,-0.06764070823793139,0.5852354356690344
RPS6KA3,4.504665350770032,4.632278705979316
B3GNT8,-0.07278903695152983,0.387429355428953
PUS1,4.863789982371837,3.867901965940444
CHD9,3.549034594907199,4.578786870314252
OR2T33,0.5372270488881729,-0.12298235183667455
MAN1B1,5.448635261022955,6.911247029890079
DEFB103B,0.13296190297566773,-0.03529161137433364
FZD8,1.9430342666062264,2.9949972470596045
FBXO39,-0.1270255478097715,1.043072172233527
CLDN22,0.4400290188362187,0.4683872411585783
KCNA2,-0.08929128033177366,0.3764279267206564
TOP3A,3.740408413294012,4.241381728926809
CASKIN2,2.4019172212600255,3.8040007827252937
ZBTB38,5.343624754099192,4.619814115766142
BEND2,0.004216985381211874,0.04165165137365986
CCDC71,3.7969081558507374,4.070308756353478
LRRN4CL,0.15965470908976487,1.8159141316198095
TIMM22,3.5828493932559757,3.811202220937067
HIC1,2.0409005730434933,2.30395813430741
PPFIA3,2.783579043278268,2.8914163185678916
MAGEF1,4.841602568949111,5.897280931347917
SAMD9L,1.3032945356207444,4.895381982502783
PAWR,4.969597368907862,4.550034961624713
TGIF1,5.527886361439876,5.990939280282663
NAP1L5,2.0520723805182555,3.634011358089164
OR2T8,0.4980384297234413,0.01974723263328751
NR2C2,3.5692456096101384,4.779515885536864
GPR4,0.630535076375827,0.1703533966144312
ACOT4,0.8461550510322395,0.2070567334014815
ARIH2,5.789338571035367,6.102149418561405
RBM44,0.33801957371600944,0.40893785581172903
ZBTB33,3.2656485301085567,4.077912660887305
ZBED2,0.997181313900507,-0.16353853818535175
VCX2,1.366190559364139,-0.24190510952923028
IRX3,2.126806722506979,3.1451867824731705
RPRM,-0.46273329872558544,2.3184169985102794
SLC25A22,4.42567711357008,4.256042358362062
RABEP2,3.304754856698387,3.9983535878154495
ATOX1,7.6430932220063115,6.82542081934695
TBL1XR1,5.203130257707318,5.742748921054167
SAMD12,1.5065283947683095,0.8309727010323558
C18orf32,3.5178628431158825,3.824129248191221
ZNF491,0.09222107997317874,1.5457740045218327
RPLP2,10.867987340199736,9.342681267275857
JUN,6.383082269168428,6.523779092931725
CSTF2T,4.16457011684297,3.9642606517417773
PGBD5,0.15661994566812465,1.474917022647185
C12orf54,-0.09158316942096179,0.142578551002729
ACAD9,4.603050912343298,4.891425906682048
IL17RA,2.804364356141118,2.677302163252108
PNPLA2,4.494525048330538,5.742957326289108
AGTRAP,5.497766921678647,5.164475332228023
CD163L1,4.639792580802207,1.7381667937928542
SRRM3,1.8828136027615816,2.092352229153097
THAP5,4.106716068457261,4.985116085461798
MAGEB10,0.08917318983604611,0.003841239932677133
DNAJC28,1.0351888508399745,1.400944579276336
NAALADL2,0.3123479706032335,2.1041202796797154
CD151,8.4418240768481,9.740952478671362
POLR2L,7.760285051129951,7.988435016224737
FAM20C,6.397966360856962,6.9507705295242745
FLII,7.419789609377882,7.109242333614701
SOX12,3.4821016707743686,3.7363529138725626
HNRNPA0,5.183035939329251,5.314316677539489
KCNJ10,0.07571439558052293,0.23159984291350305
CHID1,5.928630163431749,6.705434788996127
ZNF620,0.8947846597184894,1.3252248422076038
ZNF518A,2.3973730415819343,2.200654478286932
TMEM187,2.64416846759456,2.856644626572534
ZNF619,1.630925497397686,1.7717305238801835
AP3S1,6.882996668609847,6.705371835809773
GRB2,5.6877807061322585,6.088796979419503
ZBTB41,2.1092816966768733,3.2700303329758627
UBE2N,7.470514628740176,7.084333634038734
ARL6IP6,5.6742762819812675,5.36053620100338
ZNF354C,0.7919412465972094,2.0380660409973084
MAMDC4,1.227581604372027,2.2741731654749997
BET1L,4.791324942564718,5.397509515245282
RPS27,11.706355643210328,10.798288787411812
RIC8A,6.508864687156864,6.653546162321447
IMP3,6.1554784950758785,5.869769673051336
ASB8,4.038579033617933,4.675080149041006
DPY19L2,2.176146847976358,2.50330408940607
GPR150,0.14801426444365162,0.32220228604486767
DMAP1,4.6141565832137195,5.017678568968669
ADAMTSL1,2.254837309209079,4.154838794164706
IMPDH2,8.367687572994766,6.40316263067999
ALS2CL,2.363318746540144,1.1469757312625541
MLF1,4.610167853080675,4.299504748430478
NDUFAF3,6.144557699068823,6.1817734409946095
C2orf69,3.985166783066999,3.5194479998938935
GRAMD1C,1.6605542593616083,1.6158543876818516
STAP2,2.8252610335845514,3.0354281578618263
TSSK6,0.6185192495416819,1.3508394149681484
BOLA1,2.783573765666854,3.490728517940344
PDE4DIP,4.096795921423732,6.200108961805979
DDX10,5.332164500822308,4.274488842632085
NDUFV2,7.3887685395346265,7.096802000432386
DALRD3,4.356494532829312,4.65719990247586
ZNF114,1.8961571025235882,0.2698394232615282
ZNF518B,1.5932481910930516,2.3452268747471408
SPINK6,0.6576495417708201,0.11177153033140022
ZNF366,0.05464176423723818,0.04381844028566858
LCORL,3.1537220669634,3.1792279318613494
PARD6G,1.1509731242133645,1.9645771130783514
ZNF454,-0.10870585590332882,0.6218434200832663
SH2B1,4.035123073516156,5.04353078877429
VN1R1,-0.02460066816587514,1.0933540458714524
PLEC,5.619937547611566,5.780822465684158
RNF212,0.4869840692885635,-0.0016696741970894657
PRSS36,0.5062881428495202,0.5523888754789301
ZNF543,1.0443227771345278,1.6458005125571276
TMEM151B,0.21083715415815954,0.5224361661436947
GALNT11,3.9576168830358873,5.6111354694835835
SLITRK1,0.016968796448547707,0.551059507250013
WDR6,6.309497993536829,6.534761370434961
GEN1,3.3203984931039523,3.7158472055374308
AQP11,1.3504651263185443,1.5876506031955597
TMEM11,5.584944388712172,5.3971387805276585
ZNF354B,2.3372540341739865,3.5922931254412025
SHISA3,0.174552372579852,1.3188834928243875
ZFAND2A,5.206506234866852,5.792876895996304
PLEKHM3,1.5732535504344844,2.128988574390133
ZNF223,1.437856551196643,2.7310497920127026
DNAJC22,2.546735896502914,3.916542675984013
NEUROG2,0.07596814973812546,0.18942957269959454
BEND3,1.070015182032714,1.4455590135090857
NT5DC1,4.05688900495987,4.015183327479019
GLDC,0.5223836213990211,2.0612538625061196
TUBAL3,0.33342955979566324,-0.061992929771166605
P4HTM,3.222423312053169,5.0624151523238625
UCN3,0.12398232382294844,-0.024626969794964614
DTX3,4.567089005734819,4.505866802015856
KLHL11,1.1462549597218543,1.8279734047941965
AMBN,-0.3372309883048985,0.3959505278207894
CTXN1,1.373873795606302,4.138616280897126
SLC25A20,3.4787131587382154,4.413148384968873
CA8,-1.126160577137436,2.2379761511290432
EPM2AIP1,2.723150548511854,4.002379377436148
ERBB4,-0.42476895468824266,0.8406285873715942
MAF,-0.23567800524627525,2.806064121472277
CTNNBIP1,4.052829306856997,3.634209224226739
OTOS,0.04695239440268817,0.1679952474192993
ERN1,1.5118126370892109,2.1310830156656246
GPR35,0.4716635653465051,0.6970701325901973
CSRNP3,0.054242061993387325,0.9768661366778967
ZNF713,0.6581323069382845,2.4644039829779407
PARP10,3.5043389673254493,5.386009739575544
SUZ12,4.617524984568146,5.066373573265474
NSUN3,2.897204878984237,3.2284089859476692
KCTD12,2.109411112478103,3.3866552558852527
RPP25,1.689753773117405,0.6091471152360028
GRINA,6.780696831276336,7.434517732145974
THBD,1.4632967389466636,0.5962131347982883
COX5A,7.802196788864702,7.727305486130727
STX19,0.09673829539221504,0.10024275841390942
ZHX2,1.3273479064261835,2.73236546185257
CPNE7,3.6335620508161437,0.9148436530423709
C5orf46,0.9721803226565089,3.3010032414049286
MPI,5.034917089152911,5.125973179754363
OPLAH,0.5076774234411234,1.6696296155789279
TMEM52,0.2555058945253334,0.27243361374357045
TMEM139,0.757100810916019,0.8434024876786143
MSC,2.212331108147471,2.6127381350476897
APOLD1,1.9479788817687773,2.7193419507609713
EXOSC4,5.4766478295232845,4.787000977713727
DPY19L3,3.142751536569441,4.46242121131376
TAF7,5.753099734212352,7.023100385669854
FOXE1,0.6710744570162235,-0.07020910313785927
PFAS,4.878686859313181,4.611421089313504
HYI,5.4295698301211965,4.4435761623669645
LGALS7B,0.060043349769514295,0.07509124455583412
ZNF552,1.7124220875259408,2.326522165014281
GAK,4.713890378671557,4.899834361564656
ZBTB7A,2.8727176778461754,3.522191342339975
TUFM,7.578888062649504,7.014846701286274
RMI1,4.029211286928169,4.05083937834711
FBXO34,3.7954740691636415,3.6644720963554973
EIF3K,8.121418793909806,7.819432710532718
MRFAP1L1,6.183412797005906,5.656172900150016
SNX18,3.426396374778392,4.769114422780518
AURKB,6.476907226874719,5.880598355279224
C14orf39,0.177203710556916,0.2796076849765798
MRFAP1,8.128992962089905,8.28779104439748
C3orf38,4.368078029223573,4.295452715356992
KLHDC7A,0.191778010824759,0.38557985334395956
TMEM107,3.814641223419679,4.271250269187663
RRS1,5.476974279923246,4.23338304645136
TRIML2,2.3840236258539127,0.11884671754744136
RCC2,5.901352909813951,5.840748720419086
C9orf50,-0.17095572392695435,0.5970550988908148
ZFP42,0.06695705667942893,0.05858522347694586
CCDC89,0.6626777311490761,1.8071299359682294
FAM133A,2.4492905953008988,0.38907116809508413
DPM3,5.781153430337343,6.481873705385093
CYC1,7.437523124358977,6.726922246415048
PER1,2.1269404592697385,3.5888228895186116
HTR1F,0.05711564072162108,0.2421267048285914
TMTC2,0.5392385779468918,2.7943410443218903
HES7,1.2965144622875866,0.27112640854858194
FARSA,6.2603705430932735,5.899345433359355
SPTY2D1,3.3998990895141823,3.8507923413498926
SAMD4B,5.877933751719012,6.653104616218072
ALOXE3,0.651691727369631,-0.01549863292422582
EDC3,4.838766113373074,5.64147886717542
FUCA1,4.071767378628296,4.821575618277845
GGN,0.365702565044782,1.028843813086807
ZNF664,5.254934953070385,6.230937228414207
CALR,9.590921660362616,10.47057802620619
MAGED1,5.964853784548011,8.336656210261342
LDLRAD3,3.012901560678534,2.893798664462226
CDH4,1.4774819655397384,2.831333903590064
RAD23A,6.359014321554537,6.292962900299864
GADD45GIP1,5.552281927531925,4.6488829534980125
DAND5,-0.12084962359133056,0.7552952112256301
TMEM151A,0.12395842339996443,0.5221788056355688
PTPN11,6.123320306950079,5.908847139249383
NSUN7,0.17741045691204738,0.8834143759743182
WSCD1,-0.02634350254293505,0.9528234434741322
CLK3,5.1398474678956525,5.534785110096432
HLA-DQB1,0.27036979056813815,0.8691411296629548
GATA2,2.6048731317179077,1.8583867117316974
ARID3B,1.9468779154910938,1.5603951931084217
TMEM31,-0.10090893023069014,0.570830518239624
PACS2,4.292535504615923,4.165489229518279
ELMOD2,3.7964272078190326,4.602219644952775
EGR3,-0.024257760389556515,1.2294421051766178
GPC5,0.3759817300605002,0.5003362398261948
VWA1,0.45295423699953474,3.653350244407683
GEMIN4,4.095519341295217,3.837842489328502
FJX1,4.876314372798782,3.357839492494518
KLHL28,2.2923260958041176,2.5223581883708968
MKRN3,2.4304352690395197,3.7243447172770945
C14orf28,1.574674983076801,1.5557702408416776
SHARPIN,5.351873766965786,5.255365285923569
LBX2,1.8862637306782917,0.6023537147513215
DNHD1,1.9877619127664858,2.450217398159071
SLITRK4,-0.11018476600277088,0.5817292710639674
HTR1D,0.839931686777245,1.1063956099342238
GCC1,2.7715610683946315,4.26080706062695
CIITA,1.075490376178113,1.5687412557625184
ZFPM1,0.8944846376602874,1.3060550723805093
PLD6,0.9651272636865005,2.2836289838337747
GRM8,0.2662970785489184,0.515858749597308
CDC42EP4,3.6170254435406064,4.935497400374179
ZBTB42,1.5622540404512197,1.5552990889235825
MAF1,6.199425726241014,5.828488606783845
RPRML,0.16182168845321088,0.21862236686483927
ARL14,1.3620827736292966,-0.16792464841584986
APOBEC3B,6.05119254085894,3.3693073964011084
PIPOX,-1.1588574097051019,3.5615648649567477
FOXS1,0.8557625420179853,0.7696811558654151
CDH5,-0.41485124974015364,1.2287763805454297
MRGPRX4,0.18853381168608147,-0.01690572303916621
MYADM,5.923510709550621,6.2203906558590925
SERTAD2,3.7569421785762596,4.315996517443664
AKAP5,0.5603279567457239,1.5483584169805698
GIPC3,0.14090797968926155,0.2556980186568263
CITED4,0.7161935532055362,1.6925985579208347
ABCA13,0.11597170404184198,1.2536944936866263
NLRP11,0.660384482234172,0.3950961099743171
TIGD5,1.7510792270217874,2.246752651035099
PDXDC1,4.883486927533842,6.297724869587945
ZNF154,-0.06671880024629973,0.7353337634228818
R3HDM2,3.860159937990172,4.599983511578802
B3GNT3,0.9455518169691437,-0.3036932204425838
NRXN1,0.21940192006912726,0.3136575843480992
SEPHS2,5.422352177074042,5.564167237167477
ZNF784,1.7888734310977856,2.4705454538945446
ZNF648,0.27263780615293853,0.007598488073527143
C14orf119,6.503931953045092,5.614404200455369
BBS10,3.5469031016359094,3.7783635212956352
FIZ1,2.824967252267793,3.3186127673912944
PUF60,6.879882225480569,7.013025111461495
SSC5D,0.5291107419688048,4.246056601812054
DCTPP1,5.80804056234396,5.724721428380259
ZNF771,2.584361955807295,2.6992521537882017
TSHZ1,2.0682515975056597,3.0794520606460054
PSTK,3.1805190007837574,2.258123616865628
SOCS4,4.044384094864333,3.591185379768173
OR1E1,-0.05025651993098474,0.08838612055092918
ZNF48,1.9848193739390192,2.719519009453733
NKX2-6,0.3515140158383564,-0.049730012644382995
WFDC11,-0.016344615968413113,0.08880405459812246
TMEM86B,1.9182991780634733,2.0774457215231927
TRNAU1AP,4.865742854331246,3.9503912806263206
EXOC3,4.738927783714977,5.118801716570005
LYNX1,-0.23858894778006645,2.660269270490258
TH,0.6319090509068539,0.3244083543520868
MED14,4.10717089803236,5.11981765947061
FAHD1,4.846081022693759,5.111318845508636
RCC1,6.6033729987165355,5.210186691102599
PRKRA,5.309204847642644,5.45299672908374
ZNRF2,2.83575843372122,3.7076882136474945
RRH,0.15436548790027813,0.240509593148462
SLC9A4,-0.0028440105461511878,0.31399015690993987
FGD6,2.130659008665638,1.351629126307144
PLD5,-0.05234565767239574,1.1989003678365004
OAZ2,6.255354033813892,7.038720631386015
PNPLA1,0.03354430331749602,0.09577775252078435
ALX1,0.16230401448996645,1.1172732973491755
CCDC43,4.664304713590817,4.79237993589735
KCTD4,1.0953903916850043,1.3291816915042949
FZD2,3.5105162102335394,3.9194973254484933
TIGD2,3.0887233224285358,2.3934435835429824
HCLS1,1.0623442558599816,0.3076556555365513
ZNF609,3.0228184279489803,3.8186305886454184
PAK2,5.215215699327452,5.578221113982838
CCDC66,3.4651941493934726,3.729172480383249
DEFB124,-0.003646872316519889,0.4291648541486778
MCFD2,6.853747156476041,7.035329539930433
HARBI1,2.5222951727396845,3.06580569087102
C11orf71,2.5768971908243246,2.2625138516395817
GAS1,0.6101051932765631,3.673524852235555
ZNF571,1.5377476934909982,1.8415426719515824
GLIPR1L2,0.11663280119055769,0.824332898905782
NRIP1,3.315721721858005,3.207055133486613
BHLHA15,-0.033140642569254225,0.4369829694558873
RNF182,2.1676327708962293,3.710616594225932
TSPYL5,0.3012462942918211,0.23762019541069532
GSX2,0.2885547442144699,0.33594562625330504
SSTR2,0.26786280316487576,0.35087637782883413
ZNF594,1.563610104069378,2.7505596327404587
PCGF5,4.745784641656883,4.531571702382895
SLC47A2,-1.1745203341821493,1.877972840845234
MAB21L1,0.24478052836745512,1.8386195789763384
YOD1,2.349218593393905,2.4855833869996515
TMEM64,3.346820832138063,5.062255451698708
CHRM4,0.24686891710364461,0.4861952370477673
SHISA2,0.7212455416084427,0.6193989644053371
S1PR5,1.1412655589986365,1.317976863073076
GPR157,1.8522222695226238,1.9068889530870643
SLC36A4,4.566637657548439,4.531500476891533
ZDHHC20,4.665615285181352,5.64510471439788
ANKRD30B,0.6319411648632942,1.366375417709203
ZFP3,-0.4065676741867362,1.775184530235905
ARSJ,2.8705100749713615,5.212064962223557
HOXC9,2.4805409665893783,2.1825732099646302
MAP3K15,0.13506487175145643,0.5343102301738849
PPA1,7.480149650656753,6.0927167394636434
HOXC10,3.399519024716864,3.97057613644878
PSMG4,4.42989491506702,4.895226014925668
BHLHE22,-0.03683812836210126,0.24939760131848554
MAP6D1,1.3435141764232856,1.7376473614461847
ZNF443,1.3917342384368874,1.891731471717516
GREM2,0.16912405027654975,1.1210736350488963
SSR4,8.106606517970993,8.529869483673814
CAPS2,1.3576962822667982,2.5091967251579788
ZNF792,1.3799485189159224,1.214992188935214
CUEDC1,4.324117588338331,5.818091926677123
SCRIB,4.819575471204246,4.6424787048219525
KCTD2,3.4317398180069105,4.5998083761717465
D2HGDH,2.5639050531688388,3.7980331345680822
OXTR,1.4719259677725471,3.116955620819497
FAM83H,0.7512617441940111,0.1871192645019006
ZNF572,0.5176399466733904,0.5720392422925946
PITPNB,5.935270255811106,5.943783490173312
TCEAL8,5.865970246402893,6.900780830848574
LRRC57,3.5467317338834676,3.7232359195608473
MRPL14,6.558230981263579,5.917611686563717
GPR137C,1.795385465569792,2.436735003232644
BBS12,1.144845767214993,2.1098970672229154
ZFP82,1.589103259551678,2.0397368688509125
NQO1,7.97494626812881,8.951033672939117
AEN,4.561908741781867,4.184966635280581
FKRP,3.3887429609365007,4.503728885965067
TRAPPC5,5.693327486877563,5.4422212389342
RPH3AL,1.0350305412209448,1.3585146324127726
SLC25A42,1.7416301882080778,3.030660568273205
FCRL6,0.1998800591374023,0.08863348525584175
SLC26A11,1.8597527633465796,3.7472345106776244
HIGD1A,7.801330797776395,8.171163114317958
CHRM2,0.3825553918758109,0.46096070369525044
MAPK15,0.23977216592799394,0.0862526330202901
EHMT1,4.299574612462481,5.044645432462077
F2R,4.730596004008787,6.564656645148429
ZNF707,3.040002902942562,3.49633236483025
MUC16,0.14227968452503265,0.035468722796282035
NPM1,11.528378843367943,10.250888672734822
PJA1,3.936206601901161,5.065933384572969
DHTKD1,3.2698545463932205,3.0712398216595505
PENK,0.14594879205028635,0.3352709639567494
ZNF746,2.294042421529742,3.8283260655927855
POLR2A,4.904530631661388,6.230597678952624
FRAT2,2.043396482176025,2.463697286265883
TMEM102,1.5376263754372206,1.5093711687979905
TMEM132E,-0.21133928173257854,0.26114034723277485
HEPHL1,0.16402213577407104,0.1403909971109677
DDX60L,2.9512025339154335,3.5075681724519416
AATK,-0.10082001607972357,0.9426899996713185
DDN,0.5008960706877924,0.3277341384262251
SAGE1,0.6440889647097234,0.10086398443269382
ZNF467,0.14874247840118582,0.7456606748196437
SOX2,-1.627585835237218,4.74141178985362
ZNF678,2.055381885371307,2.0416715919068626
TMEM45A,4.396167808501509,5.821290248056108
RAP2B,3.3670203362036957,3.0823992626444596
ZBTB2,3.8080585296975107,3.5567141593373774
RNF135,3.195506574762756,3.3738123964752402
ACBD4,2.0052813580315556,2.680116926407102
SGSH,3.967482171716929,4.904831158771332
MAB21L2,0.07047958359989581,0.5206665846366206
FANCB,2.7619747818517384,2.5220019589900002
SETD2,3.9918696566474994,4.641276667182523
TMIE,0.4161189585741975,0.307531597875017
MEX3D,3.88282557532457,4.60241527281598
OR52D1,0.4278234522671905,-0.11825455711754192
MRPS23,6.850980349052774,6.178351129609998
GPR135,1.1801066042267365,1.6065173393442127
TNFSF15,0.7452754362722541,0.04162160641498969
ZFP41,2.1725625979107814,3.141163993593315
PHLDA2,5.949164292842761,3.6141570413874304
ATG9B,0.6476783250670592,0.27701338978838647
GPR88,-0.03507712222714533,0.13615770051628998
PLAG1,1.7196966119733461,1.1806346161743744
YIPF6,4.159691532400537,5.2132136183274165
ZBTB20,-0.08033854261411677,1.6864841901266285
AMIGO1,0.049127131956806736,2.1125965158640567
GPR3,2.5748828975966127,1.8964487139221868
SIAH2,4.12345942008341,4.538344887536143
SLC9A9,1.4751369654426718,2.3940326023383007
LSM10,5.891318021864712,5.78006618668541
RELL1,2.8869337724540505,2.567242878111727
RFX7,2.0816631150104454,3.530099332934073
SLC35C1,3.7816122962825243,4.34598469404941
RNF41,4.3744273424375635,5.498833515612147
CLDN7,1.6222907493688354,0.7703833089580976
ZNF329,1.6366728296757758,2.625844997397564
ZNF101,2.6145687638329185,2.6990411689167035
OR4C6,0.010822475802863496,0.14575052431425492
C5orf24,4.8146563002477425,5.763051937933814
ADO,4.153507142437088,3.766029172711608
PRKAG1,5.6885272923868815,5.896209342302688
GINS3,4.186637747685404,3.9111874525274954
OR4A16,0.09731778025519039,0.053872110557701226
CCDC149,1.4711422493420743,3.6326097258918417
MRPS11,5.710284479269905,5.907618978792062
SNRPE,7.81642174104825,7.37269116126864
RTKN2,2.8525340473953618,2.5202465055626693
CHST15,2.1972791076679727,2.9883348272636576
MGAT4C,0.218933858814564,0.09998318434564148
IDH2,4.440265437160617,6.397083991248404
TNRC18,4.158633177436434,6.111704076223752
FAM181B,-0.2508706926277112,0.3265622948592874
TMEM30B,0.8668404194650062,-0.34963846314940117
DEXI,4.365646387142332,4.4860181782144055
ZNF716,0.28994844485868304,-0.004850247914429465
NOP10,7.909264879774927,7.641469155326137
FAM89A,2.7470940429009985,2.175210550856754
KCNIP1,-1.0063230074750396,1.775938627543512
TDRKH,2.4809223324049703,3.295041850105244
ZNF708,1.2013663665259044,2.76877881047478
MRPL41,6.363534333822813,6.19891331137433
CREB3L2,3.6277735456446942,5.338642675649274
P2RY8,0.22823196619374667,0.12327984099850946
UNC5C,0.43283623548268746,1.9353277535092874
TSEN54,3.8809026793640937,3.916375800026894
RGMA,-0.741721681338317,2.0502227366362833
UBA7,2.647727656879993,5.812467996347638
MRPS16,7.248108413415492,5.787615085582548
LDOC1,4.525630836900496,5.248489274408735
ARL6IP4,7.0043051598597454,6.956981191521453
EXT1,6.463355609615549,5.235882630185397
SHMT2,7.745988727508829,7.381594839749413
MOB2,4.1079222593247735,4.233669563343115
HHIPL1,-0.15439360020075427,0.9220406027634263
ATP6AP2,7.089608282179324,8.424601244780716
CYB5D1,2.9934576225825484,4.0851698536343735
FAM153B,0.12463368375978073,0.059598445392017016
BACE2,4.891351155041843,6.537439735853808
UBE2E2,3.532695910560843,4.508439970769839
SYNM,1.7302731219380494,3.770544944209568
KCNA4,-0.13851258443934036,0.18664244270538327
GABRG3,0.2782428830352084,0.17610156003397315
NLRP10,0.6091444487965358,0.24361393179701726
FIGN,1.2519115294690826,2.5382596245657183
B4GALNT4,1.2415931180648152,3.020134433536309
AP1S2,5.117457001219487,6.172223299482589
C8orf33,4.975638653423055,5.727914921897868
DCAF4L1,0.4071180080545,0.24847667583015515
ZSCAN22,1.156926631830784,1.6945894293375259
KCNJ14,1.1659088586929895,0.9141400252003324
FBXL6,4.502121797711832,3.8256540476237997
C1S,3.0173938214948306,6.9044557244211475
GLTPD2,0.14777580405257626,0.4433711208348321
KBTBD3,2.3116731136642787,1.9679191294676786
CLN8,2.90412586837836,4.028851308576382
PLCXD1,2.4294482590036925,4.01281709679895
NXPH4,2.5663444038863017,2.3257821057565886
CACNB4,-0.1505547874725599,1.9340492476853846
TRAPPC6B,4.055599961280049,3.961744103199532
PGBD4,1.066898323252219,1.666657431501901
NPLOC4,4.948137803704009,6.288396027768141
TEX19,1.1563101823006634,-0.12125256830549724
TSHZ2,-0.1611436751388753,2.0450216850405094
CAPN12,2.036007159943199,1.6809471645949328
EXOC7,4.700458505626448,6.391823357190292
KPNA2,8.267460419175954,8.070456855897836
XKRX,0.7192320698101757,0.1858443004335853
BGN,2.1716665016862464,5.686690325000379
CEP97,2.407705788658267,3.482575208642024
LHFPL1,0.06330549517468842,0.24691248314719055
FES,0.44054984773981687,0.6812821583496819
GLRX5,6.702184652636221,5.624368066408055
MXRA7,6.556212856773771,7.986439477751981
LIMK2,3.319330880935528,4.289573874588363
MFSD5,4.841266861519477,5.230351924542834
ADI1,5.335849297518218,5.990938430147817
SPNS3,0.09467422101383785,0.3441252112626454
SATB1,1.1969099138588069,3.522779173644584
NXPH3,-0.015314551563017476,0.7386036289812655
CSF1R,1.1542635322214143,1.6767518493535056
EPHB3,0.8144490543213998,2.7083679348862613
VCX,2.09444994457981,-0.21868813773561047
EPGN,1.4792372875282194,-0.25968896302238453
TRAK1,3.0276422017084945,4.152230498429706
TSPAN10,2.1427662693498335,2.024285970655663
PLCB1,0.9969659553148759,2.540229895211569
SKA2,7.166412864214446,6.923511314000776
NDN,0.6116018721801413,3.074276695861014
NTM,2.7923919739661565,3.3836625801373073
TTC3,4.806112794083223,6.691191255896742
TSKU,4.848490703952007,4.0068299294095455
ANXA2,11.280333734463392,11.042773967054796
RGS6,-0.159517877746917,0.31927562665453235
HOXB4,1.775265013589997,2.0194597336619817
PAQR7,4.133652315848604,2.394383492329317
PAPPA,2.1557281953741465,1.5241272522484122
MAFA,-0.2219998578057387,0.48086241903026083
NGRN,5.928363664094924,7.0294971942001805
GRID1,-0.499242625606482,1.542107427196173
RPS17,11.132004115717782,10.48860927433483
C1orf116,1.154603413216392,-0.3476175976272554
CRIP2,2.2670269050463783,7.709913347631094
DDX28,2.9843774100063296,3.1799958420045416
ACBD3,4.34777077245463,5.549908169211612
PLCXD3,0.15183418696931625,0.4975771057706617
VMO1,0.17692029949702232,0.7155541930047578
ALG12,3.4854145175514293,3.6479280644798227
LCK,0.23341389688509076,0.06197753894861867
GALNT9,1.1786284016383408,0.3647048976488347
COL18A1,2.159578092863466,6.6869373915536565
RBM10,4.031406553993497,4.6512745793948405
GLUD2,2.1952920349491785,1.9448725051151763
RPL35A,10.641062052630403,9.902354673900485
RGS7,0.6743043260452706,1.1856934310759006
SLC25A18,0.08082772622734158,2.2835473173807515
ZNF721,3.9557043463695303,3.9714334221114793
TCEAL7,1.7462307153042047,4.557220752412569
C11orf54,3.6507541095160296,4.29753358870335
CEP63,4.503089240832966,4.508277714294674
WFDC10B,0.2837050573623156,0.07084520570129625
EWSR1,7.5279963877821165,7.6702306354034535
HMGN4,5.9750078320720945,6.315589674332611
SPATA13,1.3452514003126548,3.243837947467994
GJC1,4.359203629033698,3.8329617292778675
SOX1,0.15097635675179594,0.023925327696017046
CNOT10,4.471106369421224,4.513877129172784
MTA1,5.512669795891142,5.199929857134428
ZNF662,0.43746843233129257,0.8089159931426625
CADM1,3.3029014543243345,5.658219212420859
ZNF320,2.160772572399515,4.118298618392511
C12orf60,2.2038556842645107,1.3491709143290227
PYCR1,5.803719408157132,6.225017949397892
NAA38,6.6057096573577185,6.511042628706995
SPNS2,0.9600358000871126,0.9703941223923284
AP2A2,4.971116291345987,5.349020232628584
SLC8A1,0.8636845324537553,2.5026904909206062
SLC25A21,0.24162651201331609,0.41460889335500356
OTOP2,0.3366232156234988,-0.1411076220309406
PCP4,-0.5454563827464054,1.0004063714197649
ABAT,0.6415674134224704,1.5429420579384816
SLC25A10,4.541663571934718,4.32035308318376
CAMK1D,0.39829190366289335,2.3671309141907226
RGPD6,2.2642745179737016,3.264948670427056
LYSMD4,1.633004864463714,2.6950010086143594
WBP2NL,0.06179663278021602,0.11322066175259642
IGSF5,0.05378686985394304,0.5748148320048911
NKX2-5,0.9859656423668819,2.763972598895003
AFMID,4.919815268767447,4.07094554606627
GAS6,5.323304456153055,6.166191273979526
NEB,0.4897712277602328,0.6674422273265567
BEGAIN,0.5676710268030623,1.7482935553661894
GPC6,1.1867135415257692,4.149460254270837
ARHGEF37,-0.5134364982698552,2.585439594689068
FAM43B,0.9283381055259682,0.6631145675211134
CSMD1,0.8840688121561088,0.055018823232424297
CALHM3,1.0434673637307006,-0.024386678360341918
GPR19,1.2880010406051456,0.9612650948725632
GJD3,0.30505100457762235,0.6102421968611953
RABIF,2.816883775775846,3.6025310354392754
TMEM119,1.3195801890344447,1.4881609883668685
FANCF,2.9946675894582837,2.95360129616711
C2CD4C,0.6434463365984356,0.8800348463820439
CHST6,0.16855871469255823,1.1369458933338767
POTEC,-0.0030010032182572477,0.20958369572768304
RUVBL2,6.800401671863694,6.09253825336339
CTNNA3,0.08310885260495493,0.21496959701665505
OR51B4,1.4981672007769364,-0.2752643174173559
PTTG1IP,6.88238520212522,8.183107459827033
DDX41,5.579983056362082,6.134782696250255
DAZAP2,7.031474788228266,7.617378835498762
CCBE1,2.7501748314218295,0.8079644148590732
FAM9A,0.7625387167086678,-0.33269603295697675
ZNF623,3.3142041322102003,3.559152467795097
CCDC125,1.9465896951069752,2.536162515831446
BOLA2,4.207599487595773,2.7348220461483246
BCOR,3.1961951074440873,3.893352797672047
JRKL,3.625903421958378,3.596789393710818
OVCH2,0.18397249928138548,0.5280242094041663
FHL3,3.7158689987254627,4.395954522887894
PMCH,0.9765964322687624,0.857593250949357
CCDC159,2.757436689635608,3.973732605159493
RIPK4,1.7023767499353444,0.8970844978344021
LRIT3,0.016670997364889806,0.20246532547222051
SF3A3,6.72668205578237,6.479648008303541
TFDP3,0.0713712034826365,0.06323093310752605
TRIM61,0.9700244348606146,0.16176222768588533
GRIN2A,0.02821864252235451,1.2899397355232092
GTF2H2C,5.190681289193097,4.858553321147377
ASB7,2.8505292714391928,3.2906956151011526
TREX2,0.5727609833871311,0.4180693017976531
GPR132,0.17276595994971028,0.2105815831603432
MX2,1.9503678331562562,2.5435780805210775
EP400,4.201140022669418,4.09877036428779
MEX3B,1.6460865777672777,2.949204854086529
PSMG1,6.753004711154742,6.329485844237902
KLRC4,0.39598669939879566,0.24433849479030964
ACSM5,0.7595274542650788,0.5136598271417666
SERHL2,0.829610625224672,1.59177531863454
PCBP3,0.9824190992573862,0.4155733253782692
SETD3,5.2319046339592346,4.366993053952468
TNFAIP8L3,0.38198276369817785,2.631158676305982
ZNRF3,1.851469195686871,2.6007527239237027
FBXL7,1.8947766050658938,3.767232427396208
SFXN4,4.560648350050963,3.3172095168840965
FAM167B,1.6581152443860563,1.3431261534227625
MRPL54,5.8155407701971,5.515186811218645
ZNF438,1.6085404869616837,1.5911497784779243
CCR3,1.513690650404464,-0.0329061512255604
DGCR6,2.5953684513429716,2.917218329427404
GOLGA8G,0.04631351284995387,0.18920942834227483
ZNF530,2.2591946977480393,2.6482057894189666
NDUFB1,8.652158366419124,8.110614965379513
KLHL25,1.2723556584939688,2.6362129310972175
TRMT12,2.638878710976762,3.558845436805905
PSG9,1.4707613151431036,0.4593391003329007
BMP8A,0.05628483202418666,0.6799923329989057
EFHC2,-0.23767193923580315,0.8371387488812673
NOG,2.2351701567838442,1.324717967168587
UPP1,5.915173195595516,6.280669496394822
OPCML,0.504896064579376,0.2975342654545581
TRIM52,2.899876327746814,4.208039864780275
CMTM4,3.4745312076500907,3.427716973554691
TMEM50A,7.407858397438221,6.740914623235863
TBK1,4.941056214430875,5.188944212937901
CBX6,4.161679811981881,4.391074811394833
MACC1,0.420622034840213,0.030372037086241976
TBL3,5.16885177920414,4.3540522069808905
KREMEN1,2.1978618821719427,3.3186519636964293
TRAIP,4.095451058179447,3.781335555432001
CHEK2,4.093399189579688,3.4880704047385525
FOXL2,1.275204776253164,0.6939886733239399
AIFM3,0.056525042904329914,0.6573137764014185
KCTD16,0.12962895882104067,0.18481812826472943
B3GALT5,0.564206691483683,1.3147321619000114
ZNF703,3.7265998304315255,3.4512792462784243
SLC35F3,0.7726155248390536,0.06573620748023723
KCTD8,0.2661640292386806,0.028527657685964145
TUBA8,0.686518520267783,0.7609938236290861
EMILIN3,0.028820753552648765,0.1882169377459933
OLFML1,-0.972200474939532,1.8110355925893504
RBM12B,3.0011351977517466,3.2950592233782063
LIN9,3.3296007392751834,2.9669004749714616
BTBD9,1.2711645736874169,3.150007587759373
NUDT14,3.6567943899251265,3.3350811271352954
ANKRD45,-0.674268246148714,1.3934075230225251
GPR39,4.02556651422344,3.7649737623282657
FAM3B,0.32950890353116313,0.21728438790545185
IQGAP3,3.9013071547253073,4.281392885187437
TOB2,3.9403246383676476,4.0293298655261065
SCN5A,0.9310486344598605,0.20568768578849467
ARSI,1.4737190507614082,2.2871424380289613
UTY,0.9379477926740014,1.3180809854672646
TTC32,3.5130151317257488,3.8854470210458274
DNAH2,-0.034200708891438183,0.14969030328498034
PRKX,1.943427108182078,2.7632844589335552
SMTN,5.911049639648022,4.132990845123099
NPW,0.7349560750388529,0.7833638519460661
NPB,1.7974958546595865,1.9925577038634088
ST6GALNAC3,0.692895576566817,0.807747573821685
PTP4A2,8.085225686255987,7.16951172244882
ACTG1,10.858860496416808,11.284099964566073
TMPRSS2,0.11586055457772565,0.4279954738811067
DENND5A,5.1391004949580985,5.659260142154212
KRTAP20-2,0.07095253857204259,0.044328612495031595
CTAG1B,0.034446251854969856,0.1460257234110651
DIABLO,6.033645470083961,5.955391043249294
VPS33B,3.3438360315471094,3.277884083104608
TBX1,1.1167789992678088,0.259919967342428
ADAP2,0.15621041130635094,0.8581502224008173
UQCR10,7.310522943302408,6.965758735843436
FAM120C,2.1915416325487183,3.2926174782938746
EIF3C,7.994732323080271,7.040860454737763
CLDN5,0.12960839966330295,0.1802099654500891
NIPSNAP1,5.512432935660664,5.767019069694798
CNTN2,-0.10358153899944311,0.2477845102140211
KCNQ3,0.2957728584226403,0.2826265703059536
ADRA2C,-0.0803747667065059,0.8088454139651324
NR2C2AP,4.832087914935364,4.340007589785868
CRELD2,5.198661272743323,5.301343490019213
SCFD2,3.385708096892711,3.8175113214912915
UBE2F,5.477700164574796,5.9875195750694115
KCNJ12,0.15194879616571927,0.5845595409544997
GPR173,0.9232727793595874,3.0667671275356483
PPP1R2,5.211388674443941,5.574568765984796
TSPYL2,3.4009775118002374,4.593761413905642
PGP,3.5478905190439542,3.419925930133122
SNRNP35,4.378788990820399,4.162094720517585
DGAT2L6,-0.0107745847109664,0.12116196525624268
IRAK1,7.123408973150367,6.727550358210114
PCDH9,0.13473954626347973,1.933037462750674
ACOT1,2.797493062519044,2.3563985649527948
OAF,4.104170603982634,4.55106384363249
ALDH1A3,5.160359569853981,1.9133254258971182
KCNK12,0.005494445545705023,0.2989255161627858
POU6F1,0.6948372842933623,2.880334541175862
TM2D3,5.366154020192613,5.852837403010915
TSSC4,5.240763394769535,5.220010252849371
TACSTD2,1.14032822110318,0.15132661169210582
PRKD1,1.2973049439666668,4.215396519548307
ZDHHC23,1.8669537803487422,1.8254493776046221
SRPK3,0.29371509919729255,0.8003438144750441
GDF3,0.10251217475393755,0.008259762686239028
SLIT3,-0.49673844530925915,2.950746022929447
EFNA5,2.0981153116933724,2.2033339795971365
PKP3,3.7243491333339067,0.8452528668509787
MAP7D2,0.5588829017049904,0.43368732324608117
CSF1,3.4551214855456096,6.454640825335062
COLEC10,0.6954043350987427,0.0827719737402314
PLA2G6,1.7656825238394873,3.2165131683671935
MAML2,1.9531728507011132,4.184411098784179
SS18L1,3.6294983823889133,3.8497797643121467
KCND2,0.13780189656205805,0.19346519495715195
TOP1MT,4.234819212817796,3.557382674100144
COPB2,6.768490573362838,7.603303671504364
THAP7,4.995202843010527,4.357188575269309
KNTC1,5.065902402347657,4.539776501959693
CCR10,0.597473623259649,1.1877694817232276
WDR27,3.8358389651615274,3.8161775925844097
TXNRD2,5.063288062073007,4.100832810538287
FOXO4,1.466453379731362,2.111464647400327
POU3F2,-0.7933249783884111,3.423736073133637
PTP4A3,0.6234180146456569,1.1301193571632644
FOXD4L1,0.16742290380193006,0.431894462320633
PROS1,2.347444101499847,5.508231574250059
HDDC3,3.1484690813777676,2.891635539674588
BEX5,1.704756721423455,0.7456762873792726
ZFP1,3.1529942054740356,3.320718627506224
CEND1,0.8614115261956277,3.503239370649342
C6orf58,0.19066047889646048,0.06345537277609002
DUSP8,0.653110421690086,2.0240503874332396
SOCS3,3.790422854443648,4.7987038620107
SLITRK6,1.2422729267642907,1.7017178737991816
LPAR5,0.8649513461118831,0.11922634213452182
XPOT,6.072306040419764,6.081037588942623
PDE4B,1.4138168150313988,2.6560559933254635
C14orf180,-0.16791127298274605,0.1793418616383989
SNN,2.5250145145459824,4.769601916841221
KCNH7,-0.1465224935316311,0.35085724320744915
NELL2,0.28242476044992715,1.3414558145176834
KRBA2,0.6512972562010995,1.7048603277805872
MED12,3.3499167571606194,3.8032105494943798
ZNF93,2.176885461941597,3.356436925410257
CDCA2,4.290192446720573,4.006891081575187
RALYL,0.10489822327191162,0.05192498207010992
ZBTB40,2.599679932016315,2.85532824991924
EIF4ENIF1,3.385424969864268,3.873167236349942
SERINC4,0.2885749779613539,0.47295988911308773
RNLS,0.6946032469430123,2.265954567864707
FAM110C,0.13110083783404752,0.5459771927642967
DDX53,0.2249589995521712,0.01956698672245996
ATL3,5.772853979401768,5.164200417376021
NDUFA12,7.9280183811170355,6.932340645438989
UBE2G2,5.19931666840013,6.69145582084172
OSBP2,1.8580623918429506,2.160344530714674
ZBTB7C,0.21326836912292763,0.9246566349419245
APOO,4.437780026750138,5.343657639912218
PRR16,2.1768535426897415,3.2354326416483117
TMED9,7.801691811391299,9.075834498269364
DRD1,0.18139682791704104,0.615594811784192
TMEM186,3.4605443139889887,3.5171778181737414
SDR42E1,0.41774618003627206,0.15802760775680724
RBM33,3.521391973724689,4.691086630959148
ARMCX2,2.781257237249081,5.480348727581073
BTBD6,5.195683827142887,4.743963882817232
RBM43,1.6985400767703474,2.894425555401498
SUMO3,6.395623776108129,6.818886057631649
IMMP2L,2.0896201564717667,3.666212895989432
TCEAL2,0.937554482157203,0.5712572697007008
CLCNKB,-0.20684243480455908,0.49709407296252095
JAG2,0.21035263581991104,1.8496723205256291
FMNL1,3.5638000131252197,2.5186542640814995
LCN12,-0.04723573319244406,0.5787765408554727
WT1,1.8566583179993017,1.130547204492886
ZFP90,2.726174801784239,4.045678039153265
NOC4L,4.14367075256449,3.4296227760713447
USP18,1.736122000907808,3.4796652455237176
NDUFA6,6.987273447541117,6.582472908909891
CHRM5,0.07718947314262127,0.23799074633103612
SORCS2,0.14020816464699637,1.8766867226767867
TMEM121,1.2795988370164186,1.861827955135923
TMEM106A,1.4157036159886758,2.066842681543295
SIVA1,7.233905704019163,6.2210819696136
BRI3BP,3.3998935240374872,3.1079161146412573
IFNE,0.4395811761306986,1.170675196403492
DGAT1,4.427888502200407,4.233762997713521
ROBO2,0.35705196072949624,0.5249134311799795
AP3M1,4.830936676701117,4.901037473220537
F8,1.8904853935759491,3.4234214468947894
CA13,0.9077745263227694,2.5027796209977247
UBOX5,1.9019380939518316,2.578129328933474
MAFF,3.887525100677465,2.926560499483906
BRF1,3.561058226771263,3.920188753970821
SEMA4B,3.751315897344269,4.996874752514742
CIB1,6.167629090898648,6.239062065288343
ANKS1B,0.5831087466093301,2.507850041229166
SLC24A3,1.112742017183034,-0.008347004639312094
SGCZ,0.38926002721340164,-0.0941011449638852
EFCAB10,0.7245881145040575,1.0533565201951927
FLRT2,2.675206827866748,2.9155174475882153
INTS5,3.4810788140682627,3.7706642771559316
RPS27L,7.774247585336278,7.392092193314684
MANEAL,4.174068722063139,3.8363248222172435
ANO9,0.4197936552128553,0.022784494149967832
FAF1,4.792778425751884,5.0020874347670805
FAM43A,1.0740939449425584,1.7511714837859214
HSF1,5.664908454862747,5.429083611728451
C6orf120,4.2226727808567395,4.319282483339015
PURA,3.5268701299862184,3.7094920939221385
INPP5J,0.8130778659244478,1.2184579188357225
NPY2R,-0.37032142336514795,0.4900438833838825
LRRC37B,2.6982666397701722,3.546414466823285
DDX51,3.8120984602200436,3.902825225765401
NOMO2,5.850745812818332,7.154147471157838
ZNF479,0.12896297372648774,-0.025447547567948238
SIGIRR,2.2229752213097145,1.201392844376906
NRBP2,2.885101771953442,4.815583535311204
IFITM2,4.721639595585975,6.296716451188413
TNFAIP2,5.021435555143166,4.714439763827387
ZNF445,1.9061934083055951,3.064091929440992
PGBD2,2.3402786842733345,2.2914245548118033
RAB11B,5.835325689778035,6.1875227016939505
PRMT3,4.746650791759652,3.8703353807218126
GP1BA,0.26338609513694616,0.9874218859831984
PRPF39,4.667455734204074,4.823057678193773
MAGEA11,1.9499382142178165,0.0366117658876246
PPIL6,-0.044220259222977676,1.4998858782829876
ZNF74,2.3902639980828972,2.274039730810055
CDNF,0.6266118259831683,0.8459732304669076
NOTUM,0.4536572208747167,1.66543349265116
KLHL33,0.2542068246831706,0.001982030251598793
RBM11,0.4574947148043159,0.05586199795331401
ZBTB37,0.9935528488056898,1.746764872087543
CCDC137,4.6623397039486605,4.862058405009568
ARL15,2.946306133270744,3.2833090772704274
C12orf56,0.488442825289496,-0.0913435132728185
CDK10,4.616047209049445,5.507307707548533
SOCS1,2.2498766675252333,1.57057404191937
TCN2,2.2484163951655525,4.3262421015394095
GAS2L1,4.230711859035197,4.698681500127737
ATP6V0A2,3.487894796127132,4.364926929209935
HS6ST3,0.15714522065753464,0.5256254081245937
HGS,6.424674113150021,6.567383274094418
TNFAIP8L1,2.730759730627124,2.744396429233806
MAPK11,2.587041718979668,3.3854754180853055
SP140L,3.2965477915094743,4.396512343477275
MRPL30,5.529074984336246,5.009296616103813
SMYD3,4.18953249067983,4.406007899948989
SH3BGR,1.645056176324717,4.581910506804017
FAM174B,1.3509745435220113,1.5299443886009652
KPNA7,0.25601833533909346,0.047349241138614134
TMEM179B,5.9081121852919205,5.792399089747247
KRT6B,-0.015920013337094432,0.13265831809156997
STAC3,0.6545005981317888,0.8920186788274522
ROR1,1.5017068882131495,3.2021680607708056
MUC1,2.2136570414468615,3.766379595575121
IRF7,2.597312896238823,3.1482046122778695
BRCC3,4.490105285657895,4.530920902157767
SV2B,0.1528847532069828,0.02442850342531904
FAM131C,1.1556907052802647,0.5118698042772797
PDE6G,0.46635658868436736,0.8838628331078
PRKG1,0.2607333422208413,1.4068271916824289
NR2F2,4.0472274860401125,4.440710259562791
LSAMP,0.05807860461190173,2.481916766313397
AHNAK2,4.1406027224796595,4.670178114350866
OLFML2A,1.0316973627488015,4.506916260527458
SP1,4.216623030538038,4.815812784472948
MRPL40,6.679249241923859,5.374108471332654
PCGF3,4.430841267546919,5.077881726045129
LMLN,2.159346015516544,3.360882379118519
P4HB,8.5998605954107,9.766476350910827
PSMD13,7.5123632596410665,6.753636774542904
PBX1,0.48809170952930003,5.003133625159266
NDUFA4L2,1.3499353430486092,1.1338272516060126
SHC4,0.7550701094561418,1.9953356470729107
KRT79,0.6514799945098434,0.06496439525819908
ZFP36L1,6.986364898258579,6.201262626169749
UBE2L3,6.4148927501756345,5.789375959769376
NTF3,1.3699575654138456,1.3895804926683866
BRWD1,3.189617242240008,4.2328609031585565
SYN3,0.36985840390962743,0.3691219000665005
ZBTB3,1.2260213520146428,1.6371505861529907
LYG2,0.40672661794882403,0.09111147052537805
MORN5,0.20623562285515104,0.14114887718046287
PRAME,1.5735591994842497,0.14551218725018167
MYBL1,3.8337580162753477,4.592763643518544
DRG1,6.688025172352255,6.270933085488326
ANKFY1,3.368075203730296,5.0865590763158925
YTHDF3,4.81531799842545,5.4635023127766695
ZNF696,2.1913201804443587,2.473099213985714
C11orf87,-0.10656966544894009,0.544249158693513
IFIT1,2.3820801257225694,3.0462354568783216
CXorf38,2.769816437694788,3.679876649511149
KCNQ5,0.7733018835237843,2.343713519858735
ADAMTSL5,1.4795913299247725,2.445082271517478
KCNIP4,0.34129855893120764,0.40882261943780274
MORF4L1,8.100821992508614,9.315728306705477
WDR53,4.11020710087508,4.05519524550877
DMWD,3.2646973200778167,5.059825147709384
PIGP,4.787071079481716,4.9464314187747815
IKZF1,0.2321304431346845,0.06869725496561625
PCYT2,4.556651280841567,5.14116188177207
NAT8L,-0.4597817427966887,1.7501774251302882
BCAP31,8.192410161996243,8.520700816204677
ARL17A,2.4295957152940697,2.770358988484353
GNB1L,3.384403957858817,2.5523033777853774
DNAH14,0.8273229605238576,0.4220617501389206
EVI2B,3.2186173629953547,1.4534989840918444
ZNF829,1.3301009332435114,1.8123788686663298
THNSL1,2.3850612193156016,1.8529017619161292
TRIM69,3.8785372155455553,4.758770736769866
ATP6V0C,6.874756840098956,7.290178608311198
IFITM1,2.8765137958723948,4.968954602804131
LAMP1,6.288653398658832,8.100370669532168
C16orf54,0.3148889440590265,0.11922948680485411
KLHDC8B,2.4701112510992207,4.585450183235899
SETD4,3.137552182599455,4.391284539930205
PTCH1,2.6172691797293046,3.4833270184065297
RTN4RL1,0.05939682024739601,1.0666324090210297
NKAIN3,-0.2710327746602782,1.2017890436467744
RNPC3,2.9715729632094567,3.6937960508580674
ZNF267,3.5784918283582283,2.4178889859760093
IRS2,1.6060529698101353,3.103008468548165
BICD2,3.8219816760625456,4.5049840906804945
CCIN,-0.05610839463913092,0.5913704352214313
TMLHE,3.678509228808798,3.881253933908488
SLITRK2,0.3008407219820952,0.11595073285108042
RASA3,3.10511856635127,4.3653970985899235
LRCH3,3.411228516591176,4.283824783283301
LEMD1,-0.45271900690465605,1.3285061487666963
NDUFA13,8.209538049150682,8.793608948422174
ZNF566,1.7858623251719319,2.4070189366226513
ZNF529,1.7846072868118257,3.4507462328388807
ZNF284,1.0926534783358048,1.2505979753417047
DLEU7,-0.002520305523945998,0.3276237476969296
TAL2,0.022813929256041754,0.5000405493379464
AIDA,5.9595328229074145,6.011367157561155
KRT5,-0.01577776417367771,1.628829769886086
NBPF6,0.22004328168933884,-0.10001126764188717
HTR3D,-0.012576862556124363,0.1658492044238924
CYP2R1,4.601246149465972,1.67095394151976
LRRC70,0.4945977173901247,0.5499988207452159
ANKRD46,2.8743964201197354,3.078713723149363
PIP5K1C,3.3792148182741206,4.302671047195711
CYP4F2,0.24173835037010702,0.045597085091442086
ZBTB6,2.817529660431901,3.599112805362251
C2orf76,3.2939913746838085,4.096693850585267
POLR3C,4.265153821994776,4.653908653630417
WWOX,2.681345761280115,3.6676416143891775
BCL9L,4.301103285816933,4.857556269727561
POLR1D,6.29993332262076,6.164605271793855
KIF18B,4.334147874565335,4.370577489558658
ZNRF1,4.319095756802204,4.2657792385521995
EDARADD,0.7221384023255717,0.7860889040379136
CYP4F12,0.22879850572920515,0.17286718789838276
ZNF749,3.1982834558739244,2.8313570816831373
KLHL32,-0.06848514337441797,0.2162549255618454
ZNF17,1.9058652166078136,2.5854940492132084
KDM4D,0.9766233348648728,1.1236657017500655
GPAT2,0.056110767074020476,0.09146683203866038
TOR3A,4.597302907566841,5.448949013519315
GABRA5,0.31306449884744314,0.11805237202418278
PPP1CC,7.308906957528833,6.796242830638004
ZNF555,1.6688040840453993,2.0470298041618
NAP1L3,1.3227474016003709,2.7130657240524383
PRELID2,3.270631876174787,2.7415233097462988
BACE1,4.168492829013756,5.977472978750607
RGS9BP,0.35681367530102553,0.3485007330901571
SLC36A2,0.16232482650065452,-0.05771781521795088
THBS2,2.5103947265035425,3.3339669947747734
RXRA,2.8461367901448544,4.3303154200103675
ANKRD37,3.765224831174033,3.533984517446496
NUDT17,1.843852692978015,2.0001597789847403
ZNF75D,2.256715848566896,2.9397989163874048
CYP4X1,0.055559807877242656,0.31240359548985863
KRT10,4.164429959681729,4.33556558282394
CCDC30,0.19902145133489446,1.9967572746543614
NKRF,3.5219444404373754,3.2041935619933835
GLDN,0.2523397419270982,1.1569536563976566
KPNA4,5.781313230483063,5.572663206111458
TRDN,0.038049186638497545,0.13629718667149193
ZNF501,0.7930691562802792,1.4342060945887378
ZNF197,2.70773168944362,3.395126760164278
SPATA12,0.4517925397098701,0.6654826832392724
NAP1L2,2.255618251958186,0.8009509406045944
RPS23,12.200223808559338,10.970862087903638
GNG2,2.8047233265005618,5.084088226492642
BTN3A2,3.214103374111289,5.02907325491571
AKAP14,-0.18205603825839112,0.35709731260490807
PCLO,2.199623948513188,1.8707733279466106
INSIG1,5.54498652756324,7.14564924858641
MYT1L,0.1221170060134561,0.03518601535444757
ZNF396,0.25935019453465824,1.3642142074984462
TMEM222,5.103756296902892,5.103814025766571
ARHGAP30,1.1050076546705778,0.12577151011986037
FAM86B1,1.5364671191455366,1.9228660666676345
CYP4F3,0.3197976944383423,0.012801029667390426
SMYD4,2.5329194833120283,3.147734655616361
FOXD2,0.47058957598382695,0.6488805447139967
GPATCH8,3.373898229166245,4.582699780968059
CEACAM19,0.8704701109643287,1.669928986265306
NF2,4.999392407366672,4.200418504843054
UBE2H,4.490921602273203,7.423105093078049
HPDL,0.5551564990744211,0.1627496623096942
KATNA1,4.353515110626576,4.094809280700807
ARAP1,4.562763721033546,5.052614857353738
KIF24,1.5427549487982477,2.3736355862604817
PDE2A,1.5304547032430609,0.2991949568938323
PRR5,1.4133230197946953,0.8884134084837974
ZFP91,4.884671875468294,5.471548993529241
C17orf58,4.30743802045949,3.555740145768236
BCDIN3D,2.074512004967105,2.3733385512234717
CYP27C1,1.117401805821432,1.3625201739124329
LYRM7,3.5994937700910468,3.2403765479241127
CCDC73,0.22449238299532667,0.5800669220632511
BCR,2.991956077777272,3.7361790361299128
FSCN2,0.12531932229963438,0.794921600365764
SPIN4,3.5266392337075363,4.024732545526147
ZNF732,0.10213568209328769,0.0381806820147893
SPIN2B,2.935829620347279,4.207549644510346
HYAL3,2.7637864539302677,2.6375867338483987
VSIG10L,1.5999788971260283,0.6618129721114343
ZNF397,2.433401692354801,3.601721275088571
TPCN1,3.751376121446131,4.508984503591398
TNFRSF4,0.006624569529526392,0.18467578278346952
KRT16,0.7600502810189422,0.6247490700421219
HEXIM1,4.294389663834698,4.75151160458812
KRT14,0.025081046513626637,1.5759249079294806
PDZD7,1.2512599051611952,1.113151835391946
POFUT2,4.175400456050424,6.637256773628971
QRFPR,0.09212557705136114,0.2263085118559729
MAPT,0.5497822276829072,0.868019851820944
ERCC6L,3.485745934464629,2.9156952066910793
TMEM17,1.7433389765019136,2.8573001245911116
TNFRSF18,0.26537769598122257,0.3100218958125967
C1QL4,0.8384705713688041,1.352001586544659
RTN4RL2,2.8994330663532772,1.2068015354537645
ZDHHC17,3.6866166364230244,4.914311445280729
ZNF395,3.9841820725504458,4.338681937618944
ZACN,3.405492842218339,4.4709679314058315
PPARA,2.2211527791598966,2.7582503835244037
TMEM232,0.7831111559563002,1.0566788781931729
EFCAB6,0.3123267359891095,0.8072963861659909
KRTAP19-5,0.13409856113284704,0.025245579617737386
KANK3,0.05595520589471854,0.2537609411392511
EMID1,0.32001342746836786,0.9936956894200898
ESPN,0.025619450342212025,0.5641132027296207
PTRH1,3.3344946036615073,3.7810976905091875
GPR141,0.20725247044883033,0.06140620305615332
TMEM216,2.1693153424997504,2.485901707515625
RPS19BP1,6.749484902921793,5.729081639055683
C3orf70,0.08161597916195751,0.5444702867925022
TEAD1,4.726409246305074,5.8817192734828945
PLCD1,1.6854549466315756,3.376441860681041
CCK,0.11479059911201776,0.15731531696443268
ENTPD5,3.305892123942916,3.235669432885714
MITF,2.1615285930819077,2.948715093420715
NAP1L1,9.392096309937928,8.623109324761705
CMC1,5.854474510252795,5.417795797936366
LYPD6,1.468547163888445,3.489680778921395
AKR1C1,2.9642140084690087,3.843994692026772
VSTM2B,-0.08811727842074009,0.11342777095173315
FOXD3,0.15677740029983422,0.4006555010348567
RNF220,5.563116562513218,5.830076467512807
ANGPTL5,-0.3177359340228658,0.7383853942551897
LCE2A,0.5085770200672421,-0.0833204358407148
ZNF546,0.8570039782561373,1.5440521892296204
TSPYL4,2.803434839902846,4.879829198068392
DAZ3,0.2575453090024041,0.011383557453968685
MT1X,8.012386828740992,6.474007447088309
GCNT1,1.8025759127415024,4.459483181445405
SESTD1,3.7251119935075496,4.51974146237464
FNBP1,3.1491957422310057,3.8935269616020474
DYNC2H1,3.6389340890264075,3.1926800791848575
MAGED4B,2.7918591765950103,6.1343498243910375
BCAM,2.930003869880079,5.657870297037441
RSBN1L,3.3298007090587625,4.187830921673488
NPSR1,0.04540578362380466,0.0191315334962196
WDR86,0.23592157451875823,0.9147740651983929
EPOR,3.4706662086321307,3.1365856370344933
FAM9C,0.0005606354256875862,0.1818409512100027
CIDEC,0.13059331570328722,0.08330530983321241
DCC,0.46685403346533727,0.01489452481698722
TAF9B,5.060602407726414,5.307979258953996
MAGI2,0.06931538345475596,2.2202694205633984
LUZP2,-0.04492827114599046,0.5778978108580868
LHFPL3,0.11853949479007098,0.019703421049133613
FPR3,0.011954406139851409,0.19564382168415972
COL4A1,4.221697887064319,7.3016727794081575
PTMA,10.432014552307747,9.55086919322137
HSPA14,4.540789857845706,4.0506725127573535
ATP13A5,0.31176421488449246,0.09997804423914396
SIRT7,4.50963128576543,4.433653513132558
IFT140,1.6969689829928347,3.4570915397116724
POTEG,0.10553712383525475,0.004046579918523245
PRAMEF10,0.126831377301649,-0.04463766565269996
SBK2,0.11744415282475226,0.16022277914756
TLR5,0.03208989725906286,1.025464201537168
USP7,5.651038526218843,5.6229799512475775
NANOS3,0.25687654478881766,0.8807197100010871
NHLRC1,0.49312002227782104,0.42090183458234165
PLEKHN1,2.453383148637647,1.063552374130432
MAGEH1,2.9951257820790573,4.391484879670713
TET3,1.926093104793753,2.5260532993988907
ZNF286A,4.001884560906433,4.208559190425204
ISG15,5.631185445610177,5.770581214784051
EXD3,2.305015824544721,3.268339622915201
ZKSCAN4,1.4309455354611975,1.8182958300195113
RGPD1,-0.018608069918664483,1.0236784899824483
DHRS4L2,3.2201902499193755,3.345363275649527
SAMD11,2.2235384522633934,4.047001983779046
VMAC,0.36465527414225196,2.5420464789493717
ERC2,0.9280627692893317,0.18949273125571853
SPRY4,3.1522764331129793,2.8049762879559013
TRPV2,2.4568806254623343,1.078868861662236
AMTN,0.7440757012619401,0.5350005460712584
C2orf88,0.6540146205786824,0.7027985008909606
TMEM203,5.289776556371831,5.650869372349338
THSD4,2.95809853538198,1.6890932338208482
DNAJB13,0.30805704979522874,0.1962980211337155
TCEA1,6.45953222605038,6.659301269349406
NHEJ1,4.015694469309325,3.4283847265576517
FANCA,4.813692834120989,4.6217491794205
SECISBP2,3.7051234314834574,4.770432451244755
SEMA4D,1.5358661713709547,2.4979399760833543
LIN28B,0.6180931615408647,0.10680857960662155
DNAH17,0.35401942881813914,0.688147867590691
MCRS1,5.350246427733797,5.5430027071175445
FANCM,2.9653387202271846,2.246972350266386
ZNF70,0.9128696770538599,1.658949321116613
CARD9,1.1091767389224425,0.917911424455054
PEAR1,1.473012238369409,0.18869099144686607
TMEM220,0.3503363171703694,1.8062463877500907
PLSCR3,4.867597118489434,5.473914672358979
EIF4EBP1,7.101612480195016,6.09353015949725
CCDC157,1.2898150131129664,1.8458079368202271
TTC24,0.048764860785318075,0.09890787162739269
PALM3,0.6420736503769975,1.0726781193274093
DMBT1,0.6352278439399528,0.36073434606005367
LDLRAD2,0.07716090287534161,1.1350761548197172
C2orf66,-0.04656971777456853,0.8724156785242998
OVCH1,-0.22861230814822148,0.4081133782003795
COL14A1,-1.362517145625541,4.808423275705623
DNER,4.430993247065874,2.9121132237483325
KLHL17,3.7761279535761805,3.367387871271772
ZSCAN23,0.46254535883313896,1.809264404902207
RINL,0.8498245138931314,1.3353741228202887
C17orf99,0.04661264984467972,0.08179272003076951
OR7D2,0.2070424095890312,0.05587690455624467
TPRG1,-0.1405850001114901,1.4778566621683296
MORN2,5.027514268852706,5.749606527877051
S100A3,3.9755375782378675,3.713626534529131
UBQLN2,4.036176189164961,4.787829376229861
RILPL1,2.801108020077097,3.6700813699598775
ZNF490,0.9208462785869176,1.624189009141524
NWD1,-0.44104632131785937,0.794311901023646
ARL4C,5.299821686523978,5.316541570310052
RAB42,0.46410781216212804,1.6840608170235773
WNT7B,2.9659463044465175,1.2777991747345905
GPR89B,3.1966311589111407,4.271879034770457
FAM25A,0.7621013237387206,-0.30047870912272084
EYS,0.19955010028312256,0.5361819558905376
C6orf132,1.210463036362563,-0.04817954827299159
DAZ1,0.42389295375627073,0.004357335380925892
MAPK12,4.358797394452249,3.887356778495054
COL4A5,2.2147529328811073,4.990832178984408
AGRN,5.205971834816246,6.697248571069882
NHS,2.0594911876838027,1.3566171474627629
TMPPE,1.0379630776178876,1.099442299657653
ZNF626,1.3024087719348072,3.1852545314937273
HEPACAM2,-0.03104895414099053,0.13081750548587895
ZC3H6,1.1838683790705247,2.2094342464632075
PRKAR1B,2.81248254601486,4.028665407247601
DCUN1D3,2.390274678885011,2.9380324352254084
POTEE,0.2898933847475136,0.18540368742895696
ZNF793,0.6851218650462865,2.379139558701183
AGAP4,2.679179630248028,2.3183008795036986
COMMD6,6.650914878118708,7.22370955497898
PLA2G2A,0.13839521553710496,0.19779775490611112
C15orf62,0.45682916563570963,1.518101352034023
ZNF383,1.852166243470282,2.679001013424612
HES4,2.1994375144855263,2.4732856732826853
IGFL1,0.3790774766586369,0.13396321268368377
ZNF669,1.840877529858147,2.7886472769332036
CENPP,2.9069171804405856,3.1307799824260174
PLSCR1,5.817033809368382,5.823652108683976
C3orf62,2.09030164449476,2.1900316766050403
ZNF559,3.680128728243,4.068550258852567
SBK1,-0.01956875150518428,0.7805377137237823
BSPH1,0.0591224249221466,0.049600996110156066
SLC38A3,-0.34477680306073144,2.0801796553225453
GTF2F2,5.3343301622094845,5.146464740419522
PRR19,1.1750810707125598,1.5589581124250649
ZP3,1.7759800646246404,1.197467125711313
JAKMIP3,-0.057776399237994824,1.2674551603890554
PDCD1,0.052688237863492166,0.07018309648383526
CLEC2A,-0.048285056507412154,0.08559574449175911
SELL,-0.179580549345972,1.6166684994964893
CHM,4.113796758203238,4.675669728580239
CERKL,1.0761029875797492,1.092481992634521
IER5L,2.856859030835296,4.205804329225075
INSC,0.7073376377587601,-0.04332279799028421
SERPINA5,0.37392545630060875,0.8275034294422926
LCTL,0.7382357797724055,3.3006879947388716
COL25A1,0.23312946414438115,0.20114398490873
FAM83G,3.4626818729702147,1.6316639221641358
HBA2,0.3699334291268947,0.3021719814602385
DUSP28,1.8957615578422193,2.3088447448606484
NBR1,4.780995316671885,5.782735857443989
RALGAPA2,0.8900330869611459,3.146987608061861
NDOR1,3.2354697633401894,3.636069257619106
FBLL1,-0.2892265923917131,1.2712583930727028
KRTAP1-1,0.45451890437924863,0.34268001122590547
CLN3,4.601586737926271,4.865345533119835
FAM72B,4.3056006746999405,3.194419081845261
ASAH2,1.1030750820307507,1.2289469418041628
SUMO2,8.438026505206976,8.619680991561466
NANOS1,1.7882286489527188,1.857573574654978
HMX3,0.15161060670119486,0.3025661378339368
IGFL3,0.5693493093457367,0.25404098095930666
ZNF177,1.608969825286604,1.8136419478313137
DPYD,3.501114607462402,5.202357963696424
S100A16,7.795413981697491,7.385338280690751
PTAR1,3.3762178836616656,4.974862710501305
CC2D2B,0.21105217046249233,0.23571316954110813
RHCE,0.31979102244361524,0.783384686136338
C2orf80,-0.19182926509048048,0.23847123787127292
PARVB,3.8682517770010727,2.2091876898451814
SLC4A5,0.23733654976854315,0.5157562272594266
UROS,5.460011016990966,5.279534196815643
ZDHHC9,3.9415509765096406,4.972789814397482
QRFP,0.480489529761986,0.40401059075114576
OSTN,0.1721971946996705,0.05676518080579445
VWC2,-0.16910832906056722,0.21936996182729035
TMEM120B,2.6895685329907812,3.118068535421458
RBM34,6.192941872520761,6.259866927527441
NOXA1,0.22458103655186015,0.5441876065657835
TMEM198,0.534009914211284,3.333650050469746
BCL2L15,0.15410152896701496,0.34353864117681787
FZD9,-0.015687977270524345,0.5803462147118479
SPRED3,1.541304609640584,2.4200854894411057
PRELP,-1.0850182736658076,1.8619100628233864
ZNF548,2.1194876382972323,3.2803988943669244
MTF1,2.4727411514710385,2.826927343823299
TMEM201,3.0889131289855025,3.3353202306834446
NHLRC3,3.4671688313557882,4.25231584904767
HMX2,0.1790100637133019,0.19030544055670157
ZDHHC11,1.2003314462010493,1.6931517458187006
ENTPD8,0.13666888650443754,0.28623109381441036
RPL14,10.304795133267058,9.085271912035832
FAM78B,0.273162909703094,1.5927472846607609
ZNF563,1.273589527231711,1.801616680633006
FBF1,2.706033602961094,3.4998177487801576
ASTL,0.06307124594869444,0.08493807490107474
MSL1,5.233977442415739,5.971488618361412
LRRK2,0.7597508023554154,0.9024176320889028
GJB3,1.0532676081870211,0.15054575619814387
TRMT2B,3.3336913540824296,3.799665030353864
FAM120AOS,4.85070784619009,5.298035483739999
NOC2L,6.666874797075508,5.479101422152878
LRRC66,0.16112799730216115,0.5052559616345718
ZNF292,3.174846702602189,3.329760035267837
HUS1B,0.5228266825780215,0.20504649649499113
KCTD21,2.056523606883369,3.05479816680188
SBSN,2.748930026465005,0.13537035186737323
ADAT2,2.064685711698145,1.698572035912007
MAGEB16,0.8774343486219501,-0.3078582560187513
ZNF567,2.5670586353436504,2.833776088595283
NDUFA4,7.0218689093888855,8.389799220898624
ALKBH2,4.972316427378963,4.2342775487584445
RNFT1,4.387666179844931,4.634798544130334
CGB5,2.3043254250132574,0.8082694486333964
RELN,0.6654506477935904,0.14318523264344205
FAM111B,4.586070624614786,3.691620434529466
APOD,0.07769197631396896,1.3401429521876649
GAGE2A,1.650399791819756,0.1844346204226045
LITAF,5.839431439298318,5.97118924749971
VSTM1,0.5961395522138959,-0.07122693281600662
TMEM120A,4.698806660021557,5.127417261430485
ARID2,2.9758544619049667,3.118348914523995
SF3B3,7.626312159020411,7.842181261602894
IL1RAPL2,0.26051134620451644,0.11808948993868512
BLOC1S3,2.727739834855768,3.1575932805618447
SP6,1.24751310543322,1.0850186830987438
ANKRD34B,-0.16494366860771584,0.3537917089006666
PLAC9,-0.5549232657203398,2.270317470956342
CLDN4,2.1396751140719945,1.6129505308821972
ZNF573,1.0179370917763286,1.7030085310479617
FAM47E,-0.17488449472590273,1.242758522885881
ZNF527,1.6327100228513607,2.3747202006383508
S100A13,7.6649076591630685,7.634964988420521
ZNF33A,3.0725751304783024,2.987647454824379
PCDH18,1.5055551562228213,4.418848475796624
DCAF8L2,0.5344696606414422,0.17993132577737692
ZNF600,2.2059684288353574,2.3601367201688412
BTBD8,1.0319568902232001,1.187955272340803
MAOA,2.243217535434636,1.2571474880495983
C15orf61,1.8300089338802266,2.0464011818065027
TSPYL1,4.082832422201513,4.636582875181196
SPANXN3,0.39442053647379577,-0.020669474434024337
PNRC2,6.676568150660031,5.941131574585797
GJB5,0.8549442702430505,-0.09039877882573638
FHIT,0.2494671758595961,0.7685573868636302
ZKSCAN3,1.6827158514816394,2.283787861271103
FOXR2,0.6785478379562688,0.08715206630636513
RRP7A,5.317458070067919,4.30150398675686
LIN54,3.4661874540278186,3.1874782843958243
FAM53B,2.089817793720564,2.9684173381547634
FAM180A,0.32636074171745544,2.4818618147827753
S100A14,1.1998476422763695,0.46415812331940526
KIAA0408,1.2290911661634778,2.8694207160524607
GSPT2,3.0746869775973527,3.679411296512557
C8orf76,5.065335124088973,4.833520517065749
HMGB1,9.413669657493369,9.037378807097172
MMP23B,0.3173174621926326,1.1409719826110987
SH2D5,3.210817027734583,0.7482968966104336
ZFP92,0.0017290364786479162,0.35490918285696726
RASSF10,0.03693139298204934,0.16278500171352617
OR2L13,0.09207728643275034,0.06341410931615828
BLOC1S2,5.176042068385691,4.8434189491065665
SYCP2,0.7928068786343838,0.7443042947688908
IL1RAP,3.2382132758118285,4.827686561312395
MYBPC1,-0.1638563177396677,0.2502834536596362
SPOCK3,0.29747590580537253,0.5046735183602977
ZNF676,0.5320073267951869,-0.06238481944147464
ZNF699,1.5925169244664312,2.181592751078302
TDRD7,2.4022365376685166,3.8406977779802673
HLA-DRB1,0.9589284542824038,1.7041645066690922
MYT1,0.12023567500050349,0.12115999010641468
SERPINA3,-0.02962926364377183,2.1902025804522083
AKR1C3,2.4466107806936344,4.977261010551759
SPATS2L,6.209010023581323,6.361246823862069
ZNF250,2.1227236216947074,2.7767747866052224
WDSUB1,3.0995736742519195,3.0737703122708324
ZNF79,1.9283417379365837,2.301514757319807
S100A4,4.990609627414514,6.326754725912541
PLEKHG4,2.353785159662647,2.853539215101613
FAT4,1.5362530496145244,2.8643911001151143
ZNF681,0.8803978012495117,1.0320983129583
ACADSB,2.5858337652013157,3.0793643931963484
STK40,4.287882312967714,4.272818928375072
TMEM63A,3.0861565056553397,4.192366086055409
SEMA4A,0.18967219208251002,0.8977597515148901
HRCT1,1.0148305250972423,3.671626421812787
MPHOSPH8,3.383214683867791,4.397863163696594
GREB1,0.9402325878824455,0.9549353771536185
ZNF766,2.8454799416379353,3.4406605102996504
RYR1,0.11983139388140007,0.14641283370268646
SRGAP3,0.3302794656753443,2.0631832361631735
TUBB,10.53797611764201,10.101613883602804
LCOR,2.833756317584187,2.7211618452644344
SUPT5H,5.73624803434751,6.407957471552557
XPNPEP3,3.3586224499402464,2.8561209172249136
OR2C3,0.07690844007429083,0.00286654719155386
ZNF107,3.152123366414817,3.4613338262642763
PPIA,12.158742920170303,11.868124499057888
ZNF471,0.6320075992815761,2.5977978951928584
ZNF836,1.9617000804423048,2.5945824037228276
ZNF493,1.4517069414748842,3.2759036750759734
GTF2IRD2,2.3590703476836694,4.242416740718263
SUPT3H,3.6939921379306555,2.625627913061972
NIF3L1,5.280651775227353,4.9328497792229316
ATP2A1,0.750485035018503,1.474625210050075
POM121,3.864929990716177,5.370694048777781
ZBTB44,3.1821772098938954,3.2913915770574693
GIMAP5,0.207782691512494,0.10625430044146689
CGB7,1.4139812027854504,0.6463599638723474
NLGN3,0.11197842524775728,0.47058604537667054
CD55,5.362322577981075,4.26004729222193
CPNE4,-0.09501723394895717,0.7573003621963341
ZNF565,1.392074756237724,1.982289185511487
NTNG2,0.8022503520974016,0.9749456433689903
ELAVL3,-0.2692944998549437,0.5953901700069077
WDR5,4.573246386828565,4.913177046333996
LONP1,5.523498871314989,6.081771695706914
TRRAP,3.2437037433418054,4.6231652864283355
NUDT11,2.638576364677073,3.120491906920665
FUT4,1.0856328879456514,1.4267497634371251
ASB13,2.9372898321092675,2.3912886872608095
SLC35F1,-0.6024165018633503,1.2691860754649062
ZNF34,2.019112760927312,2.0387367196832322
ZNF781,0.4356332283462041,1.1342261739639314
ZNF140,2.5994283853153144,3.5672539904958507
INCA1,0.6013190053585378,1.3123338007436274
ZNF774,1.24742055774725,1.8586807307137438
PTPN1,5.269979777992042,5.3036059054142095
EVL,3.9200729169541577,4.880636659675955
EPHB4,4.042091947072139,6.282609050613269
PRTN3,-0.002841221626114998,0.3584815503755201
ZNF765,2.1042748340326747,2.5464434404763354
ZNF124,2.153139067902456,2.5746385963716483
XRCC6,8.733185344041308,8.223292380338798
S100A5,0.824265591074129,0.20727966437614798
TSC22D2,4.774032551188238,4.847750401340971
ZNF569,2.016910332090146,2.8700734116017017
YRDC,4.778312894358039,4.449323801121765
ZNF777,2.010940752406599,3.567834833909475
PIK3R4,5.010766686278593,4.4093177008267865
ZNF775,1.9525364540237087,3.052568602762857
ZNF605,1.4713087992184526,3.5650745725645177
TRAPPC2,3.141194374773099,3.5806899789007747
RFX8,1.7020370094100534,0.6396078243568781
MYL6B,6.18791675224417,6.0072928898751385
ZNF799,1.7231132761967543,1.5429520486229267
SIAH1,4.015922550663462,4.5486242564803785
C20orf96,2.6583524804525034,3.143838642014227
ESRRG,-0.08757118566270822,0.5578363255465186
IPO4,4.829952673555537,4.106549187704234
NCOR2,5.6007267884358205,6.463404838133963
SULT1A1,0.7036996138371907,2.4624714715057174
ARL9,0.0021950372780060734,0.752568449488636
PRPF40A,5.554801762554022,6.054976983765414
GDAP2,3.77070522099621,3.3532811861564014
TCEAL3,5.1215808907641565,6.2276865844754425
ANAPC7,6.054084092550426,6.276226747388369
TPK1,1.4815492804494832,2.300899149639707
SLC6A9,2.410676254057212,2.7237295650426674
AFAP1,3.137627654321682,4.560319943021208
NACA,10.499918145798267,9.459471137350096
MYO18A,4.1028116383863695,5.283241464216521
MAN2A2,3.2395226938522073,5.43383331849777
MME,6.271817030712512,4.2685707007158085
FAM72A,3.9395566977059575,3.4506273013433804
CACNA1H,-0.6505825701800507,1.2054132038875522
SULF2,2.82132707709899,6.130232100489365
HBG2,0.8662687487514853,0.4317178534063827
LAMA2,0.5401652429251392,1.9173230468969693
PLXNB2,4.9827052122794155,6.459574291846806
AJAP1,0.848908530280736,-0.02090145095090673
XRCC2,2.675359700373476,3.3643957299621734
MYO6,3.159285185040441,3.8710069707172705
HDAC2,7.476259324024027,7.473416147060357
ZNF782,1.127869823433718,1.8566629536855723
POTEF,0.3184350661218986,0.0007204016015483761
ZNF846,1.3496905555366534,2.445432150427788
MMP1,5.92309190433168,1.1733603511212338
UGT2B15,0.05854159563673819,0.012615516864530895
TCF4,2.453318910681441,6.311842961954901
WNK3,0.2737304681086176,0.9839010401398819
HRH1,3.4631573892948055,3.496659974399987
ZNF136,2.0662142400062384,2.7999535000837077
ZKSCAN5,2.870665028410126,3.7378117997631937
ZNF502,0.6103387437353532,2.0308076782688342
TRAPPC4,6.470344419166999,6.510906022912343
SLC30A10,0.08202585653905424,0.10325579338856072
TECPR2,2.4843211059789834,3.3016610370486523
ZFP62,3.565643669357056,3.770724835260583
ERI2,3.890955199479873,4.245135303019317
TOMM7,8.875059797869671,9.100632861330793
HSH2D,0.3701805164705807,0.06329563028838406
TRPV1,1.147407737536983,1.5216501218401788
ZNF33B,2.9991167158869656,2.387964600285674
ZNF512B,3.1584468099017817,4.203388920180502
AMZ2,6.616141970307659,6.488989719576122
ZNF431,2.298890101495502,3.1498681107400115
NF1,3.7984197688097323,4.886117375480017
VKORC1L1,4.4389447667623285,5.379246689974581
ZNF418,0.14101249257571657,2.430492036654153
DAPK1,-0.29096564560233906,3.57134946697058
HLA-DQA1,0.10615730647620625,0.9900429168706291
COL27A1,2.185255348628697,3.3586538684956215
GM2A,4.797165072818615,4.312745872559691
S100A2,5.913834615733344,4.519774555182174
ZNF700,2.961564635771617,3.2376408270567363
POU3F4,-0.07294234600894894,0.7682801914248865
CD47,5.892000639363049,7.162130266693771
TLE1,4.270976927806258,4.257470977627212
MAML3,0.25412916879803327,1.318605160064447
STRN3,4.245075388687914,3.9172001351900305
ZNF239,1.6462623852402298,2.0969467421783397
ZSCAN16,1.366625848196333,2.618578965805625
ADA,3.5427685375714577,2.323828250527007
ARID5A,3.0725727926881974,2.8581945592380795
PATE2,0.012071968547235495,0.1287068785397784
PPTC7,3.9325789865238208,3.644592447044275
RGPD4,0.31445758195718504,0.4539254338091796
NHLRC2,2.96081965701473,2.8060053516386723
ZFP28,1.5750839345216034,2.9142416915047997
SCN8A,1.123491224659814,2.2890984344987295
LAMB3,4.835468001272279,2.6160032939053615
KPNA5,1.942534920236882,2.3540264303357388
ANKRD36B,1.9871530944180253,2.00348382273743
ARHGEF12,4.242341648606805,5.711333518343819
PDLIM7,6.482546989882345,6.919602892769316
FLNA,9.257171702467812,10.06072566083214
TMEM26,-0.46850134535999655,1.6041458155672657
SRGAP1,2.5027589297580155,2.5448326812497273
FAM3C,5.539742172314673,7.673279681301049
SLC39A10,3.1137901468042077,4.595980983312478
CASP4,6.252612529900008,5.598108875317602
AP2A1,5.018476686962952,5.710665906513818
ZNF585A,3.3206572529812624,4.537189604551582
FUT11,4.182318474271575,4.265955577805472
ANXA4,5.517910003434352,6.566243352607139
LAGE3,5.536237544344692,4.6525304458668755
WDR5B,2.227878713395669,3.1170297255025092
WDR45,5.069675022714049,5.92893598107649
METTL9,6.4800306206801,6.534672550676843
ZNF138,2.7953553846916623,3.218553657259081
ZNF429,1.5521794871252061,2.814008128020989
ZNF470,0.7775456965138969,2.2774335227804516
SERTAD1,3.584140592302042,3.6614041403757183
ZNF100,2.003966429928794,2.4506172611261636
ZNF398,1.7530061669388877,3.084000167569107
ANXA6,5.947304430020469,6.810506025072491
ZNF441,1.645943094208636,2.6433381001143466
GMFB,6.0721171803067024,5.725400054439217
SIGLEC15,2.770119350354899,0.8992831511098437
ZNF420,1.8625754765972262,2.38693810236838
ZNF763,0.3315868546440204,1.4627368225888608
ZMYM1,3.5192859155743887,3.2867549110744743
MAFG,3.6107512000676945,5.0414433021079
ARRDC1,4.4131817249365755,4.441835373651852
KIAA1671,1.5242616772503281,2.847225400760021
KRT35,-0.014596064597474978,0.10644225961064482
IGF2R,5.454175527657987,6.458470505718245
GAL3ST4,0.23589630043570198,3.3122068808914036
DYNC1H1,7.852031687346287,6.995647563450172
SLC6A17,0.7444445608199017,0.07082182407818316
PCBP2,8.925150795833112,8.631081148103442
ZGPAT,4.232697519556079,4.253524386028552
SLC25A29,3.4147868858653867,5.3068386479475045
PGAP1,1.862077540329272,3.9279484325130958
SRC,3.6493122125258814,4.53965180504864
ZNF679,0.14250173057280469,0.017783244350670344
ZNF682,1.2223113379901955,3.2122707099513246
ZNF772,1.6785216322916452,3.1443620252149227
ZNF257,1.84532444963946,0.039992840434637356
ADAM32,0.21756999386697495,0.9844672181176448
ACSL5,1.9914376413130253,2.12267117893833
LRRC8B,1.4171115272787083,1.4448688844248312
ABCB8,4.095643615032701,5.221753917667106
SND1,6.278331425335617,7.222565384210641
ZNF785,1.975293184055412,2.4934106789021513
SULT1A2,0.14097203708940048,0.23431181998964706
NEK5,-0.0071465541388839315,0.35883564013805125
PSMD12,6.544204148000615,6.052811289053521
MAGEA6,5.505469161250474,0.4676488889769841
PIWIL2,0.27231493924074823,0.12411122409202344
SLC22A4,2.7999959727372064,2.867729119897188
ENTPD4,4.379099583097263,5.660865036430903
C1D,4.933784409656467,4.895126991932382
TBC1D9B,5.178498041196371,6.260630257574425
SERPINA1,3.378270925581309,1.3865371125247283
KANK2,5.340491058431841,7.007674791047168
C6orf141,2.7201118091343686,3.7538671895453715
GTF2E2,4.945055515277412,4.587470719134292
GUCA2A,0.06698517988974917,0.023693587336806824
RAD54B,3.830855193775087,3.285851153700031
ZNF165,1.3452224749534967,0.5301017790155049
SYNGAP1,1.770458123828343,3.6700132094337494
FITM2,3.2775055903846226,3.827633320910605
BLM,3.7474763841259446,2.887161150375875
DDI2,2.6608456534788147,3.035680426020717
SVIL,3.276107398141974,3.3241441841258212
TRIM33,3.6585451364267128,4.152318344843893
LRP10,4.978071670472998,6.3346605654049295
PELI1,1.558350283997449,3.2071073273028743
ZNF655,5.651435123966096,6.3040355131020895
MRPL21,6.869206878612201,5.56964441430127
UAP1L1,3.8965986282806524,4.229781833146183
ZNF98,0.9178678865644311,-0.020274494149108813
FBXL22,0.3883197186706809,0.2832635489018819
ZNF786,1.3565937035647393,2.4092667523606783
ZNF517,1.517013322642896,2.5801303631444488
ZNF675,3.553176382583293,2.8031382603483244
SLC22A5,2.708760760713642,3.3556334600431432
DACT3,0.1798578625204832,2.6461393692948656
ADARB1,2.606693839088047,3.4758098963292166
ZNF860,0.9693475638365519,0.4617890065321084
HTT,3.1672209227262673,4.343211400112422
C5AR1,0.3732264256034396,1.1466657671036982
DIO3,-0.07702386876343659,0.14463274669007672
DCHS2,-0.49764238360709445,0.8963282766329552
VEPH1,4.369466394286847,2.294145618478913
SHPK,2.352103771843151,3.2670398879185183
IPP,2.5181161383132467,3.894058870734959
MAP3K5,2.0012625207987353,2.393266031025679
OGDHL,-0.19025724287805734,1.8146763613439996
GSTK1,5.5887504744877035,7.3302563568016215
HNRNPAB,7.555636663440695,7.340125309714625
STMN3,1.0256290164629047,5.172807653915884
PDGFA,3.6338780874320555,3.9489957375491906
COL13A1,3.566581568980499,1.8938499957066353
SPN,0.872786828517226,0.20004991139812145
ZNF695,1.8289478773582035,1.2020622460405723
ZNF628,1.8294518563190278,2.4789685988422763
SLC2A10,1.224376199288809,5.16162463462915
ZNF665,1.0604370486455206,1.7721328918193662
RPF2,5.834970865383197,4.720343255786002
SLC28A3,0.14077601673058107,0.2898643431392315
MIB2,3.8950638531749258,4.8553044315053455
MYO5A,3.406446557222711,4.340376889401992
ATG7,4.7644185592364545,4.576144051411903
SIPA1L1,3.8096741043695803,5.032591409318589
ELANE,0.014885955311464472,0.5880993135676651
RAB40C,3.0415930109647378,3.4412261002078184
PIGN,3.2072223316250774,4.396898314142266
COL4A6,0.8539079007059053,1.886170492247298
ZNF624,1.5795247887585917,1.6121285791847724
HOXA4,1.8022168798718945,2.024006922508627
TOPORS,3.5090534207037045,4.041493059035981
BCO2,0.8046347718634559,1.1738075405930224
KCNMB2,0.4011186714303663,0.4659006245869746
ENTPD6,5.428885826881789,5.725652692663597
DMBX1,0.5836409994678595,0.14143910097904255
ENPP1,2.751872780167059,3.3862375236788944
CCDC154,-0.044616492174735956,0.5347878665482073
FAR1,5.4449145774487375,5.588598847557003
ZNF841,2.12878901913584,3.2213094957461617
MFAP5,0.03468822695486784,3.9004857222392744
ZNF615,2.008642384327308,2.5240780475299682
CDC42SE1,5.2669901896217075,6.222860260691478
SERPINB2,3.5474049074734624,-0.08570863096865788
DPP4,2.092241478175843,1.8659909144857127
PDCD1LG2,2.36845349525132,2.7258388165539245
ZNF433,0.9715475467078514,2.2411152866753388
DNAH10,0.1114179299546903,0.5873564095612598
SPTAN1,6.0551440166192805,7.396868290475775
NMB,1.8893082723557866,3.6976239439327427
PARVA,3.6875347534457017,5.691463491872279
KLHL14,0.06071813412874831,0.10856041432006869
FAM114A1,4.971124626894616,6.0019630815675
RPE,6.156938259968384,5.784070485468893
ZNF460,0.8140211270578254,1.5585549409754633
PHF2,3.2148862003713976,4.2334762618419095
RPS26,9.50580251803842,8.369445268804965
PSAP,8.272110067410248,9.865249492207075
S100A10,9.419659811681152,9.452116160953546
LHFPL5,2.911746855448241,2.6150056024151627
RPL37A,11.189016161142874,10.361560713187563
HOXC6,2.454144525499138,2.707239710175906
CFD,0.1871465801119473,1.7891258497022342
MAP1LC3C,-0.13535320357048675,1.2704934351084909
EME2,1.625525205728859,2.9203946322489527
KLHDC1,1.0136134282037437,1.328624861738579
ZNF81,1.5557021087086509,2.3422505832362726
TAF13,6.094593738750236,6.911266492532033
ZNF780A,3.3259549559974815,3.325078739349035
ATAD3A,4.93576923070026,4.448084523816107
FAM118B,3.843989568966344,4.311158952237588
ZNF461,1.6479786344889298,3.4347147307751094
SLC9A8,2.446378938819594,3.107883464995711
OCLN,2.1328242593439914,1.8031672587674525
ZNF181,2.432851276273097,3.6197886633522933
ZNF44,2.195754407339895,2.8571259067890944
GPAA1,6.825948011258557,7.120117884267091
SGTB,2.7637042030111316,3.579790680220395
ZNF790,1.3465055136804556,2.7985539439962563
MYO1C,5.748923058325847,6.624087014110454
NKIRAS1,3.694631984885628,3.9600959998567693
MEIG1,0.46865683213932535,0.4561853791463107
KIF13B,1.7477975707041777,3.4375966579855906
ADH5,7.036912532612035,7.38729530573149
SLC22A6,0.23756161704262774,-0.05231908253591312
TEAD4,3.5635846520256433,3.3990829921452343
SPG7,5.098470281642304,6.043101478457011
HRNR,0.22306148927897967,0.11240644279794101
IFNA1,0.008825876699244173,0.34146681335472023
ZNF677,1.402083806963701,4.510226172860535
ZNF823,2.296816879704676,1.9797732311709804
ZNF311,0.502959311886455,1.1929623036599837
ZNF347,1.6530555781128775,3.2239882202628447
PLCG2,1.1839057246988376,0.27862721006814295
FCHSD1,2.4823640883664835,4.081319891095712
ZNF71,1.8559633148444497,2.5588898839559917
S100A6,11.974691585557188,11.781239857468407
RPL12,11.130755296745017,9.438779907177025
DNM3,0.36758161094288355,2.976530620453612
ZNF121,3.161549913168988,2.6422753627552376
MPZL1,5.742308990507079,6.981580574645895
VPS13A,3.352906179872622,4.213441646041957
MBP,0.5643591914980332,1.9533913331975998
ELOVL2,0.8743917260961693,1.5460613426221166
GOLGA6L9,1.77467029437745,2.394578429313759
LEKR1,1.1020883554413878,0.6900769655123327
C1orf122,4.934204634682826,5.862519766910464
CLEC9A,0.14088499045347497,-0.012541613136872798
NOL8,4.43233898047712,4.901405164196989
IRAK4,3.411201200392445,3.8627021013062754
MRPL42,6.67350234454938,6.047125424058556
ENTPD7,2.718866560724252,2.8133284382500423
ZNF335,2.926954478407361,3.201149179118722
ZNF560,0.18583704760338204,0.07556647921178729
TUBA3C,1.743799700534657,0.36368500585608976
RPS4X,10.677953639278229,10.050679452684731
ZNF273,2.5455680821269193,3.1920300175806973
ZNF84,3.6692963225064736,4.2782654143944905
MAK16,4.04664001210153,3.931744034474181
ZNF667,1.1052292329002382,2.81875836947775
SIRPA,2.2663417390540697,4.7739140654017165
GRK6,4.68328159926862,4.583707833857713
PRIM1,5.694832546914174,4.051743051203365
POTEH,0.09155585314030529,0.019214518683289397
AKR1B10,1.0934403550782315,3.1168209088404675
SULT1C4,0.003723976675938795,0.33597947420169005
CD2AP,4.422573070443438,4.44793711458833
NUP62CL,0.291320090147298,1.007608496536918
SFI1,3.228671059337514,3.932492501914437
ZNF649,1.8464838953090883,3.0065915772196057
ZNF248,2.5318400438034727,2.848721589004381
CHSY3,0.05681183034158788,2.0845313252285003
LPAR1,2.6198231903181406,3.9262188776128113
MB,0.3803826667727571,0.8026337356783503
HIBCH,3.670366470503479,3.6566642907477656
ZNF544,3.2861976235456276,3.5937053410358435
TMEM229B,-0.047497250010429815,1.8333406093037667
ZNF770,3.7224165181446223,4.642627722644164
HMGN5,3.4355493535745834,3.63020718812653
MIER1,4.226382476801485,4.241578736843143
MAN1A2,3.7250672707459396,4.593383979014585
SVIP,3.6434491265337003,4.360529518132428
ZNF251,3.4698012303561225,3.5026746599060563
DDRGK1,4.9491813199327925,5.786226086476753
TFDP1,6.156829834769148,6.156204192661848
ZNF607,1.5931697801024365,2.203070319339197
ZNF334,0.48554561680225095,1.6521063781146879
HSD17B11,4.3635141447973105,4.35232388704751
SULT1C2,0.9491318265993762,0.4095208785756803
ZXDA,0.7002140295541741,1.8576221141066638
RPS6KL1,1.1820779904382543,0.7947327945666904
QRICH1,5.4573920607871385,5.659943858186089
CSF2RA,1.544212834264898,-0.10913138261397537
DDX42,5.940267039355691,6.866785612289858
RPL23A,10.287988973414064,9.237879989655227
SLC29A3,1.9508989386103197,1.3570249051171057
STYX,3.8428013738765796,3.666480641707394
UBL5,8.96831388864665,8.90441815286144
HELZ,2.640495244006313,4.006593037670308
TMEM116,3.064473853023557,3.7236827817639
UCKL1,4.674959714642504,4.625972413415155
CARD11,0.6640979386655073,0.23595196674837304
ZNF485,2.1939476292603066,1.3399816722931523
PEG3,0.17809521545018164,0.7599960088848259
SDAD1,4.367773369004264,4.521643412025845
HYLS1,2.4919512399328085,2.83103349556223
MYL4,0.23711767206393586,0.21693228946807033
ZNF442,0.5162609798468875,1.5144730415755296
ZNF813,0.4513771970009304,1.6788026263301952
HOXC4,1.8910329702035535,2.4219589287721592
DCAF12L2,0.07781364989065964,0.04283052633395439
PIM3,5.0440058783663595,4.212593843058826
ASPH,8.173281235010002,8.093228653932778
SPRED2,4.249753539804201,3.9104798615218748
WWP2,3.8939860077182966,4.683090853038812
GFPT1,4.745562468967449,5.134601601479462
UVRAG,3.3466761680883907,3.3981936964280415
ZNF26,2.879362661672413,3.1151464196959977
ITSN2,3.8320663768886156,4.03886880138962
NTRK1,0.008673905473995158,0.5018741779828442
MT1F,3.994599428044492,2.4988385598737173
ZNF69,0.8803025117546082,2.8217811871037237
TXNRD1,7.904579548947148,7.470269355763297
NRARP,0.39219023550259763,0.7021052766309905
ZNF583,1.661735520078937,2.7654651062475684
ZNF568,1.7232382869874558,2.9116518111659757
ZXDB,1.8411531250720106,2.7401418156589807
ZNF480,3.823988354860516,3.536794931325138
ZNF587,2.4686192452570412,4.465172580569455
TPM2,6.126383775799169,6.497738293141914
SH3BGRL2,1.3194751907770415,1.9742591223459964
ZNF808,1.2413092424970447,2.49829504076865
ANKRD35,0.177329560208298,0.6736035618642371
YTHDF2,5.9055525997804,5.592539418741775
HLA-DRB5,0.7971919786094395,0.34940073751284006
ATL1,1.2383453358878875,3.7245757480477066
CNGA1,0.226984734525599,0.12560673533087235
MAFK,3.697416547081341,4.626691004593097
ZNF43,1.595145821127775,3.0475300661231826
GPN1,5.480162658620389,5.600538786867884
PLN,0.5781982886612929,0.024388201700643902
C2CD4A,0.06172013848434185,0.04637156613961686
ZNF28,2.685324322147056,3.49900879135528
ITGBL1,2.368444693919977,5.593039292794721
ZNF511,5.126817032012246,3.811726673790346
ZNF627,2.643168723203787,3.3194341728443417
KCNRG,0.39098666379716474,0.5652988180411447
WDHD1,4.89252909275119,3.563381631599508
ZNF789,3.0375586759075244,4.329307327164031
CTNND1,5.304860341576882,6.360004314544232
SPANXC,0.9758832003886697,0.48311498154243504
SH2D1B,0.513750630547181,0.14224414397930457
ARC,1.2327695448532796,0.6151474882262488
NUDT16,3.3993230098180334,4.4488650579266995
TLK1,3.952483432661304,4.3919910118561605
LRBA,4.043651555645862,3.7831342205412737
ZNF536,0.050790701911981095,0.8288369649257451
MMP17,2.26912247133836,2.5031703863874006
BAZ1A,4.919895964508809,4.141600892628194
COPS8,6.667731393767141,7.08454361418314
CCDC69,1.8662197227274344,0.7385378348389287
MDM4,2.5825764087053393,3.507082519107236
RYR2,0.6954193267878217,0.8719305042902641
KLHL9,1.4237692114902891,4.2565564795693565
NCOA6,3.7356940312834497,4.06047316995958
STK39,4.010119963139564,4.398680153158754
C6orf89,4.36297420555813,5.709146795110504
CALM1,8.922313739246075,8.159274284291055
TUSC1,2.61307483001158,2.7872180272942866
MAGEA1,2.8970038810313525,0.07819034787843782
PAPSS2,4.308560304430194,3.2146157905039416
SLC9A6,3.836092974770006,4.0455450163871145
ABCA4,0.14721856948932419,0.5245583744617248
EIF1AY,2.014182490938869,3.317166042886988
IPO9,4.927686200908973,5.568118538543612
CEP290,3.9450532417967694,3.1975354526102704
DLL1,0.3440519870964509,1.1303290537719002
ANKRD13B,2.043386760209585,3.2917997601832623
UNC13B,1.9911298573380551,3.4097220919537925
LDB1,4.36551133663925,5.228759315652904
PPP1R14C,-0.17178290476752078,1.9916868963231362
CTR9,4.8790334975656355,4.567955484376716
SMOC1,1.1253987594604913,0.4593467002738028
F5,-0.16102882843772998,0.23095587561311307
LRRTM3,-0.03219942609138404,0.177798933594899
ZNF652,2.5505234642504186,2.365519733748833
SMURF1,3.272033304222564,4.1793796475633185
SLC5A3,2.7910607947341264,5.025637850618468
GPATCH3,3.427283667722126,3.146400346523576
CDC42BPB,5.0156720266785575,5.2732110519679
PLXNB3,2.139297212780818,5.2169034523893885
OXCT2,0.4354390868448159,0.24130864003231842
RPL10A,10.223574122242004,9.205147245214695
EGFL6,0.14851537366207487,0.08418243958233171
APCDD1L,3.50577232557987,1.4826977042294602
RCSD1,-0.01609271727619549,0.8269778304942633
RASSF9,-0.08184832812542309,1.526278311277073
FAM169A,1.1330584218476139,2.289632327490769
ZNF830,3.628606683772427,3.991721055071558
GRIN3A,0.004409041463057872,0.2808099731790065
CNOT7,5.754444614566902,5.9982091874739485
TMEM184B,4.777348295886462,5.701861229457786
MTOR,4.49579451340079,4.673750636197645
SCAMP5,1.6256462874014745,3.5603155577722525
ZNF521,0.872477277261209,4.061099818989019
ALPK2,0.8050087545754496,5.545122262884503
MAGEB3,0.047627747039209974,0.048383676764300255
LRIG2,2.4558878438565035,2.6175995513562977
PNP,6.170550063756869,4.680331127712562
PAX9,0.5620154235878584,1.422348547969867
GK,2.304876142611392,2.9509217817451177
FOXJ3,4.378041578889288,4.763723715999229
ZNF358,4.2977499329057345,5.061973457821866
SFT2D1,6.530716511998036,6.148646686266229
INPP5F,3.20709176263968,3.581596769067346
ARHGAP11A,5.710815074000549,6.041712701956145
SUCNR1,0.30807166465735397,0.4510824222705091
HMGN2,10.197126809562276,9.39369363169876
UBE2J1,4.636481315020945,4.973336496837221
GJC2,0.4812739714366172,1.4534825561554576
OPA1,5.48632878530508,5.94965848735397
DENND4B,4.276345447019188,4.654884001048223
RYR3,0.5727526836933347,0.8701824543406763
ZNF277,4.4477756331081055,3.8844500447742636
KTI12,3.87473957260564,3.9026832988534426
TOX,0.3436100546925245,3.505367491175019
CES1,1.474696947294268,0.2715870395678697
RUSC2,2.7451529258945127,4.301302110630928
FICD,1.8786411715100524,2.991212242994924
OSTC,7.39351809994819,7.883336444730684
TSEN15,5.5264025858755375,5.740014534829253
RUNDC1,2.6499442924827905,3.598637606891134
CCDC152,1.9287598140141085,1.2865470590188535
GRK5,1.6716666418227686,1.6007952265510415
TYW1,3.2986844693094772,4.67786752306173
DCAF12,3.4338482827873817,5.056658855102124
SFMBT2,0.7170186106956636,0.8494540721893933
PNMA5,0.05168940292220274,0.09136918188282903
ITPRIPL1,1.2681338652612155,1.1176340874354918
SMC5,3.6661110060332067,5.248051969111465
DCAF12L1,0.02384011757771474,0.02406549084551625
PRMT6,4.571107593059116,4.031728483208946
SHISA4,3.3637545212458835,6.2189485896830545
CAPZA2,5.999181994957815,7.595105514910962
TOP1,6.391467267150641,5.471773463626462
PRC1,7.269052055338999,7.735280105015841
MAP3K3,3.364472447252472,4.398640679622435
L1CAM,4.453905259020997,5.230156231746142
SREBF2,5.1471997705275,5.7605083159385835
C1orf174,5.004330032015043,4.0990649060660065
POU3F3,-1.4244313731822655,2.951960083366238
RASGEF1A,-0.1083845524603198,0.5515565414054421
RPL39,11.771559293083987,11.010650087660904
DZIP3,2.8576129973552655,3.212248578654385
KIAA0753,2.523783275899762,3.9343892445251685
DCLRE1A,3.3563166437368697,2.6512528480587
ATG9A,4.7055252488329815,6.198596400778751
NOS1AP,-0.08838223423929992,1.239881587306968
CSAG1,4.710815000804735,0.1741214980486352
APRT,6.696675384709376,6.327119864062815
GPRASP1,0.18056371355470058,1.5441566668236333
TBKBP1,1.9809302594751634,3.0223759732892983
MAGEE1,0.9476592925247806,2.1009406718260215
ZFP2,0.08383165607673829,0.46081645093413426
L3MBTL3,2.044930899645225,3.0425372781002444
DMD,1.0025435744967977,3.608945515231479
MFAP3L,1.249258960357492,1.9670305144390943
NAGA,3.9544350952014424,4.295178191445225
SMG5,4.75377740131947,5.6642659509834505
TGM2,6.26753783223659,3.0076545603126084
ARMCX6,5.220709622085715,6.134783157968174
PJA2,4.91201249241758,6.428850859574505
RORB,0.08361047016550738,1.036867677706358
SGMS1,3.655591421628196,3.0778154510064843
ZNF525,1.787320488355589,2.446659281887015
INF2,5.681999354711336,5.970214529207214
EFCAB2,3.207380990174152,3.694192792618297
CHML,3.3917161865363834,3.2958297900981877
CAPN8,0.3658290422969779,0.016081850251654345
TATDN3,3.3654317724868386,3.607535557250336
RAET1G,1.4758097003085457,2.0972057172343055
C1orf53,2.3833450293157807,2.9214727226982156
SAMD5,-0.5970132976562803,2.6116567598648004
CENPW,6.699440036226612,5.785296575465122
SPRN,0.7747990569796135,1.0408375766894162
FANK1,0.7931406445566009,1.911453788853244
DDO,0.9739379508798289,2.778599824052269
PNLIPRP3,0.2315336200297877,-0.01308987601163647
RBM20,0.7220733038143982,1.1240960560483262
C6orf163,0.5218836787474094,0.5555828428985184
RIPPLY2,0.7464668249231776,0.5811229393155919
GDI1,6.642241991729092,7.861401107766141
PCMTD2,4.383316130593728,5.255870936801832
SOX18,0.7419250859437173,0.9155255486263839
LIME1,3.0487139723815986,2.971622632732956
SPANXN1,0.2652838715443503,0.15050258471400346
SPANXA2,2.7070432121879,1.3956320523632004
SAMD13,0.687379053137674,1.4050607352765954
CCDC160,-0.5723587908774888,1.0845261549081184
EFCAB7,2.962464801446056,3.2979633349922013
ZYG11A,0.5864426994580783,0.07960201770949388
LIPN,0.05236990693881461,0.001628713364428807
TCEAL5,0.23122750494937688,0.40614836045942876
SYS1,4.707132845797245,4.895050647905735
INPP5B,2.477093523010824,3.118656062599104
MAFB,1.8019234682233207,2.40298989254484
TRAF3IP1,3.0452664000432885,3.9722851179400203
CHIC1,1.96329488394738,3.1219200598247525
GIGYF2,4.2023424006543975,5.349437137074332
C2orf72,0.22884808808292456,1.4835992688099058
RUFY2,3.1947424357200567,3.5633473722255875
NHSL2,0.15983310282494395,0.34422251805291093
PHACTR4,4.411050365402227,4.328170901183306
ASAH2B,2.1855427151640625,2.306874887801435
AGAP6,2.857378343132669,2.9956371077540993
ZDHHC18,3.854180964875539,3.833957367828544
GPRIN2,0.2758929813196349,0.05545051422071787
SYT15,0.7461387805629549,0.24849958870602007
ZDBF2,1.058992359595912,2.8586725118039387
DAXX,5.9730956571343405,5.722958045083163
BMPR2,3.6349260754939645,4.462601397422299
TCEA3,0.5765448447681529,1.6744800461797473
PFDN6,7.215391193407318,6.433725569581009
RING1,5.162241814703197,5.455486893897097
HSD17B8,2.3563288278802155,1.2556089819984209
RXRB,4.294046365248263,5.054856167870142
COL11A2,0.40495201026177063,1.642167431759598
HLA-DOA,0.4439597083853802,0.37887469147192154
BRD2,6.585670247520809,7.483886628997457
HLA-DMA,3.123907250735818,3.0838840209605523
COL5A2,3.4801903223906456,8.293255167097925
PSMB8,6.189536960546309,6.877882502450321
TAP2,5.390483271856581,5.6546304455074194
SPIN3,2.6172032447566815,3.741268380167665
HLA-DRA,1.5754917637923311,2.9086085778509827
COL15A1,0.4285309357203243,1.5002927302170743
NOTCH4,1.2146790921831103,1.347656193226892
PBX2,4.6819751083507795,5.3505635536188665
AGER,1.5427815730526873,2.2583293041932744
RNF5,5.44297096461103,5.668228920751221
AGPAT1,5.321640413947424,6.2417039610587945
PRRT1,0.4200832741330879,1.576442449565045
FKBPL,3.023631133807093,3.009707695118785
MRPL38,5.8808227645500155,5.763264083109108
SP5,0.4635945324148942,0.7015578299376731
STK19,3.935678921502934,4.904578278876828
ZBTB12,2.715993720629372,2.894460271599636
SDHD,7.571604219125997,6.97303428934319
EHMT2,4.749152722909867,4.847364450944046
LAYN,3.6840533050133586,6.3127652115400865
SLC44A4,0.08574333412466145,0.23539707161625173
NEU1,5.620733156466602,5.924331895871699
HSPA1B,5.9816193241589275,5.9820912750216655
HSPA1A,4.278382885894318,3.6285634811776006
HSPA1L,0.7284525276756282,0.7590634479596211
LSM2,6.4751492168121665,5.8470948893510934
CARD16,3.274652975865694,4.20710794617539
MBD5,2.516705322291501,3.452742748041187
MSH5,3.6598931887490287,3.8285532907942774
LY6G5C,1.5443472530074254,1.4687497782605459
CSNK2B,7.796382077532226,7.31857111625977
C6orf47,3.7411681310773917,3.881827009455704
APOM,1.391929596086118,2.432419422413584
AIF1,0.2115381349634244,0.11602371626608315
PRAMEF20,0.07528962562476825,-0.004165688260306836
LST1,0.12171083437417576,0.19514417724472946
NFKBIL1,3.2929538800567686,4.064537046089076
ZNF814,2.4059398659156788,3.906756677702561
MICB,3.5514755775528357,3.0242631805889104
ZNF551,2.165008258712432,2.2770347682758234
MICA,4.37676164247577,5.711198805553094
ZNF805,1.0558430320971641,1.7426221616267215
HLA-C,5.085078744471723,7.780881667699513
POU5F1,0.36025590645643646,0.39977062946854675
CCHCR1,4.513803036600466,4.533220793587869
PSORS1C1,1.372146716953755,1.5714621617935203
C6orf15,0.8718460620691482,0.16182654867011986
DHX16,4.524705826417355,5.084035115498192
C6orf136,3.8742209386932203,3.866766971978465
MRPS18B,6.759960887950461,5.978597419601747
PPP1R10,4.462873722983043,5.055085770732187
ABCF1,5.170740160218556,5.563612818427516
PRR3,4.024330347021856,4.213843096578488
DDR1,4.115071321603238,6.773583168167513
GNL1,5.349906868071414,5.928840474028491
HLA-E,5.66676152992574,7.153993155778538
TRIM39,2.9127057176825333,3.6463951652281796
ZNF468,2.6376441931630823,3.4699877916223163
TRIM15,0.03498656515386615,0.0474524034602473
ZNF616,2.376837747402072,2.6953364394093384
RNF39,0.257647399129884,1.3243080725155132
PPP1R11,5.404860581216535,5.512989915413688
TBC1D8,2.9973962242848233,3.309547098677249
HLA-F,2.2506429853717442,5.110577513088116
MOG,-0.35545188721192655,0.7529999680740408
C5orf60,0.0925484800697305,0.054105230604098824
AKT1S1,5.603378373720452,5.37448914352648
GABBR1,2.8702984289988995,4.570931581931474
TRIM27,5.107433321829899,5.41651901360932
RANBP17,0.6327376883678695,0.053974473155473573
MRPL53,6.502097543858788,5.9605222244882015
ATXN2,4.991857346075675,5.22372135414449
DCTN1,5.995216154206252,6.258616841904251
TCTN1,3.7210822284796206,5.670052591992127
ZBTB48,3.455831994166637,3.8661335418273435
IGFL2,0.22561514461767512,0.1457211425423024
IGFL4,0.302629593848178,0.18279091458300742
KRTAP4-8,0.7146139506716095,-0.14235716033580906
GPR20,-0.029564424395001412,0.16432671590383835
ZNF155,2.197991373275564,2.82517502605942
FBXO48,1.0037173849381409,0.9786049013495289
CD177,0.6198455310787826,0.37891240468703535
PSG5,3.1981017820242688,1.2786878379547941
ZNF425,0.13281086617766924,2.2856892787125203
LRRC10B,-0.08057445843464173,0.2813477889847546
TRIM13,3.1311636733082766,3.902372774243822
SPIRE2,1.841717670780656,3.0199575452656164
SLFN12L,0.09235879538892586,0.20718141694832568
SLC35B4,3.122674687818948,4.702237618131078
SYCE1L,0.4941883921883936,0.7757246594264368
TMEM231,2.2751010857982683,4.107305675143675
CCNI2,0.0627068424514785,1.1666802917070427
FRG2,0.2918510964255702,0.19067456498851093
SDHAF1,3.562702955232112,3.8062356576902143
PSENEN,6.038551810753474,5.688950522852874
ZBTB10,0.8898163492005342,2.7816060200916857
C4orf46,4.125406086877966,4.5024825728964775
LGR4,3.3270759497940934,4.756567666145958
PSMB10,5.302639077657331,5.387945269749551
VIT,0.001941794369970884,1.9802578664509487
SPDYE2,-0.05391682600603964,1.6255599281373132
E2F4,5.940613196080903,5.826459923555319
PDE7A,3.5901463796447337,3.914951828825239
TMEM170B,0.9142596147943031,2.0340020433414843
MUC12,0.5615799774450683,1.9256938909440726
SNX2,6.552755914162504,6.503963959563324
NT5M,1.4049742427484333,2.2825246900624836
SARNP,6.713183538454787,6.710832731204969
IPO7,6.605305186688106,5.951675697069103
PRR13,7.466824568361181,6.824726461850936
TECPR1,2.581407533463689,5.056873399681002
MT1H,0.06828825835098906,0.05312041783521849
MT1A,0.6332596836063034,0.3928533304506453
MT1M,2.253547056276025,1.2727299869309125
CFI,0.6106675187935213,5.788163518830924
SAMD9,2.3259084155356944,4.246601295477566
KRT6A,-0.07781140586513557,0.7652799167948456
KRT81,6.200003551311237,1.6955046628722412
CCDC85C,3.2942780850204136,3.982723637851203
RGL3,2.392474399272879,2.7658932613242726
NAP1L4,6.652659600842467,7.0839960124507675
CPT1B,3.5243990270034438,3.485918991282773
SMN2,5.373210716717589,5.494024825557266
HMGN1,7.993845921946074,8.208731605300377
EIF3CL,4.6954616663731015,3.8126787991320708
LCMT1,5.039457099864289,4.820854768351207
VCX3B,1.6863321488083662,-0.21166101717982533
LIN52,3.5545893090957357,3.2835576579491175
DPF3,2.116156689314837,1.5080185954254504
ITSN1,4.120681192478088,5.117283879170375
ITPRIPL2,3.000389513641931,3.792396926020112
DENND1C,0.8758733343534821,-0.05344595452396561
CRLF2,0.6030166485137178,0.22879270482612715
CRYZL1,4.417033441345201,5.352288370640947
GAGE1,0.7245675780537578,0.1700000309150164
CYS1,0.3685654010253615,1.7953493307012653
KLRC2,1.027260821915661,0.8964462399979828
KLRC3,0.6469799986698843,0.44562112209905747
TTC23L,-0.025157653249546608,0.7539018086805165
C1QTNF9B,0.22302589967021996,0.3365825276688652
KRTAP5-1,-0.07334134268828815,0.4419190698292894
DAZ4,0.2679614420070718,0.015952198265918746
CEMP1,2.262203925744459,2.646248008071431
OLIG2,0.32701433853518247,0.2745857031463723
RNPS1,6.901020472861866,7.0082308925764485
DAZ2,0.12797612641431338,0.0015860855478558797
NYNRIN,0.5810697673761434,0.3414170514524139
DNAJC19,5.773545387554575,5.400124706975545
DOK6,0.04605283773523228,0.6208362879676403
SERPINB4,0.41268861596899775,0.007458690648571159
SERPINB5,1.0573944399869948,0.08939955544953937
KRTAP20-4,0.09424670352985606,0.010750401608737824
HBA1,0.3345151457500652,0.42956901656713503
ATP10A,-0.7243962002931561,2.8458529941867714
TSSK2,0.5527859655253036,0.5124753766812974
RAB12,4.737984675166892,5.626148057996229
TMEM200C,0.45011022942337886,1.776755756536235
HLA-A,5.591805060559944,7.969293616641802
LNP1,1.9318623444610175,1.947780634799266
VGLL3,2.7392880053679947,2.168312890312542
ZCWPW2,0.4083012465223273,0.9442338947990752
ANKRD28,5.626682367165204,5.393547764436189
COLQ,0.04619397244851309,1.077302610632161
METTL6,4.345246265831554,4.352364191732335
XKR4,-0.08143915765719587,0.3448581758592072
GPX3,1.421964322662835,3.714472041011195
DIO2,4.861626566453592,2.0647781595564165
AKR7L,0.5221868478119753,0.5496797898181108
STK38L,2.7335963491520525,5.150787453773803
SACM1L,4.832681064991979,5.4212080974240635
TSN,5.7902552217579215,6.103296704548398
SLC48A1,2.996301806461569,3.551408921807757
PRR22,1.24240632778599,1.0948455793002074
TAS2R19,0.1637941574145278,0.5048311239107034
TAS2R14,1.5595832106269918,1.592465581897652
CTAGE1,0.06813782748382384,0.14705666946350116
KRTAP4-11,0.04957966725606678,0.04103961140672688
KRTAP4-9,0.34355128523457407,-0.04172354233730188
RNF208,1.1640861221306302,1.911546282397688
KRTAP3-2,-0.05970994370229581,0.12574175970957369
KRTAP3-1,-0.026098800854425883,0.17312256867337011
ZNF580,4.142778489964888,4.907142113994696
ZNF611,2.3143123802917844,2.913729943770126
SYT3,0.1470892076660486,0.2604031670843359
NUP62,5.519452917902422,5.944231545297906
CGB8,4.196500886964213,0.7383615845168503
DENND1B,1.8625175540007213,2.802802772104635
SFT2D2,2.959818638355127,4.0057971911724115
ZNF254,2.152731997067792,3.3394699998823762
CRYGS,0.6210061794458598,2.1706125188620877
CRIP1,2.891044554498071,1.023500536396119
KLHL23,2.7021402507204555,3.2290874362980317
FAM24B,3.9627157427724926,1.0461969908712312
TRIM59,3.588394727718852,3.0051072534916226
MLLT11,4.431558442126226,6.102744158682717
ARHGEF35,1.2242081561955551,0.19119926851249547
DNLZ,1.494296832708448,1.3678515547634795
TCL1B,0.19993036068686995,-0.039110548205864855
SUPT4H1,6.6256538266691125,6.878968907795276
NRAS,5.99686021558594,5.5588178328002025
LTC4S,-0.017329201126250138,1.612319306665778
ANKRD39,3.885873494427252,3.5702650628086134
QTRT1,5.049377741214556,5.058767734991544
CHUK,4.096582927511777,4.029504149741485
MXD3,4.032786299198391,4.716202375732656
GSTM2,2.3568114308188477,6.096107842536611
COG8,3.9067684841067933,4.716443635384491
ARHGAP19,3.333760720034421,2.67010500878088
HAUS7,4.739619762321283,4.332819345391284
LCAT,2.4828706225350405,4.067797238421854
MAGEA12,4.843437915647078,0.1687946159542848
PTPRCAP,0.33038863474175123,0.4690130307831979
PVRIG,-0.2335467453202802,1.3162132349065663
GPC2,1.0843859388511237,2.930442665020265
KRT222,0.33532108527019033,-0.009175538706963693
SIPA1,3.7910551479592334,3.365962353807161
SYNJ2BP,4.254801447010771,4.059509958889399
ARL2,7.1429541399010805,6.1670030654638115
RBMXL1,3.2976041058518937,3.2518730114908574
SRA1,5.526182179878098,5.843124044691014
DNAJC9,6.17287332817169,4.818436982363706
VDAC1,8.414600086200519,7.86230092019444
ZBTB9,3.249238767941974,3.322639809204786
TMX2,6.606104825948344,6.798827581607883
HEXA,6.013623410268546,7.24459698862273
NDUFS3,6.856933915019282,6.649519194363933
LEPROT,5.94208226399892,5.941513726757135
LBH,1.8283940556411085,6.057382084896284
ADAT3,1.9289926715050032,2.015678388097821
PPP1CB,6.442772259304245,7.533506722443804
GPSM3,2.6723284431817578,2.0041432465425135
LAT,1.6397530846235604,2.3474236868197176
NCKIPSD,4.169805423940189,4.42150239645245
ATF6B,5.123944554453594,6.45422787786465
TREX1,3.6793779422818003,4.920198016024559
S1PR3,2.260677660671492,4.175727101005207
CLIC1,9.081492721920917,8.519451261703214
DDAH2,4.390606633167042,5.186589031432901
RPS29,11.613741269216762,10.019173172035057
ATP6V1G2,1.3186562508190356,1.831561674923586
ZNF134,2.9566212127319007,3.9357265282895204
GTF2H4,4.533336720350956,4.828136300076046
DDX47,6.3924268107689075,5.836188418877026
ZNF845,2.1009002761704454,2.069783832900707
KLRK1,0.40638686987914396,0.29843690726694444
EMP2,4.563404289247146,4.517760260403815
KCTD11,2.7456131967479998,4.098576364403259
UBD,-0.20264936003196543,1.4843064032349682
PPM1N,1.8729797406128625,1.9262580092544097
SLC23A3,0.7002281544108635,0.9369549813254584
LTB4R,2.5277324668236156,2.825162709267928
LTB4R2,1.5918080769707452,2.2655144088362147
DNASE1,2.1005458975841216,3.601770431157038
MDP1,4.61558525764536,3.77847134719092
CSNK1E,6.245186675460908,6.1881658081711715
IRF9,4.256409538097928,5.127409069580371
GALT,4.3462880814543725,4.142587070506885
HBE1,2.8672333058797865,-0.22525620823304626
CLDN9,0.4235179394048242,0.24118218316194578
ITGA1,2.8051141288710517,3.9914397363721164
NUDT19,3.137593169194267,3.4939702526415553
TAX1BP3,6.66831030138248,6.989917065063488
AP1G2,3.989592246202614,3.9849087497214506
ZNF90,2.288685851727422,1.889796525865645
TM6SF2,-0.09488523626704959,0.8429308289781787
MEF2B,1.3477619484096475,1.2525972759357207
GANC,3.1939962839420906,4.5530484115635845
TTLL3,2.6308541450869427,4.678537186630318
REPIN1,4.81310770150277,6.931751924256703
MRPL23,6.476893682152484,5.749520923952249
FBXO16,1.5030013496751478,2.1935845909370832
TSPAN4,6.6026099438528,6.864746713663206
CPNE1,7.798544202334358,7.575163545628098
ARL16,5.402737432505486,5.925785782494187
MAGEB1,0.34908394996538294,0.07060999493018942
LYRM4,4.877166244695666,4.459702891526605
MYCBP,5.022156369542783,4.980757312232597
PRCD,0.8137191913201592,0.7763005048444146
ALG3,6.011761344693956,5.974001115227194
C19orf38,0.13701209561881778,0.2331325104320244
IQCJ,0.1464856963618722,0.19002132070359992
C17orf67,0.6482404404881847,0.7732123351171776
FIS1,6.137833985750415,7.014104289447005
ANG,2.5552901398149634,2.1949710001251104
SPDYE3,0.8015011607679788,1.3080216249872423
MBLAC1,2.036939328873511,2.2014045136339613
NEURL1B,0.7079693728322789,3.39442662101073
HAUS3,3.4154437876869874,3.3904096836150055
LCNL1,0.09311830018586734,0.36506243448091147
GNAT3,0.22537844235009447,0.07770312849147329
AS3MT,0.26926195664384345,2.9666036502116278
PLIN5,0.02971730726822895,0.1667789296208213
SPINK13,0.055423798252808715,0.36476304856027475
PPME1,6.067706816697727,5.779003209380302
STARD10,4.3061401864708575,3.8431226719112797
CPEB1,1.271473241963558,3.795645454829228
EML6,0.6518241325768559,1.1883257918200403
ZNF727,0.31976627257691576,0.11174471821291344
C10orf105,0.05486900047826445,0.06761530537029502
IFRD2,6.385697228711501,5.83305238983485
ZBED1,2.8898352864352197,4.312888256117768
TOMM6,8.616440827193108,7.7834882453212115
HNRNPUL2,5.5753791938391855,5.898366825614024
MTCP1,2.1394123257948965,1.846953749230705
EVPLL,0.43639429461288104,-0.20183803165141243
SMTNL1,0.0983669283923922,0.13894063733719464
ZSWIM7,4.45400003176376,5.030446737417222
LRRC69,0.713040850494884,0.6352081567921547
COL28A1,-0.002381755250204648,0.31712034692527913
PHB2,7.815533042628659,6.890240286748409
NEURL4,3.8366319112966902,4.518928405264528
UBXN2B,3.3974219111052504,4.136329002619585
MSMP,1.1255414254230638,1.0968356977652025
PEX26,2.713950395987374,3.735963599952302
UBE2QL1,0.019375954729155154,0.4740118220684826
FASTKD5,3.875214903525467,3.8737936615848554
GOLGA8B,3.574051825721294,4.955034750323364
KCNU1,0.40477700229219904,-0.1133932166100739
DDX3X,7.051785344363816,7.727170373485569
VPS16,4.613998862055248,4.619572053355952
MYL5,1.5644029097895482,3.744516647743171
ZNF407,1.2542635340266026,2.17029209049048
NPEPL1,2.228769133724069,4.90751841909304
SIAH3,-0.08630629524731753,0.31069031127702706
HMX1,-0.13567815863914068,1.1241042309896492
GCGR,0.32224017833428986,0.045349707011488605
RSC1A1,1.6230061792311465,1.5980057741412448
TMEM167B,5.141865951424945,5.613004769002425
FAM72D,3.2206647356308427,2.513703948001269
TNFRSF25,2.161603144064994,2.9170530144722093
TSTD1,1.1035672316841916,1.3693761344310742
CYB5RL,2.2848578310743477,2.3947565366232353
ATAD3C,0.232139196504797,0.2969498006178385
IFI30,6.270633519326753,5.575533178569149
CCDC7,1.2842203965488734,1.1184142087882236
FNIP1,3.5381603502121557,3.9475995410800415
SP9,-0.21480198386757404,0.7763375399831143
CKLF,7.254683621824676,6.417209175401036
ZNF579,2.522853424193187,3.676719483212482
RNASEK,7.776116260399633,8.280382474140632
NBPF1,4.090525082370094,4.899716321026426
PPP1R3G,0.704962445077952,0.9499805515051425
LINGO3,-0.010963474585743593,0.13943464180681697
ZGLP1,1.040731806930676,1.6129450783520607
VAMP2,3.6174516623029342,5.826237180706719
EBF2,0.6539374304096446,0.05944175118619835
C6orf226,3.7893122289877805,4.074038540895247
PPP3R1,5.418028182410175,5.3196853237971435
PSG3,0.10246497157749038,0.14331122128846868
FANCG,4.658449262337504,4.843726067880232
AP4M1,3.440124385516013,4.897867823523996
KRTAP1-5,1.6675544373658022,0.3129223294391583
PLXNA4,-0.43073531952020105,2.5039530933302236
MAGEA3,5.632898868843375,0.897064526438031
CEBPD,2.81678990544906,4.1340724273862035
HMSD,0.8282900953567847,1.2811648819650074
NPTXR,2.140258842016038,3.709429751978489
FAM200A,2.7026003983693867,3.717304765998152
PPP2R2A,5.735163235349471,6.05927843240122
C19orf73,1.188061363227838,1.228029782566114
ZNF880,2.236304698692409,4.428166365553794
TRIM16,5.252734169933618,5.635488960935749
TIGD1,1.091519572781027,1.4938314106066761
FXYD7,-0.03671337078005721,0.7037124727241535
XKR9,0.23093966539066335,0.6775894244730486
SLC12A8,3.712545935692976,4.205972259920995
APOL6,2.4991862660809305,3.279246752252082
FADS3,5.170238740799833,5.762620127859961
CCNL2,5.99141358049949,6.777317333003501
UBA52,10.508974022661878,10.012129301678172
MYBPHL,-0.3035288911714405,0.4868082056786252
PPT2,3.739846240138352,4.415461781143458
ZNF630,0.6198302412631176,1.7212061768722156
BTBD19,1.434578555093514,3.9106771045303814
FAM185A,2.1420744778979963,3.0157812748130333
EXOSC6,3.5935065875179593,3.900416893666158
VPS52,4.8725197751957445,5.675929972683251
ZNF844,0.6627389372345691,1.7477890681333657
CKMT1A,1.2564247683029972,0.6172088354679173
RFPL4A,1.3351914828264797,0.04053518491552843
HLA-DPB1,0.9274701026070545,2.1646976012302637
ATXN1L,2.9308359405543833,4.072108247699346
GAGE12J,0.9726927213666998,0.18801907410225094
PRRT4,0.10456975575629177,0.3930546651743321
TMEM233,1.2166250945836623,0.06726675851686531
PLEKHM1,3.7849949101035985,3.828095501312697
ZNF469,0.2108925643914653,1.6723727609531207
SLC26A6,4.655369954164276,4.585845488928938
ERCC6,3.354108407606471,2.8519039147164795
NOL7,5.920676661258125,5.665368132704196
NTF4,0.5340120016003611,1.0692487328573133
ELFN1,0.429705232703258,0.9184404595782546
DCAF8L1,0.28371987331629567,0.00672318320129546
TMEM185B,4.040531550207733,2.821417317133197
HSBP1L1,2.0020744807115807,2.323607971679596
SRRM5,0.31704544034105325,0.911283750933016
PGAM4,1.6677730936453483,1.2911210244463573
C14orf132,2.2163408141848704,3.1862628751946165
WDR46,5.756348647894414,5.719878246448234
ZNF717,1.4947275406010925,2.5542512432599174
PARG,3.350960574466479,3.4003949972174383
AKR1B15,0.5140698485627677,0.15959726980994454
GAGE12D,0.1585272324811008,0.0183194452772783
SCAMP4,4.752302079772612,6.023937910708481
LTB,0.6922270230852083,-0.042768809077639636
POLR2J2,0.5377701942985709,1.9784767844027966
OST4,8.467530117295242,8.690290054270877
ZNF883,1.7921426320896665,2.5424806723734257
ARL17B,2.961548958821507,2.7293522472219767
DHFR,6.043503999670524,6.365246125664107
CT45A5,0.6011356212556915,0.0842515594390621
TSPY3,0.9443239440868326,-0.3285018160620885
RPL41,11.302310832525164,11.001156755488644
PGA4,-0.021063188610792066,0.12346635789457494
ORM1,0.13729127820328443,0.21896991136090227
PATL2,0.46798424354233137,0.6258330733215485
NKX1-2,0.10139660398444317,0.08197025507071659
ZNF492,0.756495867763255,0.10481449395332942
ZNF688,2.7723546059245296,2.890885451546387
PGA3,-0.02654196390734656,0.20799957418280607
ACBD6,4.992211684182153,5.2672900776360585
YY2,1.5456336923140361,2.3905634695256603
HSBP1,7.110924329777289,7.298572925767285
HLA-DPA1,2.3151902889839233,3.13352308740983
RPS18,12.36379105629931,11.148704827827123
TSPAN19,0.6536547453508035,0.2852449905726973
CYP21A2,-0.08423511454061566,0.34888660378823944
PRH1,1.9081205986191154,1.8924649817015458
PSG1,1.8410620616336426,0.4714259161757711
TAPBP,5.883004156686346,6.861192683414542
SCAND3,0.6818190934806097,0.7880849874520317
MCTS1,6.1210544421219115,5.738382244664833
TNF,0.19427483913676735,0.1803175702440977
GPX1,8.444149831817725,7.750339908442613
TWIST2,3.0654218177561092,2.5191670466403635
TSPY4,1.014894706053793,-0.25190665735844403
RPS28,9.04029272986516,8.228644394572312
UQCRHL,3.2228954799592753,3.3910414383509337
PAGE2,0.7493355895197418,0.38142230199377497
TRIM26,4.070385561722217,5.020082699998283
ZNF879,0.5156437645006288,1.5357553439076113
RBMY1A1,0.8321251754820136,-0.15535163306519117
C5orf58,0.9574636686227391,-0.17992079262348004
FAM133B,4.642010124378562,5.2143144099085745
JRK,3.064314232295507,2.594455735786141
HLA-B,5.827753162217042,9.231289324620976
APOC2,-0.028213186234486848,0.2523110842903953
C12orf75,7.1598932793336285,6.904420452573353
PPP1R3E,2.557149432516316,2.5324034387768313
KIAA0040,1.4354049624410865,1.4081530725109512
B3GALT4,0.4475077396080849,0.862412830234939
PNMA6A,0.09494196119452453,0.7424197891461728
ZBTB22,2.798034804092712,3.9797741615120206
CLEC2L,0.1234611908498327,0.037670327308710214
ZBED5,5.071953528329644,5.267461432583664
GAGE12F,2.454067391520648,-0.03031234319525955
ZNF853,-0.8045184452587046,2.5181867051279863
B3GNT9,3.6571933103597827,4.894421442784738
CDKN2AIPNL,5.613765334584051,5.1927716591656825
CKMT1B,1.1616573372980634,1.0787557252305418
ZNF737,0.7191722123360937,2.1721459871523403
RGL2,4.6541755334114985,5.644887823714476
SHISA9,0.11642906294228428,1.548189801584056
HLA-DQA2,-0.00936037638584282,0.11794191622883013
KIFC1,5.636011756468504,5.395634358152076
C2orf74,4.254651821777594,4.672766837961459
IRGM,0.31523166343553116,0.14400695135527292
FAM200B,6.046340292540672,5.612362877947087
LRRC37A2,2.1625210401729618,2.771288338770021
OR2W3,0.37612254980620724,-0.14354323715778428
PAGE2B,0.18953418763427454,0.19374765037394512
TXNDC5,7.141370249508193,8.208563895310546
RNF103,3.491175040935249,4.448975447808563
RBM14,5.04739160822368,5.024820693517858
ALKBH6,4.413852677190616,4.463855957228731
NME1,9.015596521708392,8.243580266203555
TNFSF12,1.410310910445692,4.5663668074871255
CDRT4,0.9226011921170123,0.5931539709876565
APOBEC3G,2.4986268188090395,3.9752424516906215
WBP1,5.919101964050904,6.404804110735726
MRPS17,4.23588050935706,4.9192622451545915
GET4,4.751181023089877,5.445764826730055
C1orf226,0.4314301547094147,1.8306159423542656
ADSL,6.785332142640415,5.433743342688279
AMY2B,0.7133616589918944,0.9923605090766071
LY6G5B,2.6051146491916892,3.6418200622299546
PSMB9,5.325514057820888,6.476337036782063
COX19,2.7103253880625515,3.364772308663959
ACAD11,3.301927367747452,4.127038465331802
PPIL3,5.244947715798156,5.623149000896006
FOXO3B,2.2116090314550063,2.9929191643585304
AQP1,-0.9227005039018039,3.924445045460745
ISY1,5.324639332846936,5.236664964881697
PNMA2,2.224928707304121,3.0165561910963707
RDH14,4.521268834816855,4.767353833786397
KRTAP4-7,0.24132650812755405,-0.04927009720589244
PLCXD2,1.326867921309232,0.38601965269570954
MIF,9.991824259700591,8.454184117692764
NSUN6,2.624244042869651,2.533426942865123
HLA-DOB,0.7840515020125497,0.5999949707139062
CRCP,4.469329311866462,5.289430615834221
RPL36A,10.460406432057484,9.061017280464498
PDXP,4.261012901192569,4.351912189939759
RPP21,6.37095629399952,5.208815387258419
CD302,1.5891279713523354,3.5453734341855965
EGFL8,1.2906710403686508,2.651430835648068
SSX2,0.540989950114835,0.07172968402202493
ARHGAP8,0.7469789317847728,-0.23907163683131194
ARPC4,7.452160332779374,7.450777108161339
CORT,0.38518410908224693,0.39364098015271304
INMT,-0.11251902104403899,0.8071813634073206
ARPC1A,7.571421723386169,7.3866813425689335
TMEFF1,0.6550091238425403,1.3407313715881388
SPRR2A,0.04713795309075151,0.07209299036245453
PLEKHO2,2.766160148965425,3.7963713412168247
C8orf58,3.246526901908454,3.5865967388856395
PISD,4.600543557208143,4.595593267742672
PWP2,3.624036929906835,3.6298437574479054
PI4KA,4.57300188026974,4.889823125417842
AMACR,3.8385200778693953,4.013814373210475
ARHGDIG,-0.09820280628758285,0.2956870977584449
TCP10L,0.2324815249384108,0.10468796500902425
PSG2,0.9359923876313687,-0.08683035022179064
ARFGAP3,5.1252690690544185,5.309324906101977
BGLAP,0.3629956406955348,1.6038569422847044
C22orf39,3.653352238759492,3.9077407316241755
PEG10,4.988081657934621,7.285610832289564
EIF6,8.713066280023975,7.587896939862938
RBMY1E,0.2688773205074153,0.011961351405681997
GTF2A1L,-0.10416856415568837,0.5473096752233808
MRPL20,7.530141681432686,6.880759263163936
HLA-DMB,1.1317376032155955,1.6595475883722348
DECR2,3.8462220103717355,4.261590722516413
GNG10,7.347884173197559,7.164708751783469
CNTF,1.3262765287896252,1.2223779152131724
ZNF709,0.6331615497400532,1.2454332864806623
RBMY1B,0.013032526824318928,0.0746924496361195
EIF4EBP3,1.0209707598758235,1.5090843640256038
PSG11,0.308646951739731,-0.0024403220078258875
PSG4,2.793897394142271,1.0426702533253884
MRPL33,7.9196152062459655,7.848515204827335
MICAL3,3.866356440156361,4.847749843298128
STON1,0.2276511761868112,3.9321731043569157
PRAF2,4.11446201064659,6.215377331119996
KCTD7,2.239863543029398,4.106382855452333
EFNA4,3.2524676190744293,3.271464039572789
TICAM2,2.3706039891492585,3.396369789996957
TNFRSF6B,0.5196544548995703,0.24339837349962018
UPK3B,0.4540094766175642,0.7119089200543214
IL10RB,4.332757987578517,5.4006720923258715
CFB,1.741483767010221,4.481521775393325
ZNF487,1.784645501266372,2.007166752830973
NME2,10.188813084145542,9.62999802209803
LEFTY1,0.0356271260699321,0.2578424274067225
TTC4,5.267311698934187,5.006752221321797
APOBEC3D,0.980872464442769,0.7940721100783354
OR2A7,0.24197650886311006,0.13116428157842427
MRPS6,6.120592133890584,7.0719485699437685
ZNF512,3.454038025521349,4.431504845161015
GSTA1,-0.4352008269238159,1.3476759646912393
ACY1,4.907888897292843,4.545042930241924
NFS1,5.670926436171805,5.2394748273711285
DDOST,8.209597583068469,8.176978411326902
TMEM199,4.329301217413685,4.790606830713624
GSTA2,0.21112449506978956,0.2992829038442577
P2RY11,2.3943441561196903,3.381270051279318
TMEM141,5.92928649378912,5.613501031935163
DBNDD2,3.1654378775068057,4.270837230662347
ETV5,4.410220116858669,4.416946520606806
CFHR1,0.13889030814211228,0.35712096439296426
RBM12,5.439348883863597,5.91874526406082
SCARF2,1.4410992718535156,4.777291633220641
APOBEC3C,5.138814767502323,4.74604075525037
RAD21L1,0.4579656915849706,0.11463707944696563
CCDC13,-0.023047778127982366,0.6675108558457272
ASPRV1,0.1491240365871529,0.14984952901869453
FCGR2C,-0.0015977266974369353,0.2922001400751949
UBE2V1,7.548945082109372,6.940824893320358
C4A,1.023937859784037,4.016816410063967
HBB,0.1333283608125642,0.09158595331355553
N4BP2L2,4.571157125680406,5.675768001149646
ZNF585B,1.3987867115604284,3.5552956963516085
CEBPA,0.4424452676325954,1.427392649608046
PGAM5,4.70995911062573,4.233093835444246
ZCCHC3,3.6437833955592893,3.771936206348274
TWF2,5.594501404319236,5.546029161335003
MARS2,2.551077007379896,2.5563300021068436
USP51,0.399831310616095,0.6751866325597651
BCKDHA,3.84502198799,5.172023129690054
ADH1C,0.129324902961075,0.16140146975562314
CDK11B,4.538382126879323,4.556405193114428
PCP4L1,0.4238673569742084,0.35192500368006546
ABHD14A,3.7754218431426367,3.525538688039615
FMN1,1.6631149895007664,2.359318618052681
HAUS5,3.8502011702744086,3.583717476569568
TMEM150C,-0.030462073325075112,1.5514823654986027
NAIP,1.3893742660275972,2.6028098522470264
ZNF324B,1.5817509136348646,2.2122796414411408
ZNF564,1.4387244648435331,2.359601921856778
ECSCR,0.6152290874832935,0.7284507768510806
HS3ST5,0.3370660333408466,0.42403925013111826
PDCD6,7.101511276428593,6.978836640257405
GBA3,0.2553489385963572,0.01131748563196118
TMEM158,6.584086643644265,5.2016525112534415
YJEFN3,1.5658770654406262,2.70629035443828
ZNF718,1.6179266101049432,1.5701991543317655
CHCHD10,3.119306736068106,4.033520060312539
CDK3,1.789801218894398,2.6877479982269468
GPR162,1.0503241054859134,3.0029293434936264
ATP6V1E2,2.6128399428934808,2.762647273256426
GLI4,3.6224266094098656,3.7880522893959374
PRODH2,0.04565696751597036,0.03695276549787274
ZNF674,1.479630040220525,2.0696976774924316
ZNF345,1.0430525867710996,2.286795687775639
SHANK3,0.9766223118839779,1.1579072106505055
ZNF550,2.3543055693140804,3.4253052599183436
FOXD1,5.416181357083783,3.833250629085649
PRB1,0.1250189795791519,0.009967389482221034
HOXA10,1.5925105477773012,2.652732955005624
TMEM200B,2.5623298097687965,1.519468173548494
C1orf210,0.39809993533671695,-0.11664902749850609
TUG1,5.64704991961993,6.1072806780476245
TRNP1,3.2972795874351695,3.15018049156669
NACA2,0.9856103999665975,0.9574813024671495
EIF5AL1,3.1823382797888082,2.927000443811834
ALG11,2.9533347468218607,4.542591629572274
ATXN7L3B,4.007984318852842,4.511825096031338
PRKDC,6.7646106519468345,6.919627476361482
UTP14C,0.03700311705020431,0.08206236670532681
CLDN23,0.6336992243745958,0.48629617637863287
ZNF260,3.035012340130929,3.9301962550883296
LYN,1.2964051740284086,2.3183541986226843
PINX1,3.763973616007527,3.4718628251519386
LRRC24,0.3492593077109768,1.3821294416792187
CHMP4A,5.690808654295093,5.602271766810629
PABPC4L,0.43133042927539744,0.846652468757961
MAGEL2,0.17891448168379775,0.17896625108662373
INS,0.04494358236813702,0.014188293388467485
RTL1,0.2292586049209425,0.08297643497703049
FPGT,3.6827495813812448,3.3656159078248
MEX3A,1.8193092614105506,2.3114409405548346
EEF1G,10.43975742469005,9.393962568798353
MPV17L2,3.859454963683748,4.267608081768716
DPP3,5.396201813191381,5.520707682614108
PIGY,5.467048293241817,5.782402186258452
CHMP1B,4.38519854496015,5.1142192582107455
EID3,1.4909549170893317,0.9758310200877349
EID1,7.495171714996692,8.152798846486615
NOX5,0.004420466719975369,0.26646475105798684
CARD18,0.24923427470740434,0.013836422010702065
FDXACB1,2.400222130505763,1.319196084822034
TRIL,-0.4052852513822096,1.7892138155335684
TAS2R20,0.7723111910029656,1.0319430127340248
CTSO,0.6932427744678433,5.088160183494297
ZNF432,2.3863263627766553,3.0967837449687625
ZNF10,2.133160156531055,3.2939831236532617
ZNF486,1.377178136173552,2.211323245263628
HMBS,5.347937475582206,4.860055702662472
ZNF225,1.659574415281305,2.115566733544334
DND1,0.4272183467823397,0.5208391561773922
SALL3,-0.27056789631898975,0.6172292003103892
POLG2,3.9064797356197785,3.502728306768581
CLEC12B,0.6426492620838328,-0.026778908652415584
ZNF350,2.2534410122186315,2.940223113547389
PGA5,-0.03390017333958896,0.16488344360348997
ZNF253,1.3180972230211139,2.6009520431280633
C17orf100,1.07826740010286,2.1944011242529493
LIMS3,1.1063828914986755,1.5189793700337177
HP,0.29717440501052694,0.21124254191534136
LSM14A,5.727604405954101,6.498047910732644
NHLRC4,0.2592488079794889,0.17042773862141963
GATC,4.351911063190997,4.241136188332286
MGAM,0.36628001285355904,0.4034997839935591
FNTB,4.335926387668945,3.850205306096527
ZNF878,0.5325180429129768,0.5673869636616092
ZNF625,0.921292074308519,2.1481641302998717
GALNT4,1.698131435374883,2.3670551978624936
CNPY2,6.9989842594428895,7.0694014414363435
CUX1,4.041604948485379,5.39766760285796
MAP1LC3B2,2.9428400899529343,3.6225256182443504
CHURC1,6.338120098348941,5.39742909704755
C17orf49,5.352747208872165,5.900578229408624
RTEL1,3.5286112583083034,3.644206244351643
ZNF578,0.09919752714344354,0.6470023123555113
PDF,2.248616838651305,2.5168878027819166
SPESP1,0.021932567149747395,0.5319782496490674
TRIM34,2.2121968764964564,2.8895467315337022
C20orf141,0.3359874291760122,0.09432777303610371
RNASE4,2.9336730683841186,3.3033098863325576
MC1R,1.8932422971335288,3.2947389824287825
TUBB3,6.462777877023265,7.201025099453885
TMEM179,-0.9238910843664391,1.6748661288120505
TSPY1,0.3918076315201726,-0.0976329294297888
ITGB3,2.430287405301631,3.4261230221550187
THTPA,3.0400565743626258,3.789177868746952
MRPL46,5.0912394208752465,4.819889044696757
BLID,0.28803395668953197,0.13506251158197
RBM15B,3.975426176668672,4.521757314610474
HOXB7,4.488477923261145,3.2018875842031242
SPDYE6,0.12348410516071284,1.1196875683254475
TBC1D3G,0.36847652495664623,0.022307068405642366
CCPG1,4.299448273456559,6.449116077745398
SULT1A3,3.646080897118101,3.373760600130013
EPPK1,0.0867206644116361,0.2518050791129345
BOP1,5.757834037722361,4.794770777108225
PECAM1,0.3799008199948145,0.33204853199428497
TP53TG3B,0.41116038688706824,-0.04257865132536637
GAN,1.5945698925202711,1.397589150764137
MIA,1.3810482569771854,1.690118033235566
CORO7,3.228667596854865,3.615523622133259
MMP12,0.31840728559862763,0.11918819733501257
SPON1,0.883611383243435,0.7845689226253921
OVCA2,5.272737301951957,5.674982479920065
MRPL12,6.476917172461511,6.119958409487169
GTF2I,5.626632927804266,8.03000988202245
ZNF234,2.0496383248467622,2.814505406483635
IKBKE,2.6179111105425354,2.773973183092701
MSMB,0.0718220791258844,0.10252468660303418
ANXA8L1,2.4316909420738977,0.09158408489985803
DYNLL2,4.265249539546775,5.441433356092611
OTUD7B,2.421593175790955,3.6410071693935366
GJA5,0.24928357487827482,0.37821458221120646
ANXA8,2.4686836535234873,0.12112253549344942
RBM8A,7.617257781830344,7.371316597924414
RNF115,2.970355360610541,3.9287926277317506
RPL17,10.934088016521399,9.930941475854178
ZNF488,1.4866059672049448,0.6359349524449666
SEC22B,5.32480913531566,5.702532456136271
TXNIP,4.6155647821531485,7.2909620773025905
SRGAP2,4.486637842777397,4.848975997709912
BAHCC1,1.1180366119178367,3.356824809607531
RASSF5,1.980888629018539,1.656679831420225
STRADA,4.129066455028147,5.275386489922455
KLF14,0.08259928257901097,0.06155628214787988
NBPF15,3.774236057058287,4.847517454727871
NCOA4,6.193018992381588,5.77890227986247
MRPS21,6.101777486162708,5.814048930764241
GDF10,-0.059305520541149764,0.18853235058558945
MYO15B,0.28245893666187616,1.9698218829596772
FXYD1,0.20958580137867128,0.40911154621437923
AARSD1,5.3374060962434475,5.392456919073613
ZNF285,0.6431033603470455,1.750367330725782
S1PR2,1.6353174232646062,2.2537254782055927
CGB1,0.2800896428511178,0.08077217555610745
ZNF224,3.272624214159549,4.234146944597888
LIN37,3.977566321380921,4.067034301567418
NDUFA7,5.911207175313846,6.03601770457356
MAGEA9B,1.5962685886788175,-0.3404587131128737
SSX4,0.3222943416503936,0.022695702265185108
GABRQ,1.3002183201455229,1.3987431161385524
SLC6A14,0.0062521263374853975,0.09833553457290525
FAM156A,3.598046023454122,4.832889469743406
MAGEA2,3.407090607214801,-0.08187217153965376
HSFX2,0.21758653285895518,0.30380689113245124
CSAG2,1.088928090607098,-0.0932868854104078
CSAG3,2.757999838225385,0.4182355552095043
CT45A1,0.45482640686365516,0.18169967470963352
CT45A3,0.38112733638586116,0.09562465621474714
FBXO17,3.9908715082712884,4.8963289916823864
MAGIX,0.7747274069315477,1.3345839403728124
IKBKG,4.7779346240348355,5.03876166366371
SPIB,0.07627754182406375,0.15707345401675946
NXF2,0.4431537491619597,0.03018352711991429
NXF2B,0.39037640140890595,0.0525697619943713
TMEM185A,4.014813090024996,4.780429382215472
NBPF9,3.4069423294622205,3.893498643250953
EGLN2,4.988112368991625,5.486940359798664
NBPF14,2.6719651759986363,3.729263771220666
TAF15,7.111291867238702,7.594871467070889
RASL10B,-0.10018123553589597,1.5992292438384295
SRXN1,5.664695070023136,5.766767620269008
NBPF10,1.090048100382367,1.8444754843922668
MMP28,0.09322616777871207,1.3259285032332588
CCL5,0.5612154750761968,1.1872660675574442
LIX1L,3.6523305575602594,5.094541558907298
ANKRD34A,0.8796756124565895,1.5389813360436662
GTF2H5,4.417393151391301,4.660638169795193
NUDT3,2.4323402713298887,3.3103050519470614
POM121C,4.013997463448384,5.694584073085651
CD24,4.355318085625485,5.854154796765238
MUSTN1,0.356218413752252,0.15457329155061963
ZNF595,3.2173592001929636,2.1098852746416057
DOC2B,0.0944468547883298,0.24502150263964012
DCP1A,2.8960630132683653,3.7793939664486085
C2orf15,0.5417494170514104,0.8908516437324178
GRIN2B,-0.13440418818540362,0.19812671663779366
SNURF,1.3772315015119763,3.8688984088821794
AGBL1,0.6561545891241761,0.15702788325979014
CWC25,3.7860536896073578,4.2064348007536365
ZNHIT3,6.006946023246819,5.79558737194062
LHX1,1.7019828840514344,0.6530456825862041
CYFIP1,4.941562359966724,5.817080415892512
CEACAM20,0.10031136941211366,-0.00540267572696429
USP27X,1.4547230887600309,1.7986076651833522
TAF9,7.649657313828187,6.450202961658558
NOL12,4.9682341157709615,4.055964037768486
SOCS7,2.2505845358516856,3.4204332371403074
GAGE13,1.110841069210489,0.11747657980216297
ZNF658,0.8435708810366171,2.399130760082088
TPTE,0.43498279518859007,0.19261304958321107
TBC1D3,0.26225066313907847,0.0667772139677038
KRTAP7-1,-0.09301253151317738,0.2553073975172551
TBC1D3B,1.130549980602177,1.6850617314042078
ZNF280B,1.3117847813619703,1.2407757381027436
MLLT6,3.808811246841545,4.915372179960021
SYNRG,3.1684936383551614,4.315351197155998
NUDT18,2.530659840732575,3.159322245102063
ZNF2,1.6994151335100711,2.044590647419815
GAGE2E,1.1749790123663648,-0.1963782996105945
LENG9,1.6997484368081732,0.9266333547801477
FCGBP,0.16211926125945214,0.29861392665389147
XKR5,0.22093388145924214,0.4574462956323304
AATF,6.1664613450679955,5.291052197372401
CCL15,0.4836682086105014,0.00956005912098129
RIMBP3,0.31166394254939583,0.6574500052849135
ARHGAP23,3.8598837433644673,4.686166150936677
TUBGCP5,3.3767536397932183,4.072851414481597
DUSP14,5.092027885563321,5.337134998630265
UHRF1,5.593837778003583,4.936374293112114
ORAI1,4.3218853343556365,3.9187373097272378
PIK3R6,0.123918380148207,0.03051848392551882
TADA2A,3.6326463892660574,3.6949600827327926
PIP4K2B,4.170439972337905,5.083982703660962
CCL14,0.22310666146379482,-0.03174364921615708
DACH1,-0.49936166737506704,1.322455710236465
TYW1B,1.112734277757096,1.7611846122144765
PIGW,4.526047098686795,4.60574738982835
PCGF2,4.2762561783237425,4.036845539645037
SRCIN1,0.13646611135730707,0.6235239782268411
MARCKS,5.977809783214515,6.797197909809722
ZNF670,1.5707781494689677,1.5960208250046797
NEFL,0.8815378446416344,1.2900357052284637
CCL3,0.728392304914908,0.04576221362986266
PSMB3,8.553434647146105,7.703630590785653
CISD3,4.834037796920571,4.707637779189353
RDM1,1.9355449503210476,1.5167844009582971
DDX52,4.210489830739688,4.382109929004107
ZNF8,1.083127236556061,1.5913239124838803
PRICKLE4,0.47144736881793653,1.193969004095942
MYO19,5.782282679270431,5.320813514308562
TBC1D3C,0.20226097607588944,0.33388320531761984
GGNBP2,5.721252942294194,6.028499944231883
ZNF229,0.5294412011667735,2.534599477634904
DHRS11,2.8458784445224765,3.791068276171076
ACACA,4.620035268736198,5.630145395100911
MRM1,2.625292009509713,2.6092257232572593
GOLGA6L10,0.9858429507688116,1.254480766976005
MRPL45,5.335064043772963,4.9554153753438355
OR2S2,-0.10288081315639401,0.20559327272982464
OR51B2,0.41311441673929283,-0.09289748049680538
PCDH20,-1.0922349540898217,2.1373055725571355
EXOC3L2,0.19769873188850468,0.044237514672023165
SCO2,4.9709624554995235,4.062816454432277
C2orf81,0.8655993699055575,1.819235409584052
TBCE,4.766695022892214,4.744406345723178
CCDC39,0.9968001751904545,2.0500953083124913
ARHGAP11B,2.216245173714096,2.9539892524826272
NPBWR1,0.07955427198587794,0.08854761542016489
F8A1,4.3247705673200185,5.272338771646604
