tumor,PC1,PC2,PC3
0,15.171964452416473,12.064936681598452,5.159100583938031
1,-4.299856301644462,-19.350174208820153,-28.90004938307995
2,-3.160795402690854,11.936472793592511,14.019012156053991
3,19.00460328914404,7.783528835147379,-8.917919940673704
4,-10.43643183978572,0.32325933866989826,-16.94937283856912
5,7.4055048616398516,15.121219181082168,9.616594254201859
6,-20.254000596523216,22.661511595924733,38.237295739215654
7,-23.982541287143963,4.969935912933267,3.566905292690928
8,11.367545536814845,12.693225398254821,-16.847733015885613
9,-48.939556931645924,-19.306673550135773,-10.92335755154196
10,-17.174812366710974,21.721026678395706,16.527121930348933
11,2.2574797412668395,24.86117920651173,22.3964786932062
12,-47.57461041657228,-5.460571388348984,-6.761799504579812
13,-0.3166505490018519,12.754525209004123,6.592947805756076
14,2.134125032483337,24.641764648138544,15.386744569532983
15,12.437190924209206,12.078111933241974,-4.591958261540539
16,-17.707695347435266,-10.737389532304764,-13.364293419389549
17,-40.58943808051696,-6.099423308135512,1.395401510812382
18,4.1833357346433235,6.0438924198793185,-0.7813131878010537
19,12.088670646156936,12.507823496553895,-5.367176026022486
20,9.536840341714116,21.324606346490057,4.192871172327535
21,20.121296604419204,17.783048832091144,-3.178442534779442
22,-17.999180305458836,20.55052431704284,41.01697653809365
23,-8.688173110527382,8.95449238022029,-3.6272344290156586
24,2.0598019484171135,9.935053985314868,12.336225098821883
25,-29.621966390098287,-15.141779988494065,19.122314663490744
26,-26.35794336609285,0.1594138620875175,-10.334702330807453
27,-16.41029028352743,-3.136960063557558,-1.878282800238979
28,10.940021037445877,10.57800317506311,4.720777492745828
29,5.05632460779398,-3.801827299409683,-24.214911005383627
30,10.158626168462417,9.173949469183299,-9.787733240107428
31,19.558691802249147,13.158836203944727,-17.84568013879728
32,5.0247519852060165,10.971543953183133,-13.385906832243597
33,-5.460440726915514,-1.5650327928618126,-25.047013931664164
34,-25.497915265288995,13.76292656638592,-15.948960091335366
35,-41.26956200066296,5.172280634401049,14.434740053958217
36,2.622910164948366,16.750515675713558,-10.115086387287235
37,-14.094624403926236,4.048112157685223,-15.386786541842788
38,-41.115729149171415,-9.638512300792218,6.267402156488055
39,-6.191821938892423,19.171174030821415,5.455680100150672
40,3.4672273713736113,13.144287688008221,-11.902829035637966
41,-16.791835515584086,-7.542382061514759,-9.201551421844515
42,16.12286351322179,11.770746335557384,-12.094272523153755
43,18.491442477780517,16.287104553472055,-7.3356188642852675
44,-42.47363937039668,-1.1487441813121377,-4.673942695441635
45,17.65462999230603,20.10294664995281,-13.251057402335944
46,17.03434741200631,15.536573783211955,-12.935787149362017
47,-3.973573782445087,-3.264587898728627,-17.82409118894811
48,-11.073027917616441,9.436053593064909,-6.466012416505852
49,-11.514636807267202,-1.842791170395493,-6.391532643006832
50,13.35924210418386,14.033853070689359,19.662398589502665
51,14.85531478404373,10.626470099327788,3.772632592746104
52,24.65725028416753,8.030697758366886,-13.095926146232488
53,33.63888611299994,-0.6921788374103158,-26.996791943451832
54,-30.440405875168445,7.106194849651729,11.279494107005345
55,-6.276390967967144,13.517984934860335,1.858354124755226
56,-4.047979079710435,26.06061209113694,22.513344854322114
57,-9.895206631713227,17.471765942827126,15.494334328197791
58,-2.4774241015307994,25.60573031508181,18.206484575007202
59,-13.340805466317379,12.012937004490572,3.2183984259573926
60,-37.08664275966908,-12.145920208744094,-16.70721611475107
61,-4.833812765791229,7.3719168832578905,-7.258421724959512
62,-0.5814219971706068,18.182583376910575,21.141334678122632
63,8.740157527419353,23.605787445963504,-7.398577810029393
64,5.333488158170437,14.536165985538927,-14.80291334098175
65,2.8056052999416963,18.963114795785984,-0.6904400549876244
66,-8.627757883037122,24.16718123633823,10.658482214703026
67,-48.82756736136691,-6.685113547287515,-8.588095745454208
68,-3.82091030744539,26.39653475138643,-4.314645892635894
69,22.21769842754927,2.7333751870716467,-20.569642314591952
70,10.738081734723965,20.095503988853142,-7.102933838115311
71,-4.532787487903456,30.183810905701865,23.974037965754164
72,-3.7443264673165073,7.103996245070305,-4.673722363429195
73,-15.525124731403643,12.79540110747792,-4.494847161936145
74,-44.88649787600687,-8.646192997329504,-20.23890969471321
75,7.109878764715774,16.97769064099212,-11.819918037683445
76,2.888559024706084,10.2206265047506,-4.724928718845783
77,-40.45174923763103,-2.7892118817333937,0.22221151216604865
78,-10.955406555627114,20.206802607109296,-2.5598993260835954
79,7.850140715635585,28.456668583895926,-0.5261440095413971
80,-5.039859503001734,26.19323263681197,-6.954084080428129
81,-5.6587619214925535,25.385907974045576,-9.249009055647614
82,-12.2327184301021,16.940355953287458,4.590555548738953
83,3.8168565633134386,24.49468592555881,4.877879775966889
84,-9.001668125228365,8.62309679796697,-4.029572526462035
85,-4.926016401818213,12.31990029054113,-7.968030926034418
86,-28.425973521753214,10.031795263156154,10.191240295868596
87,-8.507689613398306,9.828993975280614,6.536774757770266
88,-0.25300871274100484,8.00678886632371,-33.23260695553413
89,-16.45536866050049,7.421222844539812,-18.404262164262285
90,33.09501512898507,18.746581988866136,-15.421463268940283
91,19.085539173635844,18.949934264472137,-7.995860250514125
92,-3.2218358392858923,14.052212275420823,-3.8443424031440396
93,1.1201013491718106,7.874651056495731,-24.242006436831037
94,-8.773392149096969,-8.875223886656839,-6.040037685793125
95,9.698514454486727,6.323584390553087,-24.636671498219997
96,-5.021552499128298,14.598912384115897,15.527258495966452
97,-43.52321933867073,14.69150559388891,24.810335972668156
98,3.116004765306569,22.58215595038544,21.433863005503618
99,-6.025870875608253,26.792040433163194,27.81181439965972
100,13.789485269278616,25.427907730260504,-9.236077120038644
101,-1.0486896036284323,19.865189804974182,18.173820818610743
102,-25.84737751239548,25.409261514955716,31.24481696317362
103,20.759253185309092,27.6121969420237,-8.850397616050387
104,27.95166869588897,16.546870046862967,-26.10342881399805
105,-18.673466489620974,20.535986284886654,-1.201922324130359
106,7.470697776068798,14.559659339198081,-12.064666111524387
107,-18.12973082336995,4.011500528818876,-7.502326770591505
108,3.2206446061830527,21.525930864758795,-22.18283053880122
109,-28.604377089553463,0.7145334385312643,-27.889567819275424
110,2.0533098614540184,19.521667940655927,-7.580114407537424
111,15.603110554892744,13.305285001985009,-25.15704880037876
112,1.6929548031593065,23.47882241960192,1.2498688371484117
113,1.5763901947265166,24.25187659644944,-9.471388237002504
114,-7.9577360696403865,30.80415019276283,0.5398617414578201
115,14.589480297773546,19.848897892669587,-22.014573476957327
116,1.7141153775292708,17.518671758659316,3.5519004062570056
117,-37.26293652540486,10.494451327556689,3.163089106100894
118,-22.90743097618155,35.08717362106296,21.60489270598659
119,-9.528454536632148,-0.4163094280353598,-5.893826249744628
120,0.8281661813171729,25.87513199580528,7.331450931220972
121,1.4206899022560733,8.617343322980341,-14.472782226099103
122,-17.636895981331648,-13.245241492721533,-30.27207620113991
123,-19.147882758598833,2.9574124267110844,4.296018525800343
124,5.341213278686475,10.081943351947347,5.689574392523844
125,-28.22845903341551,5.498373247396427,-4.002386841582728
126,-11.462854777856933,21.64733289374309,3.635183321517585
127,11.24583992756733,22.93652141592516,29.63718031462537
128,11.544141269861873,-3.5281404258349345,-29.329059163089298
129,9.837662398035974,18.896029716009135,1.646770216301062
130,-0.11061827667142815,2.4449264828718573,-16.343771419150606
131,11.625783161973272,17.190052913641686,5.553185638994449
132,8.307437802912686,20.99622100756285,2.2295578946372987
133,5.642524953598078,22.429434201527357,30.445390046246366
134,15.683562800561448,19.741454379336165,-0.6201520891425679
135,5.0401062284998455,27.11200243291043,7.457293030256655
136,-33.773526845198866,2.9837052122180427,-0.9028014195051312
137,17.946748591316855,6.99568338413847,2.4739961624595455
138,15.498297628839657,19.196148622511704,-2.5138029337258883
139,8.432744805853945,0.032462307698299955,-3.5709028937951026
140,11.304720126268256,18.415026117379462,-28.51667636412993
141,9.31710724265121,10.183629086885864,-40.86461345685144
142,-14.476623439517077,16.450352642896082,-3.6851924436886963
143,16.863150813350163,13.37569720012951,-20.631424709857882
144,20.90102759697105,-6.979772427360054,-20.451996982945115
145,-7.579921358113118,10.723880965236559,-15.714638050219543
146,-13.361859129875324,36.67455238385738,15.476044666558082
147,8.148392400391192,15.626889597771264,7.758722752096938
148,10.425603057938842,10.75674315374564,-23.465418684680785
149,-6.967712267321021,22.27805254016486,-5.235718806337444
150,-0.43745275418502527,29.404703406614033,14.30293257611067
151,22.174423502984197,13.770224818227048,-24.24141416039565
152,19.480225348421918,16.383674752988604,-14.80009119759349
153,-43.77539595176518,-4.101604518321899,-12.211115805962558
154,-6.055997375357668,25.71068935206426,7.321698342069611
155,12.60468519282203,15.739809239813777,-18.817738498107317
156,-41.75698854642509,-11.709024752623025,-17.050907279961642
157,-44.72497895385976,-10.47708069096259,-5.4917160250139245
158,-12.140593686051211,10.996778865667501,-23.487434028969293
159,14.297600444627296,10.349676550830512,-9.890414960416031
160,15.96113567939781,-0.45279767385910247,-28.277243169830086
161,10.053964999664926,7.82594182395661,-5.193175635027208
162,-53.71270278501635,-11.223391262592633,-0.6918050669897082
163,-3.753796726729736,13.994433193808101,16.49301929617028
164,-19.136647432311694,2.2240056822676757,-16.733368803804993
165,-9.445430619769292,14.500906858782022,1.5287806320265502
166,2.1015888972338863,3.256257322620901,-31.937422993990836
167,30.97210921240093,18.273154534701657,-10.219935643601353
168,1.0895319770209766,20.19887330261853,0.7010156614421006
169,4.939636250066399,20.472172997811377,14.239173671714157
170,20.695418008501132,24.27848410166976,-3.1880340677627257
171,0.8153408468616288,24.163000629964024,9.977868898283623
172,15.764578825991164,20.10929767771365,0.3238033042633522
173,-4.048835642674323,23.784405812766394,22.800724647299994
174,-8.48807608830986,21.48825128471766,12.349823285821513
175,-20.451698546400095,29.546801577366736,31.080631917035113
176,22.365451658251324,11.645060827860075,-15.645502857032081
177,-0.7237360064217085,8.679774534438494,17.98790718876833
178,1.1921065511215214,16.85914046802987,31.630799978351124
179,22.970989726106268,19.819393912250607,14.659364713156814
180,1.4618149307826627,11.131502139807493,-8.755102233999303
181,-2.1938368848071184,18.030349361978708,-3.679386289056484
182,3.75014816610102,7.4889412996468705,-4.9842059361898405
183,-5.673521390048493,14.123368936183589,0.3834800248487705
184,-21.45951652817002,5.465143571540946,-4.540864696186748
185,-11.793987710302806,20.165600459425683,17.93555988827547
186,-10.076535723939326,13.392797694020315,-6.347602849683449
187,-11.742458646209775,5.436638159687636,7.008929601540707
188,-23.330960949469322,-0.9936372497292209,-11.406488376206571
189,-8.131890369273842,13.683824080733617,13.49690202703123
190,-28.50187564858234,3.3945643727632477,-7.269182470892035
191,-1.1573036179312877,12.213649533823281,-26.914448583140654
192,-17.155569194738806,31.89608881036509,5.554161296995126
193,-15.161924666418995,-0.0019478829150628102,-16.480117575655242
194,-18.49774186559174,9.495797361266856,-11.17686925071744
195,19.670701789265912,1.3965948925270684,-10.230486436556891
196,-7.981105680491856,13.70088937741339,8.635861633635809
197,6.592994996572174,9.029960504415476,-7.096737611368522
198,9.629880717270764,18.804760756231975,9.279786863194754
199,-14.553283224178717,4.38465053942512,5.9177526382800725
200,14.275139291797453,10.41858628131283,-9.207701194305503
201,-18.595867930741893,-14.203061916450007,-35.60003147746581
202,-47.721901116284585,28.253571357588914,17.49619008588344
203,-4.497626696069649,18.067785939281826,11.849417619814334
204,-32.55970784819455,-7.252987187331132,-21.00837314955065
205,-23.689560346342112,-1.2566770816214052,-10.709921277858667
206,-4.83110872714124,3.828428725532653,-1.1533800138952228
207,27.75525624043171,5.808403915473298,-16.623377817601742
208,5.171830752720915,27.138533491770215,21.947177160147366
209,3.279897691407963,21.180638956267835,3.14144030626002
210,3.8803405987482993,-10.15684780903947,-21.592355467106614
211,9.756614977827244,16.58221808155461,-11.27004948111764
212,-32.29918225641932,5.512357888515326,4.328926780292591
213,-4.4504935503849525,5.638845745476455,-31.4564183111107
214,-1.2761799316745812,24.622436751920116,10.189042492039944
215,-24.88516103123268,34.243802926025346,26.065055975674255
216,-15.058933256501282,16.11479823541231,8.021719311940739
217,2.668178771912868,1.2613083310873963,-18.424638097281836
218,-39.79935428374651,-7.283078896992188,-21.216907868141554
219,5.430457776923546,11.51887598963202,-14.861187000178896
220,6.071367492401438,10.519889850525171,-11.720233698346775
221,-9.758673534643375,11.77124929673435,-3.658349317692538
222,-14.663842959727688,17.915935113749708,12.835880473414251
223,23.00976770346726,15.348546590567153,-2.500294096485508
224,-13.26146003477292,15.865141229063928,19.0211717083793
225,-38.813890423422194,-32.99318676839572,-15.719043060366396
226,-44.19870715393723,-0.08076796192186526,-0.5649423251703408
227,-1.5271044941454044,8.632124871154463,-21.370603881707687
228,-46.004717621622575,3.668887614697141,-4.7197449676779994
229,4.333541637584237,24.851773220261638,10.701004497760511
230,-12.027264587499664,28.55654022248549,22.08466048047566
231,-4.27587059409444,2.410575602161429,-5.8303075368417066
232,11.040537606019479,7.035726133351345,-12.845723495408109
233,19.684700594095055,11.856494422050895,-25.432227869614138
234,1.7328387308853825,-6.639850005210772,-26.19022860255677
235,13.62804447888107,26.500414860935823,0.7069933902261987
236,7.0529633242795375,23.299244737487758,2.7521458411078736
237,-12.861803614218319,-0.9383535930783696,-14.025205767836733
238,4.314665655814376,13.323457809215546,2.020980470128587
239,9.484912441326227,1.843845300069835,-28.987155606277273
240,-11.543550707426963,-0.5895517503323323,4.002785554432093
241,-24.769604214485135,11.66968047895223,-7.02539387527227
242,16.14763942132167,24.030181380829045,-6.167246000350139
243,15.912619665991887,20.238888515435576,3.368968470627835
244,-25.62233633126369,5.290694962372889,2.1861132169971795
245,8.927104410141352,23.432808443541404,-4.245733253155869
246,5.287260719171858,5.430062667013227,1.1666373415808657
247,-2.010879776522235,2.003979186421773,-21.09972749697736
248,10.443133088119012,6.949821737193703,9.98741908023858
249,-11.587824116270896,16.790253176990966,0.6797467614616884
250,-6.147432511127049,3.410480476697933,-18.906241927245667
251,6.049681930302578,17.781865836439195,-5.655070213230242
252,-10.410508224860033,4.8165138082983745,-20.861920208161834
253,-11.36098321648143,19.48625952800722,16.72918629305082
254,15.189665829704664,3.9182913923292984,-32.495237832344415
255,-40.084968106092596,29.573527333020426,26.72239049205073
256,-36.88706176607898,21.724553636719126,23.85198443098809
257,-44.95715433378031,-10.607836445232117,-15.617938563261772
258,-7.809011071906767,24.499982566956703,6.617593150008062
259,-19.53903477324255,11.023074811595372,-6.873569546358389
260,-44.65691044148333,7.329791029107121,10.38957184632744
261,12.307531914460778,6.114429278328725,-13.543433952263427
262,6.403609840628042,-13.585022951190552,-36.00285083525556
263,-45.35583553038817,-13.959468682917072,-10.51919690721588
264,-16.63274025883483,16.192974693418265,29.837947068339005
265,24.97071684545649,4.191775986256424,-17.132522549867495
266,-44.2513188847918,14.043680766555006,22.76337978158783
267,6.738467224721882,9.432975976368674,-2.556212851062287
268,-15.84054199325982,-0.9084189643384782,-12.197863496659245
269,-14.719778830849995,0.4102197741406552,29.58379059403596
270,24.863702048071005,5.534330069702401,-35.189608480355005
271,-41.071597315864096,-9.160223770919075,-11.510023361483432
272,14.590992985105983,11.01127490716696,-4.057843246821528
273,-3.9816651558533733,25.51119109460131,7.012357944117777
274,-12.764389005511322,24.734964986129658,17.86249025197957
275,13.744158657187397,19.118120189227117,-6.830079974106733
276,-40.542432739804205,16.35693386015467,25.84119883746759
277,-27.97145227370493,11.733902899117084,16.4487655190374
278,9.633607867266205,23.040673848157347,-9.631999380763355
279,-5.200819328235175,21.780058969374167,10.130125934383116
280,2.2969270789796994,28.835814271541985,12.544815396026308
281,13.540456264006902,17.72380759688389,-7.841876097704263
282,5.02884212345481,-2.128251365642631,-30.934785002947415
283,-38.71648544596483,-19.930386710293117,-9.179783297508095
284,-2.712008795067961,21.97608287836391,10.818167144354769
285,17.324298721871756,-6.642641030362491,-7.188014778330929
286,3.0367812618812313,15.517706518474153,-13.689834532651918
287,-8.210199687460344,16.61834235663329,-3.065060193293614
288,-11.183197767321712,20.519363773567555,29.37926244725992
289,0.02614227393384518,24.413031628454,-22.595030591253458
290,4.1718231924285805,29.85291509567757,8.690311595950808
291,-19.074266043057747,5.160269997289692,5.986298012361632
292,-11.410722929086987,10.462415750381998,3.3405988666167876
293,22.460326112713698,-8.802078290977526,-17.64806059819082
294,-25.0425816170603,-2.203877018537625,10.067645192309076
295,-2.0760484875269487,11.06781296478347,8.229737634096052
296,-22.499742029936453,-1.0258452008223025,9.31795483479605
297,-6.429553640682119,6.15326696027717,-0.7277284323785477
298,-8.757395080502471,0.04799488123766057,-2.0319331607457167
299,9.129040125091464,-4.600832317020035,-31.91607208593866
300,20.427914834738438,10.492645247507882,0.37202508388805616
301,11.855819666380642,3.9660035103504776,12.472611412570231
302,22.695572537610435,8.839635166905355,1.0481571125336078
303,-24.915800538011737,-6.07753065044364,-3.633832938606909
304,-24.43024808628839,17.523967583004442,2.046815158686924
305,18.72913951379521,13.298970341664155,-12.296583512975412
306,5.821631919632795,13.687770728033204,-3.23670095723261
307,6.867746117130788,12.557166187390953,-12.869552118153912
308,-0.450109244482804,13.978704656092662,16.700448953809317
309,-11.692821842723982,2.255293566956049,-6.198529457934332
310,-3.093815663532752,21.841077443124355,4.580777077624258
311,12.908277585202944,14.75748851448364,-21.19802702158634
312,-47.528777161163525,-23.657370817220386,-21.850227661017392
313,17.700350137535843,17.607347407107387,8.308346106090674
314,17.625531712341232,2.5608048445685077,1.0170456469801346
315,18.336809829505437,-6.402118364173994,-18.79966022186102
316,9.105447479932995,8.233563035578788,20.516010097388044
317,18.514238493091554,-9.753815167954826,-1.7334436645420666
318,25.54260010645009,10.568488525823641,9.649597499266223
319,-39.7948227462648,-29.18306226013696,8.865165029654326
320,18.114541892608315,-8.2452522859609,9.198182735544435
321,0.8440655984557232,-3.999777816721982,-17.34383445089771
322,33.35962080908712,-13.989801829460506,-4.877127197388511
323,18.892907877291275,-3.5025763832383507,3.575877470430238
324,-4.77854168053962,-16.500249002077684,2.790997017739602
325,18.990864973025673,-23.353360518909902,14.190397233939544
326,32.88710492697695,-23.921080408482432,-1.2372188227282475
327,-10.059021742978347,-31.44679751887198,24.327826519573925
328,24.640860335843406,-0.775993448119157,15.325644281890137
329,19.543769772648545,-4.211564180967365,-14.043218088949903
330,3.3595562466848787,6.238839930405407,38.6412099508115
331,5.95211133857829,-11.30883092265177,13.826667033431802
332,18.913419107847837,-21.678305615027146,-8.265179339326012
333,-30.011048032525366,-24.75242587376784,-19.861569511208728
334,-24.50349521608297,-8.047069565520044,-3.676973210292
335,-31.56659386473598,-13.04698509837729,-5.587811987885089
336,14.529735191545328,-1.2438999949810916,-4.355326625893224
337,25.11049972367778,-2.1333353899722414,18.027921086391675
338,10.724086965448713,0.38579052887718884,3.340930704462936
339,16.58315847673745,2.3911747907762506,-29.67479477745462
340,23.558463336525616,0.45030251611916944,2.221644595710048
341,20.169170027398437,5.47199742303787,-1.1204626560207018
342,14.349235626721716,0.8971894362294413,-8.562880236959899
343,-7.118630992941054,19.80148935393034,18.75783077098916
344,-22.25293655396472,-7.153566302062137,-17.74207344326553
345,14.250239902659406,-1.8215773379542752,2.9550157627501714
346,3.2725442737556265,13.011321278352561,16.008288684732136
347,13.269748032172688,9.219212406654197,11.257687253644153
348,-22.310356649263777,-18.953600312465554,-1.4557534414412077
349,28.892410806099814,2.8316427170623792,2.9840125303806726
350,-0.7173979874358731,-11.210197294584157,7.973422280482377
351,-38.635976761548655,-17.830327897568324,-13.036114465077954
352,-32.72413981954916,-30.214509267527152,-10.32967506855137
353,9.795260255538942,8.76572842489577,21.964064714734683
354,-30.072081261499104,-36.92423682734446,-5.235828124479493
355,32.68996605184011,-21.05996769785844,-21.15019498709995
356,0.6796676701184644,-20.845422680597736,5.369630741070525
357,32.681200398917795,-7.178089179710716,-12.126680867719557
358,9.457480045590763,-3.337042036651373,28.429631441394395
359,15.846548768346794,-28.992518287598802,-0.03134843810001173
360,-5.307381276358868,-0.4633660911685019,-19.990239819616292
361,25.983696969534446,-4.14724822396623,7.107809634299619
362,16.91363592834448,-16.788701569954828,3.556348058932114
363,11.281067582348618,1.7609984320026493,-24.16790300909456
364,45.27217928264911,-0.7628601706849861,-14.027520667235487
365,24.83381432143213,-7.882007833193971,-15.077521754378017
366,17.745148282218732,-0.8235368488004485,-12.47363649749567
367,22.061370472589754,-1.3168836998953288,-1.2666513845505187
368,36.140347427841924,6.098511880318939,-0.44026660855968014
369,14.258855457392947,4.012151940335307,8.781743936429205
370,3.456034615970345,-11.287271216150844,18.88554410071106
371,-0.47491301188521456,-3.1786422425212173,-15.708387986150601
372,-7.907609799681567,-5.367548889472208,-6.523187216162343
373,22.0513431560057,-7.368309944758632,15.475663793851398
374,16.08685559784898,-21.52156497364978,23.045319539640655
375,7.385025791442556,-1.1085797945031077,1.6029183509591596
376,26.139428782155715,3.3475480293016378,-5.726904461116581
377,21.640573527748174,6.080194057937867,-2.261607150726563
378,-17.570051879940696,-11.866552869950572,17.288482536144187
379,-6.086951600561283,-32.851659583058044,19.006503057570267
380,13.696680389420843,-54.311229785895364,37.920036358337455
381,10.942742568486343,-17.923133729976936,1.297652758294308
382,-17.16379674123646,-10.245891738234123,-1.6859454165596037
383,32.31381890895731,-0.6752304561442559,-16.058266123809606
384,-43.75249684832202,-15.429510173791403,20.06765670764203
385,16.514994938742998,-3.36295099508697,-5.268146259349604
386,-0.8244553654544303,-0.29245659948868463,3.0461866949955065
387,18.87814742044609,-0.7424652850083814,16.26701681256838
388,12.60471226026489,9.761314786007278,18.09502179089703
389,20.313339562437946,-10.2539118892202,-8.902346322500161
390,15.191357390182912,7.372818010686639,20.66284453691793
391,15.240329959796902,5.026692467359236,1.6513258126608235
392,22.198119895491175,-0.13860212626792714,6.948830802976145
393,0.7078567638251868,1.2716964675786,13.025721315055092
394,7.281302774853503,-0.7647569100005004,8.044940752521093
395,31.013696573159347,9.640101586653882,-3.1073626135824566
396,14.761987546164772,-21.33250283295744,-9.977596784222202
397,11.480307943073242,-0.7933284324239435,-16.51074984088216
398,-14.860601460903258,-27.01436227304502,-12.10295408509394
399,39.21224050109319,-18.481089842437623,-19.01332854423217
400,-42.0301423128801,-25.92488663838935,-21.262730665080035
401,25.850615202908795,-15.153710314630679,14.464523928863628
402,3.8601217716134735,-5.99615993748393,-4.608865869331226
403,-13.646577385406676,-7.1379230086853935,-11.506631770334591
404,2.946702547197093,-0.34707295302977437,21.588848905445502
405,-3.2567558894989,-7.0868147589972565,16.37814478211379
406,11.086935198391954,11.249255835661124,13.779497922931416
407,-39.662388309791865,-11.42219607282472,10.919228318223908
408,16.614499928158782,-28.63317433384571,2.5784938954889385
409,-24.58144438991672,-41.28974482565508,8.408123017053828
410,4.72422297104452,-19.43636944355912,-18.465993511694876
411,12.172680869698626,-13.32334859494298,-4.26354998185778
412,39.56744170742023,-1.3393987774919225,-12.447138015758654
413,36.04447887686692,-15.953575345938523,7.72279248256954
414,37.285885921900075,-5.176318562900033,0.9021258550611728
415,13.97005959343383,5.9423918098062405,2.681090659881724
416,11.8153982225263,0.3604046279033215,24.854138567980907
417,0.573896982094375,4.22204074875282,32.26367045606898
418,9.568378072557309,-54.39733983695055,4.2016754827394776
419,16.472276498514827,9.563129275978968,4.461067581805354
420,-35.89846190028969,-3.5988465820591413,7.4970443823063135
421,19.37653313124961,-4.917591559857178,-8.121007739159054
422,-23.609857229852114,-20.73057027641062,12.940495037830239
423,20.354217622784887,-1.2810379390767836,-6.351570665351071
424,-4.884093200046225,-5.532134273676823,0.17590772405828622
425,20.0195783930255,-41.382389581463755,16.64275612733756
426,14.199462905603344,9.040385537287792,20.62560155460889
427,-7.068711702264247,-22.649595280666045,7.446906295700219
428,30.82742435842276,-13.845054591270467,-13.605989498917632
429,-1.5163316383543943,-30.46309367462471,-3.1748423514215807
430,14.432339090848902,-10.14909261815611,12.991514366346635
431,15.486679628007192,-6.304341497149899,17.35459313649932
432,-35.43590367809684,-7.550837506490136,10.361971684577785
433,17.37817910666163,-23.07280555725275,21.446319324285284
434,-15.698921327672636,-25.930523142419563,8.907696658118525
435,-34.95210057279751,-28.288320144696844,-18.043134733772483
436,4.180433279981924,-0.4785863986316524,-17.792031131380487
437,0.032262957736287234,3.830803214639796,31.649862665063676
438,23.11038641280237,-4.348888538192377,1.9071261067526628
439,25.553623928943026,2.6033003021540595,-5.119531956433433
440,-31.62057037356199,-20.37985745030521,12.551955537683357
441,-25.965426646304856,-10.38143699249712,-9.234173995606765
442,32.64957549456564,-8.552319684473279,-16.469696636020746
443,20.217588707611572,-1.5014629090241156,11.535479427054149
444,-36.46567711938363,-25.871879452272342,-1.0311259850453198
445,29.580858779059632,-10.695846840246647,-3.0683280625542717
446,20.46498829837541,-4.602938407484494,9.86907440093822
447,20.887905473958305,-13.940844305721397,-2.8367720150972198
448,-36.539343201224725,-37.27897717743371,-14.6863970953751
449,-14.120911566105468,-18.38964111727616,30.835894821767706
450,38.787655669812615,-26.826586200457914,-10.493844893139817
451,41.133519666869425,-3.7432828199592305,-21.58743882754904
452,6.777073035820141,-3.946307252419934,28.342917519961443
453,34.613364367455645,-4.600021492723285,-11.92575778793035
454,19.858893474421087,-3.10685750027784,-12.74006332510257
455,-14.40454658152716,-12.212516226140712,5.764425041916111
456,20.90337613570634,2.395453246075226,1.024077763463917
457,16.6273932756948,-6.978844208624616,18.286922839217866
458,42.53326506938796,-6.604707268987816,-9.124219483261829
459,32.66253959058415,-14.21636308589007,8.139057685913775
460,26.692045984051628,-4.772214963818114,18.99158555210855
461,17.388842400806812,1.8250022954163645,24.319560784839286
462,42.95168858190435,-27.52353202544142,6.193624127133111
463,42.99010331501124,-5.321715490768953,-0.047416164820766125
464,10.716281836125976,-10.172695008877943,12.568927000042967
465,34.187400204118305,-24.4714534257465,-1.0349803511520004
466,33.312530037723924,-13.643658399476578,9.988300866669535
467,7.825440822924998,-8.509147888592844,18.030533551865044
468,24.957561316452036,1.0310477163497636,-6.391521507044784
469,17.186594105132308,-31.638241046727313,-7.8411867378637545
470,-10.257949777419595,-7.166221856849088,-6.671895407577243
471,16.72567715031039,-4.105635120358539,-8.793269002732284
472,7.7772683088373,11.077644327343256,8.320609578651634
473,25.815459817271417,-4.86863099632752,-12.28129383011203
474,-10.509868686803177,-56.2336737791613,11.831179812405583
475,-3.5898616343454828,-9.046244430352083,1.779477998856431
476,-1.0687479397499713,4.692315920315302,1.362047106105779
477,13.954073616512705,-13.852099480360591,31.73087168440445
478,25.668741597536037,5.310381089237036,-2.0640227305714705
479,3.0955878351465693,5.546360376146599,-5.867720625741559
480,-44.41943283844716,-12.544415581672899,-1.714898088506453
481,-1.203534367317581,-1.3153287697570382,3.628596041169105
482,-9.84602102342562,-16.46487288956346,-8.546455728785384
483,-22.71343977235379,-27.078468947377292,15.61079615016801
484,-6.052118619238367,-9.39853881973203,4.7249618879708635
485,19.112150548194997,-7.1352537704332315,3.910418735252074
486,-32.55360962006741,-23.20481650556936,11.788869444441023
487,24.209708626106746,-6.333234546984653,-14.706462873953825
488,-38.45599480104509,-21.133916933589052,-22.23714204961154
489,13.183231598632869,2.3302961558767574,2.084729561025977
490,19.252953867491186,-0.9855498349655524,-10.09631905080618
491,32.073898755675444,4.328523536714306,-13.669803652437954
492,34.415539508205626,-6.696894079318465,11.421644342165736
493,-33.838198420307535,-12.568135756613279,12.668441025741902
494,30.804638443685523,-4.674697390190121,-12.704939815245565
495,16.87851559367024,-1.2766426842420713,14.712538108979187
496,31.74659850375981,4.852826714774859,-14.122910741606802
497,18.024275937386246,-14.51131821868639,-10.541281087124426
498,-12.656127287067422,-17.660499228868673,10.505672987895146
499,14.597755417387008,-5.535248125863396,8.475913188853358
500,21.221539837743997,-2.941317805604099,-1.0113970680527746
501,36.391611062531254,-13.46714824417828,6.565690810029713
502,-28.06884553506685,-11.208844206638583,8.831357048870249
503,1.5362684424233919,7.9870085655808145,17.679404856069844
504,14.90079167142774,-38.66654053656358,-15.6545990336399
505,9.679637440592048,-17.44200572122618,0.8841555850837403
506,-36.31993954091604,-13.099659274901065,-3.021177387525181
507,-8.839819626411975,-3.1972896363659986,26.8545125385144
508,31.08179684945498,-19.276804436892014,-8.720294651668375
509,-25.77974643512602,-10.236982182246155,-6.788667698441162
510,-15.281800124761482,4.435663460046328,33.70479130963046
511,15.241038452525798,6.856194646625393,17.90097272250127
512,15.010386143817765,-22.413735474703156,-1.3943361783734547
513,-1.1583552021727457,-16.53092048842611,-1.030561825431711
514,22.363985279882495,-10.952064266689,11.066661857287086
515,22.138555182385932,-0.19431586727514613,5.795057831091314
516,19.993456334500454,-23.521494256492,-18.429641079135067
517,21.023885989659362,6.0206057379556395,18.055644824719415
518,37.010520332525594,-14.294071233734678,6.168345317713824
519,15.182458325243566,-19.666005425801508,4.852900309444686
520,-38.76233679641178,-24.036657156224717,6.452822013831348
521,16.305440789136977,4.882573195667151,10.77005377046497
522,13.320120501243897,-29.02830816728556,7.956196959052432
523,1.7023941586529447,-23.59621615743961,2.901895324919483
524,14.164537069339236,0.5889171022094576,6.38259477726857
525,9.307299178670107,13.092015421616088,12.980301520648043
526,14.972908768896232,-6.1653326630667,12.41361140812073
527,6.212363453196008,13.263843206563541,32.981941334337534
528,29.442704162529214,-17.450600151085723,11.453174578974386
529,8.278869872070636,12.68926878872991,11.00825551481884
530,-14.83729214871656,-20.479188274638794,-5.713060811437017
531,14.018353661362852,11.398051136016978,22.156052317949737
532,29.883568625447985,-11.007214405193618,-15.50276700555088
533,10.23644115510026,-9.797749535502392,1.1627290720062133
534,1.0707691940457402,-7.864281627882331,-6.031005719121529
535,20.286690045979718,-28.778276371580084,16.603114156951413
536,18.72900676501893,-5.533187315173621,10.497595006518713
537,7.039201769918966,-3.9302964648016876,14.21283000413424
538,17.450658174353187,-4.293009934895127,8.675551672979223
539,-9.365736042205022,-9.999030267783523,5.7231312535960015
540,26.099980699465714,-1.1283353224407118,-7.987896655889453
541,22.042505668668806,1.0702430411720414,-4.35359405022575
542,2.978988536468223,6.696271507662601,3.203381390278341
543,26.1956440202234,18.321567892495377,-1.3883469047921637
544,22.432696821622027,11.776650002096503,-1.4174855949583214
545,23.348305440488232,-1.0684022776118964,-23.32578088289008
546,28.945825425358077,11.645593581997094,-14.401804843239715
547,14.289094519909355,10.62804322230373,14.979171049704284
548,23.271941584656982,3.498581655791354,-7.27263176452148
549,23.240977447063546,-7.4420562601329365,6.3733981426282815
550,9.580752756784422,2.0445719385069854,-2.4799787957582957
551,-31.515364549038427,-20.18938894550304,-22.339466430887
552,9.339382176940132,-1.6143256110372024,4.788929345292833
553,10.934291570373372,-6.6738116919929995,20.6448846138798
554,29.49310537744208,4.818181279896388,10.047278371054626
555,37.432507043183534,4.286534507231189,-19.258785933574277
556,36.43588120939723,-1.501028797737391,-13.603753910819165
557,45.86372293916531,-29.010430105439557,-7.6289949667088806
558,28.41726855782141,-11.405442989006385,11.591633461154297
559,4.4513917416818165,-3.885459470261285,-11.037883858003964
560,-31.811255273144415,4.3380627309261195,13.639167499710217
561,4.302894832441921,9.525125486783908,6.043025725015891
562,42.18337239225472,-29.642834713672233,10.440384945965405
563,-34.37080419366165,-34.53175474011874,-4.96651600249224
564,0.5684410418470384,16.3383671624599,3.2780908286027786
565,-43.012946720125164,-16.317933418756354,14.812173882967262
566,24.608056183114936,-58.761059610900794,-4.481081196238831
567,-14.474608961305089,-9.140288440519557,10.044849602715288
568,19.049071109466173,11.109327264872896,18.56812801310711
569,4.325452134524429,2.4112790808440674,27.44767505506167
570,19.141001875742575,-6.348017476499219,2.487315082073889
571,-0.05911592206992368,-15.456467788381316,-9.243086377569655
572,22.135530293126575,-0.23422054582575133,17.67539426866197
573,14.64204154154853,-12.36730278480686,-18.702600182661353
574,-31.262602925290334,-28.464251676594557,-5.554556778532191
575,16.421267812743043,10.22152922647192,20.289254964156047
576,22.369961176037233,6.370934038798351,4.363627488202142
577,-23.389088488510676,-9.551791125326018,13.259412680811817
578,13.90009185364571,2.029870434291564,22.574227473653085
579,-16.3374096430762,-24.797750093018017,14.892980948646688
580,18.84738106123179,-29.069172401362028,0.8891929462907247
581,25.399407334490082,2.099232701306343,-6.22822954569177
582,-14.767980115819045,-22.398695176017604,-26.171440712391476
583,25.42549037036736,9.319049701504786,-6.067770333504106
584,-32.23345327410973,-19.88399029954919,-7.546456477507273
585,-46.28751114696951,-17.076432738895228,-8.813527006500722
586,22.531125580896557,10.029799630782447,6.153379529813033
587,-18.955658880739335,-13.635245677645573,10.375559374743
588,-3.3509672435068927,-9.414222617808683,-19.271384568162794
589,10.25688832235519,18.58485822404565,14.00728267722701
590,-6.820720954377326,-27.247450964270804,4.4286963636134615
591,3.069218388692752,3.390790774139199,-11.70228860189054
592,-27.0534449333229,-18.30798836089697,6.956414673484468
593,19.623086866734123,-3.1661830188922715,22.743848943083016
594,-25.964273020810786,-46.2168816710324,-0.3961694797185989
595,-32.03087470098437,-0.46748569785983957,24.54502970696127
596,26.185281622657907,9.238497713953675,-7.841458166456927
597,30.12005555478632,-9.912005564024925,-7.17311044156992
598,-54.417063138110166,-14.852517519471753,-11.581102293175588
599,-37.16801645741605,-23.991486799126303,1.9437234637435097
600,15.003465961334369,-20.982087760080518,-12.065235389546695
601,13.0637620177443,-17.46758127468778,-17.87162216097843
602,30.32459813630862,-13.35792516781656,20.03617194467177
603,45.080297164868966,-46.43345257849552,6.456547947489837
604,19.658281726229603,-8.611703615600717,5.643559794377286
605,-8.876227316704846,-22.64553054848372,11.798871590267344
606,5.001666570728056,-7.885575259287877,-21.056930939988174
607,-5.198562145189482,-2.758420923823485,5.377339118215871
608,29.047567272470342,-0.9177698473618803,0.4581726944410186
609,25.389594910750372,1.0471123663115158,-10.96702453980719
610,9.592521584384736,-0.8116101112269206,-3.423773026280175
611,-37.54751049685708,-27.581781509445104,-13.33592096996587
612,18.539057356691615,-3.3687180114439093,5.367679690503989
613,8.949470884874987,-22.522475952104585,14.707459307955723
614,2.099777677189835,4.604430837587247,13.036071831990826
615,-18.693889678761124,-13.967117439270188,20.491141721196946
616,-12.413690672534742,3.0366001191801173,0.7186749539537626
617,-42.598430622902,-24.027085566293394,-5.942796130438838
618,24.324277635252415,7.428067524706516,6.529649814996831
619,9.468385114592458,-12.302939383325976,3.918095254304596
620,-15.70073601437586,0.7139270150851739,23.30926434082477
621,5.575616402354303,10.987764898511893,15.374388283449054
622,16.970386838660097,9.813320985771968,2.8007666264858644
623,-16.448814749085688,-9.049325956997501,14.10629444872702
624,29.952460387329786,-5.031210574420613,-9.004937418487406
625,-23.84743472732433,-32.35628848883731,-6.973587370651519
626,-21.731918115307344,-30.618543448192806,-4.158464501953547
627,28.285826621031006,-8.990236457480053,-12.802366008505734
628,17.8041345204402,-16.459289852357724,-6.6788670804826005
629,15.357001871819476,4.954760973114825,8.000990882792818
630,-14.544008677384856,-12.81471392375743,7.560907914377146
631,22.25588976222734,-7.722933167368342,9.585684643727738
632,-21.676175866724886,-6.470606849049068,13.691877850532006
633,23.799087479836803,7.266267770234572,11.634276811350729
634,4.256063471153428,-23.948332039590834,27.73486421353604
635,18.33647433047618,0.88237315626489,10.714778926334104
636,37.13622229644017,2.57482534569572,-24.18704884546677
637,28.141334260042004,-2.526736668819004,-3.122286132567414
638,-0.021316357351683055,-21.518771611393046,3.2576307955798147
639,19.721702154820118,-4.304916740942171,3.619996253118449
640,16.799467462187533,-5.4943707372719865,-3.499052345729166
641,7.812253301478693,-8.968858341395311,0.5761846226307725
642,9.683252995051872,-6.690260357887699,-2.4756703181256903
643,16.53665326360759,7.560858791346961,5.666858279015433
644,14.50614741137265,-44.65052999425938,25.329330731251474
645,3.5933542151095184,1.834265955841917,-16.825856986258387
646,24.811705352238885,-8.905422450600183,5.703032927982826
647,-22.781523879300593,-66.15495134979834,-4.4833520234033255
648,-36.296147941890666,-28.428202754357613,-28.122930133145477
649,7.597533885107751,5.046542877725574,21.627864696983668
650,35.40511871721119,2.1296539482674954,-3.5744765213281005
651,26.712655406159413,2.0086302031614927,17.790074814697928
652,-9.784948724332974,-20.490471015851682,23.912670168893015
653,-28.850968668701164,-26.054137727755716,-9.760180786017155
654,-6.750949579440675,21.158927871761364,33.404079357204
655,4.253724938854218,-11.363726430362478,-10.503233183726776
656,21.467764098575678,-2.721865303402953,-21.61220726069777
657,7.957998491918924,1.002579382566654,-24.312768888105047
658,-19.95810967085384,-57.84308831648213,4.0984616692621945
659,3.877158955045232,4.408356788960608,-1.275952143749756
660,-28.5883097542551,-14.97701221418372,-3.9981783264480715
661,8.85091009052098,-16.01797914906241,-7.669572052491089
662,13.605758051962564,-14.485853019823367,18.3601720819932
663,-34.035113357378066,-9.851579863195003,-3.7872568140581335
664,16.17945971950571,-2.777819136108673,28.490521179592772
665,1.3985433688876845,-7.53236205704194,21.239765186502954
666,10.638294242116963,-1.755460541977341,5.274463877209203
667,6.313030970623829,4.658462120638695,15.368564464017126
668,23.059463968960433,-7.698267499918991,0.6940689714031124
669,11.547526467400095,9.769376733529821,24.633052569540354
670,15.146760113398805,-21.373172449343556,1.5270278059090616
671,-2.3458883850366457,6.473088288451132,24.728440179358653
672,18.466622214487167,-28.91008915912346,1.201188417840987
673,3.320664588049426,-0.07646498024799712,-4.045657662002553
674,14.486443600049915,1.5133179783938158,2.1305480572246713
675,26.355629189884123,-8.876192855762325,23.905373614344953
676,19.974609612449182,-5.426318113125042,17.01212196908372
677,1.9475852097492636,1.9644146330612033,23.626404080939523
678,-14.007899593548318,1.064774312291404,5.967127619958788
679,17.81287603028799,7.867372873598274,6.426482026750795
680,-34.083578554609396,-26.994183930022796,-8.25048217075109
681,33.12970512729577,-7.7823064628452565,-11.335100992407634
682,-37.38971790985953,-3.383321312676661,29.500936075123246
683,13.30740765431491,-9.918355843741343,23.94063984419351
684,18.203699867837702,-15.005358131814786,25.339478438347335
685,20.78596556332939,-16.217049349850953,-5.05814900740271
686,11.856163344392659,-10.291450145184143,7.511441099493725
687,9.682166492205683,-14.415153139661204,-6.140545368196748
688,7.119537493009982,10.239291470774946,4.518716850106629
689,0.7423591830754065,19.858768772401334,-11.164384451639416
690,3.1923497834266383,-10.86630883521628,-13.309872765318273
691,-51.86470068880071,-10.298874980496459,-7.7149236883753485
692,17.649913143001523,1.6797587773327254,-28.705991972130914
693,27.812803076981414,6.839597147606418,9.776470821745699
694,11.46001035810633,11.551748196709632,20.221986362557214
695,-33.692376518055866,-16.37004739062986,-10.002507279932804
696,25.94220594577118,13.807856844877861,-8.541972003596126
697,14.447752429999662,14.687197400361885,8.600753866158707
698,6.574474662668454,4.468946288563782,-11.580293511941358
699,4.848919387510154,8.835684494600667,1.890324025265988
700,5.469030696347895,7.016687085477493,2.54778270348547
701,-4.766109854710674,12.495419395337047,11.72796993013599
702,16.482692906109136,2.889569662708041,-10.175349106416967
703,27.38280981471971,7.402229500649353,-7.806531153491396
704,29.654170759653557,8.0614916322168,-20.316464597219
705,19.16688071226345,-14.714760948677885,-10.136025015705073
706,17.360882940430066,-8.347280603118733,6.347674040493325
707,24.78689624012499,0.4776619421860109,-3.7537499766448077
708,15.267572565669681,-3.6147619554640027,-8.21831407438796
709,11.346941981078485,7.084989239800996,10.530238610261925
710,-16.558330899408844,-4.749520345937531,-15.845568011900335
711,17.340110771040372,-0.23020585746230474,3.467241676358293
712,-38.887074750158554,-8.035852818418956,-5.595305320397846
713,4.665239253510351,-3.314779523679319,-1.8428729155036916
714,-5.609728213827133,5.340437510162984,-17.841003302889455
715,2.8094345743964864,-3.11518733721941,-19.782872367964497
716,20.140608264369487,-5.809943786880581,-23.95291516100728
717,-38.756919374546776,-30.497932038366457,-8.914792710844711
718,10.428500738437728,13.113391446581343,6.991243661865328
719,24.466600375702463,9.354957738592114,1.5103502202953307
720,-30.253497491207476,-15.883915247970561,19.705859250122607
721,-6.3648815101576215,8.070665903506393,12.975428123090161
722,20.30054444433163,-1.9811288895352517,-13.528500813588735
723,20.739850301027815,14.988561088476255,2.710606963565796
724,-9.739613459890583,6.08613762750002,-14.056542764149963
725,20.20474912172704,8.862823670290448,11.162036988937892
726,16.831947186246154,1.4528481269534488,-5.095447480641837
727,-37.419773103513016,-14.493604534599896,-0.17691976797754994
728,-40.569288460385714,-22.16544869699997,-5.47783243834863
729,-44.482931627588044,-9.021697233883057,8.217571502216183
730,-35.12372021342821,-32.70514241450606,-14.045220620189975
731,-28.39127036308884,-21.116434699824264,24.239989155101398
732,33.78176023190204,-1.2590739820183616,-7.249706294376506
733,7.812962914651539,-19.051749003258696,1.4140739132589026
734,24.839835081127646,7.007400763248017,-4.79012651468067
735,15.143597081408148,9.825257615053278,4.473502351355282
736,28.23953199401627,-18.531770010914574,20.816769963397665
737,15.568914829142612,-1.001780068001882,-8.29078588523172
738,21.11847793365745,-3.969725701495366,-8.398252294898775
739,29.976728847164587,9.86809643689212,-6.8956184028093
740,16.46418568875294,7.525081739567413,-21.160945414394103
741,-29.2404750509112,-13.440706492204782,-7.853296068574454
742,10.231415944821997,15.801836905115541,4.824417304475742
743,-39.54588232885464,-11.494794364029646,-14.411783503254867
744,32.90503923540142,2.0721446984756753,-3.5135951503698037
745,-12.552466930128073,6.419061226220222,-7.378767126096744
746,-37.06028089208996,-21.58897130497043,-8.688776853750692
747,1.1770890325913357,12.826028384438578,1.662617208961273
748,-5.52429015082851,-4.25976437770362,12.406688696640016
749,46.73373781053855,-35.905898228332646,2.894230266853198
750,-15.23670668139651,-80.62450163058875,13.800258113321187
751,-14.932798019397362,-79.31992782368035,31.550707145836984
752,-23.614993195624894,8.5083751832512,14.110893131918692
753,-20.56566997159748,-1.5331939020391605,8.41160581127451
754,-29.0962591808133,-12.456506779422947,7.107130903030142
755,-15.091998893716891,3.3507212411477973,-5.418239705473981
756,28.98537679851295,-17.875994272479776,1.2472300465029358
757,10.901020479014143,0.18984956727980437,-21.90968077562329
758,6.644734909988271,-15.965379644284306,-5.248366659866649
759,15.333162298402623,3.2732586195903273,-6.064271273457658
760,-8.965566422597298,-6.295861923840096,-4.2782202744618205
761,23.55915088561077,-11.08360218616226,14.76772121273599
762,-17.504165266075354,-23.359467831136755,17.685510685439052
763,18.395266659443212,6.080859144205199,-16.558176030291015
764,21.173299174332232,11.460683216869523,-1.4546737903028821
765,-6.588890995018781,-5.8481009152035925,-15.830621455630379
766,1.0628931346701813,23.437933452309366,29.21173932280189
767,-29.538044219729894,-16.885278080044383,-7.855300774995743
768,-52.13963626717235,-7.790386788474108,-8.46811057045019
769,4.627996224921818,-8.087970828551658,-12.281372180718298
770,23.537884115503083,8.098833829944205,-9.300415788111957
771,9.9305726927082,18.228187834183583,16.768181232520313
772,17.619460732286043,-0.5879728439399737,-14.976668808482758
773,6.426198874718654,1.426320772928144,-3.7045139352590164
774,41.25728606196542,-6.371306312961967,-0.9481467436622498
775,4.98626297544559,11.164462220933409,15.562237510280239
776,0.35660524186923254,14.906180002367554,7.054768860863318
777,15.61277529352772,-7.837726565643844,-6.871062579523622
778,-6.900000840887629,11.238314362341429,3.4413053335630983
779,8.689674173767113,9.803380332978717,10.334841989042289
780,27.478991254342798,1.3971761274227545,-28.135564489763127
781,16.536543359066428,10.307399441760195,-18.13121448174695
782,-4.570075328887816,-0.5658780256436969,-4.499510320770549
783,16.545581333695047,12.33339065311538,6.9556695783188704
784,16.433792372173908,19.133610461339877,6.199126167203996
785,21.35646269907524,5.685725962287168,-27.95019811468611
786,-6.478382145151784,8.622042340563825,-4.740899387794515
787,-24.701696368179384,18.944121018187854,21.725102730797754
788,-46.4003097384182,-8.879201903548545,-11.006198627503663
789,17.73183087712284,19.51433437161598,-22.774870325548527
790,-4.74877175018307,29.225620260617312,7.401598768070852
791,3.1806368315614018,24.52457263319683,24.224386925110228
792,9.05264769891758,23.93123915334968,-3.337177955546137
793,2.4068918942205593,11.941046830266036,-30.680425489602296
794,-0.8320427411785803,14.921147517885272,5.401024860126453
795,22.85734076549063,8.202750889480756,-8.388801982277677
796,-6.847248642450661,12.74037704189191,-12.638220277382345
797,-11.396083497615875,26.085991936343895,-2.7506464430167212
798,-2.8753830381128638,7.277127068410222,-5.340588115550482
799,9.862286814152197,13.221108919761846,8.735144624596504
800,-4.840741749941803,15.178174957670675,22.80489677722161
801,9.239760826188785,16.88835624346556,-18.60461246136758
802,-1.0296335165088222,18.704750131756498,13.365828278464068
803,11.713266409886558,26.9933156794979,6.032718386097224
804,-41.317823356987866,-8.737450901202282,-16.86769573372899
805,20.687128142675565,-7.441216120668465,-24.176501344383933
806,-31.724438714303854,-11.792076701001111,9.802703159576222
807,-49.72475077072725,-14.733414000323856,-10.235643929080126
808,10.92095401272344,28.004590711823024,-14.30418815291079
809,-52.347937210956395,-9.941936056593649,-10.540062204043908
810,-3.7222753691077375,14.151908426129534,-20.247014742383485
811,4.477625209757249,24.752573053400255,-2.507474763134801
812,8.774517749761847,17.83106246177684,-15.883235294203649
813,-9.565203528897667,27.951116070912622,26.771205786135262
814,-1.904841548389516,7.764490166965887,-14.728187890192512
815,1.2814475255887086,28.845079906511508,-7.183649007075713
816,30.318501462674956,12.68174859538449,-26.50826528766023
817,-27.84167917685985,-2.139248505998185,-7.55664104357746
818,-25.74285449483018,11.20068918966677,-11.996694622937783
819,-26.297133201736454,11.26995698104142,0.12044124568929063
820,10.752078098099744,13.766097797850962,0.18529425037650332
821,4.060238242032887,21.9880601109088,10.474303628128185
822,7.573599695685656,-3.5872946411215554,-30.716425822528468
823,-1.152199277629819,2.2390859301557184,-24.051975437439335
824,19.41080167118814,26.743385324146164,-14.03476672112796
825,0.5885672454162697,36.17698371678739,19.928052901897697
826,-17.462040035091402,21.372188111120412,3.2364453068825036
827,10.158819826027576,13.310017001299384,0.8210398302939736
828,13.76101220687684,15.625048644001774,-11.43012809243024
829,14.340285766954922,25.268583399327046,-7.415213233773598
830,12.158443032735722,25.427240171228593,0.015468636729380645
831,-41.47571327090775,-2.880179600701692,-21.095735541043336
832,5.0526253303390884,23.31904590951604,5.061188280009558
833,-42.80557635727025,-3.2852131283699606,-24.76673799699938
834,-0.06636522337489699,22.928022951728007,-14.84875123472843
835,-16.484513496152964,9.716452363141533,-5.877831129513459
836,-6.597830610730642,18.314057671870536,6.6628621904300696
837,-41.82852426169227,-19.18484669400934,-21.017193915107537
838,5.66887077468599,24.18771133198806,5.6066668201109495
839,-5.672436330103414,21.915689457749096,-10.199835905511359
840,11.185570955752228,17.76987594534646,-5.226669607010009
841,-11.064224645660515,20.8049962388089,12.546809713679336
842,5.252302610491914,18.423965325447735,9.735672041210707
843,10.551633446498988,19.869799316630623,7.91451692648446
844,-24.433696602057257,17.791775008739567,37.230372620107765
845,13.016200135540416,-8.277406910332294,0.8741153727986479
846,10.45781072235104,-2.382749752753452,-31.41513816539246
847,-13.073830612959595,9.029843195174392,9.507424387789063
848,-38.91315295330312,-30.260384743661618,3.895932377706365
849,6.264469442803763,-1.715886471713132,-2.5368398712599927
850,-19.471975751600116,11.146864953224457,7.45104966222184
851,-5.64136146842544,16.567700283798025,-10.759672942534422
852,2.5596141729751807,21.8133821806341,-6.315681715863075
853,10.998178019242644,9.56168231712333,-19.649883560268595
854,-41.58728927124762,-16.592331294431975,-15.426392333868517
855,9.789959262932385,18.729659059847748,13.764342167704013
856,-11.212892629371558,14.181513976814434,-6.401393303302849
857,-4.89755641021222,8.257450420479689,-21.07693696044021
858,-54.09894836371389,-2.3286605813289136,-20.729300376965313
859,-53.17829214597711,-8.513293739082782,2.0445601799460853
860,24.651115591358646,9.261018839454799,-27.402172576879185
861,-1.08347420242448,20.81874367501684,17.342010009435775
862,6.956888805884607,18.294880885981406,12.83038630208133
863,-15.89120078401654,7.487449596768228,5.406140495523559
864,-7.503027792019458,18.491133847307974,-6.921877221359512
865,2.371035655448441,24.402500729763275,-5.146213900982715
866,-25.08077469702486,-10.146984584195092,-31.722410311164513
867,-27.551932493844788,8.233588088503039,32.55777386147904
868,-2.9214396845734885,22.85393383107875,14.339059635298547
869,-3.5261390672034896,26.332775638452425,9.735716911762838
870,-16.29145354888719,-13.698092585638442,-8.695542010253854
871,-41.83540824830762,-11.484029392539126,-22.97881428298816
872,2.609325588263304,6.721172383107485,-22.769991105244124
873,21.653215432586773,3.1196561056487764,-2.922728910706553
874,19.016615327579032,11.717500797014567,-11.148291320275963
875,-14.409950378514464,-2.1284778192085576,-9.362520995527985
876,-16.793757918539963,-10.830045332009416,-23.758384570291877
877,12.669409449336525,19.04891174716981,-1.3869694109225077
878,36.683253644118096,-23.617336356102648,-1.6808635962654241
879,-0.7795698335632602,30.157730127592544,4.856259901467036
880,-45.20020384415656,-9.886795602295033,-13.873226611606139
881,-20.520119317887453,0.5413342227922611,-7.146826774660005
882,-7.526183178224204,-10.919198256595083,-10.582010445970505
883,1.9495273229302683,13.648491721568462,0.40229880338782653
884,13.374011538098763,2.3495725400255987,-3.9555687905263297
885,2.543463587136655,0.9380819321625793,-17.096354932948447
886,4.785838226662766,-0.8069784416859092,-26.420580111260442
887,-25.267976293316703,-20.102003306248303,1.5585633618887702
888,-25.648046221023293,-3.9200175319894908,-5.182219936390301
889,-2.7499439556695804,17.64465991047946,14.336958414434497
890,-18.703386136802695,-1.3615060028027213,-4.730387294742332
891,-6.076049248668178,22.772807927301614,1.714510529186921
892,12.404516937595071,15.75298884424439,-15.155406010441586
893,-11.178468621338107,17.203587471935176,-10.980274142759995
894,10.774293491038616,24.40704007427693,-14.18888077429249
895,6.732834026873816,25.200844815507,-3.0355417357002215
896,-39.78217943192847,-4.6266973221997745,-21.160514571801443
897,-17.04915555298451,26.93153719956747,-5.748107294258137
898,5.120888407889189,8.565790279340675,-20.228491047895897
899,-5.547846025345241,27.634951088048282,-4.675665078916372
900,5.7400744986663526,3.9598414292827098,-16.298222569482963
901,2.191719085092486,9.72651072658235,2.1258277102788696
902,1.634393296155819,32.488817643116434,4.789872908595246
903,15.253468269746016,18.236287488291616,-7.483721787260831
904,18.869952812239738,-9.115324979943624,-3.0515617818130156
905,-4.0747444517161275,9.7217973751035,14.765663432669573
906,-4.260513594186145,-20.58409324971674,-9.629718376453802
907,-6.038746630925692,0.8296558108884962,-16.844811365340952
908,-4.0033045773269365,24.680776784124266,-5.6266173709327125
909,-13.350755100892616,23.111032409089905,30.899969014570626
910,-41.685836896292685,-18.328382196041655,-4.080199153302733
911,-17.482924115395335,-2.5695124344673412,-24.015018985525437
912,0.9304356743039632,-24.555561348776692,-3.6425115622277975
913,-29.533495784362927,-14.355319232418429,0.424078036708295
914,2.110377394639777,7.106035504517983,14.453554908715763
915,3.5243328278446726,6.845290343547429,15.022251353943172
916,13.490921740062847,6.949415644889743,6.952644125064618
917,13.375914974553448,5.440771447416743,23.1586280993964
918,-11.617839737887188,15.571696222104558,7.846148974008469
919,-10.341626041906032,36.04158820250947,4.176140438111956
920,-32.7759233238102,-3.5144979943100467,9.179217945672823
921,-1.6417001562993618,8.920145037831299,-15.613436144294226
922,-47.23586284141693,-21.255900283988954,-20.85807408865562
923,9.688222122949224,29.111394846401613,11.015750844984593
924,4.247624894006537,3.623957367602944,-0.9021524003368836
925,-2.690902316077293,24.20845072070531,10.24673566072057
926,11.652300187562311,7.280027911920081,-9.636826208644496
927,5.325474839984502,29.35301157595121,5.754979255096225
928,12.017267830148652,14.350691440489888,-7.915496861281976
929,-24.463721489378074,22.373132815459364,28.03785251562409
930,3.105821708358365,23.810188389297238,-0.7564824149575725
931,25.195742163581652,11.284278910212453,-25.3144319559202
932,-53.440883209599704,8.914284635808814,8.528350025737545
933,-24.932048625254016,-1.4830703134825103,-18.53817748823515
934,-11.270813838062022,19.103922943699008,-12.318317042994318
935,9.281122072642196,22.58380001761096,-0.32421277607589766
936,7.66996480333365,10.468874316369824,-3.83086951364316
937,6.005736303913591,-9.206223546655913,-29.10699866429481
938,-0.587394392820154,32.47159468589659,15.342956706613164
939,10.900744058309675,-8.6208988130817,16.931177892247664
940,12.677548198414412,10.89917822447964,0.954351415496363
941,-0.4995010298177135,2.8804290679812588,-4.581174176616175
942,11.142625000304864,4.936924479002302,-14.52753045269604
943,-11.566276988432834,21.27577792637322,16.952928751680197
944,-16.78153816410907,-1.6101313949376006,-25.007244361429965
945,23.907089797954118,-4.058475956697106,-3.4440482330927398
946,-39.3481488908492,-14.026771374113661,-20.70197122200761
947,12.730599657516981,30.723161279713832,-10.111210379053661
948,11.396857766759055,18.93618224860336,1.6581180010344199
949,-2.664606560743602,16.129521955790604,4.982902132905053
950,5.605457159355601,8.329540607881482,-10.327761860428463
951,-27.540056278273312,-9.168880261772886,-5.220889855287227
952,-7.498244759247177,11.145413837196044,8.922229392862905
953,-53.340352819742705,4.1054845761532786,2.709669354952172
954,16.19210823412592,21.15089388824061,-4.2634595587544455
955,1.665510510976095,7.470928605193344,-15.639033976237668
956,20.6370644748737,14.131466211972434,-20.605885375991416
957,-43.23284785716281,-18.86113450365493,-4.785391626455716
958,13.055286142661274,16.620734318884388,-5.337924910474549
959,10.367781401571516,21.258253520962626,2.853274629128776
960,9.521526317856528,16.643054915497007,-15.022496514428385
961,10.186114200528849,22.585128614839736,-10.352688938598142
962,-17.111105036258863,18.620025757212943,-1.049323580141114
963,-3.1863499100717423,22.1862383597585,-7.063664597969596
964,-5.76764805926568,34.41124626496218,13.399146416578635
965,-25.273980639691576,0.31942801308714863,-14.187783530581513
966,23.643724971168506,21.20320766458395,-32.285652118424785
967,-25.313018931226793,26.058543771892797,20.01473063309948
968,-5.036814829148714,10.192351678104071,-34.888049464990225
969,6.677475022541325,7.966334315026444,-28.164690109610557
970,-11.843276843556604,29.807631885993505,-0.011491137611570702
971,13.091442792887884,24.94942721481703,-15.600820537282418
972,-5.757595180132426,18.18541885407722,-26.623894222098073
973,-24.241143118549726,10.964215546473707,-19.13716533080784
974,-26.114121419113616,40.91245992716051,7.355604196427252
975,14.907780330574417,12.753079703485676,-43.24136152770219
976,-13.504357081230284,12.780030417026904,-30.458331553916647
977,-16.12922953919146,16.359688053023852,-12.640344593671667
978,-30.39368217010337,5.7668968488214105,-16.087171285613927
979,0.7547337304177553,19.616686427495615,5.713878613557118
980,2.6420495340354115,28.222284479640518,6.586451194602364
981,-33.77587689232984,-1.8342496808403634,11.748473818850684
982,13.765080589174353,13.90988736386222,-1.010911175216016
983,-13.684868646962705,9.59097671466775,-5.873208204505533
984,5.5564913327930725,11.151530183162452,25.480857596230617
985,-10.690465795985926,35.01542626432776,24.100814824059306
986,9.47797486820481,16.18555174564219,20.5183372470389
987,-15.350613883739614,-1.4740805876895675,8.572417226419194
988,-43.65007152930866,-6.162888126633928,-8.750144289719447
989,-38.48948403141846,-10.728987406787988,9.091281284520557
990,-51.00151445468601,-9.121588388768263,6.866234302869202
991,17.420877846298726,16.588953841050834,-10.876054696089499
992,9.2407259376782,10.764534581591558,13.799531644672077
993,-42.42553477847835,19.302939854860853,30.483240502929167
994,-16.589773685173373,13.238300756069433,19.172864132328876
995,-0.5292271085174519,8.08926352356947,11.259000085658656
996,14.10512601843514,11.867649326446227,23.980762345330735
997,-12.288965790679974,42.17090786571593,-22.191038940590975
998,-29.373333646768472,41.42784355387842,-13.750787515318994
999,-3.3375238538159415,51.42736006298041,-32.75643010350973
1000,-6.4532618871315295,46.415343281827504,-46.72696647703997
1001,-3.032780028097663,48.04289491013036,-55.02810288143678
1002,-3.180601575733666,42.64348384524196,-24.11359367669519
1003,-18.48037036789932,39.10223442202961,-28.046292064107032
1004,-30.783476300316607,32.41204517423378,-41.89021328433465
1005,-34.457089985926785,37.999239852307646,-32.0957552587511
1006,-10.571648836504503,29.801110604768215,-26.414390109007716
1007,1.3446252207356877,55.768522996747016,-26.30109051944214
1008,20.814382305518443,28.449602172176203,-56.62321945327832
1009,-51.872217159477216,15.779089648078624,-60.28044305057269
1010,-25.743390228231615,37.83746629804998,-39.321064512385554
1011,-30.06871716665051,45.98608182542896,-24.17825713614781
1012,-12.086439278031364,38.26048298498812,-37.94967444615947
1013,-15.548911892444485,50.64838537289127,-20.29986496047598
1014,11.576637885584178,35.1525547453749,-43.160491837332316
1015,-2.0450535231036366,22.01303309121009,-57.33357796319441
1016,17.47608292328526,-6.255526011113943,20.194316694639987
1017,36.500759839086854,-54.487086652903656,9.9197100559623
1018,26.34771994496894,-16.648025564742433,-17.78606902680232
1019,9.15670477345601,-10.25244113631135,-5.940132825343344
1020,-30.317817784414427,-14.855578837762616,17.00182909223708
1021,30.352132183512833,-22.82319869328682,22.48173448512941
1022,27.548112381273803,-34.567226787154205,1.964348103385657
1023,-16.16814800945073,-8.72132226938588,-9.751182954705529
1024,-0.5779001777692869,28.224853541424196,-3.7453430003650947
1025,4.149251197502685,19.800277256701197,-15.275965830109206
1026,7.709696168454727,17.254672172149824,-5.257139955591592
1027,6.432507594176368,25.647601584753865,-0.2735325153104779
1028,-23.27832996084417,15.424337603982009,-6.362817046655392
1029,26.292885624731102,4.87364768330906,-29.98449589299106
1030,-41.10554580950836,-4.038865104675213,11.567982668616065
1031,9.706931271089195,18.065163499423107,2.869655293105933
1032,-49.791209050038226,0.9370625862223109,8.065403812463895
1033,15.156063113133158,-5.650549752460245,-10.738639416521728
1034,37.082320874117855,4.337016433167143,-2.096108587777049
1035,-10.93230388907258,-24.308416265375627,-25.064688429226024
1036,-11.2704915522198,6.624435081416434,-0.6049904239617019
1037,-36.960303614196,-23.559091120057925,-29.4305421513562
1038,-4.089088782773723,-35.21820602382194,1.548765059012927
1039,-19.65478537918313,-12.90502001469636,-29.089177078406646
1040,-36.53028176186421,-4.565121134069997,-7.163168212727916
1041,11.291235103947427,25.330764015811564,3.4986530547587105
1042,-9.889138129749867,26.872325125020353,6.396701054835683
1043,-44.19236721754042,-1.0841279915941282,-25.302744777317066
1044,-4.65641057506917,27.131100952193854,-2.3171602397596067
1045,33.190407365418615,-11.040416992143978,2.491429992355182
1046,-24.921224619282228,26.630769930671747,36.42728135360987
1047,-5.961591695119675,25.500277642258357,14.462994464610581
1048,-47.6178471183148,-22.811178837835246,-20.9645368826272
1049,22.68052561069401,7.559673010450634,4.381727271287591
1050,6.39402817438222,9.695353066936745,13.433684853020626
1051,22.542667348174604,-19.375066890418594,-18.2808127572899
1052,-2.783245839220075,-7.302695838364319,-18.82018416033397
1053,25.42130121051815,-3.323558853352306,-2.64500173772869
1054,24.418348206905577,3.84415090085471,-13.093773716153716
1055,-16.55358049337681,-32.08916842756799,-4.804742104484271
1056,21.61300413007499,-27.840292684079223,15.636328930340168
1057,-2.7104475013864318,-13.854112394164705,-3.6745815270113193
1058,-25.003013854444895,-19.138011821297056,5.3247980570077065
1059,2.7882130645757544,3.7401224045648744,16.187580394885593
1060,-11.017159075165193,-13.00468489659961,22.964891195689315
1061,-15.287512195829908,-21.177517993434417,5.758729741791122
1062,11.838292675829534,4.789427458568441,3.706395535828324
1063,-43.36342766145905,-17.859284915973898,-20.723440199991764
1064,20.85062958279653,13.00151540240991,-2.1303078865125045
1065,22.61239235594878,-6.237306218839637,-5.007101991010017
1066,-30.08676331104685,-4.757985497004491,-1.4023129085692052
1067,22.368466675758576,13.857097087836749,-20.026283764928763
1068,-23.11397994311641,-3.5510029758674717,-0.47212796218391534
1069,-1.5272590031417426,-1.8264152640196452,-0.5943284786834374
1070,36.5067087459099,-5.536370184834683,-21.623864397526464
1071,-27.012683268924494,-5.935554191539161,-3.412807315295254
1072,-22.159507544516437,-19.153269332707477,-6.309089985115629
1073,5.747142313977765,17.48971351214091,2.864165242919299
1074,25.665664099499153,9.369306359640685,-25.359619670759596
1075,-24.880468152725022,-1.5699743050877686,-22.21543915173843
1076,28.3983872089878,-4.9437433477209884,-31.65812713359775
1077,12.581669710546164,10.37923849255425,-6.6823701757955085
1078,7.038460489517453,15.940523141740535,21.528184435914586
1079,-0.8597276715694303,8.64747877087119,10.151123578973118
1080,22.433659829286352,2.5049890013624445,-21.708338560417808
1081,7.778017357080727,-4.217054615590779,-6.503164544596674
1082,-22.298995396027824,8.047746294575644,-3.528392287475148
1083,14.356511424546918,16.031594361909395,24.192988645212765
1084,-7.312536331114886,-5.698815165651016,-12.743939289315957
1085,28.478279506183135,-7.181051519490902,-13.525560591366297
1086,30.431502299204436,10.916516067979575,-11.338507493970376
1087,-20.988129725087916,-7.726450665956745,-0.9953878304265709
1088,12.936808659883146,5.639416422496505,-21.20743950718911
1089,2.2987370032872665,22.100470982678058,3.4681073991542113
1090,32.89655980710118,-5.544463177899103,-1.3942837248537394
1091,-48.29450345534262,-6.1468261090460325,-12.582661348147749
1092,-8.06375346359645,2.0592758339522756,-28.150912915639292
1093,-16.29918871893534,18.501993869052008,-9.51432334521704
1094,-47.71510722978532,-6.429809984209843,-5.140940777791608
1095,0.9603520478131063,30.49319860400719,1.5211829210280674
1096,28.77962407315876,6.753594337957462,4.515584411054211
1097,-52.29986472093151,-11.886775070052296,-32.71989414642035
1098,-25.248707843024203,-1.3821702379359042,5.1638126598812955
1099,-7.71445178022158,-4.1137171922043905,-17.008616662625442
1100,21.360495406542878,-2.559646358076013,-18.4274289599498
1101,24.9765301245516,-6.050123181021386,2.1289155568265286
1102,-2.646796412013736,-12.434022883521736,-11.573884321553304
1103,21.107657373664683,-4.097580160790953,-13.764467897795592
1104,-35.05050058401211,-24.90964118817588,-24.12033965872931
1105,22.170764702884213,13.529069592557434,-10.062331445941094
1106,10.447639818442633,-0.8021180955356932,-18.29752758149266
1107,11.901286728930488,16.398625531105694,-3.968866803170034
1108,30.59716997619023,-13.67957529262301,-24.586618977034057
1109,-40.60136046436872,-17.27298333996235,-32.04688611232811
1110,32.64714059360246,6.395311755755578,-29.81466735414529
1111,-1.777441975007877,19.56003715983381,10.834556003172032
1112,-46.74475887884432,-6.574964968292449,-12.336910099400738
1113,36.25016441059438,7.184455680296673,-10.470384741303205
1114,-21.062248019389823,-10.061909669864807,6.905980191569545
1115,-18.13200331704836,-24.14861382127862,-8.004544168647374
1116,27.717517881716542,-0.8151035189538826,-10.684043123360226
1117,17.162011850765975,6.794772531233999,4.428521070652524
1118,15.333231404089219,13.965521579516489,-3.7942137076984137
1119,-38.06560803933791,-31.529911169622924,-7.039425712537166
1120,12.322709830168698,13.401261801223743,-5.443937843864567
1121,6.76474808584784,2.8335706646502463,2.878267903775198
1122,21.134206815182672,10.103495391252178,10.30242626867024
1123,-22.116141803573445,-1.658088923767474,-3.037653477586507
1124,-14.739167640235387,26.911101396357093,7.710071836219996
1125,32.55191221904997,-0.06950283777886947,-37.49122507222993
1126,-34.19634676357004,1.6107960082232715,5.786196005349931
1127,-9.020037301842992,13.115388339418121,33.731304025490815
1128,-7.9670926051923825,17.300457689643498,-11.118712485913761
1129,-26.201876743653045,19.695025692425546,14.520115199481108
1130,3.6917112660365987,10.812591024994518,14.792608559055008
1131,27.026296805785663,-15.349402946054253,-11.396301719464134
1132,6.481835310988497,29.314366712045008,7.239394562252909
1133,-39.69587266960181,-11.619598813312392,-25.13409044018575
1134,-0.5446200496765874,18.77864842368445,-36.20581328281138
1135,-0.8225456899214371,22.080052723208507,-2.6558143017446296
1136,-43.52045351959497,1.9903539031403163,-15.053662275893409
1137,-9.11269103889802,23.62869027172546,14.257384470434186
1138,0.41553473843520516,27.55562864094615,-2.513041967008484
1139,24.411593422341387,17.150904655015534,-1.219963577338444
1140,-10.657279289838838,-42.61812034836668,2.3847833101066493
1141,-39.27883286217103,-15.636580367026514,-14.65562557126931
1142,7.266906741023563,1.8677880841314314,-16.75699651141751
1143,4.462362016582272,25.230252466719637,22.11648180223537
1144,-6.282885248485061,14.806606343648715,-2.22736876911039
1145,-1.5593303399624752,-26.97493593218443,-4.156965467023918
1146,-57.07817657684669,-4.97656610563255,-8.83766311715358
1147,10.80285907739989,18.577804294854186,15.242276592449038
1148,6.1325191475936585,-4.560815672997373,-13.685424950241496
1149,15.064603296499625,15.557887359110028,7.301699863323573
1150,26.56470434531982,2.151701706243445,-13.140934421269336
1151,15.463138735854063,8.581301575168622,9.040238169447951
1152,13.424443925587354,6.37999474958218,17.384306607070922
1153,-8.31445956566273,16.065217109806156,4.433252391317014
1154,-15.95552134038078,-17.986894488759038,-3.006041282594024
1155,-11.123947819993287,-37.639750707635216,-10.309044503547653
1156,5.0774674639534725,26.78871290522023,-4.81401233642958
1157,1.64160551097861,-2.7882853595004318,-5.325125680400753
1158,7.042480700725852,-27.59265570209622,-19.675224001836046
1159,7.989314120808973,11.98789223657359,1.0616165339343533
1160,11.20911513659205,9.819693801323425,-2.747295300187606
1161,-42.86301692897136,-24.541902389971554,6.023745542398152
1162,16.893132178105898,5.157106516007064,-6.642021057740377
1163,22.084511831583267,6.165581218492809,6.954082440576891
1164,11.313468800963008,4.3553804053259695,-13.271822991389396
1165,6.794423317417489,13.1552330041995,9.539109834588288
1166,27.446713456349965,-9.246610143933278,-17.879778438441072
1167,2.494866255647751,-7.950515691534347,-9.79781651936049
1168,8.336126958731182,-14.743464311407982,-9.841191432587722
1169,-6.282947880056451,7.361558704740204,0.2180359773361918
1170,-10.176415058235015,9.104679326807233,-0.9560336602151075
1171,10.691446417710498,6.158829125967869,9.193324415798662
1172,7.267325249468916,5.2127938540041345,-2.985587029736525
1173,-25.24614471361804,6.329797785032593,20.969218484892338
1174,-17.480289783525734,-0.9002784276455251,-8.69661671144452
1175,10.514458157118996,20.980739081965684,5.787024158354235
1176,12.25127691153263,1.9963382789717694,-15.2719612215648
1177,17.79922796278786,23.677526963496025,-5.669144833681169
1178,-39.812934389127676,11.848044106898545,7.943841523977524
1179,-34.1503847173627,-1.5541658605993212,-14.2138467263555
1180,18.571585672313613,-13.08236995426343,-19.308642257562706
1181,-5.914418247455135,-4.669748558512699,-11.527632516752638
1182,21.572777786137152,2.0636145812086295,-4.537148236796493
1183,11.61773713479946,0.0054883233322779315,-21.53726518498021
1184,10.761914145738166,-6.06845878166849,-13.208913497180225
1185,46.64692960625389,-5.119210216312564,-11.135142801245014
1186,31.294958520944917,-5.737604030514086,-10.293890856651538
1187,-40.36935455125163,-25.467209377187157,20.55747462911104
1188,11.634823396234612,5.896120489510034,21.51572634920304
1189,-4.67955171416689,17.625484325143788,28.071930655472226
1190,18.342153329450568,12.3165773115437,-6.938934570903879
1191,4.500650357035265,7.2936134718144165,-23.38702983910542
1192,35.395855921535194,-1.0384305996652385,-4.071727089816936
1193,-9.21385333802484,-4.408540732314386,-14.278338301074145
1194,-3.8769743553521505,-7.26558650142925,6.1045708138121695
1195,-16.51065361916905,-40.93301999066319,-13.703994176480895
1196,27.10368675225679,-8.122522263539379,-29.095810071971577
1197,12.246056398749245,9.79925583323504,-1.9331912240282192
1198,4.69882754370728,-15.217690454434745,-19.124026921488294
1199,25.39244401545183,5.078895221455284,-0.05487352385334667
1200,-41.99701185696212,5.254230367860443,7.869877025509834
1201,-25.271868980785374,-8.619791916704965,-11.743542835240614
1202,-43.071032067220955,-18.55262893240464,-7.56157376498408
1203,-19.206802386806835,2.8648385306329476,2.435180815958459
1204,-37.11114932106871,-26.8185631040242,-9.481457065823266
1205,33.083388291253726,0.14990228303275924,-10.479697650236984
1206,-22.848995360133046,-30.211520627965378,-26.908342723040445
1207,3.1481254798443468,14.88516537088684,18.01610000988856
1208,24.091967370189902,17.210693897691836,-5.04191334188712
1209,19.036192678861305,-6.858727090930039,-17.977462232797535
1210,11.14331317516372,6.7027545519139355,-1.333023184923129
1211,-39.79605941362994,-21.572607317381554,-38.87491309925242
1212,1.5261111138258565,2.144557858213187,-7.967486926681983
1213,5.392851944177873,19.339992780383753,-30.388865747720548
1214,0.4915457146469357,29.968549696994288,4.470875210350452
1215,36.40518985290285,15.26200942235989,-24.79104250829804
1216,26.387471290596682,6.49118347750632,4.840593679783844
1217,31.050732164693084,2.2517575758498207,-17.88119716347493
1218,-39.53437188559725,20.05835785222856,25.6453588541122
1219,-48.960540218177705,-2.492069346503383,5.96446342026113
1220,9.80422513778707,15.524553570190635,6.324919500911111
1221,-10.93284426479251,2.9854946714268666,28.578630381170765
1222,-8.096935113247133,5.718994629914794,1.8241802202502237
1223,-24.63927239205831,-6.007419284549543,-16.811906460740463
1224,25.06764856005674,-9.765128142823505,-8.276143838243415
1225,11.614927438718558,13.947709757321093,4.023396159536626
1226,9.816281976911377,-40.06316019254772,-0.8030843704401157
1227,15.372003650475468,-0.982446866151647,6.187581483245461
1228,-9.09139067076052,2.507256892688492,-12.78400863134712
1229,-18.456464154078024,-14.930699896508132,7.0474114700105055
1230,4.604346599167802,-7.329673368964892,-8.206514443819074
1231,-15.745245647020493,28.207368297893982,12.9862925880469
1232,2.6218191130790633,-12.470566853157855,-5.698552728583788
1233,-7.025420519474164,-10.136969347164582,18.94560932242939
1234,13.390623813651489,9.887024410668204,-5.354738375579588
1235,17.945819702243025,5.511773473865447,4.923907784789447
1236,11.534950337696982,10.740952841611001,7.134741716687631
1237,-37.27937870995367,-31.699912692728326,-23.7713664194621
1238,25.53096192197608,0.19723010264081464,-17.625365896006322
1239,31.960556957903854,2.073817817415355,-16.753154196676096
1240,30.921343768802785,13.756626748938954,-5.993884102046185
1241,-20.39247303099903,-14.173841728170746,15.403867262541143
1242,0.44507897226725984,15.051977570893952,18.49897692554204
1243,-5.232032967842943,22.147707217241642,4.285891903445092
1244,5.784084567951369,21.032120367441316,20.559691494803225
1245,-41.709399235885925,5.603106832973398,-2.115636740326543
1246,-1.6372360848521914,5.08308905605778,-2.099285622338364
1247,-41.250234995100556,-21.821561080666243,-17.41263899372812
1248,36.818253084394435,6.167514145432437,-14.236819079278046
1249,-14.635560204448213,-5.516059622439493,2.0806940477067943
1250,-0.9595233363987934,-2.937557096078662,-3.6998551714200265
1251,-36.32493788851839,-28.099032704657912,-19.318310538873984
1252,16.40087495642052,17.592277529592533,6.818623137832529
1253,10.46532162526765,-4.362136944453053,3.40201094995113
1254,33.32058429800201,5.871126776760065,-27.86675371750939
1255,-19.6428457582085,-15.933538480234713,-11.433302691245137
1256,24.91114492171516,6.734037497934253,-14.809290496200934
1257,17.691381214003755,-34.491705397360874,0.32090607706293167
1258,-34.85118244802781,-20.301185530462003,-23.494082865529048
1259,-2.7953781145034298,19.64798543093673,8.083124450614433
1260,15.04772943636942,-3.428016413170072,-23.406829476294195
1261,-0.05516251854306841,24.02451521130354,10.543842877416965
1262,-23.083571712570492,22.835736045498702,31.512724004659887
1263,-0.5948321845629804,14.454060153817666,-6.462111505188788
1264,-14.91854211884986,9.57477540430235,-6.176484354189123
1265,-20.141153833657167,14.082477659825315,42.94470144281553
1266,-16.1687556482169,4.656675891445785,-3.354037293665699
1267,-51.93736080062927,9.381518441995043,18.174236273061325
1268,5.957929457945864,20.943569914957322,-1.545845430048255
1269,-45.10811386967492,-20.181740344555767,-21.19596392258499
1270,16.477938706720213,-2.2699110747458073,-24.328107965909453
1271,13.007303943740615,8.736105274710496,8.797042081822608
1272,-15.415540724420708,-14.511746668123655,16.982687573496634
1273,26.13472413742699,-33.28855198056394,10.255146182897239
1274,37.41907385944254,-14.446237698298697,-4.574441289069536
1275,-28.172859900843086,-27.08725978710189,-18.905554809928624
1276,8.91481927786756,0.2745074417893836,20.64886427469418
1277,-12.885570468017306,3.0574037302640225,13.077402306737648
1278,17.401071411432856,-3.9178569439624806,5.707419955344684
1279,-24.97608016763106,-44.73492120327248,-1.1593228121048265
1280,4.869008995806169,6.234372137494334,12.481698920368778
1281,16.404430411337618,4.520941788033837,7.405977162767345
1282,15.34270967037012,13.696689444515203,2.6312297415447268
1283,-1.9231315984045623,-14.502651223116198,-18.374066048518234
1284,12.689150335815782,10.192883198647596,10.111741334060738
1285,-8.342938244341843,-5.321821949106546,23.407392201560715
1286,16.419303915896087,12.388703132342137,2.399320270597306
1287,22.039439714204775,-49.46228357221339,30.897105734894506
1288,14.069754941696997,5.007020356226379,-7.891702914441854
1289,16.37466075695634,3.776510006554079,20.653393214687867
1290,-32.1745379096141,-55.15964134550713,-0.6994458764856608
1291,-2.62830521715659,7.251266597665743,23.110316664239683
1292,49.101629728533226,-41.29902172890717,7.0654153816392675
1293,29.37248039549647,0.7467835562121121,-0.2936065339253546
1294,7.887392147367601,10.662668688123013,10.29611970967393
1295,-21.194611328316913,-33.052153386722196,-12.56690975297918
1296,-6.791228183074982,-81.74439070938107,1.8146770802021774
1297,17.951079039655866,-23.373761723973793,2.1547251041677002
1298,19.6880385660854,-14.279389420803595,3.373493798050474
1299,4.499330364333054,23.92840518661697,-33.364213861291724
1300,-50.54404392694453,-14.127262625077691,-27.297085515293336
1301,-43.97052224646878,14.09772665721151,18.90113630722726
1302,21.015554556838737,23.90355863427544,-24.782086915929607
1303,-13.62096790415067,9.1297564331908,-26.554612866293635
1304,-15.211145528060655,34.70406072785034,-15.410798882552683
1305,3.9565466063805044,6.467443361844955,10.730764947950764
1306,-45.548962424819535,-3.266592100083361,-3.5602542042416467
1307,16.825717361406344,17.35717140925128,21.595446265314507
1308,-16.163313011290317,9.4801135413299,39.37102231542936
1309,-47.67409797615831,-10.030231767070243,-7.435957666147271
1310,-15.440458730960062,-18.42958399286485,16.009713632037695
1311,3.2943428535250368,-15.97013592923571,-24.27177983055614
1312,18.75453360048326,16.712518027079998,1.291101821526932
1313,-2.864450730249341,-3.04547172953571,4.344625678564862
1314,-6.887772352166991,-35.77652008131175,12.018933400364796
1315,21.283977707013364,19.350521494154098,-4.755766788574359
1316,16.923737236024426,5.455176016338241,-5.546865181721245
1317,6.733437051519314,17.219132798086733,-1.2829902579921173
1318,-5.952252635926568,10.205703656320178,18.631320802860564
1319,18.29625863313193,4.836601431936814,-25.89179669137388
1320,-3.164409502625742,13.725218892237708,-0.3277499382416957
1321,-30.894227285126664,-14.634731975472327,-5.596606365308125
1322,15.245807417291232,14.743309436178851,-9.142555384554814
1323,15.986091982303346,5.6668552388847555,-25.61585303783772
1324,-48.731615687131516,-12.524915399584394,-17.70692841426406
1325,-24.685643600239562,-2.639573791471003,-15.584848516320955
1326,-40.589673390514356,5.23349181810297,21.463418383204953
1327,7.1831840191551475,17.081323550766335,-14.958869893889226
1328,3.1731215090438263,19.924122697813008,3.614185037592706
1329,-43.64117560065515,-19.990751676943795,-20.814261230603638
1330,20.010937873573894,23.861983382700835,3.2987942992299333
1331,-37.33304903018835,-25.278521006451683,-17.28143999603591
1332,27.147150058777765,8.45833752740108,2.6979705925173185
1333,9.222716635274288,-38.285579474357796,32.79135047845067
1334,25.01572231351865,-2.19594931332366,-0.045073508995531156
1335,-17.15450604769395,1.6356716763821484,4.506291054312911
1336,24.09175835339504,-14.795110510676171,2.5532770947476333
1337,0.3924106456885559,4.283295589590074,10.614256887860623
1338,-5.968151043620801,-13.008363451991453,-12.033248729878652
1339,1.2635706963166486,-6.429766957459858,13.19805916521969
1340,18.668494568136495,2.5622987837196876,13.961415052170862
1341,-28.56150064718617,3.388783318030081,6.158400574793356
1342,-0.36679606789331465,-83.3124438782757,32.05831197697821
1343,36.65375665316572,-28.975822644955265,11.677681100704753
1344,30.433532199650575,-17.05720482114552,-17.480215483552914
1345,33.78143424693872,-42.01880493590089,35.92052078691004
1346,-17.716445881980295,-29.668617469258,21.141315966069328
1347,32.187964326228006,-11.002797593715597,2.234899161292272
1348,39.53910370855561,-25.595126741822547,18.798896820683332
1349,32.95444257092728,-20.679320790636766,8.017277559352996
1350,5.336493693150995,-1.2079149585712845,-1.0096645048883162
1351,-36.748994691045255,-34.39347649590747,1.5909325766855371
1352,8.022365810520263,-13.856203443698208,21.315080929423964
1353,55.03946721100976,-14.817361708785512,-5.748199921174012
1354,34.80487868028087,-7.9777257491453915,2.5742369250425936
1355,6.429486016483252,5.061254777591848,29.653924227739473
1356,-32.055748460963855,-11.797229641898596,-6.791047419674668
1357,13.815805256476699,3.450562533867008,27.040926756322136
1358,-25.23439523292124,-41.335556366751824,0.8167249951818802
1359,8.490366361108753,-3.7279128330033893,24.52861617811747
1360,-7.402632904609824,-27.235361613701095,6.345192514214921
1361,-41.68192767305264,-25.0846617420061,-10.200926505886795
1362,1.062554284613919,-7.349675364214602,3.9917585942806886
1363,12.520508703058288,3.68624362657687,24.293670425541237
1364,48.13097083284574,-60.06444943211975,22.57865132893732
1365,34.51706590099991,10.85704803384995,5.160157484727626
1366,-28.232434956495517,-20.887312136760354,7.6947808547801095
1367,-44.55288278628497,-14.62260650577926,-3.9424116837769865
1368,-30.577804442737204,-1.458455971124754,12.074775942233478
1369,14.251939732096432,7.625466041106612,11.85957556170638
1370,3.168660593611571,-4.383445298384758,12.667911581460531
1371,-1.1498867645810538,13.655223096760563,28.902169101424448
1372,1.718346456521982,1.9848320816247575,6.92348008306965
1373,11.400651726821888,16.48818200842709,8.851631689240092
1374,-17.339787689886993,-8.062744776822292,7.393909242984263
1375,17.285038975451688,13.123845702108548,16.64042774598158
1376,-28.276239576917753,-61.32496121761707,23.91336789533141
1377,49.003432490141236,-31.15375017581073,5.727442722324385
1378,-12.294094412811406,-68.84172192132928,12.557609685622928
1379,11.926286467723834,-26.653926918638312,-7.566503695184683
1380,57.97057126863458,-57.3502276456096,15.597486824751673
1381,45.07495193086249,-57.467123834596165,22.827224975101092
1382,36.18672279397651,2.935968081523484,9.466095892511023
1383,3.9946173542070946,14.597745781181095,19.667993302696736
1384,25.427528075632527,-4.611417638179623,9.481080122650239
1385,-39.678061125355484,-32.546343810035935,-9.895186553251119
1386,27.78181925360768,-56.66468170531339,17.6750596680191
1387,33.73091198336964,9.41678508395479,5.326875917699588
1388,19.066829056930448,5.398033465885708,-8.362917560278762
1389,17.33376985517448,6.56935605980651,11.32861500822965
1390,34.3744955180288,-3.5079145463654102,12.856303743208954
1391,16.82991373453941,-14.128238772727721,5.649740490633201
1392,50.511246099227016,-55.01551712964301,22.10541861249428
1393,-14.872871129619595,-33.89799886897832,-23.495692907755434
1394,14.417545256959695,12.381594359661023,16.080362224228264
1395,35.04238180821607,-26.626308726295424,9.454374867828676
1396,37.76022868926556,-19.86436289018758,-21.211448879578462
1397,53.022038700741795,-73.5269364106958,24.69786212616049
1398,-44.09852465677853,-13.689460166749333,14.337223137871666
1399,-16.972795109696253,-12.29200402947764,40.54657966805222
1400,27.844316343122657,-11.25511815296898,29.07460106393009
1401,23.583677279688295,-2.6072634358592652,5.602966490863078
1402,-41.068068090924726,-26.267778228247597,-9.470437492410204
1403,-10.11625770893583,-19.308840550488252,-3.578848536704079
1404,-8.17563858916042,-7.9106486071042434,0.7054549350125255
1405,26.952654591200183,-6.810745372815558,-11.109063072940021
1406,-13.492411354855163,-13.802094586344841,7.6819292911174815
1407,9.074370158264832,-22.34781713643564,11.906078919280333
1408,19.406070344444014,4.926702305042974,2.0573315557171927
1409,5.268544402627532,4.191000852675414,31.477756472043616
1410,23.262786056821007,-5.9437033929136485,1.9461445889153952
1411,17.647589734392955,-63.20421115219666,36.28898691661905
1412,48.236515364130774,-46.55799268770083,9.97051638002305
1413,5.157368639740367,-13.079239986145172,17.0788604851359
1414,32.37538397776964,1.5723741182873132,-13.735407745868343
1415,0.8922459131650115,-10.164995965253167,27.876425085496397
1416,28.6492231085771,-2.013894822335478,16.75302890648337
1417,8.971147910359962,-13.41208405418086,16.640029986787656
1418,2.378987426730781,6.256305398392213,15.765289655789385
1419,43.68742161540276,-49.14841440569936,22.13631306598883
1420,37.02273355339166,-63.43852722335862,20.394168777971505
1421,47.02784180495164,-62.53019316458736,25.665247140164087
1422,29.82580418161277,-37.69934014846725,13.685025521371085
1423,-36.43568402791991,-21.848458047881373,-1.5227867463633031
1424,10.37123545642543,15.395978298909576,25.432164390044502
1425,19.767710299312615,-42.11418874716428,7.850171742124592
1426,26.355465580870344,5.457731949280275,-6.34257996973171
1427,-6.625058635640731,7.532923093817437,22.82959700786535
1428,-0.6516581806161104,-28.755175547043002,-19.18357224523929
1429,24.076001134860352,-78.46816551206399,27.198391084390437
1430,28.890431723853556,-1.1266143194678864,18.28832440168275
1431,35.77017915427315,-48.70675372175161,12.022795711377475
1432,38.457187063314265,-39.34823532455624,24.064742832704663
1433,41.382074071889136,-51.328984024802885,10.178097477566734
1434,49.6236106594987,-46.238268200913915,12.094684335315113
1435,50.92984957230002,-70.77332066098542,31.555045550135404
1436,42.72644082932942,-54.081799036921794,-4.240343013011475
1437,39.06006557106048,-38.728987220285305,-2.275548518736463
1438,-24.243149000699844,1.6769517249267754,-14.08182287125537
1439,23.525810927790133,5.009679286500263,28.160073220733928
1440,-13.425259753573284,9.245665116092571,2.5320886104712215
1441,28.01015485998588,-0.6792883276006739,-6.737121613304403
1442,38.84451622941664,-51.50527560430406,16.292331801043698
1443,-3.2657889733304404,-3.67861324516905,20.534486183731243
1444,22.380606123020108,3.73802239402376,-1.041922682411527
1445,-35.53495539348333,-11.818048121398366,-4.658054827664498
1446,1.9114287783322057,-1.725941667571284,16.4903639736157
1447,22.263326450393105,-7.573101422594054,8.925497857769349
1448,-23.819795029943187,-33.48837989621049,4.826492186881648
1449,28.673561762639963,3.4255603597430317,-13.303575438103575
1450,8.694632021140448,21.65583435969049,24.629247855325808
1451,-33.181913655234496,-9.026607380774736,12.704885451976242
1452,-6.0056217603551625,-14.046663130255821,-9.422283418888954
1453,34.67182522620513,-19.09376470105974,-9.903136124563872
1454,0.19238600247787765,16.779327542823882,16.297563185538547
1455,16.08846809872618,-4.212543780639651,-10.239288010694718
1456,12.421510401053807,-5.624906630226083,-13.568639516678171
1457,-4.638163012907832,-0.6089976801691995,20.42876701202254
1458,-47.392104791693654,-9.451904848463887,-4.103017397087053
1459,17.67070423871892,-22.670463389301357,14.216228904084119
1460,-32.49041740237259,7.39818801855157,24.87531389677625
1461,19.265871417143497,-24.1196798141455,32.74228706263523
1462,28.170367060121457,-85.12021822480712,26.64406942248347
1463,-29.66560768095775,-26.14148656726855,-16.21644155032093
1464,19.83540638631903,4.45139546179226,-10.240059942488429
1465,19.854410870111302,12.045114512857733,18.103865872693785
1466,40.71507649755805,-10.404940030294817,-22.233589971313744
1467,3.772071102362643,-2.539055821277295,6.5618102813275865
1468,-31.659221931022284,-23.532053238670827,-28.252781326471286
1469,-14.04074871591084,-72.06664097867068,7.6423226166691265
1470,-25.503644599606453,-10.548245601878277,8.624432007695129
1471,-40.832639538092515,-21.321095101734674,-7.320975545488128
1472,57.01194314629702,-74.3399464436351,13.46281800594582
1473,4.6037436647734955,14.496555535798118,19.02685177511656
1474,-20.69644096154919,-38.0227020891052,-7.619712247850557
1475,-13.896439615000451,-5.483327631075437,7.63012266461912
1476,-12.018883612013251,-7.120678136247628,-13.590453300860615
1477,2.7218278576322104,12.437067296632476,21.255059445308365
1478,15.03745108993782,-2.0168670591472284,13.748505935133627
1479,-8.086160523719592,-30.63309054688397,11.755865508131643
1480,37.285800310805016,-41.34321270517769,22.503753711978128
1481,23.074205631213047,-3.5735788016339725,-4.989691733453114
1482,15.073133740752843,-24.522535756909818,5.278877108759504
1483,21.91668536190431,12.8054646721798,5.95970242967976
1484,-14.240735724185711,7.080125350480091,18.4856101816541
1485,18.26285805582467,-1.714883553202109,-8.918527452701301
1486,-41.144454618941246,-19.712692125562224,3.894889852015401
1487,-0.5585609417371242,4.152517074478941,8.360601645999719
1488,-2.4566083286422398,-26.710489972693406,1.1609102615916829
1489,20.771980653432024,-15.228724180286045,-13.03263545635811
1490,19.66019824713297,-5.319467278845398,24.99136474257877
1491,39.80402603980883,-5.989054448545727,8.213027572717928
1492,-20.86560205070272,-49.37958049222249,10.467411023801478
1493,10.045946004019504,13.90757950536119,14.00166936145613
1494,10.707308286946954,-48.91728183609251,32.91837592748279
1495,13.937328790445996,-35.73275767105008,-4.642717730676407
1496,23.081702459719526,-21.48897160298591,21.174162330933257
1497,-5.545436397478877,-28.89189976812022,-2.8115155747623617
1498,-4.122978069724796,-56.81465358692243,17.166986590093536
1499,30.292802982041664,-22.870063667426113,-2.1742322074431413
1500,43.490937278758445,-37.69440619466514,10.299678301557115
1501,11.804917557179555,-39.324642555865125,7.315781521559316
1502,28.32901363449077,4.8677654674843716,7.592469738931753
1503,-2.000118706694209,1.4604899374874691,27.73496025716788
1504,-0.8186981713754089,3.5533341518978094,6.146702496912942
1505,-2.591032069588948,17.653743970486364,12.72536516679997
1506,-2.74233734086806,4.412925366651982,-8.076840101708385
1507,-53.61338993591271,-9.393513655948661,-10.836528778653326
1508,-8.016116605156174,13.918628459324431,6.851329826123912
1509,10.420813311330086,-34.07829454868738,-4.071398098292134
1510,37.90471348538051,-10.243464883830287,-16.17928168633997
1511,-9.265614788789899,-13.28977956907646,-11.216002539586512
1512,-27.136223146314865,-4.507367596617652,-0.14828798404704585
1513,-11.541928581351364,7.997860497909846,-1.1959384429858704
1514,23.14737006321683,5.569947940495561,-16.37157549708005
1515,-4.9157937228249935,13.122827960234918,5.79359498923702
1516,32.8432042998352,-8.915728326736787,5.6788945853553034
1517,47.31346979091477,-41.424760998840036,10.97738930489544
1518,-4.806943413670531,-29.651843564358078,-0.7220728069768254
1519,20.095185072829718,-20.182297970784266,8.965147811686695
1520,-9.01044395122764,22.963699055052853,35.845530261487845
1521,-8.253213039212842,-22.508303972755012,13.753500658551879
1522,17.24184873987253,15.19115456106808,-2.446242838222012
1523,-13.002357457026758,3.2989945952159325,-3.051481068658445
1524,10.04160374883656,5.42902711834763,8.000309766118628
1525,-25.669772191426144,-12.88168210103472,5.5998229333759335
1526,43.53016692684414,-18.361084304767786,-10.42715615293333
1527,43.61012249512546,-11.927320516442492,-22.115632696301045
1528,4.971012201846203,12.156443971925107,1.7313785297108641
1529,18.594720778239463,9.703660077782166,15.090154496493465
1530,11.228198189861994,-26.09144543446361,-3.102072761298216
1531,26.504421479955308,-17.053459897774577,1.5172101330208578
1532,7.872901044899382,11.187504052225727,32.11812295456991
1533,2.1669231224548247,4.483289732773298,3.543103833921459
1534,-34.26543628133895,-32.53883813181156,0.34886289390110997
1535,9.661225119139775,-3.167481663921201,10.081266182556545
1536,11.591562774220476,22.700413319193885,6.040337052715254
1537,3.871961936885973,17.860464220875375,24.797852653924004
1538,7.199437687523359,19.754188379597007,-6.936596205076045
1539,-1.1495043369467566,-1.0348039331033039,19.212884166923207
1540,-2.3063102779451667,6.14007442578984,10.587884154955674
1541,26.409872187942824,-49.92393970968757,20.817477891845623
1542,37.988403826649474,-33.066538363595406,18.390353499641265
1543,0.3915561005469798,-33.30935740099178,0.01871305820280832
1544,-16.61019642061537,-30.412043397377353,15.840214630503743
1545,13.097253530754426,-4.502251852961955,10.661098062968403
1546,17.880350413388264,-14.34791400199793,12.523747152345805
1547,34.492950136557575,-18.009327590463325,-6.70201022279768
1548,21.857557768091713,-27.92668830881161,-20.065754702424105
1549,26.94490242224063,-3.6970856957785516,6.376878743746213
1550,40.0560544609965,-37.17587181106422,-1.2489383435958934
1551,33.172788116336626,-19.307605495971714,2.097327530901918
1552,1.9836413972383793,-61.11777789583045,6.806741425086065
1553,-7.59315210818438,0.6399714647261556,-23.743235575678664
1554,-10.750866973235034,-76.68556946906945,16.947265639806247
1555,30.17490879426981,-30.77723888031455,23.196607840448465
1556,27.738784261857703,-30.84640455342121,38.4907496737065
1557,8.81471789993851,7.612601825512349,4.942985615132396
1558,45.993089024305824,-18.509138569723344,-29.692694386722916
1559,11.944065731798965,3.850469060030277,4.6682414879781735
1560,23.969382213921588,-17.723388502840567,-5.823728732751611
1561,-31.00466706489827,-5.503709349982873,-2.418070861380917
1562,14.783091034600556,8.174911837985213,9.196503453502947
1563,-31.201302093706005,-2.371647466840427,21.247880144219668
1564,4.599738307621091,-0.04076431204240944,0.9438058939877078
1565,26.91484576985048,-7.066736568158436,-8.544683858118056
1566,-37.77879168984424,4.255456531410232,44.87453089826319
1567,-6.545928111458255,-18.816721514088623,3.143238510562356
1568,9.214416166218255,-3.862704166954518,12.16063223669374
1569,-27.781184578285938,-15.68480629356748,-14.418311294216384
1570,12.071128527527625,0.0848093873883682,22.107437249626955
1571,-41.82127296182874,-31.027246050045484,-0.8258765097400593
1572,13.872058358546798,8.998904921608693,12.574983140059231
1573,-36.413693000980984,-42.85398543257902,-5.181175885948468
1574,16.3484495088888,-14.163223098937623,9.162732256048445
1575,12.789162193713311,-19.729644403852504,43.21955915218585
1576,-3.954479067983705,7.557759776724688,24.099097642275975
1577,13.570219213912956,13.602489711884123,14.843772698739274
1578,-11.406075249111046,14.249571358541496,-0.8769867972854487
1579,-11.411264530905393,18.71939261186364,30.131888461758333
1580,25.284653499938027,-24.59776438063835,2.1163952156629473
1581,51.03029364187911,-41.5803119426978,17.350764931665314
1582,14.01521397480077,-1.4811588210068722,18.18460197784009
1583,21.260677271746356,-1.2111446102359877,-12.89311523819115
1584,21.34645375934842,5.278729916844938,5.485173809540201
1585,-17.361731109145,-0.909821016778448,-17.510413417677427
1586,38.018898283388644,-19.781205724948354,-11.353112182078059
1587,-40.91483062993522,-15.930165888956788,0.032013495353399854
1588,-43.90978858176465,-24.176627193028843,11.305955823230493
1589,-36.16991329168725,-22.43302721572048,-34.89878073115873
1590,1.0176154923627132,10.88130969348847,4.745851603034331
1591,-43.0268641863839,-12.170619087965557,-2.4659272216008787
1592,3.753265738561318,-50.583008561407205,23.53764234874095
1593,-1.7948896976374442,-0.6534385142724007,2.865571092716462
1594,-46.436388261585435,-24.29030665297294,-6.862573367064118
1595,14.351230333807575,14.100252779926846,0.18201250338819064
1596,33.831443893693155,-5.228638072637932,-2.0305800407880645
1597,-6.097078320358878,2.2602723824410673,21.838596887816163
1598,39.91355505220669,-21.496450098419512,20.607611992543298
1599,4.643021361555465,18.24970703218439,7.318432420550205
1600,-10.461316584805674,-5.171728939343701,0.7014702653842504
1601,-14.558967782912296,6.6772418820011925,-2.4846851005251867
1602,67.53401713344792,-54.08737154368304,-2.6570939039923736
1603,20.643500923889604,-64.9927406794886,8.828376504327803
1604,29.265445074410092,-16.187712659275963,-0.6937860932530696
1605,-24.11621337112817,-60.08992997935725,-3.023537020830369
1606,33.98845779878063,-65.56603732506849,12.893182106102254
1607,9.200364145574374,-52.53300098527769,8.687621224425602
1608,9.521205904748275,-70.26292594690322,32.96205859124783
1609,-17.312142377249135,-79.00264407416533,-4.694412832522786
1610,37.27522277257217,-43.04843934647014,-7.481503507573588
1611,49.79085899897375,-7.262087960940934,-1.439813497750887
1612,14.240808786283074,-0.043800670250325136,-27.388234376533383
1613,-44.709840661285966,-7.766253735035134,-9.921031662932714
1614,1.1222913678657234,-23.537601166155145,-5.798435885681177
1615,-23.04174731657669,-32.83024113330938,-27.252277080797022
1616,10.50296607332469,14.931577916189694,-0.11148553290551874
1617,-24.007594018849485,-14.483647561741403,4.166529624753702
1618,-3.8557731984303323,1.1805732418613906,9.550075739040693
1619,20.433045045480892,15.3258684534408,-4.811396871130349
1620,30.662567729812906,5.197165728061887,-21.508810831253417
1621,11.19464833647846,9.641847389110207,2.1738685670479274
1622,19.4222963404035,7.098195365839892,5.093488533244815
1623,14.464523553049291,-5.943139788124675,-3.518500178280236
1624,16.220848801639935,-18.66330618952632,-3.1110359057536745
1625,8.593008975415074,-35.82244945940499,19.017787804637468
1626,25.696154787453974,-8.502438381677479,-13.544566411286798
1627,14.894180825966899,-30.63459200543262,-21.052272336831827
1628,17.84865677993107,5.170672895458157,6.367015261928574
1629,20.30679130315681,1.3186998223448145,11.669297199644445
1630,33.42252716997568,-1.1103245147247078,4.2506907353908145
1631,22.10100855177934,-27.814874511982627,-13.919583163070609
1632,-3.901340964919573,20.10159118498106,16.387121132419033
1633,-2.3079875652944453,-7.356231399480976,-6.59545875857655
1634,-6.05997202547778,0.02932077215152016,-5.324407444448345
1635,14.954765518954511,5.808329565679786,26.955671208780508
1636,-17.10420329746452,-9.460248111978093,-17.879421551128647
1637,-13.519214596257807,-13.018223845223917,4.2570715783892625
1638,-34.4930812172246,0.5030418996911499,3.045091306113066
1639,3.4616920604776413,17.184625626451005,-2.1019845033948705
1640,-7.954112919566353,19.804777773822188,32.32085966552931
1641,-25.05996388318992,-2.005681641267977,6.980118800037571
1642,-24.805385347023893,14.289185364738719,39.86023955183525
1643,0.12303482296439093,4.022056092869467,39.85878439327348
1644,-16.198920994606425,-5.899622126226128,16.08893214528912
1645,-13.062785503575736,-15.78823224480344,7.422468098012076
1646,20.362912573282593,2.8550518514419463,9.367719797432802
1647,12.506570084015511,2.198495343652261,0.16994021805250561
1648,-15.804848959388668,4.179435780939327,13.255249182714186
1649,-1.0223023442034904,2.7024366183838886,27.30036653146729
1650,-39.92042078472268,-22.7307431162754,-5.26199474698466
1651,-26.90201712211885,-20.881667079674905,-10.295634586029353
1652,21.790209525203423,8.709971331300311,-5.783101616546971
1653,-9.77381073807412,-2.766321715046376,3.6050460664857082
1654,-39.46006473551058,-19.48568341176738,-17.230244737515395
1655,-37.580149611483094,-14.056334159100885,-7.364269660869834
1656,28.74273464383428,-3.383961222853801,-3.8990770951380536
1657,31.319054753722106,14.06507305266045,-6.185896759879523
1658,24.456677387701067,-35.42829291274024,24.553766870683624
1659,-5.268861426016718,15.775931091275114,17.078354319096647
1660,6.783462073905441,20.703111384036088,14.995291600879614
1661,-15.472445059442261,-4.467304634747531,29.786807505825855
1662,-16.290811434340384,1.339464821413062,31.52594796208528
1663,-37.22645620628535,-21.428881682767095,-6.144890109013818
1664,-28.505330870221307,-10.577743207905606,46.535425633855226
1665,-2.0172648080027495,-14.357833166849186,23.470133882754606
1666,5.478818147875193,8.60313036941482,-20.61849506345422
1667,-1.528079774450129,16.888686578465972,-24.02558888121466
1668,-24.395101146431507,11.487401547567512,-14.739092985385456
1669,-8.812076530927675,34.059990684838304,5.302024327634756
1670,-0.6189477665228027,3.115627901109487,-12.804144404945763
1671,-0.2716417738819666,23.697637814967713,-19.789184235581835
1672,-3.16157439949769,5.012532822031256,-33.638308423783094
1673,-15.352003821541384,23.5654295188931,33.140035712359015
1674,-9.1853726438331,4.194179350870834,-9.932049187441395
1675,34.1853301655401,13.272221898340028,-24.93536501367853
1676,8.514706316472243,-23.526687500560072,-13.274160251162854
1677,-18.443954869560276,-19.131607930223574,8.252163780252264
1678,-40.49604590635415,-23.619658485378107,5.967496287817324
1679,3.234008292541208,-33.29597870167287,5.331554497440597
1680,-21.76621749029954,7.129213203329671,-5.873815788594076
1681,-15.778546175535872,-22.60440760597342,-10.405170150206697
1682,-37.784735738007335,-24.731559461881442,-38.49231152464485
1683,-6.878981624939237,14.435165095776037,7.674622147964394
1684,7.437684691929026,-7.8308765365911555,-8.747330510603172
1685,-39.13260736287902,-1.9282019123971768,-20.146236009795032
1686,-32.97629277468504,-20.47280843561339,-5.064407806682756
1687,1.573403465243719,-7.340425930418768,5.741393289748591
1688,10.870823436024255,20.29247936301742,19.336413402087693
1689,25.557227593007898,6.9931068763761575,-4.277177373241684
1690,-38.3818040145662,1.3652338299649904,-4.085194265221015
1691,5.815376019802922,8.630777184903222,-25.47332011938621
1692,3.0344578053097737,26.424502894458374,10.806338313349627
1693,-47.406566769619715,12.271328058638996,20.046612132292154
1694,-21.963884059620522,-0.6125394156044681,6.787507498161891
1695,-18.440183091328443,4.461836259475066,2.5560075269554723
1696,-11.081947401753489,6.115794096651022,23.383677166366382
1697,18.935110125166027,22.128410583403593,-20.761930535068128
1698,-21.861903336867872,19.735391452626935,5.947027135335154
1699,-33.02924166284076,21.76784359743186,14.11820383608633
1700,-0.14112206332505334,32.108058934386186,-1.998749064407364
1701,36.094429344887054,14.159425670354524,-28.728959234417335
1702,-45.12976563624242,-8.922210664200701,-23.70350245733365
1703,12.331453581839416,22.95201386649384,4.416525674769268
1704,-43.371192395507606,-14.379605988846592,-17.69493790326486
1705,-21.779661812094083,9.321021300250376,7.525507242327871
1706,17.65309111795513,-7.439269985985346,-9.301632647042064
1707,10.092992479387819,10.602366870733762,-20.50333815802096
1708,-18.16678285442465,9.05463163668268,-8.738501548628767
1709,-3.6452055057348405,18.015632057920875,12.068233868291173
1710,19.329559605859878,5.676362248651052,-8.888102521113547
1711,-16.97794208884987,25.36639935619047,10.394028388042821
1712,-49.126701370583376,11.83497640493733,4.181322518218605
1713,3.71347385941536,10.669149202719494,-7.175354773752521
1714,-8.696304960232126,12.519871079843433,31.106375374746776
1715,-40.72462385240502,-5.398697755671655,-11.249324242662299
1716,-14.948481566415046,-5.619365864891048,9.309090073277751
1717,19.066773665524263,6.429759328254549,-7.594802772701045
1718,9.245297842192793,11.749574424845644,12.42436790354195
1719,24.392755499833385,7.956528025275927,13.700506761951692
1720,27.294559082587842,-4.388749940902393,-6.260888198619955
1721,0.6579236584976207,3.8002490046043333,-7.457154799429939
1722,-10.91321848274554,3.8127022976374407,9.197143442748587
1723,-28.76539047160518,-5.187118189084785,8.854013905014092
1724,4.640540851486929,12.220227914129609,7.181905837936858
1725,5.586356024822909,5.033668173629814,12.18172823869162
1726,6.7313536707579695,-16.193987888989803,18.279225361542252
1727,30.23300814275616,-27.10635210203995,39.448677744345865
1728,8.429129966763862,-4.248371248369725,-5.424235144658157
1729,5.387261223158804,-16.268194192748037,4.119407285449987
1730,8.669851160659656,14.002490074109687,22.86418716405698
1731,10.85742800156365,-4.504246006141025,-3.5585628993518643
1732,34.246677131394236,-3.8745616398707923,-7.712404002023501
1733,5.0270291428017115,-6.216346223797441,-4.132995937115735
1734,23.398388101383382,11.041956105009637,-6.200858834617095
1735,-35.87739372826024,-7.464253884978807,-13.269090635280232
1736,-42.441432209423475,3.0701121777116773,31.90439410665382
1737,-43.15407902224999,23.691514942709397,35.26062728213682
1738,-7.056005119310155,27.142348387451698,24.706597900964
1739,-19.576075689207936,30.118325097478866,17.10276270759769
1740,-10.617147667375216,1.7243870020268364,-20.17271530571572
1741,-37.18584268815578,11.823879423004888,-6.924015858824261
1742,12.845749465029735,7.3011032255423265,2.47202368515911
1743,10.973561534449502,19.694290207548274,-5.138619437930399
1744,-3.7081041171361213,17.116136936834625,-23.987204113334833
1745,-10.070037355045686,27.184223357401628,-3.4951801359888433
1746,31.477582041087487,3.0246144867834426,-22.482464375895272
1747,-8.22448692405077,31.095244229143326,-1.7728045961629912
1748,-6.12234765447478,17.169981749047942,-36.690838075971186
1749,16.570864525888744,11.301992258490039,-33.45551243853836
1750,-2.8362946457099314,6.83183010719384,-31.892896763876983
1751,3.0518845116270024,7.242075487279515,-18.455929983206566
1752,5.142471497597023,-0.9945275637812422,9.92701968802608
1753,-42.175210074033714,-11.893822162852944,-5.014432259985099
1754,22.360880674250758,12.449520356097914,4.258079870422597
1755,28.481246663103768,19.207068315340425,-8.793330213329655
1756,-0.9518249878417894,23.350571264822264,-5.62841006328378
1757,-29.18233867837989,7.061787824217897,-13.961675803954964
1758,9.6292614509791,18.05889999301738,-11.024949085778525
1759,-15.93524369202867,3.0340543626557612,24.813554633358546
1760,7.938075003929625,7.750001732405391,-21.929302159190797
1761,-1.9830059860997886,17.93123609790312,17.899416250313212
1762,-38.7920438060818,-0.14903229465703835,-1.4171878973622734
1763,21.762194740662494,8.13226291296202,5.458909887691119
1764,28.599555613695955,15.295226376033115,-22.11279361397505
1765,12.100367481123746,-5.840193246563582,38.95201221073133
1766,1.1274206143521794,-9.903574870085805,28.85267778881502
1767,20.413463910484985,2.1858441543318,21.67460530999109
1768,9.528627640119119,-8.540416075530988,36.469121544489035
1769,4.36030019355145,-65.10259243789162,37.998185782185935
1770,-4.0378352135199425,10.052482645690624,18.294570795997203
1771,25.19433335817486,0.8911066760633146,-4.254255146790885
1772,9.34858284997465,19.097409983490355,-15.600464687611098
1773,17.71263773284903,3.031732623337863,-32.885834808125175
1774,21.32945972872909,20.654918197439542,8.731547316997418
1775,-38.74921021515861,-7.456369667886498,-6.172188560630903
1776,29.29469266216523,-1.5007601203408938,-6.21627287807501
1777,-51.45310550446723,-8.559461687967433,4.183667904167896
1778,-30.18871026325184,-33.8856711493577,-26.435518150505686
1779,-24.424695836531132,1.452389554238804,5.019137503545328
1780,13.009473727467748,3.6824913550536564,-8.48859755138173
1781,24.787514126997216,16.046874349248778,-4.169891571568174
1782,-10.436018724932342,7.19807178662181,14.604769239103822
1783,-12.366533986937966,31.067124659609604,32.046444430357866
1784,14.029216084919636,25.60488335583139,-11.229061829124664
1785,7.569129462336111,-0.6922130054677305,-4.082786199371302
1786,-44.80242668101007,-1.8440126481491044,-18.53943061527363
1787,-3.9495334896355634,29.087299303023535,23.529398723440213
1788,-9.366796527434287,20.296842436018842,-0.009421117129929912
1789,-48.747772118015114,17.377443889311316,11.979340681448749
1790,-41.632597506896985,-15.396871994607604,-40.67167022205237
1791,7.72463185093376,26.82449838046576,-5.315685324048533
1792,-25.71780802614042,-4.482825408388702,20.16156347188338
1793,0.9516624743054032,-6.255267259543064,-16.587002865553863
1794,-39.970020081343854,-19.012917193821924,18.23523194395296
1795,-2.895447983994127,20.46262026943249,25.619613214406233
1796,23.162036917228228,18.6642629378338,-3.1246426548168693
1797,6.684775795600723,27.121411008419035,8.295320092099969
1798,-33.714653314999204,-8.13310842778852,-32.87663888287274
1799,-2.3305216837103107,39.59566565572797,5.360686045144384
1800,13.261481338746577,16.13352239033775,-23.996602056881922
1801,-27.690406494823605,25.26849149482478,32.59250940166242
1802,-11.462258843438494,29.901229531626942,25.31445162990307
1803,-2.8822296319657954,27.83525559416209,-0.5725499836235144
1804,20.393468891758804,-8.778179291783427,-14.291557654138852
1805,25.365597514279806,2.749464881608244,9.98293499561361
1806,-16.319153888172327,29.023799918182956,32.7930930075871
1807,-13.00495381771515,-2.47179111541994,-18.17369007093272
1808,-2.821305361479553,-4.665850071984963,-38.326456540697826
1809,19.92619206492543,0.7853205344971969,-36.61772447413433
1810,24.07246242771934,9.291831610139903,-27.910744952403316
1811,-42.400492055742255,13.47475119467914,6.800259733918219
1812,23.38121452467938,13.480607699523542,-30.57917038632274
1813,25.57713239833928,-33.385879147637944,8.639218201036613
1814,-18.957576684575574,32.29794889651262,36.31265915243682
1815,7.2767454656728106,28.293943557962887,11.349216451848285
1816,-33.825373883051576,20.07587702495209,44.78921770182532
1817,20.572736428878866,2.8673033622781845,0.3710282199058236
1818,18.811074057851418,11.106684966331263,9.243366727205318
1819,-21.145780269487144,14.35733350041641,30.784633354477446
1820,1.084429878192135,-2.807690306691597,-25.32464068972604
1821,-2.7726492765220945,16.76712633152243,6.199409625176172
1822,-33.91900078449691,-30.61620614076537,-0.9722816234556365
1823,-10.92015768215401,-38.52062306066059,7.106790454603428
1824,21.34917815813387,-18.671403776731893,-0.8295047890694327
1825,15.98136591082089,9.26524694010052,-14.746344626473038
1826,17.777497003532144,-21.166814546980554,-13.775749849219663
1827,14.165198987866225,-4.091253380970207,21.99026904987824
1828,-38.70476491665261,-27.142323248069268,4.981179934967593
1829,7.051045255500053,18.103575279779832,-16.622255224969575
1830,-8.45141596512093,21.970051143719235,30.984703449039955
1831,-16.052356601123567,34.981655708228494,13.088689041897686
1832,-14.702798446973025,21.83869880017677,7.124554678039449
1833,-43.28424538056984,5.291202895376711,14.63226381351678
1834,-47.98676689327613,-15.24865371618574,-16.022311910655144
1835,-32.965171084249334,-22.824975951484948,-43.2088050528993
1836,-43.80564231771047,-19.920721103968138,-31.4305433012798
1837,-43.98162978810798,-19.192891560004988,-36.470055435881676
1838,-45.31271224138815,20.678243446470937,29.336362363524785
1839,17.129678291624483,14.353908969689734,-27.150911638828454
1840,17.82779872117136,14.439208498139239,5.883383784944187
1841,-5.951118711345593,13.229078432686917,6.553249517873946
1842,-1.3754268098883704,22.508383990080247,-3.4940673239775126
1843,-46.89794669751102,18.974472241849835,17.72128301038762
1844,-23.547189505558062,-22.963298356658974,-32.05181376540974
1845,-45.9509122590662,-16.018436602830732,-33.58091910712886
1846,-24.916005765947567,26.452037879472602,30.595736770604926
1847,9.506942793111657,17.655712600168933,-9.890876872191711
1848,-6.679607735268111,8.810517742907045,-23.290249970109038
1849,-3.4412602063387627,25.23083691958391,32.45654190498432
1850,-44.83579344817254,21.922791007034366,25.7951832570002
1851,-6.587595437298887,20.1957819876076,25.70884593565736
1852,-41.67953830986763,15.043938395472427,33.28494148373153
1853,-25.523282628707065,1.5582673853028712,-13.858790881918564
1854,-0.6127146179070205,8.667531244658905,-2.5620359724437196
1855,-6.339533968300658,20.6856058380837,24.401694444536286
1856,-31.25508628386899,-8.492119507980382,-11.363024177133921
1857,-29.34442420158531,-29.752973762774943,-21.054255553384724
1858,-24.875230802133256,2.6461550857649754,13.995747281791749
1859,-32.81648214095823,-10.942465422429574,-14.043583083597229
1860,0.7723120809132819,21.14123316631786,8.923067832326574
1861,-12.64741124694417,7.990654268665863,13.549400006783353
1862,8.005110674159637,6.315336125127414,-20.92328016869159
1863,12.448595208275536,12.637214498288111,-14.858483630904663
1864,-24.42583470738734,18.84528335630739,18.419911371114342
1865,6.289244825149067,-12.484763182556257,6.946962184157479
1866,0.45705525344238407,14.87329383376114,3.761267325192948
1867,36.01871944971895,14.631050483584573,-5.404255205330286
1868,17.68338464650381,14.454631025656196,-9.83262156588355
1869,4.045868501199576,13.033516382967479,-0.9083750090803294
1870,15.416909799702896,11.769443255394968,-15.60211949219942
1871,-48.57986988895863,1.0147035279903107,-11.66243955628358
1872,-2.3273649653786426,24.929804133004506,-4.539428559882888
1873,31.299790748286313,15.453750395236531,-18.54568613693813
1874,-40.58136528979862,-19.940529997526806,-31.067099696331777
1875,6.119000397452234,9.283355253342213,-5.336291395080112
1876,2.614205549466184,21.558882182348896,18.863470149349904
1877,-8.719843109063685,11.973481950418435,10.325480967850366
1878,-26.355636756575127,-5.685838984142072,1.0257417098817136
1879,-48.93286287091986,15.144853999536707,16.16981052645894
1880,-19.58459467754256,2.2030222946671065,-9.94508429911338
1881,-1.754642880386608,11.580622740129286,12.04471393438261
1882,-45.29872602690524,22.66047057265344,23.713522484460015
1883,-27.689960488751094,5.012731517345917,-0.3463894672309003
1884,13.639274394724096,16.90305435897226,-1.1696647031779077
1885,-13.715131844624235,25.610755867605523,19.550319783460047
1886,15.569744255582966,1.7781110804701543,-33.84303812353946
1887,-19.988830012908814,23.76952244632264,32.56184925419397
1888,-19.762724454201393,21.78704138910106,11.519362964188758
1889,-7.993829401009852,20.72020909497532,1.997949114034254
1890,6.070302679459064,23.18684157342841,-3.2740107780134347
1891,-0.9819794382731598,10.725629151453125,-1.7840937943185775
1892,-28.262373241134934,2.1846393836214184,-0.9323993245992359
1893,-34.838043834341505,-11.435988169846873,-28.48390738748275
1894,5.278909084491773,3.876012921090656,-44.73067320289031
1895,24.642230344632253,5.6231840219134215,-21.790831235355157
1896,11.585190694478454,3.6606026810673518,1.2568270352837398
1897,30.495745658420987,5.564150762030529,-17.27037695198181
1898,-5.318301824666614,24.09289684156438,-1.8673289327763583
1899,19.221775630481893,14.117796853688603,-13.0269262026612
1900,-12.759904391021225,14.76304267467481,-16.278041044361306
1901,-16.458013366360973,-9.004655022433898,-38.57155394469277
1902,0.9558011889188457,19.35833752445635,-10.771057383917592
1903,-31.187941812109113,30.210488711530093,33.348363746331934
1904,-24.93264210483947,20.981089730241802,-4.035915461991967
1905,2.902146682909382,30.407801110351595,-0.22311085821622437
1906,2.9330614293935637,28.31937157575341,10.358698594452072
1907,-32.927329477559375,7.1278333844295725,-8.544907131796169
1908,0.8936183464125433,7.121875687239181,-31.830154172574545
1909,-22.15475091341239,9.334557187117456,13.890195843210439
1910,1.0338849263612189,18.099832070322478,9.75357109834919
1911,-0.050509817025451494,11.221265078166942,-2.433279255986321
1912,-30.223252506174155,7.895985792583638,9.180213907816698
1913,2.855997782480219,27.35673488077473,6.3411986832877805
1914,-1.9855548083038084,6.659072911052799,-6.595807260744519
1915,-21.719188753153983,24.93820160995995,31.491230017745384
1916,-9.479010636506846,28.843201966053854,29.28252588377345
1917,-0.23106084745938552,26.948145406615193,23.452042452187158
1918,-5.024505499151576,24.605289483559368,27.293816150395962
1919,-17.68212899740109,0.3968765130223479,-13.59762736217108
1920,5.851903732844982,20.40586889375984,10.69428428138942
1921,-16.690484380206478,9.208983177163416,6.426896040155809
1922,-16.41603932888029,3.480476718782195,38.64288926377489
1923,-17.295373612588477,20.427893977998558,24.80395447751559
1924,-16.054288152793607,17.456189626273904,21.064621010098108
1925,-12.925439091887604,10.371948119963102,5.634955815159833
1926,-31.281093615330953,4.453150153565556,4.325366168449909
1927,-12.745105143876714,4.3845927142420775,0.5915444267192828
1928,-27.886534227602176,4.024626934734012,31.37672781589608
1929,2.9006981391954354,15.222154220066521,4.647078145836485
1930,19.0706365472443,-10.273170653656429,-4.4440898019217885
1931,17.580771471157167,16.146602432304093,0.8140419145531638
1932,-11.489320526676867,9.083104281718107,-0.5242594292176059
1933,-6.412807976822166,26.47650417059879,27.69740774193854
1934,-10.036458197078902,11.281537608432439,-8.454612480149622
1935,-34.70280387876447,32.69310712682462,38.414109205979074
1936,-19.43400625988612,-44.82672119877917,3.524088619139911
1937,13.520316515585835,5.171999924313555,15.708247264054641
1938,34.30484761878122,-13.81590281260823,-6.923536742661132
1939,-40.11235463287166,-20.479129995988245,9.212895655276544
1940,-32.23747060590475,2.216034983039416,9.815712330712644
1941,10.865046331440182,18.881770933906612,21.470778261251144
1942,-35.09604119867529,-34.524230777128665,-1.8112729670484573
1943,28.204102557705934,-6.249121869720064,-14.259211669074048
1944,-40.5770925114122,-22.255717933127393,-18.89890411151791
1945,-43.27076729734874,-15.596253075265839,21.486980076630857
1946,4.595326774054858,-14.758947239793764,-11.901034077148484
1947,-22.94040823760685,18.135291335103258,22.39587967872198
1948,23.98510094604211,6.208696998035058,-20.196208959598856
1949,1.0243074847185991,10.246513069391254,-9.362051191260852
1950,8.006039219180884,16.41259840122273,32.91172746176448
1951,18.115150451039575,15.429352200512364,-3.015772680502968
1952,0.5330326665080953,24.39244598969424,21.96450077313772
1953,11.346760391967944,12.040668692236295,-14.657261282214519
1954,1.641840746098184,-4.641948478491313,-5.513108982488668
1955,26.240729962996284,7.084149678482584,-6.426838568325985
1956,-14.493835859299338,-18.658901495480073,-4.2807294005663845
1957,-18.356461279459467,-50.29284261003453,-14.839468319001032
1958,25.263049401425985,0.675997499970312,-6.645564878236501
1959,-23.065215963612157,-0.9631269003822865,1.2764549272526104
1960,-5.472304817222992,4.176344030864248,-10.77627922231406
1961,33.98669012603934,9.728617573920511,-24.989433173439938
1962,-34.39321272612044,-11.557835835080704,9.077850347121258
1963,22.90710636906332,5.5265198564782985,-10.815326664262106
1964,-38.642933880477095,-0.1658871235846553,-4.374310648947929
1965,-11.509949953586707,4.8773817780734,18.09672689161598
1966,-0.11348413322241403,10.198644516429985,1.225203216510957
1967,21.81886854771127,1.5769133731714124,-15.722246199586854
1968,45.360872685483784,-66.67527191554989,45.41847618463342
1969,-14.802062039627621,-8.936757390581269,-11.603370305400718
