,PC1,PC2,PC3
MB-0362,13.784937562839199,15.58335555667021,3.1284564379625808
MB-0346,-4.53790632994842,-15.931065027667012,-32.36380341206677
MB-0386,-4.396006308992981,13.380051780250186,12.862781421683268
MB-0574,17.705645385715947,12.33042367828001,-10.864452378249291
MB-0185,-12.067856469158102,2.4404161255463985,-19.05581076524513
MB-0503,5.849036630298533,17.16705327287731,8.85677856914548
MB-0641,-22.32131341345019,21.665552409550347,39.37256374038148
MB-0201,-26.009873903476628,7.017460473155977,1.1871513712976445
MB-0218,9.791581756399209,15.674014009679391,-18.11541922863479
MB-0316,-48.99033794500759,-21.512314479870124,-12.244494875116644
MB-0189,-18.94517728247342,21.164339394011662,17.54042997472896
MB-0891,1.112654318137988,24.783689655204977,23.86456312020569
MB-0658,-47.57493417118102,-9.087175037588478,-6.365287851035535
MB-0899,-1.0191136511554761,12.649917328990846,7.479312512325916
MB-0605,1.1496643779081168,23.767581811951292,17.294824895872235
MB-0258,11.806946240022134,13.303822140642454,-4.27559946658276
MB-0506,-18.61155438113722,-8.69480859509318,-15.787239924126398
MB-0420,-40.139711159900116,-8.406972233842044,0.3276529747283631
MB-0223,3.5192953888140193,7.316720037915866,-1.8391008631202952
MB-0445,10.919658489078458,14.716907564025583,-6.062523844106908
MB-0199,8.130572062919615,22.94092753419251,4.779667407472693
MB-0517,19.8183256833792,19.83028492084241,-2.9951223439408894
MB-0155,-19.047300730175323,17.892353556265945,42.8363104277174
MB-0428,-10.187135614256592,9.238846133265259,-2.916759495817752
MB-0117,2.002135695708519,8.74326421996736,13.319110070030819
MB-0906,-30.678973897937464,-16.010535504024475,18.047466073464246
MB-0249,-27.438873835756937,1.0546063437728042,-11.741436677122472
MB-0660,-17.051463822124735,-2.425693016558274,-2.9401122484918365
MB-0497,10.817178778784337,11.35239366494006,5.000154776095119
MB-0434,4.451355503585819,-0.4455303214718845,-26.302423878452704
MB-0143,8.553872462184898,13.07211867493106,-11.050290968623576
MB-0513,16.8931637976449,19.02284639213008,-20.52217504385637
MB-0541,3.186256079187842,13.495869206658668,-14.157170557864802
MB-0653,-5.9929143414357435,0.22943100072705877,-25.966905740613466
MB-0455,-27.65023030641586,12.699597159917687,-14.518628631925013
MB-0540,-41.202559507867164,-2.022652978410987,18.84955106840167
MB-0384,1.7407477155843871,17.789399581863215,-9.629255636189207
MB-0637,-15.638835351723053,5.510801250473051,-16.87655523534463
MB-0157,-41.08126302285136,-12.76325308122776,5.735322492318982
MB-0443,-8.4057616576521,19.385532631782475,6.4488179422141965
MB-0584,1.9380575615981168,14.77461495628962,-12.091013709903871
MB-0292,-16.01949155684572,-8.540402576496662,-9.541193691662167
MB-0322,15.291239063207051,14.41200101049619,-12.60372798868272
MB-0501,17.155282041012242,18.31115575847841,-7.48788297108569
MB-0401,-42.886777172743955,-2.1956616848517045,-5.715174218358982
MB-0140,16.074508385198328,22.894586874480428,-13.183685726509058
MB-0606,15.422697865966775,18.279188600928617,-13.562373695358264
MB-0666,-3.8545315267707854,-2.660002116807241,-17.947267031142555
MB-0598,-12.121397562554712,10.24387052489156,-6.622944985938821
MB-0453,-11.261599047025122,-1.9107328705995803,-6.997903852570973
MB-0138,13.093933256177571,14.87769468469811,20.200237943868988
MB-0579,14.723955988018568,11.940431327837917,3.3911805061925206
MB-0405,23.932635131440353,10.500444037311524,-13.71644782396482
MB-0471,33.51364240428885,3.635361938097952,-29.025806803829216
MB-0347,-32.06542133854968,5.09417971942744,11.906622461172136
MB-0619,-7.5657594288376355,12.752663527147991,2.6730000856532055
MB-0171,-5.225860199350819,25.30075625247399,24.66362183473049
MB-0310,-10.862223007890027,16.47427769432516,16.858599897164527
MB-0621,-3.978969150452841,26.191394956334648,19.185563637377633
MB-0614,-14.644474178828302,11.217902994818738,3.9164577924207142
MB-0372,-37.63317671907485,-13.178592325771223,-17.810820127871697
MB-0374,-6.0232666234244565,8.52251277616561,-8.170493313004611
MB-0382,-1.6382910820005339,17.852356691815437,22.438367344272155
MB-0327,6.780836310341984,25.49315930350035,-6.513292119571919
MB-0066,4.2275177903718415,15.650923365067607,-14.13538905332857
MB-0144,0.9435460766554893,20.782947062406745,0.05390386213288113
MB-0596,-10.396956317220164,23.529328079915537,12.319164538652748
MB-0164,-49.384679374718225,-8.639933916551128,-8.996181755866061
MB-0215,-6.662772868272966,27.92737090978519,-3.2664078638208682
MB-0146,21.582241264070134,6.528701489271907,-22.197678920327494
MB-0229,9.1557017942598,22.607632988071472,-7.016011974891519
MB-0505,-6.011202280993702,28.914707694533313,26.31630555299308
MB-0102,-5.431397686613798,8.645581992313423,-5.062173001090139
MB-0569,-17.167092991403216,12.112506221964258,-3.4880766504389547
MB-0516,-45.39172212797272,-9.174651994163634,-21.771528398781925
MB-0272,5.292042721542688,19.744588544462186,-11.971052160823309
MB-0585,3.1152973608651204,9.232899179917533,-3.0488032574715715
MB-0494,-40.54598228291142,-5.5013159735913595,0.7896028049332967
MB-0306,-12.904649288935898,20.63733495198556,-1.2813624025637071
MB-0463,5.961024964567876,31.179507826874993,-0.10502936393733811
MB-0198,-6.580932650003059,27.005110729912957,-5.613429156469404
MB-0203,-7.525088999064455,25.92327681080748,-7.746678013532332
MB-0607,-14.005812768774573,17.117236941737527,5.585029416197243
MB-0631,2.931145556370052,24.77912611543123,6.2405130895723815
MB-0363,-10.498598494526286,8.404034840151816,-3.210788966091768
MB-0427,-5.980790647405504,11.161779315892783,-6.486479982810188
MB-0519,-30.08180593520779,7.110990563723279,11.586344210508571
MB-0371,-8.84286631758429,8.166002893389543,7.702127311057845
MB-0380,-2.4572211694135144,10.68074207369889,-34.58788033088735
MB-0221,-17.671734004507627,8.687724132438426,-18.590648132835547
MB-0348,32.36866900015779,23.078321062778713,-15.625240830857287
MB-0261,17.901932524583337,21.623986470090514,-7.868057358352967
MB-0576,-3.2277478526577617,11.72753490251452,-1.393386244897204
MB-0385,0.2120086885288014,8.730463564511325,-24.074234670109178
MB-0659,-6.034001745998102,-11.67854353636306,-4.679164616431117
MB-0270,7.986047682069841,10.84643358108021,-26.78566086885729
MB-0379,-6.438953470606678,14.88739447616217,15.335333921741025
MB-0432,-46.94656543136489,13.410671448419766,24.871828750824033
MB-0527,0.9790960007959837,23.13065215631175,21.698669699914838
MB-0624,-7.8009022433398645,26.80794586235839,29.06414891122189
MB-0273,11.139691306545606,29.800182655023377,-9.940843131695495
MB-0050,-1.592152563001012,19.473784685785237,19.35305851542566
MB-0460,-28.463054026607516,23.764601559472,32.93092681141411
MB-0654,19.142995536988636,30.5253308252611,-7.942058826333325
MB-0454,26.595476900087593,21.558716825847068,-27.2444131577514
MB-0392,-21.0519169771629,20.74197097711827,-0.47585703367465965
MB-0336,6.43445680540704,16.391086498390987,-11.651669655292189
MB-0467,-18.832183078513435,4.39825734867293,-8.046658596480967
MB-0349,1.5446799744247193,24.417744356579234,-22.318680323922145
MB-0378,-29.21006877162898,0.7418110575648268,-27.969642541707138
MB-0176,0.7460309971279588,21.043413196760536,-6.7370997111747934
MB-0429,13.958286623068817,15.844805742665912,-25.237041939487018
MB-0397,1.3629954067518573,22.113878829927767,3.5868133960117117
MB-0571,-0.22515681697797385,26.21122481272912,-8.822410527379748
MB-0426,-9.964911638394048,31.80837940405342,1.7505372270995596
MB-0135,13.070986468648732,22.171220164814365,-21.155110646457192
MB-0112,0.8285031384733853,17.794748457393684,5.248045060047639
MB-0352,-39.21663573762994,8.882598891310227,4.340130013820267
MB-0644,-25.403374710936873,32.8604760126453,24.830025001263593
MB-0601,-9.630118581721492,-0.45215973429802997,-7.115535480647482
MB-0568,-1.9582688561483512,28.707517115277735,7.268217275987368
MB-0328,-0.11306710385304543,10.512307456639082,-15.534147336892302
MB-0325,-18.227020177718554,-11.75157784005126,-32.84076655878921
MB-0358,-20.391535544113452,3.111061577004057,3.61197432552259
MB-0413,4.020711485868863,10.750331859035878,5.1983254452375345
MB-0158,-29.629168448622643,6.1983620294532535,-4.890191651397619
MB-0636,-13.779377382839387,23.905411139792065,2.5740819762161546
MB-0145,10.069579928665275,24.356201711504113,30.00666061112595
MB-0195,10.00315522932701,2.4915524342979185,-33.169705942365304
MB-0422,8.152093762846897,22.21352048245717,0.912934227006584
MB-0483,-1.4612033195757796,4.632257271869308,-18.257996231477524
MB-0317,9.603777573458466,20.337624909357924,4.233448357036328
MB-0486,6.435139056417769,24.23323578092466,1.4374917032231134
MB-0139,4.163955924030405,23.540985362304443,30.675413771401804
MB-0257,14.167111258609262,23.659597176149436,-1.649742144698526
MB-0345,2.9797596765937975,28.92066363442215,8.152312700875136
MB-0375,-34.93851665391191,1.9903493059162591,-1.4384013709652623
MB-0419,18.213291842426997,8.32702222426577,2.054093473185458
MB-0480,14.318721058883002,22.47945954031582,-2.915983958298541
MB-0311,8.327360328108568,2.317155849346996,-4.860370290094626
MB-0324,9.630695864202531,20.932666197923695,-28.31098756014841
MB-0368,7.879741663578866,13.212105553634817,-41.04370959042725
MB-0389,-16.943193484266786,17.406132605559645,-3.4476322464341584
MB-0248,17.2872908120807,14.679545233466534,-19.658300006909627
MB-0035,21.607946730273742,-4.596517561131288,-20.751810894237558
MB-0667,-9.057725082232347,12.170275457695743,-15.794284995130228
MB-0423,-15.46935055301866,35.56522050129173,18.457553234472314
MB-0904,7.4205207815762755,16.926509592987564,8.11871897488164
MB-0119,8.37285384166837,14.818122012652877,-24.564125208911662
MB-0650,-8.72984876776517,22.498682758380248,-3.734072778206243
MB-0204,-1.8989126430436352,30.538531366704724,15.082457397169447
MB-0184,20.950248515527804,18.22302922112574,-25.096492657716734
MB-0600,18.597418623361627,18.50429473116476,-14.456002950591614
MB-0400,-44.32639287066546,-5.067906954376143,-13.329691267171915
MB-0511,-7.671632522755389,26.17966582906283,8.733534519275365
MB-0059,11.558699992311208,18.546572114105583,-18.927847438600267
MB-0500,-42.10630482762844,-11.431822818212305,-18.988162619695682
MB-0150,-45.06601203186588,-12.247685518822276,-6.3185134402209
MB-0895,-13.532162288189566,12.148818662432308,-23.50803107618553
MB-0366,15.358019405851882,9.235341952552874,-8.198207793397449
MB-0173,15.165688059724406,1.2993298555746837,-28.666087662968106
MB-0131,8.903301569823578,11.206819027966255,-6.55048668450311
MB-0206,-55.65009654398202,-12.798030196587339,-2.583501901163735
MB-0315,-5.056827057232502,15.111030181391383,15.624464034823985
MB-0361,-20.99682279981074,4.876140166259585,-18.46955721088277
MB-0545,-10.634161229812868,14.005893625844104,2.7879800244486166
MB-0370,1.913108908229114,3.653200305476538,-31.844343094871956
MB-0642,30.80589877813003,20.709268888298645,-9.791632988346219
MB-0431,-0.330996701775586,21.216440462207796,1.1566994381357998
MB-0181,4.146232147879939,19.801028893552477,16.153575087323457
MB-0603,19.83878445068146,27.07310376763852,-2.756901812197046
MB-0295,-1.1212007291526727,25.39809974430244,10.669945472570078
MB-0618,13.650094811505685,23.5913569307261,-0.8154822861130905
MB-0496,-5.876652541365907,24.581902260493557,23.41150774699814
MB-0411,-10.00504186603377,22.218930823181832,12.390061525380046
MB-0285,-22.97549640585636,28.53368004640075,32.81072113595282
MB-0360,20.29730530801153,16.778508642484095,-18.064982514584823
MB-0359,-1.630450951411973,8.5484796900509,18.198600121866185
MB-0344,0.5108595184233096,16.113944613328652,32.78998377771183
MB-0583,22.075115872015683,22.352638134646934,14.396415270890703
MB-0202,-0.5042758214811983,14.785280055280873,-10.633333038666583
MB-0485,-4.0167307296059604,19.80643837482031,-3.7203913616681454
MB-0609,3.825839023911572,6.8351950855911525,-4.496043353537936
MB-0538,-7.279817382617836,14.950562624616497,0.3044834544700922
MB-0197,-23.43018275809037,5.629325939454549,-5.238945912962332
MB-0410,-13.336458709832494,18.813336834521838,20.072773050989774
MB-0528,-12.599116143942034,14.75567517354198,-6.764938282561868
MB-0165,-12.259396825601263,4.318238914547938,8.020310061497764
MB-0152,-23.450291574618788,-2.16737198982143,-10.770677519816383
MB-0546,-9.14602082209836,13.187902172580648,14.778152026461614
MB-0148,-30.029641880873875,2.899500504879722,-7.192239569592509
MB-0594,-2.7743088846939306,13.981695648035306,-26.853409908187377
MB-0521,-19.318591080935295,31.765612940282544,7.6251865781022845
MB-0532,-17.169184327141938,2.419639503868353,-18.525653344475764
MB-0536,-20.899694958358445,10.820324093560375,-12.033932921258092
MB-0319,18.452030380835037,4.796498815594674,-11.950497375833733
MB-0491,-10.338343096669949,16.056872437740253,7.609934256023061
MB-0404,5.356719407285579,12.438828476906812,-9.040784843420754
MB-0243,8.1818047444669,20.915962109887978,8.78782873331765
MB-0580,-15.934091258973792,4.086914160790917,5.418221450095656
MB-0312,13.49293371537394,12.193627828220652,-9.728639041335283
MB-0060,-17.454416844497505,-17.081664962399586,-34.68913792934308
MB-0635,-51.31230615848511,25.461559253684023,19.955582346365826
MB-0649,-4.921384250047486,16.29617726204467,14.157608943512495
MB-0643,-33.3054729693799,-8.237926631062587,-20.959565853504028
MB-0581,-22.93467185231572,-3.105268251707912,-10.118032008473994
MB-0383,-4.169437628025161,2.157310138517815,-0.3615529252115209
MB-0142,27.69614152751635,9.492573662241062,-17.542705010461876
MB-0320,4.389214032049298,26.44174058569601,24.775759770469783
MB-0207,1.81725852211961,23.238196956211784,3.4882772825848667
MB-0167,4.110040078701788,-8.822418767839684,-22.387643914400893
MB-0591,8.644373569383296,18.98828633375419,-11.70993657103185
MB-0613,-33.200570953496054,3.308399372439196,5.488856855680306
MB-0313,-4.562976551503264,5.830152229086929,-30.7935187148699
MB-0599,-2.352358904572378,24.515541353833147,11.116736658236658
MB-0286,-27.508480017017078,32.6425740831818,28.97577931762987
MB-0575,-15.543657313976484,13.29184254698274,10.007597489514707
MB-0549,2.102057632864816,4.468850913190654,-20.353708228714616
MB-0214,-39.12619558014447,-10.001752107694765,-21.13420900844078
MB-0589,4.486654159488183,14.07072042207156,-15.442336326249006
MB-0406,5.485965219032796,11.979255089785555,-11.631658517198076
MB-0452,-11.168985385924294,12.53824334739041,-4.107791735218558
MB-0524,-15.914317696244938,16.94683558090483,13.713766130191615
MB-0880,22.245125429886645,17.18856859263977,-2.1764869679419805
MB-0573,-14.392088304794507,13.08740663935806,20.875474983318142
MB-0664,-37.7196510913454,-34.41062998758244,-18.201703481610647
MB-0446,-43.76033566314432,-4.501779129151771,0.9291556250029613
MB-0008,-3.0763534884420527,10.21226115776984,-21.90601778595029
MB-0656,-47.18490009366,1.1854799086615824,-4.108453336665609
MB-0154,3.26387623946548,25.447669505080423,11.678824695229961
MB-0597,-13.777571768509347,27.15035241801465,24.625024888860175
MB-0550,-4.57908231618692,1.9096063372955339,-5.486886860142877
MB-0616,11.060554204179345,8.969686054630829,-13.67140147758523
MB-0448,18.969462363290955,13.913148913947625,-25.179039118754655
MB-0412,1.2386576341093347,-5.53890467848421,-27.192429321418512
MB-0122,12.870201573950165,28.13222622260862,1.496349212924422
MB-0425,5.874029131279052,24.76708606565348,3.141192247646112
MB-0314,-12.929618942429412,-0.7071645449897881,-14.399780423362971
MB-0356,4.00626670235313,13.815355546579093,3.121731367336159
MB-0440,9.147285104866029,3.7047055566467857,-29.337308891370316
MB-0398,-11.800055492291293,-2.0995040750383724,4.85086986171791
MB-0438,-26.111532594954696,10.123928970575987,-4.922963619266172
MB-0449,15.608641863815443,24.561091198515395,-3.470583808981819
MB-0162,15.721392688766764,19.851999390913818,6.13525827518538
MB-0593,-25.54171928991255,3.293146866982988,3.2423322231409255
MB-0301,7.638589932539289,23.879956825279166,-2.501746267680252
MB-0628,6.0310046314118315,4.488679674622784,2.022243666423447
MB-0283,-2.760385265127322,3.8174584700999032,-22.022547366495132
MB-0106,11.82030517708658,5.299058370493444,11.285724364868944
MB-0341,-12.586786223834686,16.462022158620737,1.5602284377288678
MB-0474,-7.36828598158325,5.114912180424673,-19.582237873263214
MB-0394,4.8495314468918735,18.460167892782174,-4.468095403737965
MB-0373,-11.193658512104829,4.638885387176903,-20.184015559706264
MB-0247,-12.112669874524011,17.43486540157815,19.32614258025409
MB-0225,14.940368010866765,6.581689830691447,-32.64534651607463
MB-0424,-42.56903622793225,26.21620381312594,29.529273940681534
MB-0209,-39.529042656817566,19.044025853888066,25.78441804288501
MB-0115,-45.08783774977154,-12.566185799649082,-16.70256826071131
MB-0136,-10.14360050691343,24.508939259118815,7.9992634765845
MB-0542,-21.206144734813208,10.027750516551434,-5.43746061459708
MB-0354,-46.88079762065928,4.848055925570332,11.395057328131102
MB-0151,11.993999322680722,8.207996737623205,-14.474321206805675
MB-0590,6.517115364526009,-11.092929966382101,-37.75017554593216
MB-0608,-46.31339305634248,-14.731336774459406,-12.279083356727552
MB-0657,-17.324956612382785,13.820318422697481,31.653153048984496
MB-0559,24.910043220269294,7.5270464898274225,-18.0923008018669
MB-0893,-46.83361415700593,10.783278294400013,24.665440935069785
MB-0514,6.282018927876732,9.9965131616317,-2.621533944932226
MB-0395,-16.657614749143775,-0.34401805757346715,-12.961046388062284
MB-0294,-14.220323992811206,-2.687336375807574,30.83657047573824
MB-0439,23.604999313353055,10.71554863799343,-36.431725333851915
MB-0481,-40.89962698165114,-10.274099352702663,-12.463793802220898
MB-0529,14.442182807908937,12.540607079332956,-3.372433387727129
MB-0224,-5.949185544470673,26.984519862395235,7.510439589308574
MB-0302,-14.898876239718094,24.744799774049124,19.07311447394555
MB-0126,12.001651141011688,22.17507289736044,-7.1374234013922555
MB-0220,-42.25793961024752,11.614040660305745,29.020305951428806
MB-0192,-29.25639076648519,8.607017338575302,18.474531261214246
MB-0121,7.3234144323784225,26.731078065041434,-10.189323364968047
MB-0239,-7.594765450088983,22.623791815098297,10.501401100605575
MB-0364,0.24672552218848046,30.467331979702685,13.458873845781634
MB-0232,12.311133903802238,20.578991506998477,-8.237264822361416
MB-0884,5.48082208466215,-1.2560262402342781,-30.4577687579521
MB-0238,-39.41743742499125,-21.22263300878413,-10.739621506495599
MB-0194,-4.665139052920271,23.146914057051305,11.349357926192432
MB-0882,18.527731101605628,-7.656077475794163,-6.720593192873803
MB-0010,1.799057245214591,17.327365405632115,-13.552216360856752
MB-0236,-9.985910689388284,16.687456796622325,-2.272953236245265
MB-0377,-11.797952184615612,17.588051923175744,31.934661639092518
MB-0123,-1.9635268577568024,26.294868129386845,-21.855693357715815
MB-0504,2.382442045408634,30.676581448653128,10.329703459139692
MB-0564,-20.17892226695479,5.763889918837976,5.2531194525559055
MB-0475,-12.8507404667551,11.346120527037659,2.890820223031153
MB-0321,22.86312923879138,-4.603941583606733,-20.440550838244747
MB-0482,-25.406902318038558,-2.702808517491328,9.521672329646465
MB-0101,-3.943561488147656,12.417570464940786,8.496434730360928
MB-0662,-23.73940603063158,-1.5342170194490317,8.590524384934909
MB-0291,-7.273893936085107,6.495906686617273,-1.5761896683765855
MB-0465,-9.207778509704578,0.741003547638717,-3.4795893831166516
MB-0630,8.578835469593004,-1.1983779272825434,-34.30807056933994
MB-0036,19.4639691308304,13.748153743621248,-1.206190133924561
MB-0166,12.01284601676148,4.877186556481424,11.456973943861266
MB-0180,22.284694648620746,11.832290670369419,0.11482876067931283
MB-0525,-24.82586628869449,-6.26591527107216,-5.135481980482868
MB-0307,-26.03531839723053,14.888751621901054,4.880582154146971
MB-0002,19.26648197176334,14.251723431407513,-11.613165707272142
MB-0408,5.36957601826037,13.483947796757759,-1.9024404251406097
MB-0466,5.769364078975574,13.50320626704941,-12.360394182375943
MB-0632,0.06981012414207072,12.247252297929883,18.302158840477087
MB-0120,-11.889296288062035,0.6105413698466402,-5.351117965592536
MB-0507,-3.93306201437717,20.56607420409687,6.699308257142813
MB-0287,12.246207401387622,17.04217772060081,-21.001055384734194
MB-0869,-46.044949389648046,-27.147303176442566,-22.80954244021883
MB-4633,17.10296755331264,19.207254825233708,8.805925299104256
MB-4627,18.688538952305528,3.3178551633665085,1.0463502372771731
MB-4004,17.64962904402704,-2.6327796324066655,-20.968205875006383
MB-4708,9.024004011506177,8.307625676457432,21.600579817821988
MB-4618,18.097914020280772,-7.621612957432335,-3.638444393093538
MB-4641,25.98980226920807,11.455131002664599,10.646438792126174
MB-4622,-39.24098002167069,-31.313801282556998,6.89632977086571
MB-4634,19.000380264932858,-7.345899384014785,8.189820804171381
MB-4688,0.90621543664257,-3.786517912709933,-17.374879314389137
MB-4665,35.16554862446286,-13.59061289743949,-4.934164232818682
MB-4666,20.409691665700972,-3.320100661390249,3.6712231464473284
MB-4640,-4.247714773010594,-15.777339267819302,0.7118075427049019
MB-4691,21.396858190424865,-24.446898386778596,13.700057917784875
MB-4671,35.517086664302695,-23.22468465459195,-2.6519118538707596
MB-4667,-7.979517620912598,-34.5905780436857,24.577395547389997
MB-4721,26.152605961773602,-1.2932475805064112,16.460269303909943
MB-4723,19.58750985800023,-1.7230597753500914,-15.611129277341758
MB-4718,4.991563249919624,1.9840437697779936,41.29369687738973
MB-4716,7.262298363720455,-13.427515612991574,14.217245092857413
MB-4729,21.494168124668178,-21.581117181687517,-9.010693415253485
MB-4717,-29.069501177403637,-24.888501614382992,-22.54204262346548
MB-4724,-25.223125264340634,-8.461198045943801,-4.479505974546532
MB-4770,-33.07507407969546,-12.249661282866448,-7.912280418112359
MB-4752,13.80400501518067,1.280445386011996,-6.387558693629354
MB-4762,26.050458601066712,-1.1309051822215141,17.375212849987385
MB-5169,10.098282888718073,3.2776101515953076,1.2841403488545973
MB-4796,15.481946586074331,6.048497858414413,-30.84100945666628
MB-4790,23.88258135174997,2.0440946051549838,1.8226072686826553
MB-4797,20.146137247482724,6.402971534911341,-0.16005002151320494
MB-4800,14.940869133938842,2.4418923569356283,-9.17084150895444
MB-5541,-8.996189321702765,20.306176354401245,19.54049221726249
MB-5549,-22.903192884037132,-6.618665696059598,-18.361038145364528
MB-5519,15.263833202063044,-1.4695725333520553,3.1926089066986596
MB-5495,3.1699180162293312,11.539385095586823,17.551740072603554
MB-4832,12.930843305473589,10.51923205729199,10.957080042533397
MB-4745,-21.66290038781997,-19.174826255034453,-3.26643581688713
MB-4825,28.87598266642703,5.423486110675197,1.8153016826402677
MB-4814,0.5695152678513344,-12.448449592438413,7.5223573314817695
MB-4757,-39.070388378030565,-18.23649342694748,-15.454469143557478
MB-4694,-31.878479072688677,-31.259191719356277,-12.768856299715686
MB-4698,10.182270106261365,7.202948745167623,23.55055290246524
MB-4715,-28.05718929184089,-39.77406211991882,-7.057099656849807
MB-4685,35.39269964723321,-19.776051424780402,-22.91881243277112
MB-4712,2.5286332323507628,-21.70831179862616,4.433923071820737
MB-4672,33.25234793266715,-4.207963755273016,-13.701133948059994
MB-4704,11.227429539413846,-5.778997919108822,29.453199673829253
MB-4655,19.023601322497974,-31.130054251400942,0.8280440476543799
MB-4651,-5.027788425649575,-2.4146731086471473,-18.862148936121148
MB-4661,28.064353602758736,-5.986237112517528,8.62977709076838
MB-4649,19.95602808028822,-19.04690983205277,4.676513130047534
MB-4642,10.77485051727085,3.9495134288426437,-25.071048059759107
MB-4674,46.008193016590035,2.6307917577772137,-14.60965375301568
MB-4648,25.927696096365086,-7.19594284180581,-15.112739576648991
MB-5197,17.562869796796274,0.9026841312177856,-13.132774047196213
MB-5152,22.100959702462404,0.14831334953441516,-1.642068737666095
MB-5201,36.54003380245792,8.835688799175385,-0.5256932201041868
MB-5189,15.064759366226921,3.3806119465146467,9.53541479832597
MB-5281,5.026699261080179,-12.072978532283702,18.615405631424263
MB-5212,-1.7752639449055623,-0.6371292983495869,-17.2961306324412
MB-5172,-7.485581991876323,-6.477972372778549,-5.891097242489859
MB-5183,24.49262814279038,-9.29639830996628,16.60837277917786
MB-5185,18.99299399117167,-23.872263312068107,23.05147443903868
MB-5022,6.956173586833051,0.9033133211676577,0.5955067690540415
MB-5014,25.2154090131097,6.482978848475326,-6.996051712565095
MB-4994,20.368159869731834,10.40917089872013,-4.07054263848923
MB-5017,-17.89270222256225,-13.520466677420716,16.368361894166704
MB-4982,-3.267391082438008,-35.033001653220545,17.886291151589003
MB-5004,18.001959370625606,-57.780914998272,36.221966538008104
MB-4986,11.591904797707757,-16.5834146833805,-1.1334550910415044
MB-5327,-17.13020422712316,-9.89308813545659,-2.811648268089974
MB-5341,32.714861220642376,2.3425609531706812,-17.34621275192171
MB-5323,-43.97144462461198,-19.60300556614389,20.19188288419546
MB-5328,16.36357343560925,-2.477442990123429,-6.024862849017727
MB-5318,-0.9388887134130363,-0.3054838544616852,2.5778266088203257
MB-5287,20.608059203437406,-2.3561773713134953,17.84605720810685
MB-5324,12.655501580677639,9.97454842028254,18.515064977231106
MB-4682,21.42361710704407,-9.780479083214159,-9.007392603888812
MB-4710,16.799162776453677,5.311589464045852,22.652555731279268
MB-4701,15.761829953272658,5.744486603399914,1.874412892620412
MB-4709,22.7350461892572,1.7093317005889062,6.005362509372011
MB-4686,1.2287419862625708,-0.6736887027475797,13.870234097895292
MB-4706,7.344364052573413,-1.9341383127008123,8.459566983149449
MB-4719,30.58094379470066,13.261594264639829,-4.246267379579182
MB-4702,16.63920844027063,-21.530790304088594,-11.795282833556122
MB-4908,12.12600759451872,0.19923840660033368,-16.918185134960396
MB-4871,-12.34554704588193,-28.930523997126812,-12.437584539173093
MB-4906,41.59529385482512,-16.753996513385804,-20.499537507360646
MB-4911,-40.59953960446696,-29.035096886840766,-22.238405613814574
MB-4866,27.876397624728234,-15.627272481498624,14.01792183203155
MB-4858,3.7563685326253635,-4.305528637216911,-5.8122091353711545
MB-4862,-14.663720362116251,-5.756094450072339,-13.522071356879684
MB-4872,3.4260574573916234,-2.2745727751757485,22.591242495787323
MB-4887,-2.4588831801274966,-8.516120623618482,16.233056044336863
MB-4867,10.480774616933454,12.39449381270765,13.830060138336853
MB-4888,-39.72378362302381,-14.045142330095624,10.234504863515397
MB-4929,20.66238203912015,-30.914364018301246,2.2705644099312887
MB-4945,-20.559801712000212,-47.164918583151696,8.105702791280734
MB-4930,5.8182692831728104,-18.452069459371184,-20.038326464382717
MB-4894,13.838985152201689,-13.9283394376473,-4.759491089907956
MB-4898,39.94236217640675,2.951730191662695,-13.23314265623938
MB-4670,38.20267145244923,-15.759873590871987,7.3677260806354115
MB-5013,37.888237528771775,-2.914948153781913,0.03891570314297398
MB-4977,12.442110307464127,8.557948361508437,1.6315165232383826
MB-4967,13.342397722666904,-1.4329937393680778,26.363564588168984
MB-4981,1.132803144481709,1.6080319529419187,33.949233656990586
MB-4003,13.4641527628621,-56.77121980360141,2.330769375585735
MB-4968,16.023853154672093,10.141307594043525,5.105060311839547
MB-5052,-37.825040158256954,-4.47493915330519,7.433127423612678
MB-5049,18.383486443249183,-1.4180276223531474,-10.535347466490938
MB-5041,-24.19092497333987,-22.48043822085358,12.410026232981267
MB-5044,19.43339998507383,2.132713819050264,-8.407160373354488
MB-5072,-5.5308940074225035,-4.030200982855255,-1.354428836939829
MB-4171,23.023152182874565,-42.94026494879989,15.181214627532071
MB-5053,13.59627206794808,10.440448431747555,20.280297623677875
MB-5045,-5.959598948697602,-24.112768336490625,6.644681289779739
MB-5116,30.6235828622476,-9.105818247567344,-16.889486879841392
MB-5120,-0.7177807385799901,-28.38540447541255,-6.411104111905169
MB-5074,14.915610315587308,-9.361497643067642,11.27527829364996
MB-5119,16.540015627399296,-5.746442118842828,16.476301904499273
MB-5114,-36.944512713374756,-8.129126771693802,8.937330751737738
MB-4230,20.691038877470167,-25.81317369814107,22.368586331560387
MB-4154,-15.47488973043901,-28.237081923018614,8.41181043045333
MB-5115,-33.703194342027665,-30.297138479994185,-20.289645524565678
MB-4737,2.6557367003866403,3.066900563129135,-20.120477481942668
MB-4764,-0.6073762487082851,4.0727171309495045,31.173422404222705
MB-4735,23.098974866241974,-1.7606904355301884,0.21419264799269444
MB-4730,24.816115492480503,6.3771390754155375,-7.061276373040142
MB-4733,-31.796778532014688,-22.114930985843046,11.037438951212838
MB-4758,-25.782211889874088,-9.417125846177823,-12.395139819142122
MB-5033,33.73055840298296,-4.353299363070231,-19.022938179310025
MB-4741,20.256685443452007,-0.0024126216051851474,10.496958775830192
MB-4732,-36.0351210186992,-27.161467535648754,-3.44102520534242
MB-5305,30.712169661109645,-8.173354874974775,-4.919579659330577
MB-5256,21.008716877462007,-3.5192672418504785,9.133354892099781
MB-5273,20.74711588186866,-11.141990853070102,-5.58279990025223
MB-5236,-36.385671615375564,-37.410803690234424,-17.99208138781796
MB-5238,-12.092171322810774,-22.677014951063658,31.448161869247713
MB-5233,40.78840938875386,-23.577982363189395,-13.21239675120954
MB-5244,41.01185653048555,1.1232843538143271,-23.645645485057614
MB-5253,8.481593065882963,-7.203402381847149,29.86711579477395
MB-5260,34.851740505440816,-1.3145213929926074,-13.733774768034836
MB-4998,19.56573968548877,0.8940812776394806,-14.754282578552626
MB-4993,-14.468327620082096,-12.258031468089916,4.414327019318012
MB-5001,20.487027491512162,3.905197533152095,0.8012210985213026
MB-5084,17.764891725716662,-6.768967447055834,17.413918355383625
MB-4969,43.87876033493074,-3.4962497343568524,-10.220481853035736
MB-4999,34.30150265965579,-12.670021328180896,6.490517384097625
MB-5011,27.501102897664584,-4.184560828518834,18.536078386293674
MB-4959,18.615034055695418,0.32286462527870446,25.262808283949536
MB-4599,46.25330638742927,-26.36040438708115,5.223461156512014
MB-4616,45.41253577522957,-4.281218149043519,0.4232027191084405
MB-4623,12.213545053170781,-12.211521897691227,13.298785139624044
MB-4644,37.07647420608844,-23.85418536720753,-2.4065185329827634
MB-4869,34.36021983335413,-11.074371198174585,7.80889893519879
MB-4878,8.96490771297264,-8.953270029184713,17.1885219034087
MB-4851,24.913807650547287,2.947696846579894,-6.835288596830439
MB-4233,17.99065952484917,-29.200713454047218,-11.542779472848572
MB-4937,-10.702997300434896,-7.641810032831054,-7.404624649508016
MB-4934,16.72632841275323,-2.403534530780733,-9.390319217354087
MB-4899,7.429221573294011,10.856433685365896,9.508698107531279
MB-4912,25.726204008219376,-2.732565341183726,-13.07132893189293
MB-4935,-6.1527158253967595,-60.95543492060155,11.474681776265841
MB-4933,-3.275808748473574,-10.634718508568008,2.152047752279223
MB-4900,-1.138464063942739,4.004035622423924,1.4693744923679708
MB-4941,16.950457256759712,-16.961724897484736,32.79618827622561
MB-5221,25.161857776550235,8.135852879557103,-2.382515860165509
MB-5139,2.1761765339442487,5.286332514628837,-4.966150826172666
MB-5222,-45.85447656979543,-14.271634971422193,-1.924337336312285
MB-5097,-1.4797886177715627,-2.344866715718221,3.8410271969700718
MB-5338,-8.984615136801482,-18.044634123804435,-9.150838351462358
MB-5315,-22.07109259203405,-29.664659958543982,15.194757939719679
MB-5195,-5.86460662880875,-9.505734599071427,3.8940668357209347
MB-5226,20.853274921917244,-7.716964259855301,3.8597731075611015
MB-5232,-30.559184883481322,-27.57684268001111,12.263414043803264
MB-5160,24.295752146198854,-4.5970099913274876,-15.508979669020857
MB-5126,-37.83451193923707,-23.650007671264344,-23.778452612591767
MB-5124,12.226204639087388,4.545400971455555,0.8652506538242982
MB-4855,19.000531787708045,2.350807865091338,-11.963573071265236
MB-5279,31.789251404156293,8.746619822214578,-15.423298919710263
MB-4173,36.045816239493114,-5.438974465608443,10.499784660017928
MB-5145,-33.354226578020985,-15.842897609514804,12.491904818314206
MB-4944,30.25283703768532,-0.4702766005954798,-15.76279251195653
MB-4961,17.48774967987749,-0.843930299793063,14.233894227386031
MB-5121,30.699777171800182,9.924997048006176,-16.34868027758502
MB-4956,18.85264946893938,-12.657152272581447,-12.45079423195302
MB-4886,-12.362538277518148,-17.962713455998486,8.641924291065147
MB-4950,14.518722329731956,-3.513851101399625,7.262092251890542
MB-4965,21.30145662536043,-0.8216479713862495,-2.4195788098424003
MB-4962,37.71775215808114,-10.290194464940807,4.254500194551121
MB-4952,-29.24898176235906,-11.874687056558697,7.599190795833717
MB-5267,1.1509978673143786,8.051712799467508,18.000832350230226
MB-5266,16.380901049435145,-37.12522155185628,-18.983415384204868
MB-5396,10.26175015811526,-16.164181628204865,-0.8041989910039358
MB-4938,-36.86646133042561,-12.846199730448062,-5.498365888780239
MB-5351,-8.8922448174524,-4.741453048921813,27.252118823414104
MB-5347,31.217496541909224,-14.976850146408488,-11.952650143029201
MB-5312,-26.730502519273,-10.315706164262801,-7.6291520132321615
MB-5311,-16.308891214757903,3.6420415609298527,33.48035226240696
MB-5284,15.447438303058547,7.188864321940739,18.384589370170513
MB-4148,17.084538284845696,-22.614594473885248,-1.666300435955775
MB-5078,-1.0282582319684976,-14.949364266151164,-3.050791428010871
MB-5088,23.27723436469545,-10.191305905030692,10.030431612798868
MB-5064,21.465714624484377,2.123442923084865,4.346676683849807
MB-5107,20.618927026089604,-21.523556202879902,-20.801942342474995
MB-5066,20.981751409146217,6.83766109764268,17.94143453349179
MB-5068,38.316384324786334,-11.938973576507708,4.360993123051013
MB-5061,15.63808167126492,-19.643068762930927,3.8845904826450552
MB-5070,-38.65420472001772,-25.82543808943234,4.798427733631831
MB-5059,15.341335154586677,7.900647902558226,9.324042469345999
MB-4266,14.927467250621689,-28.756895089830902,5.77824808592416
MB-4276,3.210322706040462,-23.784788855199228,1.4000279009348404
MB-4771,13.947552847248224,1.7606883192788896,5.460530964672687
MB-4739,7.672526064826387,15.945086436172465,11.992364777840411
MB-5331,16.123176835513565,-5.087820078786438,11.477306241311807
MB-4743,5.5960243975076045,13.77425878209483,33.17350184923393
MB-4785,30.984677022569166,-16.525148171817076,10.426914909643685
MB-4778,7.392154827979634,12.999552736132559,11.620092807432464
MB-4763,-14.148153053762453,-21.237394593788753,-6.52521748473588
MB-4779,13.43150745169476,12.270468482423057,22.526292562185017
MB-4849,31.74031324815089,-9.485690614013944,-15.761305285990222
MB-4787,11.371124474231323,-10.160606578459898,1.213568961050527
MB-4767,1.4143002921346914,-8.959500843570824,-5.648327006449309
MB-4784,23.58420248504412,-30.968235724840973,16.428168187903857
MB-5043,19.365879345161048,-4.654178555976552,9.84362480888036
MB-4992,8.069983750000915,-4.3570200517741835,14.279080926799958
MB-5020,17.10408384650373,-1.8737949415264603,6.823959677618489
MB-5019,-8.694232789030181,-11.226742626167889,5.56901679026377
MB-5015,25.667176437616153,2.815671335714721,-9.813251697055762
MB-5048,21.80058460533159,3.5875500278934194,-5.7146378878734065
MB-5035,1.9471270978346467,7.471452547759724,3.457386220093195
MB-5398,25.18491254009914,20.537059780457533,-0.4230854759834187
MB-5377,21.82348812963447,13.680897816854195,-1.3208816787869193
MB-5291,23.648672880019298,0.399145544360826,-23.465979090105048
MB-5403,27.582833422848797,15.396442394551073,-14.62215523117825
MB-5224,14.646772817965612,9.519314949593365,16.904521016745466
MB-5369,23.20421180331662,5.012802220902323,-7.2194301057584624
MB-5404,24.44604586363958,-6.709157929219463,6.312394052473608
MB-5397,9.715377055931583,2.8563336224418463,-2.2930604636470857
MB-5378,-30.878978664386267,-20.85523733240678,-24.33290209597212
MB-5388,9.378341634460073,-0.9111557249173083,4.669315281846008
MB-5395,12.30754226577623,-8.365895433525498,21.67251356013855
MB-5365,29.58063715389698,6.646844633938758,9.830730059986733
MB-5389,36.20631286051686,9.316756545667804,-20.87412979725275
MB-5385,36.790232079974146,0.8715258947890748,-14.182960542841444
MB-5393,49.33607397602681,-28.045200756891514,-8.660758749466728
MB-5289,30.31917949108426,-11.157770202673206,11.487449649854012
MB-5361,3.950412140574245,-2.539086536373568,-11.993248371609315
MB-5392,-32.8986443117006,2.359827826757818,14.507614752115629
MB-5147,3.4163822795950995,10.215821795968363,6.707182381779161
MB-4140,44.666924513674225,-28.26544899443511,9.481669443333326
MB-5138,-32.918228361121955,-37.45378260242548,-6.160019986251047
MB-5123,-1.4605426066426277,16.884504701601987,3.9569563450244343
MB-5065,-44.29028056449821,-17.99447953484149,13.270823276161675
MB-4127,29.261241885371007,-58.1085721454549,-8.215471344108904
MB-5058,-15.593301055594614,-8.004824747878962,8.031114354177156
MB-5050,18.278539748110628,12.901242562311598,18.101551933986624
MB-5027,3.4683071455811483,3.608108926521406,25.94334987559053
MB-5060,18.894457112064817,-2.6023922320325212,-0.2936669377551077
MB-5062,-1.3309852358167664,-12.046801805052436,-12.295419131927353
MB-5383,22.829083070916568,0.9361450800870382,16.44684845757679
MB-5101,14.152026627691427,-8.39813503968326,-21.678367464778226
MB-5258,-31.324734318039646,-27.73089894650091,-9.405100085666172
MB-5268,16.286950735174923,11.43409430878279,19.92604232665407
MB-5261,20.985799557567983,9.371122919753523,2.8783175061668227
MB-5272,-24.441301580257186,-11.329688231074707,12.91618832887253
MB-5264,13.608539338503261,3.2795285998982986,21.44062687866642
MB-5259,-15.94283957353145,-25.79159086310454,13.06413918109555
MB-5306,20.008212985653675,-27.44178540134566,-1.8044331271753282
MB-5270,24.629701056636016,6.617125973063567,-8.703629145225914
MB-5411,-14.658490438072258,-21.286299016527913,-28.229083940400912
MB-5490,25.33787941027327,11.279239989761116,-5.787308828175098
MB-5421,-30.862232547859684,-22.928869712207646,-7.475793513400428
MB-5348,-46.32207634099149,-20.06502168084832,-8.911647347130277
MB-5429,22.885304170507904,10.479959298787378,6.747664572680978
MB-5405,-19.332546330282806,-16.68848326004159,11.566178536142834
MB-5414,-3.1437678930940596,-8.652090716010878,-19.749791066593634
MB-5489,9.618104673740397,18.47731988187467,16.116084889298612
MB-5417,-4.224848941796078,-30.319596601889696,4.5677994090119975
MB-5481,2.071563442890232,5.831958667857367,-13.141463003505613
MB-5409,-27.10287539230618,-19.847944311784946,6.288382760463947
MB-5413,21.204870139248655,-3.571896215408553,23.017933757680478
MB-5299,-23.47750318433863,-48.61577342960171,-2.8074834514915827
MB-5408,-32.48296231814852,-5.043749169992886,26.22923607494961
MB-5475,25.311873196628056,12.084889391735361,-8.113998934954926
MB-5505,31.50108300184514,-9.130051224057768,-7.289660819795019
MB-5100,-53.8334850111385,-20.07750304775347,-10.76599877604436
MB-5325,-35.870135096392694,-27.84348467439839,1.679048115523971
MB-5502,16.17634882651569,-19.51530455778903,-13.684316684259755
MB-5485,14.314999929795889,-17.34638876003347,-18.79524658302572
MB-4293,33.3513194411335,-14.096486036650532,19.80936535910476
MB-4289,51.050774245485286,-47.57016155713206,5.386684681876385
MB-5293,20.16936831051949,-6.534546428360094,5.238906676542681
MB-5381,-7.00562535820794,-25.993911084273627,12.073900702826293
MB-4834,4.866658710532944,-6.723586017858038,-22.281944211159736
MB-5498,-4.641130709657696,-3.2595565673606157,5.046195838510466
MB-4749,29.803804772962817,0.7420720348693888,0.035150893321755264
MB-4818,24.42919252186654,5.106405092025757,-12.89679855235207
MB-4805,9.497098612605111,0.5786463217229394,-4.813521909442428
MB-4809,-37.238084039172946,-28.524822540865383,-15.94450310620625
MB-5418,19.580661630536714,-3.2494209000007013,5.759398924974094
MB-5441,12.092245959306233,-26.382665679577233,16.73657666334295
MB-5424,1.5594509340235654,3.624298213139965,14.38057883650388
MB-5296,-16.788744193586428,-19.432268130308497,22.674630096984252
MB-5446,-13.143158087461906,2.967436472369969,0.6543880867339394
MB-5137,-43.0304742312254,-25.27746513435014,-8.403108640073134
MB-5219,24.16091967363505,9.948237878189119,6.086625633051747
MB-5093,9.388430319314358,-10.202498444247357,1.2379526487908907
MB-5350,-15.850168875211695,-1.5818442000378563,23.496781741365886
MB-5230,4.853310601768009,10.652793783604446,16.19296400863288
MB-5206,16.162427727998168,11.986580383210223,1.916335361586798
MB-4687,-16.594261132273083,-11.614778948094909,14.240769358866675
MB-5433,30.36386663652746,-1.4936569614321618,-10.99036453631318
MB-5442,-22.470187579161635,-32.87552384992906,-9.813985529690191
MB-5427,-20.63173329795792,-29.547221250533678,-8.393918037846873
MB-5491,28.963443810885167,-5.37263878133042,-15.148066244217947
MB-5493,17.981198455405362,-12.438177885604256,-9.981370751968067
MB-5451,14.901411140075323,7.2337362267500955,7.105523209723798
MB-5454,-14.385741679086209,-14.628693051705378,7.021512524864432
MB-5360,22.47631976930005,-5.693511375318762,8.06738241187474
MB-5229,-22.327270429870953,-7.0528958644993125,12.905428929665517
MB-4827,23.97297289386556,9.850489768757658,10.744159324379284
MB-5455,6.45118288707383,-26.494026267688984,27.466819289798536
MB-5349,18.141808473714473,2.832569857947505,9.03724927074673
MB-5370,35.9659452736269,7.8171238958625855,-26.701149352449907
MB-5290,29.510352230730156,-1.2016692127757216,-3.3054503790217185
MB-5366,1.263925899005475,-21.726031846998527,1.9941700690137645
MB-5382,20.097837680028963,-3.127679904462733,2.739239104762831
MB-5402,17.464921162124533,-3.9185561240071136,-4.631938240807478
MB-5288,7.541281009908493,-8.240324147189254,0.1186255382419813
MB-5384,10.398070116342298,-6.484997612898677,-3.1309521782027665
MB-5358,17.13344168306707,8.006709278512231,6.284391786809225
MB-4357,17.816092580400035,-48.10610442422009,25.834791246019716
MB-4991,3.2466914889688065,3.0380925404603336,-17.233401254513755
MB-5401,26.41098994081832,-8.470082287137629,5.650148354259676
MB-5387,-20.840470276325146,-65.98783992485728,-9.178837318077324
MB-5390,-36.03061918523235,-27.940591597465467,-31.429133596096314
MB-5412,7.2280880654331785,5.671750669351295,21.213384139769847
MB-5193,34.89965118304112,6.532741135758996,-5.413428964379207
MB-5182,27.0768395247972,4.717067410989575,16.644148089177357
MB-5157,-8.668736629592694,-21.61474272203079,22.276039118042558
MB-5205,-29.0717239092841,-24.822096316881023,-13.325496618695068
MB-5161,-8.955850503464147,22.43586284916411,33.04340068140538
MB-5292,4.952494224547276,-11.40846462911079,-11.03256246040546
MB-5211,21.32049167675965,-0.16835955073115919,-22.688198769877715
MB-5218,6.677607337646011,4.880122534168188,-26.61127335800752
MB-5209,-16.53946513482138,-61.199877615821514,2.5692624522370737
MB-5227,3.873356638042761,3.9153732757376134,-0.6059654309450454
MB-5213,-29.517214556563736,-13.004597422967404,-7.0978691880780955
MB-5166,8.87775942319513,-13.00930777582032,-10.579062200780863
MB-5163,13.294834533499658,-12.874361108563216,16.055317270985547
MB-5188,-35.3792043065585,-9.272925448919535,-6.477412271419021
MB-5143,16.759763072668694,-2.3579945006007175,27.59096174125066
MB-5329,1.099925212470101,-5.675709573963572,18.6466575404045
MB-5322,9.35294233050483,1.741668981781298,2.280148447521146
MB-5310,4.550912921313139,7.376863951086094,13.222039296832476
MB-4000,22.44043280527414,-3.5891038869350957,-2.578013555875541
MB-5240,10.0421987341676,12.158365548170668,23.21531871026883
MB-5228,15.691592005513124,-18.513037901257782,-1.898894920543653
MB-5136,-3.2092287570782254,6.339844239071355,24.318112689208423
MB-5140,21.717988491593285,-29.85802153526945,0.13790926351424324
MB-5106,1.6856619654460823,2.92467905119443,-6.779421044306303
MB-5117,13.776549283899891,4.50764624563725,0.15387200640462187
MB-5104,28.29392599894284,-8.354660046251828,22.965070752636986
MB-5131,21.134733299746003,-4.786097187910723,16.07584434126057
MB-5109,1.6673291549041067,3.0137367637386725,22.320843723192674
MB-5176,-16.483674910644062,2.923931257642056,4.053010729927044
MB-5158,16.619202944358296,11.072447651615706,4.6256264430509
MB-5076,-33.230723316939475,-26.701006071588626,-11.946859109632339
MB-5215,32.46865099340617,-0.6802460611338828,-16.00550017125227
MB-5223,-39.271496922430124,-3.4807429443678237,26.98826858183166
MB-5179,14.06756770122853,-9.134569302621674,22.605387383671044
MB-5330,18.484851590845103,-12.388386841825133,22.168855751000876
MB-5144,20.91061416979935,-12.081073321394006,-9.059537425163713
MB-5196,11.18483370330073,-7.135990261758172,4.264593330481843
MB-5200,9.198087555718459,-11.076448555382587,-9.83434538828002
MB-5583,6.996230476198834,9.632974099370726,5.921655639234194
MB-5601,-0.8342274924752505,20.2518212014293,-9.758026089317159
MB-5632,4.350883726236563,-11.922207407497371,-13.108989156795097
MB-5616,-52.45362929066963,-13.568647756024953,-7.8469778315226835
MB-5604,17.447167950798995,3.469957598084439,-28.70876485811228
MB-5589,28.458147178836843,8.16937448906689,10.200635971459114
MB-5582,12.616149389411804,8.99807278073976,22.747382534362977
MB-5625,-32.96520153512046,-17.586092971070574,-11.397145464214537
MB-5571,25.88998355211543,15.415271609163415,-7.6849789232248416
MB-5596,14.28607927653306,13.927562105965194,11.279384615060403
MB-5590,6.485574443068337,3.607016685698563,-10.032833081800538
MB-5599,5.253504019344769,6.799672118496284,3.975557817504337
MB-5629,5.890614699414366,5.365287629002224,4.578759751903633
MB-5579,-5.088759601740098,10.505181502547174,14.207296823274644
MB-5623,17.228648432505196,3.1624483147660847,-9.11552194372048
MB-5654,27.46904125159031,9.077190270081376,-7.373404748003786
MB-5617,29.160485036085127,9.747457740563869,-19.7898519479623
MB-5638,20.66711288185442,-15.007592959531198,-9.924070687458414
MB-5635,18.676869022395564,-8.44989331108096,5.463555875681031
MB-5642,25.285923676459173,2.145409780565448,-3.9374203052094496
MB-5647,15.632060675396804,-2.8605582714063567,-9.006483371046405
MB-4018,12.273138304070459,5.348557212763545,12.39567739566462
MB-5584,-17.687662698438814,-3.2111219025727227,-18.028770242198544
MB-5626,17.6962928342806,1.0855057833218185,3.3010140349987784
MB-5602,-39.663951236521356,-10.17562678156926,-5.4690730359751605
MB-5653,5.26951954415708,-3.8184940831321246,-1.180890509098015
MB-5576,-5.641036427438099,3.8274329112143923,-16.097330233219235
MB-5575,3.707181993218243,-3.2293094097712163,-19.0141336765275
MB-5646,21.58925294995531,-4.7578666835468075,-23.52285756770999
MB-5634,-36.94068046955854,-35.46035367354196,-8.088510433717367
MB-5591,10.04424322181174,13.519853383119681,8.365937420151397
MB-5567,25.063959266955383,10.085027655801351,2.3305090056865225
MB-5651,-28.70444926482147,-20.215457264358687,20.4230145144941
MB-5603,-6.991755644897288,6.621921952759826,14.59426352467267
MB-5622,20.617791900987847,-0.31499566905230586,-14.046203822385278
MB-5597,20.340953904253432,16.633706245184804,3.1434417756682334
MB-5613,-10.806004673044232,7.241798871304703,-14.790088718979923
MB-5580,20.757911313444595,8.405418500217014,12.881538785869001
MB-5645,16.943837375615097,1.332274715570924,-4.070803839232188
MB-5548,-37.947121649184126,-15.029800690918174,-2.610468676404019
MB-5526,-39.65495442678567,-25.076253292319258,-6.878237917336473
MB-5531,-44.8178039774498,-11.971844327537768,7.87646704465057
MB-5468,-33.59100767286601,-34.831214241279305,-16.390028160221636
MB-5474,-26.822456568646707,-26.23770943051724,25.43148766404089
MB-5514,33.0282529034064,3.6914114262940343,-9.752771573369092
MB-5302,10.12230461580914,-21.50533548668117,1.5658166916333986
MB-5510,25.58027657228013,7.542236304438165,-4.156447365474529
MB-5473,15.290331160092713,9.877625897973813,5.456376454446056
MB-5484,31.221730752580598,-20.129703743610904,21.265981901738634
MB-5432,15.505290247505565,-0.3480842130292293,-8.215861832147038
MB-5525,21.45449461615126,-1.9322276271999892,-9.714429946169739
MB-5562,29.569667436882867,12.41326889550212,-7.323828431454695
MB-5497,15.381149987359791,11.027462461475082,-22.36172082415762
MB-5551,-28.310058148768306,-14.696978771756797,-9.438759722661802
MB-5300,9.382634916902793,17.338275471865238,5.000576765729708
MB-5560,-39.37490686297978,-13.985150193074624,-15.106264815255098
MB-5550,33.72303575630926,3.5939913694088728,-3.505633983420178
MB-5520,-14.338385866698312,6.983857276764636,-7.929518080450161
MB-5529,-36.70646006644613,-23.519701141171446,-10.316915619446956
MB-5554,-0.22258111857854568,12.987365469507063,2.501912436136585
MB-5301,-4.903283445960005,-4.717516988057826,12.501064716517094
MB-4421,50.7058338248758,-36.43449800007416,1.5539865119057579
MB-4408,-9.914430205755046,-85.09273687712934,10.560105380120705
MB-4146,-10.007123065884903,-84.31341021186176,29.179985105852506
MB-5534,-26.258440587580772,8.633606012009876,14.005878134419037
MB-5521,-22.144212038668886,-2.401356601715791,7.996464642482345
MB-5482,-28.335943308307634,-14.538041219459382,6.191896686050275
MB-5483,-16.5821104610844,4.9381143953887285,-7.199012919869674
MB-5532,29.535487437971966,-14.782919698407037,-1.5539719807598702
MB-5556,9.829965445760479,4.354005967187344,-24.54668919567437
MB-5518,7.199330998747435,-14.887732622891209,-7.046741381745425
MB-5486,14.754410306440217,5.719614327376946,-7.626984485052878
MB-5511,-10.631114933451602,-3.0135713832562283,-6.585440435064403
MB-5422,25.645694458511198,-11.519961608256887,14.183347269836588
MB-5535,-16.69739540667768,-24.768498684198764,16.34472479383038
MB-5477,17.458192932874443,9.01608134856869,-17.798843124730908
MB-5472,20.312389206877427,13.860747183628655,-2.1231464249178726
MB-5540,-7.5167976728698145,-4.762297462876634,-17.012880314383686
MB-5184,-0.3779961192433216,22.897986584435813,31.344413439002054
MB-5294,-28.63432453112511,-19.752764244711816,-8.300322064082618
MB-5565,-53.74528881633863,-9.198454688421489,-9.71264279495872
MB-5040,5.13381329246789,-8.725928358322568,-11.985498796103778
MB-4801,24.839050266049945,7.6797587895639605,-7.335794173517841
MB-5499,10.203225627639325,16.728650435804013,19.191989351166143
MB-5459,19.566751598286256,-1.2274155838839904,-14.309225952838077
MB-5243,7.525171067686342,-0.10237077166577545,-2.683369756419437
MB-4120,43.06822150723761,-5.2339911551976,-0.8122658558823243
MB-4966,4.414753628753168,10.414648267737086,16.87756830689622
MB-5457,-0.47829844381535463,14.557609957595306,8.015974237449845
MB-4011,17.30981936148173,-8.138293879817962,-6.732618970273347
MB-5478,-7.546782260474487,8.697341134489443,5.660874484576543
MB-4822,8.117717027779111,9.175277958371954,11.603129983504155
MB-4017,28.01906854472436,3.653793899141012,-28.178821683430726
MB-5018,16.407947082919375,10.066448364499895,-15.905279679783954
MB-4791,-5.327853500377843,-2.0668077065274337,-3.024185326859413
MB-5118,16.822167365920905,12.307119826984916,8.514020333925588
MB-4806,16.32927900507542,19.48595144923227,7.948376051021674
MB-4970,21.00613995766467,9.223502502881654,-28.216777421552166
MB-2964,-7.298235514399361,8.41382208397207,-4.188899516806972
MB-2963,-26.89279745904696,17.586302169940335,22.939418723054864
MB-2957,-47.25731247822154,-10.746565596234378,-11.481728246037777
MB-2954,15.81658825299027,23.746667840397922,-23.466238965288138
MB-2916,-7.378630848767079,31.023123343656852,7.879142566254645
MB-2725,1.6268397925799494,24.60829619435272,25.575744508078674
MB-2711,6.291632558642388,28.49001736691984,-4.56142138402483
MB-2730,-0.27036922604810126,16.28784070611825,-31.89358766327738
MB-2669,-2.174353406593468,15.945841424199985,5.132337988864821
MB-2705,22.24439709151174,11.977192486756337,-9.243800346644349
MB-2728,-9.449521285034171,14.660981080661065,-13.257633533396904
MB-2708,-14.334058976311532,27.943555992420524,-2.539145581945641
MB-2735,-3.329744900734593,7.948096584554616,-5.969808712028198
MB-3035,9.798740540305994,12.46692152929415,10.025298318693556
MB-3064,-6.173084302644479,15.161148870960165,23.592060179555272
MB-3060,7.383264271229342,19.71139267558758,-18.82557028697318
MB-3049,-2.1252101839450734,18.39350228608102,15.377357141331627
MB-3037,10.075900831685317,28.73762298399128,7.468737112130826
MB-3063,-41.328775206492686,-10.138350369208359,-18.070970342978004
MB-3083,20.520843899529837,-5.393045198133941,-24.685656537108045
MB-3046,-30.526211447363632,-15.710930850865607,10.491716615679099
MB-3067,-51.28207662793814,-16.508768752566063,-11.04018659199609
MB-3351,9.186221009969016,28.979547675281264,-12.2132539898817
MB-3367,-52.27315402415639,-14.790217014851281,-8.682919736574005
MB-3361,-4.431107241099799,14.263352495909603,-19.023734930051024
MB-3412,3.451742934666974,25.008049857364547,-0.7947668920429699
MB-3371,8.489932589304203,18.263626031137196,-14.099819742680305
MB-3429,-9.679259106059833,24.08012679776148,31.250430842040895
MB-3360,-1.6872655548645776,6.974021725011034,-13.084864596908451
MB-3403,-0.23646395855092703,29.456123649338817,-5.418691828115417
MB-3350,30.17453319263218,14.320352926246915,-25.359063986942502
MB-3355,-27.64702967685895,-5.383178032189584,-5.616676144223754
MB-3329,-26.0957653286455,8.846489225853889,-9.411931547480874
MB-3467,-26.791868211137974,10.345205938248014,1.0805799192979872
MB-3341,10.420368154543167,14.656789712447841,1.113490374723525
MB-3298,3.462506835777077,20.674483417437965,13.634216655751988
MB-3357,7.841358194802861,-1.714603878513443,-31.398728070487397
MB-3388,-1.4083821360939175,1.5325654735270355,-23.32674736379481
MB-3365,17.744927552013046,28.021697705452198,-12.625079808809174
MB-2749,-1.7688677232410568,37.13636457624591,21.28076795592654
MB-2754,-19.10127105037458,21.97562541170081,4.568854615538452
MB-2752,9.227561339306241,14.482608763378936,1.7059682330501658
MB-2745,14.227935156428137,15.2203847597491,-9.798854460478516
MB-2747,12.075023328719015,29.506028662752108,-7.978044378710392
MB-2760,10.258339708507831,27.2356809977724,0.8804245447759224
MB-2742,-42.602695158490924,-3.4767155369494493,-21.32425408226883
MB-2750,3.238825547301681,24.900313780068423,5.634759202739036
MB-2753,-43.33335493114967,-5.147898901170588,-24.852083102828296
MB-2966,-1.2005817344996672,23.67022734614271,-12.747582095881288
MB-2953,-17.756495964151902,9.077115475461863,-4.56746392767632
MB-2969,-7.51009431969419,17.204858682299033,9.064242602858954
MB-3014,-41.81695798663831,-20.512841540856925,-21.941956548368818
MB-2947,4.397203869546503,23.828334964534733,8.320503139051405
MB-2951,-7.6187042364645325,21.716067621549467,-7.376282472342632
MB-2960,10.218962423741836,18.841350787719648,-3.8489599779722856
MB-2970,-12.674265822841294,19.13180883762925,15.764038837721674
MB-2971,4.096838109272816,18.51319604615588,11.39732358163595
MB-2933,9.509557433286675,21.46835781831526,9.218866527016685
MB-3479,-25.48801293463382,14.464638405920805,39.782576745691095
MB-3490,13.181676537870969,-7.144203599410506,-0.296504456981498
MB-3487,9.447581255698173,0.48276648205749984,-32.2371793525276
MB-3459,-13.78690135771315,6.464997497840042,11.466135172062954
MB-3476,-37.18376318229415,-36.05255668774846,4.551006492454105
MB-3492,6.331536050072474,-1.2072559760906993,-2.9015909340463932
MB-3452,-20.812501893997155,10.048929829336245,8.121266250997147
MB-3303,-7.98022023494077,18.11383824983655,-10.532653885214593
MB-3328,0.9712810415729453,23.392265630231577,-5.644072092615009
MB-3300,9.68416472606251,12.273210884108638,-20.196339309099717
MB-3277,-41.68059345705295,-18.04978752806487,-16.797696884648143
MB-3254,8.603439346684022,20.32119726081183,14.110693787440205
MB-3275,-12.402317691781787,13.345748082263269,-5.478337525143006
MB-3272,-6.465162736650558,9.709654237825156,-20.848248284426063
MB-3271,-55.713285456548356,-3.5520817317543725,-21.370081213095496
MB-3292,-54.128884741659796,-12.212872810714472,2.3653929128061915
MB-3840,24.28870336488358,11.303823284027107,-26.85616368171215
MB-2536,-1.7611567509580341,18.819595261944734,20.728874672173713
MB-2564,6.88005616068419,17.444062269971383,15.121129714248806
MB-2513,-15.809903556942807,5.037161592420215,7.909963133607608
MB-2617,-9.5117253875132,18.948603142234404,-5.422504211485869
MB-2614,0.6629910807556548,25.500068215610206,-3.178046505908657
MB-2632,-25.51974464978395,-9.90463342730935,-32.24686896812017
MB-2556,-27.031375412302495,3.549345684834173,35.84929388792578
MB-2624,-3.8038429054339273,21.35606008140423,17.167823421400985
MB-2867,-4.580429189778617,24.218609990493356,13.609405918502315
MB-2922,-15.967995033168979,-13.925933344127534,-9.137096102383282
MB-2917,-42.02473278216673,-13.494212207231744,-23.180068142202412
MB-2858,1.6007745727625637,8.402632471650529,-22.745840776215744
MB-2854,23.56492540745387,1.5418296105205866,-0.20349824105237543
MB-2853,19.39656403015491,11.22130734230539,-9.27938570127834
MB-3235,-15.021139370421855,-2.301488020312895,-9.6861733430223
MB-3165,-15.664211734117078,-11.582066190440976,-24.326698480539676
MB-3171,11.832150135523355,19.65931307610362,0.40564455713835307
MB-3167,39.08338451131242,-23.269142385991948,-2.478256000025408
MB-3222,-2.3399606744826373,30.882861343075877,6.082138564263444
MB-3706,-46.31931844872261,-10.00416449033039,-15.568409027806126
MB-3497,-20.474027120735595,-1.5398991546913052,-5.694009250025676
MB-3488,-6.990556385697682,-11.983089414565375,-9.935625482366824
MB-3711,0.8576122254115014,14.172952248835138,2.0785744891725
MB-3548,13.79291137781569,2.6578432429908396,-2.70730587808305
MB-3506,2.4840787611775985,1.7358265793262053,-17.115794854671385
MB-3525,4.801594928928723,0.24494983726828837,-26.007531773927756
MB-3606,-24.031355900806744,-23.472880824549794,2.2027870113889105
MB-3453,-24.67133915182651,-6.798500569037119,-4.0709712074979745
MB-3545,-3.325654675973657,15.915684761105204,17.167485850139755
MB-3470,-18.732134089064147,-1.9879166634301246,-4.460167412523709
MB-2765,-7.882360606419248,22.456237822914172,3.438149603056002
MB-2763,11.2060386268091,17.94765947996608,-14.796729257459198
MB-2767,-13.07999689071897,18.724784355472757,-11.086515065268244
MB-2790,9.166311040902873,26.381864863783647,-12.464209682609683
MB-2769,4.541210705772081,25.859564927747147,-1.1825726866077835
MB-2842,-40.471577565519816,-5.6168119821347435,-22.008824943628
MB-2772,-19.960382892107102,27.492366693828863,-4.458512590627168
MB-2779,4.006426145225947,10.129218059689116,-19.643525941312113
MB-2774,-7.62397252902865,28.51029674055307,-3.14882120397025
MB-2983,4.72533406388944,5.8546129524529285,-16.975857619756972
MB-3005,0.7976785569505317,11.081370396098608,2.262354341458287
MB-2977,-0.8532771440888216,34.38196455131326,6.1148344546157976
MB-2996,13.374415751436848,19.831398589077438,-6.846473959788217
MB-2999,20.010645831361877,-9.074497577479237,-2.9521561601912683
MB-2994,-4.390672198767886,8.101014562601183,16.37662144553536
MB-3025,-2.1868800789346694,-22.24888313010855,-9.660929836495688
MB-2984,-7.276846148704553,1.6917112500685494,-17.159044332601862
MB-3002,-6.394386564054276,26.82838089512943,-5.202524972934609
MB-2845,-14.469937138988401,20.45950202079946,34.11015205666267
MB-2912,-42.62602945315745,-18.929475131814307,-5.86276798914655
MB-2844,-18.75597906211444,-1.5194347916047568,-24.51882898278754
MB-2847,3.2392613112701607,-26.313132743001063,-3.9253852625871803
MB-2849,-28.02933941129737,-19.14132153025255,2.4665262932815684
MB-2851,1.4492906331142925,7.226664997632167,15.3513083236208
MB-2848,3.84204872301683,5.455194795253315,16.710779027790768
MB-2863,13.909773821742148,7.24823413489474,7.704180667240008
MB-2840,13.816377659884827,4.716636501321879,25.074831056264433
MB-2843,-12.868497192466707,14.46186988654964,9.965939193510122
MB-3013,-12.909045594160672,35.70760459203327,7.141412614712344
MB-3058,-33.33716427804119,-4.869510011344796,8.172730040590455
MB-3016,-2.486784172629948,10.078839462119136,-14.850647446956106
MB-3057,-47.46110505225778,-22.127870814747187,-22.862229247745464
MB-3008,8.430874741667814,29.32743908083766,12.91740919825715
MB-3021,3.7084630211395817,4.993263896221807,-0.5852851692556117
MB-3032,-4.53466551862724,25.26253341928629,11.265727326256783
MB-3007,10.616540040325642,8.42976377598941,-9.656504588408518
MB-3033,2.798505075020074,31.153204810735765,7.344461523140515
MB-3026,10.269012016785986,16.811347041254926,-8.288254412070737
MB-3006,-26.63814382167575,20.5912867844856,30.08799477964759
MB-3439,2.5720765252405604,23.316633052562015,1.8164194566586254
MB-3437,24.70781450153162,14.260414151660544,-25.604431035066327
MB-3395,-55.106149461694784,5.247798963344251,10.098542127489281
MB-3386,-25.07488372815805,-4.02499655684135,-17.222279923621368
MB-3382,-13.615262446499349,19.84094325082079,-11.267314317872291
MB-3379,8.373157701540942,23.73474790065262,0.9310256974491637
MB-3430,7.759342889831387,10.203867131224209,-2.207833556201385
MB-3389,6.93383283082829,-9.673132027877791,-28.515766491145897
MB-3378,-2.03787049811438,31.07664381269698,19.06800960978252
MB-3110,10.978683278240712,-8.98220348036962,17.116390028243714
MB-3079,11.615830299988417,13.379589833464633,0.6244379113945938
MB-3103,-1.4898344490925097,4.112916103626964,-5.0491605339045975
MB-3102,10.772010470161423,7.251273941067637,-14.851624543622718
MB-3085,-12.624315940756912,19.36759547051607,19.127713038555253
MB-3122,-17.886525328922133,-1.0605496200801467,-25.02366400876119
MB-3104,25.760614334480454,-4.766949479900229,-2.467761490143046
MB-3123,-38.48940475786768,-16.51340577446618,-21.37052555471657
MB-3121,11.148832771829271,33.024860333976235,-8.783855149401534
MB-2835,11.25853343706625,18.856569943106162,3.9074690953932767
MB-2838,-2.8796678433194995,13.90205189789487,8.426083822977615
MB-2801,5.526811561632535,7.886513808248581,-8.862548542862317
MB-2834,-27.678387992421868,-11.218199012911247,-4.393941531264713
MB-2796,-7.845806134305899,8.84416249663092,11.309916966423941
MB-2857,-54.933433548595566,-0.13625118211497578,4.827469335967738
MB-2819,14.845893282430254,23.038899819064113,-3.051154667720009
MB-2781,0.4947583545474677,10.114965458612575,-16.785006839479635
MB-2793,18.747228944746876,18.77057084322042,-21.624055784440728
MB-2827,-43.479959745439125,-20.680059515881457,-5.975342092981751
MB-2814,11.457313090710251,19.41847650398358,-5.3688015253717385
MB-2791,8.924166107287418,22.848990616109216,3.2628943293702433
MB-2803,8.634474298030492,18.09333613510468,-14.554005021470957
MB-2797,7.901465026449249,25.523665610807292,-10.766304254496786
MB-2795,-20.510777091509354,19.50514455877289,-0.5864648291558575
MB-2786,-5.896075262837985,25.394713216208377,-7.614802388128809
MB-3850,-8.361813367728516,35.29146111542807,14.790550499036696
MB-3556,-27.170858911723446,0.9038426402786474,-14.40968811858487
MB-3838,21.826650367807208,26.24048134122345,-32.88966330006322
MB-3707,-27.535631504953127,23.608815031944648,22.471520173092753
MB-3600,-7.6023937208386245,13.42783431819972,-35.86487528708936
MB-3824,4.942596735247467,10.985162131156855,-28.54328330488219
MB-3823,-14.769722600723806,31.194779878968095,0.9008215904337836
MB-3781,11.068875950005236,26.934106005925273,-14.684314651780088
MB-2642,-8.023731469393635,19.80292818888032,-26.12690927187154
MB-2686,-26.13346375257471,9.615136427092379,-17.831200710890105
MB-2616,-28.892802348496318,39.10313876028813,11.144642830349943
MB-2634,13.8306896705499,16.163137988725133,-43.124620506993026
MB-2613,-15.00163873152913,12.051495401394519,-29.0186334751238
MB-3842,-17.636779530840272,14.183108205680535,-10.604336997713533
MB-3866,-31.2274900104787,5.2001606946740555,-15.428958513865926
MB-3874,0.023040403752133627,18.46857869285907,7.817090395957747
MB-3871,1.4903701027618648,28.904710796108375,8.34211521199633
MB-3702,-32.20651876059035,-8.462898646867128,14.801655366830701
MB-3105,12.70258490422419,16.2789828593915,-1.5318911468089713
MB-3852,-14.871009259898162,8.238067656707457,-4.455263456133156
MB-3854,6.730588528944684,7.63133220334112,27.995925440985648
MB-3865,-12.279811613427817,33.21408945683145,27.126916581352692
MB-3228,7.49298924087065,19.340677653666294,18.804378563553925
MB-3028,-17.890857282862562,1.1741051847560207,5.97606140926584
MB-3502,-45.217224793136694,-6.074343508628518,-10.630650132253857
MB-3567,-39.217130402516176,-12.330172888324388,7.435914322061312
MB-3752,-52.60904391622354,-11.393422443820482,5.9014478438729885
MB-3450,16.103941479504073,20.70162038359591,-12.159353546453433
MB-0444,8.226427061983419,12.61672515173031,12.367245690731966
MB-0476,-44.44984602367865,13.847240454896165,34.157423407057976
MB-0610,-19.8764420521479,15.29720113931342,17.253389285767113
MB-0451,-0.9359836395977028,9.399897018658697,10.011765607423342
MB-0133,13.57247323192736,14.449044516118324,22.592249920523965
MB-0005,-15.518601354028197,43.770150918678034,-19.64736713229884
MB-0048,-30.84679731289037,36.1549199246707,-6.6529713187951005
MB-0083,-5.379244962530165,49.90320862536793,-26.65447162753925
MB-0053,-9.241587689055718,46.4308338707843,-42.141477586983626
MB-0056,-5.863814603088514,49.49074085628891,-50.95405262338729
MB-0068,-5.11911526431834,41.625592130692915,-19.608982947805504
MB-0093,-20.344021817051527,35.39788068611026,-22.480022354779408
MB-0079,-32.523055282985425,29.655859959041166,-37.01616889964625
MB-0108,-36.58975343023994,33.49662888076235,-25.38545183549222
MB-0006,-13.035358747802293,29.972736988754978,-23.65010856169808
MB-0014,-0.9562162943352216,54.378148472030716,-20.07952949173394
MB-0022,-22.928785209821466,37.35458362827939,-5.343173238395269
MB-0039,20.238977022678462,29.36438463165982,-52.78430051125904
MB-0062,-53.647323087951825,14.047528774676355,-57.63114744437818
MB-0054,-25.942690201833,30.95460960540289,-31.45922095224529
MB-0081,-31.439551973630874,39.5924155048597,-16.007176019866392
MB-0071,-12.481998103536574,33.65193265742791,-30.5391454043241
MB-0099,-17.201116974644652,46.23168932810417,-12.68458015676597
MB-0064,10.235074149526515,34.16488747465256,-38.67640261140624
MB-0107,-2.4928552801203834,21.727191549696844,-54.502788498120864
MB-4681,19.418065866826854,-7.646046300002057,20.927939883407973
MB-4626,40.808273123433715,-54.21236618150317,7.364698722344271
MB-4639,27.106392836366872,-13.551729213857891,-20.063999629231535
MB-4673,9.40267876875569,-9.92479617773131,-6.977463692462659
MB-4711,-28.93410057718673,-20.825881606766337,19.13488159805392
MB-4607,33.430686433018565,-23.42236418288,21.865236664072807
MB-4669,30.420338316851883,-34.90984937960396,0.9753180128091735
MB-4015,-15.837433690170153,-9.394410162057254,-10.194483672152748
MB-2931,-3.4893650572030337,30.994138870731952,-3.7533836583498243
MB-2927,2.051603848330112,22.9255297183092,-15.301657142536492
MB-2919,5.742039894106091,20.22321403575377,-5.96122149581812
MB-2944,4.2111686888946345,28.603532673754916,0.1937377156346435
MB-2929,-25.110758712769517,15.883705900667165,-5.652881070311339
MB-2932,25.1315838385684,8.576329151136878,-30.53714683825373
MB-2724,-41.73778466764125,-8.764495499682738,13.643452123751516
MB-2712,8.304930172988982,19.924500550989787,3.2064972479255944
MB-3062,-50.439871712227735,-3.497457266769851,9.530692671021383
MB-3050,16.418006336709006,-5.129161871645058,-10.161599420495456
MB-4722,37.28179666170019,8.186417723655321,-3.290309006634957
MB-4731,-10.475490040211326,-23.409606898141462,-27.05266838379382
MB-4725,-12.292632341428327,6.390882109013782,-0.596883300167784
MB-4707,-36.05544575722052,-24.105227716320403,-31.763645591285023
MB-4643,0.07538380072794523,-38.94930087713479,1.6529814093834116
MB-3363,-18.112641009862124,-14.670378922196054,-29.03577872515389
MB-3383,-35.247193789383736,-9.805496521819283,-5.163173363975762
MB-3344,9.905564402028377,26.567264737158613,5.2842454095735825
MB-3381,-11.114140014439906,24.613213490216918,9.62502031312273
MB-3297,-45.34625288865283,-2.5963827108911017,-24.63782732039947
MB-3301,-6.570521310824452,27.64158017702387,-0.6940183059015235
MB-3088,34.91700010760973,-9.19484996456716,1.3529747064822544
MB-2764,-26.693014184618757,23.984450348029913,38.981025806331125
MB-2744,-7.4963189180378755,25.50076761534824,16.074076246745545
MB-7114,-49.16500481197027,-22.093807097554787,-24.482638970053504
MB-7118,21.532626972045374,12.378681577140659,2.2577413182952095
MB-7113,5.02760831471891,12.461285164996745,11.75357781241043
MB-7130,23.217189881304506,-16.822601049458687,-21.200931143004766
MB-7149,-4.049164712966573,-4.369893974924042,-21.698128004188767
MB-7140,25.514599314447377,-1.1729616428670024,-4.435415547487599
MB-7148,24.216538475898332,7.025642593416911,-13.76879922823125
MB-7208,-16.325599521877905,-31.758454127994394,-7.27411196091105
MB-7170,23.420092439673134,-26.28502162399965,12.918375842243615
MB-7174,-3.756227489851783,-11.95745634655044,-6.16268941863514
MB-7252,-25.692242282010213,-19.442491289724845,3.5089187918586275
MB-7244,1.7447460558812893,5.65820239554409,14.698429604606492
MB-7187,-9.557651820340427,-15.849437700738527,23.429574984104764
MB-7251,-14.4503748750049,-22.75466343247408,4.737051405598845
MB-7173,12.044895519559521,4.612429650369143,4.08403041174013
MB-3001,-43.70626016134754,-19.87174448420443,-21.36967658392722
MB-2952,21.38391721957214,13.78490614265547,-0.31306931680279015
MB-7097,25.034684596089726,-7.200732198260836,-3.305670990134019
MB-7104,-30.835940564034054,-7.302237676790386,-0.4990838821208429
MB-7099,20.833957351792765,18.075934817410218,-20.860566645597764
MB-7069,-23.47328165776755,-5.290835301536584,0.6736412673947362
MB-7066,-0.9866610144588092,-2.2984658905210624,-0.36351023710659364
MB-7100,37.145154023974094,-2.335553315834285,-22.351017922682928
MB-7067,-27.43576689037615,-6.835755556166474,-3.6236550552176214
MB-7073,-21.18554010049693,-19.938772463348293,-7.661270012058741
MB-7063,5.157905451417533,17.32662026734153,4.414961746280494
MB-7102,25.54654073079941,11.384721716922563,-25.25404599025089
MB-7068,-26.21182148300672,-2.2536831686770067,-22.24031688872015
MB-7075,29.566601931144422,-3.056246708466363,-32.22212701818007
MB-7053,12.376517013756082,12.259699615000674,-6.0844415183714435
MB-7074,6.712181703770954,16.497247374913453,22.156185978285443
MB-7057,-1.1095942051280423,8.483120047793657,10.987837393109341
MB-7109,22.36534399232307,5.03606566386209,-22.22677244879478
MB-7051,8.551539962556786,-3.43049978701449,-7.450038666569188
MB-7071,-23.96952035056654,7.6724681680573985,-2.9577613786750168
MB-7106,14.144231442786614,15.544563144700973,25.86928206275949
MB-7059,-7.629853307853851,-4.7566554820419,-13.444881278659155
MB-7107,29.553503184070813,-4.094128184060952,-14.28515801124689
MB-7076,28.656746355701806,14.373761524594022,-12.300179142148242
MB-7111,-20.032519939596558,-12.656968663972112,1.047247559633214
MB-7015,12.3321197958365,8.476373705948472,-22.307464103763436
MB-7026,0.4114283350294949,24.236177471210226,3.927510009555774
MB-7013,33.62448938388542,-3.4838628082434675,-2.247362347524579
MB-7023,-50.51221294309816,-5.835654756823275,-14.631607839543426
MB-7024,-9.37942222781675,3.224885789320188,-28.646894983028066
MB-7014,-18.14663355061101,19.203066093407955,-8.893425793553291
MB-7017,-48.93129483187896,-7.884787705469185,-5.786447383650925
MB-7019,-2.097630592831255,33.11318471874983,2.082038072357246
MB-3510,29.55168689376062,8.179846389695552,4.773287836878937
MB-3500,-54.05051203907863,-11.443769721598782,-34.4353695449594
MB-3396,-25.37256886441105,-2.7677480011298887,5.327485224528171
MB-3435,-8.572537960279329,-2.432659673870765,-17.49571689241044
MB-7186,22.67791692935271,-2.6336314486231274,-17.623478744570406
MB-7142,26.260740235824503,-6.022527517883071,2.2388358142313507
MB-7196,-1.9601192034264523,-12.633658651491622,-12.127496480006759
MB-7171,23.060296663384513,-4.811336281287025,-12.710698653114974
MB-7145,-33.716490027765175,-27.281151499482004,-25.068624642646185
MB-7132,21.549564997385563,14.99617133371189,-9.24481195473062
MB-7189,10.416170862528718,0.7123024207428345,-18.916626015658647
MB-7137,11.429803277970287,17.980223225796298,-3.1263919869478265
MB-7181,31.79336551694318,-11.531552653680889,-24.937967424270628
MB-7155,-41.04519064896984,-18.319588057893867,-33.01567263843976
MB-7138,32.15775296037153,9.34665211970698,-30.518328066235018
MB-3295,-2.8633410176646787,19.116933930803103,12.625101296892858
MB-3218,-47.481611002432956,-9.62023911991237,-12.19442044332814
MB-7232,36.4879584936923,9.784319203922006,-10.438197820995565
MB-7281,-20.239746011663154,-13.094109070787358,7.517460328779979
MB-7270,-16.535865203116742,-26.50453678197124,-8.372353430534409
MB-7231,27.262814793899267,2.605866519217307,-11.79790870357548
MB-7220,17.895051710491586,6.847808940296651,5.253580086522165
MB-7277,15.26775124375406,13.862281865807631,-2.567340333098773
MB-7269,-36.70583223137953,-34.94345328721505,-8.105521631613987
MB-7280,12.264727956297987,14.364064398984368,-4.48378080183779
MB-7227,7.056083772402494,2.747239989434476,3.363998728130188
MB-7278,22.029529605404395,9.984212922765261,12.15657035484096
MB-2610,2.4719049697227806,31.51529831463455,1.5980432501981943
MB-2517,-22.85008234697164,-3.559588655394759,-1.6536831871720497
MB-2896,-17.387675241805862,27.4263152060981,9.174447473834924
MB-2901,33.493672870086215,1.6015365424705432,-36.73850602612512
MB-2895,-33.62800305604155,-4.04049412979389,9.367660737970036
MB-2900,-7.741895291474617,7.42349098145421,38.58981939365897
MB-2939,-9.696255971746263,17.539389420067245,-9.932743959547075
MB-7008,-28.726150929237775,19.963009964310665,15.44472310107862
MB-7002,3.6193846201562745,9.607438066337195,16.170491815992975
MB-7000,29.847639931839165,-15.993276332610169,-11.248856828347852
MB-7006,4.692287159285024,30.759230513419975,8.362324136513836
MB-7007,-39.89592362022704,-12.915848933173896,-25.870308163915205
MB-7011,-2.9968973629624123,22.301964856115735,-37.14223186390096
MB-7001,-3.1619161978974155,24.602149082968502,-2.6382087804048453
MB-7009,-45.00268890966227,1.767471558772024,-16.274645722498207
MB-7003,-11.687818402735665,24.458699895771876,15.15041151373999
MB-7005,-2.2041312537756776,30.61788925899972,-2.508745587799918
MB-7010,23.765644664915637,19.65394423162713,-0.9130170540238547
MB-3153,-7.978788696883406,-45.32567678184107,1.3148035912806453
MB-3211,-39.56256291415426,-16.591954774953162,-16.21166272178858
MB-3181,7.326242193497048,2.6045607493700285,-16.566503427795777
MB-3252,3.2142014154396685,25.077539698006397,24.356336489053227
MB-3266,-7.619801409335088,15.11440182617576,-1.46986590969796
MB-7082,0.4145253222987897,-28.67377382594577,-4.930399118403043
MB-7081,-59.43400396255882,-6.481090553203014,-9.865689572833695
MB-7093,10.210000118144869,19.00381474727419,16.435282882789984
MB-7083,5.814518204436954,-3.239950542761535,-14.84618919884013
MB-7091,14.978789664323822,16.10694511872088,7.889844941046412
MB-7065,25.65743390509559,6.652498049648714,-15.357946236173582
MB-7085,15.982148357396682,8.824641895782086,10.002572119256484
MB-7096,13.67403716280431,6.4584711147341185,17.763792139210164
MB-7018,-10.377905800426701,16.410688544670695,5.068824966778964
MB-7088,-15.742852942707836,-19.13399769452941,-3.903068914063261
MB-7055,-7.572614693956734,-39.22447010334212,-11.73640052694515
MB-7080,2.8982963830255093,29.706587078476815,-4.592260865468872
MB-7161,0.893519845524966,-1.8617055880554596,-6.100447972031376
MB-7115,8.14371206818174,-26.576645720050028,-21.601779445616682
MB-7123,7.106117702185628,13.27609192482889,1.0718085228469183
MB-7176,9.814247014705535,13.346780571417582,-4.238365902168323
MB-7121,-42.78041107109894,-27.73526006063068,5.106989692715031
MB-7172,16.866172273286168,7.573779293189547,-7.845474850311658
MB-7164,22.03700377272505,8.811281941890643,6.072004331345007
MB-7127,10.698472622119125,6.584527459872769,-14.654759101255397
MB-7128,6.457482739566786,12.936435187202973,10.86349540635532
MB-7157,28.344254063783733,-6.37260767100818,-19.285782886946738
MB-7092,2.510390712724888,-8.090838102637173,-9.770054031994585
MB-7135,10.265619143252838,-14.94884593088418,-10.48319435211616
MB-3754,-6.155327871934789,5.4612695277838625,1.467267752703084
MB-3536,-11.181711491814132,8.847742632482943,0.1520157934493294
MB-3748,10.991099325039194,4.536408721436192,10.962914507292606
MB-3530,6.912035577121699,4.884512927858701,-1.7269072957056744
MB-3582,-25.966355132910426,2.991425392865811,23.513061294608313
MB-3528,-18.146763049060947,-2.252494842434369,-7.690043650371557
MB-3547,9.797404855011566,21.616122331888512,7.405461279945358
MB-3576,13.049481251218547,1.6127913966149525,-14.437655648599604
MB-2770,16.143272068052365,26.19864006884255,-4.358563646978884
MB-2758,-39.99241329918273,6.533935710637805,11.485635407728006
MB-2771,-34.05211149706572,-2.438394247287256,-14.830313601962013
MB-7152,20.317820731400126,-11.675780751838177,-20.739070868575478
MB-7143,-6.3656064921790865,-2.5102895334467132,-13.17684038518603
MB-7197,21.855500351401076,4.0719331662833,-5.347531869274662
MB-7153,11.072349467302253,3.6682163554837506,-22.981584190030688
MB-7144,11.181644183823938,-3.3175881373792273,-15.175964112350153
MB-7185,47.80432858090037,-1.5277468182953207,-11.93529131326416
MB-7199,32.1196059459537,-3.2544143768834304,-11.79986780698718
MB-7158,-38.85463539558051,-31.11590130621494,20.57453212967226
MB-7163,12.560768053550987,3.6416110883907384,23.52677547974019
MB-7215,-4.60221744935055,14.70443010650502,30.383845740119256
MB-7200,17.87232202940278,14.16673246034071,-6.660977751568013
MB-7193,4.068439390640658,8.323337384468346,-23.309704838738813
MB-7188,35.862832278551544,1.0096445350102556,-3.885935366016967
MB-7198,-8.604665810613144,-4.909485035455983,-14.693110455478733
MB-7256,-2.749821666988358,-7.758375815203233,5.769865305489549
MB-7258,-14.012100604577135,-41.833686986614374,-16.309687130601745
MB-7194,27.42435524437427,-4.895533484108524,-30.492995905787158
MB-7254,12.971676471382198,9.94737168407926,-1.1084530705999105
MB-7262,5.949680648093552,-15.73921282875307,-19.018738551488063
MB-2990,25.755189868792367,7.090907764132326,-0.29671409724711534
MB-2993,-43.638988715417526,4.108756012176133,7.90246842120673
MB-3031,-26.364550682736724,-10.016929539452489,-11.353483352211763
MB-2904,-42.982284441099196,-22.087359252484617,-7.562004675626874
MB-2846,-18.207811821161144,-1.7055675501509688,5.5393889064176625
MB-7154,-34.46763267564547,-32.03034026805141,-9.079681188796522
MB-7229,33.71559521034332,2.7597012856417,-10.35790762634245
MB-7151,-21.611712224398794,-29.827025175873903,-30.06722956193627
MB-7228,2.979293106941387,13.305122114973443,20.00579645716407
MB-7218,23.100548053497807,21.364667894567017,-4.992812400865834
MB-7147,19.492283029443808,-5.263247773289127,-18.91528756032131
MB-7219,11.31472143435969,7.170583573340756,-0.9812338621911719
MB-7165,-39.703137605962304,-21.8752167503042,-40.78265893655137
MB-7150,1.6175454638442524,1.4864057274707383,-6.792625334916695
MB-3436,3.6275260528328754,21.52482204036081,-29.471165786598515
MB-3462,-0.8174549665401514,29.073174028385758,7.580838456509861
MB-3417,35.74184204186795,18.310876372209606,-23.955723935334827
MB-2721,27.5186516143574,6.0405869110392985,6.162141855506998
MB-3092,32.3249904509282,2.42667504514998,-16.866934672039026
MB-2821,-41.17899752081977,15.993052721637707,28.791396226734317
MB-2850,-49.77115379220238,-7.405557055881349,8.142516536418219
MB-2820,10.42642600101764,13.721319054117195,9.368076159560376
MB-2823,-10.089973061706544,-2.46211540179661,32.573793571432816
MB-2792,-8.838594767243455,5.046896035862474,2.8603189417376944
MB-7273,-26.34092430529075,-3.516139483751471,-19.648861157019684
MB-7283,25.50980508902284,-7.338129005889787,-10.488489833514215
MB-7284,10.420086873447762,16.89032249145273,2.8968503096066756
MB-7279,12.055098535225719,-39.07665001874772,-3.540703688986958
MB-7233,15.590423396287372,0.9072283319103743,4.9968515834383505
MB-7287,-11.885217298073563,5.91394836071822,-15.573958698578771
MB-7250,-18.46797838980188,-15.308024237941769,5.643903111368088
MB-7238,4.849254392419561,-5.623460344393657,-10.115426434268949
MB-7285,-18.192648328331913,28.31916521976269,13.839473367921759
MB-7260,3.2604791745214574,-11.958262112939206,-6.828003118048872
MB-7264,-6.810502302017134,-12.53761693533755,19.336722897621872
MB-7268,13.058555000333776,11.808947796829434,-4.992657766145568
MB-7276,17.673569494666662,6.296162714099558,5.519783738078774
MB-7212,11.340111802443282,11.716102342067979,7.607227246580986
MB-7267,-36.80198946207002,-31.882538718189625,-26.981048112605087
MB-7266,26.39068167768839,1.7078863660953483,-18.24058054786964
MB-7216,31.556628752085498,6.1206623031215805,-18.52660906966798
MB-7195,30.781184596947348,16.648469870504414,-5.904259222671614
MB-7201,-19.174841443267344,-19.17465576465755,17.720424053244535
MB-7217,0.5360001387124209,12.786173922396395,20.579119824512684
MB-2778,-7.350268534199001,24.001734424597295,4.1139260183533795
MB-2815,4.152680874025142,22.493585408031926,21.21760209253085
MB-2833,-43.65803022191158,3.9019480222626255,-1.4809911914241178
MB-3614,-1.4421766173880814,3.7766465683621884,-1.5366214885114784
MB-7052,-41.19491583649626,-24.4989421452644,-18.287243559557613
MB-7124,36.45841689357801,9.77792510029441,-14.95342459344121
MB-7122,-13.533709185640818,-9.723751309962404,3.701240243659551
MB-7133,-0.9174553309331215,-3.7126427548992718,-3.504148066980691
MB-7084,-34.85514804047046,-29.947193301882766,-20.96552625475284
MB-7101,16.084976356135606,17.88790086704517,8.592033343881278
MB-7116,11.529094342684939,-5.1588269580381025,3.9587488703000684
MB-7131,33.56402636640273,9.188154332194086,-28.21655296213915
MB-7090,-17.84265594730706,-17.520003650777735,-11.785308904326248
MB-7095,24.915661632567776,8.976338968031232,-15.01748498571601
MB-7094,20.458393140803345,-34.87640660013892,-0.9606751839950726
MB-7087,-34.40278304963164,-21.230354678534596,-25.340916334936125
MB-7077,-4.717156776524507,21.191003660497984,8.087842485982122
MB-7072,15.389067731066334,-1.3541135967170495,-24.652214174884467
MB-7041,-2.294005912365876,25.01345512030301,12.009604009476346
MB-7044,-25.10452006067244,21.017430741945386,33.81790567598483
MB-7022,-2.8966663339056637,17.22840431400434,-6.995674359612532
MB-7070,-16.740902360355825,10.291739356451382,-6.279598863209911
MB-7079,-20.32710190459906,9.971754301459224,45.653247136303456
MB-7035,-16.56793844853508,4.09379681625159,-3.360468241344406
MB-7025,-53.93104652821498,6.304476114873668,18.79249130603717
MB-7062,3.8242236140021517,23.82281024090442,-1.585005053621506
MB-7036,-45.396974370921974,-21.523406376864692,-23.04567542982056
MB-7046,17.472751937157884,-1.132374824223985,-24.92578943659749
MB-4839,11.999841384403176,10.630547674796569,8.098681750066866
MB-5559,-14.581050866734516,-15.843566508536084,15.66182039696851
MB-5463,28.458779471881492,-33.47189882399742,8.971576346906014
MB-4744,38.23402467054261,-10.588651946252451,-7.237695372602353
MB-4769,-27.75971893523107,-25.87433448718389,-22.65322913895101
MB-4484,9.222063254289008,0.012326836255264413,20.86342978199985
MB-5558,-12.360898805355667,0.12571854514373668,14.408015974847064
MB-4750,17.883185703988747,-3.412341430889872,5.996778252259791
MB-4793,-23.16966377045294,-46.25079503686524,-3.8648590012749344
MB-4843,4.446152617062865,6.792276291973968,12.945357523916188
MB-5563,16.972132737918187,4.272492342745659,8.375012064754452
MB-5546,14.170844927280951,16.064285253264735,2.7374445763289827
MB-5513,0.12474484426128286,-16.888586807031086,-17.557444465406487
MB-5656,13.119127173921475,10.313058010279164,11.092548368131546
MB-5530,-6.943314213956298,-9.9369736021771,25.89587943767822
MB-5553,16.669542024838396,11.738410419565076,4.015566191500326
MB-4836,27.042361062861143,-52.720719478821934,30.01691587861575
MB-4828,13.169354592686766,7.376599462571705,-9.10363878738622
MB-4697,18.08002504483507,0.9259131658868148,22.909955965805636
MB-4679,-28.717302111942704,-59.70786093816989,-2.3732489299825543
MB-4033,-2.815767262228383,5.24229542158856,24.725674515952992
MB-4692,52.64070947923562,-40.01441479934002,4.891152194264116
MB-4675,29.829193352631382,3.7497336640680325,-1.5267822927900205
MB-4653,9.356666889344329,6.9507728747086714,13.591300298944962
MB-4663,-16.413258410950785,-40.12563392685928,-10.60949835879768
MB-4660,0.389104009713599,-86.93802842298348,-0.27791200367894814
MB-5275,21.17857702293109,-26.054448454982694,3.505609056179846
MB-4654,21.69003387506691,-15.214252655467348,3.5533278568054705
MB-2618,4.641866971188382,22.455240395431495,-29.614210823484033
MB-2718,-51.45079405677325,-15.626480805591774,-28.482301447621758
MB-2643,-45.91034300980869,9.71356297433974,21.96633344047671
MB-2629,20.28687941058028,25.40356901135169,-22.965776276213543
MB-2645,-12.018554321768882,3.514958090365927,-22.569156375299734
MB-2626,-17.506055832412542,34.14598927980821,-12.373213167851711
MB-6263,3.9542713078773155,5.684036371985458,11.653642374356947
MB-6305,-46.118399834503,-6.510128963690125,-2.9622458052499407
MB-6185,17.233227354547644,16.675967614545264,23.542347028059236
MB-6187,-15.225489970094468,3.267851459677311,43.333104463787656
MB-6248,-46.80679566637534,-14.029502927502827,-7.037882607146207
MB-6330,-14.744290332098492,-20.972888672709978,16.371727224501313
MB-6184,3.078658558116017,-14.249082339985657,-25.944798576170307
MB-6329,-0.0686895996563632,-12.149579181038119,-17.820336403075068
MB-6283,18.798932169611554,17.53885832638544,2.140583336892237
MB-6359,-2.529160721134055,-3.790603247465477,4.135987345900154
MB-6337,-3.6522676895812416,-38.853854380295736,11.112319963539234
MB-6256,19.98673468240786,21.56136141323352,-4.9706181436474015
MB-6201,16.78421513031776,6.797793432791883,-5.2862685072427364
MB-6207,5.811889890141282,18.725338601687568,-1.2447547688023777
MB-6194,-5.484644492914406,7.923237371844728,19.713190993197262
MB-6281,17.386864073946015,7.440504375714541,-26.707616510171746
MB-6322,-4.45849027905641,14.172221687922669,0.08507594317392911
MB-6223,-30.299666920179902,-17.985886806182247,-5.134377295531217
MB-6190,14.460051929869891,16.197252635072815,-8.986926983122968
MB-6306,15.086568821313707,8.107426618056351,-26.22065971153266
MB-6188,-49.68321345727783,-13.507456115988125,-18.942457316482926
MB-6318,-25.826013558457454,-2.239192383038784,-16.008024422273603
MB-6228,-41.6292627743055,1.276995759054994,23.173224622800163
MB-6226,5.747851800629342,19.200359817681814,-14.4446860979297
MB-6225,1.563109688733818,20.69935109850489,4.8730960226007936
MB-6280,-44.216191649157665,-20.91315747475518,-22.910287394630522
MB-6253,19.534558914369725,24.974753900540925,4.787215332129844
MB-6098,-35.302340320861035,-28.348843686249836,-18.53506621626145
MB-6017,26.765338579331484,10.422566102052903,2.5351609496841045
MB-6019,13.67249071316747,-43.133448548533444,33.42161773287814
MB-6163,25.80701904797448,-0.7211852016062161,-0.944456009247164
MB-6157,-18.366071707053116,0.49046438517467145,4.578835426306033
MB-6179,25.738065614886423,-13.676059611391011,1.4037844038227885
MB-6105,0.7259903614146697,2.697244200649489,11.627820467267311
MB-6047,-5.777623488207395,-13.100110087514052,-12.841960586049792
MB-6001,3.276934733016854,-10.647036043380895,15.275774449761826
MB-6050,19.61751635194471,1.8672952051568705,14.689089380824026
MB-6169,-28.931239129320314,1.4438735370311793,7.164869740717478
MB-4548,6.7775710052625735,-90.62129159546058,31.651851965592332
MB-4564,40.09972979094172,-29.36733865154679,11.25795264844906
MB-4591,31.662611014594077,-15.402130762823612,-18.99663437951771
MB-4557,39.003748513703684,-45.12488131626822,35.8614464906453
MB-4601,-15.060756438899206,-33.92670051623714,21.4518608725073
MB-4598,33.41856415630643,-8.991228548219983,0.9402035479425725
MB-4578,43.00029402905014,-26.619247040261335,18.942073489454277
MB-4593,37.35425348457174,-23.147819954700353,8.96820079818282
MB-5186,4.786805114240027,-1.455743519776729,-0.6024049979995427
MB-4974,-36.09902393698825,-35.85745743190514,-1.5309886690944206
MB-4978,10.093181930570006,-15.738864528656793,21.191584587707172
MB-5086,56.22869739506224,-9.662736900593893,-8.746845236532911
MB-5150,35.441875089620545,-5.384263266440491,0.5967045643938754
MB-5345,7.012320400549464,3.315171230079903,30.640709289474604
MB-4696,-30.350930607811538,-17.981710712175893,-4.600083812380206
MB-4695,16.067801654486853,0.07241941477158255,29.350858806771896
MB-4714,-23.15270748359936,-43.534001352817505,-1.221396916292785
MB-4705,10.852253554066003,8.186364074295799,27.065526622243414
MB-4882,10.126413746105586,-5.99748524036977,25.384003616204016
MB-4879,-5.590191290361454,-28.76812854901847,5.742395918867119
MB-4881,-41.050848286686616,-26.1051932030031,-12.996036562900732
MB-4846,1.5656865561064564,-8.57756602389148,4.04272855635054
MB-4870,13.081331276729845,1.556107475892038,26.088999722936435
MB-4224,54.90699985772392,-63.25666139356158,22.18221293393624
MB-4845,34.66622447862912,13.772976956405733,4.646654393434966
MB-4904,-28.33014068044058,-23.578140229854583,7.541483593925003
MB-4865,-44.176117335689234,-17.292505043535254,-5.085121538964346
MB-4876,-31.973044907973883,-4.424309172734639,12.962579227654288
MB-4860,15.067096316369955,6.829621138786184,13.27545608992046
MB-5081,4.209524911852831,-5.377793795953722,12.870371184901167
MB-4897,-1.4153993928149762,11.983248945344052,30.397636201536976
MB-4925,1.5236566747038462,1.0730772193301135,7.40641769491609
MB-4883,10.745880848553227,18.281495665516637,9.08806129233239
MB-4896,-16.354923719757412,-11.096679547275686,8.455554418368454
MB-4987,16.98514633331622,13.559567359570654,17.894744084514066
MB-4416,-23.566032776920153,-67.83481053648309,22.78573119747778
MB-4374,53.051075768269286,-29.75311841388131,4.5682268486311886
MB-4407,-6.573125865710473,-73.81655172229107,10.495841308402092
MB-5039,12.291356957587096,-24.17912888864739,-10.701597658211561
MB-4119,64.10973358011609,-57.347824424435785,13.562337008528388
MB-4091,49.582025740343205,-56.47296067991483,19.56112887810325
MB-5079,36.56798892399922,5.73188390961695,8.664656064617905
MB-5073,1.8543124600133658,16.58726198287973,18.707765148797932
MB-5105,26.748826241621718,-3.462733092788847,8.785847992483351
MB-4254,-38.17551957485855,-35.99976438551513,-11.19255308978257
MB-5174,31.94517766994127,-56.63842214355901,13.97609978357405
MB-4742,33.19762470859772,13.197402924145551,4.353853391720792
MB-5239,18.014091010424544,8.708242127063627,-10.029958958116362
MB-5251,16.923896013544333,7.464426121171955,11.744141775290373
MB-4996,36.92579872746073,-4.469489252495142,14.19620330215977
MB-4282,17.904676874700865,-13.385119041764383,4.170147959231807
MB-4603,57.87224828875356,-57.78636176597603,22.034003964031495
MB-4621,-11.432237689610247,-36.55816074067029,-24.48352502809974
MB-4853,15.239099666830771,10.55447114125476,18.372846059432067
MB-4362,38.55395506305601,-26.993246022791013,8.982475366533818
MB-4602,40.62269168545825,-19.19725323396253,-21.528886521337302
MB-4222,59.98939176744445,-74.25973158582923,21.49253868039318
MB-4893,-44.30045168384917,-16.949896230648744,13.609725282510976
MB-4859,-15.836674589321788,-16.355130695453123,41.57474500298747
MB-4212,29.907831161452933,-11.365682006339977,28.72299856890582
MB-4873,24.0508418641576,-1.4495503405086532,4.812620287645306
MB-4942,-40.72779556883696,-29.64187674732986,-9.845826957271765
MB-4949,-9.641092589590015,-20.868384255999377,-3.487039518450368
MB-4928,-7.412249670613159,-9.500300873548127,1.4225467693650076
MB-5098,27.091417843616103,-3.751244074341457,-12.697418670783042
MB-5313,-12.731808181490527,-16.960106498334515,8.894408295469548
MB-4145,10.291269037712782,-22.51703012694944,10.439136235864558
MB-5122,18.580375931773418,7.058037336895248,1.3347156003445362
MB-5278,5.3802567275282005,3.743208034200704,30.907112312628122
MB-4213,22.498974731395997,-3.56942149838035,-0.07463524265839286
MB-4126,23.23736667153127,-67.631980368899,35.04203508782921
MB-4957,52.402841426754804,-45.631983888759166,7.147269910324936
MB-5470,6.136478477179808,-13.319326691560152,16.07801999698024
MB-5317,31.86543773336404,4.865316527016498,-14.833401614257294
MB-5308,2.389336598036718,-13.381525743152936,29.07318845879974
MB-4976,29.607085121597922,-0.5115411155216018,16.477415825153088
MB-5277,10.137882080948838,-14.612693874200458,16.27113161534979
MB-5110,1.5518080658136837,7.729183571890707,15.518722811117971
MB-4046,48.80482778445602,-49.96708588334444,20.43552147189518
MB-4012,42.590376061176364,-63.53367638145802,17.678397624505926
MB-4141,53.44850591104392,-65.35263601457017,24.866785735389854
MB-4001,33.64953114822328,-38.634791756234016,12.568887551757134
MB-4792,-34.55708364454247,-24.642060410105774,-3.3193151265200806
MB-4738,9.307257942989475,17.151891252078993,25.166884046585324
MB-4264,23.62583485410912,-43.83749966003453,6.738727247684014
MB-4794,26.03472839035681,8.364932585573065,-6.764876804331925
MB-4782,-6.088059847279307,5.542010433063521,24.141829334159358
MB-5008,0.8704731102114339,-27.405128361435715,-22.092254821168993
MB-4426,31.19277633893606,-83.52825629702431,26.309382922889444
MB-4390,30.29096169529034,-0.9538632434969612,18.857845657534725
MB-4434,40.85667069420937,-50.279544763553375,10.648554409397454
MB-4368,42.44567313118039,-40.06288098520862,22.52113982832254
MB-4442,46.481554371817346,-51.59115250971361,8.38146993827267
MB-4418,54.74920051659604,-46.73989485820523,10.777332198011461
MB-4381,58.42892246821671,-73.56046152311018,30.3712121159376
MB-4395,48.09593027118363,-54.704031078827875,-5.822457025730811
MB-4630,43.085492957944886,-39.01174174092866,-3.361994538597299
MB-6010,-24.594047499446592,-1.0901968679019083,-12.762772570160442
MB-6021,25.599154891770965,2.6989507394558983,30.321326249388193
MB-6059,-14.36950060379006,7.925834057624296,3.4524166176194635
MB-6154,29.64616315618154,-1.8148620497241603,-5.136190046995648
MB-6097,44.73967791110265,-54.61772423805286,15.768384651031175
MB-6107,-1.9252356568138211,-7.031705543634902,22.293700440732298
MB-6023,23.906525649513576,3.901955769149679,-0.07028973206521308
MB-6152,-35.65294454737857,-14.210598990175884,-4.472049832430333
MB-6018,8.466327765035892,10.981187914364256,8.394822977972083
MB-6082,4.22773909926076,-7.206825811267066,19.926584307096377
MB-6029,24.323430905006806,-8.924927680839028,9.857984279873415
MB-5295,-20.9803114180388,-35.92327375900729,3.1300213660455873
MB-5386,29.512021328271896,3.8756255145922305,-12.29954885221801
MB-5092,9.275325876716735,19.003116062487027,28.186367384867236
MB-6068,-31.482923156528585,-14.56737389440718,14.239655073808956
MB-6039,-5.489178521050031,-14.207193291709393,-10.540657157439753
MB-6022,36.8823851067154,-18.145109376568534,-11.02916670674908
MB-6125,-0.5439447900279024,15.731431599845045,17.298386053202158
MB-6053,17.054429842548164,-4.8835714095644995,-9.586341630809578
MB-6135,13.032228674812362,-5.15090073370735,-14.269021958891868
MB-6042,-3.8891704627161516,-4.065573665213787,22.40145482101018
MB-6058,-46.98356585089409,-13.238136076906784,-4.0014855875015085
MB-6077,21.301678620381537,-26.62127664737477,15.310013526387772
MB-6052,-32.36390109780147,2.4279788049854445,27.55639852819462
MB-5368,25.038416807422944,-31.854174831755145,35.80928108984796
MB-4189,34.85486763472018,-89.3447970704197,25.250051122820654
MB-5335,-28.527160519716944,-27.32240390558348,-18.436280787908924
MB-4008,19.349747827267837,6.165355315767816,-10.803735271349225
MB-5134,19.700209826138305,13.455722255808395,17.949914269169238
MB-4139,41.638205156941424,-7.120916404737216,-23.65424285145576
MB-5130,4.262216916603339,-4.371517557236957,8.174773971450792
MB-5135,-27.94836155431531,-29.327084539276896,-27.79199152841003
MB-4880,-10.004575467116961,-73.8623472272135,3.2083376266615877
MB-5054,-26.539604111963406,-11.191225042506105,7.695944322941914
MB-5057,-41.06648008831108,-21.566196179628562,-10.619970513743883
MB-4098,63.8056818326782,-72.92347157542913,9.718901151449197
MB-4760,3.038565925999326,15.751737909459735,18.92713003006524
MB-5102,-18.865922445179283,-38.00467323992818,-10.97278557079582
MB-5420,-12.662720966644748,-9.150438270229836,9.804374169153991
MB-5458,-11.32111041502436,-8.660645203001373,-13.170639748490121
MB-5492,2.547124337797474,10.51764612143546,23.352202263250778
MB-5407,15.517953085615577,-1.1174576894179296,12.808804602876917
MB-5394,-7.429181908695537,-30.801154336613806,9.491472000889395
MB-5410,42.46632774650888,-42.87280781785032,21.504251537966976
MB-5435,22.751814919817196,-0.8409159215741054,-6.745738639473544
MB-5406,15.57967753007517,-23.114036244683007,3.7155725624359452
MB-4329,20.986653335158326,14.878761428594252,5.989292311566253
MB-4005,-14.59396876003797,4.706373122074521,20.64706582770099
MB-6288,17.858473564668145,1.1858230033597938,-11.613228902825435
MB-6272,-40.18280761531799,-22.756459133542535,2.2424976432891954
MB-6218,-2.179078404527615,4.891590174397493,7.633280731405495
MB-6246,-2.3752706040752134,-25.09958920793396,-1.921405306797265
MB-6217,20.750185676778575,-11.748123119104743,-16.26635908946546
MB-6308,20.887403731747224,-5.378868989832849,24.7981490292273
MB-6271,40.66474536626971,-2.587972050858255,6.242248843564328
MB-6245,-17.211911338540574,-52.51983584099286,7.518584131062499
MB-6233,8.86630495208571,16.123417056072793,13.138481665919143
MB-4343,15.71628258916579,-53.77474189242276,33.31924820170781
MB-4281,16.880196385441916,-36.00612862115676,-6.600783751055129
MB-4283,25.81428512576363,-22.71788958516824,20.87600447263455
MB-4341,-3.690571899454659,-29.44810988136455,-4.1381991443028925
MB-4303,1.4476556346337242,-62.13457630926377,16.77637607018835
MB-4274,31.726816799364375,-22.31315109516512,-3.2810332962491455
MB-4292,49.01425070139996,-40.002822714955755,10.502997039669133
MB-4278,15.492776928352304,-43.06516300768043,8.113422062015504
MB-5399,29.688946370026034,3.4418176707932404,9.351889670871888
MB-5364,-0.5404875279908732,-3.3507616367276,31.162402842802848
MB-3526,-1.090893845526885,3.509112052366777,7.044816226201869
MB-6138,-3.504534933992676,17.093113129015983,13.823422359981187
MB-6049,-2.662145826505155,3.358262743956507,-7.211373731168688
MB-6055,-54.19514209537565,-12.597218146789489,-11.122050068285906
MB-6108,-8.050380876418503,11.62275238456615,8.748530189062315
MB-6044,13.91219412193448,-36.165705439819234,-4.200795813881135
MB-6181,39.7864415644152,-8.476472207669543,-16.55217338482792
MB-6100,-8.013413275469262,-14.56246448166577,-10.898324168979403
MB-6085,-26.860748881581323,-8.23425578368945,1.622545431552196
MB-6113,-11.331419774317013,5.689478461665697,0.423309731167077
MB-6079,24.086159509008525,5.395269318759615,-15.11381915674078
MB-6103,-4.5573440358795,10.26594336235034,8.808530047747473
MB-6016,35.18518374506902,-9.851165252597367,6.646577296064581
MB-6149,52.1970405835918,-42.48225825902087,10.077064712332358
MB-6131,-2.674594226888481,-31.266609702040515,-1.9730612786934887
MB-6007,23.604456004189142,-23.261821692351827,10.124837875483209
MB-6147,-10.051008886812175,21.266502722808106,37.968047875707505
MB-6114,-6.223988557624526,-25.82947610422261,14.26937090557637
MB-6167,17.226975708932937,15.940311610348964,-1.4571837168500454
MB-6146,-14.56122002069977,3.6509092999778763,-2.815863919119243
MB-6092,11.998114117697268,1.5747005861433785,11.065848320490002
MB-6160,-25.25107604222301,-16.18820701033027,6.180400012849603
MB-6075,47.028720480540024,-18.160170791381724,-10.015039238143466
MB-6011,46.015810231018555,-10.595126602281342,-22.126109015215786
MB-6071,5.191306993652928,9.964540839661062,4.3312215653801385
MB-6214,19.127442133538302,9.537566993249415,16.418101509578864
MB-6334,13.687939521444273,-26.601551187162205,-4.3247660282328235
MB-6346,28.14587978510762,-15.169711242325933,0.17933178615183878
MB-6319,8.76941507081681,8.26219860569674,34.66655626063457
MB-6200,2.7389121509638934,3.640580852762057,3.7822982855004748
MB-6336,-31.755565832623713,-36.98333131812858,-0.277973833365958
MB-6211,10.1054709487754,-3.1693156222103913,10.200754749741286
MB-6232,10.432759330766931,24.70962798823732,6.34108113055084
MB-6234,3.4011952634381104,15.975245248473232,26.936867384286586
MB-6300,5.06332069211167,22.725395891612305,-7.7358538730299085
MB-5533,-1.046438080400568,-2.1613090189317465,19.79371274065818
MB-5543,-2.2692818905719014,5.62599991464303,10.627847555711014
MB-4236,30.844279252744876,-53.32864774162291,20.777121558632444
MB-4234,42.345358672404494,-34.01825573542933,17.259034976532863
MB-4270,3.034223155117844,-36.31443715455435,0.07916300914205694
MB-4235,-13.138064024933792,-35.0436011696226,15.789193380199187
MB-4250,14.602607963992359,-5.630983704120318,10.856261177428578
MB-5467,19.264564832019715,-14.391279537143616,12.22003296123827
MB-4323,37.73810838107242,-18.927303703526885,-6.001965033244866
MB-4318,24.708721109927147,-28.19219103895697,-20.99432279275549
MB-4333,30.14453900149055,-6.3551601116494405,8.936887822291515
MB-4339,43.87887893367147,-37.88709586844662,-1.797534054787817
MB-4322,36.175027482204435,-19.696987208375383,2.1721687755687578
MB-4351,7.487354216622063,-66.270086763182,6.5055331055094765
MB-5063,-7.221241738127814,1.3280575673743527,-23.99358854112386
MB-4360,-3.8315082339544935,-85.47226554595382,17.653464986229384
MB-4375,35.95725603719409,-35.65143022812909,25.130234089678158
MB-4798,31.262555107124918,-32.92829754747731,38.07703288735381
MB-4746,7.78147127878703,9.304491068845858,4.515192593784953
MB-4838,46.37764297459669,-13.254034855565473,-32.47429388547965
MB-4829,11.724239491047026,4.4393154540592565,4.950563405684877
MB-4802,24.875147228245137,-15.811689424529705,-6.971826506191611
MB-5426,-30.945628288489093,-8.348798256394918,-1.382391488102087
MB-5444,13.997628519553338,9.436365374066067,9.792571369800317
MB-5431,-28.20146877361914,-11.931340440072772,25.584679422854467
MB-5447,5.337889670698669,-1.957187817624568,1.8195710965572558
MB-5434,29.551928199836055,-8.96629355992754,-6.980650906602639
MB-5255,-37.890992646680374,-1.7785903740455915,47.40142379295893
MB-5231,-5.117386873005504,-19.51487551639179,2.254383831827092
MB-5339,9.666938639272946,-4.299417523325541,12.029926910489163
MB-5208,-27.448753993676885,-15.775484656138943,-16.78314138069563
MB-5428,13.18949756652934,-0.7682981720993245,22.13776962801498
MB-5440,-42.43979198205534,-31.272608806507304,-4.191187807937993
MB-5425,12.917540892689976,11.413723939057904,11.19831378153058
MB-5298,-35.5424367953497,-43.6117398184397,-8.892140229113748
MB-5334,17.5861680534936,-13.636573695319743,7.781338927303383
MB-5326,17.10158779791199,-26.204516062773944,45.958904146177865
MB-4059,-4.45865214934171,6.098942717676522,25.271172805686735
MB-6230,14.069081588163298,12.977705171488969,16.172143250411132
MB-6150,-12.345993976748009,12.64626769349042,0.5175234408402619
MB-6014,-11.681285881284333,15.381728146078085,32.618237705621745
MB-6145,28.42877299480034,-26.75078675003061,2.686305310955745
MB-6012,56.76527512129032,-43.33527130200957,18.01504930741005
MB-6024,16.318160308053457,-4.707295764025451,20.51368390352238
MB-6124,21.404045048028394,1.3729350207094055,-13.814891339558217
MB-6171,22.574230790134887,5.131140874328473,6.8134939767435005
MB-6060,-17.887917128457875,-2.580314580714123,-16.88127272067557
MB-6008,41.19151282413579,-21.392402059360787,-10.600304695879272
MB-6036,-39.258559011043495,-21.321007125397184,0.9993250731371885
MB-6144,-43.03599120479373,-29.894413366380284,12.429118347893922
MB-5346,-35.413469951726675,-24.047319039309592,-36.931373240171936
MB-5373,-0.6954727334098,11.645850427274956,4.983907411543249
MB-6178,-42.76862492205915,-15.260715793177015,-3.0289807149369623
MB-6063,9.293874204446032,-55.71169982902714,23.469367291142422
MB-6020,-1.1383216629091182,-3.6235172676049787,4.2549866517315165
MB-6062,-45.40473282809441,-29.73979005898332,-6.48424527821322
MB-6069,14.49077052026585,14.06054097857273,1.7171634000446763
MB-6141,36.00423403909743,-4.994631470329256,-1.4686218631098449
MB-6118,-4.920277855119574,-2.2298479906550415,24.26652184007302
MB-6065,43.87640170115799,-23.53383901902456,21.078194789719607
MB-6006,3.8170160360934138,17.371937026364225,8.765471068129541
MB-6048,-9.97429332329515,-8.44653643240669,2.4319489031421297
MB-6116,-14.842595673725302,4.412284012015444,-0.8341489596937143
MB-4310,75.15232950955294,-55.836011444193964,-2.416654609124678
MB-4300,27.719558920243223,-70.58862992875655,9.611420494249556
MB-4298,33.3496167756177,-19.291098303014348,0.7186409950469397
MB-4417,-18.949358060355006,-66.74083922017729,-2.9298136565263646
MB-4079,41.069154527025994,-71.02706482347702,13.2857815699698
MB-4317,15.186736777271033,-59.236751105972495,9.956715729019706
MB-4350,16.91118303437266,-78.67334449095532,34.91070728046357
MB-4332,-10.556632855880247,-85.80460188466012,-5.94006164186439
MB-4324,42.95337828445128,-45.9984414516635,-7.065458879172982
MB-4306,53.66060786109289,-8.936761349185112,1.6743331871634763
MB-7226,14.141691596320126,2.1308303049208477,-28.742479089472326
MB-7205,-45.76414615644033,-8.866566481344975,-11.417171241820132
MB-7160,2.636523969158969,-23.431318533614586,-8.21948897401297
MB-7159,-20.6925613779044,-32.78932932790433,-30.59232710439577
MB-7167,9.432379273248168,17.960981234892955,-0.9726158933073473
MB-7207,-23.900122397698365,-16.042899671848765,3.681667816450769
MB-7237,-2.953552211028048,-1.4555065013568271,10.68918246945094
MB-7241,19.21701276801573,18.87517725178628,-5.088617338363142
MB-7236,29.882659745712704,10.077177677747123,-23.661246406461185
MB-7168,1.3799406674274197,20.88685327606579,6.047952345604905
MB-7162,10.423758282791846,10.242646151990984,2.3296098142463553
MB-7235,18.790564273435834,9.654042058622574,4.243156344548032
MB-4331,15.837005149203538,-7.473661062219135,-2.747461834921668
MB-4353,18.853010929380222,-19.027457165819747,-3.6116356593089423
MB-4354,12.255389350551646,-39.18576502677254,18.96079949602177
MB-4328,27.077608213457065,-8.846960437502151,-13.397779768519134
MB-4348,17.620113815353992,-31.334273061551798,-21.533863155287044
MB-6030,19.25889014487094,3.188892964883136,8.87137060325724
MB-6133,21.92141779862234,-0.3485810852559702,13.66766435716638
MB-6083,36.565692118629826,-3.2756143630189163,6.979129163825197
MB-6026,25.771018509965202,-29.502813648601553,-14.262519538678006
MB-6168,-4.885781362717952,18.568763173886897,18.47656533731827
MB-6101,-0.23982938356128852,-10.855739102230267,-5.144684427933372
MB-6156,-6.330780762722414,-0.4819392143334712,-5.286323775721817
MB-6051,16.936228884710115,2.2028080206120095,29.699634153907297
MB-6182,-17.164052194027047,-10.495308161521468,-17.462199894329306
MB-6080,-12.94151595354006,-17.00392355847847,5.95646686241964
MB-6143,-33.65610956139828,-3.740321469163199,4.297741538777828
MB-6164,2.4642912254842155,16.377379908223784,-0.4852595146814778
MB-0551,-9.55710058380485,19.73737077419598,32.6018488133212
MB-0391,-26.520959012448557,-1.352236398346144,5.204923533286461
MB-0367,-26.390648843200477,11.703524781765172,40.69432846946416
MB-5171,-0.07305511035908989,2.5081583465531403,40.474362866849745
MB-5199,-17.02639669144145,-5.743555960652047,14.771348349119608
MB-5177,-13.470554164148437,-16.447842644024796,6.14531947557194
MB-5178,19.76618160613854,5.82172563810277,7.870533498020377
MB-5280,11.681238491682857,4.597957292508767,-1.3011678135856855
MB-5148,-15.652402530921355,1.5100561488867625,15.013996532727091
MB-4342,-0.8083581910533333,0.024221364134610544,28.49409398716556
MB-5225,-38.91988119536543,-25.25543110209944,-6.254391146617325
MB-4024,-26.034406528345098,-21.416221337456612,-12.441986386871251
MB-6314,8.337686425993871,-11.790352413993784,-34.92579166380421
MB-6257,21.483640991320442,11.342458179854143,-6.875448956467803
MB-6358,-9.95258830768488,-2.978495839032705,2.8473792889881753
MB-6242,-39.05284369858065,-19.81732908457626,-20.042639002405547
MB-6237,-37.267142910506145,-15.145557834173834,-9.623215387424603
MB-6183,28.684573700779495,-0.6319158015692569,-5.41938759892166
MB-6254,30.170527354781516,18.109809169921423,-7.540104493664512
MB-6231,28.08219649855172,-36.34212821052045,23.137087857010897
MB-6204,-6.739456137595523,16.378528330023585,16.9766330339879
MB-6229,5.45029346063404,22.1443417362212,15.02760046367392
MB-5154,-15.24969724424119,-6.504871108215478,29.85572300715947
MB-5175,-17.429401833784173,0.25830178442503865,30.634106986604127
MB-5173,-37.06531890733776,-21.385025140813802,-9.665108811571754
MB-5162,-27.933930070564063,-14.905944540158778,46.77867196153444
MB-5164,-2.2103367906836042,-14.485760451645161,22.123019593853424
MB-7253,4.275191944374256,10.276130762198264,-20.553404949454546
MB-7298,-3.713053860608081,19.147227654943308,-23.548321918256455
MB-7299,-26.588669847086816,11.574703453019527,-14.438747854644053
MB-7293,-11.34052469680611,34.48399220562354,7.3208768060652005
MB-3978,-0.24801166732883262,2.73274471558838,-12.021874821751409
MB-7288,-2.1378109126618874,25.99789962193954,-19.136558534774576
MB-2923,-4.352641444938207,8.055028113266127,-34.24100335173494
MB-0402,-16.828404238320914,21.72077525594542,35.24545721989038
MB-0381,-9.385530853928676,5.65787971730644,-11.2624621325313
MB-0592,33.6634906685519,17.749898167031514,-25.55195457868034
MB-5271,7.3477743019520805,-19.483121345257317,-17.517404093093262
MB-5235,-18.389194490214436,-18.233696827769695,5.051391924135695
MB-4931,-41.985274525826526,-23.66879298353618,2.835582316322994
MB-5332,3.728782476034082,-30.8912826322299,1.3840750525821988
MB-7045,-23.67178846675214,8.293839940526667,-6.292618799397386
MB-7049,-12.81523379189378,-24.841555327014497,-11.237609285433082
MB-7031,-38.62738263584536,-23.427274459175788,-41.73202727372499
MB-7061,-8.518242855758071,16.142337164479954,7.049681745983171
MB-7050,8.455912161652035,-7.2415041427996965,-9.554513347909703
MB-7078,-40.90085027973711,-1.390819241914637,-21.68515179583661
MB-7054,-32.665978977297975,-22.4066721542299,-5.921090203412255
MB-7048,2.1221949185651896,-6.924849272254866,4.935180338189595
MB-7058,10.717379848077282,20.653221257363924,20.932963952875014
MB-7056,25.82452745748939,9.12451836243299,-4.534803688077167
MB-7038,-38.80997373391664,-0.2804820784158171,-4.307307789562774
MB-7086,3.9545548679560265,10.672987471184276,-25.31592395423867
MB-0177,0.6385349570292204,28.962159534587304,10.908769186700845
MB-0435,-49.99388136796538,10.386703855111046,20.38920273876235
MB-0159,-22.244240573243836,-2.237028320417276,6.833363627097659
MB-0399,-19.936998849367995,6.212933772919723,1.024893086848172
MB-0388,-10.465796805571138,2.121300239399738,25.302247636954256
MB-0351,17.543908993765722,25.5113302340969,-20.671710491521605
MB-0615,-22.758014172232354,17.564714476937958,8.415416197338129
MB-0265,-34.7702537303397,18.983250155310042,16.304096969938794
MB-0116,-1.8199144514464243,32.404571923978736,0.6091454645002147
MB-0472,35.25549704171489,18.7903406959696,-29.036654802486446
MB-0191,-44.102351666779285,-13.324846290033793,-22.678311406443566
MB-0231,10.95051829033908,23.44372419610354,6.17356990236336
MB-0558,-41.88481974536528,-19.00903361652511,-17.494959667527077
MB-0393,-23.43764423815462,7.952659696800711,8.206495659293042
MB-0553,17.85454126967959,-4.023478310982251,-11.315299168752977
MB-0587,8.729872364532987,14.205513151563018,-21.596472126016888
MB-0611,-20.015293542049456,9.369305408841925,-8.340646396700793
MB-0640,-4.544893785265632,16.693396175476472,14.102489830094315
MB-0114,19.260509343726774,8.209226383605724,-9.33001325151274
MB-0222,-18.706345699171266,23.013361748643256,13.346547444276867
MB-0284,-50.80601490509321,9.84730363846672,4.705518970296312
MB-0459,2.245349699082668,13.089827764133487,-8.109689859407872
MB-0128,-8.880500109548358,9.498038233754825,32.94000217240256
MB-0639,-41.39641138144694,-5.677961540840092,-12.945677652151273
MB-0318,-14.026252515347306,-5.825872354696971,8.492275443419244
MB-0417,19.55427697830973,7.431433845960893,-7.345461551948784
MB-6238,8.579742592069753,12.981081812069464,11.902489243291718
MB-6286,24.307127330541665,9.64898458542206,13.413276859181126
MB-6328,27.8051024200782,-1.8607523190187587,-7.7535464454861796
MB-6284,-0.7588560127146114,7.334734259097948,-10.05110511871626
MB-6363,-11.454309237087354,3.60488218943066,8.445757898243864
MB-6224,-30.392913548304612,-4.751278424481944,7.442510662932548
MB-6297,3.4138498985230505,14.890571483455549,5.83047320849061
MB-6239,5.347276429170686,6.049892776500133,11.232696536832316
MB-6208,8.078365195821718,-17.442594470374196,18.188217352243882
MB-6273,33.83552430407551,-28.257964648484247,38.59629390453011
MB-6344,8.647243993760812,-2.364403580189164,-7.277677140822614
MB-6312,5.947971184144896,-15.118409975210701,1.7993568675847829
MB-6212,7.361511074373122,15.018189206672165,22.77468642910738
MB-6302,10.487202227378774,-2.574151358889682,-5.578278918900574
MB-6327,34.39733429943197,-0.2878440293809359,-9.77748861046933
MB-6287,4.807514153728592,-5.056470010484666,-5.963844615052483
MB-6213,21.969501658433494,14.242532960270827,-6.915190354456277
MB-6251,-36.12969165570144,-7.805164273158074,-15.124892168602994
MB-0489,-43.03078747102986,-2.192968226862044,34.196517330099816
MB-0876,-45.70829953837477,20.388306197406433,37.54507965287132
MB-0342,-8.696550464902147,26.760947888002317,26.714961398957833
MB-7289,-21.68100062177892,29.236498215570236,19.53811278452946
MB-3253,-11.974440280304457,2.4320981828979864,-20.983467339709385
MB-7291,-39.45210356822494,11.019377931718319,-6.431573215582614
MB-7243,12.734910619746843,7.7405728873229,3.1022514309868625
MB-3466,-12.010362776271258,6.1612073916763395,-21.76611020443384
MB-7286,9.71138483787157,21.847100743657606,-4.9118352254273026
MB-7292,-5.85204963621591,19.78124300302603,-24.71753206771244
MB-7275,-12.515243237516872,28.45809239792473,-2.7061896431365446
MB-7249,32.88867881729949,3.8665543617624607,-21.71996046352747
MB-7295,-11.021597522834563,33.011737149681544,-1.0823975147311615
MB-7297,-8.571447720141029,19.80517844847147,-36.59788397889013
MB-7294,15.24263470698422,14.556550515334573,-33.96739247654344
MB-7296,-3.7118799357420147,6.891632580045585,-31.5895319896745
MB-3402,2.216996548731546,8.344507892231686,-18.437569651217736
MB-5113,4.307932786536017,1.1168903677640498,7.935434584583164
MB-5450,-44.11098196935888,-11.139110353097568,-7.736592744583123
MB-7032,22.67540143647003,13.683900381629847,4.572435393591777
MB-7037,27.020293814117014,23.895167275476304,-9.58312410621357
MB-7040,-3.3560939296228227,25.959698005009272,-5.479686984081045
MB-7020,-29.630943188484608,5.834085267619854,-13.609764104222824
MB-7042,8.20230508595764,19.572847887030303,-10.662630445012816
MB-7043,-16.61326401085468,0.604282079718566,25.405644594701048
MB-7028,7.1651113609956045,11.092885034732841,-23.289932260462653
MB-7029,-3.504477944528199,17.083548356365352,19.60047711030304
MB-7027,-40.360320185304595,-0.5251937274218667,-2.2230294758819706
MB-7060,23.597958860454963,5.990734467176583,8.154882111600033
MB-7034,27.41666572637138,19.390920702316738,-23.17895145468577
MB-5191,13.141659184933998,-6.139095776466474,37.92398893543675
MB-5214,1.7328463844179447,-11.422191234318094,28.401306774870278
MB-5204,19.665092894150575,5.462767614916775,19.52793130032567
MB-5155,9.903759940383164,-7.139410230864529,33.86486415592447
MB-5190,8.969196134073202,-68.5165977032372,35.65716981332243
MB-5614,-3.4439906368271855,6.870934248890639,20.484868506749393
MB-5592,26.59150562454035,1.3686017044996015,-3.4239844957893255
MB-0437,7.474011442021248,21.451343791394827,-15.79596796322029
MB-0028,17.49170772178053,5.937182872760999,-33.65148887579048
MB-0309,20.849114786937086,21.942364931106336,9.81339827848412
MB-0100,-35.738564358535115,-15.202116145953479,-3.047414487501954
MB-5648,30.779262302064183,-0.2833680020271724,-5.430723785787912
MB-5572,-51.90004693694459,-13.624427834764017,5.7531016956746255
MB-5655,-27.98721577408804,-36.09916401543026,-27.562958324380432
MB-5577,-25.669698597081574,-1.076064227324057,7.253976048515551
MB-5585,13.580482509226321,3.732077518284866,-7.689408777143654
MB-5620,24.289481403700638,16.988917131942703,-2.9024734407999744
MB-5652,-10.26168669616378,4.489839961503072,17.21470128035939
MB-0537,-13.938922315072595,28.70759866658978,34.939796665337866
MB-0544,12.233611699798962,29.320803286574375,-11.726002085216681
MB-0468,8.321655812190214,-1.5432921309926577,-3.792909909037941
MB-0333,-43.41877065347791,-8.0908713777173,-16.375493374009118
MB-0205,-4.642022145335429,26.74175570537721,26.911279096748878
MB-0233,-11.811564584643644,20.046758579116194,1.0902191290462018
MB-0210,-52.22656002643714,15.208960659847483,13.046903682917375
MB-0200,-41.73019679275206,-16.002616938365215,-41.77242677520246
MB-0244,6.426838687247335,27.127679589039417,-3.212122877295075
MB-5588,-24.441448989744256,-11.679065945726368,24.363469300443903
MB-5628,0.6733774332925849,-6.2947533325610445,-15.504477091853117
MB-5633,-39.30811264812151,-24.657794461184643,20.244594126592258
MB-0169,-3.025039271131951,18.523855643735548,28.30196521439516
MB-0253,22.48779854121,20.845763403824396,-2.8615315992739956
MB-0226,5.904478572255624,27.0569584340911,10.304881517121785
MB-0278,-32.694777029756885,-9.736886897164313,-32.96228799161757
MB-0266,-4.496386315230551,39.611603072701016,7.949116610749735
MB-0577,12.174783687314761,18.27836746012393,-23.352197867981147
MB-0156,-28.294851082265822,20.45535093536654,36.61214004061562
MB-0531,-11.723577484115253,26.00624678684311,29.08440631390007
MB-0245,-3.9636224971868024,26.537343560138947,2.361812168575964
MB-5641,21.391878788361,-7.945124443655229,-15.21604338988553
MB-5640,25.494698359458905,4.327293150908407,9.813991923817898
MB-0534,-18.487448936792585,28.578768128414076,34.05243618805699
MB-0230,-12.927691668237944,-1.3396390161494942,-19.41336100571792
MB-0109,-4.015319559181881,-2.421556705265167,-39.28938720938214
MB-0304,20.339994047633763,2.596703636404136,-37.36982040448925
MB-0369,23.008713504884316,12.683880221380104,-29.024143869019145
MB-0627,-43.835138745634886,10.659325812096325,8.536902270532037
MB-0492,21.92345349924649,18.221234887878488,-31.605988863484765
MB-0147,29.226887859267308,-34.5314765832515,8.325024742273904
MB-0442,-21.59696545588979,31.093780030157806,37.90005762718793
MB-0111,6.125874020872983,29.184866256342193,12.631250140703747
MB-0634,-36.54082648437185,18.273955686552632,45.303529908621776
MB-0280,20.589670494999293,5.796706265833418,-0.5976671326941017
MB-0490,17.74816965201659,14.449268322589868,7.064602095885163
MB-0885,-21.92931426556194,13.056319176662447,30.53532002685867
MB-0178,-0.3132395908642061,0.3521278503360506,-27.999701253092198
MB-0242,-4.865959030053753,19.03410884741458,5.393810642588474
MB-5624,-30.89637597258493,-36.3029588196844,0.2021803880489152
MB-5593,-6.735729464421432,-44.20929321142878,8.875205980086406
MB-4010,25.38184484636238,-22.10507964433957,1.1375617864190297
MB-5605,15.9865859447047,9.56602259071111,-13.381220751732
MB-5636,19.466389301940897,-21.211001458526514,-14.06663596040361
MB-4529,15.142121048877058,-5.249033743805778,22.57758771559095
MB-5566,-36.339209464800796,-32.247099845898596,5.200874519593742
MB-0268,5.563838316431434,21.000393481037953,-16.757185361100696
MB-0160,-8.770100444664024,19.45381709207677,32.47938350819639
MB-0275,-18.53430119457765,35.12484149966663,14.478128812683902
MB-0127,-15.80649110374931,20.887219578346333,8.42444867906986
MB-0045,-44.86723136353209,2.6021592947895242,15.594889963618368
MB-0414,-47.61173674947907,-18.36795532235186,-16.393492811430296
MB-0259,-33.24699541063326,-20.487081349547168,-46.73486655666493
MB-0396,-44.75634905296039,-19.557269555997333,-33.95870568024347
MB-0874,-42.88814361130246,-22.400127896506614,-36.75779928413471
MB-0179,-47.30049419959489,16.006951865232722,32.53128505924113
MB-0526,16.11606695750042,16.731456756927162,-27.092264736497487
MB-0586,16.78737671496537,16.54711379574456,5.4253658799458355
MB-0508,-7.503876565438377,13.705971800231914,6.235714483389132
MB-0288,-4.418356992715855,26.03145971850842,-4.411670702387911
MB-0269,-49.1952960104155,16.198404398064653,18.801983131402224
MB-0582,-21.593440234416608,-24.46213169794561,-33.109571771375634
MB-0901,-46.35863449081988,-16.367534456304213,-35.66384592475872
MB-0000,-26.383893807719243,23.694331845002566,33.534859756271494
MB-0535,8.419686196277597,20.32994332002934,-9.946379644287191
MB-0469,-7.614840499507299,9.289285880367288,-22.681303009662674
MB-0478,-5.039672704645066,25.32665534078593,33.52111260029492
MB-0499,-48.59917897911736,20.882431330620946,26.002786673667597
MB-0170,-8.526517199790732,20.35672009751704,26.22816118207411
MB-0403,-43.55844413316769,11.85801732398776,34.389554822580116
MB-0464,-26.67812933432204,1.7155280772108987,-14.764544326274642
MB-0421,-1.8193930581311164,10.757115356678309,-3.993697719736623
MB-0623,-7.869171388236966,21.196598242770776,24.46699262618924
MB-0241,-19.6516004614526,-0.9173840672114344,8.020863181047437
MB-0163,-31.61599179739604,-7.680172189793022,-14.384047619728893
MB-0149,-25.795379518872224,-33.74248620965616,-21.52490903063126
MB-0153,-25.015860397317972,1.1102972699133051,13.35298742870158
MB-0350,-31.27593878880299,-14.218721604622749,-13.874115691705054
MB-0512,-0.3704843730133375,22.031758982319513,9.26398723153722
MB-0020,-12.954256872367674,7.695477404713013,14.165881968941125
MB-0046,7.375249191374285,8.478679432230786,-21.397734740258024
MB-0134,11.105761223389475,15.871050724527809,-15.738808042990529
MB-0495,-25.583213083281787,16.448810556806357,19.778801139192144
MB-0470,8.118421711734513,-13.45915659213392,5.876678101361607
MB-0872,0.35409467579637666,12.994841468946342,6.384668365000044
MB-0661,35.07680790237926,19.13391440107601,-6.473577199724156
MB-0339,15.758244111943204,19.38567324418875,-11.985512060947679
MB-0264,2.792733004916867,15.282583730693771,-2.038214985734826
MB-0175,14.952835012731269,12.98446172438622,-14.704679422531102
MB-0303,-49.37659031788666,-2.378969772606591,-10.879253873057504
MB-0172,-3.0784880830702193,24.038688764736953,-2.0595857912037365
MB-0125,30.449225459913613,19.41439133491887,-18.394589780258205
MB-0340,-40.442398664365136,-21.70105640474417,-32.08406975453047
MB-0234,5.113607296790215,11.417354063846217,-5.72153895186261
MB-0487,2.669916088600745,19.977296116438197,21.430157919595278
MB-0305,-9.603523352227768,10.730060453340377,12.036769368515456
MB-0390,-25.8090953971552,-8.95366455550902,2.120213366568651
MB-0502,-51.89330709583287,12.69045924256692,17.4176126331713
MB-0663,-19.0247152532599,-0.18163982503030376,-8.379227037187713
MB-0130,-2.0291656733137327,10.680655409541789,13.257288499824218
MB-0289,-48.28168735209142,19.717329338235984,26.19107477733776
MB-0129,-28.339441321772746,3.745683728658223,0.008197337718660795
MB-0343,13.941210207459719,16.144730436938183,0.8305114522550273
MB-0458,-14.66895586012007,23.078570571113193,22.579417316218144
MB-0570,15.10751637144831,4.3273977997253334,-34.75518597565041
MB-0281,-20.75977443702851,20.54799809064695,35.52670136557325
MB-0488,-21.045337721615994,20.568447841879177,13.07802025524913
MB-0655,-10.016088340924858,21.794675087913404,2.3172801873673294
MB-0235,3.9942284793503426,25.24002424211121,-2.7009042396909897
MB-0484,-1.8469528302746998,12.22788518278819,-2.3779650894036823
MB-0436,-28.583445545050996,0.4167160636453552,-0.2721371851051117
MB-0299,-35.413108047855566,-10.620670659605079,-30.608820846868735
MB-0877,4.227031445414408,6.802040633708633,-46.06675182189356
MB-0097,24.233258451550565,9.002107541571233,-23.198454156392263
MB-0897,12.45391397466305,3.720980597870989,1.6730638655822792
MB-0095,30.636281267936365,8.92140931937841,-17.8186758413502
MB-0227,-6.9528126636349405,24.30776347676767,-0.3160381127911602
MB-0353,18.7394069930288,16.149105298598492,-12.47393029616267
MB-0522,-13.226941694028644,13.781670295472734,-14.122311588572831
MB-0543,-15.716917950304076,-10.255150944812737,-37.879097034420326
MB-0646,-0.19074982894404816,20.033063301176828,-9.127235542269219
MB-0293,-32.929505483728214,25.833431776461893,37.646972934148536
MB-0552,-26.545851523798635,19.747861517801333,-2.2549637752385316
MB-0260,0.13366041860587627,31.688681282029393,1.5510361262967738
MB-0256,1.0559123860414283,30.0606830296218,11.14543127550057
MB-0539,-33.43081650730434,4.48489334303557,-6.8969256093244
MB-0626,-1.2474401735243352,9.671996957670949,-32.65929308992794
MB-0211,-23.434571953700075,8.065865311345853,13.889186505226188
MB-0124,0.28464901522454783,16.99266574694957,11.809907676254808
MB-0510,-0.24640240181481404,10.377569270208557,-1.125933512275511
MB-0365,-31.70380374025992,5.283668534479786,10.89796824498636
MB-0290,1.1001413401217612,28.91764203173713,6.681206034627561
MB-0113,-1.9477890701405869,6.289687370690615,-6.110178966703764
MB-0620,-22.610589256789613,21.239261102685994,34.94799055376985
MB-0282,-11.091891815537478,27.097085342804334,31.752029509851887
MB-0228,-1.596487014971503,26.640621804064214,25.309189502139695
MB-0578,-5.763142389518765,22.57991085519566,29.98584083948542
MB-0479,-19.064000151989557,2.0365427720769294,-14.824177830438213
MB-0263,4.494878835788562,21.69427216033603,11.64453846863054
MB-0509,-17.040302152001214,6.053818998413851,8.770798085614485
MB-0110,-14.595669829808681,-2.265602530061658,41.8139669391795
MB-0279,-19.070414272937672,19.33284894733394,26.332076016250873
MB-0168,-17.834768341884416,17.991465378632842,20.6034094025947
MB-0588,-14.52993882550413,11.794250633413519,4.964760969689179
MB-0462,-33.700925373352426,4.272248361671059,3.841780853237618
MB-0262,-14.756140526781568,6.531745786377134,-1.2478239447532053
MB-0907,-28.183577203731364,0.11332573152065963,33.14914387416026
MB-0554,1.519833211737424,18.163141300561318,3.2696841447915737
MB-0418,19.401527677026582,-8.63619558115915,-6.168435168595743
MB-0193,16.453919017050296,20.29997821402794,-0.968919481038648
MB-0652,-13.56612281861675,11.412133681244992,-2.3649234037304203
MB-0638,-7.516348374006594,25.83277262016261,29.023534152225604
MB-0188,-11.342569914931312,10.661034219438774,-6.8606445889104375
MB-0617,-36.48535581656333,27.65879397854323,42.418629455705755
MB-7225,-17.035888355850584,-45.383695085932395,-0.48744273281477435
MB-7141,12.828186306012194,7.383550501134523,14.044127444259301
MB-7234,34.73018007407171,-9.367933110725117,-10.331814513352443
MB-7089,-39.63593593200401,-23.345611265084326,7.820515463617869
MB-7030,-31.357794710687063,-1.4801860125821764,10.277848725540437
MB-7004,9.478880482887348,21.322329077861966,20.60395023297328
MB-7119,-33.84101843054259,-36.35803861310047,-4.571028809060811
MB-7263,27.648141538465023,-2.068592662208571,-17.122007803389675
MB-7012,-41.38696870299368,-20.736149990375967,-23.03267571110578
MB-0174,-40.42688199471044,-24.15813211615945,23.838955478401616
MB-7182,6.151324670259798,-15.167348247978392,-13.225524571586666
MB-7039,-24.997348988850508,18.365426015404793,22.195065886115977
MB-3797,22.60884277310375,11.691938935328325,-22.105119011775486
MB-7112,-0.033750204022991434,11.375867844753428,-9.242511178952833
MB-0308,6.95177843994864,17.889835172778987,32.1304780910096
MB-7230,18.350185093226848,16.034332161080773,-1.593453761524894
MB-5452,28.96163963205973,-6.373919814060392,-1.2379485733231386
MB-6195,-0.15635278405659825,21.97769522441324,25.06569840344133
MB-6317,10.857064851112252,12.65981015996971,-14.118663765168396
MB-5460,2.0708749513044618,-5.09274665343232,-5.477181370513704
MB-5464,24.63103725054131,11.867407280635748,-8.78711515586843
MB-5552,-14.817466640565382,-18.128649166371428,-6.485273380089049
MB-5547,-15.058186425400795,-51.800965138911685,-18.226882329903923
MB-6189,25.40705836613608,2.5150456439659634,-7.51281732383371
MB-6122,-21.64535087034341,-5.731834726161225,2.896301760710424
MB-6192,-6.033351829846039,5.02120288348418,-11.926297711941942
MB-4820,33.58826496153554,11.490146943969055,-23.752990246424922
MB-5527,-33.83205401235202,-17.01796714289607,11.652625144350656
MB-5167,22.617966928750892,7.36440041046192,-10.69003340559562
MB-5465,-38.497178499521645,-2.727609356158903,-3.914456405968148
MB-5453,-10.32642621866731,0.0030204212493165003,21.43636805089126
MB-5471,-0.26446035444035426,9.109435377161155,2.219866779825017
MB-5127,21.66461633353568,2.5687618734917734,-15.165115940362448
MB-4313,53.84880233444612,-72.56902638000892,46.43733113730574
MB-4823,-12.61680686556442,-13.259959275343169,-9.480488291922194
